datetime,open,high,low,close,volume
1233546300000,4403.9,4405.35,4343.45,4376.85,0
1233553500000,4374.65,4381.0,4306.55,4307.7,0
1233560700000,4307.25,4315.1,4223.75,4237.25,0
1233567900000,4241.15,4250.4,4232.05,4240.2,0
1233632700000,4266.05,4327.45,4212.25,4215.05,0
1233639900000,4213.95,4277.65,4191.1,4258.6,0
1233647100000,4260.1,4332.75,4235.1,4246.2,0
1233654300000,4245.0,4253.6,4230.7,4247.0,0
1233719100000,4296.3,4347.55,4285.1,4342.15,0
1233726300000,4343.25,4351.8,4297.8,4312.75,0
1233733500000,4312.3,4324.8,4238.6,4262.8,0
1233740700000,4262.3,4263.15,4243.45,4249.95,0
1233805500000,4278.5,4284.65,4212.3,4238.9,0
1233812700000,4238.95,4246.0,4216.8,4221.95,0
1233819900000,4223.35,4260.0,4202.4,4238.55,0
1233827100000,4238.05,4249.7,4234.55,4247.45,0
1233891900000,4275.65,4315.3,4275.65,4306.5,0
1233899100000,4306.85,4339.1,4301.05,4333.3,0
1233906300000,4332.75,4350.2,4312.95,4335.3,0
1233913500000,4333.95,4342.8,4322.9,4324.65,0
1234151100000,4365.55,4424.05,4365.55,4392.35,0
1234158300000,4393.7,4413.1,4379.4,4405.9,0
1234165500000,4405.85,4469.65,4391.35,4463.05,0
1234172700000,4461.65,4463.95,4451.15,4459.05,0
1234237500000,4475.15,4567.25,4474.5,4567.25,0
1234244700000,4568.85,4596.6,4560.45,4562.55,0
1234251900000,4562.05,4571.35,4455.5,4510.9,0
1234259100000,4512.15,4522.5,4504.15,4520.05,0
1234323900000,4425.3,4461.55,4403.3,4438.9,0
1234331100000,4439.4,4463.15,4414.4,4459.45,0
1234338300000,4458.8,4513.3,4449.8,4500.55,0
1234345500000,4500.0,4516.75,4498.75,4515.75,0
1234410300000,4476.05,4501.2,4456.85,4483.9,0
1234417500000,4484.4,4530.0,4461.35,4505.55,0
1234424700000,4504.65,4506.1,4460.15,4467.55,0
1234431900000,4465.55,4473.1,4461.2,4466.7,0
1234496700000,4511.35,4576.9,4511.35,4574.7,0
1234503900000,4573.7,4575.45,4550.0,4558.6,0
1234511100000,4558.9,4602.15,4555.0,4568.4,0
1234518300000,4573.0,4573.0,4547.6,4551.35,0
1234755900000,4538.6,4551.75,4460.8,4471.9,0
1234763100000,4467.35,4467.35,4347.15,4386.55,0
1234770300000,4386.2,4386.2,4333.9,4351.45,0
1234777500000,4351.3,4361.75,4345.15,4360.5,0
1234842300000,4303.4,4303.4,4219.45,4228.85,0
1234849500000,4228.75,4246.3,4179.25,4186.4,0
1234856700000,4187.0,4191.05,4145.05,4159.55,0
1234863900000,4158.8,4179.6,4155.0,4177.15,0
1234928700000,4101.35,4180.55,4067.55,4068.1,0
1234935900000,4067.75,4133.4,4039.4,4129.3,0
1234943100000,4129.25,4143.1,4065.05,4067.6,0
1234950300000,4066.45,4089.2,4065.6,4087.05,0
1235015100000,4075.85,4157.5,4075.85,4108.2,0
1235022300000,4109.1,4117.65,4045.15,4064.15,0
1235029500000,4064.45,4077.3,4036.8,4053.95,0
1235036700000,4054.55,4061.3,4049.3,4061.3,0
1235101500000,4013.85,4013.85,3936.85,3962.2,0
1235108700000,3962.8,3998.1,3960.8,3967.9,0
1235115900000,3968.25,3970.05,3912.35,3927.25,0
1235123100000,3926.9,3954.85,3926.15,3944.35,0
1235447100000,3923.85,3923.85,3794.9,3829.65,0
1235454300000,3830.05,3887.6,3827.4,3879.1,0
1235461500000,3878.4,3918.8,3850.6,3879.6,0
1235468700000,3879.7,3886.6,3869.15,3876.7,0
1235533500000,3929.85,3966.5,3924.85,3946.05,0
1235540700000,3945.45,3976.05,3942.7,3969.35,0
1235547900000,3968.05,3973.3,3912.35,3912.5,0
1235555100000,3912.9,3912.9,3900.05,3900.05,0
1235619900000,3896.05,3907.95,3781.9,3811.85,0
1235627100000,3812.2,3817.35,3783.2,3813.85,0
1235634300000,3814.05,3844.15,3812.15,3833.25,0
1235641500000,3832.5,3841.15,3828.35,3840.25,0
1235706300000,3831.45,3871.3,3780.0,3780.5,0
1235713500000,3780.15,3802.55,3758.4,3793.5,0
1235720700000,3794.3,3897.95,3792.1,3885.9,0
1235727900000,3885.0,3905.45,3880.8,3903.2,0
1235965500000,3831.25,3831.25,3756.8,3778.45,0
1235972700000,3777.9,3798.7,3763.85,3774.8,0
1235979900000,3775.25,3775.55,3710.15,3714.75,0
1235987100000,3716.2,3718.3,3702.0,3704.1,0
1236051900000,3682.1,3737.45,3655.4,3705.7,0
1236059100000,3704.9,3750.5,3700.05,3719.9,0
1236066300000,3719.85,3742.0,3626.75,3630.0,0
1236073500000,3630.15,3635.0,3621.9,3627.65,0
1236138300000,3671.2,3689.45,3614.8,3629.7,0
1236145500000,3629.05,3638.3,3587.9,3636.95,0
1236152700000,3636.75,3652.15,3579.5,3590.0,0
1236159900000,3591.4,3593.15,3576.55,3583.25,0
1236224700000,3635.55,3667.35,3555.2,3571.05,0
1236231900000,3572.8,3575.5,3503.3,3509.45,0
1236239100000,3509.75,3513.4,3413.5,3448.95,0
1236246300000,3450.3,3458.0,3433.2,3436.4,0
1236311100000,3385.4,3513.15,3338.8,3501.0,0
1236318300000,3502.0,3541.0,3407.15,3440.1,0
1236325500000,3439.5,3482.5,3420.95,3460.05,0
1236332700000,3459.35,3465.9,3451.25,3461.6,0
1236570300000,3424.35,3446.75,3381.95,3389.55,0
1236577500000,3389.45,3392.35,3353.05,3377.05,0
1236584700000,3377.7,3383.75,3314.55,3338.15,0
1236591900000,3337.8,3345.45,3331.9,3344.35,0
1236829500000,3422.85,3462.3,3380.7,3396.35,0
1236836700000,3396.5,3441.45,3391.25,3430.6,0
1236843900000,3430.45,3467.75,3429.85,3449.0,0
1236851100000,3449.5,3449.5,3433.15,3437.25,0
1236915900000,3498.1,3608.9,3498.1,3604.1,0
1236923100000,3604.35,3632.3,3596.5,3631.3,0
1236930300000,3631.35,3638.4,3609.8,3636.75,0
1236937500000,3636.25,3646.65,3629.45,3646.65,0
1237175100000,3651.3,3708.55,3651.3,3676.4,0
1237182300000,3676.65,3699.85,3645.15,3699.25,0
1237189500000,3698.4,3747.75,3695.4,3739.8,0
1237196700000,3739.45,3742.65,3730.2,3737.75,0
1237261500000,3752.2,3783.25,3716.7,3745.25,0
1237268700000,3746.6,3768.3,3680.0,3681.8,0
1237275900000,3682.7,3686.15,3615.6,3641.2,0
1237283100000,3642.6,3657.25,3641.85,3650.25,0
1237347900000,3704.0,3775.3,3704.0,3754.45,0
1237355100000,3753.4,3775.0,3734.05,3749.45,0
1237362300000,3751.05,3777.4,3720.05,3734.4,0
1237369500000,3734.0,3734.0,3721.35,3724.3,0
1237434300000,3759.25,3802.1,3743.65,3748.5,0
1237441500000,3748.45,3763.15,3673.9,3693.95,0
1237448700000,3693.6,3773.05,3668.15,3765.5,0
1237455900000,3765.1,3769.3,3758.5,3766.5,0
1237520700000,3753.1,3753.1,3674.75,3708.25,0
1237527900000,3707.5,3709.85,3666.85,3669.7,0
1237535100000,3670.4,3721.6,3665.1,3680.95,0
1237542300000,3679.15,3693.35,3677.55,3684.6,0
1237779900000,3763.75,3772.65,3743.0,3755.9,0
1237787100000,3755.6,3834.2,3751.75,3834.2,0
1237794300000,3831.5,3963.65,3829.15,3950.45,0
1237801500000,3950.35,3955.3,3930.9,3947.6,0
1237866300000,4016.25,4184.65,4016.25,4170.5,0
1237873500000,4169.5,4184.35,4115.6,4144.45,0
1237880700000,4142.75,4166.5,4000.65,4018.25,0
1237887900000,4016.65,4017.4,3982.8,3995.1,0
1237952700000,4013.7,4114.95,3993.1,4067.0,0
1237959900000,4067.35,4108.75,4003.7,4025.75,0
1237967100000,4026.85,4140.45,4014.4,4139.5,0
1237974300000,4141.5,4144.95,4126.55,4141.2,0
1238039100000,4179.25,4217.95,4167.2,4196.8,0
1238046300000,4198.4,4249.35,4174.4,4242.9,0
1238053500000,4243.05,4311.7,4226.35,4293.8,0
1238060700000,4294.0,4294.0,4265.75,4267.9,0
1238125500000,4282.35,4393.95,4262.95,4353.45,0
1238132700000,4354.55,4414.1,4321.6,4393.2,0
1238139900000,4396.4,4409.7,4335.9,4408.2,0
1238147100000,4407.45,4423.65,4398.85,4418.05,0
1238384700000,4368.05,4368.05,4205.1,4219.05,0
1238391900000,4220.05,4223.05,4074.0,4095.1,0
1238399100000,4096.1,4104.55,4029.6,4031.1,0
1238406300000,4030.05,4049.2,4009.35,4041.4,0
1238471100000,4071.6,4105.35,3871.45,3927.15,0
1238478300000,3928.15,4129.4,3912.85,4091.25,0
1238485500000,4094.55,4213.15,4091.75,4138.1,0
1238492700000,4139.35,4152.75,4112.4,4119.55,0
1238557500000,4153.55,4154.75,4023.45,4097.85,0
1238564700000,4097.0,4196.45,4095.9,4151.05,0
1238571900000,4150.2,4220.85,4121.15,4220.85,0
1238579100000,4219.7,4225.85,4202.8,4213.55,0
1238643900000,4322.2,4444.65,4322.2,4420.05,0
1238651100000,4419.7,4468.9,4415.5,4468.1,0
1238658300000,4467.5,4489.85,4403.5,4424.15,0
1238665500000,4423.6,4437.75,4416.65,4425.75,0
1238989500000,4501.25,4610.65,4501.25,4551.65,0
1238996700000,4546.95,4560.15,4422.2,4510.6,0
1239003900000,4511.35,4527.5,4412.2,4482.9,0
1239011100000,4482.15,4509.2,4466.1,4504.1,0
1239162300000,4325.1,4340.45,4259.65,4298.4,0
1239169500000,4297.95,4389.75,4295.5,4385.75,0
1239176700000,4386.25,4504.4,4381.5,4464.5,0
1239183900000,4465.65,4503.3,4448.6,4496.45,0
1239248700000,4566.7,4593.45,4445.25,4534.1,0
1239255900000,4532.5,4632.0,4498.65,4616.1,0
1239263100000,4619.2,4639.5,4514.65,4576.2,0
1239270300000,4576.05,4594.65,4568.95,4574.0,0
1239594300000,4661.95,4807.65,4661.95,4791.3,0
1239601500000,4789.6,4822.85,4773.85,4800.05,0
1239608700000,4800.8,4869.3,4778.9,4823.1,0
1239615900000,4824.25,4824.25,4793.2,4810.5,0
1239767100000,4717.35,4884.6,4691.8,4883.95,0
1239774300000,4883.65,4927.3,4803.6,4898.8,0
1239781500000,4897.95,5036.65,4897.95,5035.85,0
1239788700000,5036.3,5104.15,5035.1,5101.2,0
1239853500000,5079.2,5169.2,5052.1,5080.1,0
1239860700000,5082.1,5096.25,4922.15,4930.5,0
1239867900000,4933.0,5087.45,4900.05,4903.1,0
1239875100000,4901.75,4916.15,4892.05,4907.05,0
1239939900000,4939.65,5168.6,4939.65,5159.35,0
1239947100000,5160.65,5193.3,5094.4,5118.0,0
1239954300000,5117.9,5173.6,5002.15,5045.25,0
1239961500000,5047.05,5103.35,5047.05,5099.35,0
1240199100000,5107.0,5201.9,5076.15,5166.55,0
1240206300000,5164.75,5188.0,5119.45,5170.3,0
1240213500000,5169.0,5177.7,4950.55,4985.9,0
1240220700000,4986.3,5045.9,4982.85,5024.0,0
1240285500000,4959.15,4959.15,4824.6,4890.9,0
1240292700000,4893.95,4956.3,4825.85,4949.6,0
1240299900000,4951.7,4960.65,4824.3,4849.8,0
1240307100000,4850.35,4862.05,4840.45,4853.8,0
1240371900000,4865.0,4964.75,4865.0,4943.95,0
1240379100000,4944.5,4948.9,4784.35,4784.35,0
1240386300000,4784.1,4841.75,4777.1,4822.3,0
1240393500000,4822.05,4823.2,4809.25,4815.85,0
1240458300000,4825.2,4844.35,4725.7,4801.9,0
1240465500000,4803.95,4912.55,4795.3,4881.0,0
1240472700000,4880.65,4963.55,4868.95,4958.05,0
1240479900000,4958.95,5013.9,4943.8,5011.05,0
1240544700000,4968.35,5061.4,4963.2,5016.55,0
1240551900000,5016.25,5092.3,5003.5,5087.5,0
1240559100000,5085.35,5151.2,5070.1,5134.6,0
1240566300000,5135.45,5137.3,5105.2,5107.6,0
1240803900000,5042.0,5223.75,5025.75,5212.15,0
1240811100000,5211.8,5288.7,5167.9,5194.1,0
1240818300000,5192.15,5224.95,5102.85,5189.95,0
1240825500000,5190.1,5193.3,5173.25,5173.25,0
1240890300000,5169.5,5231.9,5148.5,5151.6,0
1240897500000,5151.9,5164.45,5065.7,5069.95,0
1240904700000,5071.55,5072.7,4909.4,4917.3,0
1240911900000,4918.55,4950.9,4918.3,4930.9,0
1240976700000,4958.0,5066.7,4958.0,5017.4,0
1240983900000,5017.3,5061.25,4990.6,5020.2,0
1240991100000,5019.0,5139.9,5014.15,5139.9,0
1240998300000,5138.95,5158.05,5132.8,5144.8,0
1241408700000,5291.25,5415.25,5291.25,5363.85,0
1241415900000,5364.5,5439.35,5349.1,5437.25,0
1241423100000,5435.0,5514.2,5425.15,5505.85,0
1241430300000,5506.05,5509.55,5488.6,5497.7,0
1241495100000,5540.6,5616.2,5501.45,5603.65,0
1241502300000,5604.2,5626.3,5491.35,5491.35,0
1241509500000,5490.55,5624.05,5488.9,5591.2,0
1241516700000,5592.6,5602.9,5572.85,5594.1,0
1241581500000,5607.0,5613.85,5510.45,5526.95,0
1241588700000,5527.65,5628.75,5527.65,5622.15,0
1241595900000,5626.9,5649.4,5403.4,5418.35,0
1241603100000,5418.6,5478.3,5417.3,5474.3,0
1241667900000,5551.8,5578.3,5500.05,5500.55,0
1241675100000,5503.4,5563.85,5481.35,5532.55,0
1241682300000,5532.45,5582.8,5495.55,5578.75,0
1241689500000,5579.25,5591.15,5567.5,5591.15,0
1241754300000,5570.0,5570.0,5476.55,5520.3,0
1241761500000,5522.5,5541.25,5398.95,5402.0,0
1241768700000,5400.0,5418.65,5352.0,5418.65,0
1241775900000,5418.85,5426.65,5405.0,5414.75,0
1242013500000,5463.6,5531.25,5458.2,5489.15,0
1242020700000,5489.55,5516.85,5343.55,5375.85,0
1242027900000,5373.75,5388.2,5313.15,5340.15,0
1242035100000,5339.15,5355.95,5320.95,5354.1,0
1242099900000,5336.0,5403.8,5315.6,5376.65,0
1242107100000,5376.0,5465.05,5344.35,5453.35,0
1242114300000,5455.25,5588.15,5455.25,5583.35,0
1242121500000,5583.95,5611.95,5581.35,5594.7,0
1242186300000,5597.85,5628.25,5522.6,5611.0,0
1242193500000,5610.5,5617.3,5475.2,5524.7,0
1242200700000,5524.75,5622.9,5514.4,5535.0,0
1242207900000,5537.95,5542.0,5497.6,5526.6,0
1242272700000,5415.55,5462.6,5330.5,5455.8,0
1242279900000,5457.65,5482.8,5396.8,5413.85,0
1242287100000,5416.0,5511.05,5415.65,5493.0,0
1242294300000,5494.5,5515.95,5492.55,5500.85,0
1242359100000,5519.35,5653.25,5519.35,5639.25,0
1242366300000,5638.9,5695.55,5617.3,5638.85,0
1242373500000,5638.5,5719.45,5630.9,5690.65,0
1242380700000,5692.4,5708.5,5687.35,5706.2,0
1242618300000,6552.55,6573.3,6552.55,6573.3,0
1242625500000,6573.65,6822.9,6573.65,6766.55,0
1242704700000,7129.65,7206.15,6603.05,7134.2,0
1242711900000,7133.9,7525.45,7118.5,7525.45,0
1242719100000,7534.7,7567.9,7258.45,7268.0,0
1242726300000,7265.5,7281.05,7187.55,7187.55,0
1242791100000,7168.75,7314.0,7093.15,7302.55,0
1242798300000,7301.05,7301.95,7125.1,7191.0,0
1242805500000,7193.3,7212.35,7100.95,7157.7,0
1242812700000,7155.55,7155.8,7119.95,7128.75,0
1242877500000,7124.4,7124.4,6961.55,6999.3,0
1242884700000,7001.1,7215.7,6980.2,7144.45,0
1242891900000,7146.05,7152.3,6929.6,6938.45,0
1242899100000,6939.5,6948.65,6904.6,6912.6,0
1242963900000,6856.8,7000.1,6836.55,6902.35,0
1242971100000,6908.15,6949.25,6819.85,6914.3,0
1242978300000,6915.15,7065.7,6915.15,7032.35,0
1242985500000,7028.55,7043.95,7012.05,7024.75,0
1243223100000,7033.7,7094.1,6964.55,7029.85,0
1243230300000,7029.55,7100.55,6990.4,7008.85,0
1243237500000,7008.1,7083.25,6992.4,7055.6,0
1243244700000,7054.9,7065.05,7048.3,7051.85,0
1243309500000,7072.7,7116.0,7024.75,7027.4,0
1243316700000,7027.1,7142.05,6950.65,6960.6,0
1243323900000,6956.6,6977.95,6813.1,6840.9,0
1243331100000,6842.95,6892.35,6842.95,6874.45,0
1243395900000,7013.8,7136.9,7013.8,7126.15,0
1243403100000,7124.0,7182.9,7100.3,7168.5,0
1243410300000,7164.9,7234.05,7123.2,7209.25,0
1243417500000,7208.65,7217.45,7194.6,7199.55,0
1243482300000,7202.35,7231.45,7143.4,7201.75,0
1243489500000,7200.7,7245.15,7144.6,7227.5,0
1243496700000,7227.75,7376.05,7211.45,7343.9,0
1243503900000,7344.65,7344.65,7316.6,7323.4,0
1243568700000,7373.9,7456.1,7362.9,7456.1,0
1243575900000,7454.6,7490.15,7403.15,7465.15,0
1243583100000,7466.95,7496.75,7385.95,7385.95,0
1243590300000,7380.15,7425.0,7371.7,7414.7,0
1243827900000,7559.3,7559.3,7320.6,7325.1,0
1243835100000,7325.15,7385.25,7287.15,7364.75,0
1243842300000,7365.1,7391.05,7308.1,7345.95,0
1243849500000,7346.3,7381.15,7346.3,7376.0,0
1243914300000,7399.9,7452.65,7229.8,7245.65,0
1243921500000,7247.8,7295.0,7137.5,7137.5,0
1243928700000,7135.6,7365.35,7134.5,7308.4,0
1243935900000,7309.5,7378.15,7309.5,7378.15,0
1244000700000,7361.35,7425.65,7306.45,7373.95,0
1244007900000,7378.3,7379.1,7257.35,7268.65,0
1244015100000,7271.35,7281.45,7187.45,7275.3,0
1244022300000,7273.5,7278.25,7244.55,7244.55,0
1244087100000,7176.8,7198.8,7127.7,7161.4,0
1244094300000,7159.75,7311.1,7111.95,7310.0,0
1244101500000,7308.6,7362.35,7241.55,7350.8,0
1244108700000,7350.25,7362.55,7329.75,7350.0,0
1244173500000,7418.8,7440.45,7341.3,7396.6,0
1244180700000,7398.55,7440.75,7347.7,7411.05,0
1244187900000,7411.7,7448.7,7308.85,7331.2,0
1244195100000,7328.7,7353.6,7323.85,7349.35,0
1244432700000,7322.1,7362.15,7150.2,7181.5,0
1244439900000,7182.25,7194.35,7086.0,7093.1,0
1244447100000,7095.4,7104.65,6961.6,6961.6,0
1244454300000,6957.35,6971.45,6938.55,6966.85,0
1244519100000,6909.5,7108.35,6909.5,7093.1,0
1244526300000,7092.25,7207.05,7070.6,7163.15,0
1244533500000,7164.4,7201.35,7141.25,7159.6,0
1244540700000,7158.9,7206.75,7157.95,7195.1,0
1244605500000,7230.2,7386.2,7230.2,7370.1,0
1244612700000,7368.8,7368.8,7280.9,7352.4,0
1244619900000,7352.95,7402.0,7297.55,7336.3,0
1244627100000,7336.2,7362.45,7331.5,7349.9,0
1244691900000,7368.85,7368.85,7227.5,7282.5,0
1244699100000,7282.4,7359.3,7176.4,7204.2,0
1244706300000,7205.3,7281.0,7196.85,7240.1,0
1244713500000,7241.8,7266.3,7236.65,7242.55,0
1244778300000,7334.55,7338.05,7271.95,7286.75,0
1244785500000,7286.8,7321.75,7131.4,7162.2,0
1244792700000,7163.3,7175.35,7070.35,7087.4,0
1244799900000,7086.8,7088.05,7063.85,7074.4,0
1245037500000,7013.55,7192.85,6986.05,7179.5,0
1245044700000,7180.6,7182.7,7082.3,7104.6,0
1245051900000,7105.35,7153.25,7031.5,7068.35,0
1245059100000,7068.1,7136.05,7066.85,7136.05,0
1245123900000,7037.35,7193.55,6970.6,7185.8,0
1245131100000,7185.9,7233.65,7143.35,7190.05,0
1245138300000,7188.85,7295.05,7167.5,7263.75,0
1245145500000,7259.95,7278.6,7249.95,7257.7,0
1245210300000,7275.1,7282.0,7209.25,7238.8,0
1245217500000,7239.85,7339.25,7234.85,7289.65,0
1245224700000,7289.2,7290.35,7082.4,7082.4,0
1245231900000,7081.25,7081.25,7032.6,7062.3,0
1245296700000,7082.75,7136.7,6996.05,7093.4,0
1245303900000,7093.5,7251.95,7074.65,7103.45,0
1245311100000,7101.8,7122.55,6967.0,7083.3,0
1245318300000,7082.8,7106.1,7078.75,7106.1,0
1245383100000,7147.95,7224.2,7099.55,7174.5,0
1245390300000,7174.55,7199.4,7063.25,7119.95,0
1245397500000,7119.35,7245.8,7017.0,7245.4,0
1245404700000,7243.4,7262.0,7230.35,7232.55,0
1245642300000,7261.5,7384.6,7261.5,7365.6,0
1245649500000,7368.1,7402.85,7276.0,7296.8,0
1245656700000,7298.4,7321.95,7200.8,7215.8,0
1245663900000,7213.25,7239.7,7196.95,7200.55,0
1245728700000,7108.0,7129.45,6989.1,7021.8,0
1245735900000,7022.75,7117.3,7009.2,7101.0,0
1245743100000,7101.2,7120.15,7001.2,7103.5,0
1245750300000,7101.8,7102.15,7049.2,7071.95,0
1245815100000,7147.1,7147.1,7015.4,7057.0,0
1245822300000,7057.05,7093.45,7050.55,7078.85,0
1245829500000,7078.55,7144.35,7074.95,7102.75,0
1245836700000,7105.5,7110.25,7091.9,7096.6,0
1245901500000,7158.95,7193.3,7138.35,7163.5,0
1245908700000,7163.25,7228.2,7113.3,7208.2,0
1245915900000,7207.65,7239.95,7100.25,7118.15,0
1245923100000,7119.55,7140.75,7115.8,7136.45,0
1245987900000,7182.2,7226.7,7160.0,7221.55,0
1245995100000,7220.15,7266.65,7186.65,7265.25,0
1246002300000,7265.65,7417.5,7254.4,7405.65,0
1246009500000,7404.05,7405.55,7380.65,7391.6,0
1246247100000,7446.45,7462.85,7381.8,7451.3,0
1246254300000,7451.35,7539.55,7447.55,7535.1,0
1246261500000,7538.45,7626.95,7502.75,7510.05,0
1246268700000,7507.5,7516.35,7467.7,7484.15,0
1246333500000,7538.65,7577.6,7453.15,7460.55,0
1246340700000,7459.9,7484.85,7359.25,7369.5,0
1246347900000,7371.55,7391.1,7303.35,7318.1,0
1246355100000,7320.05,7362.3,7317.7,7356.55,0
1246419900000,7325.1,7422.65,7314.5,7349.35,0
1246427100000,7345.75,7465.45,7270.3,7443.4,0
1246434300000,7441.9,7484.25,7401.15,7462.3,0
1246441500000,7463.45,7466.1,7436.0,7447.3,0
1246506300000,7466.6,7468.7,7381.15,7417.4,0
1246513500000,7417.7,7462.75,7303.95,7323.7,0
1246520700000,7322.95,7432.3,7285.85,7384.1,0
1246527900000,7383.4,7402.25,7368.45,7372.45,0
1246592700000,7344.55,7430.45,7318.45,7421.55,0
1246599900000,7420.8,7509.3,7397.55,7508.65,0
1246607100000,7507.05,7586.7,7446.15,7570.65,0
1246614300000,7569.25,7570.5,7544.45,7561.05,0
1246851900000,7566.05,7680.25,7566.05,7677.25,0
1246859100000,7677.1,7711.4,7080.7,7128.65,0
1246866300000,7127.25,7128.8,6859.9,6942.55,0
1246873500000,6941.35,6995.1,6897.55,6976.05,0
1246938300000,7007.2,7087.45,6903.85,6996.45,0
1246945500000,6996.9,7005.55,6915.85,6944.4,0
1246952700000,6944.25,6992.6,6873.75,6943.35,0
1246959900000,6942.0,6967.95,6932.2,6941.8,0
1247024700000,6870.25,6870.25,6659.35,6681.0,0
1247031900000,6682.55,6744.65,6619.3,6698.15,0
1247039100000,6700.85,6763.3,6642.5,6672.95,0
1247046300000,6668.55,6678.4,6651.65,6653.85,0
1247111100000,6654.7,6724.55,6550.7,6574.95,0
1247118300000,6577.0,6747.8,6542.4,6708.3,0
1247125500000,6707.55,6727.85,6649.5,6663.25,0
1247132700000,6663.05,6681.1,6662.4,6669.65,0
1247197500000,6673.95,6729.2,6651.35,6651.35,0
1247204700000,6653.15,6749.65,6653.15,6706.0,0
1247211900000,6707.8,6761.3,6480.15,6480.15,0
1247219100000,6478.95,6520.2,6469.0,6492.85,0
1247456700000,6456.9,6501.65,6393.5,6454.35,0
1247463900000,6456.55,6483.4,6400.65,6479.95,0
1247471100000,6480.2,6536.55,6440.85,6536.55,0
1247478300000,6538.8,6565.4,6532.6,6552.65,0
1247543100000,6649.5,6766.8,6649.5,6760.8,0
1247550300000,6759.85,6787.15,6689.45,6735.3,0
1247557500000,6734.05,6764.25,6680.1,6744.6,0
1247564700000,6742.2,6783.7,6742.2,6782.7,0
1247629500000,6827.75,6852.65,6754.1,6762.5,0
1247636700000,6763.55,6838.9,6736.55,6823.3,0
1247643900000,6825.35,6939.65,6800.15,6926.2,0
1247651100000,6926.0,6979.3,6924.15,6970.85,0
1247715900000,7028.5,7066.1,6952.85,6952.85,0
1247723100000,6953.45,6970.35,6859.3,6934.05,0
1247730300000,6932.85,6975.0,6865.15,6904.05,0
1247737500000,6906.4,6933.35,6902.15,6921.3,0
1247802300000,6897.2,7071.65,6897.2,7058.65,0
1247809500000,7057.85,7188.1,7057.55,7162.1,0
1247816700000,7162.2,7243.4,7161.45,7233.5,0
1247823900000,7233.45,7253.3,7225.8,7239.45,0
1248061500000,7273.95,7323.05,7239.4,7297.6,0
1248068700000,7297.0,7434.0,7261.45,7423.4,0
1248075900000,7424.4,7540.55,7420.75,7523.55,0
1248083100000,7525.6,7546.35,7518.65,7530.15,0
1248147900000,7547.5,7547.5,7417.05,7484.85,0
1248155100000,7485.8,7508.95,7391.3,7427.35,0
1248162300000,7427.7,7514.15,7385.55,7425.0,0
1248169500000,7425.6,7438.85,7412.7,7431.05,0
1248234300000,7464.9,7595.55,7464.9,7589.0,0
1248241500000,7588.7,7614.75,7381.1,7381.1,0
1248248700000,7376.15,7388.4,7289.85,7320.05,0
1248255900000,7319.3,7376.15,7317.3,7372.25,0
1248320700000,7421.35,7513.75,7421.35,7453.05,0
1248327900000,7453.5,7459.95,7369.3,7418.55,0
1248335100000,7416.85,7490.75,7377.25,7467.45,0
1248342300000,7466.85,7473.15,7453.9,7458.55,0
1248407100000,7536.85,7552.6,7412.85,7432.25,0
1248414300000,7434.1,7434.1,7351.3,7412.15,0
1248421500000,7412.75,7464.85,7365.15,7366.6,0
1248428700000,7366.8,7394.55,7365.75,7386.2,0
1248666300000,7441.6,7485.75,7409.6,7477.15,0
1248673500000,7477.45,7477.45,7343.4,7369.6,0
1248680700000,7372.35,7417.85,7347.7,7397.8,0
1248687900000,7399.25,7406.25,7393.4,7393.4,0
1248752700000,7419.3,7430.2,7276.8,7293.95,0
1248759900000,7284.75,7357.45,7261.3,7301.6,0
1248767100000,7300.95,7358.95,7286.55,7306.4,0
1248774300000,7304.5,7319.3,7295.3,7305.95,0
1248839100000,7225.05,7282.3,7225.05,7259.05,0
1248846300000,7258.55,7288.3,7092.05,7152.05,0
1248853500000,7150.45,7240.65,7147.4,7226.4,0
1248860700000,7228.6,7231.25,7201.85,7205.75,0
1248925500000,7208.0,7254.5,7178.25,7251.0,0
1248932700000,7250.75,7301.85,7215.0,7278.05,0
1248939900000,7278.1,7373.3,7269.9,7368.05,0
1248947100000,7368.75,7428.55,7368.75,7408.55,0
1249011900000,7472.05,7610.7,7472.05,7601.85,0
1249019100000,7602.0,7611.7,7562.1,7599.75,0
1249026300000,7602.15,7610.4,7499.95,7553.65,0
1249033500000,7550.0,7566.15,7547.7,7551.75,0
1249271100000,7564.05,7595.4,7526.3,7590.6,0
1249278300000,7590.7,7598.4,7514.7,7545.9,0
1249285500000,7548.5,7653.2,7536.95,7650.4,0
1249292700000,7650.35,7673.7,7638.95,7671.3,0
1249357500000,7656.65,7703.25,7607.7,7651.7,0
1249364700000,7651.8,7720.35,7644.6,7683.55,0
1249371900000,7684.8,7696.0,7571.9,7621.25,0
1249379100000,7619.75,7643.5,7611.85,7611.85,0
1249443900000,7642.0,7656.2,7545.9,7571.7,0
1249451100000,7570.75,7598.3,7516.0,7553.5,0
1249458300000,7553.35,7636.75,7550.0,7593.15,0
1249465500000,7593.75,7608.5,7584.35,7592.95,0
1249530300000,7596.4,7625.0,7543.05,7598.2,0
1249537500000,7598.15,7665.15,7596.8,7654.15,0
1249544700000,7655.05,7690.95,7451.35,7476.35,0
1249551900000,7475.8,7482.0,7445.35,7466.2,0
1249616700000,7394.7,7461.45,7320.05,7355.4,0
1249623900000,7354.7,7370.0,7271.0,7289.65,0
1249631100000,7289.85,7310.45,7226.7,7246.85,0
1249638300000,7248.25,7258.3,7231.1,7249.4,0
1249875900000,7363.6,7387.65,7150.2,7168.4,0
1249883100000,7166.2,7278.95,7126.85,7263.15,0
1249890300000,7265.85,7276.25,7153.75,7166.9,0
1249897500000,7165.5,7178.9,7131.55,7137.55,0
1249962300000,7161.25,7253.65,7129.0,7223.65,0
1249969500000,7225.5,7251.85,7188.75,7236.5,0
1249976700000,7238.85,7290.35,7143.55,7219.95,0
1249983900000,7219.8,7230.65,7206.8,7222.45,0
1250048700000,7144.05,7147.15,7045.5,7057.0,0
1250055900000,7057.25,7085.2,6988.55,7022.25,0
1250063100000,7022.2,7176.95,7008.45,7160.35,0
1250070300000,7160.05,7196.3,7157.85,7191.5,0
1250135100000,7293.4,7383.95,7293.4,7371.85,0
1250142300000,7370.75,7406.5,7359.55,7405.6,0
1250149500000,7406.35,7477.95,7348.9,7467.1,0
1250156700000,7465.7,7489.25,7459.65,7487.05,0
1250221500000,7502.95,7502.95,7405.2,7441.95,0
1250228700000,7441.75,7448.0,7373.35,7423.6,0
1250235900000,7423.75,7455.5,7387.85,7413.7,0
1250243100000,7414.35,7423.65,7400.3,7410.55,0
1250480700000,7311.9,7311.9,7227.8,7242.75,0
1250487900000,7243.5,7250.15,7179.35,7179.35,0
1250495100000,7180.3,7186.6,7085.25,7115.95,0
1250502300000,7116.25,7129.25,7090.95,7125.4,0
1250567100000,7111.2,7242.4,7098.65,7224.4,0
1250574300000,7223.3,7291.9,7197.7,7265.9,0
1250581500000,7264.0,7267.05,7163.05,7206.6,0
1250588700000,7203.8,7215.8,7193.4,7208.75,0
1250653500000,7214.8,7241.4,7089.05,7090.65,0
1250660700000,7092.5,7108.65,6998.8,7049.3,0
1250667900000,7048.45,7152.7,7032.5,7092.9,0
1250675100000,7094.2,7138.3,7084.25,7123.1,0
1250739900000,7168.55,7265.3,7168.55,7237.75,0
1250747100000,7238.4,7298.85,7234.75,7288.3,0
1250754300000,7287.7,7308.65,7244.75,7264.05,0
1250761500000,7266.6,7267.25,7241.25,7261.9,0
1250826300000,7249.8,7249.8,7145.85,7182.8,0
1250833500000,7183.25,7302.85,7181.8,7296.25,0
1250840700000,7294.5,7404.7,7266.7,7382.2,0
1250847900000,7382.3,7390.95,7356.75,7365.75,0
1251085500000,7472.6,7535.8,7472.6,7510.6,0
1251092700000,7509.55,7536.1,7500.95,7525.85,0
1251099900000,7526.0,7533.7,7475.75,7509.6,0
1251107100000,7511.55,7514.5,7474.8,7477.75,0
1251171900000,7506.95,7506.95,7385.75,7395.45,0
1251179100000,7398.55,7470.2,7366.0,7446.0,0
1251186300000,7445.5,7456.25,7392.3,7423.95,0
1251193500000,7424.7,7430.05,7412.65,7421.7,0
1251258300000,7466.25,7489.45,7437.9,7458.45,0
1251265500000,7458.6,7458.6,7392.8,7420.5,0
1251272700000,7419.85,7442.35,7385.5,7423.15,0
1251279900000,7424.9,7429.8,7413.4,7429.8,0
1251344700000,7395.5,7414.6,7374.4,7392.65,0
1251351900000,7393.35,7438.05,7381.8,7413.2,0
1251359100000,7417.8,7423.7,7366.85,7375.85,0
1251366300000,7375.95,7408.3,7373.25,7408.3,0
1251431100000,7407.55,7453.3,7399.5,7441.7,0
1251438300000,7441.95,7454.3,7377.9,7398.0,0
1251445500000,7398.05,7520.35,7393.45,7486.05,0
1251452700000,7486.3,7486.7,7465.5,7468.3,0
1251690300000,7382.0,7449.15,7382.0,7443.6,0
1251697500000,7443.7,7470.6,7400.75,7415.85,0
1251704700000,7417.3,7448.0,7377.3,7433.75,0
1251711900000,7436.5,7438.1,7425.95,7433.3,0
1251776700000,7459.6,7575.0,7459.6,7571.2,0
1251783900000,7570.75,7577.4,7542.9,7554.9,0
1251791100000,7554.1,7555.75,7343.0,7385.05,0
1251798300000,7390.75,7398.6,7371.05,7371.05,0
1251863100000,7326.9,7395.65,7292.7,7335.95,0
1251870300000,7333.2,7392.5,7330.5,7356.4,0
1251877500000,7355.5,7368.65,7330.45,7332.05,0
1251884700000,7333.3,7343.2,7324.55,7335.35,0
1251949500000,7358.0,7402.4,7324.7,7394.3,0
1251956700000,7396.0,7423.4,7382.3,7408.95,0
1251963900000,7407.65,7410.95,7336.6,7339.35,0
1251971100000,7339.75,7361.0,7334.75,7353.95,0
1252035900000,7382.35,7403.15,7349.85,7363.5,0
1252043100000,7365.05,7419.05,7346.3,7414.4,0
1252050300000,7416.25,7468.45,7400.25,7435.8,0
1252057500000,7432.5,7453.4,7430.55,7450.5,0
1252295100000,7503.15,7546.2,7495.4,7533.25,0
1252302300000,7533.65,7562.55,7523.05,7555.85,0
1252309500000,7556.15,7659.75,7556.15,7639.5,0
1252316700000,7641.65,7662.45,7641.65,7660.9,0
1252381500000,7692.2,7724.9,7674.8,7696.6,0
1252388700000,7696.3,7743.1,7655.4,7727.65,0
1252395900000,7726.45,7775.1,7671.9,7716.45,0
1252403100000,7717.75,7720.3,7685.9,7701.6,0
1252467900000,7694.65,7746.8,7688.75,7746.15,0
1252475100000,7744.5,7761.15,7710.25,7725.4,0
1252482300000,7723.6,7790.55,7702.8,7779.8,0
1252489500000,7779.25,7784.4,7769.65,7777.05,0
1252554300000,7862.05,7944.65,7862.05,7916.1,0
1252561500000,7915.65,7925.1,7861.2,7861.2,0
1252568700000,7860.5,7913.2,7811.25,7821.25,0
1252575900000,7820.75,7828.4,7798.3,7798.65,0
1252640700000,7928.0,7928.0,7814.55,7828.5,0
1252647900000,7828.75,7885.4,7803.15,7819.45,0
1252655100000,7817.25,7910.2,7814.0,7904.55,0
1252662300000,7905.25,7931.9,7904.05,7928.3,0
1252899900000,7879.45,7957.85,7877.95,7948.8,0
1252907100000,7947.6,7997.45,7934.3,7991.1,0
1252914300000,7991.55,8005.05,7959.15,7983.65,0
1252921500000,7983.75,8003.25,7983.75,8000.05,0
1252986300000,8000.4,8151.1,8000.4,8141.25,0
1252993500000,8142.0,8158.75,8133.8,8138.85,0
1253000700000,8139.65,8214.6,8138.35,8214.35,0
1253007900000,8214.2,8225.3,8198.35,8203.7,0
1253072700000,8290.45,8334.25,8273.75,8312.25,0
1253079900000,8311.95,8332.4,8292.75,8299.5,0
1253087100000,8298.65,8373.85,8291.05,8362.65,0
1253094300000,8362.0,8374.85,8351.6,8373.45,0
1253159100000,8446.1,8495.95,8424.05,8475.95,0
1253166300000,8475.9,8481.15,8409.35,8427.9,0
1253173500000,8427.65,8464.15,8413.05,8443.2,0
1253180700000,8444.2,8444.6,8398.7,8404.25,0
1253245500000,8434.7,8434.7,8359.55,8392.7,0
1253252700000,8392.35,8397.65,8292.15,8313.55,0
1253259900000,8314.35,8389.8,8304.15,8376.05,0
1253267100000,8374.75,8403.1,8366.3,8392.75,0
1253591100000,8377.8,8456.9,8369.15,8436.45,0
1253598300000,8436.3,8442.55,8410.05,8430.85,0
1253605500000,8429.8,8457.3,8416.0,8431.7,0
1253612700000,8431.85,8465.35,8429.95,8455.85,0
1253677500000,8478.25,8490.15,8435.55,8480.35,0
1253684700000,8479.35,8529.55,8458.25,8526.2,0
1253691900000,8525.55,8534.65,8406.15,8430.05,0
1253699100000,8427.75,8433.0,8414.4,8424.75,0
1253763900000,8355.7,8402.2,8341.1,8370.15,0
1253771100000,8368.55,8436.7,8362.35,8392.65,0
1253778300000,8392.1,8561.7,8389.2,8540.9,0
1253785500000,8537.85,8570.1,8527.35,8561.1,0
1253850300000,8485.15,8548.85,8444.9,8530.55,0
1253857500000,8529.65,8547.0,8508.55,8519.2,0
1253864700000,8518.25,8521.35,8436.95,8459.65,0
1253871900000,8457.55,8461.4,8446.75,8447.25,0
1254195900000,8490.4,8567.05,8490.4,8535.1,0
1254203100000,8535.15,8540.6,8472.3,8489.95,0
1254210300000,8489.1,8507.1,8465.9,8476.3,0
1254217500000,8473.6,8498.75,8468.0,8487.85,0
1254282300000,8513.05,8611.25,8487.6,8609.85,0
1254289500000,8609.6,8672.9,8609.6,8670.25,0
1254296700000,8672.65,8814.2,8671.05,8814.2,0
1254303900000,8815.15,8828.05,8796.45,8821.3,0
1254368700000,8835.3,8889.95,8787.0,8869.55,0
1254375900000,8870.35,8890.4,8836.65,8879.95,0
1254383100000,8879.65,8911.75,8820.0,8855.8,0
1254390300000,8851.8,8868.3,8835.35,8844.25,0
1254714300000,8765.9,8782.9,8712.3,8728.75,0
1254721500000,8728.0,8789.2,8722.05,8727.15,0
1254728700000,8727.05,8744.6,8666.85,8666.85,0
1254735900000,8666.7,8668.35,8631.95,8651.85,0
1254800700000,8709.65,8757.45,8583.7,8629.5,0
1254807900000,8626.25,8631.05,8555.0,8626.35,0
1254815100000,8627.15,8816.5,8619.05,8803.65,0
1254822300000,8804.75,8820.0,8791.7,8796.85,0
1254887100000,8827.3,8958.75,8827.3,8948.1,0
1254894300000,8950.45,8971.5,8817.3,8829.75,0
1254901500000,8832.35,8876.8,8757.1,8766.4,0
1254908700000,8764.7,8764.7,8724.75,8738.7,0
1254973500000,8790.95,8793.1,8720.25,8750.5,0
1254980700000,8750.1,8881.95,8750.1,8873.1,0
1254987900000,8872.9,8878.3,8818.2,8833.9,0
1254995100000,8835.6,8843.7,8832.35,8841.2,0
1255059900000,8827.85,8861.2,8732.0,8764.65,0
1255067100000,8765.45,8767.3,8675.6,8725.75,0
1255074300000,8725.4,8731.65,8658.15,8700.2,0
1255081500000,8697.0,8716.8,8692.05,8694.15,0
1255319100000,8720.7,8799.6,8698.55,8789.85,0
1255326300000,8790.75,8795.55,8750.35,8755.85,0
1255333500000,8756.6,8981.3,8752.15,8961.85,0
1255340700000,8960.6,8968.65,8936.7,8963.85,0
1255491900000,8984.1,9093.05,8984.1,9081.0,0
1255499100000,9081.35,9121.4,9059.15,9086.55,0
1255506300000,9086.75,9155.75,9075.0,9142.05,0
1255513500000,9142.25,9166.75,9141.75,9159.25,0
1255578300000,9157.1,9235.8,9157.1,9192.05,0
1255585500000,9190.7,9250.3,9155.25,9186.35,0
1255592700000,9182.45,9306.75,9181.75,9304.6,0
1255599900000,9309.35,9313.9,9295.4,9307.15,0
1255664700000,9312.8,9506.1,9259.9,9505.85,0
1255671900000,9508.05,9526.85,9478.3,9506.05,0
1255679100000,9506.15,9551.45,9499.45,9523.25,0
1255686300000,9519.9,9555.9,9506.45,9548.7,0
1256010300000,9548.05,9630.35,9538.85,9570.85,0
1256017500000,9571.4,9614.75,9534.5,9534.5,0
1256024700000,9532.8,9537.75,9429.8,9466.2,0
1256031900000,9464.95,9490.4,9464.95,9483.5,0
1256096700000,9395.0,9453.75,9355.9,9390.75,0
1256103900000,9386.45,9395.7,9335.95,9343.05,0
1256111100000,9342.95,9347.85,9267.4,9269.3,0
1256118300000,9269.2,9279.55,9259.75,9263.9,0
1256183100000,9244.5,9244.5,9140.6,9218.95,0
1256190300000,9217.85,9250.0,9143.5,9149.35,0
1256197500000,9151.3,9180.45,9057.1,9072.3,0
1256204700000,9069.25,9129.15,9069.25,9116.0,0
1256269500000,9189.1,9240.1,9189.1,9207.65,0
1256276700000,9207.9,9261.6,9185.6,9234.9,0
1256283900000,9235.95,9250.4,9131.05,9187.4,0
1256291100000,9186.25,9210.0,9185.75,9190.5,0
1256528700000,9193.2,9225.2,9073.15,9125.95,0
1256535900000,9126.75,9131.55,9071.2,9106.35,0
1256543100000,9105.5,9159.95,9014.1,9024.25,0
1256550300000,9027.9,9039.55,9025.45,9038.0,0
1256615100000,8948.3,9081.0,8933.6,9060.6,0
1256622300000,9060.45,9100.35,8715.05,8742.75,0
1256629500000,8743.7,8799.65,8661.6,8707.6,0
1256636700000,8711.35,8711.35,8683.65,8687.0,0
1256701500000,8652.1,8652.1,8410.95,8512.9,0
1256708700000,8513.25,8680.9,8486.3,8611.9,0
1256715900000,8611.05,8641.45,8534.75,8610.2,0
1256723100000,8615.8,8659.65,8615.8,8620.3,0
1256787900000,8541.65,8552.75,8419.75,8517.35,0
1256795100000,8517.7,8517.7,8446.55,8475.8,0
1256802300000,8478.05,8546.9,8370.15,8409.95,0
1256809500000,8412.85,8449.1,8408.45,8441.0,0
1256874300000,8476.95,8720.35,8476.95,8709.65,0
1256881500000,8709.6,8728.05,8557.3,8593.15,0
1256888700000,8592.3,8632.2,8411.15,8452.3,0
1256895900000,8452.15,8462.45,8414.05,8427.15,0
1257219900000,8372.1,8506.8,8349.5,8396.25,0
1257227100000,8397.55,8465.55,8361.65,8398.65,0
1257234300000,8398.5,8438.65,8221.0,8242.15,0
1257241500000,8242.05,8272.6,8207.75,8222.3,0
1257306300000,8330.5,8433.6,8267.95,8390.85,0
1257313500000,8389.7,8422.65,8332.4,8385.05,0
1257320700000,8387.05,8517.55,8374.25,8504.5,0
1257327900000,8506.1,8521.1,8481.2,8501.65,0
1257392700000,8521.55,8521.55,8352.7,8424.0,0
1257399900000,8423.1,8429.4,8319.5,8347.65,0
1257407100000,8348.4,8563.2,8337.15,8555.7,0
1257414300000,8556.95,8564.25,8528.5,8538.55,0
1257479100000,8612.3,8773.6,8612.3,8772.65,0
1257486300000,8774.65,8777.9,8686.1,8708.4,0
1257493500000,8709.9,8780.0,8695.1,8709.0,0
1257500700000,8706.75,8736.4,8685.8,8729.2,0
1257738300000,8750.7,8861.0,8750.7,8850.1,0
1257745500000,8853.25,8967.2,8806.55,8954.9,0
1257752700000,8955.8,9136.6,8943.15,9133.1,0
1257759900000,9135.15,9150.75,9134.9,9143.05,0
1257824700000,9182.0,9267.1,9182.0,9219.65,0
1257831900000,9220.35,9267.45,9147.9,9172.3,0
1257839100000,9168.3,9213.75,9124.0,9174.1,0
1257846300000,9175.1,9188.45,9162.2,9173.2,0
1257911100000,9147.65,9190.0,9095.65,9181.45,0
1257918300000,9179.75,9260.55,9169.55,9233.5,0
1257925500000,9234.15,9345.9,9219.85,9321.6,0
1257932700000,9322.05,9355.4,9321.1,9346.75,0
1257997500000,9323.75,9332.65,9204.4,9208.1,0
1258004700000,9204.95,9245.65,9166.4,9190.0,0
1258011900000,9190.15,9205.4,9024.9,9054.5,0
1258019100000,9055.7,9121.2,9052.45,9116.35,0
1258083900000,9055.85,9187.3,9055.85,9134.75,0
1258091100000,9134.55,9215.75,9118.75,9162.15,0
1258098300000,9160.5,9201.05,9128.75,9146.25,0
1258105500000,9146.15,9165.2,9145.5,9149.55,0
1258343100000,9201.85,9335.65,9201.85,9308.55,0
1258350300000,9305.8,9339.1,9296.65,9313.35,0
1258357500000,9314.5,9325.9,9255.85,9269.6,0
1258364700000,9267.3,9269.95,9244.95,9244.95,0
1258429500000,9259.2,9259.2,9155.05,9166.35,0
1258436700000,9165.1,9183.0,9118.0,9172.55,0
1258443900000,9174.1,9312.9,9135.5,9297.7,0
1258451100000,9298.25,9315.2,9282.5,9292.0,0
1258515900000,9236.4,9303.6,9236.4,9278.3,0
1258523100000,9278.4,9308.45,9242.75,9266.75,0
1258530300000,9267.45,9278.0,9206.05,9217.5,0
1258537500000,9214.8,9241.3,9212.5,9218.7,0
1258602300000,9210.2,9210.2,9116.85,9119.55,0
1258609500000,9118.95,9185.45,9115.1,9156.2,0
1258616700000,9159.45,9159.45,8992.5,9048.0,0
1258623900000,9046.1,9066.1,9045.7,9052.5,0
1258688700000,8993.3,9028.8,8937.6,8986.3,0
1258695900000,8986.9,8998.8,8890.1,8905.1,0
1258703100000,8905.85,9220.75,8905.85,9200.2,0
1258710300000,9199.1,9239.15,9197.95,9235.6,0
1258947900000,9256.75,9288.9,9245.55,9270.65,0
1258955100000,9269.5,9303.75,9251.5,9271.7,0
1258962300000,9270.45,9325.0,9223.15,9264.9,0
1258969500000,9264.25,9288.9,9243.8,9244.75,0
1259034300000,9266.1,9275.25,9222.05,9268.4,0
1259041500000,9268.85,9268.85,9163.7,9202.15,0
1259048700000,9204.45,9295.9,9189.95,9250.1,0
1259055900000,9249.6,9252.15,9216.5,9221.75,0
1259120700000,9215.5,9299.3,9214.25,9293.05,0
1259127900000,9293.9,9327.05,9286.0,9303.55,0
1259135100000,9304.3,9340.75,9258.8,9299.7,0
1259142300000,9300.65,9308.2,9295.75,9304.95,0
1259207100000,9291.55,9291.55,9248.35,9248.35,0
1259214300000,9248.85,9254.4,9150.1,9183.25,0
1259221500000,9183.45,9188.5,9055.5,9058.55,0
1259228700000,9057.9,9075.45,9045.35,9062.8,0
1259293500000,8994.2,8994.2,8703.25,8760.35,0
1259300700000,8758.7,8773.1,8591.75,8601.05,0
1259307900000,8603.05,8981.75,8601.1,8970.55,0
1259315100000,8964.55,8989.65,8936.4,8936.4,0
1259552700000,9121.7,9121.7,8989.0,9087.65,0
1259559900000,9086.75,9137.75,9055.0,9108.3,0
1259567100000,9108.25,9119.5,9033.5,9065.2,0
1259574300000,9067.05,9069.75,9016.2,9023.45,0
1259639100000,9056.05,9126.3,9056.05,9124.35,0
1259646300000,9123.75,9193.55,9123.25,9185.85,0
1259653500000,9187.5,9257.9,9174.6,9255.8,0
1259660700000,9256.3,9260.7,9244.6,9253.25,0
1259725500000,9293.9,9405.75,9293.9,9389.75,0
1259732700000,9389.35,9407.05,9318.0,9326.45,0
1259739900000,9327.1,9381.45,9320.6,9332.1,0
1259747100000,9330.2,9333.75,9309.85,9311.75,0
1259811900000,9370.65,9405.0,9348.65,9399.65,0
1259819100000,9399.45,9435.9,9382.55,9429.5,0
1259826300000,9427.85,9431.6,9294.75,9345.25,0
1259833500000,9345.85,9355.05,9315.25,9315.25,0
1259898300000,9263.2,9306.3,9250.7,9274.65,0
1259905500000,9274.95,9338.7,9274.95,9280.3,0
1259912700000,9280.2,9286.5,9195.55,9260.65,0
1259919900000,9261.15,9261.75,9236.65,9256.35,0
1260157500000,9257.6,9309.75,9222.9,9235.8,0
1260164700000,9235.45,9256.7,9187.75,9223.15,0
1260171900000,9224.4,9234.0,9150.25,9163.05,0
1260179100000,9162.95,9186.8,9158.2,9158.2,0
1260243900000,9126.0,9232.2,9126.0,9184.25,0
1260251100000,9184.15,9205.8,9139.6,9149.5,0
1260258300000,9151.35,9301.1,9124.5,9287.9,0
1260265500000,9289.7,9295.6,9279.45,9287.95,0
1260330300000,9224.3,9266.05,9215.55,9236.5,0
1260337500000,9237.4,9258.35,9124.75,9145.35,0
1260344700000,9144.5,9191.2,9119.5,9143.8,0
1260351900000,9142.45,9164.1,9136.3,9157.5,0
1260416700000,9140.35,9153.6,9078.9,9115.6,0
1260423900000,9116.3,9194.8,9081.95,9163.85,0
1260431100000,9165.45,9224.7,9160.8,9201.9,0
1260438300000,9201.95,9206.3,9194.35,9195.7,0
1260503100000,9265.35,9293.05,9251.0,9264.3,0
1260510300000,9260.2,9279.45,9054.75,9104.0,0
1260517500000,9101.5,9132.95,9082.2,9096.0,0
1260524700000,9094.35,9101.4,9076.25,9086.5,0
1260762300000,9072.85,9131.55,9048.7,9071.4,0
1260769500000,9073.15,9118.9,9022.25,9069.8,0
1260776700000,9069.55,9083.55,8977.5,8993.75,0
1260783900000,8995.95,9007.95,8988.0,8992.3,0
1260848700000,8994.85,9027.4,8915.05,8915.05,0
1260855900000,8914.95,8938.8,8827.55,8831.15,0
1260863100000,8829.85,8856.1,8725.8,8743.2,0
1260870300000,8742.55,8743.7,8715.3,8721.55,0
1260935100000,8701.7,8704.6,8640.9,8677.95,0
1260942300000,8676.95,8733.4,8650.8,8697.4,0
1260949500000,8697.35,8748.0,8642.5,8669.1,0
1260956700000,8669.85,8685.85,8668.2,8681.85,0
1261021500000,8659.35,8665.3,8622.95,8628.85,0
1261028700000,8628.0,8642.35,8586.95,8618.05,0
1261035900000,8618.7,8757.5,8599.3,8695.6,0
1261043100000,8693.25,8697.3,8680.1,8692.55,0
1261107900000,8644.25,8686.35,8622.55,8675.4,0
1261115100000,8674.6,8700.6,8664.3,8687.35,0
1261122300000,8685.5,8708.0,8594.2,8606.35,0
1261129500000,8607.0,8609.35,8579.5,8581.25,0
1261367100000,8601.0,8619.8,8560.15,8616.3,0
1261374300000,8616.45,8662.9,8604.6,8607.4,0
1261381500000,8608.7,8658.05,8597.45,8608.15,0
1261388700000,8607.35,8620.35,8598.35,8602.35,0
1261453500000,8647.05,8710.25,8647.05,8698.1,0
1261460700000,8698.55,8729.35,8695.25,8715.15,0
1261467900000,8715.25,8737.15,8668.2,8709.25,0
1261475100000,8709.2,8726.15,8706.45,8721.55,0
1261539900000,8721.5,8834.2,8721.5,8822.1,0
1261547100000,8822.8,8892.1,8814.0,8869.35,0
1261554300000,8867.7,8927.25,8865.6,8914.5,0
1261561500000,8915.45,8924.8,8914.65,8923.15,0
1261626300000,8957.4,8983.05,8920.35,8942.75,0
1261633500000,8943.05,8973.6,8931.65,8948.65,0
1261640700000,8949.0,9012.45,8895.6,8979.05,0
1261647900000,8977.15,8979.55,8949.4,8952.8,0
1262058300000,8990.35,9008.95,8965.7,8980.45,0
1262065500000,8980.75,9032.3,8969.5,9032.3,0
1262072700000,9030.15,9042.55,8981.15,8992.75,0
1262079900000,8993.9,8997.1,8984.15,8987.85,0
1262144700000,8989.0,9021.2,8975.7,8986.6,0
1262151900000,8987.15,9012.65,8937.3,8987.25,0
1262159100000,8986.95,9009.85,8974.15,8990.25,0
1262166300000,8989.55,9000.8,8985.75,8997.9,0
1262231100000,9014.75,9052.75,9014.75,9032.7,0
1262238300000,9032.35,9091.1,9021.4,9084.4,0
1262245500000,9084.15,9093.65,9002.45,9029.85,0
1262252700000,9031.1,9043.35,9027.25,9033.55,0
1262576700000,9031.9,9093.1,9031.9,9071.7,0
1262583900000,9072.1,9090.25,9067.7,9084.9,0
1262591100000,9085.4,9129.45,9077.45,9114.25,0
1262598300000,9113.9,9119.6,9110.3,9116.25,0
1262663100000,9178.05,9194.45,9168.65,9186.05,0
1262670300000,9186.55,9195.15,9157.35,9186.9,0
1262677500000,9187.3,9214.0,9174.7,9197.25,0
1262684700000,9197.3,9197.3,9183.15,9189.4,0
1262749500000,9198.2,9265.55,9191.35,9229.7,0
1262756700000,9229.45,9251.4,9209.65,9233.2,0
1262763900000,9234.95,9238.0,9183.65,9220.15,0
1262771100000,9219.25,9226.95,9212.5,9212.5,0
1262835900000,9182.85,9199.5,9166.45,9188.6,0
1262843100000,9187.75,9193.85,9153.25,9167.65,0
1262850300000,9167.55,9207.35,9160.85,9194.45,0
1262857500000,9196.95,9197.9,9189.8,9192.6,0
1262922300000,9191.25,9198.6,9162.1,9179.95,0
1262929500000,9180.6,9198.9,9162.05,9186.45,0
1262936700000,9187.35,9187.35,9141.45,9157.7,0
1262943900000,9158.25,9175.45,9154.35,9174.7,0
1263181500000,9213.1,9240.5,9211.6,9222.35,0
1263188700000,9222.7,9248.0,9217.75,9221.85,0
1263195900000,9222.75,9223.6,9161.05,9170.9,0
1263203100000,9171.35,9180.95,9169.75,9171.75,0
1263267900000,9104.0,9106.25,9062.55,9081.3,0
1263275100000,9081.15,9103.95,9030.9,9038.7,0
1263282300000,9039.2,9050.0,8973.05,8987.25,0
1263289500000,8984.75,8992.9,8973.7,8976.6,0
1263354300000,8890.4,8928.5,8855.0,8869.05,0
1263361500000,8869.3,8881.95,8838.65,8843.35,0
1263368700000,8842.6,8937.15,8836.7,8929.65,0
1263375900000,8929.7,8937.85,8915.55,8919.0,0
1263440700000,9013.4,9040.0,9003.5,9023.25,0
1263447900000,9023.7,9023.7,8925.65,8928.0,0
1263455100000,8927.7,8962.8,8883.1,8883.1,0
1263462300000,8886.0,8924.3,8883.15,8924.3,0
1263527100000,8940.0,8940.7,8874.8,8889.3,0
1263534300000,8889.1,8926.9,8887.0,8923.75,0
1263541500000,8922.8,8982.55,8899.8,8903.95,0
1263548700000,8902.8,8921.65,8900.0,8901.75,0
1263786300000,8883.55,9037.6,8881.15,9017.4,0
1263793500000,9016.95,9091.05,9016.55,9074.0,0
1263800700000,9074.1,9089.55,9039.15,9088.45,0
1263807900000,9086.8,9120.35,9086.8,9120.35,0
1263872700000,9109.2,9175.85,9109.2,9131.75,0
1263879900000,9131.85,9190.4,9124.5,9185.25,0
1263887100000,9185.5,9202.5,9118.45,9125.45,0
1263894300000,9125.75,9143.95,9125.75,9129.4,0
1263959100000,9179.4,9189.35,9133.05,9161.1,0
1263966300000,9162.8,9174.55,9123.45,9159.3,0
1263973500000,9159.6,9160.2,9104.1,9126.95,0
1263980700000,9127.05,9132.5,9117.85,9122.3,0
1264045500000,9068.8,9068.8,9002.3,9014.9,0
1264052700000,9015.05,9027.75,8956.1,8972.25,0
1264059900000,8972.35,8977.45,8889.05,8914.8,0
1264067100000,8916.45,8928.15,8904.5,8911.3,0
1264131900000,8777.95,8792.15,8659.9,8774.4,0
1264139100000,8776.1,8872.95,8755.85,8778.6,0
1264146300000,8777.55,8808.95,8751.25,8777.8,0
1264153500000,8776.05,8785.8,8747.7,8753.7,0
1264391100000,8748.8,8750.05,8669.55,8685.8,0
1264398300000,8686.4,8709.4,8674.4,8704.2,0
1264405500000,8705.0,8740.0,8680.15,8681.35,0
1264412700000,8679.65,8705.5,8677.9,8704.65,0
1264563900000,8555.3,8563.4,8430.75,8438.2,0
1264571100000,8438.05,8440.65,8334.25,8334.3,0
1264578300000,8333.05,8413.15,8328.0,8334.2,0
1264585500000,8335.45,8338.25,8296.85,8296.85,0
1264650300000,8372.5,8496.1,8372.5,8474.05,0
1264657500000,8473.95,8492.2,8354.25,8396.65,0
1264664700000,8392.45,8468.7,8371.05,8420.2,0
1264671900000,8422.3,8442.2,8411.25,8437.55,0
1264736700000,8349.4,8491.55,8306.1,8321.85,0
1264743900000,8332.15,8477.25,8325.05,8447.6,0
1264751100000,8447.3,8687.0,8447.3,8661.2,0
1264758300000,8661.75,8665.95,8630.85,8631.4,0
1264995900000,8586.55,8630.35,8495.25,8610.65,0
1265003100000,8609.6,8697.15,8605.4,8664.3,0
1265010300000,8664.25,8712.25,8629.2,8653.3,0
1265017500000,8653.5,8660.0,8643.2,8653.85,0
1265082300000,8699.3,8699.3,8559.7,8602.9,0
1265089500000,8603.45,8619.95,8547.65,8605.0,0
1265096700000,8603.1,8603.1,8457.75,8483.3,0
1265103900000,8484.2,8484.7,8453.9,8456.05,0
1265168700000,8514.85,8637.95,8499.2,8621.45,0
1265175900000,8618.5,8648.6,8602.35,8645.15,0
1265183100000,8645.05,8662.95,8600.5,8642.0,0
1265190300000,8644.85,8646.6,8615.35,8620.2,0
1265255100000,8607.75,8607.75,8530.05,8559.75,0
1265262300000,8560.05,8592.9,8540.35,8551.8,0
1265269500000,8553.0,8553.95,8462.9,8472.05,0
1265276700000,8469.8,8488.95,8455.5,8488.95,0
1265341500000,8276.15,8285.95,8209.3,8251.5,0
1265348700000,8252.0,8255.4,8180.8,8191.7,0
1265355900000,8192.9,8276.3,8150.45,8223.65,0
1265363100000,8225.95,8229.45,8209.6,8224.05,0
1265600700000,8259.65,8356.85,8177.45,8187.85,0
1265607900000,8188.4,8263.5,8160.95,8255.7,0
1265615100000,8257.35,8412.3,8249.5,8343.85,0
1265622300000,8341.45,8352.3,8317.6,8342.4,0
1265687100000,8277.5,8379.5,8271.55,8374.4,0
1265694300000,8373.8,8414.1,8327.1,8402.15,0
1265701500000,8401.6,8420.4,8366.85,8390.85,0
1265708700000,8392.15,8396.05,8377.4,8382.65,0
1265773500000,8417.8,8420.6,8324.05,8353.5,0
1265780700000,8353.7,8424.0,8325.3,8406.85,0
1265787900000,8405.65,8421.75,8259.4,8287.7,0
1265795100000,8288.25,8306.55,8282.65,8292.05,0
1265859900000,8390.8,8451.95,8386.6,8415.7,0
1265867100000,8415.6,8433.65,8383.7,8417.55,0
1265874300000,8415.9,8419.5,8370.55,8378.65,0
1265881500000,8375.45,8390.8,8368.55,8369.35,0
1266205500000,8366.25,8376.35,8319.0,8345.3,0
1266212700000,8345.85,8345.85,8282.05,8301.0,0
1266219900000,8300.6,8359.15,8297.1,8310.4,0
1266227100000,8309.0,8321.8,8302.4,8316.7,0
1266291900000,8324.85,8330.15,8289.15,8329.0,0
1266299100000,8328.6,8339.25,8297.6,8335.05,0
1266306300000,8334.6,8387.8,8323.15,8387.2,0
1266313500000,8387.35,8432.15,8387.35,8429.0,0
1266378300000,8470.7,8534.55,8467.05,8513.5,0
1266385500000,8513.45,8539.35,8469.8,8509.35,0
1266392700000,8510.35,8569.25,8482.4,8549.45,0
1266399900000,8550.15,8563.5,8544.55,8553.25,0
1266464700000,8544.5,8587.45,8523.35,8542.45,0
1266471900000,8542.35,8602.0,8539.85,8566.8,0
1266479100000,8568.9,8579.1,8538.4,8563.35,0
1266486300000,8563.15,8585.2,8556.25,8559.35,0
1266551100000,8476.4,8501.75,8439.4,8443.5,0
1266558300000,8443.25,8455.45,8408.8,8408.8,0
1266565500000,8408.35,8530.25,8407.95,8488.5,0
1266572700000,8489.8,8495.05,8474.95,8477.35,0
1266810300000,8588.35,8598.25,8556.9,8581.5,0
1266817500000,8583.85,8593.0,8561.3,8567.5,0
1266824700000,8567.65,8582.25,8483.75,8502.5,0
1266831900000,8502.7,8507.05,8473.15,8477.6,0
1266896700000,8511.55,8558.8,8507.4,8539.5,0
1266903900000,8540.1,8577.9,8533.7,8559.85,0
1266911100000,8560.15,8573.0,8497.7,8510.1,0
1266918300000,8508.05,8523.75,8508.05,8515.4,0
1266983100000,8513.2,8525.35,8475.1,8477.75,0
1266990300000,8476.9,8504.45,8464.1,8464.1,0
1266997500000,8464.6,8527.1,8463.05,8509.75,0
1267004700000,8507.1,8509.95,8496.0,8500.05,0
1267069500000,8514.6,8514.6,8469.65,8501.3,0
1267076700000,8502.25,8522.75,8492.7,8504.45,0
1267083900000,8504.7,8554.95,8493.3,8542.5,0
1267091100000,8541.45,8549.4,8530.9,8544.3,0
1267155900000,8559.55,8590.2,8527.05,8563.8,0
1267163100000,8562.4,8851.35,8544.5,8809.8,0
1267170300000,8808.45,8841.9,8712.95,8720.7,0
1267177500000,8719.7,8734.05,8689.9,8706.4,0
1267501500000,8893.45,8909.6,8858.4,8889.8,0
1267508700000,8888.3,8911.25,8877.75,8894.35,0
1267515900000,8894.5,8932.95,8890.55,8921.5,0
1267523100000,8920.7,8945.6,8915.05,8943.45,0
1267587900000,8986.4,9028.3,8968.35,9004.35,0
1267595100000,9004.2,9029.2,8995.05,9020.1,0
1267602300000,9021.8,9046.9,8990.2,9035.95,0
1267609500000,9037.45,9046.4,9033.55,9044.3,0
1267674300000,9058.8,9068.95,9023.1,9038.1,0
1267681500000,9038.85,9045.35,8978.45,8979.7,0
1267688700000,8978.05,9023.85,8965.25,9002.65,0
1267695900000,9004.85,9017.35,9003.15,9014.45,0
1267760700000,9085.95,9095.3,9038.45,9054.25,0
1267767900000,9055.4,9057.1,8967.8,8978.2,0
1267775100000,8980.15,9074.1,8970.5,9035.35,0
1267782300000,9035.95,9055.05,9032.05,9035.8,0
1268019900000,9123.85,9141.6,9099.3,9125.9,0
1268027100000,9126.6,9178.55,9093.45,9156.8,0
1268034300000,9156.6,9173.65,9101.2,9140.65,0
1268041500000,9140.75,9152.65,9135.15,9140.05,0
1268106300000,9139.5,9149.25,9073.5,9089.95,0
1268113500000,9090.5,9147.0,9087.55,9142.95,0
1268120700000,9143.2,9177.0,9123.45,9137.55,0
1268127900000,9138.25,9143.95,9118.3,9120.7,0
1268192700000,9139.05,9156.0,9109.55,9121.2,0
1268199900000,9121.9,9129.8,9084.2,9109.9,0
1268207100000,9106.7,9127.15,9074.0,9117.5,0
1268214300000,9117.75,9138.55,9097.4,9099.1,0
1268279100000,9114.8,9139.85,9087.35,9132.45,0
1268286300000,9131.0,9160.8,9127.95,9158.9,0
1268293500000,9157.85,9192.65,9140.55,9175.05,0
1268300700000,9175.3,9219.2,9174.8,9219.2,0
1268365500000,9222.0,9229.15,9195.4,9198.8,0
1268372700000,9201.25,9210.45,9152.05,9172.9,0
1268379900000,9173.15,9191.35,9145.6,9177.85,0
1268387100000,9177.3,9184.55,9160.5,9172.5,0
1268624700000,9108.35,9111.25,9056.15,9068.2,0
1268631900000,9066.35,9114.8,9059.3,9111.8,0
1268639100000,9111.0,9124.9,9076.5,9080.5,0
1268646300000,9081.35,9094.75,9078.3,9086.25,0
1268711100000,9042.85,9051.45,8990.3,8995.1,0
1268718300000,8995.7,9019.85,8986.75,9017.75,0
1268725500000,9018.95,9104.05,9002.05,9100.65,0
1268732700000,9104.85,9121.95,9104.85,9107.4,0
1268797500000,9147.75,9214.55,9146.55,9205.55,0
1268804700000,9204.95,9207.45,9178.7,9190.05,0
1268811900000,9190.4,9221.05,9165.25,9193.3,0
1268819100000,9193.45,9195.9,9175.5,9183.65,0
1268883900000,9188.3,9244.6,9172.05,9215.5,0
1268891100000,9214.15,9224.7,9201.6,9206.2,0
1268898300000,9206.35,9237.5,9193.75,9221.7,0
1268905500000,9223.05,9286.95,9223.05,9283.65,0
1268970300000,9253.45,9275.65,9243.55,9258.5,0
1268977500000,9259.35,9263.7,9231.9,9241.95,0
1268984700000,9241.9,9276.75,9232.35,9269.65,0
1268991900000,9272.85,9277.85,9257.75,9262.9,0
1269229500000,9162.15,9223.55,9143.55,9222.6,0
1269236700000,9222.15,9238.9,9191.2,9209.35,0
1269243900000,9208.7,9240.85,9189.25,9200.0,0
1269251100000,9198.85,9203.9,9179.0,9182.2,0
1269315900000,9249.95,9251.8,9207.85,9226.7,0
1269323100000,9227.7,9229.45,9172.0,9174.2,0
1269330300000,9175.25,9240.8,9166.4,9222.1,0
1269337500000,9221.9,9229.1,9218.15,9221.2,0
1269488700000,9190.1,9198.45,9165.5,9190.45,0
1269495900000,9191.1,9213.3,9186.3,9205.85,0
1269503100000,9206.55,9339.6,9199.8,9336.85,0
1269510300000,9337.5,9342.0,9296.5,9316.75,0
1269575100000,9350.7,9368.6,9326.55,9366.5,0
1269582300000,9365.7,9381.65,9354.45,9363.65,0
1269589500000,9363.55,9473.2,9363.55,9453.25,0
1269596700000,9452.25,9454.4,9436.9,9450.45,0
1269834300000,9479.1,9535.6,9466.45,9518.85,0
1269841500000,9516.0,9563.05,9499.7,9563.0,0
1269848700000,9563.45,9578.5,9505.5,9514.4,0
1269855900000,9512.4,9533.75,9505.2,9525.55,0
1269920700000,9536.0,9587.65,9534.35,9546.05,0
1269927900000,9545.9,9574.0,9537.25,9557.0,0
1269935100000,9556.85,9556.85,9461.25,9480.7,0
1269942300000,9477.55,9480.8,9461.6,9464.75,0
1270007100000,9529.85,9537.45,9440.35,9451.25,0
1270014300000,9449.55,9517.1,9444.55,9497.5,0
1270021500000,9497.45,9509.15,9446.3,9457.75,0
1270028700000,9458.55,9470.65,9448.3,9470.15,0
1270093500000,9490.15,9510.85,9448.75,9456.9,0
1270100700000,9456.95,9498.35,9445.55,9487.9,0
1270107900000,9488.15,9519.45,9474.0,9505.2,0
1270115100000,9505.75,9515.9,9500.3,9507.15,0
1270439100000,9601.25,9616.9,9587.65,9610.8,0
1270446300000,9610.85,9635.65,9582.0,9601.55,0
1270453500000,9600.4,9701.5,9600.35,9697.4,0
1270460700000,9695.6,9708.9,9688.45,9704.0,0
1270525500000,9730.85,9730.85,9674.1,9696.3,0
1270532700000,9695.7,9772.4,9694.1,9732.6,0
1270539900000,9732.35,9758.35,9706.9,9719.4,0
1270547100000,9717.5,9738.2,9717.5,9729.7,0
1270611900000,9765.9,9793.2,9757.9,9766.3,0
1270619100000,9765.2,9769.2,9679.45,9695.2,0
1270626300000,9695.9,9697.6,9639.85,9687.6,0
1270633500000,9689.5,9689.5,9673.05,9681.6,0
1270698300000,9651.9,9651.9,9596.5,9596.6,0
1270705500000,9597.05,9617.65,9569.75,9577.3,0
1270712700000,9576.7,9576.7,9516.75,9529.95,0
1270719900000,9528.35,9531.1,9492.3,9494.6,0
1270784700000,9577.35,9613.8,9545.3,9605.35,0
1270791900000,9603.95,9676.45,9596.25,9654.5,0
1270799100000,9655.05,9686.25,9634.7,9654.65,0
1270806300000,9654.7,9674.35,9651.45,9662.95,0
1271043900000,9612.25,9615.55,9568.15,9597.15,0
1271051100000,9594.9,9637.35,9593.55,9619.45,0
1271058300000,9618.8,9619.05,9547.6,9579.15,0
1271065500000,9581.0,9582.6,9572.1,9574.7,0
1271130300000,9512.7,9528.55,9476.15,9513.45,0
1271137500000,9512.75,9512.95,9468.9,9489.55,0
1271144700000,9489.25,9503.35,9453.55,9485.0,0
1271151900000,9484.55,9492.45,9475.9,9489.5,0
1271303100000,9536.65,9538.2,9444.35,9458.5,0
1271310300000,9458.85,9464.4,9427.75,9435.95,0
1271317500000,9435.65,9445.05,9330.8,9345.1,0
1271324700000,9344.75,9350.6,9333.55,9342.35,0
1271389500000,9310.9,9410.15,9266.15,9383.6,0
1271396700000,9384.65,9389.1,9344.95,9355.35,0
1271403900000,9356.1,9396.7,9325.8,9353.4,0
1271411100000,9353.15,9354.3,9331.15,9335.95,0
1271648700000,9210.45,9267.35,9207.15,9225.05,0
1271655900000,9225.15,9326.75,9220.65,9325.3,0
1271663100000,9326.65,9357.05,9284.75,9310.1,0
1271670300000,9308.8,9309.45,9288.3,9299.75,0
1271735100000,9328.25,9436.65,9326.25,9436.65,0
1271742300000,9445.6,9501.85,9434.55,9486.1,0
1271749500000,9485.15,9485.15,9402.85,9451.1,0
1271756700000,9450.8,9455.7,9435.1,9453.4,0
1271821500000,9542.7,9574.55,9527.2,9560.45,0
1271828700000,9560.65,9567.0,9530.45,9536.6,0
1271835900000,9536.75,9564.4,9515.75,9557.7,0
1271843100000,9559.4,9560.9,9543.05,9545.45,0
1271907900000,9503.95,9615.2,9501.7,9608.25,0
1271915100000,9609.55,9693.85,9608.55,9690.1,0
1271922300000,9689.75,9739.1,9641.6,9648.85,0
1271929500000,9646.45,9646.45,9575.85,9590.1,0
1271994300000,9713.9,9783.05,9693.6,9773.95,0
1272001500000,9773.4,9784.55,9742.35,9784.55,0
1272008700000,9784.8,9824.95,9761.8,9813.45,0
1272015900000,9813.75,9818.8,9795.5,9818.7,0
1272253500000,9906.35,9906.35,9831.35,9852.4,0
1272260700000,9855.4,9880.8,9830.75,9868.15,0
1272267900000,9867.75,9876.65,9824.75,9844.0,0
1272275100000,9842.8,9848.0,9834.15,9836.55,0
1272339900000,9780.85,9815.05,9753.4,9796.95,0
1272347100000,9797.15,9798.7,9761.7,9772.4,0
1272354300000,9772.65,9787.75,9752.5,9758.5,0
1272361500000,9760.0,9767.8,9744.7,9745.35,0
1272426300000,9662.05,9706.25,9641.7,9695.05,0
1272433500000,9694.4,9723.35,9690.95,9711.0,0
1272440700000,9711.05,9721.45,9603.5,9623.0,0
1272447900000,9623.6,9649.65,9621.4,9647.55,0
1272512700000,9702.0,9730.2,9684.95,9725.2,0
1272519900000,9724.8,9744.35,9709.65,9729.9,0
1272527100000,9730.5,9812.85,9724.95,9806.35,0
1272534300000,9803.8,9822.05,9797.75,9814.0,0
1272599100000,9887.45,9923.15,9877.9,9893.45,0
1272606300000,9894.2,9903.25,9866.35,9871.55,0
1272613500000,9872.8,9910.5,9848.3,9863.55,0
1272620700000,9861.1,9876.8,9851.05,9853.45,0
1272858300000,9821.3,9863.45,9809.45,9812.3,0
1272865500000,9811.7,9826.65,9760.6,9774.15,0
1272872700000,9772.65,9793.0,9741.5,9768.0,0
1272879900000,9766.75,9793.85,9766.75,9786.8,0
1272944700000,9814.65,9837.7,9800.55,9807.65,0
1272951900000,9808.65,9815.85,9760.7,9779.1,0
1272959100000,9780.0,9811.8,9607.45,9616.5,0
1272966300000,9619.5,9632.1,9609.35,9623.9,0
1273031100000,9491.6,9504.8,9455.75,9461.0,0
1273038300000,9460.7,9557.95,9454.75,9489.25,0
1273045500000,9488.8,9589.3,9460.4,9580.5,0
1273052700000,9582.7,9608.1,9573.25,9608.1,0
1273117500000,9601.2,9603.65,9516.4,9547.5,0
1273124700000,9548.15,9566.5,9449.75,9538.8,0
1273131900000,9535.0,9627.45,9527.65,9569.3,0
1273139100000,9572.75,9597.4,9572.75,9580.25,0
1273203900000,9417.6,9433.45,9300.35,9320.15,0
1273211100000,9319.1,9352.5,9239.8,9338.05,0
1273218300000,9338.0,9364.7,9251.5,9275.15,0
1273225500000,9275.95,9291.85,9273.0,9275.4,0
1273463100000,9412.9,9472.05,9411.3,9469.3,0
1273470300000,9469.15,9588.0,9466.05,9582.65,0
1273477500000,9580.9,9645.1,9579.7,9641.45,0
1273484700000,9639.5,9681.6,9638.45,9680.85,0
1273549500000,9680.0,9733.8,9670.05,9693.5,0
1273556700000,9692.2,9692.2,9593.55,9661.25,0
1273563900000,9660.25,9692.4,9602.75,9629.8,0
1273571100000,9629.7,9634.6,9620.85,9620.85,0
1273635900000,9645.2,9686.25,9628.2,9657.35,0
1273643100000,9659.3,9672.05,9587.1,9654.35,0
1273650300000,9654.55,9740.85,9652.5,9707.25,0
1273657500000,9705.95,9726.8,9705.95,9717.2,0
1273722300000,9813.45,9838.3,9795.95,9823.5,0
1273729500000,9824.25,9849.05,9792.5,9797.05,0
1273736700000,9798.6,9805.4,9748.85,9761.2,0
1273743900000,9762.5,9778.1,9756.9,9771.75,0
1273808700000,9729.45,9762.15,9683.35,9746.05,0
1273815900000,9746.55,9757.15,9696.35,9706.75,0
1273823100000,9707.8,9707.8,9590.95,9611.05,0
1273830300000,9610.7,9614.6,9548.2,9556.95,0
1274067900000,9414.05,9419.15,9337.0,9354.4,0
1274075100000,9354.85,9435.05,9303.75,9408.05,0
1274082300000,9405.45,9551.05,9383.2,9530.3,0
1274089500000,9532.55,9547.4,9498.9,9517.45,0
1274154300000,9497.15,9507.4,9430.7,9462.3,0
1274161500000,9463.15,9572.05,9454.0,9538.15,0
1274168700000,9539.3,9556.8,9464.9,9500.6,0
1274175900000,9497.7,9504.05,9490.5,9496.65,0
1274240700000,9332.1,9344.15,9257.6,9324.0,0
1274247900000,9324.35,9343.35,9268.2,9309.6,0
1274255100000,9308.2,9314.2,9075.0,9117.8,0
1274262300000,9115.9,9131.75,9095.7,9128.9,0
1274327100000,9189.05,9191.65,9108.2,9131.5,0
1274334300000,9131.8,9224.45,9119.25,9215.0,0
1274341500000,9212.4,9251.95,9124.4,9174.35,0
1274348700000,9175.0,9202.45,9171.2,9199.45,0
1274413500000,8999.85,9072.8,8995.05,9065.2,0
1274420700000,9066.75,9174.9,9046.85,9087.7,0
1274427900000,9088.7,9167.2,9056.7,9142.15,0
1274435100000,9141.4,9149.6,9111.25,9128.8,0
1274672700000,9230.95,9257.1,9212.7,9240.15,0
1274679900000,9242.3,9286.65,9220.7,9237.85,0
1274687100000,9242.35,9242.35,9076.15,9081.7,0
1274694300000,9080.6,9104.8,9044.55,9045.55,0
1274759100000,8958.6,8972.05,8876.55,8901.8,0
1274766300000,8901.2,8933.7,8877.65,8892.1,0
1274773500000,8894.4,8931.9,8806.65,8848.1,0
1274780700000,8847.35,8867.25,8834.5,8855.35,0
1274845500000,8987.0,9033.05,8973.25,8988.6,0
1274852700000,8988.35,8989.65,8924.35,8954.65,0
1274859900000,8955.1,9037.65,8935.55,9028.9,0
1274867100000,9028.35,9037.0,9009.05,9020.15,0
1274931900000,8964.9,9053.65,8964.9,9004.45,0
1274939100000,9003.3,9109.55,9003.2,9077.05,0
1274946300000,9078.85,9250.75,9070.05,9247.9,0
1274953500000,9248.05,9292.15,9248.05,9270.15,0
1275018300000,9332.9,9345.0,9231.15,9257.4,0
1275025500000,9257.25,9290.85,9215.6,9261.4,0
1275032700000,9259.75,9340.6,9255.7,9316.65,0
1275039900000,9316.55,9320.8,9293.95,9294.7,0
1275277500000,9282.9,9361.5,9257.65,9351.85,0
1275284700000,9351.1,9369.1,9280.35,9308.9,0
1275291900000,9310.25,9373.8,9287.35,9373.8,0
1275299100000,9374.45,9385.3,9347.7,9361.25,0
1275363900000,9313.4,9329.9,9270.25,9275.55,0
1275371100000,9276.15,9280.35,9173.4,9174.95,0
1275378300000,9174.05,9184.2,9093.15,9129.65,0
1275385500000,9130.6,9130.6,9094.15,9097.9,0
1275450300000,9116.5,9142.9,9083.65,9112.4,0
1275457500000,9110.9,9162.75,9099.1,9140.75,0
1275464700000,9140.1,9198.55,9093.15,9196.95,0
1275471900000,9193.4,9220.2,9191.3,9204.1,0
1275536700000,9321.85,9369.4,9312.4,9369.4,0
1275543900000,9370.0,9391.8,9361.95,9372.45,0
1275551100000,9374.65,9404.1,9366.15,9388.7,0
1275558300000,9388.65,9401.8,9376.55,9376.8,0
1275623100000,9371.7,9437.85,9365.55,9420.0,0
1275630300000,9420.35,9468.2,9415.45,9465.25,0
1275637500000,9464.35,9490.95,9449.9,9455.85,0
1275644700000,9457.7,9462.45,9447.9,9457.15,0
1275882300000,9224.95,9255.8,9211.55,9232.0,0
1275889500000,9232.85,9298.25,9215.9,9276.65,0
1275896700000,9275.5,9328.15,9252.65,9284.9,0
1275903900000,9286.0,9297.9,9273.1,9297.9,0
1275968700000,9344.0,9387.1,9341.6,9353.45,0
1275975900000,9352.55,9380.25,9337.05,9350.35,0
1275983100000,9348.75,9352.0,9143.5,9182.55,0
1275990300000,9183.4,9194.6,9169.75,9194.6,0
1276055100000,9246.9,9265.85,9221.75,9232.8,0
1276062300000,9232.75,9340.55,9232.6,9323.15,0
1276069500000,9324.7,9341.3,9189.45,9236.8,0
1276076700000,9237.9,9252.55,9237.9,9248.5,0
1276141500000,9251.05,9295.65,9246.1,9269.55,0
1276148700000,9269.1,9272.5,9227.9,9251.0,0
1276155900000,9250.75,9367.45,9250.6,9331.8,0
1276163100000,9331.45,9353.45,9331.45,9339.4,0
1276227900000,9450.55,9458.95,9418.15,9453.95,0
1276235100000,9454.2,9462.85,9386.7,9404.6,0
1276242300000,9405.8,9463.05,9400.25,9452.75,0
1276249500000,9455.65,9461.45,9443.75,9446.25,0
1276487100000,9508.95,9536.8,9502.75,9536.3,0
1276494300000,9536.2,9545.3,9478.7,9486.3,0
1276501500000,9486.95,9549.9,9468.75,9527.6,0
1276508700000,9528.2,9535.75,9525.4,9527.05,0
1276573500000,9513.2,9515.3,9458.05,9473.35,0
1276580700000,9473.75,9495.1,9422.95,9469.25,0
1276587900000,9469.0,9566.3,9468.15,9552.7,0
1276595100000,9551.4,9561.2,9535.05,9559.35,0
1276659900000,9604.4,9615.45,9543.0,9573.9,0
1276667100000,9574.6,9583.8,9549.65,9555.2,0
1276674300000,9555.4,9610.3,9527.4,9582.85,0
1276681500000,9582.05,9589.25,9567.8,9568.1,0
1276746300000,9548.75,9590.95,9530.55,9580.6,0
1276753500000,9581.3,9607.55,9446.3,9552.95,0
1276760700000,9552.1,9636.8,9527.35,9615.8,0
1276767900000,9615.65,9618.35,9594.45,9606.5,0
1276832700000,9570.35,9611.55,9565.45,9570.9,0
1276839900000,9571.0,9592.9,9544.3,9592.9,0
1276847100000,9592.35,9603.4,9544.95,9578.4,0
1276854300000,9579.2,9582.8,9566.1,9566.1,0
1277091900000,9672.95,9766.3,9672.95,9766.3,0
1277099100000,9766.1,9793.15,9750.3,9751.4,0
1277106300000,9751.25,9783.8,9742.55,9756.75,0
1277113500000,9758.25,9759.25,9746.35,9746.5,0
1277178300000,9734.35,9762.6,9711.25,9715.25,0
1277185500000,9717.35,9731.2,9706.75,9719.95,0
1277192700000,9720.6,9739.45,9666.5,9683.9,0
1277199900000,9685.55,9689.5,9665.3,9670.5,0
1277264700000,9652.6,9682.05,9645.8,9660.05,0
1277271900000,9658.8,9725.4,9640.35,9707.8,0
1277279100000,9707.95,9744.15,9694.6,9712.7,0
1277286300000,9713.35,9736.1,9709.85,9731.15,0
1277351100000,9706.75,9731.5,9697.8,9706.45,0
1277358300000,9703.95,9726.95,9676.3,9685.25,0
1277365500000,9685.75,9693.0,9617.7,9662.95,0
1277372700000,9663.15,9677.25,9642.95,9649.2,0
1277437500000,9596.65,9599.75,9545.65,9554.5,0
1277444700000,9553.45,9604.65,9536.35,9603.1,0
1277451900000,9604.55,9612.4,9444.25,9445.75,0
1277459100000,9444.5,9457.45,9429.7,9443.05,0
1277696700000,9487.3,9487.3,9436.75,9470.5,0
1277703900000,9472.0,9497.85,9454.85,9469.15,0
1277711100000,9469.45,9547.8,9469.45,9534.15,0
1277718300000,9535.1,9551.9,9531.75,9547.25,0
1277783100000,9468.65,9510.35,9451.45,9467.2,0
1277790300000,9465.35,9470.95,9392.05,9399.0,0
1277797500000,9400.2,9404.6,9348.4,9395.3,0
1277804700000,9394.6,9398.95,9365.9,9369.45,0
1277869500000,9380.0,9421.5,9362.9,9378.6,0
1277876700000,9378.65,9424.4,9369.65,9395.65,0
1277883900000,9396.2,9468.65,9355.75,9467.9,0
1277891100000,9466.7,9486.75,9466.0,9479.05,0
1277955900000,9378.7,9383.75,9333.75,9357.4,0
1277963100000,9358.2,9358.25,9303.05,9318.85,0
1277970300000,9317.3,9360.95,9316.3,9345.8,0
1277977500000,9344.55,9354.05,9341.5,9347.95,0
1278042300000,9386.8,9410.3,9345.6,9358.1,0
1278049500000,9358.2,9392.65,9330.3,9373.0,0
1278056700000,9373.3,9391.8,9354.05,9364.6,0
1278063900000,9365.45,9368.7,9337.1,9343.0,0
1278301500000,9348.55,9397.05,9346.5,9386.9,0
1278308700000,9386.5,9415.85,9386.5,9399.2,0
1278315900000,9399.95,9406.35,9365.75,9383.75,0
1278323100000,9385.95,9393.45,9380.8,9384.9,0
1278387900000,9393.4,9465.9,9390.1,9457.1,0
1278395100000,9459.1,9488.95,9447.5,9478.6,0
1278402300000,9480.55,9557.05,9475.15,9551.3,0
1278409500000,9550.95,9564.8,9537.65,9539.1,0
1278474300000,9496.25,9503.55,9455.05,9475.35,0
1278481500000,9474.5,9479.4,9455.05,9467.9,0
1278488700000,9468.2,9502.95,9430.5,9444.95,0
1278495900000,9445.25,9457.95,9443.7,9445.3,0
1278560700000,9556.65,9615.15,9551.8,9602.75,0
1278567900000,9602.0,9611.35,9586.4,9590.25,0
1278575100000,9589.9,9590.8,9558.45,9569.5,0
1278582300000,9569.3,9574.85,9555.85,9560.1,0
1278647100000,9629.2,9676.15,9627.55,9671.7,0
1278654300000,9674.1,9681.3,9658.7,9659.9,0
1278661500000,9655.6,9722.35,9654.2,9720.4,0
1278668700000,9719.1,9726.1,9708.8,9724.8,0
1278906300000,9779.3,9802.05,9759.05,9773.95,0
1278913500000,9773.45,9830.35,9756.75,9824.0,0
1278920700000,9824.5,9864.4,9823.5,9848.7,0
1278927900000,9848.5,9854.15,9835.7,9835.7,0
1278992700000,9838.9,9897.85,9821.05,9893.35,0
1278999900000,9893.8,9896.75,9857.05,9876.55,0
1279007100000,9875.8,9939.2,9874.5,9925.25,0
1279014300000,9924.0,9940.75,9923.8,9939.3,0
1279079100000,10029.65,10061.95,10016.1,10033.5,0
1279086300000,10033.4,10040.95,9981.0,10017.15,0
1279093500000,10014.9,10025.3,9928.4,9952.85,0
1279100700000,9956.25,9960.45,9938.2,9938.65,0
1279165500000,9974.2,9983.15,9951.15,9963.5,0
1279172700000,9963.7,9978.1,9885.55,9919.15,0
1279179900000,9916.5,9968.5,9901.9,9933.05,0
1279187100000,9933.1,9946.9,9917.55,9944.2,0
1279251900000,9945.3,10008.7,9941.7,9988.85,0
1279259100000,9989.05,10026.25,9987.0,10014.7,0
1279266300000,10015.15,10026.05,9983.0,10014.95,0
1279273500000,10014.3,10024.4,10004.05,10004.05,0
1279511100000,10001.4,10078.4,9996.05,10066.35,0
1279518300000,10066.9,10068.2,10004.8,10017.1,0
1279525500000,10020.35,10053.25,10006.05,10013.9,0
1279532700000,10013.35,10051.95,10004.1,10042.2,0
1279597500000,10072.6,10073.85,10027.95,10034.75,0
1279604700000,10036.7,10070.55,10028.3,10036.75,0
1279611900000,10036.35,10050.55,9970.95,9971.55,0
1279619100000,9970.7,9973.15,9955.75,9955.75,0
1279683900000,10007.75,10007.8,9973.65,9995.15,0
1279691100000,9995.95,9999.6,9958.35,9977.1,0
1279698300000,9977.85,10003.95,9940.95,10000.8,0
1279705500000,10001.0,10002.4,9976.25,9983.8,0
1279770300000,9955.45,9960.75,9914.85,9946.75,0
1279777500000,9946.85,9955.65,9923.65,9943.3,0
1279784700000,9941.85,10069.2,9923.05,10057.25,0
1279791900000,10056.45,10066.3,10050.6,10053.1,0
1279856700000,10080.8,10120.15,10062.45,10088.55,0
1279863900000,10087.3,10087.3,10034.45,10074.45,0
1279871100000,10073.55,10103.5,10058.8,10099.6,0
1279878300000,10099.7,10101.4,10079.65,10093.65,0
1280115900000,10077.55,10084.3,10033.45,10055.7,0
1280123100000,10056.6,10070.9,10026.9,10037.95,0
1280130300000,10037.45,10043.65,9998.95,10024.9,0
1280137500000,10024.2,10035.4,10010.4,10026.85,0
1280202300000,9998.15,10022.05,9979.5,9991.7,0
1280209500000,9992.95,10089.1,9951.55,10083.55,0
1280216700000,10083.45,10128.6,10071.7,10084.15,0
1280223900000,10083.15,10089.35,10077.35,10086.85,0
1280288700000,10054.7,10078.4,10052.75,10070.7,0
1280295900000,10071.3,10117.0,10057.4,10057.4,0
1280303100000,10057.7,10073.0,10024.4,10064.45,0
1280310300000,10065.4,10081.6,10063.15,10069.25,0
1280375100000,10058.5,10082.8,10045.5,10059.75,0
1280382300000,10059.25,10114.9,10058.4,10090.9,0
1280389500000,10091.6,10207.2,10083.05,10201.05,0
1280396700000,10200.8,10200.8,10160.4,10172.35,0
1280461500000,10129.9,10226.15,10127.5,10218.25,0
1280468700000,10218.75,10243.9,10190.35,10199.55,0
1280475900000,10198.35,10217.55,10152.4,10176.7,0
1280483100000,10177.2,10177.2,10150.65,10151.65,0
1280720700000,10300.45,10352.45,10290.7,10333.55,0
1280727900000,10333.8,10359.35,10322.05,10349.5,0
1280735100000,10348.05,10411.65,10348.05,10408.15,0
1280742300000,10407.65,10436.4,10402.7,10436.4,0
1280807100000,10467.9,10542.9,10467.9,10530.9,0
1280814300000,10530.4,10530.4,10488.5,10500.35,0
1280821500000,10499.9,10530.7,10485.3,10486.9,0
1280828700000,10486.95,10499.45,10483.0,10494.85,0
1280893500000,10506.0,10509.15,10434.65,10453.25,0
1280900700000,10452.2,10463.15,10434.2,10441.75,0
1280907900000,10441.45,10488.65,10412.65,10486.9,0
1280915100000,10485.95,10508.55,10483.9,10490.65,0
1280979900000,10488.8,10539.65,10474.05,10517.1,0
1280987100000,10517.25,10523.9,10486.7,10495.3,0
1280994300000,10495.0,10510.95,10451.3,10463.85,0
1281001500000,10464.35,10477.95,10441.5,10469.5,0
1281066300000,10453.55,10465.95,10441.45,10450.6,0
1281073500000,10451.75,10461.25,10439.1,10440.2,0
1281080700000,10439.15,10450.35,10364.95,10381.15,0
1281087900000,10380.95,10400.25,10375.8,10396.35,0
1281325500000,10420.55,10482.25,10411.35,10473.9,0
1281332700000,10473.85,10521.35,10468.0,10507.85,0
1281339900000,10507.55,10527.75,10486.65,10524.05,0
1281347100000,10523.9,10534.0,10518.0,10518.0,0
1281411900000,10486.15,10578.85,10483.2,10563.35,0
1281419100000,10563.0,10564.15,10514.2,10529.55,0
1281426300000,10529.65,10571.3,10497.75,10522.1,0
1281433500000,10523.4,10529.95,10518.0,10522.65,0
1281498300000,10518.35,10545.5,10487.45,10537.1,0
1281505500000,10538.7,10542.95,10474.3,10492.15,0
1281512700000,10491.9,10519.4,10424.65,10441.95,0
1281519900000,10443.35,10449.85,10391.9,10392.35,0
1281584700000,10379.05,10425.4,10363.05,10397.2,0
1281591900000,10396.75,10580.0,10388.95,10566.35,0
1281599100000,10563.7,10614.2,10546.6,10584.6,0
1281606300000,10583.9,10597.95,10562.25,10597.95,0
1281671100000,10695.3,10758.8,10695.3,10739.05,0
1281678300000,10739.55,10772.65,10737.0,10757.65,0
1281685500000,10756.75,10782.2,10704.55,10741.25,0
1281692700000,10740.45,10746.6,10730.0,10745.4,0
1281930300000,10720.0,10765.25,10706.2,10746.45,0
1281937500000,10745.55,10759.2,10722.6,10746.4,0
1281944700000,10746.75,10748.0,10645.45,10687.6,0
1281951900000,10688.75,10690.35,10661.55,10668.4,0
1282016700000,10740.55,10802.15,10738.65,10759.1,0
1282023900000,10761.25,10791.5,10748.15,10787.1,0
1282031100000,10786.05,10810.3,10751.2,10765.4,0
1282038300000,10763.65,10804.25,10762.1,10803.1,0
1282103100000,10830.05,10850.05,10809.15,10836.0,0
1282110300000,10836.1,10842.85,10757.2,10775.5,0
1282117500000,10777.9,10900.85,10756.55,10888.4,0
1282124700000,10893.6,10931.65,10886.5,10926.05,0
1282189500000,10904.65,11000.9,10895.85,10996.1,0
1282196700000,10997.15,11028.9,10973.8,10989.25,0
1282203900000,10989.65,11125.35,10987.8,11096.35,0
1282211100000,11097.95,11126.95,11096.75,11108.1,0
1282275900000,11082.3,11105.0,11052.8,11075.2,0
1282283100000,11072.9,11092.75,11005.5,11048.2,0
1282290300000,11048.7,11061.6,11012.9,11036.0,0
1282297500000,11035.0,11043.3,11021.35,11021.35,0
1282535100000,10999.05,11016.95,10971.7,11007.85,0
1282542300000,11006.75,11027.4,10982.45,10993.15,0
1282549500000,10993.1,11111.6,10980.7,11111.5,0
1282556700000,11111.45,11115.55,11074.6,11078.35,0
1282621500000,11099.5,11125.8,10994.5,11032.25,0
1282628700000,11035.1,11050.95,10979.5,10998.35,0
1282635900000,10999.0,11064.45,10982.15,11043.6,0
1282643100000,11049.2,11056.45,11036.55,11042.0,0
1282707900000,11017.55,11022.2,10944.85,10970.55,0
1282715100000,10970.0,10985.65,10947.5,10984.15,0
1282722300000,10982.45,11012.1,10928.25,10942.15,0
1282729500000,10942.6,10942.6,10917.1,10931.75,0
1282794300000,10983.8,11017.55,10969.75,11003.3,0
1282801500000,11002.35,11042.15,10993.65,11024.9,0
1282808700000,11023.0,11025.55,10947.4,10966.7,0
1282815900000,10966.95,11012.7,10965.4,10977.1,0
1282880700000,10956.6,10988.85,10941.55,10969.25,0
1282887900000,10971.3,10977.7,10936.45,10936.45,0
1282895100000,10936.35,10939.0,10728.75,10728.75,0
1282902300000,10726.95,10726.95,10681.6,10699.2,0
1283139900000,10860.2,10861.55,10765.9,10800.4,0
1283147100000,10801.75,10815.45,10755.1,10769.35,0
1283154300000,10768.55,10782.15,10671.45,10733.9,0
1283161500000,10735.95,10782.75,10733.1,10765.2,0
1283226300000,10709.15,10744.9,10668.6,10707.85,0
1283233500000,10708.0,10708.65,10653.3,10685.45,0
1283240700000,10684.15,10752.05,10655.3,10742.6,0
1283247900000,10745.25,10771.0,10735.9,10741.75,0
1283312700000,10784.85,10855.9,10783.5,10853.0,0
1283319900000,10853.5,10863.05,10785.55,10786.3,0
1283327100000,10784.75,10888.3,10779.9,10866.25,0
1283334300000,10863.55,10895.55,10861.4,10887.65,0
1283399100000,10958.15,10992.55,10949.1,10968.65,0
1283406300000,10966.35,10980.5,10938.9,10961.35,0
1283413500000,10962.3,11001.65,10942.95,10995.45,0
1283420700000,10994.25,10994.55,10962.3,10965.1,0
1283485500000,10980.8,10985.4,10944.65,10949.25,0
1283492700000,10949.1,10976.55,10938.9,10963.35,0
1283499900000,10963.65,11016.35,10954.65,11000.05,0
1283507100000,10999.6,11000.05,10961.4,10961.4,0
1283744700000,11071.05,11144.55,11067.15,11137.3,0
1283751900000,11134.25,11163.0,11128.1,11153.55,0
1283759100000,11151.5,11261.15,11145.45,11220.75,0
1283766300000,11216.35,11227.45,11206.05,11213.05,0
1283831100000,11219.4,11231.1,11178.65,11200.8,0
1283838300000,11200.45,11203.25,11159.9,11172.7,0
1283845500000,11175.1,11233.45,11156.85,11195.95,0
1283852700000,11195.25,11199.65,11172.3,11173.2,0
1283917500000,11118.45,11210.7,11099.3,11204.25,0
1283924700000,11204.55,11256.2,11187.85,11217.1,0
1283931900000,11217.35,11221.05,11141.25,11190.3,0
1283939100000,11191.15,11196.0,11182.8,11194.1,0
1284003900000,11289.4,11381.6,11289.25,11345.4,0
1284011100000,11346.35,11372.05,11327.0,11371.4,0
1284018300000,11372.15,11468.75,11364.85,11464.95,0
1284025500000,11464.75,11466.35,11406.7,11409.85,0
1284349500000,11489.5,11814.3,11489.5,11792.25,0
1284356700000,11790.25,11835.25,11786.2,11829.95,0
1284363900000,11829.75,11905.2,11809.0,11889.3,0
1284371100000,11889.5,11889.5,11845.55,11870.55,0
1284435900000,11939.6,12042.6,11893.35,11913.7,0
1284443100000,11911.9,11979.75,11901.5,11959.9,0
1284450300000,11959.75,11967.05,11911.35,11943.8,0
1284457500000,11944.3,11948.4,11918.45,11925.2,0
1284522300000,12009.85,12022.35,11972.65,11996.95,0
1284529500000,11995.85,12003.85,11924.0,11965.35,0
1284536700000,11965.9,12001.85,11956.1,11983.45,0
1284543900000,11984.6,12004.55,11978.5,12000.85,0
1284608700000,11994.25,12118.65,11991.45,12017.85,0
1284615900000,12019.2,12236.85,11960.6,12211.2,0
1284623100000,12210.7,12216.9,12003.3,12033.4,0
1284630300000,12032.75,12063.1,12018.95,12045.65,0
1284695100000,12133.75,12175.8,12093.6,12109.55,0
1284702300000,12109.75,12153.25,12103.6,12131.25,0
1284709500000,12131.15,12131.6,12037.35,12125.45,0
1284716700000,12122.45,12131.75,12113.1,12125.55,0
1284954300000,12086.15,12137.25,12067.4,12123.45,0
1284961500000,12125.1,12134.05,12079.8,12084.55,0
1284968700000,12086.1,12250.0,12081.45,12250.0,0
1284975900000,12244.95,12290.55,12240.55,12284.15,0
1285040700000,12331.8,12331.9,12173.2,12210.65,0
1285047900000,12209.65,12277.9,12208.15,12237.35,0
1285055100000,12236.7,12263.15,12198.3,12241.2,0
1285062300000,12240.0,12247.8,12234.25,12235.15,0
1285127100000,12286.75,12293.9,12177.8,12236.1,0
1285134300000,12235.65,12254.8,12207.6,12221.55,0
1285141500000,12221.8,12340.0,12219.85,12292.95,0
1285148700000,12292.85,12310.1,12277.65,12284.1,0
1285213500000,12236.2,12271.4,12212.1,12271.4,0
1285220700000,12269.15,12270.8,12211.5,12221.4,0
1285227900000,12219.7,12223.35,12111.4,12143.8,0
1285235100000,12144.75,12147.65,12118.05,12123.95,0
1285299900000,12121.6,12225.95,12068.4,12193.85,0
1285307100000,12194.4,12223.45,12168.85,12223.25,0
1285314300000,12223.35,12287.95,12205.05,12286.5,0
1285321500000,12286.65,12287.35,12236.3,12236.3,0
1285559100000,12309.8,12349.0,12309.15,12332.8,0
1285566300000,12332.9,12349.9,12307.1,12316.85,0
1285573500000,12317.25,12344.0,12227.75,12256.0,0
1285580700000,12254.9,12257.75,12235.0,12242.95,0
1285645500000,12212.1,12285.9,12210.7,12246.9,0
1285652700000,12246.75,12255.65,12163.35,12186.2,0
1285659900000,12183.95,12282.5,12178.95,12257.6,0
1285667100000,12256.85,12295.85,12254.7,12290.25,0
1285731900000,12307.25,12315.25,12252.5,12258.2,0
1285739100000,12258.5,12281.85,12241.65,12247.65,0
1285746300000,12248.9,12274.75,12223.25,12243.1,0
1285753500000,12242.7,12246.55,12222.8,12224.6,0
1285818300000,12235.25,12255.0,12200.35,12206.9,0
1285825500000,12206.65,12247.75,12178.9,12246.85,0
1285832700000,12248.55,12384.85,12210.6,12384.85,0
1285839900000,12384.55,12410.6,12362.0,12365.15,0
1285904700000,12408.35,12483.9,12399.55,12475.65,0
1285911900000,12474.65,12495.9,12440.8,12454.8,0
1285919100000,12453.0,12556.85,12448.75,12542.95,0
1285926300000,12543.0,12577.7,12541.9,12577.3,0
1286163900000,12662.55,12738.5,12661.05,12692.2,0
1286171100000,12692.6,12718.1,12642.5,12652.65,0
1286178300000,12652.85,12681.0,12628.45,12648.45,0
1286185500000,12646.75,12651.75,12623.7,12629.35,0
1286250300000,12662.9,12679.25,12597.9,12662.0,0
1286257500000,12662.1,12664.55,12605.0,12637.95,0
1286264700000,12638.75,12670.85,12597.45,12607.1,0
1286271900000,12606.5,12606.55,12572.25,12577.25,0
1286336700000,12682.1,12712.8,12658.5,12703.85,0
1286343900000,12704.8,12717.45,12613.7,12630.35,0
1286351100000,12629.8,12672.5,12588.95,12639.85,0
1286358300000,12636.65,12644.6,12617.95,12626.6,0
1286423100000,12588.3,12594.75,12540.65,12588.15,0
1286430300000,12587.9,12624.2,12579.5,12609.7,0
1286437500000,12609.3,12630.4,12512.85,12545.9,0
1286444700000,12546.1,12549.9,12513.95,12531.85,0
1286509500000,12524.2,12586.7,12484.15,12543.6,0
1286516700000,12543.25,12547.35,12429.65,12460.0,0
1286523900000,12461.15,12493.15,12414.8,12456.7,0
1286531100000,12457.7,12496.8,12457.6,12470.75,0
1286768700000,12583.1,12592.0,12510.45,12529.0,0
1286775900000,12528.85,12536.3,12478.2,12491.85,0
1286783100000,12492.05,12522.5,12457.55,12504.4,0
1286790300000,12505.55,12524.65,12505.55,12514.4,0
1286855100000,12491.05,12497.8,12397.55,12399.65,0
1286862300000,12401.15,12439.6,12373.9,12427.4,0
1286869500000,12423.85,12465.35,12371.4,12460.55,0
1286876700000,12461.9,12476.95,12456.15,12471.4,0
1286941500000,12482.65,12592.25,12459.2,12570.45,0
1286948700000,12570.05,12615.15,12566.15,12599.4,0
1286955900000,12597.95,12756.85,12597.0,12753.3,0
1286963100000,12752.7,12763.7,12736.25,12737.95,0
1287027900000,12807.85,12808.45,12717.0,12717.0,0
1287035100000,12717.55,12730.1,12691.6,12707.35,0
1287042300000,12705.7,12733.5,12532.4,12607.05,0
1287049500000,12600.7,12620.6,12584.6,12589.1,0
1287114300000,12528.9,12550.6,12456.4,12497.15,0
1287121500000,12498.9,12514.15,12420.05,12445.15,0
1287128700000,12445.65,12497.35,12350.8,12356.0,0
1287135900000,12359.8,12359.8,12324.4,12339.25,0
1287373500000,12355.25,12355.25,12181.85,12187.7,0
1287380700000,12188.8,12230.55,12149.55,12181.7,0
1287387900000,12179.8,12336.85,12158.2,12325.3,0
1287395100000,12326.2,12370.85,12312.45,12365.75,0
1287459900000,12402.8,12436.6,12286.25,12405.6,0
1287467100000,12408.3,12446.8,12387.4,12423.15,0
1287474300000,12420.8,12535.85,12241.25,12246.8,0
1287481500000,12245.65,12264.25,12212.35,12217.4,0
1287546300000,12191.4,12268.6,12139.9,12198.1,0
1287553500000,12200.25,12245.95,12154.6,12237.7,0
1287560700000,12241.25,12302.7,12163.0,12165.35,0
1287567900000,12165.85,12179.8,12147.45,12170.75,0
1287632700000,12212.85,12281.9,12190.5,12229.75,0
1287639900000,12229.35,12358.5,12223.9,12349.6,0
1287647100000,12349.25,12458.15,12324.0,12444.0,0
1287654300000,12445.8,12448.55,12402.05,12403.1,0
1287719100000,12486.55,12486.55,12390.85,12455.15,0
1287726300000,12455.1,12466.9,12409.15,12411.9,0
1287733500000,12407.7,12411.75,12298.15,12380.5,0
1287740700000,12380.8,12397.2,12373.75,12375.65,0
1287978300000,12435.1,12580.5,12429.5,12556.85,0
1287985500000,12555.05,12557.3,12453.4,12457.45,0
1287992700000,12459.1,12486.7,12397.4,12410.85,0
1287999900000,12410.5,12441.15,12404.1,12423.35,0
1288064700000,12435.0,12435.7,12374.8,12389.3,0
1288071900000,12389.9,12396.1,12339.05,12351.0,0
1288079100000,12350.6,12388.2,12314.65,12331.4,0
1288086300000,12331.85,12350.65,12323.3,12323.5,0
1288151100000,12324.45,12331.1,12267.0,12315.0,0
1288158300000,12314.35,12327.9,12210.0,12211.1,0
1288165500000,12211.25,12235.6,12097.85,12187.65,0
1288172700000,12188.2,12206.35,12171.7,12180.2,0
1288237500000,12240.45,12250.6,12149.6,12216.65,0
1288244700000,12216.85,12251.85,12193.05,12231.4,0
1288251900000,12234.8,12291.15,12052.05,12096.55,0
1288259100000,12097.4,12132.3,12083.0,12132.3,0
1288323900000,12138.2,12142.05,12004.75,12026.6,0
1288331100000,12025.1,12122.7,12023.6,12100.15,0
1288338300000,12096.6,12396.7,11955.55,12347.7,0
1288345500000,12346.05,12371.8,12316.4,12329.15,0
1288583100000,12496.85,12732.6,12496.85,12717.75,0
1288590300000,12718.75,12779.65,12705.8,12771.05,0
1288597500000,12771.85,12773.25,12702.25,12743.1,0
1288604700000,12741.8,12761.35,12730.2,12745.35,0
1288669500000,12743.7,12805.55,12685.25,12785.35,0
1288676700000,12782.5,12844.5,12729.4,12781.9,0
1288683900000,12780.95,12811.5,12690.1,12752.25,0
1288691100000,12756.65,12774.75,12749.15,12770.35,0
1288755900000,12851.05,12898.3,12851.05,12886.0,0
1288763100000,12885.0,12904.2,12845.75,12886.25,0
1288770300000,12885.1,12958.1,12862.55,12882.65,0
1288777500000,12882.5,12919.6,12864.95,12915.95,0
1288842300000,12985.5,13087.8,12952.15,13078.3,0
1288849500000,13078.45,13100.45,13055.45,13093.55,0
1288856700000,13095.35,13198.6,13091.7,13181.35,0
1288863900000,13180.75,13204.55,13175.45,13192.55,0
1289187900000,13296.3,13301.45,13081.05,13127.6,0
1289195100000,13128.2,13174.75,13113.2,13168.75,0
1289202300000,13167.6,13187.2,13078.9,13092.5,0
1289209500000,13091.25,13124.85,13088.3,13115.7,0
1289274300000,13014.25,13134.55,12950.7,13070.85,0
1289281500000,13071.25,13071.65,12996.25,13024.6,0
1289288700000,13024.2,13171.1,13005.35,13123.4,0
1289295900000,13121.1,13136.3,13108.85,13133.5,0
1289360700000,13086.45,13098.75,13036.95,13085.95,0
1289367900000,13086.05,13091.6,13021.0,13029.9,0
1289375100000,13028.55,13042.5,12980.85,13005.25,0
1289382300000,13006.85,13021.4,12997.15,13010.8,0
1289447100000,13020.4,13068.55,13003.7,13055.6,0
1289454300000,13056.2,13064.0,12966.05,12985.4,0
1289461500000,12986.25,12995.55,12782.0,12792.9,0
1289468700000,12791.35,12861.85,12791.35,12849.2,0
1289533500000,12760.35,12826.65,12692.5,12729.6,0
1289540700000,12730.45,12731.0,12548.9,12593.05,0
1289547900000,12593.45,12615.75,12432.45,12455.4,0
1289555100000,12453.95,12476.6,12428.8,12444.55,0
1289792700000,12467.35,12601.35,12445.55,12545.45,0
1289799900000,12544.05,12707.65,12532.9,12686.85,0
1289807100000,12688.4,12789.45,12628.3,12773.4,0
1289814300000,12773.65,12773.65,12725.6,12754.5,0
1289879100000,12789.4,12816.45,12677.75,12754.85,0
1289886300000,12750.1,12753.25,12523.95,12576.0,0
1289893500000,12577.1,12578.55,12436.5,12521.45,0
1289900700000,12521.55,12541.9,12506.65,12525.7,0
1290051900000,12601.25,12601.25,12050.35,12190.35,0
1290059100000,12188.8,12361.4,12187.5,12240.6,0
1290066300000,12242.45,12385.1,12174.3,12300.1,0
1290073500000,12299.05,12354.2,12294.55,12323.45,0
1290138300000,12322.65,12322.65,12089.15,12146.2,0
1290145500000,12144.85,12240.7,12123.2,12192.85,0
1290152700000,12193.05,12249.65,12013.65,12037.75,0
1290159900000,12035.0,12089.95,12032.65,12078.0,0
1290397500000,12149.8,12234.55,12054.55,12156.3,0
1290404700000,12156.35,12267.1,12131.55,12263.7,0
1290411900000,12264.3,12414.55,12249.25,12395.7,0
1290419100000,12396.1,12411.3,12365.15,12411.3,0
1290483900000,12288.1,12288.1,12171.7,12206.15,0
1290491100000,12205.25,12206.7,11891.35,11891.35,0
1290498300000,11895.55,12249.75,11895.55,12201.65,0
1290505500000,12202.85,12210.8,12162.8,12162.8,0
1290570300000,12208.6,12292.85,12146.35,12288.4,0
1290577500000,12288.6,12289.15,12129.5,12190.1,0
1290584700000,12189.95,12246.65,11746.75,11761.85,0
1290591900000,11766.7,11855.9,11757.7,11845.55,0
1290656700000,11922.4,11962.1,11787.55,11877.05,0
1290663900000,11877.65,11893.05,11681.45,11695.75,0
1290671100000,11700.2,11782.05,11608.3,11635.75,0
1290678300000,11632.4,11738.6,11615.65,11738.6,0
1290743100000,11720.85,11743.5,11362.9,11482.15,0
1290750300000,11479.5,11874.55,11452.3,11773.3,0
1290757500000,11779.7,11845.6,11619.7,11624.85,0
1290764700000,11623.1,11690.0,11622.75,11679.8,0
1291002300000,11730.8,11846.2,11707.85,11753.65,0
1291009500000,11756.3,11827.65,11716.95,11804.4,0
1291016700000,11803.25,11855.7,11784.2,11808.0,0
1291023900000,11806.65,11845.95,11786.85,11845.95,0
1291088700000,11803.25,11858.75,11725.5,11834.55,0
1291095900000,11834.9,12013.15,11767.2,11972.2,0
1291103100000,11974.4,12031.25,11910.9,11942.65,0
1291110300000,11943.2,11985.15,11930.95,11985.15,0
1291175100000,12010.6,12187.4,11963.85,12163.2,0
1291182300000,12162.85,12231.15,12161.0,12224.25,0
1291189500000,12224.05,12345.35,12215.1,12319.5,0
1291196700000,12313.9,12333.05,12300.65,12304.35,0
1291261500000,12432.65,12512.85,12389.65,12435.55,0
1291268700000,12436.25,12535.85,12425.2,12456.6,0
1291275900000,12457.0,12509.75,12430.65,12469.95,0
1291283100000,12471.6,12473.6,12446.65,12453.35,0
1291347900000,12460.85,12464.1,12316.15,12325.0,0
1291355100000,12323.4,12379.2,12300.8,12303.6,0
1291362300000,12301.8,12400.35,12232.7,12339.5,0
1291369500000,12339.8,12383.45,12339.1,12383.45,0
1291607100000,12396.8,12429.45,12310.05,12316.5,0
1291614300000,12317.15,12364.15,12253.55,12277.7,0
1291621500000,12278.0,12287.6,12032.5,12036.25,0
1291628700000,12040.05,12059.3,12011.5,12022.6,0
1291693500000,12021.85,12021.85,11706.3,11729.7,0
1291700700000,11732.45,11743.3,11633.1,11644.1,0
1291707900000,11643.6,11750.35,11629.5,11686.0,0
1291715100000,11685.8,11736.2,11677.45,11724.95,0
1291779900000,11637.65,11637.65,11454.65,11518.05,0
1291787100000,11514.8,11590.95,11466.9,11473.45,0
1291794300000,11470.05,11488.7,11403.85,11448.5,0
1291801500000,11448.15,11484.0,11444.55,11468.0,0
1291866300000,11487.55,11534.0,11375.85,11455.3,0
1291873500000,11455.7,11458.85,11279.15,11315.7,0
1291880700000,11315.6,11384.5,11043.95,11096.45,0
1291887900000,11095.4,11153.6,11094.6,11141.5,0
1291952700000,11056.0,11399.5,10977.9,11399.5,0
1291959900000,11399.7,11399.7,11234.35,11346.0,0
1291967100000,11345.25,11442.35,11273.1,11435.05,0
1291974300000,11442.15,11482.7,11440.55,11473.85,0
1292211900000,11518.45,11565.35,11328.25,11363.0,0
1292219100000,11365.75,11383.8,11301.75,11339.8,0
1292226300000,11339.1,11533.9,11270.1,11513.3,0
1292233500000,11511.8,11538.25,11496.25,11496.25,0
1292298300000,11527.85,11566.45,11441.4,11470.6,0
1292305500000,11470.1,11587.75,11447.6,11510.85,0
1292312700000,11511.45,11623.7,11466.45,11583.35,0
1292319900000,11579.6,11583.4,11517.15,11519.2,0
1292384700000,11490.35,11490.35,11326.45,11381.75,0
1292391900000,11381.0,11420.9,11253.1,11287.95,0
1292399100000,11290.05,11306.65,11150.95,11204.25,0
1292406300000,11205.45,11212.25,11168.7,11181.25,0
1292471100000,11219.45,11288.65,11147.45,11257.55,0
1292478300000,11249.5,11386.2,11223.15,11242.1,0
1292485500000,11246.1,11484.95,11223.0,11412.65,0
1292492700000,11417.05,11425.35,11376.95,11381.55,0
1292816700000,11353.7,11353.7,11251.0,11285.7,0
1292823900000,11287.6,11385.4,11280.05,11353.8,0
1292831100000,11353.15,11404.65,11258.1,11260.3,0
1292838300000,11261.45,11267.15,11237.2,11245.85,0
1292903100000,11315.1,11538.75,11315.1,11521.55,0
1292910300000,11520.15,11549.35,11469.1,11534.75,0
1292917500000,11537.0,11571.0,11502.15,11541.65,0
1292924700000,11540.6,11543.8,11514.85,11523.8,0
1292989500000,11581.55,11634.65,11509.5,11546.8,0
1292996700000,11545.9,11577.15,11530.85,11551.45,0
1293003900000,11550.1,11564.75,11408.15,11488.45,0
1293011100000,11487.9,11490.25,11456.65,11465.7,0
1293075900000,11501.3,11541.05,11463.2,11485.1,0
1293083100000,11484.4,11513.9,11432.15,11440.0,0
1293090300000,11438.9,11518.95,11435.95,11457.05,0
1293097500000,11458.05,11475.3,11457.95,11457.95,0
1293162300000,11411.0,11440.45,11390.15,11407.2,0
1293169500000,11406.35,11491.45,11390.1,11476.7,0
1293176700000,11477.45,11510.55,11456.75,11468.75,0
1293183900000,11467.35,11497.2,11463.3,11491.2,0
1293421500000,11484.3,11543.9,11478.95,11522.85,0
1293428700000,11524.3,11534.95,11482.1,11505.5,0
1293435900000,11505.75,11510.35,11441.55,11466.95,0
1293443100000,11469.0,11480.7,11454.8,11459.9,0
1293507900000,11486.1,11486.1,11423.75,11450.4,0
1293515100000,11449.75,11451.95,11423.5,11424.6,0
1293522300000,11425.05,11463.45,11392.9,11428.65,0
1293529500000,11428.8,11436.75,11420.7,11433.55,0
1293594300000,11471.2,11525.35,11433.3,11496.4,0
1293601500000,11496.5,11579.0,11477.65,11574.8,0
1293608700000,11574.75,11627.1,11569.95,11612.0,0
1293615900000,11611.85,11626.65,11605.35,11626.65,0
1293680700000,11627.1,11662.1,11603.7,11638.9,0
1293687900000,11643.3,11644.9,11585.1,11610.55,0
1293695100000,11609.85,11660.55,11573.7,11609.45,0
1293702300000,11602.95,11631.85,11595.6,11595.6,0
1293767100000,11636.15,11741.4,11631.2,11732.05,0
1293774300000,11733.85,11799.1,11730.7,11783.4,0
1293781500000,11782.9,11828.4,11750.65,11795.8,0
1293788700000,11797.2,11800.8,11760.65,11768.05,0
1294026300000,11880.9,11909.2,11840.15,11862.35,0
1294033500000,11861.55,11898.95,11841.05,11891.1,0
1294040700000,11891.3,11912.15,11853.05,11861.15,0
1294047900000,11863.9,11867.7,11826.95,11829.5,0
1294112700000,11861.1,11872.8,11652.4,11666.3,0
1294119900000,11664.95,11667.55,11605.85,11655.85,0
1294127100000,11652.45,11683.1,11545.55,11560.8,0
1294134300000,11561.85,11566.8,11549.5,11559.6,0
1294199100000,11533.55,11533.55,11354.7,11391.6,0
1294206300000,11390.2,11391.35,11321.95,11361.8,0
1294213500000,11362.4,11363.25,11265.55,11294.15,0
1294220700000,11293.6,11324.85,11293.6,11305.15,0
1294285500000,11365.0,11377.1,11215.45,11271.75,0
1294292700000,11271.95,11277.6,11199.25,11224.2,0
1294299900000,11223.35,11228.85,11170.65,11197.1,0
1294307100000,11195.75,11197.05,11164.75,11168.75,0
1294371900000,11129.1,11175.35,11046.35,11123.75,0
1294379100000,11124.35,11258.5,11071.65,11193.5,0
1294386300000,11194.75,11200.9,11017.75,11044.7,0
1294393500000,11039.4,11064.1,11007.9,11019.95,0
1294631100000,11028.4,11072.7,10899.7,10950.9,0
1294638300000,10949.2,10949.2,10822.35,10870.5,0
1294645500000,10868.35,10869.9,10702.7,10715.3,0
1294652700000,10716.05,10719.8,10671.6,10681.4,0
1294717500000,10728.65,10883.35,10620.8,10862.7,0
1294724700000,10861.6,10938.8,10779.55,10909.25,0
1294731900000,10909.75,10951.2,10700.3,10796.55,0
1294739100000,10794.45,10937.6,10790.85,10914.0,0
1294803900000,10907.1,10990.15,10852.15,10863.15,0
1294811100000,10864.0,10938.6,10728.45,10897.75,0
1294818300000,10896.0,11161.15,10879.0,11144.9,0
1294825500000,11143.0,11143.0,11110.1,11129.25,0
1294890300000,11127.95,11127.95,10994.6,10996.25,0
1294897500000,10991.5,11041.3,10777.65,10811.05,0
1294904700000,10814.7,10825.9,10676.5,10713.7,0
1294911900000,10716.45,10756.8,10712.65,10740.55,0
1294976700000,10725.1,10725.1,10584.35,10691.85,0
1294983900000,10695.0,10896.6,10684.3,10891.95,0
1294991100000,10891.85,10907.3,10402.45,10407.2,0
1294998300000,10412.75,10448.65,10387.9,10443.75,0
1295235900000,10476.95,10547.95,10373.8,10528.15,0
1295243100000,10527.35,10571.8,10451.65,10545.85,0
1295250300000,10548.55,10549.0,10411.5,10477.9,0
1295257500000,10474.55,10489.75,10461.3,10489.75,0
1295322300000,10544.4,10677.95,10544.4,10559.4,0
1295329500000,10558.5,10620.5,10544.3,10585.8,0
1295336700000,10586.75,10633.05,10520.3,10616.65,0
1295343900000,10616.55,10634.6,10600.45,10633.1,0
1295408700000,10661.9,10715.05,10610.35,10688.55,0
1295415900000,10689.35,10703.95,10649.55,10690.15,0
1295423100000,10690.2,10713.4,10562.25,10615.6,0
1295430300000,10617.9,10638.5,10614.85,10634.45,0
1295495100000,10550.5,10565.1,10493.25,10554.15,0
1295502300000,10553.8,10566.7,10499.35,10516.7,0
1295509500000,10512.55,10878.8,10512.55,10786.3,0
1295516700000,10785.3,10823.55,10766.55,10795.1,0
1295581500000,10748.65,10835.55,10740.0,10799.55,0
1295588700000,10799.25,10923.7,10766.15,10890.85,0
1295595900000,10890.3,10909.75,10805.75,10892.65,0
1295603100000,10891.95,10897.7,10875.45,10890.75,0
1295840700000,10946.5,11088.0,10913.45,11083.35,0
1295847900000,11083.65,11162.4,11082.0,11113.55,0
1295855100000,11101.3,11177.85,11065.15,11156.8,0
1295862300000,11155.65,11156.55,11142.45,11142.45,0
1295927100000,11152.15,11197.65,11074.7,11113.0,0
1295934300000,11112.75,11256.95,10991.1,11072.35,0
1295941500000,11068.8,11068.8,10849.4,10880.15,0
1295948700000,10882.3,10893.7,10871.9,10879.05,0
1296099900000,10944.9,10970.85,10861.95,10900.05,0
1296107100000,10899.8,10930.5,10850.3,10866.85,0
1296114300000,10869.2,10872.0,10639.85,10658.05,0
1296121500000,10662.85,10690.45,10660.75,10681.75,0
1296186300000,10692.45,10736.4,10536.2,10552.5,0
1296193500000,10554.5,10581.6,10481.1,10491.5,0
1296200700000,10489.35,10582.95,10481.8,10551.45,0
1296207900000,10546.8,10618.15,10546.8,10607.8,0
1296445500000,10416.4,10519.45,10400.25,10476.35,0
1296452700000,10475.5,10628.6,10410.8,10622.75,0
1296459900000,10621.2,10696.3,10481.1,10653.05,0
1296467100000,10652.85,10657.75,10623.75,10632.75,0
1296531900000,10675.2,10675.2,10494.65,10539.7,0
1296539100000,10542.2,10608.2,10538.05,10572.5,0
1296546300000,10572.7,10589.25,10470.85,10488.7,0
1296553500000,10485.75,10493.1,10457.8,10466.4,0
1296618300000,10598.4,10614.95,10475.9,10535.4,0
1296625500000,10534.3,10552.75,10502.75,10520.15,0
1296632700000,10519.55,10598.25,10456.55,10461.25,0
1296639900000,10464.2,10474.05,10418.2,10450.35,0
1296704700000,10457.75,10630.85,10429.5,10613.2,0
1296711900000,10613.55,10704.3,10576.75,10691.65,0
1296719100000,10687.7,10698.1,10631.75,10663.45,0
1296726300000,10662.8,10674.9,10654.0,10655.7,0
1296791100000,10654.25,10772.45,10615.8,10663.15,0
1296798300000,10654.8,10675.55,10508.2,10519.4,0
1296805500000,10519.15,10603.15,10423.95,10447.05,0
1296812700000,10444.5,10444.5,10385.9,10424.35,0
1297050300000,10448.05,10485.0,10365.1,10465.2,0
1297057500000,10463.55,10494.05,10418.0,10437.05,0
1297064700000,10436.8,10509.8,10354.6,10376.2,0
1297071900000,10377.6,10398.65,10360.4,10395.8,0
1297136700000,10414.15,10429.4,10255.45,10270.25,0
1297143900000,10272.5,10275.8,10181.85,10228.2,0
1297151100000,10228.85,10264.5,10141.55,10165.9,0
1297158300000,10165.95,10165.95,10119.45,10150.6,0
1297223100000,10119.8,10247.55,10038.15,10198.95,0
1297230300000,10200.7,10250.8,10153.75,10218.6,0
1297237500000,10217.2,10294.8,10064.5,10070.55,0
1297244700000,10069.3,10165.8,10069.3,10158.5,0
1297309500000,10117.75,10180.65,10039.25,10083.65,0
1297316700000,10082.7,10133.85,10017.85,10083.5,0
1297323900000,10084.55,10227.75,10038.95,10089.55,0
1297331100000,10088.45,10094.4,10064.75,10071.7,0
1297395900000,10092.4,10180.3,10086.15,10141.5,0
1297403100000,10142.7,10199.45,10078.9,10162.15,0
1297410300000,10169.35,10473.45,10167.65,10431.35,0
1297417500000,10432.95,10471.7,10432.95,10444.65,0
1297655100000,10569.0,10720.45,10557.7,10715.1,0
1297662300000,10714.2,10740.75,10687.1,10740.75,0
1297669500000,10739.85,10806.9,10716.5,10802.25,0
1297676700000,10802.9,10815.7,10798.85,10806.75,0
1297741500000,10827.3,10861.75,10722.7,10780.55,0
1297748700000,10780.5,11024.9,10777.85,10973.5,0
1297755900000,10973.75,11035.15,10917.75,10955.05,0
1297763100000,10952.45,10977.05,10946.9,10959.1,0
1297827900000,10953.05,11024.25,10908.65,10960.1,0
1297835100000,10960.3,11012.7,10933.0,10982.5,0
1297842300000,10979.4,11010.95,10940.75,10955.55,0
1297849500000,10954.1,10988.85,10946.05,10988.85,0
1297914300000,10984.05,10997.55,10918.1,10989.25,0
1297921500000,10987.85,11133.0,10987.2,11102.4,0
1297928700000,11101.85,11190.2,11100.2,11126.1,0
1297935900000,11126.55,11139.1,11117.6,11134.9,0
1298000700000,11167.1,11300.45,11090.0,11105.2,0
1298007900000,11106.45,11166.55,11045.5,11082.15,0
1298015100000,11080.9,11143.5,10915.35,10937.05,0
1298022300000,10941.45,10970.0,10928.1,10970.0,0
1298259900000,10943.55,10988.8,10831.85,10857.95,0
1298267100000,10858.6,10882.05,10825.55,10843.25,0
1298274300000,10843.5,11064.7,10806.3,11064.7,0
1298281500000,11065.85,11070.35,11033.2,11055.85,0
1298346300000,10950.95,10951.75,10842.35,10904.05,0
1298353500000,10899.7,10938.0,10826.15,10859.35,0
1298360700000,10858.55,10865.6,10777.65,10834.7,0
1298367900000,10834.85,10863.2,10826.6,10835.1,0
1298432700000,10788.7,10857.85,10764.1,10839.3,0
1298439900000,10839.8,10840.95,10761.3,10767.2,0
1298447100000,10764.4,10837.15,10628.65,10640.55,0
1298454300000,10641.25,10661.8,10629.15,10645.75,0
1298519100000,10628.55,10643.25,10455.85,10490.6,0
1298526300000,10490.2,10534.25,10423.4,10423.85,0
1298533500000,10424.7,10429.4,10169.0,10178.15,0
1298540700000,10179.8,10273.6,10173.45,10246.85,0
1298605500000,10359.05,10450.5,10263.15,10410.7,0
1298612700000,10409.1,10510.5,10391.35,10446.25,0
1298619900000,10450.4,10451.2,10278.15,10409.25,0
1298627100000,10406.95,10494.5,10406.95,10493.3,0
1298864700000,10586.8,10586.8,10454.8,10506.4,0
1298871900000,10502.25,10627.7,10364.35,10584.05,0
1298879100000,10582.45,10744.85,10405.85,10450.55,0
1298886300000,10451.6,10465.9,10408.55,10437.0,0
1298951100000,10541.75,10702.2,10528.35,10695.95,0
1298958300000,10696.05,10808.95,10692.95,10794.0,0
1298965500000,10794.5,10899.8,10765.1,10891.7,0
1298972700000,10889.7,10906.15,10876.4,10901.1,0
1299123900000,10786.85,10907.5,10759.7,10795.85,0
1299131100000,10795.45,11066.4,10770.7,10966.35,0
1299138300000,10963.55,10990.75,10776.75,10921.65,0
1299145500000,10921.5,10939.45,10893.4,10908.85,0
1299210300000,11015.25,11134.1,11009.85,11059.8,0
1299217500000,11058.2,11060.3,10974.25,11007.0,0
1299224700000,11005.25,11048.7,10924.1,10962.5,0
1299231900000,10960.7,10991.55,10956.9,10981.4,0
1299469500000,10861.85,10861.85,10702.7,10725.55,0
1299476700000,10726.45,10742.5,10662.75,10676.4,0
1299483900000,10678.05,10838.95,10658.3,10797.25,0
1299491100000,10794.05,10796.65,10765.05,10792.65,0
1299555900000,10779.15,10934.9,10779.15,10876.5,0
1299563100000,10874.3,10940.15,10841.7,10895.15,0
1299570300000,10894.45,10962.7,10868.8,10931.45,0
1299577500000,10931.85,10951.4,10914.15,10940.2,0
1299642300000,10984.0,11054.0,10931.45,10940.6,0
1299649500000,10940.3,11033.0,10904.6,11014.15,0
1299656700000,11013.5,11026.3,10959.3,10976.45,0
1299663900000,10975.8,10983.85,10941.65,10941.95,0
1299728700000,10913.1,10913.1,10783.3,10818.1,0
1299735900000,10817.9,10849.9,10787.75,10821.15,0
1299743100000,10820.2,10868.85,10811.25,10842.2,0
1299750300000,10842.9,10857.05,10835.05,10855.65,0
1299815100000,10767.35,10904.2,10757.4,10861.9,0
1299822300000,10865.7,10865.7,10697.1,10732.9,0
1299829500000,10733.6,10769.45,10702.95,10734.8,0
1299836700000,10734.65,10747.25,10729.25,10734.25,0
1300074300000,10731.85,10847.7,10731.85,10837.85,0
1300081500000,10836.5,10872.05,10795.65,10818.85,0
1300088700000,10817.75,10902.6,10769.15,10901.05,0
1300095900000,10899.0,10916.65,10880.15,10915.45,0
1300160700000,10668.2,10747.6,10591.3,10715.7,0
1300167900000,10715.3,10747.55,10683.3,10737.75,0
1300175100000,10735.2,10784.2,10689.8,10743.85,0
1300182300000,10742.2,10765.55,10723.55,10750.7,0
1300247100000,10804.8,10919.7,10804.8,10902.45,0
1300254300000,10900.95,10966.6,10900.7,10965.2,0
1300261500000,10963.8,11001.25,10927.95,10958.55,0
1300268700000,10959.1,10967.05,10945.85,10967.05,0
1300333500000,10861.45,11018.3,10861.45,11003.3,0
1300340700000,11004.0,11004.0,10834.75,10878.9,0
1300347900000,10884.85,10903.4,10824.4,10837.8,0
1300355100000,10837.5,10869.4,10837.4,10853.1,0
1300419900000,10898.8,10927.25,10762.25,10794.45,0
1300427100000,10794.1,10800.95,10732.5,10742.15,0
1300434300000,10741.1,10786.95,10707.6,10709.15,0
1300441500000,10708.1,10722.65,10699.4,10707.65,0
1300679100000,10802.6,10814.75,10661.15,10743.35,0
1300686300000,10743.5,10782.45,10721.65,10748.05,0
1300693500000,10747.5,10776.15,10701.0,10713.4,0
1300700700000,10712.0,10743.2,10712.0,10740.6,0
1300765500000,10760.05,10790.5,10726.25,10781.45,0
1300772700000,10780.25,10819.35,10780.25,10803.35,0
1300779900000,10802.55,10822.25,10743.2,10766.75,0
1300787100000,10766.0,10777.7,10762.85,10770.6,0
1300851900000,10748.7,10942.4,10744.7,10904.8,0
1300859100000,10904.0,10947.4,10897.9,10926.05,0
1300866300000,10926.25,10972.3,10908.7,10960.5,0
1300873500000,10960.4,10960.4,10946.35,10959.45,0
1300938300000,11006.4,11112.6,11006.4,11072.65,0
1300945500000,11071.8,11076.0,11047.7,11063.3,0
1300952700000,11063.85,11079.75,11021.8,11074.4,0
1300959900000,11072.3,11078.3,11057.0,11070.25,0
1301024700000,11167.7,11184.0,11138.55,11162.5,0
1301031900000,11164.8,11209.4,11138.95,11202.05,0
1301039100000,11200.45,11420.4,11197.85,11386.6,0
1301046300000,11388.9,11400.25,11354.25,11354.25,0
1301283900000,11348.15,11557.3,11348.15,11501.8,0
1301291100000,11502.4,11544.05,11485.75,11533.75,0
1301298300000,11537.8,11599.0,11504.85,11510.45,0
1301305500000,11510.65,11528.75,11498.0,11512.45,0
1301370300000,11517.7,11605.35,11507.45,11595.45,0
1301377500000,11597.15,11648.9,11585.9,11630.65,0
1301384700000,11633.35,11657.6,11571.35,11598.05,0
1301391900000,11596.95,11596.95,11563.35,11576.65,0
1301456700000,11627.7,11698.85,11627.7,11681.65,0
1301463900000,11681.6,11771.45,11675.6,11742.15,0
1301471100000,11745.2,11764.4,11698.0,11762.55,0
1301478300000,11761.1,11801.65,11743.7,11795.3,0
1301543100000,11808.8,11898.4,11808.8,11847.55,0
1301550300000,11850.25,11882.05,11695.4,11723.05,0
1301557500000,11726.7,11733.9,11569.25,11731.25,0
1301564700000,11732.1,11740.35,11693.8,11710.45,0
1301629500000,11711.55,11738.45,11540.85,11576.15,0
1301636700000,11576.25,11620.15,11551.55,11559.4,0
1301643900000,11559.6,11604.25,11556.25,11583.35,0
1301651100000,11586.9,11607.2,11586.9,11603.95,0
1301888700000,11624.55,11702.25,11624.55,11664.4,0
1301895900000,11664.2,11807.55,11664.2,11776.2,0
1301903100000,11778.95,11840.7,11750.55,11793.95,0
1301910300000,11793.1,11811.0,11792.65,11804.95,0
1301975100000,11834.3,11861.15,11699.55,11701.15,0
1301982300000,11701.05,11739.6,11678.1,11726.3,0
1301989500000,11727.25,11816.35,11725.85,11803.3,0
1301996700000,11802.95,11814.7,11771.2,11771.2,0
1302061500000,11790.8,11838.05,11686.55,11733.6,0
1302068700000,11735.85,11793.05,11727.4,11762.9,0
1302075900000,11764.2,11769.35,11718.45,11747.9,0
1302083100000,11748.3,11751.7,11704.8,11708.65,0
1302147900000,11712.7,11731.45,11656.7,11701.75,0
1302155100000,11701.0,11807.2,11695.75,11794.1,0
1302162300000,11792.65,11825.0,11724.4,11756.05,0
1302169500000,11757.45,11769.1,11741.1,11752.85,0
1302234300000,11760.25,11853.35,11666.5,11714.7,0
1302241500000,11714.8,11750.8,11713.85,11716.6,0
1302248700000,11717.3,11727.4,11632.55,11679.7,0
1302255900000,11681.65,11691.95,11667.4,11679.15,0
1302493500000,11605.25,11629.55,11551.75,11590.3,0
1302500700000,11589.85,11624.6,11572.55,11609.05,0
1302507900000,11607.95,11637.0,11575.9,11594.65,0
1302515100000,11594.5,11596.15,11574.2,11580.65,0
1302666300000,11520.35,11724.9,11490.55,11720.85,0
1302673500000,11721.05,11748.1,11684.95,11746.45,0
1302680700000,11744.25,11852.35,11738.9,11839.7,0
1302687900000,11839.95,11856.35,11834.55,11849.9,0
1302839100000,11807.4,11950.7,11807.4,11878.35,0
1302846300000,11874.7,11921.1,11707.6,11772.45,0
1302853500000,11772.1,11795.1,11713.55,11742.8,0
1302860700000,11742.9,11742.9,11722.85,11734.8,0
1303098300000,11763.0,11887.1,11706.3,11837.05,0
1303105500000,11836.7,11837.15,11581.25,11596.1,0
1303112700000,11594.0,11614.65,11528.2,11532.5,0
1303119900000,11532.8,11561.35,11525.05,11552.7,0
1303184700000,11557.4,11631.15,11482.15,11568.75,0
1303191900000,11570.45,11618.05,11552.25,11590.8,0
1303199100000,11591.15,11602.7,11512.7,11581.3,0
1303206300000,11585.8,11601.3,11580.7,11593.7,0
1303271100000,11675.1,11740.3,11655.6,11656.3,0
1303278300000,11658.7,11701.85,11614.6,11631.65,0
1303285500000,11632.2,11799.9,11629.65,11798.5,0
1303292700000,11798.3,11813.7,11786.55,11806.65,0
1303357500000,11857.35,11912.9,11836.95,11903.45,0
1303364700000,11902.7,11926.05,11842.05,11888.25,0
1303371900000,11888.3,11912.65,11862.3,11894.95,0
1303379100000,11895.75,11900.9,11882.45,11886.95,0
1303703100000,11865.3,11978.05,11865.3,11931.6,0
1303710300000,11929.55,11941.0,11900.05,11918.75,0
1303717500000,11919.2,11949.65,11874.5,11886.45,0
1303724700000,11886.9,11892.85,11863.05,11866.4,0
1303789500000,11901.3,11901.3,11713.7,11745.9,0
1303796700000,11747.25,11773.5,11709.8,11765.5,0
1303803900000,11763.85,11912.45,11756.4,11875.8,0
1303811100000,11874.9,11874.9,11846.35,11847.65,0
1303875900000,11918.1,11936.35,11818.1,11829.3,0
1303883100000,11829.05,11849.75,11745.75,11765.1,0
1303890300000,11765.5,11831.6,11732.25,11777.05,0
1303897500000,11776.05,11791.95,11766.65,11788.85,0
1303962300000,11854.15,11855.2,11740.7,11764.55,0
1303969500000,11764.1,11785.6,11679.3,11740.9,0
1303976700000,11738.6,11774.15,11664.15,11688.65,0
1303983900000,11688.95,11700.25,11659.5,11685.15,0
1304048700000,11667.95,11723.25,11566.95,11584.05,0
1304055900000,11583.95,11619.3,11555.15,11555.15,0
1304063100000,11554.85,11560.5,11406.85,11492.75,0
1304070300000,11493.45,11523.7,11461.75,11463.3,0
1304307900000,11510.05,11543.35,11263.15,11277.55,0
1304315100000,11276.7,11321.1,11223.5,11241.65,0
1304322300000,11241.9,11274.55,11204.65,11261.4,0
1304329500000,11261.25,11261.25,11225.95,11229.9,0
1304394300000,11208.0,11349.5,11158.95,11258.3,0
1304401500000,11264.55,11306.55,10892.6,10892.7,0
1304408700000,10890.1,10930.8,10849.15,10903.45,0
1304415900000,10903.2,10918.7,10889.4,10912.75,0
1304480700000,10893.9,10952.6,10797.6,10836.65,0
1304487900000,10839.55,10918.0,10836.8,10887.95,0
1304495100000,10888.55,11013.4,10849.7,10928.15,0
1304502300000,10928.9,10935.6,10910.45,10927.8,0
1304567100000,10912.6,10987.6,10847.55,10864.55,0
1304574300000,10862.95,10906.15,10751.85,10772.4,0
1304581500000,10775.2,10798.35,10696.1,10748.05,0
1304588700000,10748.6,10749.45,10677.3,10678.85,0
1304653500000,10797.1,11031.8,10797.1,11003.5,0
1304660700000,11005.0,11020.95,10919.6,10962.65,0
1304667900000,10963.55,11167.4,10961.35,11158.3,0
1304675100000,11159.5,11161.1,11115.55,11130.6,0
1304912700000,11204.95,11213.5,10956.35,10993.4,0
1304919900000,10991.7,11123.8,10979.15,11106.45,0
1304927100000,11110.0,11138.9,11064.35,11078.1,0
1304934300000,11077.65,11085.5,11060.9,11060.9,0
1304999100000,11062.95,11096.9,10963.1,11055.6,0
1305006300000,11054.4,11080.35,11012.95,11059.1,0
1305013500000,11058.75,11066.6,10945.7,11020.85,0
1305020700000,11018.75,11020.85,10999.25,11016.1,0
1305085500000,11039.65,11043.9,10904.1,10986.6,0
1305092700000,10987.0,11025.7,10967.9,10981.55,0
1305099900000,10981.6,11097.25,10965.1,11051.1,0
1305107100000,11051.85,11072.45,11026.85,11060.8,0
1305171900000,11001.35,11076.0,10976.95,11040.65,0
1305179100000,11040.25,11072.1,10963.95,10969.6,0
1305186300000,10969.55,10969.55,10865.15,10888.55,0
1305193500000,10888.5,10888.65,10873.3,10875.75,0
1305258300000,10903.7,11086.1,10838.15,11053.4,0
1305265500000,11053.3,11126.45,11042.3,11103.85,0
1305272700000,11106.9,11180.4,10986.5,11003.15,0
1305279900000,11009.35,11065.75,10995.2,11058.0,0
1305517500000,10951.65,10969.8,10909.65,10942.7,0
1305524700000,10942.35,10970.0,10911.7,10963.15,0
1305531900000,10963.2,10963.2,10878.65,10915.0,0
1305539100000,10914.55,10916.05,10899.75,10906.55,0
1305603900000,10925.05,10972.45,10842.8,10860.2,0
1305611100000,10860.55,10901.45,10738.2,10743.85,0
1305618300000,10741.35,10741.35,10617.15,10672.2,0
1305625500000,10670.25,10672.8,10656.35,10666.1,0
1305690300000,10682.25,10695.7,10582.55,10640.2,0
1305697500000,10640.6,10640.85,10550.95,10565.7,0
1305704700000,10565.8,10670.55,10560.9,10586.0,0
1305711900000,10588.45,10612.6,10586.8,10597.1,0
1305776700000,10657.0,10674.7,10574.95,10589.35,0
1305783900000,10589.95,10613.6,10576.85,10589.75,0
1305791100000,10588.7,10605.5,10524.35,10550.7,0
1305798300000,10552.3,10576.05,10548.25,10573.75,0
1305863100000,10572.5,10702.4,10540.95,10662.15,0
1305870300000,10657.9,10662.3,10579.1,10630.15,0
1305877500000,10632.55,10727.25,10627.1,10666.4,0
1305884700000,10667.1,10674.65,10649.95,10657.25,0
1306122300000,10606.4,10606.4,10425.65,10426.05,0
1306129500000,10425.8,10438.85,10349.15,10363.25,0
1306136700000,10364.3,10419.45,10356.75,10364.2,0
1306143900000,10364.9,10390.2,10339.95,10350.05,0
1306208700000,10362.2,10472.85,10360.75,10461.85,0
1306215900000,10461.4,10524.8,10421.35,10512.2,0
1306223100000,10512.5,10514.1,10384.15,10431.0,0
1306230300000,10430.75,10439.05,10419.35,10437.8,0
1306295100000,10410.85,10428.25,10366.2,10395.7,0
1306302300000,10395.2,10418.65,10367.2,10417.85,0
1306309500000,10420.35,10421.05,10349.85,10355.25,0
1306316700000,10356.05,10369.6,10340.65,10358.75,0
1306381500000,10406.25,10473.25,10379.25,10473.25,0
1306388700000,10472.8,10495.0,10444.25,10459.35,0
1306395900000,10460.2,10501.9,10379.6,10475.7,0
1306403100000,10469.75,10482.55,10450.7,10454.15,0
1306467900000,10516.75,10640.65,10516.75,10628.45,0
1306475100000,10627.8,10695.7,10627.8,10695.7,0
1306482300000,10696.25,10735.2,10692.35,10734.15,0
1306489500000,10732.65,10734.1,10709.85,10722.45,0
1306727100000,10764.3,10823.25,10715.1,10743.25,0
1306734300000,10744.25,10793.3,10730.25,10774.2,0
1306741500000,10773.4,10805.75,10765.35,10788.5,0
1306748700000,10787.8,10791.35,10770.4,10773.7,0
1306813500000,10819.45,10944.75,10819.45,10909.6,0
1306820700000,10909.75,10977.35,10885.3,10965.15,0
1306827900000,10966.25,11021.75,10949.95,11021.55,0
1306835100000,11021.65,11036.75,10994.25,10994.25,0
1306899900000,11007.05,11056.4,10978.8,11020.05,0
1306907100000,11018.85,11025.2,10959.1,11002.8,0
1306914300000,11002.3,11053.35,10989.35,11041.1,0
1306921500000,11041.2,11041.75,11020.6,11039.75,0
1306986300000,10852.6,10871.65,10829.05,10847.9,0
1306993500000,10849.0,10881.4,10828.5,10849.05,0
1307000700000,10848.1,10864.15,10802.35,10838.8,0
1307007900000,10839.2,10851.5,10828.3,10851.5,0
1307072700000,10859.8,10946.75,10859.8,10910.65,0
1307079900000,10910.95,10916.9,10773.95,10801.5,0
1307087100000,10804.6,10811.9,10751.1,10778.25,0
1307094300000,10778.6,10809.8,10777.1,10807.85,0
1307331900000,10733.25,10765.05,10682.3,10702.0,0
1307339100000,10701.9,10768.65,10689.65,10754.7,0
1307346300000,10755.5,10870.65,10723.65,10865.05,0
1307353500000,10863.85,10873.9,10842.55,10873.9,0
1307418300000,10802.5,10887.4,10796.15,10846.2,0
1307425500000,10846.4,10911.15,10843.45,10887.85,0
1307432700000,10888.1,10918.25,10869.6,10885.05,0
1307439900000,10884.75,10884.95,10857.8,10861.35,0
1307504700000,10819.2,10868.35,10804.0,10857.35,0
1307511900000,10858.2,10882.3,10797.7,10803.2,0
1307519100000,10803.8,10823.75,10764.7,10791.8,0
1307526300000,10791.65,10799.35,10782.3,10791.0,0
1307591100000,10778.85,10850.35,10734.95,10749.55,0
1307598300000,10749.4,10832.4,10734.75,10822.05,0
1307605500000,10821.55,10834.8,10772.2,10784.85,0
1307612700000,10784.8,10790.3,10776.7,10780.55,0
1307677500000,10787.75,10814.85,10707.5,10727.05,0
1307684700000,10724.95,10736.9,10694.45,10699.05,0
1307691900000,10697.65,10721.05,10627.6,10714.3,0
1307699100000,10715.45,10733.65,10697.25,10709.6,0
1307936700000,10680.6,10681.55,10616.05,10643.7,0
1307943900000,10642.7,10757.4,10641.95,10734.65,0
1307951100000,10735.6,10739.25,10691.75,10716.25,0
1307958300000,10716.75,10733.25,10709.95,10733.25,0
1308023100000,10756.0,10830.4,10756.0,10815.2,0
1308030300000,10813.9,10817.25,10763.55,10775.85,0
1308037500000,10774.9,10820.55,10765.7,10804.55,0
1308044700000,10805.85,10812.3,10801.2,10812.3,0
1308109500000,10789.95,10795.85,10735.9,10780.55,0
1308116700000,10781.0,10782.35,10681.05,10684.35,0
1308123900000,10684.5,10692.75,10608.8,10631.55,0
1308131100000,10631.6,10639.2,10620.7,10633.95,0
1308195900000,10512.75,10632.0,10502.4,10587.15,0
1308203100000,10588.55,10706.0,10567.9,10587.1,0
1308210300000,10587.45,10652.55,10552.8,10558.85,0
1308217500000,10557.75,10585.6,10557.75,10580.4,0
1308282300000,10631.8,10631.8,10548.2,10595.3,0
1308289500000,10594.75,10618.4,10565.2,10580.7,0
1308296700000,10581.6,10615.8,10559.75,10599.0,0
1308303900000,10599.4,10600.95,10582.1,10585.8,0
1308541500000,10618.4,10618.4,10340.4,10540.0,0
1308548700000,10541.2,10593.9,10496.15,10502.25,0
1308555900000,10503.55,10528.55,10462.35,10476.75,0
1308563100000,10476.85,10504.55,10473.1,10502.15,0
1308627900000,10510.1,10618.05,10499.65,10615.3,0
1308635100000,10614.35,10645.1,10587.75,10620.5,0
1308642300000,10620.2,10620.2,10426.85,10456.8,0
1308649500000,10455.6,10469.6,10451.0,10469.6,0
1308714300000,10526.95,10551.8,10455.05,10510.1,0
1308721500000,10508.4,10522.5,10487.35,10501.05,0
1308728700000,10498.95,10500.7,10435.05,10473.8,0
1308735900000,10474.65,10488.85,10469.9,10470.7,0
1308800700000,10456.3,10499.5,10421.65,10490.45,0
1308807900000,10490.1,10553.35,10479.0,10545.3,0
1308815100000,10545.55,10545.6,10487.35,10524.55,0
1308822300000,10524.25,10542.35,10521.75,10542.35,0
1308887100000,10584.25,10734.5,10584.25,10734.4,0
1308894300000,10734.25,10810.85,10731.3,10773.15,0
1308901500000,10772.0,10861.15,10765.25,10860.65,0
1308908700000,10863.05,10875.25,10844.85,10853.1,0
1309146300000,10774.1,10958.9,10774.1,10949.0,0
1309153500000,10947.0,11019.0,10928.15,11017.25,0
1309160700000,11016.8,11068.6,10953.4,11033.0,0
1309167900000,11033.4,11055.75,11022.35,11054.5,0
1309232700000,11047.55,11114.2,10986.7,11011.85,0
1309239900000,11012.1,11081.3,11011.55,11073.85,0
1309247100000,11072.45,11088.4,11031.8,11061.15,0
1309254300000,11059.35,11060.8,11035.25,11038.75,0
1309319100000,11115.1,11145.9,11090.55,11127.15,0
1309326300000,11131.9,11158.75,11100.4,11121.95,0
1309333500000,11122.0,11168.35,11113.6,11150.65,0
1309340700000,11150.05,11170.35,11145.95,11170.35,0
1309405500000,11187.85,11236.6,11182.45,11199.5,0
1309412700000,11200.0,11249.65,11193.45,11215.25,0
1309419900000,11214.6,11271.35,11149.2,11251.75,0
1309427100000,11252.8,11259.25,11208.75,11214.6,0
1309491900000,11340.0,11340.0,11237.6,11239.1,0
1309499100000,11238.9,11249.3,11199.4,11212.35,0
1309506300000,11211.15,11268.75,11190.0,11251.3,0
1309513500000,11249.4,11269.25,11245.7,11265.5,0
1309751100000,11366.7,11379.5,11322.05,11353.5,0
1309758300000,11354.85,11381.5,11335.15,11354.35,0
1309765500000,11354.85,11401.0,11347.75,11364.7,0
1309772700000,11365.7,11393.1,11364.5,11386.15,0
1309837500000,11413.6,11413.6,11302.6,11332.95,0
1309844700000,11333.85,11365.85,11317.4,11322.6,0
1309851900000,11322.7,11431.7,11308.3,11404.7,0
1309859100000,11405.4,11414.0,11395.0,11409.05,0
1309923900000,11385.25,11404.7,11308.65,11308.7,0
1309931100000,11310.25,11351.5,11282.5,11292.55,0
1309938300000,11292.25,11326.3,11255.05,11277.7,0
1309945500000,11278.15,11284.75,11268.45,11271.85,0
1310010300000,11298.85,11354.0,11232.15,11351.6,0
1310017500000,11351.55,11398.65,11329.45,11338.05,0
1310024700000,11336.9,11446.55,11336.65,11429.25,0
1310031900000,11427.4,11433.1,11409.05,11424.6,0
1310096700000,11445.05,11451.25,11338.8,11352.8,0
1310103900000,11352.5,11420.7,11317.2,11385.1,0
1310111100000,11386.25,11391.45,11270.0,11291.45,0
1310118300000,11292.35,11294.65,11272.15,11278.4,0
1310355900000,11259.15,11259.15,11177.85,11195.55,0
1310363100000,11196.75,11196.75,11115.9,11120.9,0
1310370300000,11120.8,11161.6,11106.85,11131.6,0
1310377500000,11134.3,11149.9,11128.05,11137.35,0
1310442300000,11036.9,11067.05,10985.3,11026.5,0
1310449500000,11031.55,11131.75,10974.85,10981.1,0
1310456700000,10982.45,11047.45,10941.3,11031.8,0
1310463900000,11031.6,11031.6,10989.85,10990.1,0
1310528700000,11077.2,11144.0,11060.9,11133.4,0
1310535900000,11132.75,11164.25,11115.05,11151.9,0
1310543100000,11149.45,11152.95,11091.7,11138.9,0
1310550300000,11139.15,11160.6,11136.5,11155.35,0
1310615100000,11124.25,11207.7,11072.5,11206.25,0
1310622300000,11208.2,11322.3,11197.85,11320.35,0
1310629500000,11322.45,11385.35,11227.65,11254.35,0
1310636700000,11251.35,11253.8,11224.75,11242.4,0
1310701500000,11247.65,11334.6,11195.5,11251.9,0
1310708700000,11250.95,11273.1,11205.2,11227.75,0
1310715900000,11227.55,11277.7,11219.4,11242.95,0
1310723100000,11242.25,11242.85,11225.45,11239.55,0
1310960700000,11220.15,11277.45,11178.3,11260.3,0
1310967900000,11263.3,11269.25,11202.45,11210.6,0
1310975100000,11210.25,11247.3,11176.85,11227.15,0
1310982300000,11226.8,11227.45,11212.55,11215.95,0
1311047100000,11231.15,11279.8,11204.75,11244.65,0
1311054300000,11245.35,11324.1,11210.15,11323.5,0
1311061500000,11323.0,11353.75,11289.75,11329.4,0
1311068700000,11328.65,11329.4,11296.1,11304.25,0
1311133500000,11370.45,11388.5,11272.0,11285.75,0
1311140700000,11285.25,11317.6,11211.85,11214.9,0
1311147900000,11213.6,11260.65,11160.95,11166.75,0
1311155100000,11166.55,11166.55,11142.4,11147.2,0
1311219900000,11160.5,11193.05,11099.2,11110.35,0
1311227100000,11113.1,11147.65,11069.95,11074.25,0
1311234300000,11075.25,11097.35,11021.7,11054.75,0
1311241500000,11058.7,11068.7,11048.4,11051.05,0
1311306300000,11115.5,11219.65,11105.7,11194.7,0
1311313500000,11193.25,11230.45,11186.45,11215.2,0
1311320700000,11214.8,11299.8,11201.3,11297.7,0
1311327900000,11298.65,11309.45,11286.5,11305.4,0
1311565500000,11266.95,11325.3,11233.35,11273.95,0
1311572700000,11273.55,11289.45,11247.8,11276.15,0
1311579900000,11275.8,11433.1,11274.55,11393.05,0
1311587100000,11390.2,11401.5,11381.25,11401.5,0
1311651900000,11401.65,11430.75,11083.6,11095.55,0
1311659100000,11094.2,11163.55,11068.2,11090.2,0
1311666300000,11089.85,11159.3,11081.4,11127.15,0
1311673500000,11126.95,11127.55,11104.8,11107.75,0
1311738300000,11139.65,11139.65,11005.8,11027.0,0
1311745500000,11026.75,11028.3,10961.95,10983.6,0
1311752700000,10982.8,11062.7,10971.1,10988.75,0
1311759900000,10988.95,11007.9,10985.8,11000.6,0
1311824700000,10888.25,10954.25,10851.05,10897.15,0
1311831900000,10898.45,10909.9,10869.4,10893.55,0
1311839100000,10896.35,10939.65,10799.85,10813.15,0
1311846300000,10816.15,10853.65,10814.0,10839.75,0
1311911100000,10815.95,10913.8,10758.4,10799.0,0
1311918300000,10801.85,10863.15,10800.85,10843.85,0
1311925500000,10844.4,10968.8,10759.65,10886.75,0
1311932700000,10886.0,10913.7,10878.35,10904.65,0
1312170300000,11024.95,11064.9,10974.85,10994.3,0
1312177500000,10992.1,11013.45,10923.3,10923.35,0
1312184700000,10920.3,10971.15,10882.05,10942.8,0
1312191900000,10942.5,10951.9,10904.95,10907.95,0
1312256700000,10885.1,10885.1,10770.85,10802.85,0
1312263900000,10806.2,10810.2,10727.3,10740.7,0
1312271100000,10742.4,10761.45,10720.3,10753.35,0
1312278300000,10752.7,10759.8,10736.2,10759.8,0
1312343100000,10636.3,10636.3,10567.5,10577.15,0
1312350300000,10576.45,10650.3,10545.15,10621.15,0
1312357500000,10620.45,10644.45,10595.45,10624.45,0
1312364700000,10625.7,10686.4,10625.6,10686.4,0
1312429500000,10674.55,10765.95,10670.4,10674.95,0
1312436700000,10672.15,10702.25,10642.85,10689.7,0
1312443900000,10691.7,10692.05,10528.5,10553.75,0
1312451100000,10551.35,10555.6,10515.05,10518.2,0
1312515900000,10239.85,10330.65,10195.15,10278.0,0
1312523100000,10277.3,10296.05,10150.3,10272.2,0
1312530300000,10274.25,10368.4,10263.55,10340.25,0
1312537500000,10340.75,10384.6,10340.75,10379.6,0
1312775100000,10106.05,10146.3,10072.45,10110.75,0
1312782300000,10110.85,10435.35,10104.1,10433.45,0
1312789500000,10438.35,10481.5,10214.0,10226.25,0
1312796700000,10228.5,10242.45,10204.4,10230.95,0
1312861500000,9938.05,10156.85,9920.8,10142.4,0
1312868700000,10139.1,10424.25,10123.35,10180.1,0
1312875900000,10179.6,10230.7,10054.8,10220.2,0
1312883100000,10226.6,10251.7,10190.6,10221.15,0
1312947900000,10469.15,10478.85,10394.5,10465.65,0
1312955100000,10462.9,10484.15,10413.05,10462.9,0
1312962300000,10462.15,10482.1,10393.7,10455.25,0
1312969500000,10454.7,10487.7,10449.7,10487.7,0
1313034300000,10412.1,10516.9,10369.5,10411.05,0
1313041500000,10410.45,10488.85,10388.35,10433.65,0
1313048700000,10434.25,10434.85,10326.55,10333.05,0
1313055900000,10332.5,10341.5,10323.5,10330.4,0
1313120700000,10465.85,10465.85,10345.45,10348.75,0
1313127900000,10349.25,10359.85,10152.0,10200.7,0
1313135100000,10197.45,10229.85,10131.65,10194.15,0
1313142300000,10194.85,10194.85,10166.6,10173.4,0
1313466300000,10279.3,10312.65,10236.5,10265.4,0
1313473500000,10263.9,10268.95,10150.2,10154.9,0
1313480700000,10158.7,10171.25,10023.0,10052.6,0
1313487900000,10053.55,10081.65,10045.1,10078.8,0
1313552700000,10050.75,10173.1,9976.95,10060.25,0
1313559900000,10059.8,10060.8,9869.75,9905.9,0
1313567100000,9905.2,9990.25,9905.2,9943.15,0
1313574300000,9946.05,9979.45,9937.35,9979.45,0
1313639100000,9983.1,10002.3,9657.8,9665.65,0
1313646300000,9665.45,9732.7,9653.15,9683.0,0
1313653500000,9682.05,9682.05,9564.95,9606.55,0
1313660700000,9607.3,9629.55,9577.35,9586.4,0
1313725500000,9438.15,9587.7,9349.35,9495.95,0
1313732700000,9494.2,9520.1,9378.2,9390.85,0
1313739900000,9392.2,9433.15,9280.25,9415.3,0
1313747100000,9417.9,9422.7,9379.75,9420.5,0
1313984700000,9433.4,9466.1,9280.75,9329.45,0
1313991900000,9331.55,9385.95,9224.95,9370.05,0
1313999100000,9364.65,9451.4,9335.25,9413.9,0
1314006300000,9411.5,9418.55,9391.35,9418.05,0
1314071100000,9470.65,9470.65,9303.35,9401.85,0
1314078300000,9401.2,9512.6,9371.95,9485.25,0
1314085500000,9484.05,9523.0,9421.85,9499.55,0
1314092700000,9497.65,9499.9,9465.55,9476.05,0
1314157500000,9467.4,9561.9,9433.55,9492.55,0
1314164700000,9491.3,9497.4,9360.3,9394.05,0
1314171900000,9391.05,9449.35,9307.1,9307.1,0
1314179100000,9306.55,9325.25,9280.85,9280.85,0
1314243900000,9392.45,9401.15,9210.25,9228.9,0
1314251100000,9227.85,9344.75,9186.7,9295.0,0
1314258300000,9294.3,9294.3,9134.95,9168.4,0
1314265500000,9170.05,9224.8,9162.55,9223.4,0
1314330300000,9190.2,9217.7,9117.15,9146.0,0
1314337500000,9147.75,9155.05,9080.25,9107.8,0
1314344700000,9106.8,9120.2,8917.95,8960.9,0
1314351900000,8960.0,8998.5,8945.65,8967.6,0
1314589500000,9130.95,9286.2,9125.6,9259.1,0
1314596700000,9260.55,9297.3,9242.0,9283.05,0
1314603900000,9282.9,9378.1,9271.65,9327.55,0
1314611100000,9326.25,9369.6,9320.8,9368.25,0
1314675900000,9462.8,9525.05,9431.65,9488.15,0
1314683100000,9487.1,9490.35,9355.15,9466.6,0
1314690300000,9465.0,9547.5,9446.35,9541.9,0
1314697500000,9543.2,9565.3,9521.85,9556.15,0
1314935100000,9662.4,9664.45,9517.95,9599.15,0
1314942300000,9598.5,9649.2,9549.65,9589.35,0
1314949500000,9587.3,9592.35,9490.0,9586.0,0
1314956700000,9586.25,9595.85,9577.15,9586.2,0
1315194300000,9475.9,9541.2,9448.75,9514.3,0
1315201500000,9511.65,9539.75,9481.15,9512.35,0
1315208700000,9511.7,9629.2,9506.65,9609.25,0
1315215900000,9610.15,9630.05,9603.9,9629.75,0
1315280700000,9553.35,9558.8,9364.6,9394.85,0
1315287900000,9394.55,9492.2,9374.35,9480.25,0
1315295100000,9480.8,9695.45,9476.35,9665.35,0
1315302300000,9663.65,9674.9,9643.95,9674.9,0
1315367100000,9683.95,9846.0,9683.95,9840.7,0
1315374300000,9840.95,9906.8,9812.85,9885.5,0
1315381500000,9882.75,9903.95,9825.1,9870.9,0
1315388700000,9868.2,9872.6,9839.35,9849.9,0
1315453500000,9876.85,9891.0,9749.2,9832.05,0
1315460700000,9831.9,9870.15,9800.65,9828.15,0
1315467900000,9829.2,9939.3,9815.55,9916.8,0
1315475100000,9917.6,9940.25,9911.25,9933.4,0
1315539900000,9935.55,9972.0,9865.15,9879.65,0
1315547100000,9879.5,9940.3,9799.85,9818.15,0
1315554300000,9817.6,9818.3,9677.3,9688.05,0
1315561500000,9686.45,9686.45,9647.6,9649.75,0
1315799100000,9538.15,9538.15,9381.05,9403.55,0
1315806300000,9401.25,9444.05,9352.45,9362.25,0
1315813500000,9363.0,9453.85,9347.15,9396.1,0
1315820700000,9397.2,9418.2,9382.75,9382.8,0
1315885500000,9462.7,9567.5,9462.7,9555.55,0
1315892700000,9554.0,9564.4,9382.0,9406.9,0
1315899900000,9410.9,9416.95,9260.9,9344.7,0
1315907100000,9344.95,9349.55,9325.0,9343.65,0
1315971900000,9322.75,9405.9,9269.9,9289.5,0
1315979100000,9288.7,9479.85,9267.55,9452.55,0
1315986300000,9454.25,9482.7,9387.9,9467.7,0
1315993500000,9466.35,9501.85,9464.55,9500.25,0
1316058300000,9550.6,9550.6,9390.1,9420.35,0
1316065500000,9419.4,9530.75,9413.1,9528.15,0
1316072700000,9527.1,9674.3,9486.75,9670.0,0
1316079900000,9669.6,9708.8,9658.5,9708.8,0
1316144700000,9749.15,9754.7,9652.5,9708.3,0
1316151900000,9708.25,9798.75,9590.15,9755.8,0
1316159100000,9756.6,9760.15,9629.2,9711.75,0
1316166300000,9711.55,9755.7,9711.55,9732.9,0
1316403900000,9646.7,9647.8,9573.35,9621.2,0
1316411100000,9621.95,9648.4,9550.85,9582.05,0
1316418300000,9581.75,9600.45,9545.85,9572.35,0
1316425500000,9575.8,9592.05,9574.95,9579.1,0
1316490300000,9578.95,9697.4,9578.6,9670.2,0
1316497500000,9669.8,9707.9,9628.6,9693.4,0
1316504700000,9693.25,9812.05,9693.25,9811.65,0
1316511900000,9812.35,9848.65,9810.25,9845.3,0
1316576700000,9832.95,9936.35,9809.3,9918.95,0
1316583900000,9920.6,9962.95,9858.0,9909.0,0
1316591100000,9910.3,9942.2,9870.8,9935.05,0
1316598300000,9931.8,9953.0,9904.0,9904.55,0
1316663100000,9734.0,9755.5,9677.75,9716.65,0
1316670300000,9713.5,9718.05,9630.15,9650.6,0
1316677500000,9652.4,9663.75,9489.7,9523.1,0
1316684700000,9523.5,9541.25,9496.3,9526.1,0
1316749500000,9419.0,9419.65,9288.45,9290.0,0
1316756700000,9289.0,9487.1,9284.65,9421.6,0
1316763900000,9422.7,9540.8,9342.8,9383.2,0
1316771100000,9381.75,9399.75,9356.45,9366.9,0
1317008700000,9375.75,9375.75,9183.6,9191.7,0
1317015900000,9187.8,9408.75,9165.8,9358.95,0
1317023100000,9355.95,9467.75,9309.5,9363.0,0
1317030300000,9363.1,9375.85,9349.6,9371.45,0
1317095100000,9562.55,9612.75,9541.55,9612.75,0
1317102300000,9612.7,9654.7,9599.5,9647.4,0
1317109500000,9651.35,9661.5,9598.7,9607.5,0
1317116700000,9607.2,9645.2,9607.2,9641.3,0
1317181500000,9675.65,9675.65,9498.2,9508.95,0
1317188700000,9505.5,9576.1,9464.65,9556.05,0
1317195900000,9554.7,9559.3,9449.0,9509.7,0
1317203100000,9510.6,9536.9,9503.5,9533.15,0
1317267900000,9462.6,9482.4,9406.35,9463.95,0
1317275100000,9464.5,9630.05,9461.3,9594.85,0
1317282300000,9595.9,9688.65,9553.25,9629.1,0
1317289500000,9632.0,9667.8,9632.0,9655.95,0
1317354300000,9594.45,9632.25,9505.15,9629.75,0
1317361500000,9628.65,9635.65,9542.2,9569.8,0
1317368700000,9567.4,9571.9,9420.65,9481.05,0
1317375900000,9478.35,9485.95,9449.5,9461.85,0
1317613500000,9321.3,9321.3,9194.65,9236.45,0
1317620700000,9238.4,9238.4,9156.45,9197.05,0
1317627900000,9198.3,9223.75,9166.65,9179.0,0
1317635100000,9180.5,9214.8,9175.8,9214.8,0
1317699900000,9126.85,9238.9,9115.3,9206.4,0
1317707100000,9204.25,9240.15,8961.95,8961.95,0
1317714300000,8958.3,8958.3,8818.05,8921.4,0
1317721500000,8922.75,8930.5,8902.7,8916.75,0
1317786300000,8948.75,8991.8,8749.65,8817.5,0
1317793500000,8817.3,8873.95,8676.85,8687.25,0
1317800700000,8688.7,8753.25,8626.45,8704.3,0
1317807900000,8706.2,8715.75,8677.95,8695.0,0
1317959100000,8989.6,9120.05,8989.6,9074.7,0
1317966300000,9074.55,9113.3,8991.15,9023.25,0
1317973500000,9021.35,9068.3,8975.75,9056.1,0
1317980700000,9056.75,9056.75,9023.7,9032.55,0
1318218300000,9047.85,9155.5,8982.9,9137.45,0
1318225500000,9138.85,9154.75,9090.25,9123.75,0
1318232700000,9121.0,9179.1,9100.4,9174.95,0
1318239900000,9175.75,9190.85,9169.0,9190.35,0
1318304700000,9289.55,9363.2,9274.2,9299.8,0
1318311900000,9299.95,9311.2,9237.1,9266.3,0
1318319100000,9266.45,9267.55,9148.1,9198.25,0
1318326300000,9197.3,9198.8,9173.5,9176.7,0
1318391100000,9237.0,9315.1,9193.75,9266.6,0
1318398300000,9267.7,9361.3,9213.0,9255.4,0
1318405500000,9257.0,9494.6,9255.7,9470.55,0
1318412700000,9468.6,9514.2,9468.6,9508.65,0
1318477500000,9606.45,9660.55,9547.1,9575.95,0
1318484700000,9576.15,9665.2,9572.8,9661.3,0
1318491900000,9660.55,9685.05,9577.15,9584.55,0
1318499100000,9585.0,9599.2,9569.6,9574.35,0
1318563900000,9547.7,9628.1,9526.95,9620.9,0
1318571100000,9619.95,9647.5,9566.2,9566.2,0
1318578300000,9566.8,9691.85,9566.8,9677.7,0
1318585500000,9674.05,9684.85,9650.85,9658.5,0
1318823100000,9721.15,9788.2,9716.95,9732.35,0
1318830300000,9732.8,9769.0,9666.35,9762.0,0
1318837500000,9756.35,9773.75,9703.0,9738.8,0
1318844700000,9738.15,9738.45,9707.6,9716.6,0
1318909500000,9598.05,9609.15,9516.9,9523.1,0
1318916700000,9522.75,9545.65,9492.95,9524.15,0
1318923900000,9524.4,9567.7,9515.25,9556.7,0
1318931100000,9557.0,9634.55,9557.0,9634.55,0
1318995900000,9680.9,9812.0,9680.9,9800.7,0
1319003100000,9799.6,9812.05,9753.7,9796.05,0
1319010300000,9795.6,9852.7,9761.7,9852.05,0
1319017500000,9850.75,9865.85,9834.5,9839.9,0
1319082300000,9712.55,9732.45,9635.95,9651.75,0
1319089500000,9651.6,9656.2,9618.35,9651.75,0
1319096700000,9651.15,9763.8,9633.2,9752.45,0
1319103900000,9754.05,9759.2,9733.65,9743.85,0
1319168700000,9776.4,9811.35,9701.0,9807.85,0
1319175900000,9807.45,9808.0,9735.55,9768.1,0
1319183100000,9769.1,9791.0,9678.4,9701.45,0
1319190300000,9702.15,9707.1,9691.45,9701.9,0
1319427900000,9831.2,9893.4,9831.2,9886.0,0
1319435100000,9885.85,9905.4,9868.7,9884.05,0
1319442300000,9886.4,9916.6,9606.75,9651.9,0
1319449500000,9652.7,9662.6,9640.05,9644.25,0
1319514300000,9693.6,9817.1,9565.0,9590.65,0
1319521500000,9592.25,9592.4,9323.0,9435.4,0
1319528700000,9434.55,9512.6,9380.65,9507.8,0
1319535900000,9507.7,9568.15,9507.7,9556.05,0
1319773500000,9880.4,9890.65,9837.35,9878.1,0
1319780700000,9876.65,9924.25,9857.25,9888.35,0
1319787900000,9888.5,9932.4,9876.75,9912.8,0
1319795100000,9912.1,9922.45,9908.0,9911.1,0
1320032700000,9925.1,9951.15,9826.8,9950.85,0
1320039900000,9952.15,10048.15,9922.75,10044.85,0
1320047100000,10047.2,10080.05,9936.45,9989.35,0
1320054300000,9990.1,9997.5,9981.65,9991.7,0
1320119100000,9888.15,9984.35,9888.15,9914.35,0
1320126300000,9912.9,9917.2,9821.4,9828.3,0
1320133500000,9829.55,9855.6,9782.7,9811.3,0
1320140700000,9812.8,9832.2,9795.55,9801.4,0
1320205500000,9728.55,9834.05,9726.75,9805.4,0
1320212700000,9805.45,9888.7,9805.45,9845.15,0
1320219900000,9843.95,9878.05,9774.0,9789.95,0
1320227100000,9789.9,9789.9,9758.35,9761.3,0
1320291900000,9726.7,9814.65,9675.7,9680.3,0
1320299100000,9681.5,9692.8,9648.65,9665.85,0
1320306300000,9667.15,9812.1,9662.15,9772.45,0
1320313500000,9769.1,9797.45,9764.0,9795.05,0
1320378300000,9904.6,9904.6,9833.95,9901.6,0
1320385500000,9902.95,9914.1,9853.2,9861.1,0
1320392700000,9861.55,9870.3,9808.1,9835.9,0
1320399900000,9834.85,9845.35,9819.45,9840.15,0
1320723900000,9870.6,9876.05,9770.05,9791.95,0
1320731100000,9792.5,9796.6,9732.85,9764.9,0
1320738300000,9763.95,9893.95,9752.8,9858.95,0
1320745500000,9856.9,9857.1,9839.25,9844.35,0
1320810300000,9894.2,9894.2,9741.55,9812.75,0
1320817500000,9811.5,9841.2,9695.85,9728.8,0
1320824700000,9729.1,9765.0,9565.1,9597.55,0
1320831900000,9598.45,9600.25,9567.6,9570.05,0
1320983100000,9552.25,9571.85,9311.95,9338.8,0
1320990300000,9337.55,9384.05,9287.55,9296.55,0
1320997500000,9294.7,9357.7,9270.35,9286.35,0
1321004700000,9286.5,9310.0,9273.95,9301.45,0
1321242300000,9425.3,9458.35,9337.45,9351.5,0
1321249500000,9350.3,9408.95,9342.3,9387.8,0
1321256700000,9388.25,9388.55,9262.35,9263.05,0
1321263900000,9264.75,9280.25,9254.3,9256.35,0
1321328700000,9242.1,9308.5,9200.9,9251.15,0
1321335900000,9251.1,9277.05,9203.05,9225.1,0
1321343100000,9227.05,9233.6,9066.0,9082.8,0
1321350300000,9083.8,9088.35,9062.4,9062.4,0
1321415100000,9024.9,9065.9,8957.05,8976.55,0
1321422300000,8976.8,9045.1,8973.15,9019.9,0
1321429500000,9018.6,9141.8,8965.8,9041.75,0
1321436700000,9042.2,9145.65,9035.35,9143.1,0
1321501500000,9048.75,9117.3,9011.65,9106.65,0
1321508700000,9108.5,9124.9,9070.55,9095.25,0
1321515900000,9095.45,9105.15,8922.4,8932.2,0
1321523100000,8932.9,8947.9,8899.65,8899.65,0
1321587900000,8863.35,8863.35,8718.2,8757.55,0
1321595100000,8760.3,8829.35,8706.0,8790.5,0
1321602300000,8790.65,8870.9,8719.9,8858.0,0
1321609500000,8859.9,8872.65,8841.65,8871.6,0
1321847100000,8775.45,8775.45,8704.2,8719.25,0
1321854300000,8719.2,8739.1,8686.6,8703.05,0
1321861500000,8702.3,8720.6,8570.85,8576.55,0
1321868700000,8572.65,8577.1,8522.3,8557.8,0
1321933500000,8623.55,8677.25,8544.05,8648.35,0
1321940700000,8651.55,8676.05,8595.25,8672.15,0
1321947900000,8673.05,8698.2,8548.3,8629.7,0
1321955100000,8628.75,8630.0,8604.85,8607.55,0
1322019900000,8543.8,8543.8,8400.85,8434.95,0
1322027100000,8434.75,8439.3,8240.45,8340.6,0
1322034300000,8337.0,8416.05,8304.0,8396.1,0
1322041500000,8394.55,8423.1,8378.4,8402.0,0
1322106300000,8407.0,8429.0,8284.6,8316.4,0
1322113500000,8315.45,8399.35,8276.75,8391.45,0
1322120700000,8391.35,8504.4,8335.3,8466.35,0
1322127900000,8464.55,8490.15,8449.95,8488.05,0
1322192700000,8422.25,8558.6,8360.55,8496.2,0
1322199900000,8492.5,8537.6,8452.7,8516.7,0
1322207100000,8516.25,8539.45,8436.35,8470.2,0
1322214300000,8468.75,8516.55,8468.75,8483.55,0
1322451900000,8622.25,8705.85,8601.65,8689.65,0
1322459100000,8687.45,8724.25,8661.4,8714.05,0
1322466300000,8715.15,8804.8,8698.45,8790.5,0
1322473500000,8789.55,8809.95,8779.4,8805.75,0
1322538300000,8825.4,8825.4,8707.6,8788.5,0
1322545500000,8788.15,8843.9,8747.7,8775.7,0
1322552700000,8776.45,8788.5,8587.45,8621.25,0
1322559900000,8623.55,8639.3,8602.8,8607.4,0
1322624700000,8526.4,8593.7,8508.6,8591.1,0
1322631900000,8591.35,8672.9,8584.6,8659.45,0
1322639100000,8663.0,8704.1,8490.35,8574.05,0
1322646300000,8574.85,8603.0,8564.45,8600.2,0
1322711100000,8911.2,9033.85,8895.2,8918.25,0
1322718300000,8918.45,8948.6,8887.8,8929.45,0
1322725500000,8929.85,8941.5,8821.5,8889.2,0
1322732700000,8893.25,8912.15,8881.1,8881.1,0
1322797500000,8911.5,9008.3,8859.65,8983.75,0
1322804700000,8981.95,9058.35,8967.85,9050.2,0
1322811900000,9051.25,9174.3,9039.3,9163.15,0
1322819100000,9160.15,9200.1,9157.45,9200.1,0
1323056700000,9128.5,9153.3,9073.8,9119.8,0
1323063900000,9119.35,9213.1,9085.05,9213.1,0
1323071100000,9213.95,9215.4,9124.25,9148.15,0
1323078300000,9149.75,9202.85,9148.9,9202.15,0
1323229500000,9227.75,9273.1,9170.25,9264.7,0
1323236700000,9264.8,9267.55,9164.2,9221.9,0
1323243900000,9221.6,9259.05,9173.15,9176.15,0
1323251100000,9171.25,9180.85,9133.55,9138.05,0
1323315900000,9103.2,9153.4,8905.15,8909.3,0
1323323100000,8907.1,9009.55,8891.45,9009.55,0
1323330300000,9007.45,9007.45,8871.25,8918.65,0
1323337500000,8918.2,8957.35,8900.25,8900.25,0
1323402300000,8759.75,8863.75,8689.85,8820.05,0
1323409500000,8819.25,8831.85,8749.95,8758.95,0
1323416700000,8763.95,8932.0,8760.45,8787.6,0
1323423900000,8790.85,8833.4,8786.85,8832.0,0
1323661500000,8906.2,8920.25,8717.45,8757.25,0
1323668700000,8758.65,8770.25,8637.25,8657.5,0
1323675900000,8659.3,8706.3,8565.15,8567.25,0
1323683100000,8568.45,8569.2,8504.45,8507.85,0
1323747900000,8458.95,8531.35,8418.35,8458.85,0
1323755100000,8461.2,8528.2,8447.05,8528.2,0
1323762300000,8530.25,8579.4,8393.3,8579.4,0
1323769500000,8583.75,8642.35,8562.8,8637.05,0
1323834300000,8549.0,8677.9,8491.2,8652.9,0
1323841500000,8651.95,8696.9,8525.1,8574.7,0
1323848700000,8570.7,8585.75,8482.95,8517.45,0
1323855900000,8519.15,8554.25,8510.2,8543.45,0
1323920700000,8431.3,8487.35,8375.65,8387.0,0
1323927900000,8386.7,8463.9,8386.7,8440.4,0
1323935100000,8439.15,8509.5,8435.05,8446.3,0
1323942300000,8446.6,8460.35,8420.85,8455.85,0
1324007100000,8513.55,8602.8,8513.55,8553.2,0
1324014300000,8552.9,8599.9,8430.75,8511.3,0
1324021500000,8508.4,8556.65,8132.9,8168.6,0
1324028700000,8164.5,8199.3,8127.2,8133.05,0
1324266300000,8104.25,8104.25,7873.65,7894.6,0
1324273500000,7893.95,7915.65,7850.45,7883.8,0
1324280700000,7882.1,7935.65,7801.55,7918.85,0
1324287900000,7916.8,7933.9,7890.95,7892.0,0
1324352700000,7955.7,7961.7,7791.7,7851.7,0
1324359900000,7851.95,7878.2,7805.45,7819.8,0
1324367100000,7820.3,7954.1,7766.35,7796.7,0
1324374300000,7800.2,7815.35,7785.4,7803.75,0
1324439100000,8021.2,8027.15,7936.0,8004.55,0
1324446300000,8002.9,8051.4,7981.75,8049.1,0
1324453500000,8048.25,8176.75,8007.2,8163.25,0
1324460700000,8167.0,8235.65,8166.45,8235.65,0
1324525500000,8110.05,8196.05,8064.15,8132.85,0
1324532700000,8132.8,8167.55,8072.8,8108.8,0
1324539900000,8110.3,8397.85,8105.3,8396.6,0
1324547100000,8400.05,8415.7,8346.45,8364.95,0
1324611900000,8423.85,8430.95,8313.1,8350.6,0
1324619100000,8349.55,8420.15,8345.15,8418.25,0
1324626300000,8420.6,8451.95,8253.45,8330.4,0
1324633500000,8329.15,8330.6,8281.9,8297.25,0
1324871100000,8312.95,8420.2,8292.65,8362.4,0
1324878300000,8361.55,8400.55,8339.35,8367.85,0
1324885500000,8366.55,8400.8,8331.6,8362.5,0
1324892700000,8361.7,8375.5,8360.05,8364.05,0
1325043900000,8251.35,8251.35,8109.85,8135.95,0
1325051100000,8138.3,8147.9,8073.9,8088.2,0
1325058300000,8086.9,8149.85,8053.15,8110.5,0
1325065500000,8111.1,8119.1,8096.55,8099.65,0
1325130300000,8049.85,8115.1,8029.35,8107.75,0
1325137500000,8107.25,8137.4,8041.05,8057.2,0
1325144700000,8059.8,8123.9,8020.85,8023.7,0
1325151900000,8027.85,8029.95,7986.75,7992.3,0
1325216700000,8074.2,8118.4,8059.05,8085.6,0
1325223900000,8086.35,8120.15,8073.5,8108.1,0
1325231100000,8109.05,8113.1,7925.15,7968.45,0
1325238300000,7968.6,7975.5,7952.55,7954.75,0
1325475900000,8015.6,8028.45,7913.6,7946.35,0
1325483100000,7948.15,7966.7,7888.25,7960.65,0
1325490300000,7960.4,8010.7,7932.45,7991.15,0
1325497500000,7989.65,8008.75,7987.4,7997.95,0
1325562300000,8075.1,8205.85,8075.1,8197.0,0
1325569500000,8195.65,8277.1,8184.55,8272.25,0
1325576700000,8275.05,8355.85,8240.9,8344.65,0
1325583900000,8344.2,8356.35,8329.5,8329.95,0
1325648700000,8385.4,8419.95,8294.35,8363.55,0
1325655900000,8364.45,8374.0,8317.1,8353.3,0
1325663100000,8352.95,8453.4,8340.1,8407.8,0
1325670300000,8405.85,8410.05,8389.35,8392.75,0
1325735100000,8425.5,8455.4,8398.1,8438.45,0
1325742300000,8437.8,8516.15,8426.45,8499.2,0
1325749500000,8496.65,8512.75,8394.25,8462.8,0
1325756700000,8463.25,8478.0,8448.3,8459.2,0
1325821500000,8381.8,8416.6,8297.55,8331.1,0
1325828700000,8331.3,8385.45,8320.8,8346.5,0
1325835900000,8346.35,8586.65,8345.1,8480.1,0
1325843100000,8478.9,8505.85,8472.8,8501.35,0
1326080700000,8441.45,8441.45,8329.9,8378.1,0
1326087900000,8377.1,8462.3,8373.0,8454.65,0
1326095100000,8454.55,8517.8,8440.3,8483.05,0
1326102300000,8483.85,8490.4,8468.2,8483.1,0
1326167100000,8540.45,8686.6,8540.45,8670.05,0
1326174300000,8669.65,8704.75,8648.1,8692.4,0
1326181500000,8691.7,8748.8,8666.25,8730.6,0
1326188700000,8730.55,8747.55,8723.55,8747.55,0
1326253500000,8756.15,8800.8,8736.25,8780.4,0
1326260700000,8779.65,8835.45,8762.45,8792.85,0
1326267900000,8793.55,8856.5,8753.15,8822.7,0
1326275100000,8824.35,8858.95,8821.45,8850.8,0
1326339900000,8833.9,9015.25,8830.25,8959.3,0
1326347100000,8959.45,8986.4,8848.0,8891.1,0
1326354300000,8890.25,8967.65,8878.4,8912.7,0
1326361500000,8913.45,8964.4,8911.75,8964.4,0
1326426300000,8983.8,9005.35,8913.95,8940.35,0
1326433500000,8939.35,9042.4,8938.4,9012.35,0
1326440700000,9010.75,9073.0,8946.05,8974.55,0
1326447900000,8975.15,9003.35,8965.8,8985.3,0
1326685500000,8913.6,8917.35,8847.45,8868.45,0
1326692700000,8869.95,8872.4,8813.85,8848.2,0
1326699900000,8848.05,8950.2,8828.5,8940.15,0
1326707100000,8940.0,8967.95,8933.9,8963.05,0
1326771900000,9011.8,9104.05,9011.8,9062.25,0
1326779100000,9062.35,9106.85,9042.75,9102.9,0
1326786300000,9102.65,9114.45,9048.3,9053.3,0
1326793500000,9053.8,9063.3,9046.35,9046.35,0
1326858300000,9065.3,9065.3,8966.45,9003.25,0
1326865500000,9003.2,9009.05,8924.25,8968.95,0
1326872700000,8969.6,9061.55,8922.7,9028.8,0
1326879900000,9028.55,9028.55,8997.75,9006.6,0
1326944700000,9128.1,9189.7,9128.1,9176.45,0
1326951900000,9178.2,9192.55,9151.0,9165.35,0
1326959100000,9165.5,9206.5,9154.25,9188.05,0
1326966300000,9188.1,9212.85,9185.55,9200.75,0
1327031100000,9308.75,9438.3,9268.5,9420.1,0
1327038300000,9421.0,9456.5,9398.65,9424.95,0
1327045500000,9426.2,9557.2,9390.0,9551.35,0
1327052700000,9548.0,9560.15,9511.55,9526.4,0
1327290300000,9503.35,9659.0,9503.35,9599.35,0
1327297500000,9599.85,9611.15,9507.9,9566.4,0
1327304700000,9565.9,9582.45,9507.25,9518.6,0
1327311900000,9517.05,9522.45,9503.35,9513.85,0
1327376700000,9547.55,9700.95,9456.25,9658.3,0
1327383900000,9658.6,9872.5,9652.3,9861.55,0
1327391100000,9860.9,9885.15,9812.65,9837.9,0
1327398300000,9837.35,9844.5,9783.85,9787.2,0
1327463100000,9879.95,9905.5,9762.5,9833.15,0
1327470300000,9832.9,9898.65,9805.9,9876.15,0
1327477500000,9879.5,9889.55,9826.8,9856.65,0
1327484700000,9857.5,9868.7,9825.0,9826.35,0
1327635900000,9943.1,9944.35,9786.55,9799.15,0
1327643100000,9798.0,9809.0,9701.5,9779.45,0
1327650300000,9780.1,9825.65,9762.9,9805.45,0
1327657500000,9807.8,9827.45,9807.8,9808.5,0
1327895100000,9713.0,9723.15,9653.05,9656.8,0
1327902300000,9655.95,9663.35,9589.1,9599.9,0
1327909500000,9600.05,9646.15,9516.45,9520.1,0
1327916700000,9522.0,9543.4,9509.15,9519.8,0
1327981500000,9654.0,9759.05,9654.0,9724.05,0
1327988700000,9725.2,9815.3,9703.35,9788.25,0
1327995900000,9787.5,9924.25,9750.95,9924.05,0
1328003100000,9925.2,9946.5,9919.1,9936.4,0
1328067900000,9932.7,9938.25,9762.0,9835.95,0
1328075100000,9835.8,9836.95,9774.2,9785.05,0
1328082300000,9784.45,9954.95,9780.95,9940.35,0
1328089500000,9941.75,9967.45,9940.5,9947.35,0
1328154300000,10029.65,10090.2,9793.1,9805.5,0
1328161500000,9806.65,9987.15,9776.55,9970.1,0
1328168700000,9969.1,10015.2,9924.3,10009.65,0
1328175900000,10005.7,10009.25,9969.9,9975.5,0
1328240700000,9981.95,9991.4,9928.45,9960.8,0
1328247900000,9959.6,9973.05,9934.4,9963.9,0
1328255100000,9963.85,10156.95,9953.2,10141.05,0
1328262300000,10139.65,10158.95,10118.8,10126.75,0
1328499900000,10252.95,10326.7,10248.25,10319.15,0
1328507100000,10320.4,10331.25,10216.35,10250.25,0
1328514300000,10252.1,10317.3,10183.45,10269.7,0
1328521500000,10269.55,10287.3,10259.3,10267.5,0
1328586300000,10368.7,10429.7,10260.15,10372.4,0
1328593500000,10373.15,10397.3,10336.5,10391.15,0
1328600700000,10392.05,10403.6,10279.25,10320.5,0
1328607900000,10323.4,10339.85,10320.9,10333.05,0
1328672700000,10306.05,10380.55,10208.45,10370.1,0
1328679900000,10366.65,10373.75,10341.85,10366.8,0
1328687100000,10368.05,10401.65,10223.4,10333.9,0
1328694300000,10334.05,10337.3,10315.1,10321.5,0
1328759100000,10268.75,10367.35,10268.75,10336.2,0
1328766300000,10337.0,10400.3,10334.65,10378.15,0
1328773500000,10379.0,10546.4,10332.15,10541.65,0
1328780700000,10538.9,10545.8,10516.2,10545.8,0
1328845500000,10494.05,10555.0,10472.45,10500.1,0
1328852700000,10498.2,10526.7,10390.55,10408.35,0
1328859900000,10409.2,10483.3,10344.2,10432.45,0
1328867100000,10430.05,10446.6,10407.7,10414.55,0
1329104700000,10452.2,10490.8,10335.7,10447.35,0
1329111900000,10444.2,10451.05,10375.75,10429.85,0
1329119100000,10429.1,10532.85,10421.95,10462.5,0
1329126300000,10461.05,10478.0,10453.75,10459.6,0
1329191100000,10449.1,10606.85,10449.1,10586.2,0
1329198300000,10585.5,10598.85,10532.15,10553.45,0
1329205500000,10550.35,10574.0,10510.4,10549.8,0
1329212700000,10550.85,10572.2,10546.0,10570.35,0
1329277500000,10633.15,10750.3,10633.15,10745.4,0
1329284700000,10743.7,10833.65,10737.25,10822.5,0
1329291900000,10822.3,10959.5,10799.7,10927.75,0
1329299100000,10926.5,10938.45,10919.3,10920.1,0
1329363900000,10871.8,10900.5,10802.55,10817.8,0
1329371100000,10816.5,10847.45,10780.05,10838.2,0
1329378300000,10837.0,10940.8,10804.9,10921.7,0
1329385500000,10922.8,10930.5,10903.7,10916.0,0
1329450300000,11057.45,11203.35,11045.7,11101.3,0
1329457500000,11102.3,11134.55,11045.95,11092.1,0
1329464700000,11092.75,11120.4,11013.0,11065.25,0
1329471900000,11065.5,11115.7,11065.5,11100.65,0
1329795900000,11061.35,11163.25,11061.35,11113.8,0
1329803100000,11113.75,11207.05,11110.8,11126.7,0
1329810300000,11124.2,11204.1,11100.8,11173.0,0
1329817500000,11171.45,11177.8,11150.95,11160.95,0
1329882300000,11150.35,11226.75,10945.0,10990.7,0
1329889500000,10988.35,11033.1,10939.45,11018.05,0
1329896700000,11016.2,11031.95,10714.05,10723.5,0
1329903900000,10721.05,10758.05,10719.5,10736.8,0
1329968700000,10698.2,10852.65,10685.25,10756.25,0
1329975900000,10756.2,10773.5,10621.8,10675.75,0
1329983100000,10676.25,10832.0,10663.55,10720.1,0
1329990300000,10719.6,10725.85,10694.5,10694.7,0
1330055100000,10706.4,10759.05,10473.65,10511.05,0
1330062300000,10512.6,10568.05,10481.65,10567.7,0
1330069500000,10572.95,10587.05,10435.55,10512.75,0
1330076700000,10510.75,10515.0,10482.25,10498.15,0
1330314300000,10522.25,10523.85,10306.7,10308.05,0
1330321500000,10305.6,10309.45,10199.85,10241.8,0
1330328700000,10242.95,10268.75,10078.15,10078.5,0
1330335900000,10073.9,10107.9,10073.9,10080.65,0
1330400700000,10184.9,10378.2,10178.85,10373.1,0
1330407900000,10370.7,10478.85,10370.7,10433.5,0
1330415100000,10434.45,10561.7,10411.15,10473.25,0
1330422300000,10474.85,10501.85,10471.15,10478.7,0
1330487100000,10562.15,10667.3,10387.75,10471.0,0
1330494300000,10476.6,10542.0,10418.1,10445.6,0
1330501500000,10446.85,10450.85,10340.75,10419.65,0
1330508700000,10417.55,10430.75,10394.25,10426.25,0
1330573500000,10375.25,10382.75,10184.15,10273.85,0
1330580700000,10273.1,10316.35,10242.5,10273.55,0
1330587900000,10272.95,10347.95,10160.25,10267.2,0
1330595100000,10265.3,10292.8,10233.6,10246.4,0
1330659900000,10342.45,10531.1,10192.8,10512.9,0
1330667100000,10514.05,10584.25,10444.65,10474.9,0
1330674300000,10472.3,10474.75,10344.25,10451.6,0
1330681500000,10451.1,10452.35,10417.1,10419.65,0
1330919100000,10390.45,10390.45,10222.75,10263.95,0
1330926300000,10262.9,10266.5,10158.95,10187.7,0
1330933500000,10187.25,10237.35,10152.1,10187.25,0
1330940700000,10186.0,10195.35,10165.75,10182.75,0
1331005500000,10130.55,10438.0,10034.3,10402.2,0
1331012700000,10403.95,10408.45,10239.0,10241.8,0
1331019900000,10241.6,10260.15,10044.3,10067.9,0
1331027100000,10069.1,10069.1,10020.45,10025.7,0
1331091900000,9997.0,10129.0,9939.95,10096.1,0
1331099100000,10098.25,10150.95,10001.05,10006.2,0
1331106300000,10004.65,10169.45,9970.1,10115.9,0
1331113500000,10111.4,10154.45,10111.4,10154.45,0
1331264700000,10290.9,10470.7,10290.9,10451.7,0
1331271900000,10451.8,10473.05,10391.2,10462.9,0
1331279100000,10463.35,10505.7,10398.85,10498.45,0
1331286300000,10498.05,10526.35,10497.7,10526.35,0
1331523900000,10760.95,10786.45,10608.25,10667.1,0
1331531100000,10663.95,10667.65,10543.25,10626.15,0
1331538300000,10626.55,10664.9,10589.05,10627.2,0
1331545500000,10626.75,10634.85,10603.1,10614.15,0
1331610300000,10717.4,10765.7,10700.7,10734.55,0
1331617500000,10733.55,10746.1,10684.8,10721.05,0
1331624700000,10720.5,10726.8,10671.95,10699.5,0
1331631900000,10695.85,10696.9,10671.45,10683.65,0
1331696700000,10836.75,10854.8,10791.75,10817.45,0
1331703900000,10816.0,10845.5,10768.65,10840.1,0
1331711100000,10839.85,10897.35,10822.1,10887.75,0
1331718300000,10887.2,10912.05,10881.15,10908.7,0
1331783100000,10885.6,10887.0,10612.2,10635.6,0
1331790300000,10633.75,10683.95,10563.5,10631.65,0
1331797500000,10630.4,10640.65,10556.4,10608.8,0
1331804700000,10609.85,10611.25,10584.25,10584.95,0
1331869500000,10622.95,10791.7,10602.15,10785.55,0
1331876700000,10785.25,10832.3,10583.95,10740.8,0
1331883900000,10736.5,10766.5,10350.2,10388.85,0
1331891100000,10391.45,10412.2,10348.05,10348.25,0
1332128700000,10433.45,10440.85,10258.15,10276.4,0
1332135900000,10277.5,10294.55,10206.25,10207.85,0
1332143100000,10208.7,10227.3,10135.25,10185.9,0
1332150300000,10186.1,10194.9,10175.7,10187.15,0
1332215100000,10186.85,10312.45,10137.8,10248.0,0
1332222300000,10247.55,10253.45,10164.1,10165.85,0
1332229500000,10168.0,10369.2,10149.95,10285.7,0
1332236700000,10285.0,10299.35,10259.7,10263.3,0
1332301500000,10247.8,10334.15,10217.45,10324.35,0
1332308700000,10324.7,10421.35,10297.35,10398.75,0
1332315900000,10396.25,10538.0,10396.25,10513.95,0
1332323100000,10513.65,10562.05,10513.65,10554.7,0
1332387900000,10524.8,10583.75,10489.15,10547.4,0
1332395100000,10543.5,10543.5,10442.85,10487.2,0
1332402300000,10484.55,10523.2,10152.05,10203.9,0
1332409500000,10203.0,10203.0,10135.85,10136.8,0
1332474300000,10253.15,10321.0,10125.75,10215.85,0
1332481500000,10215.5,10302.05,10136.55,10259.9,0
1332488700000,10261.5,10404.25,10233.65,10294.45,0
1332495900000,10294.2,10337.6,10288.3,10319.15,0
1332733500000,10263.1,10263.1,10079.3,10111.15,0
1332740700000,10112.1,10122.15,10038.9,10060.0,0
1332747900000,10063.65,10105.3,10030.75,10053.25,0
1332755100000,10051.7,10053.35,10013.05,10045.85,0
1332819900000,10175.65,10189.9,9967.55,10102.9,0
1332827100000,10102.45,10116.2,10025.45,10055.7,0
1332834300000,10052.2,10247.05,10029.25,10126.6,0
1332841500000,10125.1,10190.7,10124.6,10187.35,0
1332906300000,10085.5,10098.85,10020.35,10080.75,0
1332913500000,10081.65,10095.0,10012.25,10033.0,0
1332920700000,10034.45,10037.75,9901.2,9973.35,0
1332927900000,9973.3,9983.75,9950.1,9950.1,0
1332992700000,9887.5,9928.15,9845.4,9924.6,0
1332999900000,9923.6,9948.25,9862.25,9944.95,0
1333007100000,9946.25,9988.55,9903.6,9917.55,0
1333014300000,9917.75,9967.25,9902.3,9946.65,0
1333079100000,9981.9,10137.85,9981.9,10124.05,0
1333086300000,10122.0,10186.5,10100.9,10186.0,0
1333093500000,10185.9,10248.05,10133.75,10203.3,0
1333100700000,10203.7,10220.8,10181.55,10185.3,0
1333338300000,10198.35,10293.25,10180.95,10244.25,0
1333345500000,10244.5,10314.0,10239.0,10298.7,0
1333352700000,10300.05,10321.75,10238.6,10298.9,0
1333359900000,10298.35,10313.15,10296.25,10307.4,0
1333424700000,10381.5,10471.15,10376.0,10462.05,0
1333431900000,10461.7,10489.15,10448.8,10472.7,0
1333439100000,10473.9,10502.7,10405.4,10434.65,0
1333446300000,10435.7,10439.85,10417.35,10423.9,0
1333511100000,10347.2,10359.0,10308.45,10335.6,0
1333518300000,10334.95,10344.65,10267.95,10277.45,0
1333525500000,10275.85,10343.15,10275.05,10337.7,0
1333532700000,10337.6,10371.85,10330.45,10371.85,0
1333943100000,10247.45,10247.45,10152.55,10171.55,0
1333950300000,10174.75,10189.4,10158.25,10186.6,0
1333957500000,10181.3,10215.95,10113.75,10117.1,0
1333964700000,10115.45,10131.45,10113.95,10121.45,0
1334029500000,10163.6,10174.75,10081.4,10122.6,0
1334036700000,10123.5,10135.5,10077.05,10088.25,0
1334043900000,10090.5,10208.65,10077.8,10186.85,0
1334051100000,10187.6,10209.9,10183.85,10198.65,0
1334115900000,10099.6,10129.0,10060.7,10106.3,0
1334123100000,10106.05,10244.9,10084.95,10221.65,0
1334130300000,10223.1,10309.75,10157.95,10201.0,0
1334137500000,10199.45,10245.65,10195.55,10242.75,0
1334202300000,10252.6,10376.4,10252.6,10345.5,0
1334209500000,10346.2,10426.25,10341.6,10399.7,0
1334216700000,10399.55,10432.8,10364.7,10403.65,0
1334223900000,10402.9,10405.75,10380.0,10395.25,0
1334288700000,10471.8,10579.45,10471.8,10575.9,0
1334295900000,10577.85,10587.95,10469.95,10507.1,0
1334303100000,10505.9,10508.75,10235.7,10308.7,0
1334310300000,10307.65,10311.15,10279.1,10285.9,0
1334547900000,10291.45,10409.85,10274.5,10363.55,0
1334555100000,10359.0,10425.1,10357.45,10400.1,0
1334562300000,10400.2,10440.75,10305.4,10423.95,0
1334569500000,10423.35,10447.95,10422.5,10447.85,0
1334634300000,10479.15,10621.9,10270.3,10528.75,0
1334641500000,10527.75,10540.2,10348.5,10462.05,0
1334648700000,10461.15,10548.2,10437.9,10521.85,0
1334655900000,10525.5,10530.55,10505.0,10519.4,0
1334720700000,10619.15,10645.85,10588.65,10591.85,0
1334727900000,10596.45,10617.2,10547.9,10589.05,0
1334735100000,10587.7,10611.0,10506.25,10518.7,0
1334742300000,10516.4,10519.8,10479.5,10486.8,0
1334807100000,10542.15,10542.15,10438.65,10463.9,0
1334814300000,10463.15,10579.2,10461.2,10572.0,0
1334821500000,10570.55,10584.9,10513.95,10584.9,0
1334828700000,10583.45,10594.9,10569.05,10589.45,0
1334893500000,10529.45,10574.5,10505.55,10539.6,0
1334900700000,10541.3,10577.45,10484.55,10528.55,0
1334907900000,10528.3,10540.25,10387.05,10454.25,0
1334915100000,10453.45,10469.9,10441.7,10441.7,0
1335152700000,10439.0,10521.45,10434.0,10463.75,0
1335159900000,10464.5,10487.1,10315.6,10326.05,0
1335167100000,10326.4,10342.1,10237.25,10259.8,0
1335174300000,10259.25,10261.6,10206.9,10212.8,0
1335239100000,10279.05,10287.9,10151.8,10239.95,0
1335246300000,10236.65,10278.85,10208.6,10245.7,0
1335253500000,10245.9,10246.2,10187.6,10211.35,0
1335260700000,10209.95,10228.45,10205.05,10226.2,0
1335325500000,10221.75,10277.85,10212.9,10217.75,0
1335332700000,10218.35,10236.75,10059.8,10099.95,0
1335339900000,10101.3,10199.05,10043.65,10153.55,0
1335347100000,10152.3,10173.75,10149.7,10165.9,0
1335411900000,10169.25,10193.9,10120.75,10124.25,0
1335419100000,10124.0,10172.6,10107.3,10142.55,0
1335426300000,10141.7,10154.15,10083.5,10128.65,0
1335433500000,10126.6,10149.45,10117.7,10133.65,0
1335498300000,10150.3,10249.15,10145.05,10233.1,0
1335505500000,10233.45,10247.55,10029.45,10102.65,0
1335512700000,10101.1,10171.85,10069.25,10156.05,0
1335519900000,10154.0,10168.65,10123.5,10123.5,0
1335757500000,10249.05,10339.9,10249.05,10337.7,0
1335764700000,10339.45,10360.55,10266.8,10301.85,0
1335771900000,10301.65,10315.1,10228.25,10282.4,0
1335779100000,10282.85,10287.0,10268.05,10273.35,0
1335930300000,10308.3,10382.35,10308.3,10369.1,0
1335937500000,10368.6,10369.7,10313.0,10317.6,0
1335944700000,10313.3,10344.7,10294.85,10297.05,0
1335951900000,10296.15,10310.95,10278.45,10278.45,0
1336016700000,10234.85,10255.85,10129.5,10158.15,0
1336023900000,10158.7,10204.2,10123.15,10182.15,0
1336031100000,10182.6,10196.6,10100.25,10121.35,0
1336038300000,10122.4,10138.65,10111.9,10138.65,0
1336103100000,10056.0,10068.65,9937.75,9955.45,0
1336110300000,9954.25,9973.3,9836.3,9846.45,0
1336117500000,9853.2,9859.55,9757.75,9809.8,0
1336124700000,9808.15,9817.05,9772.35,9777.95,0
1336362300000,9639.25,9639.25,9480.5,9536.1,0
1336369500000,9535.1,9601.45,9492.25,9591.35,0
1336376700000,9591.45,9910.7,9568.65,9875.55,0
1336383900000,9879.7,9904.25,9852.9,9902.3,0
1336448700000,9914.25,9924.15,9750.8,9852.15,0
1336455900000,9849.7,9897.3,9766.5,9774.1,0
1336463100000,9771.95,9789.5,9589.15,9607.7,0
1336470300000,9606.85,9618.5,9526.65,9535.85,0
1336535100000,9507.15,9572.35,9451.9,9543.2,0
1336542300000,9540.85,9560.8,9401.45,9439.75,0
1336549500000,9439.65,9530.9,9340.45,9396.7,0
1336556700000,9396.95,9427.2,9382.5,9399.1,0
1336621500000,9433.0,9555.0,9430.6,9531.45,0
1336628700000,9530.45,9580.4,9479.8,9486.9,0
1336635900000,9489.15,9495.15,9362.1,9423.9,0
1336643100000,9422.35,9448.75,9413.75,9448.75,0
1336707900000,9354.1,9405.7,9296.65,9328.7,0
1336715100000,9327.8,9394.9,9308.45,9378.05,0
1336722300000,9379.75,9532.65,9371.0,9405.3,0
1336729500000,9403.4,9416.7,9381.65,9390.8,0
1336967100000,9431.8,9498.8,9396.9,9418.95,0
1336974300000,9420.45,9425.75,9206.0,9212.8,0
1336981500000,9212.65,9298.7,9190.3,9263.45,0
1336988700000,9263.5,9263.5,9231.75,9238.7,0
1337053500000,9166.1,9306.65,9166.1,9248.9,0
1337060700000,9250.0,9347.65,9246.35,9323.75,0
1337067900000,9324.65,9361.45,9286.15,9311.25,0
1337075100000,9311.0,9325.25,9305.85,9312.25,0
1337139900000,9177.25,9177.25,9115.1,9119.1,0
1337147100000,9120.25,9139.5,9047.05,9059.35,0
1337154300000,9059.25,9208.15,9058.15,9162.9,0
1337161500000,9162.55,9173.85,9148.9,9165.65,0
1337226300000,9227.05,9328.5,9227.05,9307.95,0
1337233500000,9307.7,9310.6,9185.65,9233.2,0
1337240700000,9236.2,9237.65,9113.65,9154.05,0
1337247900000,9152.7,9165.65,9139.05,9140.95,0
1337312700000,9008.8,9093.8,8995.25,9032.25,0
1337319900000,9031.05,9235.15,9030.55,9198.8,0
1337327100000,9202.55,9303.25,9194.15,9288.9,0
1337334300000,9287.75,9364.7,9280.3,9356.65,0
1337571900000,9300.65,9452.3,9300.65,9400.05,0
1337579100000,9399.95,9478.05,9399.15,9460.45,0
1337586300000,9459.4,9478.95,9404.9,9404.9,0
1337593500000,9407.25,9417.9,9377.35,9377.35,0
1337658300000,9511.55,9522.3,9426.6,9464.25,0
1337665500000,9464.35,9483.1,9374.5,9392.85,0
1337672700000,9389.85,9427.05,9254.5,9261.7,0
1337679900000,9259.05,9274.2,9253.05,9262.2,0
1337744700000,9237.6,9254.5,9185.45,9213.3,0
1337751900000,9212.9,9295.65,9157.2,9272.5,0
1337759100000,9273.0,9285.95,9175.0,9212.7,0
1337766300000,9214.1,9221.45,9202.4,9207.55,0
1337831100000,9272.1,9272.1,9198.75,9258.5,0
1337838300000,9257.85,9406.25,9250.6,9339.4,0
1337845500000,9336.75,9429.55,9270.05,9418.0,0
1337852700000,9420.0,9463.7,9420.0,9461.55,0
1337917500000,9419.9,9455.1,9371.55,9443.5,0
1337924700000,9444.8,9492.85,9410.85,9445.55,0
1337931900000,9444.1,9497.0,9408.3,9442.75,0
1337939100000,9441.55,9480.15,9434.6,9475.7,0
1338176700000,9498.55,9602.6,9498.55,9595.75,0
1338183900000,9597.0,9623.0,9571.65,9580.8,0
1338191100000,9581.5,9703.65,9554.75,9693.95,0
1338198300000,9695.0,9716.5,9695.0,9715.3,0
1338263100000,9739.65,9783.45,9692.9,9698.95,0
1338270300000,9699.15,9777.7,9699.15,9769.9,0
1338277500000,9769.35,9777.95,9704.4,9712.3,0
1338284700000,9712.45,9712.45,9687.65,9699.75,0
1338349500000,9632.15,9638.35,9558.05,9591.45,0
1338356700000,9591.25,9615.75,9542.7,9542.7,0
1338363900000,9543.15,9619.05,9514.25,9539.75,0
1338371100000,9541.7,9543.35,9520.9,9523.5,0
1338435900000,9402.9,9419.0,9360.05,9394.5,0
1338443100000,9393.75,9455.9,9380.0,9419.45,0
1338450300000,9419.1,9479.35,9401.15,9446.65,0
1338457500000,9447.4,9455.45,9432.55,9454.4,0
1338522300000,9449.05,9493.25,9432.7,9472.2,0
1338529500000,9471.2,9475.15,9316.55,9341.8,0
1338536700000,9343.3,9358.85,9261.3,9282.3,0
1338543900000,9282.25,9283.75,9252.6,9262.2,0
1338781500000,9155.8,9220.55,9110.45,9198.35,0
1338788700000,9201.55,9250.8,9156.75,9250.8,0
1338795900000,9253.8,9363.25,9236.2,9360.8,0
1338803100000,9360.3,9406.25,9360.3,9396.5,0
1338867900000,9449.8,9507.6,9447.15,9490.0,0
1338875100000,9488.85,9545.5,9456.15,9503.75,0
1338882300000,9501.4,9505.75,9400.35,9463.3,0
1338889500000,9465.85,9475.6,9453.2,9465.75,0
1338954300000,9521.05,9639.8,9521.05,9609.4,0
1338961500000,9610.6,9668.15,9607.55,9656.8,0
1338968700000,9657.0,9770.65,9656.6,9737.95,0
1338975900000,9738.9,9752.3,9718.05,9734.25,0
1339040700000,9829.55,9859.4,9787.95,9841.55,0
1339047900000,9847.15,9882.15,9800.35,9871.7,0
1339055100000,9873.0,9948.0,9871.25,9942.1,0
1339062300000,9942.9,9974.7,9936.65,9974.7,0
1339127100000,9937.2,9937.2,9854.45,9898.9,0
1339134300000,9895.6,9909.75,9829.35,9882.8,0
1339141500000,9881.0,10017.55,9809.95,10014.9,0
1339148700000,10013.6,10031.2,10006.9,10026.65,0
1339386300000,10089.75,10157.75,10089.75,10134.45,0
1339393500000,10135.35,10146.1,10053.25,10096.9,0
1339400700000,10097.1,10141.4,9934.1,9947.35,0
1339407900000,9948.5,9974.25,9934.05,9947.85,0
1339472700000,9893.75,10043.85,9893.35,10004.8,0
1339479900000,10005.65,10107.85,10000.75,10080.9,0
1339487100000,10079.4,10156.4,10001.4,10121.1,0
1339494300000,10122.55,10149.5,10122.15,10132.9,0
1339559100000,10153.55,10168.9,10105.5,10137.1,0
1339566300000,10138.35,10224.55,10075.2,10189.95,0
1339573500000,10184.3,10206.2,10103.75,10120.2,0
1339580700000,10118.0,10134.7,10117.9,10126.0,0
1339645500000,10066.45,10096.75,10003.85,10012.9,0
1339652700000,10012.3,10094.95,9911.3,9953.8,0
1339659900000,9954.0,9955.15,9823.0,9825.95,0
1339667100000,9825.3,9843.4,9813.65,9818.0,0
1339731900000,9892.55,9956.55,9892.55,9924.7,0
1339739100000,9925.05,10043.55,9922.2,10027.7,0
1339746300000,10028.15,10098.9,9973.65,10067.2,0
1339753500000,10068.85,10072.95,10042.4,10042.4,0
1339991100000,10188.1,10197.8,9766.15,9844.7,0
1339998300000,9846.35,9856.75,9779.1,9794.85,0
1340005500000,9793.7,9805.45,9695.6,9752.2,0
1340012700000,9755.15,9766.6,9742.7,9753.25,0
1340077500000,9728.8,9776.05,9619.15,9648.15,0
1340084700000,9648.35,9795.1,9648.35,9774.25,0
1340091900000,9773.75,9808.0,9661.7,9769.4,0
1340099100000,9766.1,9805.15,9766.1,9795.05,0
1340163900000,9837.45,9875.6,9799.35,9862.5,0
1340171100000,9862.25,9864.0,9785.45,9801.9,0
1340178300000,9801.3,9875.65,9764.45,9822.3,0
1340185500000,9822.0,9852.8,9818.7,9850.85,0
1340250300000,9790.2,9836.95,9769.3,9832.55,0
1340257500000,9832.25,9868.75,9813.25,9827.4,0
1340264700000,9827.05,10046.9,9802.75,10031.0,0
1340271900000,10030.9,10040.9,10021.2,10029.05,0
1340336700000,9912.85,10023.8,9902.1,10021.3,0
1340343900000,10021.85,10023.0,9873.85,9975.45,0
1340351100000,9976.35,10073.45,9934.4,10036.25,0
1340358300000,10036.55,10055.85,10030.55,10038.4,0
1340595900000,10082.6,10193.45,10082.6,10181.05,0
1340603100000,10181.0,10183.4,10089.9,10117.95,0
1340610300000,10116.85,10150.6,9903.55,9926.95,0
1340617500000,9926.25,9941.35,9892.8,9892.8,0
1340682300000,9913.05,10001.45,9911.1,9998.7,0
1340689500000,9997.2,10023.9,9967.85,10020.85,0
1340696700000,10019.3,10024.65,9901.85,9970.0,0
1340703900000,9969.95,9991.25,9969.05,9991.25,0
1340768700000,10045.3,10092.1,10045.3,10075.5,0
1340775900000,10075.75,10109.65,10049.3,10090.6,0
1340783100000,10089.5,10096.45,9988.5,10009.55,0
1340790300000,10009.75,10022.05,9997.35,10008.35,0
1340855100000,10030.75,10052.2,9996.45,10013.6,0
1340862300000,10013.65,10032.8,9981.9,9991.6,0
1340869500000,9992.55,10040.4,9950.1,10016.85,0
1340876700000,10017.1,10018.05,9957.55,9957.55,0
1340941500000,10153.35,10257.75,10140.65,10256.3,0
1340948700000,10256.8,10273.5,10241.1,10256.65,0
1340955900000,10255.45,10360.0,10240.75,10352.65,0
1340963100000,10351.75,10355.8,10295.25,10300.5,0
1341200700000,10371.55,10371.55,10303.65,10343.6,0
1341207900000,10343.1,10369.35,10315.95,10357.3,0
1341215100000,10354.95,10450.3,10344.35,10403.7,0
1341222300000,10402.9,10416.05,10394.65,10401.4,0
1341287100000,10464.7,10523.4,10464.7,10513.85,0
1341294300000,10512.1,10544.3,10508.95,10513.2,0
1341301500000,10512.7,10543.45,10444.3,10486.15,0
1341308700000,10486.45,10490.95,10457.25,10463.15,0
1341373500000,10541.8,10548.9,10483.05,10530.7,0
1341380700000,10530.95,10539.4,10482.85,10496.7,0
1341387900000,10495.85,10545.7,10492.75,10539.9,0
1341395100000,10539.75,10541.2,10518.65,10521.4,0
1341459900000,10514.8,10524.55,10468.75,10513.95,0
1341467100000,10513.65,10548.1,10506.25,10543.95,0
1341474300000,10543.3,10650.55,10539.3,10637.85,0
1341481500000,10636.9,10651.2,10635.75,10647.4,0
1341546300000,10621.3,10625.4,10547.35,10594.55,0
1341553500000,10593.6,10646.4,10583.45,10641.2,0
1341560700000,10640.4,10687.9,10601.4,10652.1,0
1341567900000,10652.45,10670.85,10651.4,10670.85,0
1341805500000,10591.8,10635.9,10569.75,10602.7,0
1341812700000,10604.05,10604.05,10530.35,10563.1,0
1341819900000,10562.5,10590.35,10524.75,10590.35,0
1341827100000,10590.65,10607.4,10579.05,10602.0,0
1341891900000,10624.25,10688.25,10615.3,10687.1,0
1341899100000,10687.25,10701.4,10666.05,10677.95,0
1341906300000,10678.25,10767.25,10668.85,10746.0,0
1341913500000,10744.05,10758.35,10737.3,10747.15,0
1341978300000,10694.75,10782.55,10693.75,10746.95,0
1341985500000,10747.25,10779.8,10720.15,10766.15,0
1341992700000,10766.3,10772.8,10692.95,10718.8,0
1341999900000,10719.8,10722.9,10703.2,10712.95,0
1342064700000,10643.9,10676.0,10594.75,10632.1,0
1342071900000,10631.05,10642.45,10557.35,10566.9,0
1342079100000,10565.7,10648.9,10565.7,10623.1,0
1342086300000,10623.5,10623.5,10598.8,10602.35,0
1342151100000,10646.65,10712.4,10646.3,10705.15,0
1342158300000,10708.95,10715.15,10659.5,10700.1,0
1342165500000,10699.95,10705.35,10568.75,10602.45,0
1342172700000,10604.9,10606.2,10574.6,10580.3,0
1342410300000,10631.9,10654.05,10562.75,10574.3,0
1342417500000,10573.8,10692.8,10569.1,10650.35,0
1342424700000,10651.3,10663.3,10567.75,10574.85,0
1342431900000,10573.15,10574.15,10552.7,10569.95,0
1342496700000,10655.15,10673.5,10602.2,10615.5,0
1342503900000,10615.45,10618.55,10555.45,10578.95,0
1342511100000,10577.55,10598.85,10518.95,10558.2,0
1342518300000,10558.95,10569.45,10548.6,10560.6,0
1342583100000,10572.45,10574.65,10498.6,10514.15,0
1342590300000,10515.9,10586.6,10508.8,10553.8,0
1342597500000,10552.45,10629.15,10527.65,10604.45,0
1342604700000,10605.95,10616.65,10599.0,10608.9,0
1342669500000,10700.85,10708.6,10663.05,10676.55,0
1342676700000,10675.4,10679.0,10620.95,10627.8,0
1342683900000,10627.5,10664.85,10606.6,10623.45,0
1342691100000,10623.75,10626.75,10613.5,10615.5,0
1342755900000,10613.95,10613.95,10486.85,10511.7,0
1342763100000,10511.95,10537.75,10496.1,10510.75,0
1342770300000,10509.85,10524.35,10463.4,10480.8,0
1342777500000,10480.9,10494.0,10477.0,10486.45,0
1343015100000,10390.25,10402.25,10367.3,10375.75,0
1343022300000,10375.9,10385.1,10295.1,10305.85,0
1343029500000,10305.6,10323.6,10254.0,10285.8,0
1343036700000,10284.15,10287.0,10269.8,10277.35,0
1343101500000,10289.35,10340.55,10284.3,10328.45,0
1343108700000,10328.35,10349.45,10272.7,10272.7,0
1343115900000,10273.7,10340.45,10237.25,10303.4,0
1343123100000,10305.0,10309.95,10288.55,10309.95,0
1343187900000,10284.65,10307.35,10224.75,10228.05,0
1343195100000,10227.45,10305.35,10225.9,10273.85,0
1343202300000,10271.35,10315.4,10260.25,10265.55,0
1343209500000,10265.15,10275.95,10257.15,10265.25,0
1343274300000,10313.1,10314.05,10223.05,10249.85,0
1343281500000,10249.2,10257.45,10226.7,10235.1,0
1343288700000,10235.25,10239.5,10056.15,10071.6,0
1343295900000,10073.35,10111.2,10073.35,10108.65,0
1343360700000,10281.05,10397.75,10255.3,10379.1,0
1343367900000,10379.35,10401.65,10228.2,10229.65,0
1343375100000,10230.05,10238.75,10102.75,10155.15,0
1343382300000,10156.95,10167.5,10136.25,10163.45,0
1343619900000,10243.2,10348.8,10239.65,10339.3,0
1343627100000,10338.05,10401.5,10310.95,10386.8,0
1343634300000,10387.9,10427.05,10350.85,10416.7,0
1343641500000,10413.55,10423.45,10403.15,10403.65,0
1343706300000,10464.4,10467.95,10276.05,10333.85,0
1343713500000,10335.95,10357.75,10239.7,10340.45,0
1343720700000,10341.55,10394.25,10304.0,10377.9,0
1343727900000,10378.75,10403.75,10366.2,10388.0,0
1343792700000,10350.15,10401.7,10324.6,10366.4,0
1343799900000,10367.15,10445.2,10342.5,10428.55,0
1343807100000,10427.8,10437.1,10370.75,10419.4,0
1343814300000,10421.5,10430.9,10411.9,10414.45,0
1343879100000,10417.5,10417.5,10340.85,10356.95,0
1343886300000,10355.9,10380.15,10310.85,10370.9,0
1343893500000,10370.25,10386.2,10344.3,10371.2,0
1343900700000,10371.9,10392.2,10363.25,10383.85,0
1343965500000,10304.3,10318.9,10233.8,10236.3,0
1343972700000,10235.55,10278.3,10209.15,10255.3,0
1343979900000,10256.55,10336.25,10253.9,10321.45,0
1343987100000,10321.2,10324.0,10301.35,10304.95,0
1344224700000,10438.15,10486.6,10434.1,10475.75,0
1344231900000,10477.8,10499.85,10438.0,10449.35,0
1344239100000,10450.55,10501.45,10444.3,10458.6,0
1344246300000,10460.2,10472.2,10448.4,10458.35,0
1344311100000,10502.9,10574.65,10463.55,10564.4,0
1344318300000,10564.95,10584.75,10537.55,10575.25,0
1344325500000,10575.05,10616.9,10572.75,10595.3,0
1344332700000,10594.75,10600.05,10579.05,10582.5,0
1344397500000,10603.0,10640.75,10545.75,10589.6,0
1344404700000,10587.5,10607.35,10552.55,10581.0,0
1344411900000,10580.5,10617.05,10511.35,10516.35,0
1344419100000,10516.75,10540.6,10515.0,10530.45,0
1344483900000,10573.4,10614.2,10561.4,10581.6,0
1344491100000,10582.35,10599.95,10520.15,10541.75,0
1344498300000,10542.1,10545.3,10425.15,10438.0,0
1344505500000,10436.1,10470.6,10433.4,10469.35,0
1344570300000,10424.65,10449.25,10384.1,10412.1,0
1344577500000,10412.55,10422.5,10283.3,10291.1,0
1344584700000,10291.25,10368.95,10272.05,10351.65,0
1344591900000,10352.5,10380.6,10351.7,10370.65,0
1344829500000,10346.95,10351.3,10296.1,10301.3,0
1344836700000,10301.0,10326.45,10284.05,10293.55,0
1344843900000,10293.3,10406.8,10288.95,10404.15,0
1344851100000,10405.65,10415.2,10394.3,10397.7,0
1344915900000,10426.95,10463.65,10387.95,10408.75,0
1344923100000,10408.85,10538.9,10393.15,10523.0,0
1344930300000,10523.2,10547.1,10495.5,10519.95,0
1344937500000,10520.45,10529.25,10512.4,10525.0,0
1345088700000,10538.95,10551.05,10475.5,10494.5,0
1345095900000,10493.3,10526.6,10455.85,10472.0,0
1345103100000,10472.15,10487.5,10405.7,10434.05,0
1345110300000,10435.05,10440.1,10421.75,10425.65,0
1345175100000,10441.15,10505.85,10434.7,10484.9,0
1345182300000,10484.2,10493.65,10386.05,10408.0,0
1345189500000,10408.75,10431.45,10354.7,10413.55,0
1345196700000,10413.75,10425.4,10409.45,10414.95,0
1345520700000,10447.25,10461.5,10356.05,10395.45,0
1345527900000,10397.6,10407.8,10353.85,10394.8,0
1345535100000,10396.45,10482.1,10389.0,10481.2,0
1345542300000,10481.3,10484.55,10464.15,10479.0,0
1345607100000,10410.5,10468.05,10401.75,10448.1,0
1345614300000,10446.75,10502.5,10443.75,10477.65,0
1345621500000,10477.0,10533.7,10461.85,10470.8,0
1345628700000,10467.8,10479.4,10463.7,10479.4,0
1345693500000,10516.95,10551.85,10513.55,10542.1,0
1345700700000,10542.85,10560.85,10518.3,10531.7,0
1345707900000,10531.55,10535.95,10413.3,10449.45,0
1345715100000,10452.35,10465.2,10448.65,10457.55,0
1345779900000,10399.85,10412.25,10357.35,10378.3,0
1345787100000,10378.8,10393.35,10318.55,10331.4,0
1345794300000,10331.6,10361.85,10319.2,10332.6,0
1345801500000,10332.15,10339.8,10319.9,10320.3,0
1346039100000,10337.4,10337.4,10252.6,10255.8,0
1346046300000,10257.1,10257.1,10199.55,10222.8,0
1346053500000,10221.7,10229.85,10148.95,10161.6,0
1346060700000,10160.4,10160.5,10134.4,10140.05,0
1346125500000,10139.75,10151.35,10052.8,10122.8,0
1346132700000,10124.2,10133.55,10028.05,10049.45,0
1346139900000,10047.7,10087.4,10022.85,10061.1,0
1346147100000,10061.45,10061.7,10036.65,10043.5,0
1346211900000,10080.6,10127.0,10044.3,10082.4,0
1346219100000,10081.75,10091.85,10042.75,10047.9,0
1346226300000,10047.85,10064.95,9998.1,10012.9,0
1346233500000,10012.95,10015.65,10006.6,10011.25,0
1346298300000,9979.9,10015.75,9967.8,9993.2,0
1346305500000,9996.25,10007.1,9959.05,9990.0,0
1346312700000,9989.8,10089.05,9986.45,10087.0,0
1346319900000,10084.7,10130.9,10074.65,10088.95,0
1346384700000,10046.95,10074.25,10005.2,10038.95,0
1346391900000,10044.05,10130.95,10032.9,10064.9,0
1346399100000,10065.55,10069.15,9948.7,9994.3,0
1346406300000,9994.0,9999.1,9980.1,9994.3,0
1346643900000,10036.5,10082.5,10008.1,10018.9,0
1346651100000,10016.45,10044.45,9966.3,10036.55,0
1346658300000,10037.45,10038.6,9955.05,9965.0,0
1346665500000,9967.7,9969.1,9941.5,9941.65,0
1346730300000,9971.6,9977.05,9919.4,9921.1,0
1346737500000,9922.65,9952.05,9916.85,9947.85,0
1346744700000,9947.65,10030.55,9937.1,10022.05,0
1346751900000,10023.0,10033.0,10013.25,10033.0,0
1346816700000,9964.5,9976.4,9933.5,9938.3,0
1346823900000,9941.45,9951.2,9852.3,9880.55,0
1346831100000,9880.35,9892.15,9814.05,9832.35,0
1346838300000,9832.6,9839.3,9822.05,9829.2,0
1346903100000,9849.85,9894.95,9831.35,9879.8,0
1346910300000,9880.25,9911.2,9860.3,9910.4,0
1346917500000,9911.0,9947.45,9878.9,9889.65,0
1346924700000,9891.2,9900.65,9882.95,9900.65,0
1346989500000,10052.65,10104.0,10036.45,10094.0,0
1346996700000,10095.0,10116.1,10057.1,10109.55,0
1347003900000,10107.55,10133.5,10071.95,10132.95,0
1347011100000,10134.75,10134.75,10109.75,10116.95,0
1347248700000,10166.75,10181.85,10100.7,10106.55,0
1347255900000,10106.25,10126.6,10088.25,10088.85,0
1347263100000,10084.75,10087.2,10041.25,10079.6,0
1347270300000,10079.65,10080.8,10052.5,10052.5,0
1347335100000,10024.25,10053.7,10006.5,10033.55,0
1347342300000,10033.5,10112.8,10023.1,10091.45,0
1347349500000,10091.0,10131.35,10057.9,10129.2,0
1347356700000,10127.7,10154.2,10127.55,10139.75,0
1347421500000,10185.15,10223.95,10180.05,10189.95,0
1347428700000,10188.75,10200.65,10109.6,10136.0,0
1347435900000,10133.7,10189.9,10112.85,10187.4,0
1347443100000,10186.65,10192.3,10178.15,10187.4,0
1347507900000,10219.9,10259.4,10189.75,10237.75,0
1347515100000,10236.85,10244.6,10173.45,10176.9,0
1347522300000,10178.25,10215.35,10171.25,10212.8,0
1347529500000,10212.95,10214.3,10199.35,10203.55,0
1347594300000,10421.1,10642.45,10421.1,10565.6,0
1347601500000,10564.9,10591.55,10551.6,10585.9,0
1347608700000,10586.6,10655.7,10584.7,10653.05,0
1347615900000,10654.95,10664.55,10629.35,10631.1,0
1347853500000,10840.85,10998.25,10840.85,10902.1,0
1347860700000,10902.8,10904.45,10816.35,10904.15,0
1347867900000,10903.4,11045.45,10903.4,10973.25,0
1347875100000,10972.6,10984.7,10963.55,10972.15,0
1347939900000,10934.25,11036.4,10922.7,10985.55,0
1347947100000,10984.3,11044.95,10984.3,11017.55,0
1347954300000,11017.65,11065.0,11010.15,11039.85,0
1347961500000,11037.6,11058.85,11028.5,11058.85,0
1348112700000,10887.0,11031.8,10887.0,11021.7,0
1348119900000,11018.75,11018.75,10926.3,10928.5,0
1348127100000,10928.45,10989.35,10920.4,10931.55,0
1348134300000,10930.25,10930.6,10899.05,10903.95,0
1348199100000,10993.4,11187.25,10993.4,11166.9,0
1348206300000,11166.5,11433.1,11161.3,11319.05,0
1348213500000,11321.7,11381.35,11313.9,11344.6,0
1348220700000,11345.75,11386.9,11345.05,11384.55,0
1348458300000,11384.75,11516.5,11360.0,11515.05,0
1348465500000,11516.95,11533.75,11476.4,11487.2,0
1348472700000,11488.55,11491.3,11371.05,11426.15,0
1348479900000,11425.25,11435.4,11415.95,11435.4,0
1348544700000,11456.75,11517.65,11321.2,11344.45,0
1348551900000,11345.05,11434.05,11335.1,11405.7,0
1348559100000,11406.05,11483.9,11389.1,11425.9,0
1348566300000,11425.2,11431.45,11418.1,11425.5,0
1348631100000,11399.5,11405.95,11323.05,11383.0,0
1348638300000,11381.8,11391.15,11336.3,11355.8,0
1348645500000,11356.0,11438.15,11322.25,11427.25,0
1348652700000,11428.1,11441.05,11417.8,11423.6,0
1348717500000,11460.05,11466.3,11413.8,11448.95,0
1348724700000,11447.85,11490.25,11445.6,11465.5,0
1348731900000,11464.2,11471.9,11378.35,11421.75,0
1348739100000,11419.4,11427.15,11400.1,11404.95,0
1348803900000,11506.0,11536.85,11478.7,11505.85,0
1348811100000,11505.95,11513.9,11482.1,11497.55,0
1348818300000,11498.15,11500.3,11439.25,11453.8,0
1348825500000,11455.5,11476.75,11437.9,11470.95,0
1349063100000,11463.0,11466.05,11378.8,11406.9,0
1349070300000,11407.25,11436.85,11366.4,11436.85,0
1349077500000,11439.05,11448.95,11403.55,11416.6,0
1349084700000,11418.1,11439.85,11414.65,11435.25,0
1349235900000,11463.2,11471.85,11404.6,11444.75,0
1349243100000,11442.45,11460.05,11361.65,11386.35,0
1349250300000,11387.05,11422.95,11367.0,11418.5,0
1349257500000,11418.95,11423.0,11404.75,11406.2,0
1349322300000,11482.95,11653.35,11482.95,11647.9,0
1349329500000,11648.0,11685.55,11641.85,11664.85,0
1349336700000,11662.8,11665.0,11609.6,11632.65,0
1349343900000,11633.8,11645.0,11627.5,11643.6,0
1349408700000,11734.55,11740.4,11465.5,11504.7,0
1349415900000,11501.8,11538.45,11444.3,11526.05,0
1349423100000,11525.6,11540.1,11469.15,11514.5,0
1349430300000,11514.35,11516.15,11492.35,11493.45,0
1349667900000,11526.1,11526.1,11397.6,11411.55,0
1349675100000,11411.35,11430.7,11369.85,11386.95,0
1349682300000,11386.85,11403.15,11346.6,11349.7,0
1349689500000,11349.6,11375.35,11342.85,11369.3,0
1349754300000,11453.4,11528.35,11450.65,11482.6,0
1349761500000,11483.55,11503.1,11418.9,11436.65,0
1349768700000,11436.35,11482.35,11373.7,11445.75,0
1349775900000,11446.9,11453.3,11442.2,11445.35,0
1349840700000,11368.8,11368.8,11313.6,11327.35,0
1349847900000,11328.35,11359.5,11290.4,11303.75,0
1349855100000,11305.1,11321.5,11271.15,11297.35,0
1349862300000,11298.3,11299.7,11284.5,11284.75,0
1349927100000,11330.05,11334.15,11244.7,11303.15,0
1349934300000,11302.95,11367.65,11294.05,11362.9,0
1349941500000,11361.7,11431.0,11360.35,11419.4,0
1349948700000,11419.15,11476.95,11419.15,11476.95,0
1350013500000,11456.6,11527.15,11432.25,11461.7,0
1350020700000,11461.0,11498.65,11379.25,11415.7,0
1350027900000,11417.15,11465.85,11380.9,11389.65,0
1350035100000,11388.85,11389.65,11372.1,11374.15,0
1350272700000,11359.85,11360.0,11288.4,11302.35,0
1350279900000,11302.15,11440.45,11295.9,11438.15,0
1350287100000,11435.55,11448.4,11390.9,11444.05,0
1350294300000,11446.25,11454.8,11441.55,11445.4,0
1350359100000,11498.45,11498.7,11446.9,11451.1,0
1350366300000,11449.9,11508.5,11444.0,11456.9,0
1350373500000,11457.0,11471.65,11328.25,11344.55,0
1350380700000,11343.75,11363.1,11330.1,11333.8,0
1350445500000,11425.45,11425.45,11316.55,11349.85,0
1350452700000,11350.0,11375.7,11325.3,11356.35,0
1350459900000,11355.0,11366.35,11302.9,11366.05,0
1350467100000,11366.45,11367.05,11351.9,11352.85,0
1350531900000,11405.6,11410.15,11364.2,11400.4,0
1350539100000,11401.9,11510.85,11398.1,11505.2,0
1350546300000,11505.45,11592.3,11505.45,11586.5,0
1350553500000,11586.25,11594.6,11580.1,11581.75,0
1350618300000,11530.5,11605.65,11528.2,11581.35,0
1350625500000,11579.6,11579.6,11466.7,11475.25,0
1350632700000,11476.4,11512.65,11424.25,11494.8,0
1350639900000,11495.1,11497.05,11478.75,11485.95,0
1350877500000,11429.5,11594.35,11419.4,11578.65,0
1350884700000,11578.55,11604.6,11549.45,11579.35,0
1350891900000,11582.9,11619.25,11557.15,11604.9,0
1350899100000,11605.0,11612.65,11601.5,11608.2,0
1350963900000,11598.85,11656.8,11591.7,11605.85,0
1350971100000,11606.8,11622.4,11534.55,11554.45,0
1350978300000,11554.95,11584.65,11545.15,11575.35,0
1350985500000,11576.0,11584.45,11570.1,11582.2,0
1351136700000,11554.45,11612.4,11542.3,11587.75,0
1351143900000,11587.35,11606.6,11556.05,11568.55,0
1351151100000,11569.25,11625.35,11551.05,11617.45,0
1351158300000,11613.25,11643.4,11612.6,11640.05,0
1351223100000,11569.45,11631.25,11565.7,11576.5,0
1351230300000,11576.15,11611.95,11520.75,11539.4,0
1351237500000,11537.0,11537.0,11468.25,11500.9,0
1351244700000,11501.7,11531.9,11490.85,11516.0,0
1351482300000,11515.95,11571.9,11463.05,11570.1,0
1351489500000,11569.1,11585.8,11480.55,11485.95,0
1351496700000,11485.4,11496.05,11431.95,11479.0,0
1351503900000,11479.4,11481.4,11461.9,11473.05,0
1351568700000,11479.55,11600.05,11306.3,11332.4,0
1351575900000,11336.6,11341.0,11182.7,11217.6,0
1351583100000,11219.15,11272.4,11183.0,11219.85,0
1351590300000,11219.55,11221.75,11173.8,11183.15,0
1351655100000,11206.8,11224.35,11125.2,11181.65,0
1351662300000,11183.55,11238.5,11163.0,11237.8,0
1351669500000,11239.55,11290.0,11213.5,11269.5,0
1351676700000,11270.8,11284.9,11243.95,11250.2,0
1351741500000,11276.55,11320.65,11230.2,11260.35,0
1351748700000,11259.65,11344.9,11259.15,11307.55,0
1351755900000,11307.1,11349.4,11298.8,11319.45,0
1351763100000,11320.1,11324.8,11299.1,11306.25,0
1351827900000,11442.85,11446.05,11398.35,11409.25,0
1351835100000,11409.3,11459.7,11394.15,11451.05,0
1351842300000,11450.35,11472.5,11415.55,11463.35,0
1351849500000,11465.05,11477.55,11459.0,11465.05,0
1352087100000,11442.2,11489.3,11439.45,11474.7,0
1352094300000,11475.25,11478.2,11422.5,11427.95,0
1352101500000,11428.1,11482.75,11401.3,11468.5,0
1352108700000,11470.35,11482.65,11467.5,11475.2,0
1352173500000,11439.45,11519.2,11429.05,11501.9,0
1352180700000,11501.75,11524.1,11470.6,11489.75,0
1352187900000,11489.15,11541.3,11468.85,11537.55,0
1352195100000,11538.55,11568.45,11532.95,11560.05,0
1352259900000,11548.5,11675.0,11519.6,11657.3,0
1352267100000,11660.5,11719.1,11659.5,11701.7,0
1352274300000,11701.3,11711.85,11648.6,11664.85,0
1352281500000,11666.0,11672.8,11655.25,11658.7,0
1352346300000,11543.7,11618.6,11542.55,11598.25,0
1352353500000,11598.8,11610.55,11533.3,11559.0,0
1352360700000,11558.5,11637.95,11552.6,11598.9,0
1352367900000,11601.5,11628.25,11599.8,11618.9,0
1352432700000,11611.1,11663.9,11603.7,11616.25,0
1352439900000,11616.15,11626.15,11453.05,11474.95,0
1352447100000,11470.85,11511.45,11427.2,11466.55,0
1352454300000,11467.05,11485.8,11462.05,11485.8,0
1352691900000,11501.95,11552.65,11462.3,11515.45,0
1352699100000,11514.2,11605.15,11488.75,11530.1,0
1352706300000,11529.55,11594.75,11526.65,11581.1,0
1352713500000,11581.55,11608.8,11580.65,11608.8,0
1352951100000,11476.85,11521.4,11419.05,11471.55,0
1352958300000,11473.25,11482.35,11448.5,11464.9,0
1352965500000,11464.3,11530.2,11449.2,11519.45,0
1352972700000,11516.85,11530.25,11510.0,11523.65,0
1353037500000,11495.1,11537.15,11478.4,11481.1,0
1353044700000,11481.35,11506.2,11470.0,11490.2,0
1353051900000,11490.35,11502.7,11319.2,11334.75,0
1353059100000,11333.5,11333.5,11306.05,11328.05,0
1353296700000,11346.95,11378.25,11272.25,11284.95,0
1353303900000,11285.65,11318.7,11271.05,11307.7,0
1353311100000,11308.4,11329.05,11256.4,11304.0,0
1353318300000,11304.2,11324.75,11298.45,11316.85,0
1353383100000,11400.15,11409.8,11320.15,11341.0,0
1353390300000,11340.7,11343.4,11295.25,11305.8,0
1353397500000,11305.75,11330.9,11269.7,11321.45,0
1353404700000,11321.3,11332.75,11308.05,11328.4,0
1353469500000,11359.4,11430.9,11303.75,11416.35,0
1353476700000,11417.45,11436.1,11369.7,11386.3,0
1353483900000,11383.3,11461.2,11379.25,11458.05,0
1353491100000,11458.5,11477.35,11456.05,11463.95,0
1353555900000,11507.6,11570.85,11497.35,11514.1,0
1353563100000,11514.15,11551.3,11498.2,11545.4,0
1353570300000,11546.95,11561.05,11506.25,11507.6,0
1353577500000,11506.95,11510.1,11495.05,11510.1,0
1353642300000,11543.1,11549.0,11474.8,11476.1,0
1353649500000,11476.5,11488.4,11397.65,11431.0,0
1353656700000,11431.65,11483.25,11392.0,11472.9,0
1353663900000,11473.1,11486.2,11465.25,11468.3,0
1353901500000,11520.85,11520.85,11429.8,11438.6,0
1353908700000,11438.2,11457.0,11411.1,11437.25,0
1353915900000,11438.75,11463.15,11413.05,11436.25,0
1353923100000,11434.85,11436.65,11414.0,11418.6,0
1353987900000,11505.8,11634.6,11505.8,11619.0,0
1353995100000,11618.85,11641.95,11607.7,11635.45,0
1354002300000,11636.75,11663.45,11617.95,11655.1,0
1354009500000,11654.6,11663.5,11649.05,11659.35,0
1354160700000,11710.05,11834.6,11703.25,11825.15,0
1354167900000,11821.2,11862.55,11816.8,11825.55,0
1354175100000,11826.25,11997.9,11823.85,11974.35,0
1354182300000,11975.7,12035.4,11974.55,12027.05,0
1354247100000,12086.5,12106.95,12001.15,12038.45,0
1354254300000,12038.4,12124.95,12038.4,12106.3,0
1354261500000,12106.85,12175.3,12081.5,12158.5,0
1354268700000,12158.8,12168.15,12152.2,12153.1,0
1354506300000,12125.7,12165.65,12075.6,12093.7,0
1354513500000,12095.0,12122.9,12077.8,12084.1,0
1354520700000,12086.65,12115.95,12053.45,12106.3,0
1354527900000,12108.25,12114.7,12095.4,12099.75,0
1354592700000,12095.95,12183.4,12075.9,12152.3,0
1354599900000,12152.5,12173.6,12116.45,12123.75,0
1354607100000,12123.3,12213.45,12106.65,12207.9,0
1354614300000,12205.7,12215.5,12176.35,12182.1,0
1354679100000,12243.55,12305.85,12243.55,12281.25,0
1354686300000,12281.15,12300.15,12219.3,12285.65,0
1354693500000,12284.0,12314.8,12256.9,12285.4,0
1354700700000,12286.0,12293.4,12280.2,12289.2,0
1354765500000,12358.8,12358.8,12142.6,12162.2,0
1354772700000,12160.75,12229.5,12156.25,12194.0,0
1354779900000,12192.85,12449.8,12180.25,12448.0,0
1354787100000,12447.65,12480.6,12423.7,12479.8,0
1354851900000,12477.85,12477.85,12389.1,12430.9,0
1354859100000,12430.5,12438.55,12336.2,12350.25,0
1354866300000,12351.7,12409.1,12332.45,12389.5,0
1354873500000,12384.3,12403.2,12305.65,12337.05,0
1355111100000,12384.8,12409.75,12341.95,12376.95,0
1355118300000,12377.25,12393.8,12344.5,12361.6,0
1355125500000,12360.85,12403.5,12341.15,12389.45,0
1355132700000,12388.8,12393.1,12371.7,12371.7,0
1355197500000,12424.3,12538.9,12419.45,12460.45,0
1355204700000,12459.7,12483.95,12356.85,12357.25,0
1355211900000,12355.2,12368.5,12238.0,12337.5,0
1355219100000,12338.15,12374.65,12328.05,12331.3,0
1355283900000,12367.25,12378.55,12287.7,12350.8,0
1355291100000,12350.35,12385.55,12284.75,12359.85,0
1355298300000,12358.1,12362.65,12290.5,12312.95,0
1355305500000,12310.75,12311.65,12271.35,12275.9,0
1355370300000,12329.2,12424.05,12313.05,12423.2,0
1355377500000,12425.5,12438.85,12382.1,12414.6,0
1355384700000,12413.05,12419.25,12251.05,12286.6,0
1355391900000,12283.9,12289.25,12254.25,12265.05,0
1355456700000,12249.65,12306.35,12242.8,12264.05,0
1355463900000,12266.05,12421.55,12246.75,12381.4,0
1355471100000,12383.5,12427.7,12327.25,12413.4,0
1355478300000,12414.85,12447.35,12414.85,12446.5,0
1355715900000,12407.45,12462.25,12403.7,12445.35,0
1355723100000,12444.3,12458.2,12406.45,12431.05,0
1355730300000,12427.7,12446.9,12402.7,12424.85,0
1355737500000,12424.25,12434.8,12418.1,12418.1,0
1355802300000,12466.55,12471.65,12197.2,12337.65,0
1355809500000,12342.2,12435.0,12306.0,12392.6,0
1355816700000,12393.65,12522.65,12378.9,12470.0,0
1355823900000,12469.8,12485.7,12466.6,12477.8,0
1355888700000,12536.45,12571.6,12455.55,12506.4,0
1355895900000,12506.15,12522.1,12482.05,12494.25,0
1355903100000,12493.75,12538.65,12471.9,12510.2,0
1355910300000,12511.8,12515.1,12487.3,12487.3,0
1355975100000,12503.2,12503.2,12385.1,12408.4,0
1355982300000,12407.25,12456.8,12404.55,12425.1,0
1355989500000,12425.65,12514.35,12413.9,12478.95,0
1355996700000,12479.1,12490.6,12458.0,12458.0,0
1356061500000,12408.0,12432.2,12375.0,12405.5,0
1356068700000,12405.3,12417.95,12362.95,12370.95,0
1356075900000,12371.6,12409.0,12317.35,12319.1,0
1356083100000,12317.55,12320.5,12288.9,12307.65,0
1356320700000,12366.25,12366.25,12276.05,12282.5,0
1356327900000,12283.6,12317.5,12276.95,12293.05,0
1356335100000,12295.3,12325.45,12265.75,12317.2,0
1356342300000,12316.05,12331.5,12307.55,12330.8,0
1356493500000,12364.0,12364.0,12304.7,12350.25,0
1356500700000,12350.0,12498.9,12346.4,12487.6,0
1356507900000,12485.65,12519.0,12459.45,12485.2,0
1356515100000,12485.95,12485.95,12471.4,12480.25,0
1356579900000,12522.8,12523.5,12469.85,12498.3,0
1356587100000,12498.0,12499.35,12454.15,12464.5,0
1356594300000,12469.3,12519.9,12436.65,12458.75,0
1356601500000,12458.0,12494.7,12453.65,12486.5,0
1356666300000,12465.6,12493.1,12438.0,12464.75,0
1356673500000,12464.8,12467.6,12419.2,12435.15,0
1356680700000,12435.2,12461.6,12394.15,12461.6,0
1356687900000,12459.25,12475.7,12454.5,12457.15,0
1356925500000,12450.65,12512.7,12427.7,12498.2,0
1356932700000,12498.9,12498.9,12460.15,12472.15,0
1356939900000,12473.1,12491.9,12456.05,12481.75,0
1356947100000,12479.9,12484.25,12465.4,12474.25,0
1357011900000,12547.15,12614.05,12547.15,12591.05,0
1357019100000,12589.6,12660.75,12589.4,12646.75,0
1357026300000,12646.0,12653.15,12623.0,12646.7,0
1357033500000,12647.55,12663.5,12645.4,12652.25,0
1357098300000,12759.8,12792.0,12751.35,12785.75,0
1357105500000,12785.35,12811.45,12771.45,12799.4,0
1357112700000,12800.3,12804.9,12770.6,12782.8,0
1357119900000,12784.0,12798.45,12779.05,12787.6,0
1357184700000,12837.8,12837.8,12722.45,12776.25,0
1357191900000,12776.65,12808.4,12764.15,12769.1,0
1357199100000,12769.85,12807.6,12763.1,12775.55,0
1357206300000,12775.1,12784.2,12757.0,12759.75,0
1357271100000,12780.25,12780.25,12684.65,12716.45,0
1357278300000,12713.15,12752.05,12697.95,12716.9,0
1357285500000,12717.3,12792.9,12712.8,12785.15,0
1357292700000,12787.95,12801.7,12781.95,12783.05,0
1357530300000,12827.6,12827.6,12758.7,12758.7,0
1357537500000,12755.65,12768.75,12743.7,12752.35,0
1357544700000,12752.15,12753.75,12716.8,12719.3,0
1357551900000,12717.25,12718.2,12682.8,12687.6,0
1357616700000,12686.2,12730.5,12667.95,12669.35,0
1357623900000,12669.95,12679.8,12632.35,12649.8,0
1357631100000,12649.9,12739.6,12648.25,12718.35,0
1357638300000,12716.9,12743.95,12715.85,12742.1,0
1357703100000,12725.0,12777.3,12721.3,12774.7,0
1357710300000,12775.45,12791.7,12728.3,12740.5,0
1357717500000,12740.3,12783.1,12687.95,12711.8,0
1357724700000,12714.3,12741.05,12714.3,12721.7,0
1357789500000,12785.65,12785.65,12697.75,12744.25,0
1357796700000,12744.5,12774.7,12717.2,12760.8,0
1357803900000,12759.9,12822.8,12714.95,12805.8,0
1357811100000,12805.75,12805.75,12784.8,12786.3,0
1357875900000,12834.55,12834.55,12698.3,12712.2,0
1357883100000,12712.0,12725.8,12649.0,12671.0,0
1357890300000,12671.5,12687.05,12596.15,12637.25,0
1357897500000,12638.0,12638.0,12582.65,12585.95,0
1358135100000,12627.65,12757.25,12609.9,12691.6,0
1358142300000,12692.05,12762.75,12682.25,12748.85,0
1358149500000,12748.75,12759.9,12721.5,12752.45,0
1358156700000,12753.4,12773.35,12750.15,12769.65,0
1358221500000,12767.45,12786.0,12744.8,12764.15,0
1358228700000,12766.75,12771.8,12718.4,12721.0,0
1358235900000,12722.4,12908.2,12721.85,12851.05,0
1358243100000,12853.7,12866.0,12850.2,12860.6,0
1358307900000,12833.75,12833.75,12767.95,12787.5,0
1358315100000,12788.05,12788.6,12705.9,12722.65,0
1358322300000,12724.1,12759.75,12632.75,12632.75,0
1358329500000,12637.0,12646.45,12616.2,12628.4,0
1358394300000,12622.15,12688.0,12583.35,12656.15,0
1358401500000,12656.7,12673.5,12616.35,12634.4,0
1358408700000,12634.95,12714.6,12607.45,12661.2,0
1358415900000,12657.15,12657.6,12642.2,12645.0,0
1358480700000,12695.65,12733.95,12691.3,12714.0,0
1358739900000,12690.4,12690.4,12623.45,12648.5,0
1358747100000,12648.2,12654.45,12608.5,12618.5,0
1358754300000,12619.45,12681.4,12616.0,12651.45,0
1358761500000,12651.85,12653.85,12632.1,12645.25,0
1358826300000,12644.25,12748.95,12631.65,12733.85,0
1358833500000,12734.1,12740.45,12651.65,12651.65,0
1358840700000,12652.9,12675.5,12544.4,12583.45,0
1358847900000,12581.1,12586.1,12561.0,12574.45,0
1358912700000,12637.55,12653.55,12586.95,12610.2,0
1358919900000,12610.3,12629.5,12576.75,12595.8,0
1358927100000,12567.3,12642.4,12509.45,12616.05,0
1358934300000,12615.55,12695.95,12613.75,12695.05,0
1358999100000,12645.4,12662.85,12542.6,12593.2,0
1359006300000,12592.85,12607.4,12573.15,12592.75,0
1359013500000,12592.3,12658.9,12559.85,12565.9,0
1359020700000,12563.95,12576.55,12534.25,12560.6,0
1359085500000,12576.45,12626.1,12535.75,12582.4,0
1359092700000,12580.3,12677.75,12574.85,12677.45,0
1359099900000,12679.6,12713.95,12655.9,12679.75,0
1359107100000,12681.8,12717.9,12680.8,12712.5,0
1359344700000,12724.95,12774.25,12714.8,12736.5,0
1359351900000,12736.35,12787.25,12698.85,12773.1,0
1359359100000,12774.25,12822.05,12740.8,12789.05,0
1359366300000,12789.95,12798.75,12779.1,12791.55,0
1359431100000,12808.0,12892.05,12685.9,12811.8,0
1359438300000,12810.7,12960.65,12809.4,12875.3,0
1359445500000,12875.4,12875.4,12703.0,12740.1,0
1359452700000,12738.1,12742.15,12707.45,12716.3,0
1359517500000,12761.9,12818.7,12739.15,12748.6,0
1359524700000,12749.95,12800.65,12726.65,12790.95,0
1359531900000,12790.9,12825.65,12769.05,12777.85,0
1359539100000,12777.15,12778.0,12747.6,12752.45,0
1359603900000,12748.3,12778.85,12733.1,12771.25,0
1359611100000,12769.3,12852.5,12747.75,12764.05,0
1359618300000,12763.95,12768.75,12691.25,12714.65,0
1359625500000,12715.45,12724.2,12688.75,12702.75,0
1359690300000,12719.85,12743.2,12676.0,12695.1,0
1359697500000,12694.35,12713.45,12607.05,12627.35,0
1359704700000,12627.5,12654.5,12580.85,12608.85,0
1359711900000,12610.35,12617.8,12592.45,12600.6,0
1359949500000,12682.9,12723.3,12682.9,12710.9,0
1359956700000,12707.15,12716.05,12614.7,12627.35,0
1359963900000,12627.45,12635.6,12539.85,12555.8,0
1359971100000,12553.35,12557.6,12515.35,12520.0,0
1360035900000,12441.0,12501.5,12430.85,12484.1,0
1360043100000,12480.25,12496.9,12415.15,12440.9,0
1360050300000,12440.0,12487.35,12418.2,12456.75,0
1360057500000,12460.0,12483.0,12454.4,12468.35,0
1360122300000,12521.65,12521.65,12463.15,12487.5,0
1360129500000,12489.6,12491.85,12420.75,12436.2,0
1360136700000,12436.3,12466.25,12398.2,12400.1,0
1360143900000,12402.25,12419.55,12396.8,12416.3,0
1360208700000,12375.6,12474.5,12358.75,12417.6,0
1360215900000,12416.1,12430.8,12331.15,12343.45,0
1360223100000,12345.75,12379.45,12305.45,12355.2,0
1360230300000,12354.45,12359.25,12343.65,12352.0,0
1360295100000,12345.45,12389.8,12303.3,12344.95,0
1360302300000,12345.9,12365.95,12313.4,12336.55,0
1360309500000,12336.6,12358.45,12291.1,12291.65,0
1360316700000,12293.95,12297.2,12245.95,12272.55,0
1360554300000,12310.55,12332.7,12273.65,12306.6,0
1360561500000,12303.65,12352.2,12303.65,12329.15,0
1360568700000,12328.6,12361.1,12315.15,12329.1,0
1360575900000,12328.35,12340.7,12323.15,12332.6,0
1360640700000,12340.25,12400.95,12340.25,12369.35,0
1360647900000,12370.85,12381.9,12301.65,12354.05,0
1360655100000,12353.75,12415.8,12337.7,12404.75,0
1360662300000,12404.05,12413.7,12395.55,12413.25,0
1360727100000,12432.15,12472.65,12416.25,12465.1,0
1360734300000,12465.8,12485.95,12437.05,12460.5,0
1360741500000,12460.7,12463.3,12361.9,12383.0,0
1360748700000,12382.6,12397.05,12376.85,12380.35,0
1360813500000,12401.15,12408.75,12344.95,12379.2,0
1360820700000,12379.25,12434.0,12323.25,12364.25,0
1360827900000,12365.85,12378.35,12284.5,12321.0,0
1360835100000,12319.65,12325.95,12286.2,12296.1,0
1360899900000,12295.4,12325.65,12270.25,12301.8,0
1360907100000,12302.65,12322.55,12276.5,12289.0,0
1360914300000,12288.45,12373.15,12256.8,12345.4,0
1360921500000,12340.5,12346.25,12308.8,12317.05,0
1361159100000,12350.65,12399.85,12337.15,12365.6,0
1361166300000,12366.5,12392.2,12348.3,12356.3,0
1361173500000,12357.1,12389.5,12329.35,12349.5,0
1361180700000,12348.6,12353.95,12342.65,12344.2,0
1361245500000,12351.55,12367.15,12328.45,12344.9,0
1361252700000,12344.85,12352.6,12306.7,12312.55,0
1361259900000,12311.05,12426.8,12303.7,12411.95,0
1361267100000,12411.2,12426.9,12408.45,12415.35,0
1361331900000,12462.35,12470.7,12398.2,12403.4,0
1361339100000,12407.1,12428.65,12386.6,12402.55,0
1361346300000,12402.5,12413.35,12351.7,12365.35,0
1361353500000,12366.5,12367.45,12353.25,12355.75,0
1361418300000,12295.35,12301.25,12231.4,12231.4,0
1361425500000,12226.7,12231.35,12134.85,12142.45,0
1361432700000,12143.1,12165.55,12052.5,12059.4,0
1361439900000,12058.0,12061.65,12036.45,12043.3,0
1361504700000,12040.85,12123.0,12028.1,12092.05,0
1361511900000,12091.7,12108.4,12046.7,12082.1,0
1361519100000,12081.7,12139.65,12056.4,12060.05,0
1361526300000,12059.75,12080.2,12058.75,12077.5,0
1361763900000,12137.85,12137.85,12049.25,12106.05,0
1361771100000,12108.15,12114.35,11961.5,11996.35,0
1361778300000,11994.35,12119.3,11984.95,12036.1,0
1361785500000,12035.05,12035.6,12021.15,12023.2,0
1361850300000,11991.55,11991.55,11904.25,11914.5,0
1361857500000,11912.05,11938.0,11884.55,11910.3,0
1361864700000,11911.3,11920.7,11822.45,11824.8,0
1361871900000,11823.85,11845.9,11808.8,11839.9,0
1361936700000,11900.4,11923.4,11838.35,11896.55,0
1361943900000,11898.8,11944.9,11873.15,11924.9,0
1361951100000,11925.15,11971.35,11919.8,11927.9,0
1361958300000,11927.0,11943.75,11917.15,11924.45,0
1362023100000,12026.95,12041.45,11976.4,11994.25,0
1362030300000,11996.25,11996.4,11783.2,11833.55,0
1362037500000,11832.3,11832.3,11401.2,11480.3,0
1362044700000,11480.6,11563.95,11456.0,11563.95,0
1362109500000,11544.7,11588.4,11458.7,11545.5,0
1362116700000,11543.3,11543.3,11474.25,11510.5,0
1362123900000,11510.4,11592.55,11496.55,11545.05,0
1362131100000,11543.7,11548.1,11517.35,11529.95,0
1362368700000,11517.45,11575.2,11453.1,11571.15,0
1362375900000,11571.7,11579.65,11515.2,11543.9,0
1362383100000,11540.6,11602.5,11530.85,11571.0,0
1362390300000,11570.35,11595.3,11565.8,11586.05,0
1362455100000,11644.85,11702.8,11623.65,11640.1,0
1362462300000,11639.25,11746.85,11636.3,11734.95,0
1362469500000,11736.55,11814.05,11735.2,11801.8,0
1362476700000,11801.7,11807.5,11774.95,11778.65,0
1362541500000,11878.55,11885.15,11840.3,11868.4,0
1362548700000,11865.15,11904.15,11847.65,11878.55,0
1362555900000,11878.4,11892.9,11822.35,11875.0,0
1362563100000,11873.95,11886.35,11865.9,11883.65,0
1362627900000,11836.5,11865.3,11819.6,11839.05,0
1362635100000,11840.6,11855.25,11822.2,11838.85,0
1362642300000,11838.55,11977.7,11836.35,11967.3,0
1362649500000,11969.0,11989.85,11960.1,11978.95,0
1362714300000,12018.5,12108.4,12012.7,12091.8,0
1362721500000,12092.85,12116.55,12041.05,12075.85,0
1362728700000,12076.55,12219.45,12075.7,12190.55,0
1362735900000,12190.35,12212.7,12185.1,12186.45,0
1362973500000,12225.25,12240.8,12136.35,12172.9,0
1362980700000,12175.45,12241.3,12165.3,12179.1,0
1362987900000,12179.45,12205.1,12136.1,12180.0,0
1362995100000,12180.15,12180.15,12130.25,12136.45,0
1363059900000,12168.45,12183.5,12112.3,12137.75,0
1363067100000,12138.05,12148.7,11970.9,12036.45,0
1363074300000,12036.25,12138.85,12002.75,12051.75,0
1363081500000,12053.25,12057.2,12015.2,12025.75,0
1363146300000,11985.4,11987.7,11904.9,11950.55,0
1363153500000,11949.85,11971.3,11888.4,11911.35,0
1363160700000,11917.2,11933.35,11766.45,11774.95,0
1363167900000,11774.75,11775.05,11754.3,11754.3,0
1363232700000,11773.05,11821.3,11555.45,11758.9,0
1363239900000,11759.05,12026.8,11720.9,12006.1,0
1363247100000,12005.7,12058.55,11921.95,12023.2,0
1363254300000,12021.8,12029.0,11999.3,12024.85,0
1363319100000,11994.05,12034.95,11857.0,11863.15,0
1363326300000,11866.2,11897.4,11749.85,11787.6,0
1363333500000,11786.8,11929.05,11759.9,11831.2,0
1363340700000,11827.55,11830.7,11792.5,11830.1,0
1363578300000,11670.85,11691.1,11625.6,11673.15,0
1363585500000,11673.05,11733.0,11639.25,11694.7,0
1363592700000,11695.75,11810.4,11671.6,11735.95,0
1363599900000,11736.2,11743.65,11712.75,11722.4,0
1363664700000,11812.7,11814.75,11635.95,11640.3,0
1363671900000,11638.6,11638.6,11416.75,11515.25,0
1363679100000,11516.8,11576.45,11492.3,11504.4,0
1363686300000,11506.2,11512.65,11471.75,11508.7,0
1363751100000,11490.05,11490.05,11382.95,11402.75,0
1363758300000,11401.8,11404.85,11306.35,11358.6,0
1363765500000,11359.4,11376.55,11231.75,11248.05,0
1363772700000,11252.5,11276.9,11247.9,11270.7,0
1363837500000,11287.35,11466.55,11255.45,11417.05,0
1363844700000,11414.85,11512.1,11398.9,11477.6,0
1363851900000,11477.35,11481.6,11209.65,11249.6,0
1363859100000,11250.4,11273.5,11227.35,11232.1,0
1363923900000,11287.1,11331.2,11219.95,11240.9,0
1363931100000,11241.05,11283.5,11229.85,11248.55,0
1363938300000,11249.2,11321.5,11173.35,11180.7,0
1363945500000,11180.25,11200.85,11177.4,11180.85,0
1364183100000,11344.4,11372.8,11296.0,11321.1,0
1364190300000,11320.6,11346.8,11303.7,11313.2,0
1364197500000,11313.6,11344.25,11097.95,11134.1,0
1364204700000,11135.55,11151.7,11129.55,11151.7,0
1364269500000,11049.3,11162.7,11048.4,11162.2,0
1364276700000,11167.05,11189.8,11096.15,11174.7,0
1364283900000,11174.75,11198.45,11091.1,11158.45,0
1364291100000,11154.6,11169.05,11144.5,11169.05,0
1364442300000,11176.0,11176.0,11080.05,11111.9,0
1364449500000,11110.85,11160.45,11099.95,11134.45,0
1364456700000,11133.95,11395.9,11132.0,11395.9,0
1364463900000,11398.15,11413.25,11374.45,11401.7,0
1364787900000,11412.8,11460.6,11340.35,11420.5,0
1364795100000,11419.45,11420.2,11330.85,11356.0,0
1364802300000,11356.65,11443.7,11356.65,11409.1,0
1364809500000,11409.25,11437.2,11406.45,11415.0,0
1364960700000,11511.7,11568.5,11481.3,11525.2,0
1364967900000,11523.8,11590.6,11498.0,11514.65,0
1364975100000,11514.9,11548.5,11338.1,11357.6,0
1364982300000,11353.25,11357.0,11283.4,11307.6,0
1365047100000,11254.25,11254.25,11171.65,11220.3,0
1365054300000,11219.1,11248.95,11114.45,11145.5,0
1365061500000,11147.55,11184.5,11106.2,11120.8,0
1365068700000,11123.0,11130.6,11105.1,11119.0,0
1365133500000,11109.4,11168.25,11072.8,11111.25,0
1365140700000,11109.45,11148.75,11055.2,11104.45,0
1365147900000,11103.55,11153.8,11021.4,11114.25,0
1365155100000,11111.5,11122.4,11086.4,11092.2,0
1365392700000,11059.95,11133.85,11059.95,11102.05,0
1365399900000,11102.45,11105.3,11044.7,11093.65,0
1365407100000,11093.45,11095.2,11007.25,11016.1,0
1365414300000,11014.7,11019.75,11002.1,11017.5,0
1365479100000,11087.2,11116.7,11058.4,11103.0,0
1365486300000,11103.2,11205.75,11070.3,11109.15,0
1365493500000,11107.65,11126.85,10924.45,10931.85,0
1365500700000,10930.8,10937.45,10897.15,10899.1,0
1365565500000,11005.3,11005.3,10888.75,10941.0,0
1365572700000,10941.9,11024.9,10923.7,11013.85,0
1365579900000,11014.7,11143.6,10921.25,11123.0,0
1365587100000,11123.05,11133.3,11101.45,11114.9,0
1365651900000,11249.45,11267.2,11205.2,11233.1,0
1365659100000,11233.35,11276.35,11154.05,11222.65,0
1365666300000,11224.4,11341.85,11218.85,11295.0,0
1365673500000,11300.95,11313.15,11288.45,11310.5,0
1365738300000,11236.05,11351.45,11236.05,11335.9,0
1365745500000,11332.95,11356.0,11288.1,11312.6,0
1365752700000,11312.3,11442.9,11293.7,11404.45,0
1365759900000,11403.35,11412.95,11382.5,11394.7,0
1365997500000,11360.25,11529.1,11334.75,11498.05,0
1366004700000,11502.0,11607.05,11485.95,11601.4,0
1366011900000,11600.5,11643.3,11517.1,11542.45,0
1366019100000,11542.0,11542.0,11494.7,11511.3,0
1366083900000,11515.3,11743.35,11515.3,11727.75,0
1366091100000,11725.95,11783.05,11720.5,11765.3,0
1366098300000,11763.85,11897.2,11743.95,11888.7,0
1366105500000,11889.9,11906.25,11856.6,11868.65,0
1366170300000,11933.9,12066.35,11933.9,12042.25,0
1366177500000,12041.0,12112.25,11978.6,11978.6,0
1366184700000,11977.45,12054.95,11913.95,11986.85,0
1366191900000,11986.05,11990.0,11969.45,11978.6,0
1366256700000,11924.15,12032.8,11891.95,12032.8,0
1366263900000,12031.4,12182.75,12028.85,12150.75,0
1366271100000,12150.0,12312.35,12133.6,12298.6,0
1366278300000,12297.85,12313.0,12261.95,12280.35,0
1366602300000,12348.65,12556.7,12348.65,12482.1,0
1366609500000,12487.7,12555.75,12477.9,12478.55,0
1366616700000,12466.85,12580.25,12430.6,12547.05,0
1366623900000,12547.85,12637.95,12547.75,12636.05,0
1366688700000,12605.7,12605.7,12387.8,12390.65,0
1366695900000,12387.15,12494.05,12333.0,12408.5,0
1366703100000,12406.5,12570.45,12366.9,12565.55,0
1366710300000,12567.2,12572.35,12519.5,12541.85,0
1366861500000,12645.4,12715.3,12619.2,12682.75,0
1366868700000,12683.65,12725.6,12619.0,12634.3,0
1366875900000,12634.4,12755.8,12611.5,12753.45,0
1366883100000,12752.65,12755.45,12679.95,12687.3,0
1366947900000,12671.05,12679.9,12520.4,12560.75,0
1366955100000,12559.85,12585.4,12525.75,12577.65,0
1366962300000,12575.95,12679.2,12470.0,12532.55,0
1366969500000,12533.65,12554.85,12527.6,12529.5,0
1367207100000,12580.5,12581.85,12508.4,12551.75,0
1367214300000,12551.45,12572.8,12525.85,12544.75,0
1367221500000,12546.5,12661.25,12532.05,12603.55,0
1367228700000,12608.35,12612.5,12571.85,12571.85,0
1367293500000,12644.7,12658.6,12540.25,12540.25,0
1367300700000,12537.75,12537.75,12402.15,12445.4,0
1367307900000,12445.65,12581.7,12411.5,12568.6,0
1367315100000,12569.35,12577.45,12547.95,12551.95,0
1367466300000,12552.85,12766.9,12552.85,12766.9,0
1367473500000,12767.7,12783.3,12729.9,12747.45,0
1367480700000,12746.25,12768.3,12703.25,12715.6,0
1367487900000,12714.45,12720.4,12698.05,12704.95,0
1367552700000,12676.95,12676.95,12392.3,12461.1,0
1367559900000,12465.9,12607.35,12452.1,12452.1,0
1367567100000,12450.3,12506.7,12377.7,12377.7,0
1367574300000,12377.95,12399.2,12364.7,12383.1,0
1367811900000,12352.05,12352.05,12188.3,12297.9,0
1367819100000,12299.5,12362.5,12254.4,12272.05,0
1367826300000,12274.25,12393.5,12268.6,12383.45,0
1367833500000,12382.4,12436.0,12377.55,12430.65,0
1367898300000,12422.9,12546.1,12422.9,12518.95,0
1367905500000,12521.05,12603.95,12471.75,12573.15,0
1367912700000,12574.05,12649.45,12560.2,12628.85,0
1367919900000,12628.7,12639.45,12624.45,12634.75,0
1367984700000,12693.5,12694.4,12564.35,12576.1,0
1367991900000,12580.0,12630.45,12514.7,12630.45,0
1367999100000,12633.0,12647.25,12579.05,12635.6,0
1368006300000,12635.2,12673.2,12623.75,12669.95,0
1368071100000,12680.2,12680.2,12541.8,12590.25,0
1368078300000,12591.95,12710.85,12556.55,12697.8,0
1368085500000,12700.0,12718.9,12560.25,12589.3,0
1368092700000,12589.55,12623.8,12584.45,12617.15,0
1368157500000,12604.65,12691.5,12595.8,12654.5,0
1368164700000,12654.65,12747.55,12597.05,12714.0,0
1368171900000,12713.95,12783.05,12695.4,12747.7,0
1368179100000,12748.35,12758.95,12741.75,12754.7,0
1368416700000,12782.6,12852.6,12725.5,12852.6,0
1368423900000,12856.1,12865.35,12687.15,12719.95,0
1368431100000,12720.25,12725.25,12546.25,12547.9,0
1368438300000,12550.2,12580.7,12550.1,12556.7,0
1368503100000,12570.2,12623.5,12523.5,12611.7,0
1368510300000,12612.6,12698.35,12563.6,12578.4,0
1368517500000,12579.6,12626.1,12516.1,12589.5,0
1368524700000,12590.6,12593.15,12571.1,12587.2,0
1368589500000,12656.05,12903.5,12656.05,12903.2,0
1368596700000,12900.65,12961.65,12892.75,12948.3,0
1368603900000,12947.3,13087.45,12937.3,13077.9,0
1368611100000,13079.2,13099.35,13074.65,13086.95,0
1368675900000,13037.5,13281.8,13037.5,13226.85,0
1368683100000,13225.25,13272.4,13211.45,13249.85,0
1368690300000,13250.55,13281.5,13204.4,13247.65,0
1368697500000,13247.7,13260.55,13229.25,13230.0,0
1368762300000,13209.85,13238.85,13116.85,13200.4,0
1368769500000,13199.9,13254.45,13159.45,13247.6,0
1368776700000,13247.15,13355.1,13201.8,13331.75,0
1368783900000,13331.9,13348.05,13284.05,13290.55,0
1369021500000,13342.2,13414.3,13326.5,13333.9,0
1369028700000,13334.9,13343.95,13245.9,13289.1,0
1369035900000,13289.65,13332.65,13150.3,13184.65,0
1369043100000,13187.5,13197.65,13170.9,13197.65,0
1369107900000,13185.85,13232.55,13103.75,13113.7,0
1369115100000,13112.95,13158.2,13076.15,13133.05,0
1369122300000,13131.25,13268.25,13038.0,13077.15,0
1369129500000,13077.1,13087.2,13052.25,13052.7,0
1369194300000,13095.3,13175.65,13070.45,13109.1,0
1369201500000,13107.5,13120.95,13055.8,13094.8,0
1369208700000,13097.6,13119.85,12932.2,13023.1,0
1369215900000,13022.4,13042.45,13011.45,13041.6,0
1369280700000,12907.25,12944.0,12699.45,12722.75,0
1369287900000,12729.15,12774.55,12644.55,12658.55,0
1369295100000,12654.15,12707.75,12594.9,12622.9,0
1369302300000,12625.7,12665.1,12625.7,12653.8,0
1369367100000,12755.95,12766.05,12582.5,12758.75,0
1369374300000,12761.55,12827.05,12723.6,12758.8,0
1369381500000,12760.65,12828.6,12715.35,12761.45,0
1369388700000,12760.0,12794.1,12760.0,12781.2,0
1369626300000,12764.45,12889.9,12735.05,12819.25,0
1369633500000,12817.55,12875.25,12809.45,12858.3,0
1369640700000,12856.55,13014.75,12822.95,12956.25,0
1369647900000,12957.2,12964.45,12926.45,12931.65,0
1369712700000,12973.1,12999.9,12872.9,12910.85,0
1369719900000,12911.55,12976.05,12888.45,12965.65,0
1369727100000,12965.95,13016.45,12910.55,12931.9,0
1369734300000,12931.65,12971.3,12929.9,12953.55,0
1369799100000,12929.0,12929.0,12836.2,12860.15,0
1369806300000,12858.35,12862.5,12773.6,12777.25,0
1369813500000,12776.35,12878.0,12773.4,12866.75,0
1369820700000,12867.4,12868.0,12837.6,12841.1,0
1369885500000,12721.45,12824.15,12721.45,12768.8,0
1369892700000,12769.7,12824.75,12765.15,12774.75,0
1369899900000,12774.15,12829.55,12722.85,12829.55,0
1369907100000,12827.15,12827.7,12756.2,12756.2,0
1369971900000,12760.45,12760.45,12596.45,12617.4,0
1369979100000,12612.9,12652.2,12563.35,12569.8,0
1369986300000,12568.85,12584.95,12461.2,12461.9,0
1369993500000,12460.6,12487.75,12453.15,12458.55,0
1370231100000,12467.5,12499.85,12377.45,12386.4,0
1370238300000,12389.65,12441.5,12363.45,12376.7,0
1370245500000,12372.6,12434.0,12323.6,12403.85,0
1370252700000,12403.0,12404.25,12388.85,12388.85,0
1370317500000,12391.0,12520.55,12391.0,12467.55,0
1370324700000,12466.35,12499.85,12410.1,12429.35,0
1370331900000,12427.85,12471.55,12252.4,12282.25,0
1370339100000,12279.6,12285.5,12263.45,12277.85,0
1370403900000,12251.15,12326.4,12200.3,12261.2,0
1370411100000,12257.55,12347.3,12196.75,12311.1,0
1370418300000,12311.25,12333.25,12254.65,12268.3,0
1370425500000,12269.6,12305.6,12267.65,12305.6,0
1370490300000,12225.65,12279.1,12184.05,12273.6,0
1370497500000,12271.65,12365.3,12237.45,12358.95,0
1370504700000,12357.15,12475.05,12319.15,12382.5,0
1370511900000,12381.95,12418.9,12379.8,12400.9,0
1370576700000,12354.1,12442.4,12311.6,12426.2,0
1370583900000,12427.6,12488.6,12308.95,12326.85,0
1370591100000,12329.3,12396.2,12214.85,12232.3,0
1370598300000,12229.75,12240.55,12209.25,12227.05,0
1370835900000,12293.4,12363.8,12120.8,12194.15,0
1370843100000,12195.4,12202.8,12116.05,12131.4,0
1370850300000,12131.25,12219.1,12017.9,12080.8,0
1370857500000,12077.9,12125.3,12070.85,12117.95,0
1370922300000,12026.2,12031.9,11903.2,11927.1,0
1370929500000,11928.6,11938.6,11834.2,11856.1,0
1370936700000,11853.4,11944.35,11812.35,11812.45,0
1370943900000,11812.15,11821.25,11795.45,11810.05,0
1371008700000,11790.05,11874.05,11732.35,11786.8,0
1371015900000,11781.45,11899.05,11750.35,11867.9,0
1371023100000,11867.7,11880.3,11779.9,11812.6,0
1371030300000,11815.7,11832.8,11795.7,11830.0,0
1371095100000,11697.05,11793.3,11656.9,11685.95,0
1371102300000,11685.65,11752.25,11675.85,11736.3,0
1371109500000,11737.55,11773.0,11680.05,11687.75,0
1371116700000,11691.95,11691.95,11672.5,11678.9,0
1371181500000,11814.6,11873.3,11803.8,11820.1,0
1371188700000,11823.05,11902.75,11817.45,11887.65,0
1371195900000,11886.75,11947.35,11871.65,11916.0,0
1371203100000,11915.3,11918.9,11900.1,11900.1,0
1371440700000,11926.4,11929.2,11735.25,11749.35,0
1371447900000,11745.95,11936.7,11741.6,11919.25,0
1371455100000,11917.4,11973.35,11888.25,11967.55,0
1371462300000,11964.9,11992.95,11964.3,11991.2,0
1371527100000,11939.65,11939.65,11864.7,11903.05,0
1371534300000,11903.65,11925.2,11826.85,11865.3,0
1371541500000,11865.9,11950.95,11795.2,11801.1,0
1371548700000,11801.9,11835.45,11801.9,11834.8,0
1371613500000,11796.45,11803.35,11738.7,11790.75,0
1371620700000,11792.0,11836.7,11771.85,11809.55,0
1371627900000,11811.4,11867.2,11796.4,11849.45,0
1371635100000,11852.05,11862.4,11838.55,11859.7,0
1371699900000,11650.3,11650.3,11465.35,11484.45,0
1371707100000,11486.7,11488.05,11425.1,11453.1,0
1371714300000,11452.25,11462.35,11361.8,11382.7,0
1371721500000,11382.95,11390.6,11347.55,11347.55,0
1371786300000,11327.45,11368.0,11245.7,11354.1,0
1371793500000,11352.25,11420.25,11316.35,11373.2,0
1371800700000,11374.45,11399.05,11210.75,11347.55,0
1371807900000,11345.65,11360.85,11330.15,11338.9,0
1372045500000,11262.0,11275.4,11212.9,11225.75,0
1372052700000,11226.15,11247.15,11163.3,11231.4,0
1372059900000,11232.1,11235.85,11134.2,11160.35,0
1372067100000,11160.0,11203.25,11153.75,11193.8,0
1372131900000,11202.6,11213.55,11107.8,11119.7,0
1372139100000,11120.65,11321.85,11120.35,11308.05,0
1372146300000,11307.95,11325.5,11159.25,11177.55,0
1372153500000,11178.4,11201.15,11151.15,11159.85,0
1372218300000,11216.15,11261.65,11157.0,11184.7,0
1372225500000,11184.95,11221.2,11170.9,11199.85,0
1372232700000,11200.15,11232.15,11059.0,11069.3,0
1372239900000,11069.85,11074.25,11035.9,11036.75,0
1372304700000,11219.05,11258.75,11177.3,11192.25,0
1372311900000,11190.7,11221.15,11164.75,11212.1,0
1372319100000,11210.95,11277.05,11201.2,11231.35,0
1372326300000,11233.4,11246.05,11218.65,11244.85,0
1372391100000,11376.15,11466.2,11376.15,11460.15,0
1372398300000,11460.95,11535.85,11435.15,11535.85,0
1372405500000,11535.5,11640.3,11515.35,11640.3,0
1372412700000,11638.9,11654.7,11595.85,11599.65,0
1372650300000,11607.25,11714.85,11605.2,11662.25,0
1372657500000,11662.95,11727.5,11658.9,11687.05,0
1372664700000,11684.45,11727.95,11632.3,11715.8,0
1372671900000,11719.6,11733.1,11705.8,11727.0,0
1372736700000,11713.15,11752.9,11638.65,11692.7,0
1372743900000,11692.75,11707.45,11657.1,11690.0,0
1372751100000,11689.7,11701.3,11590.5,11612.5,0
1372758300000,11611.6,11636.15,11599.7,11632.5,0
1372823100000,11505.75,11505.75,11366.3,11374.3,0
1372830300000,11375.8,11393.15,11351.45,11375.8,0
1372837500000,11376.6,11387.55,11322.8,11353.95,0
1372844700000,11352.7,11379.3,11350.8,11371.95,0
1372909500000,11409.5,11449.8,11279.95,11316.45,0
1372916700000,11318.45,11454.3,11315.45,11399.4,0
1372923900000,11399.65,11437.05,11273.6,11381.75,0
1372931100000,11380.4,11397.95,11369.4,11397.95,0
1372995900000,11491.1,11507.0,11436.15,11488.0,0
1373003100000,11487.9,11530.65,11433.1,11447.25,0
1373010300000,11444.05,11483.6,11418.0,11437.05,0
1373017500000,11437.55,11440.05,11428.3,11435.5,0
1373255100000,11317.15,11317.15,11176.65,11225.55,0
1373262300000,11224.35,11288.85,11202.6,11274.65,0
1373269500000,11275.15,11328.15,11231.85,11272.65,0
1373276700000,11273.25,11292.9,11270.5,11292.0,0
1373341500000,11365.45,11448.05,11365.45,11406.5,0
1373348700000,11404.65,11422.95,11353.05,11384.45,0
1373355900000,11383.95,11443.85,11383.35,11432.45,0
1373363100000,11432.95,11458.3,11432.95,11455.1,0
1373427900000,11484.1,11526.75,11465.6,11469.65,0
1373435100000,11468.9,11540.9,11453.45,11507.4,0
1373442300000,11506.25,11516.05,11365.1,11367.6,0
1373449500000,11365.8,11367.55,11317.2,11322.0,0
1373514300000,11551.55,11700.45,11551.55,11687.0,0
1373521500000,11689.05,11710.45,11626.75,11641.45,0
1373528700000,11642.75,11675.45,11623.95,11661.0,0
1373535900000,11660.35,11664.05,11639.5,11645.95,0
1373600700000,11725.2,11736.15,11589.45,11629.8,0
1373607900000,11630.45,11645.9,11598.15,11620.9,0
1373615100000,11621.3,11735.15,11614.85,11714.25,0
1373622300000,11715.05,11743.25,11712.65,11743.2,0
1373859900000,11677.7,11699.25,11621.75,11653.95,0
1373867100000,11654.65,11764.55,11646.75,11751.9,0
1373874300000,11751.5,11790.4,11731.5,11778.05,0
1373881500000,11778.8,11811.9,11775.7,11802.4,0
1373946300000,11392.25,11392.25,11209.75,11251.6,0
1373953500000,11251.25,11275.75,11234.2,11244.35,0
1373960700000,11245.25,11270.15,11211.7,11230.85,0
1373967900000,11233.9,11240.3,11210.5,11212.55,0
1374032700000,11250.9,11253.9,11066.05,11109.7,0
1374039900000,11111.15,11115.05,11048.0,11071.9,0
1374047100000,11071.95,11076.3,10829.75,10944.65,0
1374054300000,10944.35,10999.8,10944.35,10988.6,0
1374119100000,11039.2,11070.45,10853.75,10913.2,0
1374126300000,10911.85,10940.55,10837.75,10919.65,0
1374133500000,10917.85,11233.95,10917.85,11233.95,0
1374140700000,11234.25,11236.85,11161.6,11195.6,0
1374205500000,11237.9,11237.9,11039.3,11059.0,0
1374212700000,11059.5,11066.45,10953.95,11009.65,0
1374219900000,11009.45,11067.55,10934.25,10974.25,0
1374227100000,10971.85,10981.4,10962.5,10977.2,0
1374464700000,10959.25,11100.6,10951.15,11072.5,0
1374471900000,11073.25,11120.9,11060.7,11083.65,0
1374479100000,11085.05,11132.2,11050.6,11088.25,0
1374486300000,11087.75,11098.1,11080.7,11087.05,0
1374551100000,11197.05,11279.15,11195.0,11255.8,0
1374558300000,11255.85,11285.8,11254.3,11269.7,0
1374565500000,11269.8,11279.05,11217.15,11238.7,0
1374572700000,11240.15,11245.4,11225.45,11235.65,0
1374637500000,10964.4,10964.4,10704.8,10735.2,0
1374644700000,10735.5,10761.95,10661.3,10761.6,0
1374651900000,10759.5,10759.5,10661.95,10721.45,0
1374659100000,10722.1,10729.95,10710.6,10725.25,0
1374723900000,10659.15,10772.7,10659.15,10693.75,0
1374731100000,10692.3,10754.45,10686.95,10734.3,0
1374738300000,10735.55,10748.05,10600.7,10613.3,0
1374745500000,10616.6,10621.8,10594.6,10616.5,0
1374810300000,10692.9,10723.3,10479.1,10520.8,0
1374817500000,10523.2,10527.85,10352.95,10388.45,0
1374824700000,10386.4,10568.25,10378.35,10465.75,0
1374831900000,10459.15,10494.55,10459.15,10494.55,0
1375069500000,10451.85,10451.85,10361.4,10364.4,0
1375076700000,10366.2,10421.15,10358.65,10360.55,0
1375083900000,10360.25,10395.1,10321.25,10330.35,0
1375091100000,10330.6,10338.0,10310.65,10329.0,0
1375155900000,10349.7,10449.7,10288.4,10426.85,0
1375163100000,10433.75,10433.75,10280.85,10310.95,0
1375170300000,10311.8,10322.25,10195.5,10207.9,0
1375177500000,10210.75,10214.75,10200.6,10206.35,0
1375242300000,10145.25,10145.25,9863.05,9953.85,0
1375249500000,9952.2,9998.7,9894.25,9918.75,0
1375256700000,9918.3,10054.75,9903.55,10024.25,0
1375263900000,10023.25,10042.6,9982.05,9982.05,0
1375328700000,10122.65,10176.65,9913.0,9945.2,0
1375335900000,9943.6,10119.0,9867.6,10076.9,0
1375343100000,10077.35,10219.4,9997.55,10123.35,0
1375350300000,10122.7,10166.8,10122.7,10156.7,0
1375415100000,10179.15,10219.6,10025.1,10105.95,0
1375422300000,10105.35,10124.25,10019.85,10044.6,0
1375429500000,10044.15,10057.1,9958.4,10011.8,0
1375436700000,10012.45,10012.6,9973.2,9973.2,0
1375674300000,10019.35,10072.0,9818.5,10050.0,0
1375681500000,10049.45,10070.55,9965.85,9983.25,0
1375688700000,9980.2,10117.65,9964.25,10098.2,0
1375695900000,10099.65,10113.45,10083.85,10091.75,0
1375760700000,9996.5,9996.5,9801.85,9816.4,0
1375767900000,9817.95,9827.45,9738.75,9789.65,0
1375775100000,9788.1,9795.35,9660.3,9710.6,0
1375782300000,9713.45,9717.6,9671.95,9674.1,0
1375847100000,9712.7,9800.9,9667.55,9784.1,0
1375854300000,9785.75,9818.9,9745.4,9772.2,0
1375861500000,9771.75,9848.35,9687.1,9756.8,0
1375868700000,9756.2,9760.95,9728.1,9728.1,0
1375933500000,9772.15,9818.5,9724.8,9761.05,0
1375940700000,9761.4,9909.75,9751.55,9837.2,0
1375947900000,9832.6,9874.3,9778.2,9818.8,0
1375955100000,9818.15,9822.9,9793.65,9793.75,0
1376279100000,9842.3,9842.3,9669.1,9703.5,0
1376286300000,9707.85,9797.45,9696.65,9769.35,0
1376293500000,9768.35,9853.95,9713.6,9717.2,0
1376300700000,9717.25,9717.25,9671.7,9678.5,0
1376365500000,9653.95,9783.5,9582.55,9717.25,0
1376372700000,9718.0,9910.15,9717.35,9873.75,0
1376379900000,9874.1,10007.6,9851.95,9981.6,0
1376387100000,9978.85,9999.8,9963.2,9996.2,0
1376451900000,10021.45,10024.7,9936.45,9984.05,0
1376459100000,9984.55,10071.25,9912.35,9935.6,0
1376466300000,9934.85,10049.9,9930.75,10037.95,0
1376473500000,10039.55,10048.05,10012.8,10013.25,0
1376624700000,9868.7,9891.4,9593.35,9599.1,0
1376631900000,9596.1,9596.7,9522.65,9533.5,0
1376639100000,9538.75,9558.45,9449.85,9456.7,0
1376646300000,9456.2,9474.85,9420.15,9457.0,0
1376883900000,9353.9,9353.9,9122.95,9205.95,0
1376891100000,9203.05,9279.1,9118.7,9121.15,0
1376898300000,9123.6,9165.95,9087.0,9151.65,0
1376905500000,9149.4,9170.55,9098.3,9104.45,0
1376970300000,8931.1,9146.3,8860.15,9144.15,0
1376977500000,9145.7,9273.25,9126.85,9260.05,0
1376984700000,9256.45,9277.05,9096.65,9223.05,0
1376991900000,9224.15,9227.0,9162.4,9170.15,0
1377056700000,9712.95,9766.1,9609.65,9622.9,0
1377063900000,9623.2,9627.1,9430.55,9456.4,0
1377071100000,9455.55,9457.25,9129.25,9250.2,0
1377078300000,9252.35,9349.25,9231.1,9337.2,0
1377143100000,9113.65,9373.8,9044.15,9068.3,0
1377150300000,9070.2,9334.7,9005.25,9326.2,0
1377157500000,9321.35,9341.55,9149.7,9269.1,0
1377164700000,9271.25,9288.85,9257.1,9279.0,0
1377229500000,9339.15,9453.05,9215.85,9346.4,0
1377236700000,9352.95,9446.2,9327.1,9411.95,0
1377243900000,9416.35,9485.15,9361.5,9481.5,0
1377251100000,9479.8,9493.85,9437.2,9449.75,0
1377488700000,9526.55,9586.65,9367.75,9378.15,0
1377495900000,9377.8,9423.3,9294.05,9327.65,0
1377503100000,9325.0,9450.65,9304.05,9382.15,0
1377510300000,9381.0,9390.05,9346.75,9362.3,0
1377575100000,9204.15,9204.15,9002.6,9010.7,0
1377582300000,9011.25,9025.95,8948.25,8976.3,0
1377589500000,8975.55,8975.55,8842.5,8869.05,0
1377596700000,8869.45,8900.2,8865.2,8871.3,0
1377661500000,8686.05,8686.05,8366.75,8624.5,0
1377668700000,8626.7,8713.05,8522.05,8657.0,0
1377675900000,8655.8,8869.7,8635.45,8766.7,0
1377683100000,8764.2,8764.55,8705.3,8731.35,0
1377747900000,8934.95,8958.35,8759.85,8803.8,0
1377755100000,8803.15,8902.25,8788.5,8869.2,0
1377762300000,8867.15,8937.9,8846.55,8897.85,0
1377769500000,8897.45,8912.35,8883.75,8898.15,0
1377834300000,8871.85,9135.55,8846.55,9120.9,0
1377841500000,9123.55,9134.55,8939.05,9015.85,0
1377848700000,9017.95,9080.75,8899.05,9067.55,0
1377855900000,9074.7,9097.5,9018.65,9066.95,0
1378093500000,9114.05,9230.0,9086.75,9131.3,0
1378100700000,9131.35,9233.6,9118.7,9171.25,0
1378107900000,9171.7,9179.85,9091.4,9130.0,0
1378115100000,9132.2,9149.85,9131.5,9143.55,0
1378179900000,9213.05,9213.05,8986.55,8999.05,0
1378187100000,8998.95,9018.5,8856.65,8867.2,0
1378194300000,8866.7,8883.1,8657.65,8668.9,0
1378201500000,8669.1,8675.6,8625.4,8632.05,0
1378266300000,8689.15,8916.75,8605.65,8900.0,0
1378273500000,8898.6,8901.2,8724.75,8757.6,0
1378280700000,8757.4,8890.05,8728.15,8828.2,0
1378287900000,8828.75,8861.45,8813.45,8853.95,0
1378352700000,9318.1,9673.8,9318.1,9439.15,0
1378359900000,9436.95,9603.0,9417.4,9586.85,0
1378367100000,9581.45,9704.6,9490.35,9681.55,0
1378374300000,9679.65,9697.95,9665.05,9672.7,0
1378439100000,9756.45,9761.15,9568.5,9742.85,0
1378446300000,9742.7,9853.45,9734.85,9803.7,0
1378453500000,9803.55,9966.25,9773.35,9963.85,0
1378460700000,9960.6,9989.85,9938.45,9958.2,0
1378784700000,10111.45,10304.9,10111.45,10198.8,0
1378791900000,10201.85,10234.3,10104.65,10171.55,0
1378799100000,10170.85,10226.5,10138.45,10176.4,0
1378806300000,10176.85,10199.9,10147.8,10157.85,0
1378871100000,10075.85,10204.15,9980.5,10116.3,0
1378878300000,10117.0,10215.45,10062.95,10115.35,0
1378885500000,10117.35,10409.15,10102.4,10386.75,0
1378892700000,10386.2,10386.2,10333.05,10346.85,0
1378957500000,10358.25,10358.25,10152.35,10200.75,0
1378964700000,10194.45,10241.55,10133.25,10206.05,0
1378971900000,10207.75,10229.5,10070.95,10159.55,0
1378979100000,10159.25,10201.2,10158.55,10167.6,0
1379043900000,10062.5,10238.75,10037.3,10146.45,0
1379051100000,10146.0,10272.4,10140.6,10239.35,0
1379058300000,10238.2,10266.05,10150.6,10165.75,0
1379065500000,10167.65,10187.55,10148.8,10159.85,0
1379303100000,10416.65,10536.7,10416.65,10492.0,0
1379310300000,10491.95,10501.95,10175.05,10209.1,0
1379317500000,10205.1,10440.65,10205.1,10364.8,0
1379324700000,10363.3,10377.0,10347.8,10369.6,0
1379389500000,10313.85,10324.35,10228.3,10263.5,0
1379396700000,10265.55,10334.3,10252.85,10281.7,0
1379403900000,10281.0,10286.85,10223.95,10278.75,0
1379411100000,10279.6,10302.0,10279.6,10291.55,0
1379475900000,10320.85,10326.05,10241.95,10300.65,0
1379483100000,10298.1,10365.85,10280.0,10337.6,0
1379490300000,10336.35,10451.8,10326.25,10443.35,0
1379497500000,10439.75,10481.5,10434.85,10481.3,0
1379562300000,11045.65,11214.95,11045.65,11112.05,0
1379569500000,11112.4,11170.85,11097.4,11145.7,0
1379576700000,11142.4,11219.45,11134.45,11148.3,0
1379583900000,11142.7,11162.9,11126.5,11153.45,0
1379648700000,11125.35,11188.1,10448.1,10448.1,0
1379655900000,10442.15,10804.05,10409.8,10667.0,0
1379663100000,10667.2,10694.9,10479.45,10687.75,0
1379670300000,10687.65,10762.9,10686.0,10693.9,0
1379907900000,10487.9,10509.55,10247.1,10291.8,0
1379915100000,10292.55,10305.4,10214.25,10268.1,0
1379922300000,10265.9,10293.35,10177.9,10224.5,0
1379929500000,10225.75,10229.2,10185.2,10188.25,0
1379994300000,10077.45,10289.75,10046.7,10226.0,0
1380001500000,10228.45,10256.7,10133.25,10221.85,0
1380008700000,10220.35,10242.6,10149.8,10174.85,0
1380015900000,10175.45,10185.65,10168.3,10171.6,0
1380080700000,10186.9,10232.45,10011.2,10047.0,0
1380087900000,10044.75,10060.65,9948.9,9963.95,0
1380095100000,9963.0,10105.2,9919.7,10087.85,0
1380102300000,10085.85,10093.55,10068.55,10092.9,0
1380167100000,10086.6,10146.2,10074.35,10101.7,0
1380174300000,10101.6,10160.35,10086.85,10115.0,0
1380181500000,10114.0,10189.4,10089.95,10108.1,0
1380188700000,10108.15,10108.15,10051.2,10056.45,0
1380253500000,10127.85,10127.85,9907.15,9940.8,0
1380260700000,9940.65,9978.95,9899.6,9924.6,0
1380267900000,9925.8,10030.75,9883.95,9911.5,0
1380275100000,9912.75,9917.5,9885.45,9898.3,0
1380512700000,9784.05,9815.0,9631.9,9683.4,0
1380519900000,9682.5,9730.5,9654.35,9670.4,0
1380527100000,9668.3,9705.15,9618.45,9621.65,0
1380534300000,9621.0,9621.75,9587.75,9606.55,0
1380599100000,9689.3,9752.3,9582.75,9734.55,0
1380606300000,9734.9,9822.4,9734.35,9795.95,0
1380613500000,9797.4,9873.15,9787.85,9862.25,0
1380620700000,9864.5,9912.95,9862.65,9912.95,0
1380771900000,9960.5,10094.1,9888.7,10079.95,0
1380779100000,10074.95,10162.55,10062.45,10116.95,0
1380786300000,10116.4,10233.6,10102.3,10226.35,0
1380793500000,10225.85,10241.45,10208.6,10213.35,0
1380858300000,10173.1,10328.75,10111.75,10132.2,0
1380865500000,10132.05,10243.05,10127.15,10234.8,0
1380872700000,10235.65,10288.05,10168.15,10187.8,0
1380879900000,10190.35,10214.75,10188.35,10206.25,0
1381117500000,10110.6,10112.55,9877.45,9924.0,0
1381124700000,9924.15,9971.45,9903.85,9946.9,0
1381131900000,9948.6,10089.15,9947.05,10080.3,0
1381139100000,10081.25,10105.0,10072.95,10084.2,0
1381203900000,10419.7,10451.15,10242.2,10256.15,0
1381211100000,10256.2,10267.0,10109.2,10137.3,0
1381218300000,10139.4,10232.95,10131.4,10159.2,0
1381225500000,10159.65,10162.6,10090.6,10096.3,0
1381290300000,9983.45,10116.8,9947.25,10088.85,0
1381297500000,10088.05,10225.85,10086.45,10213.55,0
1381304700000,10213.7,10337.15,10168.05,10325.55,0
1381311900000,10324.45,10360.35,10319.2,10352.3,0
1381376700000,10291.35,10343.55,10199.55,10215.65,0
1381383900000,10216.0,10350.85,10214.5,10334.25,0
1381391100000,10334.65,10372.05,10217.35,10285.4,0
1381398300000,10284.9,10319.35,10271.65,10317.9,0
1381463100000,10418.55,10444.6,10307.9,10425.95,0
1381470300000,10426.05,10595.95,10425.35,10512.85,0
1381477500000,10512.1,10649.3,10512.1,10639.65,0
1381484700000,10638.8,10640.3,10612.6,10624.45,0
1381722300000,10585.4,10706.8,10550.0,10693.45,0
1381729500000,10690.15,10704.85,10569.7,10654.95,0
1381736700000,10653.6,10701.35,10623.55,10664.7,0
1381743900000,10663.85,10674.4,10658.8,10665.0,0
1381808700000,10722.8,10722.8,10418.9,10446.55,0
1381815900000,10448.5,10541.7,10448.5,10531.15,0
1381823100000,10530.6,10563.7,10408.15,10409.75,0
1381830300000,10408.5,10408.5,10339.1,10349.25,0
1381981500000,10405.7,10405.7,10290.55,10318.25,0
1381988700000,10319.1,10378.85,10280.75,10371.3,0
1381995900000,10369.85,10416.2,10274.35,10309.3,0
1382003100000,10310.3,10332.0,10310.3,10320.45,0
1382067900000,10427.6,10616.5,10425.4,10616.5,0
1382075100000,10623.25,10647.0,10570.55,10644.25,0
1382082300000,10644.75,10784.0,10634.5,10737.85,0
1382089500000,10736.65,10751.55,10713.5,10740.05,0
1382327100000,10779.75,10871.75,10700.55,10808.9,0
1382334300000,10809.35,10822.35,10748.95,10803.3,0
1382341500000,10803.05,10845.65,10714.9,10793.1,0
1382348700000,10790.75,10813.2,10780.5,10792.6,0
1382413500000,10749.35,10891.05,10707.85,10891.05,0
1382420700000,10890.35,10907.55,10765.2,10814.3,0
1382427900000,10814.8,10856.25,10786.25,10801.65,0
1382435100000,10801.15,10810.45,10796.3,10801.9,0
1382499900000,10837.9,10912.8,10786.75,10849.5,0
1382507100000,10852.05,10895.05,10732.35,10768.15,0
1382514300000,10770.2,10891.95,10739.25,10889.1,0
1382521500000,10890.0,10893.05,10865.1,10868.15,0
1382586300000,10869.3,11068.8,10866.3,11054.75,0
1382593500000,11055.15,11091.6,10974.6,11011.35,0
1382600700000,11011.8,11011.8,10846.5,10911.35,0
1382607900000,10911.7,10922.05,10885.55,10896.5,0
1382672700000,10885.2,10935.65,10847.45,10924.95,0
1382679900000,10926.35,10931.55,10797.6,10840.5,0
1382687100000,10840.45,10951.75,10840.15,10894.25,0
1382694300000,10892.55,10900.45,10872.75,10872.75,0
1382931900000,10938.65,11002.4,10925.45,10963.65,0
1382939100000,10963.15,10966.1,10877.05,10913.6,0
1382946300000,10912.8,10919.6,10752.35,10762.9,0
1382953500000,10761.55,10791.65,10753.05,10771.8,0
1383018300000,10771.15,10966.9,10669.0,10873.95,0
1383025500000,10877.55,11166.35,10858.8,11161.6,0
1383032700000,11160.4,11242.95,11129.3,11223.85,0
1383039900000,11227.0,11268.2,11227.0,11258.65,0
1383104700000,11287.25,11353.9,11245.8,11346.25,0
1383111900000,11346.15,11353.85,11292.95,11310.85,0
1383119100000,11313.95,11366.45,11211.5,11234.45,0
1383126300000,11233.85,11254.3,11224.6,11246.2,0
1383191100000,11219.5,11238.3,11170.05,11180.6,0
1383198300000,11179.6,11328.05,11178.9,11313.75,0
1383205500000,11313.3,11480.0,11286.0,11471.15,0
1383212700000,11472.5,11512.5,11472.5,11489.6,0
1383277500000,11470.15,11636.4,11443.6,11599.9,0
1383284700000,11600.6,11672.75,11576.15,11596.3,0
1383291900000,11594.8,11694.45,11576.4,11619.95,0
1383299100000,11621.15,11641.1,11599.45,11599.45,0
1383623100000,11549.7,11561.2,11477.3,11507.2,0
1383630300000,11506.35,11736.2,11506.35,11650.25,0
1383637500000,11651.0,11661.65,11498.45,11498.45,0
1383644700000,11497.65,11505.7,11462.1,11462.1,0
1383709500000,11505.1,11505.1,11396.05,11445.25,0
1383716700000,11445.8,11460.7,11319.05,11319.05,0
1383723900000,11317.05,11400.3,11279.9,11287.85,0
1383731100000,11284.4,11297.0,11269.95,11296.1,0
1383795900000,11282.3,11283.45,11161.3,11192.15,0
1383803100000,11191.5,11398.6,11189.2,11313.6,0
1383810300000,11312.15,11338.9,11055.3,11058.7,0
1383817500000,11057.6,11057.6,11024.75,11043.05,0
1383882300000,10969.45,11067.0,10952.15,11004.9,0
1383889500000,11005.7,11028.45,10879.7,10889.8,0
1383896700000,10890.7,10979.65,10841.6,10929.6,0
1383903900000,10928.75,10928.85,10867.25,10873.65,0
1384141500000,10740.25,10781.8,10674.5,10732.55,0
1384148700000,10730.05,10940.5,10723.9,10930.75,0
1384155900000,10927.35,10927.35,10725.65,10755.5,0
1384163100000,10758.55,10767.35,10741.05,10763.3,0
1384227900000,10764.0,10860.35,10714.05,10754.0,0
1384235100000,10755.25,10840.75,10699.2,10771.5,0
1384242300000,10770.45,10783.6,10578.35,10595.7,0
1384249500000,10596.7,10597.9,10543.15,10551.65,0
1384314300000,10474.7,10563.55,10451.75,10503.0,0
1384321500000,10499.5,10649.2,10478.55,10635.15,0
1384328700000,10636.6,10652.3,10412.05,10523.75,0
1384335900000,10525.2,10554.6,10488.35,10547.1,0
1384400700000,10696.0,10887.4,10696.0,10860.95,0
1384407900000,10861.35,10891.9,10775.8,10812.6,0
1384415100000,10810.95,10863.7,10760.2,10800.7,0
1384422300000,10804.0,10833.25,10799.75,10817.45,0
1384746300000,10968.5,11096.65,10968.5,11076.4,0
1384753500000,11078.7,11083.1,11030.8,11042.6,0
1384760700000,11042.95,11156.6,11002.5,11130.85,0
1384767900000,11129.85,11152.9,11119.5,11137.8,0
1384832700000,11139.65,11203.45,11107.35,11160.05,0
1384839900000,11161.3,11191.2,11109.5,11184.85,0
1384847100000,11178.8,11207.7,11142.2,11191.05,0
1384854300000,11190.65,11195.2,11178.45,11182.05,0
1384919100000,11097.2,11116.2,11014.55,11047.8,0
1384926300000,11048.95,11147.4,11025.7,11115.45,0
1384933500000,11115.85,11156.5,10971.0,10971.0,0
1384940700000,10970.65,10976.7,10905.55,10907.55,0
1385005500000,10840.1,10840.1,10737.55,10786.55,0
1385012700000,10786.2,10822.0,10746.6,10810.2,0
1385019900000,10805.3,10811.7,10657.85,10706.5,0
1385027100000,10706.7,10747.35,10700.75,10747.35,0
1385091900000,10808.35,10817.35,10733.2,10802.25,0
1385099100000,10802.85,10820.0,10744.8,10754.35,0
1385106300000,10756.7,10800.55,10630.55,10673.25,0
1385113500000,10666.6,10729.65,10655.5,10719.5,0
1385351100000,10806.9,10994.75,10806.9,10964.35,0
1385358300000,10963.85,10983.75,10923.3,10944.2,0
1385365500000,10942.95,11087.95,10931.35,11079.05,0
1385372700000,11079.75,11097.95,11073.55,11076.55,0
1385437500000,11034.0,11133.4,11006.75,11061.0,0
1385444700000,11062.35,11072.85,10983.8,10994.2,0
1385451900000,10996.95,11003.35,10895.5,10917.65,0
1385459100000,10919.55,10931.45,10893.3,10929.65,0
1385523900000,10928.15,10961.35,10832.85,10852.35,0
1385531100000,10852.9,10917.3,10838.65,10858.65,0
1385538300000,10857.7,10934.8,10827.75,10898.3,0
1385545500000,10898.05,10913.1,10871.3,10900.4,0
1385610300000,10991.45,11062.15,10991.45,11009.6,0
1385617500000,11005.75,11014.15,10945.7,10961.15,0
1385624700000,10962.1,10987.15,10843.0,10899.8,0
1385631900000,10900.85,10965.25,10898.35,10960.75,0
1385696700000,10961.45,11161.7,10961.45,11145.2,0
1385703900000,11144.45,11186.15,11117.0,11174.9,0
1385711100000,11175.3,11178.7,11107.1,11142.3,0
1385718300000,11143.3,11177.65,11139.7,11166.25,0
1385955900000,11191.55,11342.85,11191.55,11334.75,0
1385963100000,11334.4,11347.45,11305.1,11307.45,0
1385970300000,11300.95,11319.9,11242.15,11281.9,0
1385977500000,11280.25,11289.5,11271.75,11272.4,0
1386042300000,11244.5,11285.55,11189.75,11282.9,0
1386049500000,11284.35,11310.7,11228.75,11249.7,0
1386056700000,11248.2,11254.5,11174.5,11204.9,0
1386063900000,11204.8,11229.35,11202.8,11221.4,0
1386128700000,11157.15,11187.0,11107.75,11163.2,0
1386135900000,11162.65,11175.15,11134.1,11158.75,0
1386143100000,11159.05,11216.05,11117.45,11146.75,0
1386150300000,11149.35,11194.8,11142.6,11194.8,0
1386215100000,11511.45,11668.3,11511.45,11648.9,0
1386222300000,11648.75,11658.35,11617.35,11629.95,0
1386229500000,11628.35,11671.5,11610.4,11667.3,0
1386236700000,11667.5,11685.55,11652.15,11660.15,0
1386301500000,11640.4,11669.05,11579.5,11624.35,0
1386308700000,11625.75,11672.25,11619.0,11633.45,0
1386315900000,11633.6,11717.05,11628.2,11716.2,0
1386323100000,11718.2,11770.65,11713.85,11770.65,0
1386560700000,12225.95,12225.95,12061.8,12082.0,0
1386567900000,12082.25,12121.0,12059.15,12106.0,0
1386575100000,12105.85,12116.65,12069.35,12085.1,0
1386582300000,12084.5,12084.5,12007.3,12007.3,0
1386647100000,12050.45,12067.45,11834.85,11840.5,0
1386654300000,11832.65,11863.8,11794.9,11808.35,0
1386661500000,11809.85,11889.8,11774.95,11833.75,0
1386668700000,11833.1,11846.8,11812.05,11840.65,0
1386733500000,11764.85,11764.85,11690.45,11728.65,0
1386740700000,11730.35,11738.7,11687.6,11715.2,0
1386747900000,11716.1,11803.3,11694.85,11765.7,0
1386755100000,11764.9,11877.75,11760.3,11867.2,0
1386819900000,11737.35,11781.7,11663.4,11702.3,0
1386827100000,11702.05,11714.3,11671.65,11690.85,0
1386834300000,11692.85,11710.8,11623.25,11627.15,0
1386841500000,11626.9,11645.25,11622.7,11630.55,0
1386906300000,11534.35,11534.35,11419.0,11425.95,0
1386913500000,11427.85,11433.05,11389.35,11409.4,0
1386920700000,11409.15,11434.1,11364.05,11374.65,0
1386927900000,11375.5,11375.5,11349.85,11355.3,0
1387165500000,11334.85,11440.85,11309.7,11412.6,0
1387172700000,11413.8,11436.85,11347.4,11376.6,0
1387179900000,11377.05,11424.5,11353.15,11362.9,0
1387187100000,11361.75,11383.9,11355.95,11365.45,0
1387251900000,11418.1,11418.1,11320.4,11330.65,0
1387259100000,11330.7,11341.5,11261.25,11277.7,0
1387266300000,11277.2,11292.7,11189.75,11203.05,0
1387273500000,11204.4,11224.9,11178.0,11183.05,0
1387338300000,11132.05,11572.3,11117.45,11480.1,0
1387345500000,11482.45,11496.35,11383.25,11420.5,0
1387352700000,11419.65,11429.55,11286.1,11328.45,0
1387359900000,11326.05,11412.1,11326.05,11401.95,0
1387424700000,11496.8,11496.8,11056.1,11080.15,0
1387431900000,11078.55,11135.25,11040.15,11055.4,0
1387439100000,11057.3,11173.65,11053.15,11081.05,0
1387446300000,11083.0,11101.3,11069.5,11087.0,0
1387511100000,11150.1,11184.75,11074.55,11111.15,0
1387518300000,11112.0,11249.9,11103.1,11221.2,0
1387525500000,11222.15,11313.35,11178.8,11291.75,0
1387532700000,11294.65,11318.55,11294.25,11294.25,0
1387770300000,11300.35,11440.65,11292.2,11428.75,0
1387777500000,11427.8,11453.45,11418.4,11428.5,0
1387784700000,11427.2,11452.35,11360.15,11374.45,0
1387791900000,11374.6,11377.8,11332.05,11370.35,0
1387856700000,11386.15,11386.15,11287.3,11338.35,0
1387863900000,11337.6,11405.0,11330.75,11337.2,0
1387871100000,11336.8,11387.95,11314.9,11329.9,0
1387878300000,11330.75,11341.8,11326.3,11326.3,0
1388029500000,11338.6,11378.4,11317.45,11369.7,0
1388036700000,11371.15,11371.55,11332.65,11359.85,0
1388043900000,11363.4,11426.45,11345.4,11389.85,0
1388051100000,11387.25,11402.2,11384.0,11398.7,0
1388115900000,11432.75,11514.45,11416.95,11459.65,0
1388123100000,11460.6,11489.7,11445.55,11479.1,0
1388130300000,11480.3,11495.0,11432.5,11450.45,0
1388137500000,11452.5,11465.85,11444.2,11446.0,0
1388375100000,11527.85,11552.4,11403.85,11411.65,0
1388382300000,11411.5,11429.2,11366.2,11378.95,0
1388389500000,11377.65,11421.25,11355.05,11372.1,0
1388396700000,11376.95,11381.95,11370.1,11372.4,0
1388461500000,11411.05,11427.85,11316.55,11357.75,0
1388468700000,11366.0,11373.95,11339.0,11360.5,0
1388475900000,11359.85,11385.4,11345.7,11383.1,0
1388483100000,11383.4,11402.1,11383.4,11391.4,0
1388547900000,11417.6,11432.55,11361.0,11404.05,0
1388555100000,11401.2,11405.85,11380.65,11384.25,0
1388562300000,11384.95,11402.85,11365.0,11372.9,0
1388569500000,11373.55,11425.5,11373.35,11423.85,0
1388634300000,11387.25,11569.25,11381.1,11561.35,0
1388641500000,11560.8,11578.9,11544.15,11548.35,0
1388648700000,11544.85,11554.9,11150.2,11203.4,0
1388655900000,11202.45,11212.8,11157.6,11164.35,0
1388720700000,11125.65,11170.1,11074.2,11111.45,0
1388727900000,11111.2,11159.45,11052.6,11071.5,0
1388735100000,11070.4,11196.6,11066.95,11189.3,0
1388742300000,11187.7,11208.0,11171.65,11203.95,0
1388979900000,11163.8,11167.3,11041.95,11063.3,0
1388987100000,11062.35,11087.65,11052.8,11053.3,0
1388994300000,11053.2,11073.6,10996.95,11042.25,0
1389001500000,11043.25,11063.8,11033.55,11051.4,0
1389066300000,11124.75,11154.1,10895.55,10925.45,0
1389073500000,10925.5,10966.25,10892.15,10935.3,0
1389080700000,10934.4,11089.95,10915.6,11042.1,0
1389087900000,11039.4,11046.55,11024.4,11036.1,0
1389152700000,11093.0,11096.75,10988.8,11088.15,0
1389159900000,11088.55,11122.75,11033.55,11057.2,0
1389167100000,11057.55,11116.6,11033.55,11042.95,0
1389174300000,11045.6,11062.0,11045.6,11053.6,0
1389239100000,11064.55,11090.25,10925.35,10969.65,0
1389246300000,10970.4,10987.85,10925.15,10943.85,0
1389253500000,10943.15,11034.25,10940.5,10974.65,0
1389260700000,10970.6,10982.1,10952.35,10981.4,0
1389325500000,10967.4,11056.9,10839.8,11028.35,0
1389332700000,11028.5,11028.85,10969.0,11013.2,0
1389339900000,11015.4,11044.5,10788.2,10812.65,0
1389347100000,10812.45,10822.6,10791.85,10821.05,0
1389584700000,10848.65,10958.85,10843.95,10925.6,0
1389591900000,10925.25,10958.5,10897.85,10957.75,0
1389599100000,10961.5,11020.2,10936.25,11020.2,0
1389606300000,11021.7,11070.2,11021.7,11069.6,0
1389671100000,11012.7,11065.65,10997.55,11018.35,0
1389678300000,11018.75,11037.05,10966.15,10973.45,0
1389685500000,10969.45,10982.05,10922.6,10944.75,0
1389692700000,10949.8,10964.7,10936.6,10956.8,0
1389757500000,11000.7,11070.3,10986.1,11046.75,0
1389764700000,11047.95,11164.1,11032.9,11062.8,0
1389771900000,11065.5,11140.8,11057.6,11121.15,0
1389779100000,11122.2,11131.4,11115.5,11121.75,0
1389843900000,11192.8,11192.8,11101.75,11147.7,0
1389851100000,11146.2,11157.75,11070.0,11104.05,0
1389858300000,11104.3,11133.0,11076.75,11094.0,0
1389865500000,11092.85,11101.05,11075.75,11084.55,0
1389930300000,11081.95,11081.95,11013.8,11047.65,0
1389937500000,11047.25,11049.45,10962.6,10977.2,0
1389944700000,10974.7,11016.1,10893.75,10917.2,0
1389951900000,10915.55,10946.65,10900.9,10945.0,0
1390189500000,10929.0,11016.05,10876.25,10994.4,0
1390196700000,10994.95,11010.15,10951.45,10975.9,0
1390203900000,10973.15,11013.1,10939.55,11001.25,0
1390211100000,11003.1,11022.45,10998.95,11012.15,0
1390275900000,11058.9,11176.65,11036.4,11168.65,0
1390283100000,11169.35,11169.35,11093.15,11121.65,0
1390290300000,11121.9,11179.9,11110.75,11175.7,0
1390297500000,11176.7,11190.1,11173.4,11183.7,0
1390362300000,11164.75,11248.35,11094.8,11239.7,0
1390369500000,11240.2,11246.45,11166.95,11202.6,0
1390376700000,11203.3,11240.05,11176.25,11201.15,0
1390383900000,11202.75,11209.9,11173.15,11176.65,0
1390448700000,11174.5,11210.65,11122.35,11181.35,0
1390455900000,11181.4,11209.4,11149.85,11189.9,0
1390463100000,11190.15,11221.1,11173.45,11195.95,0
1390470300000,11197.3,11205.55,11190.85,11195.85,0
1390535100000,11050.9,11132.7,10987.55,11002.9,0
1390542300000,11001.85,11028.55,10984.15,11001.75,0
1390549500000,11001.3,11033.7,10972.1,10983.6,0
1390556700000,10984.75,10993.0,10973.4,10975.75,0
1390794300000,10765.9,10770.1,10629.7,10639.4,0
1390801500000,10640.85,10653.3,10577.9,10647.5,0
1390808700000,10646.45,10646.45,10527.65,10549.55,0
1390815900000,10552.1,10578.1,10520.9,10572.7,0
1390880700000,10546.5,10708.0,10333.4,10395.45,0
1390887900000,10390.2,10539.65,10382.35,10484.9,0
1390895100000,10485.7,10552.85,10481.15,10501.65,0
1390902300000,10501.5,10524.6,10497.5,10524.1,0
1390967100000,10617.95,10644.2,10546.0,10567.4,0
1390974300000,10567.8,10574.0,10513.5,10516.2,0
1390981500000,10515.6,10556.9,10406.95,10445.45,0
1390988700000,10445.5,10461.95,10436.55,10451.2,0
1391053500000,10275.25,10314.25,10200.05,10221.05,0
1391060700000,10220.6,10244.4,10193.7,10215.8,0
1391067900000,10215.95,10218.55,10101.2,10153.15,0
1391075100000,10149.55,10177.25,10140.1,10175.65,0
1391139900000,10188.9,10245.65,10130.3,10152.9,0
1391147100000,10155.45,10239.55,10155.45,10210.1,0
1391154300000,10210.5,10246.05,10170.85,10236.9,0
1391161500000,10237.25,10266.45,10224.4,10246.0,0
1391399100000,10204.7,10222.65,10154.45,10198.35,0
1391406300000,10199.75,10202.0,10098.8,10098.8,0
1391413500000,10098.3,10170.9,10089.25,10108.1,0
1391420700000,10109.95,10117.75,10089.35,10095.0,0
1391485500000,9982.0,10137.55,9944.0,10113.45,0
1391492700000,10112.5,10144.05,10064.9,10097.05,0
1391499900000,10100.0,10222.1,10097.05,10190.95,0
1391507100000,10190.65,10212.25,10183.05,10211.85,0
1391571900000,10226.75,10226.75,10121.45,10133.6,0
1391579100000,10133.2,10229.15,10112.5,10213.2,0
1391586300000,10213.1,10254.05,10195.05,10235.7,0
1391593500000,10236.0,10242.1,10228.75,10230.15,0
1391658300000,10262.55,10321.5,10107.8,10163.4,0
1391665500000,10164.5,10185.2,10124.1,10130.4,0
1391672700000,10130.5,10231.4,10127.9,10201.4,0
1391679900000,10199.65,10218.35,10195.0,10209.35,0
1391744700000,10295.65,10321.1,10224.65,10248.25,0
1391751900000,10248.3,10307.9,10191.0,10245.0,0
1391759100000,10244.3,10266.0,10180.85,10263.35,0
1391766300000,10262.5,10281.7,10261.45,10261.45,0
1392003900000,10300.9,10310.3,10197.45,10263.35,0
1392011100000,10263.15,10272.7,10237.2,10254.65,0
1392018300000,10255.6,10268.1,10196.2,10216.55,0
1392025500000,10217.65,10221.15,10187.8,10200.6,0
1392090300000,10250.95,10281.7,10200.6,10281.7,0
1392097500000,10291.45,10296.8,10243.0,10251.15,0
1392104700000,10251.9,10278.6,10232.0,10246.7,0
1392111900000,10244.6,10253.75,10240.05,10245.45,0
1392176700000,10327.5,10395.15,10310.65,10383.55,0
1392183900000,10381.15,10383.1,10336.85,10370.7,0
1392191100000,10368.6,10379.25,10330.6,10348.75,0
1392198300000,10348.65,10358.4,10330.85,10339.8,0
1392263100000,10361.7,10386.65,10226.55,10242.2,0
1392270300000,10243.45,10248.6,10197.0,10220.1,0
1392277500000,10220.5,10223.85,10121.25,10144.45,0
1392284700000,10144.95,10151.5,10113.8,10113.8,0
1392349500000,10168.7,10184.15,10064.75,10140.0,0
1392356700000,10139.6,10210.05,10092.9,10115.55,0
1392363900000,10124.6,10204.85,10065.95,10203.75,0
1392371100000,10206.15,10229.45,10194.1,10215.8,0
1392608700000,10225.95,10286.45,10205.8,10246.65,0
1392615900000,10249.45,10310.75,10242.6,10261.05,0
1392623100000,10261.8,10330.15,10219.5,10325.8,0
1392630300000,10327.05,10358.0,10318.5,10347.0,0
1392695100000,10329.25,10554.3,10296.25,10552.8,0
1392702300000,10552.05,10595.9,10547.55,10569.85,0
1392709500000,10568.2,10618.85,10541.9,10579.3,0
1392716700000,10579.15,10584.85,10540.2,10553.4,0
1392781500000,10560.0,10605.15,10520.3,10588.15,0
1392788700000,10589.65,10594.35,10558.25,10578.75,0
1392795900000,10579.15,10604.15,10554.75,10599.3,0
1392803100000,10597.85,10630.15,10597.7,10616.9,0
1392867900000,10504.55,10525.7,10447.8,10469.7,0
1392875100000,10470.7,10476.9,10422.35,10437.25,0
1392882300000,10437.05,10484.45,10419.1,10429.85,0
1392889500000,10430.85,10436.65,10423.0,10426.45,0
1392954300000,10446.15,10584.75,10446.15,10557.85,0
1392961500000,10557.75,10567.3,10533.35,10533.35,0
1392968700000,10536.35,10568.95,10507.75,10560.8,0
1392975900000,10561.45,10564.6,10528.8,10533.25,0
1393213500000,10514.25,10551.0,10471.45,10541.65,0
1393220700000,10542.05,10644.25,10537.75,10619.3,0
1393227900000,10619.45,10711.65,10619.45,10677.3,0
1393235100000,10673.5,10693.55,10669.25,10691.05,0
1393299900000,10732.7,10768.95,10676.25,10693.05,0
1393307100000,10693.1,10698.85,10611.75,10649.6,0
1393314300000,10650.6,10707.15,10624.4,10667.8,0
1393321500000,10665.6,10672.4,10646.85,10651.0,0
1393386300000,10664.65,10723.95,10664.65,10702.75,0
1393393500000,10703.5,10724.15,10688.65,10707.65,0
1393400700000,10708.05,10758.65,10706.8,10720.15,0
1393407900000,10718.4,10736.4,10717.8,10721.2,0
1393559100000,10775.45,10780.65,10688.95,10747.6,0
1393566300000,10748.1,10765.7,10704.05,10741.15,0
1393573500000,10741.0,10783.55,10718.2,10755.45,0
1393580700000,10751.9,10775.35,10750.05,10754.15,0
1393818300000,10719.2,10836.2,10675.8,10820.85,0
1393825500000,10818.0,10826.0,10670.1,10688.2,0
1393832700000,10689.45,10694.45,10613.0,10654.85,0
1393839900000,10655.0,10665.2,10637.65,10637.65,0
1393904700000,10676.8,10753.0,10670.95,10736.5,0
1393911900000,10735.45,10885.7,10722.7,10860.45,0
1393919100000,10858.7,10920.75,10857.55,10920.4,0
1393926300000,10920.05,10936.75,10919.05,10926.1,0
1393991100000,10989.2,10992.15,10899.4,10952.4,0
1393998300000,10950.8,11050.35,10917.8,11049.55,0
1394005500000,11049.75,11122.55,11021.5,11108.9,0
1394012700000,11110.55,11111.25,11076.85,11077.95,0
1394077500000,11146.4,11184.5,11117.25,11139.05,0
1394084700000,11140.25,11204.05,11136.5,11195.7,0
1394091900000,11195.55,11303.2,11192.05,11283.45,0
1394099100000,11284.85,11284.95,11253.6,11258.3,0
1394163900000,11343.95,11809.5,11332.6,11809.5,0
1394171100000,11809.85,11947.5,11760.6,11846.9,0
1394178300000,11847.05,11919.95,11814.45,11882.95,0
1394185500000,11879.95,11904.15,11862.4,11904.15,0
1394423100000,11844.55,12104.95,11844.55,12007.15,0
1394430300000,12000.65,12065.8,11976.8,12048.45,0
1394437500000,12050.4,12157.9,12010.2,12107.0,0
1394444700000,12108.15,12117.05,12092.6,12107.6,0
1394509500000,12134.35,12285.45,12032.7,12070.0,0
1394516700000,12068.95,12151.3,12036.4,12097.75,0
1394523900000,12097.95,12102.4,11994.85,12022.75,0
1394531100000,12022.95,12083.1,12020.3,12076.65,0
1394595900000,12008.4,12142.9,11887.75,12081.85,0
1394603100000,12083.35,12088.1,11959.1,12012.4,0
1394610300000,12012.5,12066.2,11954.05,12022.95,0
1394617500000,12022.45,12040.8,12015.7,12040.8,0
1394682300000,12114.45,12308.7,12114.45,12263.95,0
1394689500000,12265.65,12285.65,12232.55,12266.85,0
1394696700000,12267.05,12300.9,12115.8,12145.1,0
1394703900000,12144.75,12147.5,12097.25,12134.85,0
1394768700000,11978.8,12028.1,11881.15,11905.0,0
1394775900000,11908.25,11953.85,11892.3,11898.4,0
1394783100000,11894.95,12090.05,11867.15,12052.95,0
1394790300000,12055.05,12062.6,12041.45,12060.2,0
1395114300000,12143.35,12268.75,12143.35,12225.15,0
1395121500000,12222.9,12243.85,12153.1,12191.05,0
1395128700000,12191.95,12193.4,12052.35,12113.05,0
1395135900000,12111.3,12127.1,12095.65,12098.2,0
1395200700000,12199.45,12256.45,12132.4,12217.45,0
1395207900000,12215.4,12219.85,12174.4,12194.85,0
1395215100000,12193.25,12223.6,12142.35,12186.75,0
1395222300000,12186.65,12197.35,12181.3,12182.1,0
1395287100000,12145.85,12145.85,12058.05,12072.0,0
1395294300000,12072.5,12130.45,12019.3,12034.45,0
1395301500000,12033.7,12064.75,11989.95,12017.1,0
1395308700000,12021.7,12029.2,12009.2,12021.1,0
1395373500000,12087.1,12112.4,12043.4,12110.05,0
1395380700000,12106.3,12123.15,12073.0,12110.15,0
1395387900000,12106.65,12113.95,12067.45,12101.55,0
1395395100000,12102.65,12103.6,12079.9,12081.1,0
1395632700000,12153.4,12404.75,12153.4,12398.5,0
1395639900000,12399.75,12405.85,12367.7,12400.15,0
1395647100000,12400.0,12420.6,12383.15,12406.1,0
1395654300000,12406.0,12421.85,12396.0,12416.4,0
1395719100000,12399.6,12523.7,12394.3,12455.4,0
1395726300000,12456.2,12458.95,12416.85,12436.75,0
1395733500000,12437.15,12486.75,12420.6,12451.4,0
1395740700000,12450.2,12461.75,12441.9,12450.8,0
1395805500000,12553.75,12564.35,12479.05,12526.05,0
1395812700000,12529.1,12570.6,12515.3,12523.75,0
1395819900000,12523.7,12531.75,12469.15,12511.5,0
1395827100000,12511.65,12529.35,12511.65,12515.5,0
1395891900000,12562.55,12625.45,12513.1,12617.75,0
1395899100000,12617.8,12701.05,12614.0,12694.55,0
1395906300000,12694.25,12767.5,12570.85,12592.5,0
1395913500000,12591.0,12615.8,12578.4,12606.85,0
1395978300000,12703.7,12754.65,12635.8,12684.3,0
1395985500000,12686.85,12710.65,12633.3,12667.15,0
1395992700000,12672.2,12750.8,12660.25,12745.15,0
1395999900000,12745.95,12787.5,12745.95,12785.45,0
1396237500000,12855.2,12869.35,12761.15,12773.85,0
1396244700000,12775.25,12794.9,12731.45,12739.4,0
1396251900000,12738.95,12767.75,12660.05,12740.65,0
1396259100000,12739.95,12744.5,12722.65,12728.15,0
1396323900000,12794.5,12801.9,12646.8,12738.6,0
1396331100000,12734.7,12735.7,12513.6,12529.15,0
1396338300000,12528.5,12630.85,12509.95,12579.7,0
1396345500000,12577.7,12600.65,12570.3,12593.45,0
1396410300000,12683.1,12685.2,12591.35,12616.05,0
1396417500000,12616.1,12628.3,12553.95,12571.5,0
1396424700000,12572.05,12729.25,12542.35,12694.15,0
1396431900000,12693.05,12740.15,12688.0,12739.9,0
1396496700000,12754.75,12754.75,12582.7,12609.0,0
1396503900000,12606.9,12617.45,12566.7,12589.4,0
1396511100000,12588.1,12590.65,12518.0,12562.6,0
1396518300000,12562.35,12586.25,12554.7,12554.7,0
1396583100000,12524.5,12656.5,12430.85,12633.55,0
1396590300000,12633.1,12642.4,12581.6,12605.0,0
1396597500000,12603.15,12612.85,12498.35,12537.9,0
1396604700000,12535.85,12578.4,12535.85,12563.2,0
1396842300000,12553.8,12615.35,12439.55,12466.15,0
1396849500000,12462.85,12505.4,12461.65,12488.55,0
1396856700000,12487.95,12534.1,12461.55,12504.2,0
1396863900000,12503.15,12515.65,12484.95,12488.7,0
1397015100000,12599.2,12621.3,12548.45,12591.15,0
1397022300000,12593.55,12677.95,12587.6,12677.95,0
1397029500000,12678.15,12957.55,12674.55,12917.45,0
1397036700000,12918.95,12951.0,12918.85,12925.7,0
1397101500000,12960.55,13039.25,12881.2,12971.85,0
1397108700000,12969.9,13055.6,12965.0,13031.25,0
1397115900000,13032.2,13047.7,12954.15,12959.05,0
1397123100000,12957.35,12961.05,12884.25,12884.25,0
1397187900000,12805.85,12934.9,12777.95,12861.85,0
1397195100000,12860.65,12919.7,12814.0,12882.9,0
1397202300000,12883.95,12899.9,12824.1,12826.45,0
1397209500000,12830.0,12841.7,12812.8,12834.6,0
1397533500000,12831.6,12831.6,12579.0,12709.2,0
1397540700000,12708.85,12734.15,12625.0,12637.75,0
1397547900000,12638.05,12678.3,12576.85,12577.65,0
1397555100000,12576.1,12578.15,12537.7,12569.8,0
1397619900000,12561.65,12727.05,12561.65,12700.7,0
1397627100000,12702.95,12713.65,12562.9,12581.05,0
1397634300000,12581.4,12633.7,12514.75,12558.35,0
1397641500000,12559.25,12566.8,12535.7,12560.2,0
1397706300000,12580.0,12672.35,12514.8,12659.4,0
1397713500000,12658.35,12707.95,12605.75,12678.9,0
1397720700000,12680.2,12819.1,12667.3,12784.3,0
1397727900000,12782.65,12796.75,12773.95,12787.85,0
1398051900000,12852.5,12910.35,12841.95,12869.9,0
1398059100000,12869.55,12878.0,12838.85,12857.6,0
1398066300000,12857.85,13002.75,12855.05,12968.75,0
1398073500000,12962.75,12978.95,12935.15,12946.8,0
1398138300000,12970.75,13001.85,12913.9,12964.3,0
1398145500000,12959.0,13010.15,12937.05,12996.15,0
1398152700000,12996.35,13040.15,12958.35,12978.4,0
1398159900000,12977.3,13003.25,12973.7,12993.05,0
1398224700000,12973.05,13070.2,12957.9,13060.0,0
1398231900000,13060.25,13116.7,13055.25,13108.5,0
1398239100000,13107.9,13130.75,13056.95,13118.35,0
1398246300000,13116.3,13176.05,13114.65,13162.15,0
1398397500000,13125.05,13268.6,13112.4,13202.65,0
1398404700000,13202.5,13210.4,13038.95,13064.8,0
1398411900000,13062.85,13064.8,12968.8,13047.15,0
1398419100000,13046.85,13062.3,13019.0,13022.8,0
1398656700000,13034.35,13045.25,12927.75,12976.9,0
1398663900000,12976.05,13104.95,12973.65,13077.05,0
1398671100000,13079.95,13116.0,13046.8,13070.7,0
1398678300000,13070.3,13098.85,13068.55,13091.4,0
1398743100000,13097.95,13124.3,12898.45,12937.75,0
1398750300000,12935.25,13015.85,12934.0,12977.05,0
1398757500000,12978.05,13018.75,12897.35,12918.55,0
1398764700000,12919.05,12919.05,12898.0,12918.2,0
1398829500000,12944.15,13100.75,12906.3,13076.25,0
1398836700000,13077.0,13093.5,12965.0,12984.4,0
1398843900000,12984.1,12984.1,12738.6,12834.8,0
1398851100000,12830.45,12916.6,12830.45,12900.9,0
1399002300000,12929.05,12995.6,12874.85,12947.85,0
1399009500000,12947.05,12947.8,12870.1,12901.05,0
1399016700000,12899.8,12903.55,12818.85,12845.35,0
1399023900000,12846.5,12854.05,12826.4,12840.0,0
1399261500000,12831.8,12911.1,12773.05,12838.2,0
1399268700000,12838.95,12957.9,12837.45,12934.7,0
1399275900000,12935.7,12981.6,12859.85,12884.75,0
1399283100000,12885.95,12894.95,12874.0,12879.9,0
1399347900000,12960.9,13012.55,12933.35,12948.0,0
1399355100000,12950.15,12981.55,12938.65,12956.3,0
1399362300000,12956.05,12967.0,12917.15,12959.6,0
1399369500000,12956.8,12982.95,12956.8,12980.2,0
1399434300000,12955.3,12970.1,12877.75,12969.45,0
1399441500000,12971.85,13017.0,12935.3,12997.65,0
1399448700000,12996.9,12998.2,12910.25,12938.0,0
1399455900000,12938.9,12960.1,12932.6,12933.6,0
1399520700000,12999.7,13095.5,12952.5,13060.05,0
1399527900000,13062.0,13068.05,12988.9,13018.1,0
1399535100000,13016.4,13052.1,12994.6,13033.45,0
1399542300000,13033.0,13045.5,13020.55,13027.0,0
1399607100000,13047.0,13276.4,13017.9,13274.0,0
1399614300000,13272.1,13479.95,13251.3,13466.2,0
1399621500000,13464.8,13747.25,13458.3,13738.45,0
1399628700000,13739.05,13814.25,13726.4,13798.15,0
1399866300000,13803.25,14138.05,13803.25,14090.5,0
1399873500000,14092.15,14152.45,14010.85,14037.4,0
1399880700000,14034.4,14139.25,14029.45,14069.25,0
1399887900000,14070.85,14100.65,14070.05,14094.35,0
1399952700000,14284.15,14367.75,14105.65,14312.1,0
1399959900000,14313.15,14358.35,14110.9,14184.55,0
1399967100000,14187.3,14223.0,14127.5,14186.15,0
1399974300000,14179.85,14185.65,14136.3,14140.4,0
1400039100000,14117.95,14320.75,14063.6,14192.0,0
1400046300000,14190.3,14258.55,14153.05,14194.45,0
1400053500000,14193.7,14238.9,14165.9,14207.55,0
1400060700000,14206.65,14220.1,14196.8,14196.8,0
1400125500000,14176.05,14301.3,14176.05,14228.15,0
1400132700000,14228.4,14256.7,14159.1,14219.95,0
1400139900000,14217.65,14256.1,14184.5,14244.9,0
1400147100000,14244.5,14244.5,14194.7,14202.9,0
1400211900000,14662.2,15742.05,14662.2,15361.45,0
1400219100000,15359.95,15367.35,15162.55,15162.55,0
1400226300000,15159.15,15179.65,14468.1,14798.35,0
1400233500000,14796.0,14891.6,14795.5,14864.65,0
1400471100000,15059.9,15200.1,15036.0,15131.25,0
1400478300000,15131.2,15284.8,15119.7,15241.15,0
1400485500000,15243.3,15305.65,15177.7,15208.3,0
1400492700000,15207.25,15239.05,15197.2,15208.15,0
1400557500000,15353.35,15362.55,15105.9,15118.6,0
1400564700000,15117.45,15187.75,15116.95,15144.6,0
1400571900000,15142.5,15193.8,15100.95,15112.35,0
1400579100000,15114.25,15119.1,15087.7,15093.1,0
1400643900000,15116.5,15116.5,15017.9,15070.9,0
1400651100000,15068.15,15073.95,14857.5,14900.85,0
1400658300000,14900.5,15018.0,14894.8,14967.65,0
1400665500000,14969.7,14969.7,14923.3,14939.4,0
1400730300000,15033.7,15102.55,14938.25,15062.7,0
1400737500000,15062.35,15204.45,15053.85,15166.05,0
1400744700000,15164.0,15196.25,15029.65,15071.2,0
1400751900000,15070.75,15072.5,15032.7,15032.7,0
1400816700000,15098.2,15184.35,14989.9,15005.5,0
1400823900000,15006.2,15111.25,14972.6,15038.05,0
1400831100000,15038.95,15299.9,14993.2,15299.9,0
1400838300000,15296.95,15321.25,15273.85,15319.3,0
1401075900000,15414.35,15568.05,15393.3,15491.35,0
1401083100000,15492.45,15533.8,15356.3,15417.25,0
1401090300000,15417.7,15461.4,14969.25,15166.5,0
1401097500000,15162.05,15183.35,15138.05,15155.5,0
1401162300000,15110.0,15110.0,14934.95,15002.6,0
1401169500000,15004.5,15158.4,15001.5,15049.0,0
1401176700000,15048.25,15123.15,14984.45,15097.35,0
1401183900000,15096.0,15099.95,15047.05,15053.4,0
1401248700000,15095.65,15188.1,15032.45,15114.65,0
1401255900000,15115.95,15186.2,15086.05,15179.9,0
1401263100000,15181.55,15191.05,15113.0,15169.85,0
1401270300000,15168.75,15198.35,15165.05,15192.25,0
1401335100000,15141.55,15254.5,15135.1,15173.6,0
1401342300000,15172.1,15216.75,15141.65,15146.85,0
1401349500000,15150.5,15184.95,15011.6,15031.5,0
1401356700000,15025.45,15072.35,15007.5,15049.2,0
1401421500000,15095.3,15108.8,14805.05,14960.25,0
1401428700000,14961.0,15000.3,14867.35,14907.75,0
1401435900000,14908.0,14928.4,14762.75,14767.3,0
1401443100000,14764.85,14818.4,14709.3,14740.0,0
1401680700000,14823.55,14930.25,14770.0,14930.25,0
1401687900000,14934.0,15226.95,14929.25,15199.55,0
1401695100000,15192.8,15321.8,15168.15,15310.3,0
1401702300000,15309.6,15310.7,15254.8,15267.2,0
1401767100000,15352.35,15414.05,15181.75,15238.5,0
1401774300000,15246.55,15373.05,15177.0,15292.05,0
1401781500000,15292.25,15341.65,15206.5,15256.0,0
1401788700000,15257.2,15262.75,15243.4,15247.3,0
1401853500000,15214.05,15391.75,15171.15,15299.9,0
1401860700000,15306.45,15396.9,15306.45,15337.0,0
1401867900000,15342.0,15376.55,15272.15,15331.85,0
1401875100000,15331.4,15349.6,15317.85,15345.65,0
1401939900000,15257.15,15305.35,15152.4,15221.35,0
1401947100000,15221.8,15335.25,15210.4,15284.55,0
1401954300000,15286.2,15337.15,15218.8,15261.9,0
1401961500000,15262.75,15294.35,15262.75,15279.8,0
1402026300000,15388.7,15530.55,15320.75,15476.35,0
1402033500000,15476.95,15513.05,15420.55,15508.9,0
1402040700000,15509.45,15576.05,15446.85,15534.2,0
1402047900000,15533.3,15548.05,15521.25,15530.4,0
1402285500000,15614.1,15725.8,15588.2,15683.6,0
1402292700000,15683.15,15683.15,15522.85,15583.6,0
1402299900000,15583.3,15647.45,15560.5,15570.75,0
1402307100000,15571.55,15580.3,15527.75,15529.3,0
1402371900000,15582.85,15582.85,15337.85,15393.35,0
1402379100000,15394.85,15439.2,15360.9,15419.95,0
1402386300000,15421.95,15442.35,15364.1,15430.3,0
1402393500000,15433.1,15435.25,15410.95,15417.1,0
1402458300000,15456.3,15660.05,15367.6,15617.7,0
1402465500000,15620.4,15620.4,15446.15,15478.3,0
1402472700000,15477.15,15519.95,15394.5,15459.9,0
1402479900000,15455.45,15470.4,15394.4,15406.2,0
1402544700000,15417.7,15457.85,15293.4,15434.1,0
1402551900000,15433.7,15503.7,15400.9,15472.75,0
1402559100000,15472.35,15518.75,15394.55,15450.65,0
1402566300000,15447.35,15493.05,15445.3,15475.75,0
1402631100000,15525.7,15599.75,15487.35,15537.95,0
1402638300000,15539.4,15548.3,15263.25,15263.25,0
1402645500000,15248.4,15254.8,15094.2,15128.4,0
1402652700000,15126.15,15130.45,15083.9,15090.95,0
1402890300000,15046.8,15051.5,14876.75,14996.9,0
1402897500000,14996.0,15091.3,14858.9,14975.9,0
1402904700000,14977.55,15082.6,14956.25,15033.8,0
1402911900000,15033.1,15043.0,15017.6,15018.3,0
1402976700000,14978.85,15088.5,14933.25,15010.75,0
1402983900000,15011.55,15043.35,14942.1,15026.5,0
1402991100000,15027.8,15381.05,14972.75,15371.25,0
1402998300000,15373.4,15393.75,15364.7,15390.3,0
1403063100000,15371.3,15461.55,15334.85,15395.05,0
1403070300000,15396.1,15431.35,15128.45,15175.4,0
1403077500000,15186.85,15348.45,15153.15,15203.7,0
1403084700000,15202.05,15203.05,15169.2,15189.85,0
1403149500000,15301.65,15332.75,15130.7,15190.65,0
1403156700000,15189.4,15205.3,14976.15,15047.5,0
1403163900000,15048.6,15174.65,15022.75,15066.75,0
1403171100000,15065.15,15078.2,15032.65,15077.7,0
1403235900000,15111.7,15146.55,14993.7,15107.4,0
1403243100000,15109.4,15195.55,15107.15,15122.25,0
1403250300000,15116.85,15143.9,14978.5,15009.85,0
1403257500000,15008.1,15022.2,14984.6,15022.2,0
1403495100000,15007.25,15085.25,14940.35,14969.2,0
1403502300000,14969.7,15148.0,14966.0,15026.1,0
1403509500000,15026.75,15088.9,14973.75,15085.3,0
1403516700000,15087.65,15121.95,15076.25,15091.25,0
1403581500000,15156.9,15316.9,15154.15,15281.6,0
1403588700000,15284.5,15297.15,15255.95,15274.85,0
1403595900000,15275.4,15341.95,15206.6,15307.95,0
1403603100000,15306.95,15329.5,15306.75,15307.0,0
1403667900000,15305.6,15305.6,15242.75,15266.5,0
1403675100000,15263.4,15266.5,15223.35,15234.9,0
1403682300000,15232.9,15292.55,15230.65,15232.4,0
1403689500000,15233.3,15240.75,15221.15,15229.8,0
1403754300000,15238.65,15333.25,15212.5,15235.55,0
1403761500000,15232.35,15251.65,15170.6,15190.8,0
1403768700000,15192.6,15218.75,15020.65,15034.4,0
1403775900000,15036.15,15073.85,15020.9,15073.85,0
1403840700000,15102.55,15117.15,15028.15,15070.05,0
1403847900000,15067.85,15072.5,14946.85,14970.6,0
1403855100000,14973.6,15039.7,14947.45,14995.05,0
1403862300000,14994.6,15016.6,14976.65,15011.2,0
1404099900000,15072.85,15291.4,15069.8,15261.8,0
1404107100000,15262.9,15329.95,15255.15,15310.35,0
1404114300000,15314.35,15321.9,15241.25,15241.25,0
1404121500000,15240.45,15252.15,15210.05,15222.5,0
1404186300000,15305.1,15338.05,15261.15,15304.35,0
1404193500000,15304.15,15345.4,15283.6,15320.7,0
1404200700000,15324.75,15365.65,15300.1,15323.1,0
1404207900000,15324.75,15334.45,15312.2,15334.45,0
1404272700000,15466.4,15512.65,15414.85,15473.75,0
1404279900000,15474.2,15509.15,15463.55,15494.9,0
1404287100000,15491.25,15519.3,15473.05,15489.85,0
1404294300000,15489.9,15501.9,15476.2,15486.4,0
1404359100000,15513.6,15554.7,15431.5,15528.3,0
1404366300000,15529.25,15541.7,15457.25,15470.75,0
1404373500000,15468.75,15489.8,15439.05,15447.55,0
1404380700000,15447.25,15464.45,15433.75,15458.0,0
1404445500000,15455.3,15493.9,15422.1,15464.0,0
1404452700000,15461.05,15461.05,15305.0,15379.85,0
1404459900000,15383.3,15582.65,15360.75,15552.95,0
1404467100000,15555.4,15563.3,15537.0,15544.35,0
1404704700000,15577.45,15592.8,15421.1,15462.9,0
1404711900000,15461.75,15468.3,15378.65,15385.15,0
1404719100000,15386.55,15430.25,15361.95,15373.85,0
1404726300000,15376.45,15379.65,15349.2,15355.9,0
1404791100000,15420.5,15428.7,15283.75,15342.55,0
1404798300000,15342.9,15383.4,15221.85,15296.85,0
1404805500000,15296.05,15320.55,15039.25,15041.0,0
1404812700000,15045.0,15045.0,14889.35,14923.65,0
1404877500000,15003.85,15093.45,14827.1,15051.95,0
1404884700000,15048.6,15065.5,14927.6,15034.35,0
1404891900000,15036.15,15092.45,14866.15,14916.85,0
1404899100000,14917.15,14969.1,14905.7,14922.45,0
1404963900000,14948.0,15003.55,14833.45,14941.7,0
1404971100000,14940.65,15116.4,14621.95,14997.9,0
1404978300000,14999.35,15371.05,14741.6,14741.6,0
1404985500000,14732.3,14816.55,14732.3,14744.55,0
1405050300000,14806.8,14918.85,14716.3,14752.25,0
1405057500000,14750.9,14762.9,14549.35,14618.45,0
1405064700000,14616.4,14704.25,14442.8,14454.6,0
1405071900000,14450.15,14454.9,14406.65,14451.65,0
1405309500000,14471.7,14535.5,14338.65,14506.25,0
1405316700000,14493.5,14508.3,14373.0,14442.3,0
1405323900000,14445.15,14561.75,14425.75,14482.2,0
1405331100000,14479.3,14503.75,14475.75,14501.6,0
1405395900000,14614.7,14789.85,14609.35,14772.7,0
1405403100000,14776.0,14791.2,14627.0,14702.95,0
1405410300000,14702.45,14919.55,14674.95,14891.65,0
1405417500000,14889.85,14911.05,14867.7,14871.5,0
1405482300000,15040.4,15105.2,15006.45,15059.3,0
1405489500000,15058.8,15112.95,15021.7,15096.75,0
1405496700000,15096.45,15276.45,15096.45,15244.6,0
1405503900000,15244.7,15299.8,15239.45,15291.35,0
1405568700000,15239.6,15263.35,15158.85,15185.2,0
1405575900000,15180.75,15253.05,15156.0,15242.55,0
1405583100000,15238.35,15301.95,15199.65,15275.2,0
1405590300000,15276.0,15279.3,15250.15,15272.65,0
1405655100000,15165.1,15237.25,15089.3,15212.6,0
1405662300000,15214.45,15372.7,15184.0,15320.1,0
1405669500000,15324.15,15463.15,15296.25,15388.75,0
1405676700000,15387.8,15406.9,15361.7,15376.3,0
1405914300000,15501.7,15554.9,15437.8,15486.35,0
1405921500000,15490.9,15519.6,15434.1,15489.2,0
1405928700000,15490.4,15504.9,15389.1,15389.1,0
1405935900000,15386.9,15388.2,15355.35,15364.9,0
1406000700000,15436.05,15473.35,15361.85,15443.3,0
1406007900000,15444.35,15461.3,15399.65,15448.8,0
1406015100000,15449.35,15449.35,15306.35,15421.95,0
1406022300000,15421.0,15447.1,15412.7,15447.1,0
1406087100000,15513.8,15626.9,15476.05,15512.45,0
1406094300000,15513.8,15537.1,15468.75,15506.6,0
1406101500000,15507.7,15515.0,15398.7,15450.4,0
1406108700000,15454.5,15492.6,15444.3,15470.0,0
1406173500000,15455.75,15517.0,15410.2,15483.15,0
1406180700000,15487.7,15539.5,15419.25,15474.25,0
1406187900000,15476.8,15559.1,15458.7,15529.35,0
1406195100000,15529.45,15543.6,15515.8,15523.55,0
1406259900000,15506.7,15571.9,15438.55,15444.15,0
1406267100000,15448.05,15479.2,15305.65,15317.15,0
1406274300000,15318.3,15375.95,15272.45,15331.95,0
1406281500000,15333.9,15337.6,15312.25,15321.4,0
1406519100000,15375.4,15403.9,15289.0,15313.05,0
1406526300000,15313.95,15328.85,15216.85,15228.0,0
1406533500000,15227.5,15261.2,15162.05,15222.25,0
1406540700000,15223.2,15232.4,15201.95,15228.7,0
1406691900000,15256.25,15291.1,15184.65,15281.85,0
1406699100000,15278.15,15285.65,15216.3,15224.3,0
1406706300000,15232.35,15470.6,15211.2,15451.2,0
1406713500000,15450.95,15464.7,15445.5,15450.7,0
1406778300000,15439.2,15499.5,15385.85,15473.3,0
1406785500000,15477.9,15494.75,15414.2,15460.7,0
1406792700000,15459.95,15465.5,15252.75,15276.2,0
1406799900000,15272.1,15275.05,15233.0,15249.5,0
1406864700000,15122.5,15232.1,15113.2,15203.7,0
1406871900000,15204.35,15417.25,15168.1,15340.3,0
1406879100000,15341.7,15358.85,15096.1,15115.25,0
1406886300000,15118.25,15159.5,15115.65,15138.4,0
1407123900000,15256.3,15326.15,15235.0,15251.15,0
1407131100000,15251.55,15252.95,15156.85,15171.1,0
1407138300000,15159.3,15240.45,15128.1,15232.5,0
1407145500000,15236.25,15263.7,15235.4,15247.2,0
1407210300000,15291.15,15300.55,15145.5,15182.3,0
1407217500000,15185.6,15343.5,15105.9,15178.05,0
1407224700000,15177.1,15326.45,15157.1,15293.5,0
1407231900000,15293.6,15306.2,15282.35,15298.6,0
1407296700000,15221.65,15239.35,15115.35,15120.9,0
1407303900000,15119.55,15167.5,15085.75,15134.9,0
1407311100000,15134.2,15144.35,15008.3,15010.8,0
1407318300000,15009.2,15015.4,14983.5,15015.4,0
1407383100000,15016.85,15104.9,14963.85,14977.25,0
1407390300000,14975.1,15052.8,14959.2,14979.8,0
1407397500000,14982.8,15135.1,14956.85,14979.5,0
1407404700000,14979.85,15010.05,14976.0,14998.2,0
1407469500000,14839.55,14858.95,14726.55,14777.8,0
1407476700000,14778.0,14798.3,14709.1,14746.3,0
1407483900000,14747.4,14797.05,14716.15,14780.85,0
1407491100000,14783.75,14783.75,14742.0,14761.5,0
1407728700000,14861.85,14894.7,14822.65,14862.25,0
1407735900000,14863.75,14884.35,14833.5,14875.65,0
1407743100000,14879.05,14896.9,14807.0,14862.15,0
1407750300000,14858.7,14867.95,14831.1,14833.35,0
1407815100000,14947.2,14947.2,14864.15,14897.9,0
1407822300000,14900.1,14912.4,14850.15,14891.4,0
1407829500000,14892.75,15055.75,14886.95,15042.35,0
1407836700000,15042.75,15078.1,15040.5,15072.85,0
1407901500000,15017.95,15078.35,14930.8,14942.45,0
1407908700000,14940.85,14985.95,14844.75,14854.2,0
1407915900000,14855.45,14943.35,14843.8,14912.15,0
1407923100000,14911.35,14917.1,14883.0,14891.0,0
1407987900000,14962.35,15076.05,14940.3,15049.55,0
1407995100000,15049.4,15097.35,15019.85,15065.05,0
1408002300000,15066.65,15144.75,15066.35,15093.8,0
1408009500000,15093.95,15094.6,15065.2,15077.4,0
1408333500000,15107.05,15276.8,15068.35,15271.9,0
1408340700000,15271.7,15343.95,15251.95,15342.35,0
1408347900000,15339.6,15445.25,15329.9,15428.3,0
1408355100000,15427.4,15465.05,15421.9,15450.5,0
1408419900000,15507.15,15553.55,15469.85,15533.1,0
1408427100000,15533.3,15614.2,15501.5,15610.1,0
1408434300000,15611.05,15624.35,15510.2,15522.85,0
1408441500000,15520.9,15530.7,15509.9,15517.2,0
1408506300000,15559.45,15562.55,15448.9,15484.25,0
1408513500000,15485.55,15526.2,15474.05,15505.15,0
1408520700000,15504.4,15550.3,15465.15,15491.65,0
1408527900000,15491.6,15492.4,15457.8,15460.0,0
1408592700000,15480.25,15712.95,15462.5,15706.05,0
1408599900000,15707.2,15721.95,15568.6,15633.1,0
1408607100000,15632.3,15699.0,15616.45,15659.7,0
1408614300000,15655.05,15680.45,15648.65,15673.2,0
1408679100000,15696.3,15865.3,15696.3,15852.8,0
1408686300000,15853.4,15860.1,15783.35,15812.6,0
1408693500000,15812.4,15864.3,15781.65,15823.9,0
1408700700000,15824.85,15830.9,15804.4,15830.9,0
1408938300000,15824.25,15973.35,15811.7,15893.15,0
1408945500000,15895.2,15943.0,15889.25,15901.6,0
1408952700000,15906.8,15926.75,15625.45,15659.1,0
1408959900000,15658.15,15701.5,15658.15,15688.6,0
1409024700000,15527.45,15674.55,15527.45,15624.15,0
1409031900000,15622.2,15628.7,15542.4,15562.25,0
1409039100000,15563.9,15629.1,15503.4,15618.25,0
1409046300000,15619.9,15650.45,15619.9,15650.45,0
1409111100000,15738.75,15758.85,15669.05,15700.5,0
1409118300000,15699.65,15740.35,15690.4,15708.9,0
1409125500000,15710.3,15750.3,15670.45,15717.65,0
1409132700000,15715.0,15740.5,15713.8,15736.7,0
1409197500000,15760.35,15794.6,15740.5,15758.15,0
1409204700000,15757.15,15761.4,15702.4,15708.85,0
1409211900000,15710.55,15754.7,15688.15,15753.5,0
1409219100000,15752.7,15764.2,15704.55,15714.3,0
1409543100000,15804.65,15950.2,15804.65,15933.4,0
1409550300000,15933.35,15990.05,15923.5,15932.75,0
1409557500000,15926.3,16003.7,15925.4,15999.35,0
1409564700000,15997.75,16060.2,15997.75,16060.2,0
1409629500000,16047.3,16137.1,16047.3,16104.3,0
1409636700000,16104.4,16124.15,16073.8,16113.95,0
1409643900000,16112.5,16170.85,16093.25,16134.2,0
1409651100000,16128.9,16135.75,16118.6,16125.4,0
1409715900000,16199.65,16201.05,16048.1,16117.65,0
1409723100000,16119.3,16148.45,16068.85,16090.1,0
1409730300000,16088.8,16176.0,16054.35,16124.05,0
1409737500000,16123.3,16125.95,16100.8,16113.8,0
1409802300000,16114.75,16114.75,15964.35,15967.7,0
1409809500000,15971.0,15993.95,15926.65,15978.1,0
1409816700000,15978.75,16044.4,15939.95,16028.55,0
1409823900000,16027.85,16042.3,16022.05,16034.2,0
1409888700000,16058.15,16111.0,15990.0,15997.65,0
1409895900000,15998.5,16011.05,15914.7,15938.45,0
1409903100000,15939.9,16016.25,15891.75,15973.05,0
1409910300000,15971.7,16012.5,15971.7,15980.05,0
1410147900000,16084.8,16122.65,16049.25,16072.65,0
1410155100000,16072.15,16105.8,16059.5,16087.3,0
1410162300000,16087.25,16214.85,16082.8,16204.75,0
1410169500000,16205.25,16222.55,16190.1,16190.1,0
1410234300000,16162.9,16199.1,16117.8,16144.9,0
1410241500000,16145.3,16173.15,16085.7,16118.3,0
1410248700000,16118.15,16171.45,16106.25,16153.6,0
1410255900000,16151.4,16160.6,16141.6,16154.2,0
1410320700000,16128.5,16128.5,16053.9,16096.0,0
1410327900000,16095.45,16122.35,16090.25,16093.2,0
1410335100000,16093.25,16165.55,16063.5,16133.7,0
1410342300000,16132.75,16190.5,16128.9,16180.6,0
1410407100000,16197.35,16309.7,16170.3,16188.95,0
1410414300000,16190.9,16225.6,16166.85,16191.45,0
1410421500000,16193.65,16250.0,16177.2,16205.95,0
1410428700000,16202.15,16210.15,16194.2,16195.8,0
1410493500000,16215.05,16235.35,16147.15,16148.6,0
1410500700000,16150.8,16209.5,16145.7,16175.7,0
1410507900000,16174.0,16263.0,16162.75,16245.55,0
1410515100000,16245.75,16278.65,16239.45,16276.85,0
1410752700000,16158.2,16183.55,16106.05,16130.2,0
1410759900000,16129.05,16239.7,16127.35,16207.65,0
1410767100000,16206.95,16219.85,16157.0,16168.85,0
1410774300000,16167.05,16172.5,16143.25,16143.25,0
1410839100000,16163.25,16169.6,16085.45,16101.45,0
1410846300000,16102.45,16115.0,15944.75,15984.4,0
1410853500000,15985.2,15997.6,15831.2,15849.7,0
1410860700000,15850.25,15854.4,15814.65,15819.05,0
1410925500000,15926.0,15937.3,15808.55,15856.3,0
1410932700000,15857.05,15890.0,15799.7,15864.15,0
1410939900000,15861.85,15888.3,15811.0,15844.45,0
1410947100000,15842.65,15845.65,15817.25,15822.05,0
1411011900000,15785.95,16056.0,15770.8,16045.05,0
1411019100000,16046.7,16125.2,16018.55,16125.2,0
1411026300000,16127.95,16173.8,16110.0,16158.65,0
1411033500000,16160.85,16168.5,16134.35,16136.55,0
1411098300000,16186.25,16187.45,16077.5,16135.75,0
1411105500000,16135.0,16136.75,16064.6,16082.75,0
1411112700000,16085.4,16173.55,16082.2,16153.85,0
1411119900000,16149.0,16158.6,16132.25,16132.35,0
1411357500000,16032.45,16124.25,16021.15,16080.0,0
1411364700000,16082.2,16165.1,16070.7,16141.9,0
1411371900000,16143.5,16272.35,16141.2,16181.9,0
1411379100000,16180.3,16201.7,16152.2,16161.15,0
1411443900000,16191.35,16240.55,16088.15,16110.35,0
1411451100000,16112.15,16130.75,16051.3,16057.05,0
1411458300000,16057.6,16061.65,15896.65,15913.95,0
1411465500000,15909.0,15914.0,15894.55,15907.15,0
1411530300000,15885.3,15954.45,15810.95,15865.8,0
1411537500000,15862.95,15862.95,15783.75,15815.25,0
1411544700000,15813.6,15817.9,15625.85,15746.95,0
1411551900000,15745.8,15761.0,15711.7,15721.25,0
1411616700000,15710.55,15734.1,15459.9,15471.55,0
1411623900000,15470.1,15554.55,15460.65,15480.9,0
1411631100000,15482.1,15489.1,15213.35,15292.95,0
1411638300000,15294.8,15389.9,15290.55,15370.9,0
1411703100000,15248.8,15459.95,15203.85,15334.9,0
1411710300000,15325.4,15364.1,15168.4,15311.2,0
1411717500000,15308.1,15666.4,15296.45,15591.6,0
1411724700000,15597.05,15627.6,15581.4,15622.2,0
1411962300000,15622.8,15622.8,15471.55,15502.8,0
1411969500000,15503.45,15583.5,15481.55,15525.7,0
1411976700000,15526.0,15570.85,15420.8,15479.15,0
1411983900000,15482.05,15498.3,15461.7,15481.65,0
1412048700000,15417.9,15560.2,15392.65,15423.85,0
1412055900000,15424.9,15596.1,15424.9,15536.05,0
1412063100000,15535.65,15588.4,15336.7,15391.75,0
1412070300000,15392.0,15406.0,15359.35,15369.0,0
1412135100000,15377.6,15377.6,15270.95,15338.25,0
1412142300000,15339.3,15342.8,15274.5,15331.4,0
1412149500000,15329.65,15362.45,15293.15,15315.5,0
1412156700000,15317.8,15331.05,15280.7,15291.3,0
1412653500000,15216.6,15344.6,15189.75,15216.8,0
1412660700000,15215.9,15305.95,15213.45,15259.25,0
1412667900000,15256.65,15277.6,15164.7,15194.55,0
1412675100000,15195.85,15195.85,15157.7,15157.7,0
1412739900000,15131.25,15344.6,15131.25,15331.45,0
1412747100000,15332.75,15351.0,15254.0,15299.3,0
1412754300000,15299.25,15357.75,15213.35,15338.7,0
1412761500000,15340.3,15371.8,15338.05,15355.8,0
1412826300000,15470.95,15603.4,15470.95,15585.85,0
1412833500000,15584.0,15671.3,15542.3,15671.3,0
1412840700000,15670.45,15795.65,15667.65,15743.1,0
1412847900000,15736.4,15750.75,15715.2,15716.15,0
1412912700000,15592.7,15593.15,15481.25,15524.35,0
1412919900000,15525.5,15597.35,15460.2,15583.95,0
1412927100000,15582.5,15628.75,15439.35,15449.8,0
1412934300000,15446.3,15466.75,15441.4,15463.95,0
1413171900000,15360.4,15410.2,15301.65,15384.3,0
1413179100000,15381.35,15496.65,15362.9,15479.2,0
1413186300000,15480.2,15705.7,15479.65,15677.55,0
1413193500000,15675.8,15687.0,15656.35,15656.35,0
1413258300000,15786.4,15820.45,15560.25,15621.4,0
1413265500000,15620.05,15807.85,15611.15,15746.5,0
1413272700000,15745.15,15843.7,15739.8,15754.1,0
1413279900000,15752.0,15760.4,15712.4,15755.65,0
1413431100000,15687.1,15836.15,15661.0,15787.6,0
1413438300000,15787.4,15825.5,15752.0,15780.95,0
1413445500000,15774.9,15776.8,15523.4,15524.65,0
1413452700000,15526.1,15549.15,15477.05,15507.95,0
1413517500000,15619.2,15720.4,15603.45,15673.2,0
1413524700000,15672.35,15867.9,15669.8,15867.9,0
1413531900000,15865.05,15973.5,15850.0,15925.45,0
1413539100000,15929.5,15958.25,15919.35,15956.55,0
1413776700000,16250.2,16297.25,16199.7,16274.6,0
1413783900000,16276.0,16287.3,16176.35,16199.0,0
1413791100000,16197.5,16234.0,16157.05,16216.75,0
1413798300000,16214.55,16232.65,16200.1,16227.25,0
1413863100000,16290.75,16452.85,16269.0,16429.45,0
1413870300000,16430.8,16437.15,16283.95,16381.05,0
1413877500000,16382.05,16434.4,16365.35,16416.15,0
1413884700000,16419.75,16442.9,16417.45,16441.2,0
1413949500000,16572.5,16572.5,16439.4,16462.2,0
1413956700000,16466.55,16484.75,16365.6,16383.0,0
1413963900000,16380.9,16472.15,16374.35,16441.35,0
1413971100000,16442.75,16457.7,16435.35,16447.6,0
1414381500000,16524.45,16664.3,16470.85,16621.9,0
1414388700000,16620.9,16627.4,16569.5,16610.1,0
1414395900000,16614.2,16638.3,16538.65,16550.9,0
1414403100000,16550.35,16566.7,16542.65,16552.8,0
1414467900000,16611.6,16702.3,16611.6,16633.4,0
1414475100000,16631.15,16652.2,16613.8,16634.8,0
1414482300000,16635.8,16686.75,16632.45,16681.45,0
1414489500000,16676.85,16679.0,16658.7,16670.55,0
1414554300000,16766.1,16766.1,16608.4,16682.25,0
1414561500000,16681.95,16683.15,16609.0,16647.25,0
1414568700000,16650.35,16654.5,16596.25,16643.35,0
1414575900000,16639.75,16648.1,16625.45,16645.2,0
1414640700000,16612.45,16643.55,16561.35,16641.1,0
1414647900000,16638.75,16729.6,16618.8,16647.15,0
1414655100000,16649.45,16776.35,16616.9,16748.6,0
1414662300000,16745.7,16767.4,16738.5,16744.6,0
1414727100000,16810.65,16965.3,16783.65,16954.3,0
1414734300000,16951.7,16995.85,16936.3,16963.95,0
1414741500000,16964.15,17060.15,16925.9,17048.15,0
1414748700000,17044.65,17055.3,17018.55,17040.05,0
1414986300000,17074.8,17120.65,16934.85,17052.5,0
1414993500000,17053.25,17143.35,17052.95,17111.2,0
1415000700000,17110.25,17168.4,17094.1,17137.85,0
1415007900000,17139.2,17146.65,17109.0,17124.8,0
1415159100000,17201.45,17372.3,17157.8,17363.45,0
1415166300000,17359.55,17373.35,17298.75,17306.95,0
1415173500000,17306.45,17425.2,17306.3,17345.75,0
1415180700000,17350.15,17377.0,17344.15,17371.6,0
1415331900000,17355.25,17383.6,17202.2,17337.0,0
1415339100000,17335.75,17350.05,17251.4,17300.65,0
1415346300000,17302.35,17344.2,17293.15,17331.15,0
1415353500000,17331.75,17374.55,17321.45,17372.15,0
1415591100000,17368.95,17412.0,17258.0,17291.8,0
1415598300000,17290.1,17308.65,17203.0,17232.95,0
1415605500000,17232.6,17317.55,17203.95,17264.1,0
1415612700000,17263.8,17283.8,17251.8,17278.95,0
1415677500000,17274.85,17398.9,17256.0,17314.7,0
1415684700000,17317.2,17332.95,17220.45,17290.45,0
1415691900000,17288.2,17382.7,17252.15,17376.85,0
1415699100000,17376.4,17434.15,17374.0,17429.5,0
1415763900000,17468.6,17586.35,17453.45,17584.55,0
1415771100000,17583.7,17635.9,17567.65,17613.2,0
1415778300000,17614.95,17618.8,17537.75,17582.25,0
1415785500000,17586.35,17601.7,17569.0,17581.4,0
1415850300000,17635.35,17651.0,17434.75,17512.55,0
1415857500000,17510.8,17522.35,17445.6,17477.1,0
1415864700000,17478.45,17517.3,17389.65,17460.55,0
1415871900000,17460.9,17461.1,17425.65,17431.1,0
1415936700000,17466.65,17565.2,17410.5,17544.4,0
1415943900000,17545.0,17557.25,17467.9,17519.8,0
1415951100000,17518.6,17601.15,17478.5,17598.75,0
1415958300000,17599.65,17600.45,17564.1,17575.55,0
1416195900000,17579.25,17579.25,17469.25,17495.85,0
1416203100000,17495.6,17544.15,17476.4,17503.4,0
1416210300000,17502.4,17676.6,17482.75,17648.8,0
1416217500000,17649.0,17658.5,17608.55,17610.1,0
1416282300000,17646.15,17745.6,17601.15,17687.85,0
1416289500000,17685.9,17743.9,17678.35,17734.3,0
1416296700000,17734.65,17750.25,17639.2,17691.9,0
1416303900000,17690.9,17711.65,17686.85,17697.9,0
1416368700000,17745.7,17745.7,17590.25,17666.55,0
1416375900000,17667.8,17685.25,17642.4,17662.05,0
1416383100000,17660.6,17680.8,17557.1,17595.4,0
1416390300000,17593.05,17599.35,17575.0,17586.85,0
1416455100000,17629.1,17662.2,17558.1,17633.1,0
1416462300000,17631.25,17648.25,17560.5,17582.15,0
1416469500000,17579.7,17639.8,17546.7,17639.8,0
1416476700000,17638.0,17681.8,17638.0,17651.5,0
1416541500000,17771.85,18035.85,17716.65,18028.9,0
1416548700000,18039.5,18139.95,18036.5,18079.45,0
1416555900000,18075.55,18114.05,18038.65,18050.8,0
1416563100000,18051.95,18074.3,18046.5,18068.5,0
1416800700000,18155.5,18239.6,18119.65,18207.95,0
1416807900000,18204.7,18233.95,18179.6,18227.5,0
1416815100000,18225.65,18313.1,18195.85,18272.75,0
1416822300000,18272.1,18291.9,18265.75,18287.05,0
1416887100000,18252.85,18252.85,18036.45,18102.65,0
1416894300000,18101.4,18106.3,17998.7,18018.65,0
1416901500000,18020.4,18066.85,17992.5,18031.05,0
1416908700000,18031.3,18047.1,18022.8,18040.65,0
1416973500000,17912.35,18019.2,17890.85,17923.55,0
1416980700000,17925.45,18007.75,17900.45,17975.65,0
1416987900000,17978.75,18128.15,17950.65,17985.85,0
1416995100000,17988.05,17989.3,17952.1,17965.55,0
1417059900000,17981.7,18024.65,17928.6,17954.15,0
1417067100000,17952.85,17969.4,17898.4,17933.55,0
1417074300000,17933.35,18041.85,17916.7,18023.35,0
1417081500000,18025.85,18054.65,17995.3,18039.25,0
1417146300000,18112.85,18548.7,18112.85,18542.0,0
1417153500000,18540.4,18615.4,18523.25,18548.5,0
1417160700000,18548.25,18572.3,18499.05,18523.0,0
1417167900000,18525.65,18527.75,18506.8,18527.4,0
1417405500000,18604.7,18676.1,18529.6,18630.65,0
1417412700000,18631.45,18637.0,18540.6,18576.0,0
1417419900000,18579.85,18620.7,18497.0,18515.25,0
1417427100000,18513.75,18540.1,18513.75,18521.55,0
1417491900000,18455.35,18523.5,18301.0,18463.9,0
1417499100000,18466.15,18594.2,18410.85,18486.45,0
1417506300000,18489.9,18601.85,18445.25,18555.5,0
1417513500000,18553.65,18563.55,18538.65,18546.85,0
1417578300000,18562.4,18694.55,18518.0,18671.45,0
1417585500000,18669.8,18723.65,18638.2,18708.75,0
1417592700000,18710.15,18717.35,18591.95,18653.7,0
1417599900000,18654.95,18656.3,18628.65,18639.75,0
1417664700000,18777.6,18791.65,18579.25,18579.65,0
1417671900000,18582.7,18663.0,18575.35,18648.65,0
1417679100000,18649.2,18793.15,18603.65,18774.75,0
1417686300000,18773.65,18787.0,18754.0,18773.6,0
1417751100000,18814.3,18875.45,18742.3,18825.5,0
1417758300000,18826.45,18856.7,18779.85,18785.55,0
1417765500000,18782.5,18853.85,18759.8,18771.95,0
1417772700000,18767.5,18770.25,18706.25,18707.65,0
1418010300000,18784.65,18790.0,18686.8,18744.1,0
1418017500000,18744.85,18754.8,18490.8,18542.1,0
1418024700000,18539.1,18579.2,18491.3,18535.05,0
1418031900000,18531.2,18535.2,18486.55,18513.3,0
1418096700000,18495.45,18585.35,18444.95,18510.85,0
1418103900000,18511.3,18511.3,18349.1,18385.05,0
1418111100000,18379.15,18400.55,18248.1,18271.8,0
1418118300000,18273.5,18321.35,18265.45,18308.0,0
1418183100000,18210.15,18404.45,18210.15,18353.3,0
1418190300000,18349.45,18532.9,18341.35,18439.85,0
1418197500000,18423.55,18532.5,18406.4,18463.15,0
1418204700000,18465.05,18485.85,18460.0,18484.8,0
1418269500000,18441.75,18477.5,18229.85,18268.8,0
1418276700000,18266.8,18362.95,18218.4,18349.4,0
1418283900000,18348.95,18529.65,18315.35,18420.5,0
1418291100000,18414.4,18414.4,18355.95,18399.4,0
1418355900000,18419.9,18501.75,18381.85,18423.15,0
1418363100000,18422.0,18434.5,18341.35,18404.1,0
1418370300000,18404.35,18439.45,18236.55,18301.75,0
1418377500000,18298.15,18332.3,18287.05,18301.15,0
1418615100000,18237.5,18470.05,18157.25,18397.25,0
1418622300000,18393.45,18458.05,18312.85,18336.9,0
1418629500000,18337.45,18426.9,18303.25,18373.45,0
1418636700000,18373.75,18410.65,18360.45,18410.65,0
1418701500000,18254.65,18308.95,17880.35,17891.45,0
1418708700000,17891.5,17984.95,17852.3,17920.7,0
1418715900000,17915.15,18017.7,17813.85,17857.4,0
1418723100000,17852.05,17852.05,17776.35,17837.95,0
1418787900000,17748.55,17887.25,17502.45,17800.05,0
1418795100000,17796.7,17955.9,17760.75,17910.25,0
1418802300000,17905.3,18051.85,17850.45,17864.55,0
1418809500000,17868.05,17891.6,17832.75,17870.1,0
1418874300000,18265.9,18298.9,18111.8,18114.35,0
1418881500000,18118.05,18267.4,18109.35,18264.4,0
1418888700000,18263.35,18333.1,18216.3,18327.05,0
1418895900000,18325.35,18356.3,18318.95,18353.65,0
1418960700000,18563.6,18563.6,18453.7,18475.75,0
1418967900000,18471.8,18526.05,18413.75,18495.55,0
1418975100000,18500.85,18557.45,18442.5,18469.55,0
1418982300000,18465.05,18497.35,18456.2,18482.75,0
1419219900000,18561.65,18561.65,18429.8,18463.4,0
1419227100000,18461.95,18476.45,18424.0,18465.8,0
1419234300000,18464.85,18751.55,18443.35,18749.9,0
1419241500000,18748.2,18801.15,18746.3,18799.5,0
1419306300000,18737.35,18923.6,18737.0,18877.55,0
1419313500000,18874.5,18881.5,18609.1,18623.3,0
1419320700000,18624.85,18704.45,18558.5,18613.0,0
1419327900000,18612.2,18617.7,18584.55,18595.25,0
1419392700000,18612.5,18674.4,18565.75,18596.2,0
1419399900000,18595.65,18647.5,18524.75,18609.3,0
1419407100000,18608.2,18709.15,18497.45,18498.85,0
1419414300000,18502.6,18582.7,18493.3,18582.7,0
1419565500000,18598.6,18681.75,18543.8,18590.5,0
1419572700000,18597.25,18616.35,18531.05,18543.1,0
1419579900000,18544.15,18581.4,18448.6,18569.55,0
1419587100000,18568.75,18576.05,18546.65,18550.15,0
1419824700000,18616.55,18700.7,18600.9,18626.75,0
1419831900000,18627.65,18636.9,18555.0,18581.35,0
1419839100000,18581.5,18597.2,18513.25,18523.75,0
1419846300000,18522.35,18529.75,18501.05,18514.8,0
1419911100000,18574.6,18574.6,18428.1,18473.8,0
1419918300000,18475.6,18612.2,18440.65,18592.5,0
1419925500000,18591.95,18641.5,18555.0,18638.7,0
1419932700000,18639.65,18671.95,18623.45,18661.25,0
1419997500000,18679.1,18763.6,18665.3,18729.0,0
1420004700000,18730.3,18737.6,18692.8,18713.2,0
1420011900000,18712.65,18774.2,18686.3,18740.45,0
1420019100000,18735.8,18744.4,18711.8,18718.45,0
1420083900000,18706.95,18723.15,18638.85,18700.2,0
1420091100000,18702.5,18735.1,18692.1,18699.4,0
1420098300000,18700.25,18781.55,18690.5,18745.9,0
1420105500000,18745.4,18764.4,18744.0,18759.75,0
1420170300000,18774.1,19055.9,18774.1,19037.9,0
1420177500000,19036.5,19093.55,19012.6,19077.75,0
1420184700000,19073.5,19118.85,19011.6,19045.0,0
1420191900000,19044.6,19097.05,19039.0,19097.05,0
1420429500000,19166.0,19166.0,19007.65,19106.55,0
1420436700000,19106.3,19121.95,19007.95,19029.85,0
1420443900000,19031.6,19073.7,18987.7,19019.2,0
1420451100000,19017.15,19028.05,19009.0,19019.9,0
1420515900000,18871.25,18871.25,18614.7,18639.9,0
1420523100000,18640.7,18668.9,18578.3,18659.05,0
1420530300000,18671.2,18714.05,18392.6,18422.6,0
1420537500000,18419.7,18456.6,18388.35,18396.45,0
1420602300000,18391.4,18482.05,18294.05,18338.5,0
1420609500000,18333.3,18388.7,18211.5,18330.5,0
1420616700000,18326.05,18394.9,18255.65,18284.9,0
1420623900000,18283.5,18369.35,18264.45,18369.35,0
1420688700000,18608.35,18615.3,18486.2,18563.5,0
1420695900000,18564.05,18608.6,18530.55,18572.85,0
1420703100000,18575.15,18752.3,18568.05,18704.7,0
1420710300000,18703.55,18709.45,18684.45,18694.2,0
1420775100000,18839.55,18864.0,18745.6,18779.35,0
1420782300000,18779.75,18783.7,18517.25,18565.95,0
1420789500000,18569.4,18678.35,18479.65,18663.05,0
1420796700000,18661.95,18661.95,18582.9,18598.05,0
1421034300000,18605.3,18787.7,18530.1,18725.8,0
1421041500000,18723.1,18747.6,18629.3,18685.05,0
1421048700000,18687.5,18817.3,18670.3,18782.2,0
1421055900000,18784.3,18822.05,18778.5,18808.75,0
1421120700000,18887.5,18920.65,18815.8,18862.9,0
1421127900000,18860.4,18867.9,18801.75,18856.55,0
1421135100000,18856.5,18917.05,18642.8,18715.1,0
1421142300000,18718.65,18728.7,18701.55,18724.75,0
1421207100000,18689.6,18769.65,18621.75,18669.0,0
1421214300000,18670.6,18681.3,18517.9,18546.45,0
1421221500000,18553.75,18677.5,18526.25,18588.0,0
1421228700000,18588.4,18638.25,18579.85,18636.85,0
1421293500000,19333.4,19410.4,19061.35,19188.55,0
1421300700000,19188.3,19258.6,19164.7,19234.2,0
1421307900000,19239.55,19318.8,19221.4,19299.25,0
1421315100000,19302.3,19302.6,19132.05,19134.65,0
1421379900000,19271.5,19271.5,19108.35,19228.15,0
1421387100000,19223.15,19270.05,19182.95,19232.5,0
1421394300000,19234.7,19275.8,19198.2,19220.65,0
1421401500000,19220.7,19232.8,19207.65,19208.65,0
1421639100000,19368.45,19434.2,19299.1,19426.4,0
1421646300000,19430.4,19430.4,19332.7,19395.9,0
1421653500000,19386.5,19429.8,19370.4,19410.7,0
1421660700000,19407.15,19413.1,19397.1,19401.45,0
1421725500000,19502.9,19577.85,19460.9,19549.35,0
1421732700000,19539.5,19614.3,19520.4,19584.5,0
1421739900000,19585.25,19808.25,19551.7,19743.0,0
1421747100000,19747.8,19784.55,19738.45,19761.1,0
1421811900000,19839.5,19964.95,19803.15,19874.7,0
1421819100000,19876.4,19902.1,19827.9,19872.2,0
1421826300000,19870.55,19885.95,19810.4,19854.1,0
1421833500000,19852.9,19852.9,19817.75,19819.9,0
1421898300000,19887.1,19937.0,19788.7,19890.55,0
1421905500000,19886.25,19939.9,19848.8,19866.6,0
1421912700000,19865.55,19915.25,19811.6,19901.1,0
1421919900000,19901.15,19964.25,19896.05,19931.65,0
1421984700000,20151.75,20167.65,19967.35,20053.9,0
1421991900000,20054.25,20118.0,20016.25,20110.65,0
1421999100000,20110.7,20126.05,20048.75,20077.25,0
1422006300000,20076.1,20076.1,20033.15,20051.8,0
1422330300000,20195.5,20239.3,20098.25,20227.75,0
1422337500000,20228.6,20260.35,20174.7,20242.35,0
1422344700000,20241.7,20609.25,20215.8,20588.05,0
1422351900000,20587.9,20591.05,20531.4,20544.25,0
1422416700000,20502.05,20617.95,20477.25,20614.9,0
1422423900000,20615.85,20907.55,20603.1,20659.15,0
1422431100000,20660.5,20661.45,20435.0,20507.6,0
1422438300000,20509.55,20509.55,20449.8,20468.1,0
1422503100000,20449.35,20472.35,20338.95,20412.35,0
1422510300000,20413.95,20474.8,20365.55,20380.5,0
1422517500000,20380.15,20579.0,20360.85,20531.75,0
1422524700000,20531.9,20533.7,20497.0,20512.8,0
1422589500000,20584.7,20584.7,20232.6,20261.2,0
1422596700000,20244.75,20252.95,19982.6,20078.7,0
1422603900000,20076.05,20095.45,19732.45,19845.25,0
1422611100000,19840.6,19854.8,19805.4,19835.65,0
1422848700000,19745.05,19745.05,19594.65,19660.45,0
1422855900000,19657.1,19689.4,19564.5,19611.8,0
1422863100000,19607.9,19991.4,19601.6,19855.65,0
1422870300000,19853.95,19913.8,19838.3,19902.9,0
1422935100000,19954.7,19963.7,19642.15,19918.05,0
1422942300000,19915.55,19915.55,19384.25,19394.3,0
1422949500000,19395.55,19539.0,19375.0,19414.25,0
1422956700000,19405.1,19407.6,19303.5,19329.95,0
1423021500000,19365.95,19378.3,19113.35,19234.15,0
1423028700000,19240.95,19356.35,19178.1,19328.4,0
1423035900000,19329.5,19346.85,19182.75,19185.55,0
1423043100000,19185.8,19185.8,19117.5,19157.05,0
1423107900000,19160.35,19307.65,19102.95,19211.45,0
1423115100000,19210.4,19272.45,19186.0,19272.45,0
1423122300000,19266.55,19444.65,18990.35,19049.25,0
1423129500000,19046.35,19056.65,18977.9,19047.85,0
1423194300000,19065.85,19119.7,18740.35,18841.2,0
1423201500000,18834.7,19027.6,18811.25,18920.5,0
1423208700000,18921.1,18976.5,18751.45,18774.6,0
1423215900000,18767.85,18806.7,18744.1,18788.3,0
1423453500000,18574.15,18650.6,18499.3,18520.85,0
1423460700000,18521.1,18650.2,18521.1,18627.55,0
1423467900000,18630.45,18667.05,18394.55,18407.1,0
1423475100000,18409.6,18426.65,18379.6,18409.9,0
1423539900000,18254.4,18830.8,18226.9,18811.35,0
1423547100000,18811.9,18933.7,18662.45,18714.1,0
1423554300000,18711.1,18783.45,18409.9,18693.7,0
1423561500000,18695.4,18819.85,18689.9,18803.7,0
1423626300000,18919.7,19041.15,18896.05,18974.2,0
1423633500000,18971.95,19015.6,18913.6,18987.35,0
1423640700000,18985.9,19051.8,18909.7,18940.2,0
1423647900000,18941.0,18958.15,18913.85,18929.05,0
1423712700000,19070.4,19070.4,18795.6,18847.1,0
1423719900000,18844.1,18847.75,18739.85,18780.8,0
1423727100000,18781.7,19176.8,18757.35,19168.35,0
1423734300000,19172.95,19174.2,19130.05,19164.55,0
1423799100000,19284.1,19296.75,19164.25,19212.65,0
1423806300000,19208.9,19378.7,19196.3,19325.65,0
1423813500000,19324.85,19441.0,19310.45,19365.1,0
1423820700000,19364.3,19368.05,19323.8,19353.2,0
1424058300000,19502.65,19532.7,19389.65,19389.65,0
1424065500000,19388.85,19406.55,19250.4,19288.45,0
1424072700000,19291.85,19382.1,19175.8,19176.75,0
1424079900000,19173.15,19173.15,19127.15,19156.75,0
1424231100000,19202.0,19311.7,19171.9,19262.05,0
1424238300000,19259.95,19289.1,19186.15,19256.9,0
1424245500000,19257.2,19389.8,19213.5,19292.85,0
1424252700000,19291.2,19311.55,19260.9,19303.9,0
1424317500000,19325.55,19377.45,19014.75,19074.3,0
1424324700000,19065.75,19106.05,18994.4,19017.85,0
1424331900000,19018.45,19214.4,18876.25,19214.4,0
1424339100000,19213.55,19259.5,19188.1,19217.85,0
1424403900000,19149.6,19149.6,18882.25,19101.9,0
1424411100000,19106.9,19276.8,19099.1,19212.0,0
1424418300000,19216.25,19307.8,19080.9,19084.8,0
1424425500000,19081.55,19094.1,19019.4,19050.3,0
1424663100000,19176.45,19219.75,19096.2,19124.3,0
1424670300000,19119.0,19152.1,19063.05,19133.75,0
1424677500000,19135.7,19149.4,18928.25,18929.2,0
1424684700000,18924.6,18933.6,18835.35,18852.35,0
1424749500000,18923.85,18923.85,18737.75,18778.55,0
1424756700000,18780.9,18928.3,18752.6,18883.15,0
1424763900000,18882.6,19022.15,18785.25,18915.3,0
1424771100000,18913.55,18913.55,18858.05,18887.0,0
1424835900000,18977.4,19069.15,18948.25,18990.55,0
1424843100000,18989.95,19014.15,18897.7,18921.95,0
1424850300000,18920.8,18945.6,18716.35,18745.5,0
1424857500000,18744.05,18750.9,18700.2,18729.45,0
1424922300000,18795.1,18795.1,18635.95,18678.35,0
1424929500000,18678.15,18714.15,18614.65,18699.85,0
1424936700000,18694.0,18702.95,18489.6,18532.25,0
1424943900000,18536.25,18570.15,18519.9,18538.35,0
1425008700000,18675.6,18748.7,18654.85,18733.0,0
1425015900000,18729.3,18979.3,18729.3,18979.3,0
1425023100000,18984.7,19092.1,18960.6,19092.1,0
1425030300000,19086.65,19114.45,19057.15,19104.0,0
1425095100000,19289.55,19380.4,19214.35,19332.95,0
1425102300000,19334.1,19388.6,19023.55,19278.25,0
1425109500000,19284.7,19699.35,19093.95,19696.05,0
1425116700000,19687.6,19776.9,19679.15,19772.1,0
1425267900000,19982.8,20057.3,19786.35,19939.8,0
1425275100000,19945.8,19947.5,19750.85,19826.8,0
1425282300000,19828.65,20065.5,19813.55,20021.2,0
1425289500000,20021.8,20032.45,19991.55,20010.55,0
1425354300000,19998.35,20031.1,19869.75,19885.1,0
1425361500000,19880.9,19944.2,19821.55,19927.45,0
1425368700000,19928.85,19996.85,19874.75,19949.85,0
1425375900000,19951.95,19972.25,19937.3,19962.8,0
1425440700000,20520.4,20520.4,20195.05,20227.95,0
1425447900000,20225.25,20250.45,20021.7,20061.05,0
1425455100000,20063.2,20175.95,19618.5,19661.05,0
1425462300000,19655.75,19657.2,19555.1,19608.7,0
1425527100000,19589.7,19715.2,19528.45,19641.65,0
1425534300000,19644.4,19678.75,19398.75,19432.3,0
1425541500000,19433.8,19830.35,19403.3,19810.1,0
1425548700000,19810.4,19816.85,19723.0,19760.25,0
1425872700000,19541.5,19541.5,19280.45,19348.85,0
1425879900000,19351.2,19385.85,19241.6,19248.0,0
1425887100000,19247.35,19286.0,19132.55,19153.2,0
1425894300000,19148.2,19148.2,19112.65,19114.9,0
1425959100000,19135.85,19271.8,19045.5,19194.9,0
1425966300000,19191.75,19254.75,19097.35,19107.15,0
1425973500000,19116.0,19146.0,18915.1,19085.65,0
1425980700000,19084.7,19101.45,19049.75,19096.5,0
1426045500000,19073.85,19181.8,18917.9,18969.4,0
1426052700000,18963.6,19117.9,18919.6,19026.15,0
1426059900000,19021.45,19170.8,18965.0,19033.45,0
1426067100000,19032.95,19074.8,19000.05,19074.8,0
1426131900000,19205.2,19255.9,19137.4,19148.5,0
1426139100000,19148.7,19180.95,19095.3,19150.3,0
1426146300000,19143.3,19197.7,19100.0,19156.35,0
1426153500000,19156.9,19162.95,19128.5,19140.6,0
1426218300000,19376.85,19376.85,18998.0,19036.4,0
1426225500000,19041.75,19048.55,18843.9,18898.6,0
1426232700000,18902.9,18915.85,18737.35,18763.15,0
1426239900000,18764.4,18820.9,18751.7,18818.65,0
1426477500000,18815.2,18860.25,18713.2,18777.6,0
1426484700000,18776.7,18859.35,18688.0,18766.55,0
1426491900000,18762.3,18912.85,18722.2,18817.3,0
1426499100000,18821.5,18886.05,18809.1,18882.2,0
1426563900000,18978.75,19051.45,18898.1,19024.75,0
1426571100000,19025.05,19070.45,18793.25,18825.85,0
1426578300000,18831.45,19088.4,18781.5,19073.6,0
1426585500000,19059.1,19121.85,19052.7,19086.4,0
1426650300000,19085.95,19089.55,18937.25,19070.15,0
1426657500000,19073.85,19234.4,19048.2,19210.5,0
1426664700000,19212.95,19217.8,19071.25,19169.45,0
1426671900000,19169.75,19180.85,19100.15,19111.2,0
1426736700000,19345.35,19373.45,19239.25,19267.95,0
1426743900000,19263.95,19300.7,19148.15,19175.75,0
1426751100000,19179.7,19237.4,18784.95,18813.9,0
1426758300000,18817.6,18825.3,18739.85,18754.5,0
1426823100000,18771.3,18772.9,18596.4,18704.55,0
1426830300000,18707.75,18782.95,18595.95,18657.95,0
1426837500000,18661.4,18745.55,18590.6,18602.1,0
1426844700000,18597.05,18635.7,18541.5,18635.7,0
1427082300000,18675.85,18696.7,18543.45,18606.3,0
1427089500000,18617.35,18675.95,18545.2,18572.25,0
1427096700000,18572.4,18593.9,18455.1,18470.55,0
1427103900000,18469.85,18472.85,18409.9,18442.3,0
1427168700000,18381.25,18526.55,18368.95,18446.8,0
1427175900000,18450.1,18476.4,18391.35,18400.1,0
1427183100000,18400.35,18546.25,18289.75,18340.85,0
1427190300000,18342.6,18342.6,18305.7,18326.6,0
1427255100000,18361.9,18428.1,18310.7,18413.05,0
1427262300000,18416.2,18426.35,18342.35,18381.75,0
1427269500000,18382.45,18433.0,18289.85,18303.2,0
1427276700000,18302.8,18313.7,18271.6,18273.4,0
1427341500000,18143.1,18224.1,18083.95,18114.15,0
1427348700000,18115.05,18141.6,18040.05,18080.55,0
1427355900000,18080.95,18087.5,17729.1,17839.15,0
1427363100000,17838.15,17993.75,17813.45,17980.2,0
1427427900000,18005.25,18011.45,17778.4,17884.9,0
1427435100000,17887.2,17900.85,17719.35,17805.0,0
1427442300000,17803.1,18092.4,17776.5,18055.95,0
1427449500000,18051.95,18072.65,18041.2,18067.0,0
1427687100000,18180.6,18221.55,18103.25,18143.25,0
1427694300000,18141.75,18232.7,18089.45,18208.9,0
1427701500000,18211.95,18376.4,18210.55,18368.9,0
1427708700000,18365.65,18393.25,18339.4,18380.8,0
1427773500000,18402.3,18402.3,18266.7,18364.85,0
1427780700000,18367.8,18455.5,18354.1,18428.75,0
1427787900000,18427.7,18494.35,18158.55,18216.35,0
1427795100000,18219.45,18234.0,18165.3,18165.3,0
1427859900000,18197.2,18291.75,18131.4,18271.6,0
1427867100000,18270.9,18348.05,18221.65,18331.3,0
1427874300000,18338.25,18611.7,18330.4,18592.3,0
1427881500000,18594.1,18668.85,18591.7,18633.75,0
1428291900000,18694.95,18694.95,18471.0,18549.6,0
1428299100000,18548.45,18583.85,18455.2,18577.8,0
1428306300000,18581.85,18690.3,18552.65,18585.85,0
1428313500000,18589.7,18618.05,18583.75,18593.45,0
1428378300000,18669.45,18669.6,18423.4,18440.5,0
1428385500000,18439.25,18592.2,18351.8,18434.55,0
1428392700000,18436.85,18489.1,18369.3,18475.85,0
1428399900000,18479.9,18516.05,18454.05,18504.1,0
1428464700000,18554.85,18595.6,18437.3,18457.3,0
1428471900000,18459.15,18545.8,18381.55,18459.65,0
1428479100000,18456.45,18477.1,18389.5,18412.0,0
1428486300000,18413.55,18430.25,18397.1,18418.55,0
1428551100000,18512.6,18715.25,18401.45,18680.4,0
1428558300000,18682.9,18816.4,18677.4,18805.15,0
1428565500000,18804.75,18887.95,18639.9,18884.15,0
1428572700000,18881.35,18894.75,18865.3,18870.45,0
1428637500000,18852.1,18896.5,18795.75,18849.45,0
1428644700000,18846.5,18894.5,18780.8,18813.6,0
1428651900000,18815.25,18836.6,18724.95,18798.95,0
1428659100000,18798.5,18801.3,18772.45,18773.45,0
1428896700000,18824.5,18824.5,18708.3,18761.9,0
1428903900000,18757.3,18883.75,18754.6,18866.55,0
1428911100000,18868.4,18890.65,18762.55,18796.4,0
1428918300000,18797.05,18800.75,18777.35,18789.6,0
1429069500000,18848.0,19009.9,18828.15,18966.8,0
1429076700000,18970.8,19003.8,18929.55,18983.9,0
1429083900000,18983.7,19038.5,18615.85,18638.9,0
1429091100000,18645.8,18702.05,18621.8,18665.6,0
1429155900000,18724.6,18724.6,18504.7,18535.5,0
1429163100000,18539.4,18626.65,18515.65,18533.15,0
1429170300000,18534.05,18701.85,18524.8,18645.8,0
1429177500000,18652.5,18652.5,18590.75,18600.75,0
1429242300000,18625.75,18625.75,18430.45,18513.4,0
1429249500000,18510.95,18521.4,18436.3,18450.35,0
1429256700000,18448.25,18480.2,18330.5,18330.5,0
1429263900000,18338.9,18365.65,18321.75,18363.5,0
1429501500000,18373.2,18427.5,18296.2,18375.75,0
1429508700000,18369.7,18500.3,18367.2,18383.55,0
1429515900000,18386.3,18434.35,17984.65,18140.0,0
1429523100000,18133.2,18153.85,18096.85,18153.3,0
1429587900000,18093.35,18288.3,18051.1,18226.7,0
1429595100000,18231.85,18328.35,18208.1,18285.65,0
1429602300000,18288.05,18290.85,18036.9,18072.55,0
1429609500000,18081.05,18192.4,18076.05,18191.75,0
1429674300000,18218.2,18273.7,18094.9,18165.55,0
1429681500000,18164.7,18178.95,18039.35,18049.0,0
1429688700000,18047.25,18268.1,17798.65,18268.1,0
1429695900000,18272.3,18297.2,18234.0,18246.8,0
1429760700000,18351.85,18433.8,18183.2,18238.1,0
1429767900000,18243.0,18297.35,18167.75,18167.75,0
1429775100000,18170.2,18388.7,18143.75,18260.75,0
1429782300000,18259.9,18263.8,18208.75,18225.0,0
1429847100000,18286.85,18286.85,17970.75,17987.15,0
1429854300000,17990.5,18112.65,17967.95,18022.95,0
1429861500000,18023.9,18065.45,17916.8,18005.95,0
1429868700000,18008.7,18073.15,17986.7,18013.85,0
1430106300000,18047.8,18075.7,17836.2,17884.2,0
1430113500000,17882.95,17953.1,17850.2,17942.95,0
1430120700000,17945.8,17951.95,17738.9,17777.85,0
1430127900000,17781.4,17794.8,17770.2,17774.7,0
1430192700000,17784.8,18133.15,17777.55,18081.1,0
1430199900000,18079.35,18087.3,17938.9,17978.65,0
1430207100000,17977.5,18320.1,17955.7,18262.0,0
1430214300000,18260.1,18262.5,18168.85,18193.6,0
1430279100000,18243.2,18390.4,18202.4,18312.5,0
1430286300000,18309.5,18403.0,18243.35,18330.2,0
1430293500000,18333.7,18431.9,18247.55,18284.4,0
1430300700000,18282.3,18341.15,18282.3,18341.15,0
1430365500000,18321.85,18349.8,18258.45,18325.7,0
1430372700000,18323.4,18360.15,18163.9,18210.25,0
1430379900000,18214.8,18430.05,18191.4,18314.65,0
1430387100000,18313.2,18394.25,18312.25,18389.75,0
1430711100000,18438.3,18586.3,18438.3,18546.9,0
1430718300000,18544.9,18558.25,18487.25,18533.4,0
1430725500000,18530.55,18537.6,18350.95,18499.45,0
1430732700000,18499.75,18524.7,18490.15,18512.95,0
1430797500000,18496.1,18563.05,18415.0,18525.55,0
1430804700000,18524.7,18530.95,18403.7,18412.5,0
1430811900000,18410.0,18507.55,18396.8,18474.6,0
1430819100000,18472.35,18474.5,18451.05,18457.9,0
1430883900000,18580.1,18580.1,17993.2,18050.05,0
1430891100000,18046.55,18049.35,17897.0,17915.45,0
1430898300000,17916.4,17986.35,17797.8,17812.4,0
1430905500000,17812.8,17814.1,17757.7,17778.95,0
1430970300000,17750.2,17750.2,17569.05,17619.45,0
1430977500000,17617.3,17680.25,17351.85,17480.95,0
1430984700000,17476.0,17514.6,17246.55,17415.95,0
1430991900000,17420.65,17434.15,17335.6,17335.6,0
1431056700000,17618.25,17743.15,17608.15,17726.2,0
1431063900000,17727.75,17814.0,17631.05,17781.7,0
1431071100000,17776.55,17907.5,17705.0,17769.45,0
1431078300000,17761.2,17791.45,17743.6,17782.9,0
1431315900000,17933.55,18066.25,17841.75,18063.1,0
1431323100000,18061.2,18179.0,18059.6,18128.5,0
1431330300000,18129.45,18240.65,18091.3,18207.85,0
1431337500000,18206.7,18215.55,18169.85,18193.35,0
1431402300000,18156.7,18156.7,17719.6,17739.9,0
1431409500000,17738.8,17770.9,17664.5,17712.1,0
1431416700000,17716.3,17756.65,17597.75,17608.7,0
1431423900000,17605.5,17654.95,17605.5,17618.95,0
1431488700000,17759.6,18031.7,17650.35,17721.65,0
1431495900000,17720.0,17944.3,17715.15,17919.35,0
1431503100000,17920.6,18127.8,17909.85,18092.8,0
1431510300000,18100.65,18119.05,18084.6,18114.65,0
1431575100000,18048.9,18084.05,17806.1,17983.0,0
1431582300000,17984.2,18019.2,17905.85,17962.85,0
1431589500000,17966.8,18156.95,17963.1,18136.05,0
1431596700000,18137.65,18145.8,18106.2,18126.5,0
1431661500000,18159.1,18260.3,18112.8,18188.0,0
1431668700000,18185.2,18252.05,18177.9,18207.85,0
1431675900000,18205.45,18244.75,18108.55,18175.85,0
1431683100000,18183.0,18184.75,18163.75,18172.4,0
1431920700000,18274.25,18309.4,18213.75,18249.95,0
1431927900000,18250.5,18301.8,18247.95,18269.5,0
1431935100000,18269.85,18439.7,18258.7,18425.9,0
1431942300000,18420.75,18434.05,18409.0,18415.05,0
1432007100000,18351.8,18387.7,18296.75,18386.0,0
1432014300000,18383.85,18537.45,18380.7,18520.6,0
1432021500000,18506.95,18556.05,18315.8,18389.0,0
1432028700000,18388.5,18392.7,18353.0,18367.65,0
1432093500000,18442.35,18604.6,18442.35,18594.65,0
1432100700000,18596.05,18619.6,18506.75,18573.2,0
1432107900000,18575.25,18606.25,18538.7,18559.0,0
1432115100000,18553.65,18561.8,18522.95,18524.3,0
1432179900000,18600.65,18603.8,18398.65,18450.05,0
1432187100000,18449.7,18526.25,18411.3,18494.05,0
1432194300000,18495.35,18563.1,18488.7,18507.25,0
1432201500000,18505.45,18539.9,18504.9,18535.0,0
1432266300000,18565.75,18696.55,18535.8,18677.3,0
1432273500000,18677.2,18708.9,18604.6,18706.5,0
1432280700000,18711.15,18755.45,18443.65,18443.7,0
1432287900000,18444.15,18456.4,18354.55,18399.7,0
1432525500000,18411.55,18475.55,18323.6,18454.65,0
1432532700000,18451.3,18473.7,18345.8,18396.0,0
1432539900000,18392.3,18392.8,18302.5,18339.7,0
1432547100000,18342.4,18344.6,18313.05,18328.2,0
1432611900000,18347.25,18355.55,18226.0,18301.2,0
1432619100000,18299.1,18339.1,18288.85,18299.1,0
1432626300000,18298.5,18315.5,18249.7,18300.5,0
1432633500000,18304.05,18378.2,18301.75,18362.85,0
1432698300000,18299.25,18465.25,18236.25,18412.75,0
1432705500000,18412.9,18556.8,18394.85,18540.55,0
1432712700000,18542.35,18542.35,18458.7,18522.1,0
1432719900000,18527.75,18561.5,18526.35,18544.15,0
1432784700000,18558.7,18639.65,18488.0,18505.5,0
1432791900000,18504.15,18523.05,18390.8,18402.5,0
1432799100000,18404.4,18464.4,18381.75,18455.15,0
1432806300000,18454.55,18484.1,18450.85,18477.65,0
1432871100000,18491.2,18652.6,18461.45,18650.15,0
1432878300000,18648.05,18671.05,18619.25,18641.35,0
1432885500000,18643.45,18751.2,18581.25,18729.75,0
1432892700000,18722.2,18738.2,18694.7,18720.95,0
1433130300000,18673.3,18832.5,18673.3,18809.35,0
1433137500000,18813.35,18817.15,18666.55,18716.65,0
1433144700000,18716.2,18724.5,18604.3,18627.35,0
1433151900000,18625.45,18629.75,18598.7,18611.65,0
1433216700000,18652.45,18652.45,18343.05,18411.75,0
1433223900000,18417.7,18432.1,18171.75,18198.55,0
1433231100000,18194.25,18224.2,17971.9,17971.9,0
1433238300000,17978.65,17989.3,17932.3,17953.45,0
1433303100000,17945.35,17945.35,17756.1,17835.8,0
1433310300000,17839.45,17856.45,17567.2,17700.1,0
1433317500000,17691.9,17758.05,17595.4,17692.0,0
1433324700000,17696.7,17804.5,17694.05,17783.75,0
1433389500000,17707.3,17768.05,17603.75,17723.05,0
1433396700000,17725.8,17744.05,17503.2,17528.05,0
1433403900000,17530.3,17777.9,17469.65,17717.95,0
1433411100000,17717.45,17745.5,17700.25,17715.05,0
1433475900000,17668.9,17726.8,17600.75,17656.35,0
1433483100000,17651.2,17786.5,17640.7,17662.35,0
1433490300000,17667.6,17710.25,17549.65,17565.85,0
1433497500000,17562.15,17562.15,17506.25,17523.0,0
1433735100000,17516.75,17561.4,17372.6,17431.3,0
1433742300000,17431.05,17454.7,17380.6,17400.35,0
1433749500000,17400.65,17520.5,17358.45,17443.0,0
1433756700000,17447.8,17450.35,17395.0,17406.85,0
1433821500000,17409.05,17560.5,17392.95,17460.95,0
1433828700000,17458.65,17546.15,17458.65,17509.2,0
1433835900000,17510.85,17534.05,17408.1,17503.5,0
1433843100000,17499.1,17506.25,17464.0,17472.7,0
1433907900000,17501.1,17737.25,17501.1,17688.5,0
1433915100000,17689.0,17723.7,17673.25,17700.6,0
1433922300000,17699.05,17782.0,17632.2,17701.8,0
1433929500000,17701.3,17716.3,17680.95,17699.65,0
1433994300000,17811.7,17821.9,17431.5,17444.8,0
1434001500000,17441.25,17508.25,17420.7,17454.9,0
1434008700000,17452.9,17475.45,17300.2,17321.5,0
1434015900000,17316.05,17324.45,17264.2,17275.9,0
1434080700000,17276.75,17356.85,17174.7,17287.95,0
1434087900000,17282.55,17425.8,17264.05,17346.6,0
1434095100000,17349.2,17551.35,17330.85,17519.0,0
1434102300000,17518.4,17533.8,17500.9,17520.4,0
1434339900000,17504.5,17579.0,17377.1,17477.95,0
1434347100000,17475.1,17482.3,17366.15,17458.8,0
1434354300000,17457.2,17533.15,17440.75,17469.85,0
1434361500000,17466.3,17478.4,17424.1,17426.0,0
1434426300000,17361.1,17390.8,17293.45,17371.4,0
1434433500000,17370.7,17412.45,17330.4,17333.6,0
1434440700000,17337.55,17622.1,17327.15,17611.85,0
1434447900000,17608.8,17651.9,17592.3,17635.85,0
1434512700000,17685.7,17692.55,17559.65,17601.8,0
1434519900000,17604.3,17643.0,17533.45,17579.2,0
1434527100000,17578.6,17680.3,17539.75,17579.35,0
1434534300000,17581.55,17600.55,17565.7,17578.95,0
1434599100000,17670.1,17797.35,17630.65,17772.25,0
1434606300000,17770.95,17777.65,17690.2,17759.65,0
1434613500000,17758.05,17787.15,17705.55,17729.7,0
1434620700000,17729.05,17746.3,17711.1,17732.6,0
1434685500000,17730.7,17842.95,17730.7,17840.0,0
1434692700000,17838.85,17858.95,17750.15,17795.65,0
1434699900000,17795.85,17882.4,17787.7,17850.3,0
1434707100000,17849.9,17935.3,17849.9,17920.9,0
1434944700000,17960.55,18350.75,17950.6,18325.4,0
1434951900000,18331.25,18397.15,18291.15,18377.85,0
1434959100000,18377.95,18420.95,18310.4,18318.8,0
1434966300000,18317.8,18347.8,18313.35,18339.8,0
1435031100000,18420.5,18499.6,18287.25,18350.55,0
1435038300000,18354.9,18428.05,18295.25,18421.35,0
1435045500000,18423.45,18456.65,18367.25,18407.95,0
1435052700000,18405.4,18405.4,18364.05,18389.8,0
1435117500000,18403.35,18429.5,18342.6,18409.3,0
1435124700000,18407.8,18474.3,18388.05,18464.35,0
1435131900000,18462.35,18499.75,18339.05,18339.05,0
1435139100000,18339.9,18355.4,18309.5,18314.95,0
1435203900000,18316.55,18364.1,18278.7,18331.25,0
1435211100000,18330.4,18458.6,18320.9,18458.6,0
1435218300000,18457.7,18539.15,18419.65,18505.55,0
1435225500000,18508.05,18534.85,18490.6,18518.0,0
1435290300000,18452.0,18452.0,18264.2,18299.75,0
1435297500000,18302.95,18327.1,18199.25,18327.1,0
1435304700000,18330.75,18420.45,18299.15,18364.6,0
1435311900000,18368.2,18390.4,18365.0,18384.4,0
1435549500000,17967.1,17967.1,17821.9,17839.1,0
1435556700000,17849.65,17980.2,17840.35,17962.8,0
1435563900000,17957.05,18269.0,17944.85,18220.2,0
1435571100000,18219.6,18291.75,18219.6,18268.45,0
1435635900000,18236.65,18337.6,18117.85,18196.95,0
1435643100000,18196.2,18245.9,18184.6,18220.6,0
1435650300000,18221.3,18342.5,18086.8,18305.95,0
1435657500000,18302.65,18318.7,18278.95,18287.0,0
1435722300000,18276.95,18426.45,18261.9,18418.75,0
1435729500000,18418.95,18497.4,18351.4,18489.45,0
1435736700000,18476.45,18629.15,18459.35,18565.6,0
1435743900000,18565.9,18606.9,18557.3,18606.7,0
1435808700000,18590.15,18637.25,18513.3,18614.9,0
1435815900000,18615.95,18639.45,18536.05,18598.25,0
1435823100000,18596.7,18642.85,18530.0,18585.75,0
1435830300000,18588.75,18589.35,18560.85,18586.15,0
1435895100000,18562.95,18709.65,18552.45,18675.75,0
1435902300000,18677.0,18688.9,18579.6,18662.0,0
1435909500000,18660.65,18732.1,18619.3,18707.95,0
1435916700000,18708.0,18756.65,18708.0,18746.7,0
1436154300000,18486.05,18569.8,18417.35,18508.65,0
1436161500000,18508.45,18708.8,18499.55,18677.75,0
1436168700000,18682.8,18836.75,18629.35,18821.7,0
1436175900000,18818.65,18855.9,18812.2,18838.8,0
1436240700000,18800.55,18980.65,18800.55,18876.1,0
1436247900000,18878.65,18910.6,18831.5,18897.7,0
1436255100000,18895.95,18907.8,18713.15,18801.25,0
1436262300000,18804.5,18825.4,18802.1,18811.75,0
1436327100000,18541.85,18669.45,18450.8,18513.35,0
1436334300000,18515.7,18519.7,18402.85,18468.95,0
1436341500000,18469.25,18611.85,18440.3,18459.6,0
1436348700000,18462.1,18462.1,18428.25,18455.35,0
1436413500000,18435.1,18519.65,18409.2,18508.0,0
1436420700000,18503.85,18554.85,18461.6,18476.35,0
1436427900000,18478.0,18584.0,18450.95,18502.7,0
1436435100000,18499.45,18529.3,18498.45,18529.3,0
1436499900000,18586.0,18648.35,18534.55,18582.9,0
1436507100000,18585.1,18670.55,18546.85,18649.75,0
1436514300000,18651.2,18767.8,18596.65,18723.65,0
1436521500000,18720.65,18734.05,18689.45,18691.85,0
1436759100000,18782.2,18799.8,18657.6,18671.7,0
1436766300000,18672.05,18903.4,18664.4,18854.3,0
1436773500000,18853.05,18929.2,18836.5,18892.45,0
1436780700000,18892.9,18903.8,18884.7,18899.3,0
1436845500000,18911.3,18940.85,18808.25,18813.6,0
1436852700000,18812.5,18837.45,18734.4,18800.0,0
1436859900000,18800.2,18857.05,18772.55,18817.9,0
1436867100000,18814.9,18816.35,18734.6,18736.6,0
1436931900000,18811.9,18894.9,18784.5,18877.45,0
1436939100000,18877.3,18879.05,18798.45,18803.5,0
1436946300000,18806.9,18847.5,18773.9,18818.3,0
1436953500000,18816.5,18836.7,18811.8,18835.0,0
1437018300000,18867.55,19025.7,18867.5,19020.2,0
1437025500000,19015.9,19119.65,18994.1,19112.2,0
1437032700000,19111.7,19195.4,19102.9,19166.6,0
1437039900000,19168.35,19190.45,19165.6,19176.25,0
1437104700000,19177.45,19229.05,19069.4,19109.75,0
1437111900000,19109.85,19192.2,19099.5,19169.1,0
1437119100000,19170.5,19174.55,19069.3,19084.9,0
1437126300000,19086.25,19110.25,19077.5,19107.45,0
1437363900000,19116.35,19149.05,18956.0,18960.3,0
1437371100000,18959.85,18990.85,18852.7,18881.7,0
1437378300000,18881.95,19083.6,18866.7,19030.25,0
1437385500000,19030.9,19035.0,19016.5,19023.35,0
1437450300000,19068.4,19101.5,18983.95,19085.65,0
1437457500000,19087.05,19093.65,18911.4,18921.05,0
1437464700000,18923.25,18945.45,18702.9,18715.45,0
1437471900000,18715.05,18743.3,18702.45,18725.1,0
1437536700000,18660.5,18848.45,18613.6,18802.9,0
1437543900000,18805.2,18891.95,18795.25,18843.5,0
1437551100000,18845.2,19038.15,18843.75,18984.6,0
1437558300000,18976.4,19013.7,18976.4,19004.9,0
1437623100000,18979.45,19091.45,18927.25,18946.35,0
1437630300000,18947.5,18999.8,18847.5,18966.2,0
1437637500000,18970.45,18995.95,18819.25,18865.0,0
1437644700000,18860.5,18877.3,18853.4,18856.6,0
1437709500000,18823.4,18860.75,18764.55,18815.2,0
1437716700000,18812.1,18841.65,18758.95,18771.8,0
1437723900000,18769.95,18781.5,18613.55,18641.4,0
1437731100000,18639.55,18652.55,18628.05,18640.2,0
1437968700000,18566.1,18566.1,18330.1,18382.25,0
1437975900000,18384.3,18405.7,18286.45,18295.9,0
1437983100000,18292.85,18322.05,18197.2,18198.7,0
1437990300000,18199.9,18240.15,18187.45,18240.15,0
1438055100000,18267.6,18360.7,18196.3,18263.1,0
1438062300000,18265.45,18379.1,18255.3,18359.45,0
1438069500000,18358.15,18359.35,18174.2,18290.5,0
1438076700000,18288.8,18300.65,18273.1,18292.95,0
1438141500000,18331.75,18383.65,18280.85,18299.05,0
1438148700000,18297.25,18363.25,18264.3,18330.65,0
1438155900000,18329.2,18342.2,18277.75,18328.05,0
1438163100000,18326.75,18334.65,18304.35,18304.35,0
1438227900000,18367.2,18472.25,18367.2,18472.25,0
1438235100000,18469.25,18521.75,18465.55,18502.85,0
1438242300000,18502.95,18510.3,18376.15,18440.75,0
1438249500000,18447.2,18462.75,18434.45,18449.35,0
1438314300000,18474.8,18620.15,18474.8,18617.45,0
1438321500000,18620.15,18765.9,18606.9,18742.15,0
1438328700000,18742.25,18828.85,18720.85,18746.85,0
1438335900000,18747.3,18747.3,18697.45,18717.3,0
1438573500000,18794.2,18999.7,18794.2,18980.05,0
1438580700000,18976.95,19016.4,18893.7,18893.7,0
1438587900000,18899.15,18964.85,18881.65,18931.0,0
1438595100000,18933.6,18933.6,18882.7,18895.5,0
1438659900000,18957.9,18990.15,18780.2,18916.85,0
1438667100000,18915.25,19067.35,18758.9,18814.35,0
1438674300000,18812.5,18986.75,18812.5,18965.65,0
1438681500000,18965.55,19020.1,18965.55,19003.15,0
1438746300000,19053.4,19103.7,18982.0,19008.25,0
1438753500000,19006.85,19030.7,18940.6,18940.6,0
1438760700000,18942.15,19006.0,18868.65,18934.4,0
1438767900000,18936.9,18952.6,18906.25,18939.6,0
1438832700000,18947.3,18947.3,18830.4,18900.6,0
1438839900000,18902.05,18954.55,18852.95,18915.9,0
1438847100000,18915.8,19100.55,18914.95,19043.25,0
1438854300000,19041.8,19051.0,19005.8,19030.05,0
1438919100000,19007.3,19019.65,18911.4,18917.15,0
1438926300000,18918.65,18961.8,18894.5,18927.45,0
1438933500000,18925.55,18936.05,18849.15,18900.7,0
1438940700000,18902.25,18929.0,18891.45,18925.7,0
1439178300000,18915.75,19071.35,18877.3,19047.5,0
1439185500000,19049.35,19059.6,18998.35,19009.7,0
1439192700000,19008.05,19033.05,18836.95,18847.8,0
1439199900000,18845.9,18899.1,18781.3,18790.4,0
1439264700000,18868.3,18916.15,18813.3,18877.25,0
1439271900000,18873.35,18882.0,18646.0,18698.4,0
1439279100000,18699.2,18718.35,18555.5,18602.75,0
1439286300000,18603.75,18647.05,18595.0,18638.9,0
1439351100000,18491.85,18497.85,18348.4,18416.25,0
1439358300000,18417.55,18441.8,18273.75,18295.55,0
1439365500000,18294.75,18320.25,18039.7,18057.8,0
1439372700000,18057.15,18088.1,18034.75,18078.0,0
1439437500000,18250.2,18359.25,18169.1,18231.7,0
1439444700000,18224.55,18289.2,18080.5,18223.15,0
1439451900000,18217.5,18281.8,18112.15,18176.3,0
1439459100000,18179.35,18255.0,18172.55,18255.0,0
1439523900000,18304.75,18410.3,18193.1,18394.3,0
1439531100000,18397.3,18634.65,18397.3,18625.45,0
1439538300000,18625.05,18730.5,18604.8,18720.35,0
1439545500000,18723.1,18766.0,18718.6,18728.1,0
1439783100000,18760.05,18896.45,18580.65,18722.05,0
1439790300000,18718.95,18874.55,18717.25,18864.55,0
1439797500000,18863.35,18881.3,18763.6,18830.3,0
1439804700000,18831.55,18832.7,18780.35,18783.9,0
1439869500000,18837.3,18874.1,18776.75,18783.55,0
1439876700000,18780.75,18817.65,18595.5,18677.05,0
1439883900000,18676.6,18833.9,18641.85,18798.6,0
1439891100000,18800.1,18800.3,18770.45,18770.45,0
1439955900000,18745.5,18781.55,18684.55,18752.25,0
1439963100000,18753.6,18803.5,18677.8,18706.7,0
1439970300000,18705.0,18763.3,18636.1,18698.8,0
1439977500000,18699.2,18716.15,18694.5,18705.8,0
1440042300000,18586.95,18711.35,18559.55,18664.9,0
1440049500000,18664.85,18677.45,18359.4,18377.6,0
1440056700000,18379.65,18416.85,18219.9,18278.65,0
1440063900000,18289.25,18335.7,18278.7,18317.55,0
1440128700000,17974.7,17985.0,17842.1,17869.95,0
1440135900000,17882.65,18031.35,17872.4,17967.95,0
1440143100000,17967.7,18118.8,17880.65,18088.35,0
1440150300000,18085.85,18104.0,18016.65,18031.6,0
1440387900000,17367.25,17407.25,17088.0,17238.7,0
1440395100000,17242.75,17284.95,17042.35,17091.95,0
1440402300000,17093.3,17183.75,16746.45,16859.35,0
1440409500000,16859.3,16866.1,16740.7,16759.15,0
1440474300000,17095.25,17129.45,16770.9,16774.45,0
1440481500000,16760.7,17123.95,16670.55,17088.7,0
1440488700000,17091.85,17205.35,16995.8,17186.85,0
1440495900000,17178.85,17269.15,17169.95,17238.2,0
1440560700000,17032.85,17172.2,16954.05,17122.2,0
1440567900000,17126.85,17147.35,16895.65,17004.85,0
1440575100000,17005.35,17124.45,16875.5,16911.85,0
1440582300000,16916.45,16949.1,16904.95,16908.25,0
1440647100000,17191.9,17196.5,17092.2,17167.85,0
1440654300000,17164.5,17164.5,17061.85,17163.0,0
1440661500000,17165.25,17249.5,17140.6,17202.9,0
1440668700000,17205.1,17247.2,17203.25,17247.2,0
1440733500000,17429.2,17569.8,17355.05,17544.45,0
1440740700000,17542.7,17557.85,17395.7,17395.7,0
1440747900000,17398.85,17447.15,17099.8,17238.65,0
1440755100000,17241.75,17241.75,17184.25,17190.2,0
1440992700000,17098.1,17314.2,17028.9,17276.0,0
1440999900000,17275.0,17353.3,17204.75,17265.45,0
1441007100000,17269.25,17278.35,17072.35,17137.9,0
1441014300000,17122.75,17150.35,17115.75,17144.75,0
1441079100000,16943.65,16943.65,16808.4,16907.8,0
1441086300000,16904.45,16909.2,16647.75,16653.1,0
1441093500000,16639.6,16649.65,16436.85,16530.45,0
1441100700000,16529.2,16582.35,16516.55,16521.35,0
1441165500000,16714.5,16714.5,16283.85,16303.25,0
1441172700000,16302.35,16443.45,16265.9,16360.15,0
1441179900000,16364.05,16395.65,16218.65,16266.6,0
1441187100000,16265.35,16281.6,16240.5,16258.85,0
1441251900000,16387.0,16520.7,16320.55,16500.45,0
1441259100000,16501.65,16532.35,16338.45,16484.9,0
1441266300000,16482.9,16607.4,16477.45,16551.85,0
1441273500000,16557.35,16582.9,16532.6,16555.5,0
1441338300000,16396.0,16396.0,15933.15,16086.95,0
1441345500000,16090.1,16144.35,15980.65,16035.7,0
1441352700000,16037.85,16165.05,16023.55,16119.85,0
1441359900000,16124.25,16155.5,16115.7,16147.1,0
1441597500000,16232.35,16273.35,15984.15,16113.65,0
1441604700000,16112.75,16152.1,16043.2,16092.75,0
1441611900000,16091.7,16121.4,15773.7,15798.05,0
1441619100000,15796.9,15819.0,15762.2,15780.15,0
1441683900000,15908.25,16034.5,15819.55,15935.6,0
1441691100000,15935.65,16245.95,15935.65,16217.75,0
1441698300000,16217.2,16419.0,16181.0,16346.05,0
1441705500000,16342.3,16372.75,16326.2,16365.8,0
1441770300000,16659.9,16692.05,16462.45,16551.45,0
1441777500000,16552.55,16781.55,16552.55,16763.8,0
1441784700000,16761.25,16761.55,16552.4,16663.3,0
1441791900000,16658.35,16661.85,16574.1,16579.4,0
1441856700000,16330.6,16343.65,16192.25,16280.8,0
1441863900000,16280.2,16443.9,16264.55,16425.7,0
1441871100000,16425.15,16604.95,16406.1,16599.85,0
1441878300000,16600.4,16711.55,16600.4,16679.15,0
1441943100000,16668.0,16781.15,16640.25,16647.0,0
1441950300000,16645.9,16698.75,16542.1,16571.95,0
1441957500000,16574.1,16704.25,16518.8,16561.2,0
1441964700000,16562.4,16612.4,16549.75,16596.7,0
1442202300000,16598.35,16763.8,16525.15,16740.35,0
1442209500000,16740.4,16836.9,16679.3,16834.7,0
1442216700000,16835.8,16937.9,16790.6,16922.0,0
1442223900000,16921.4,16936.9,16867.45,16895.8,0
1442288700000,16903.3,16919.45,16752.45,16794.25,0
1442295900000,16794.6,16857.65,16724.75,16854.5,0
1442303100000,16854.9,16869.45,16699.7,16746.5,0
1442310300000,16747.55,16750.2,16681.55,16698.8,0
1442375100000,16878.05,16885.25,16780.15,16828.0,0
1442382300000,16827.65,17006.25,16816.7,16970.3,0
1442389500000,16971.65,17015.75,16914.25,16975.15,0
1442396700000,16974.75,16977.35,16941.3,16942.65,0
1442547900000,17194.95,17554.2,17156.2,17509.35,0
1442555100000,17508.45,17602.0,17494.2,17519.05,0
1442562300000,17516.8,17588.4,17373.3,17426.1,0
1442569500000,17425.55,17440.95,17368.85,17422.3,0
1442807100000,17185.05,17494.1,17178.85,17439.5,0
1442814300000,17439.45,17539.7,17414.05,17527.0,0
1442821500000,17527.2,17569.8,17446.95,17523.85,0
1442828700000,17525.8,17571.3,17522.2,17564.2,0
1442893500000,17573.0,17652.35,17483.75,17565.65,0
1442900700000,17566.3,17594.0,17447.1,17454.3,0
1442907900000,17454.0,17470.2,16978.35,17058.75,0
1442915100000,17058.5,17061.3,16946.25,16946.25,0
1442979900000,16784.2,16994.45,16759.0,16927.05,0
1442987100000,16924.35,17175.0,16924.35,17157.4,0
1442994300000,17154.15,17306.65,17125.95,17236.7,0
1443001500000,17240.05,17308.55,17231.15,17302.75,0
1443066300000,17192.85,17283.1,17079.5,17113.25,0
1443073500000,17113.3,17198.2,17070.55,17081.55,0
1443080700000,17081.75,17269.05,17078.5,17181.05,0
1443087900000,17185.6,17217.35,17173.8,17198.05,0
1443411900000,17305.05,17384.75,17183.7,17321.25,0
1443419100000,17322.35,17371.85,17231.55,17312.2,0
1443426300000,17312.3,17362.3,17074.9,17086.1,0
1443433500000,17087.3,17139.85,17073.95,17117.0,0
1443498300000,16852.2,17244.4,16648.3,17207.65,0
1443505500000,17203.55,17333.05,16988.05,17329.35,0
1443512700000,17328.7,17461.35,17273.1,17302.75,0
1443519900000,17300.6,17301.15,17231.2,17242.45,0
1443584700000,17412.15,17449.85,17145.75,17162.85,0
1443591900000,17164.55,17265.55,17157.95,17212.85,0
1443599100000,17212.45,17242.7,17100.2,17221.65,0
1443606300000,17221.3,17225.8,17200.1,17220.0,0
1443671100000,17370.4,17390.6,17139.8,17199.1,0
1443678300000,17199.15,17269.85,17187.05,17246.5,0
1443685500000,17245.9,17264.15,17111.65,17144.35,0
1443692700000,17142.9,17167.5,17118.85,17147.15,0
1444016700000,17374.25,17559.65,17362.7,17549.75,0
1444023900000,17552.1,17578.4,17518.85,17572.6,0
1444031100000,17572.2,17689.85,17558.35,17663.6,0
1444038300000,17662.7,17699.75,17662.7,17677.95,0
1444103100000,17827.05,17827.15,17554.8,17609.75,0
1444110300000,17615.65,17624.85,17493.75,17562.0,0
1444117500000,17564.75,17692.25,17528.5,17591.25,0
1444124700000,17590.25,17620.65,17572.45,17604.75,0
1444189500000,17594.75,17674.55,17500.35,17639.8,0
1444196700000,17639.35,17646.05,17516.65,17602.85,0
1444203900000,17606.25,17636.35,17566.25,17611.05,0
1444211100000,17611.85,17630.75,17606.75,17618.6,0
1444275900000,17613.55,17613.55,17452.1,17502.6,0
1444283100000,17503.5,17505.15,17401.2,17449.0,0
1444290300000,17449.45,17509.2,17424.55,17473.1,0
1444297500000,17474.85,17491.35,17460.6,17466.15,0
1444362300000,17642.5,17749.55,17619.8,17677.5,0
1444369500000,17677.95,17698.6,17535.6,17535.9,0
1444376700000,17536.95,17627.5,17498.45,17585.9,0
1444383900000,17585.35,17594.35,17556.15,17569.9,0
1444621500000,17625.6,17758.5,17546.95,17695.5,0
1444628700000,17695.7,17759.8,17664.55,17729.9,0
1444635900000,17729.6,17740.35,17565.7,17583.6,0
1444643100000,17581.75,17601.75,17553.75,17560.35,0
1444707900000,17524.25,17632.25,17515.25,17566.55,0
1444715100000,17565.4,17629.45,17526.7,17553.2,0
1444722300000,17552.55,17581.8,17473.7,17550.05,0
1444729500000,17551.2,17564.2,17534.4,17550.25,0
1444794300000,17452.3,17598.1,17434.05,17562.35,0
1444801500000,17561.55,17571.3,17494.75,17504.85,0
1444808700000,17504.0,17577.15,17490.7,17541.45,0
1444815900000,17542.8,17554.1,17535.55,17542.7,0
1444880700000,17607.4,17736.15,17582.85,17709.4,0
1444887900000,17706.05,17752.7,17700.35,17712.2,0
1444895100000,17711.05,17744.15,17641.65,17676.85,0
1444902300000,17676.55,17706.9,17672.35,17701.05,0
1444967100000,17704.75,17708.2,17583.55,17635.55,0
1444974300000,17636.85,17667.65,17611.1,17639.25,0
1444981500000,17639.05,17947.75,17621.55,17896.65,0
1444988700000,17894.25,17943.2,17894.25,17925.65,0
1445226300000,17911.6,17954.9,17818.9,17828.85,0
1445233500000,17828.1,17911.3,17821.6,17902.55,0
1445240700000,17899.6,17907.55,17817.95,17859.75,0
1445247900000,17856.5,17871.05,17840.15,17845.35,0
1445312700000,17851.7,17940.4,17796.75,17917.25,0
1445319900000,17916.65,17938.25,17868.65,17902.05,0
1445327100000,17901.25,17913.8,17755.65,17824.1,0
1445334300000,17823.85,17853.1,17806.45,17814.7,0
1445399100000,17803.85,17891.75,17803.85,17876.8,0
1445406300000,17879.1,17884.3,17591.05,17637.9,0
1445413500000,17638.05,17752.45,17565.35,17716.6,0
1445420700000,17716.9,17729.45,17680.75,17693.85,0
1445571900000,17861.2,17937.55,17852.55,17907.35,0
1445579100000,17908.05,17938.05,17870.75,17893.6,0
1445586300000,17892.35,17980.5,17876.85,17935.15,0
1445593500000,17936.6,17949.65,17925.15,17935.45,0
1445831100000,18009.8,18029.05,17808.8,17815.05,0
1445838300000,17815.45,17876.9,17814.8,17867.1,0
1445845500000,17870.3,17911.75,17800.1,17818.15,0
1445852700000,17818.4,17827.6,17798.65,17808.0,0
1445917500000,17768.9,17834.15,17746.15,17785.8,0
1445924700000,17786.2,17855.35,17775.6,17807.65,0
1445931900000,17811.85,17846.7,17791.65,17819.15,0
1445939100000,17816.1,17818.45,17770.25,17771.5,0
1446003900000,17588.95,17682.45,17571.8,17623.75,0
1446011100000,17624.4,17631.05,17458.65,17471.15,0
1446018300000,17470.9,17478.5,17281.4,17379.2,0
1446025500000,17377.95,17410.45,17377.95,17404.45,0
1446090300000,17400.2,17400.2,17257.9,17296.05,0
1446097500000,17295.15,17351.4,17265.5,17298.6,0
1446104700000,17299.65,17335.75,17205.1,17218.0,0
1446111900000,17216.75,17220.75,17178.85,17200.1,0
1446176700000,17243.4,17399.1,17225.3,17357.85,0
1446183900000,17358.15,17380.55,17274.35,17352.95,0
1446191100000,17355.05,17395.6,17170.35,17355.15,0
1446198300000,17353.75,17376.85,17330.95,17335.4,0
1446435900000,17353.45,17372.25,17277.25,17318.15,0
1446443100000,17319.2,17322.15,17230.5,17276.05,0
1446450300000,17276.45,17367.6,17208.95,17343.6,0
1446457500000,17345.7,17362.65,17324.8,17339.25,0
1446522300000,17437.2,17460.5,17380.45,17452.55,0
1446529500000,17453.15,17466.2,17340.1,17365.75,0
1446536700000,17366.7,17386.5,17265.05,17334.65,0
1446543900000,17336.6,17337.5,17284.5,17284.5,0
1446608700000,17448.7,17448.7,17317.9,17342.35,0
1446615900000,17340.85,17387.55,17333.1,17346.7,0
1446623100000,17347.3,17380.7,17212.7,17224.15,0
1446630300000,17224.7,17227.4,17175.65,17186.6,0
1446695100000,17157.2,17166.05,16974.05,17012.35,0
1446702300000,17010.15,17123.15,17005.5,17049.95,0
1446709500000,17051.0,17069.9,16957.35,16984.55,0
1446716700000,16983.95,17029.95,16980.6,17013.45,0
1446781500000,16984.05,17101.65,16911.6,17072.55,0
1446788700000,17071.9,17131.15,17031.1,17051.3,0
1446795900000,17052.5,17143.6,16994.95,17063.45,0
1446803100000,17062.8,17113.55,17057.9,17113.55,0
1447040700000,16650.65,16943.35,16587.25,16899.0,0
1447047900000,16897.7,16904.7,16811.05,16839.65,0
1447055100000,16840.35,17069.0,16822.65,16995.7,0
1447062300000,16995.6,17008.7,16962.95,16978.0,0
1447127100000,16893.7,17026.55,16884.8,16989.4,0
1447134300000,16988.9,17047.3,16830.65,16854.95,0
1447141500000,16855.05,16944.4,16819.1,16828.6,0
1447148700000,16829.45,16843.75,16805.05,16833.75,0
1447386300000,16813.2,16921.45,16741.8,16883.3,0
1447393500000,16880.9,16942.95,16822.45,16927.4,0
1447400700000,16928.65,16962.55,16891.15,16916.95,0
1447407900000,16915.7,16954.8,16912.4,16951.95,0
1447645500000,16872.8,17172.05,16855.5,17127.4,0
1447652700000,17126.95,17166.65,17080.4,17107.75,0
1447659900000,17107.1,17230.5,17080.65,17163.9,0
1447667100000,17163.25,17193.2,17160.55,17170.45,0
1447731900000,17299.75,17300.4,17114.15,17123.5,0
1447739100000,17123.45,17134.6,17028.2,17107.75,0
1447746300000,17107.8,17209.5,17096.6,17157.65,0
1447753500000,17158.3,17158.3,17108.45,17112.85,0
1447818300000,17107.65,17186.7,17093.8,17125.0,0
1447825500000,17125.55,17157.4,17066.05,17080.25,0
1447832700000,17080.65,17081.9,16798.35,16811.95,0
1447839900000,16811.9,16818.8,16787.55,16789.6,0
1447904700000,16942.4,17031.6,16874.7,17019.7,0
1447911900000,17019.65,17064.85,16968.95,17043.55,0
1447919100000,17043.35,17110.35,17007.7,17068.5,0
1447926300000,17066.9,17095.75,17047.6,17059.65,0
1447991100000,17023.85,17199.25,16931.3,17190.6,0
1447998300000,17188.45,17262.85,17188.45,17238.7,0
1448005500000,17237.7,17246.3,17029.35,17043.3,0
1448012700000,17040.85,17066.5,17031.6,17054.3,0
1448250300000,17124.85,17126.35,17029.3,17046.35,0
1448257500000,17044.5,17119.9,17010.9,17029.5,0
1448264700000,17027.4,17114.5,16969.35,17048.9,0
1448271900000,17049.8,17066.1,17040.95,17047.1,0
1448336700000,17016.65,17108.4,16979.05,17064.95,0
1448343900000,17064.45,17090.15,17030.7,17056.95,0
1448351100000,17057.25,17082.4,16964.9,16974.45,0
1448358300000,16974.25,17017.35,16970.0,17014.3,0
1448509500000,16993.55,17111.45,16972.6,17081.15,0
1448516700000,17080.3,17098.05,17064.15,17069.1,0
1448523900000,17067.7,17081.1,17006.35,17043.95,0
1448531100000,17043.2,17068.55,17026.8,17063.95,0
1448595900000,17081.9,17317.8,17049.55,17291.8,0
1448603100000,17291.75,17308.8,17186.25,17245.35,0
1448610300000,17247.3,17386.9,17238.65,17373.2,0
1448617500000,17372.75,17403.65,17347.85,17362.7,0
1448855100000,17346.8,17472.15,17338.45,17423.25,0
1448862300000,17422.25,17466.35,17395.65,17423.85,0
1448869500000,17423.6,17498.35,17412.2,17441.7,0
1448876700000,17443.2,17448.1,17392.7,17405.75,0
1448941500000,17475.65,17477.35,17359.3,17416.2,0
1448948700000,17417.1,17495.45,17369.7,17408.85,0
1448955900000,17409.55,17421.05,17353.85,17401.5,0
1448963100000,17405.1,17423.6,17380.55,17395.55,0
1449027900000,17462.0,17470.85,17200.5,17223.2,0
1449035100000,17222.8,17222.8,17175.6,17195.3,0
1449042300000,17196.5,17269.5,17164.0,17233.3,0
1449049500000,17233.2,17234.45,17193.1,17195.15,0
1449114300000,17135.3,17185.2,17118.1,17150.8,0
1449121500000,17151.0,17190.85,17128.35,17135.5,0
1449128700000,17134.8,17219.0,17093.1,17116.25,0
1449135900000,17113.95,17114.4,17080.25,17098.0,0
1449200700000,17001.9,17005.85,16885.9,16907.1,0
1449207900000,16906.15,16959.2,16900.9,16956.4,0
1449215100000,16958.55,16979.0,16880.35,16900.7,0
1449222300000,16902.1,16934.3,16880.95,16922.4,0
1449459900000,17020.7,17031.85,16940.6,16969.15,0
1449467100000,16968.8,16990.75,16928.55,16946.85,0
1449474300000,16950.0,16989.1,16921.75,16946.7,0
1449481500000,16947.5,16955.6,16935.8,16952.4,0
1449546300000,16890.1,16943.05,16862.35,16873.75,0
1449553500000,16872.8,16875.3,16795.45,16811.35,0
1449560700000,16809.9,16878.85,16786.3,16789.55,0
1449567900000,16787.95,16802.9,16783.65,16795.95,0
1449632700000,16768.95,16868.6,16707.5,16767.7,0
1449639900000,16767.75,16768.35,16708.95,16726.55,0
1449647100000,16726.95,16749.2,16626.55,16656.55,0
1449654300000,16653.7,16690.0,16651.95,16689.15,0
1449719100000,16693.1,16745.25,16580.2,16581.4,0
1449726300000,16582.0,16672.6,16573.15,16635.2,0
1449733500000,16635.0,16734.55,16590.6,16709.35,0
1449740700000,16709.85,16724.35,16697.7,16701.95,0
1449805500000,16750.85,16758.7,16630.25,16635.35,0
1449812700000,16638.1,16648.95,16289.45,16368.75,0
1449819900000,16368.3,16380.75,16260.1,16332.55,0
1449827100000,16333.75,16357.9,16330.8,16346.35,0
1450064700000,16211.7,16431.75,16205.8,16370.25,0
1450071900000,16371.25,16436.0,16340.25,16402.05,0
1450079100000,16404.25,16440.85,16248.0,16359.8,0
1450086300000,16357.55,16368.05,16324.0,16344.8,0
1450151100000,16335.55,16361.0,16188.05,16241.95,0
1450158300000,16241.35,16309.1,16237.45,16267.0,0
1450165500000,16265.5,16425.15,16255.7,16418.1,0
1450172700000,16417.45,16418.85,16341.4,16346.0,0
1450237500000,16468.4,16621.2,16363.9,16591.3,0
1450244700000,16591.1,16640.4,16563.75,16599.95,0
1450251900000,16599.6,16618.6,16505.05,16574.1,0
1450259100000,16574.0,16609.25,16565.2,16585.05,0
1450323900000,16704.25,16751.85,16544.65,16576.45,0
1450331100000,16576.35,16627.35,16560.2,16591.5,0
1450338300000,16591.75,16771.8,16589.8,16743.45,0
1450345500000,16744.55,16767.1,16717.1,16724.8,0
1450410300000,16713.35,16737.7,16627.7,16632.2,0
1450417500000,16630.0,16699.95,16609.5,16626.2,0
1450424700000,16626.15,16672.9,16572.75,16604.2,0
1450431900000,16599.65,16614.35,16586.95,16600.8,0
1450669500000,16591.95,16823.1,16580.65,16763.4,0
1450676700000,16760.45,16789.25,16735.5,16789.25,0
1450683900000,16786.5,16848.6,16777.0,16831.0,0
1450691100000,16830.65,16840.8,16792.4,16798.8,0
1450755900000,16805.4,16872.7,16764.35,16867.45,0
1450763100000,16867.35,16910.15,16863.8,16905.7,0
1450770300000,16906.05,16946.1,16704.15,16751.4,0
1450777500000,16751.15,16757.2,16723.5,16738.7,0
1450842300000,16829.85,16878.9,16812.5,16870.25,0
1450849500000,16869.9,16899.1,16848.6,16874.9,0
1450856700000,16875.85,16913.15,16850.55,16878.15,0
1450863900000,16878.9,16901.6,16876.65,16896.95,0
1450928700000,16926.85,16939.6,16796.2,16828.7,0
1450935900000,16828.8,16840.2,16818.0,16820.55,0
1450943100000,16817.55,16838.2,16756.9,16811.1,0
1450950300000,16810.2,16838.8,16801.75,16833.35,0
1451274300000,16854.75,16916.25,16843.85,16883.85,0
1451281500000,16884.55,16939.4,16875.0,16935.35,0
1451288700000,16935.0,17019.0,16932.95,16975.5,0
1451295900000,16975.65,16993.2,16967.4,16986.2,0
1451360700000,16986.4,16989.9,16923.75,16971.2,0
1451367900000,16972.1,16983.35,16921.15,16946.85,0
1451375100000,16947.85,17045.55,16939.9,16987.55,0
1451382300000,16985.7,17024.65,16983.65,17012.5,0
1451447100000,16992.05,17011.3,16952.55,16976.7,0
1451454300000,16975.45,16982.4,16953.8,16977.3,0
1451461500000,16976.9,16979.3,16889.05,16919.6,0
1451468700000,16922.25,16930.45,16907.85,16926.9,0
1451533500000,16923.85,16959.0,16905.6,16952.6,0
1451540700000,16953.1,16966.2,16927.35,16934.2,0
1451547900000,16938.3,16972.25,16916.85,16931.05,0
1451555100000,16930.8,16935.75,16896.65,16904.15,0
1451619900000,16922.85,16930.75,16824.05,16890.6,0
1451627100000,16891.1,16894.8,16849.2,16862.0,0
1451634300000,16861.85,17067.45,16844.85,17043.65,0
1451641500000,17042.2,17050.0,17026.05,17034.65,0
1451879100000,16959.45,16959.45,16702.75,16708.7,0
1451886300000,16708.25,16715.45,16640.8,16658.7,0
1451893500000,16656.95,16666.5,16582.15,16585.05,0
1451900700000,16584.5,16619.1,16575.45,16594.75,0
1451965500000,16645.0,16670.2,16491.15,16504.7,0
1451972700000,16506.2,16606.4,16474.85,16592.25,0
1451979900000,16592.7,16600.0,16524.05,16540.7,0
1451987100000,16538.4,16549.65,16530.55,16539.25,0
1452051900000,16502.6,16572.7,16456.45,16559.45,0
1452059100000,16559.65,16597.9,16536.2,16594.75,0
1452066300000,16598.2,16614.95,16377.65,16427.55,0
1452073500000,16427.1,16448.4,16420.1,16438.5,0
1452138300000,16253.0,16255.6,16128.65,16143.95,0
1452145500000,16145.05,16164.6,16067.8,16122.95,0
1452152700000,16123.5,16158.3,16074.05,16095.6,0
1452159900000,16097.5,16100.05,16049.75,16069.75,0
1452224700000,16127.95,16229.0,16104.1,16127.8,0
1452231900000,16129.55,16198.3,16109.55,16191.85,0
1452239100000,16190.2,16212.0,16120.7,16130.95,0
1452246300000,16130.1,16173.0,16126.65,16166.9,0
1452483900000,15975.15,15995.7,15840.6,15973.75,0
1452491100000,15968.85,16054.7,15922.9,15962.9,0
1452498300000,15962.45,16156.8,15962.25,16003.3,0
1452505500000,16000.4,16039.95,15985.8,16035.0,0
1452570300000,16071.25,16073.3,15815.9,15858.45,0
1452577500000,15859.45,15894.7,15729.7,15743.1,0
1452584700000,15742.4,15834.25,15699.4,15723.2,0
1452591900000,15723.55,15752.55,15717.3,15748.3,0
1452656700000,15844.6,15932.6,15574.05,15630.3,0
1452663900000,15632.8,15701.4,15532.25,15571.0,0
1452671100000,15571.2,15956.25,15560.35,15899.45,0
1452678300000,15902.75,15905.65,15832.4,15833.7,0
1452743100000,15630.75,15643.2,15453.4,15597.75,0
1452750300000,15596.15,15745.9,15590.35,15722.85,0
1452757500000,15725.35,15803.2,15564.9,15624.35,0
1452764700000,15624.45,15636.55,15581.15,15589.65,0
1452829500000,15619.1,15650.7,15518.5,15559.45,0
1452836700000,15558.75,15596.95,15487.9,15531.35,0
1452843900000,15532.05,15570.05,15154.35,15218.3,0
1452851100000,15218.6,15229.0,15174.65,15202.45,0
1453088700000,15173.4,15270.4,14956.95,15246.75,0
1453095900000,15247.15,15269.25,15093.65,15188.75,0
1453103100000,15186.2,15262.9,14993.9,15005.15,0
1453110300000,15004.7,15043.65,15004.7,15015.9,0
1453175100000,15118.1,15292.15,15101.95,15247.2,0
1453182300000,15247.05,15338.2,15230.9,15304.2,0
1453189500000,15304.4,15324.7,15189.35,15259.9,0
1453196700000,15262.5,15304.1,15247.45,15293.75,0
1453261500000,15049.35,15533.45,14809.1,14900.85,0
1453268700000,14902.25,14927.8,14843.7,14884.15,0
1453275900000,14884.8,14943.75,14754.65,14942.6,0
1453283100000,14944.95,14975.5,14917.0,14970.4,0
1453347900000,15144.95,15364.6,15065.05,15130.85,0
1453355100000,15131.95,15178.85,14935.9,14939.85,0
1453362300000,14942.5,15202.15,14918.15,15084.2,0
1453369500000,15084.25,15114.65,15076.75,15108.35,0
1453434300000,15335.95,15575.65,15274.9,15536.55,0
1453441500000,15536.35,15571.05,15487.85,15511.3,0
1453448700000,15514.25,15556.05,15457.0,15497.55,0
1453455900000,15497.0,15523.55,15487.45,15518.5,0
1453693500000,15663.95,15682.65,15533.85,15573.65,0
1453700700000,15571.1,15610.15,15539.2,15579.45,0
1453707900000,15582.2,15605.65,15495.1,15553.7,0
1453715100000,15556.6,15576.05,15543.35,15547.85,0
1453866300000,15663.5,15673.95,15442.2,15470.65,0
1453873500000,15471.0,15625.45,15466.5,15590.5,0
1453880700000,15592.15,15602.75,15498.2,15531.15,0
1453887900000,15532.0,15544.55,15516.6,15519.35,0
1453952700000,15572.2,15572.2,15451.75,15489.45,0
1453959900000,15486.4,15509.8,15459.05,15504.35,0
1453967100000,15503.85,15562.3,15361.4,15363.2,0
1453974300000,15363.65,15407.45,15349.75,15404.45,0
1454039100000,15136.85,15328.8,15136.85,15295.15,0
1454046300000,15293.85,15403.05,15272.2,15387.35,0
1454053500000,15387.55,15554.9,15367.05,15514.6,0
1454060700000,15514.05,15551.9,15495.75,15514.85,0
1454298300000,15547.2,15565.5,15387.3,15416.75,0
1454305500000,15417.1,15462.1,15361.65,15413.55,0
1454312700000,15413.1,15430.8,15286.05,15307.05,0
1454319900000,15305.3,15339.5,15281.35,15330.5,0
1454384700000,15365.6,15393.6,15196.75,15221.1,0
1454391900000,15224.75,15463.45,15193.85,15299.3,0
1454399100000,15301.35,15315.65,15044.25,15070.0,0
1454406300000,15073.35,15077.7,15018.85,15046.75,0
1454471100000,14888.15,14929.4,14777.75,14880.25,0
1454478300000,14879.85,14947.8,14851.1,14881.2,0
1454485500000,14881.35,14945.6,14813.1,14817.85,0
1454492700000,14816.5,14862.2,14796.2,14846.15,0
1454557500000,14967.8,14975.3,14840.95,14919.05,0
1454564700000,14920.25,14978.35,14908.5,14942.35,0
1454571900000,14937.9,14938.15,14761.4,14867.85,0
1454579100000,14868.25,14914.4,14864.3,14904.5,0
1454643900000,14924.3,15144.0,14890.9,15080.55,0
1454651100000,15081.8,15122.3,15033.0,15053.2,0
1454658300000,15054.9,15155.1,15022.6,15150.0,0
1454665500000,15152.45,15209.5,15147.15,15209.5,0
1454903100000,15208.4,15342.9,15166.1,15305.05,0
1454910300000,15304.0,15339.95,15276.1,15319.55,0
1454917500000,15318.3,15367.9,15025.05,15040.55,0
1454924700000,15041.05,15066.25,14960.1,14968.25,0
1454989500000,14828.95,14918.75,14760.8,14883.2,0
1454996700000,14883.65,14898.15,14834.05,14897.15,0
1455003900000,14896.1,14964.9,14840.05,14865.1,0
1455011100000,14865.15,14898.35,14862.25,14878.9,0
1455075900000,14732.25,14779.15,14573.0,14573.0,0
1455083100000,14572.4,14658.05,14559.8,14615.8,0
1455090300000,14615.85,14715.25,14490.2,14561.0,0
1455097500000,14562.9,14613.9,14548.95,14595.65,0
1455162300000,14508.35,14530.8,14430.55,14451.4,0
1455169500000,14451.1,14503.1,14377.55,14403.35,0
1455176700000,14403.2,14428.2,13969.85,14062.5,0
1455183900000,14065.55,14069.7,13999.75,14042.7,0
1455248700000,14072.65,14098.7,13832.1,13956.25,0
1455255900000,13958.25,14001.75,13810.6,13942.75,0
1455263100000,13942.85,14154.55,13926.4,13982.1,0
1455270300000,13981.45,14006.7,13893.35,13919.8,0
1455507900000,14120.5,14428.95,14120.5,14425.8,0
1455515100000,14427.15,14482.15,14388.75,14475.35,0
1455522300000,14476.45,14548.15,14434.8,14434.8,0
1455529500000,14434.6,14461.65,14410.15,14426.4,0
1455594300000,14562.55,14562.55,14323.15,14365.2,0
1455601500000,14364.35,14383.85,14260.5,14285.7,0
1455608700000,14285.0,14361.55,14143.95,14154.2,0
1455615900000,14152.55,14165.3,14136.8,14155.8,0
1455680700000,14154.6,14154.6,13892.1,14085.85,0
1455687900000,14084.5,14117.95,13936.15,13945.85,0
1455695100000,13946.55,14149.05,13915.45,14116.8,0
1455702300000,14115.3,14186.1,14106.9,14169.45,0
1455767100000,14297.0,14385.65,14252.25,14299.3,0
1455774300000,14300.5,14303.2,14193.6,14238.9,0
1455781500000,14238.65,14343.7,14180.9,14315.3,0
1455788700000,14320.2,14321.7,14267.6,14273.8,0
1455853500000,14239.8,14373.95,14207.35,14308.9,0
1455860700000,14309.15,14332.75,14256.25,14277.35,0
1455867900000,14278.4,14395.85,14235.55,14354.05,0
1455875100000,14354.0,14358.75,14315.25,14340.3,0
1456112700000,14332.7,14467.15,14332.7,14389.95,0
1456119900000,14391.85,14407.05,14322.65,14360.85,0
1456127100000,14362.4,14424.3,14344.3,14379.3,0
1456134300000,14380.4,14399.65,14377.05,14377.05,0
1456199100000,14369.95,14369.95,14110.4,14165.4,0
1456206300000,14166.0,14184.7,13999.35,14019.15,0
1456213500000,14019.25,14076.8,13961.75,14004.25,0
1456220700000,14003.8,14015.95,13994.75,14013.8,0
1456285500000,13874.6,13883.85,13760.25,13819.45,0
1456292700000,13817.9,13967.15,13788.45,13946.85,0
1456299900000,13944.45,13974.5,13767.95,13790.8,0
1456307100000,13793.1,13814.0,13781.45,13804.95,0
1456371900000,13843.5,13843.5,13755.05,13782.6,0
1456379100000,13783.0,13805.1,13662.8,13698.7,0
1456386300000,13698.25,13755.6,13541.95,13544.35,0
1456393500000,13543.0,13568.6,13519.9,13551.95,0
1456458300000,13716.5,13725.95,13595.2,13672.75,0
1456465500000,13674.3,13788.9,13619.9,13762.55,0
1456472700000,13763.75,13889.25,13736.05,13780.5,0
1456479900000,13780.95,13821.35,13772.4,13814.6,0
1456717500000,13820.0,13990.45,13781.5,13894.65,0
1456724700000,13894.1,14128.75,13407.25,14104.45,0
1456731900000,14106.45,14222.3,13896.0,13911.9,0
1456739100000,13912.45,14036.5,13904.75,14017.85,0
1456803900000,14069.55,14321.1,14069.15,14274.15,0
1456811100000,14273.35,14348.25,14223.85,14317.85,0
1456818300000,14317.95,14416.45,14293.8,14406.5,0
1456825500000,14405.9,14445.7,14404.05,14426.85,0
1456890300000,14768.9,15072.35,14767.3,14997.25,0
1456897500000,14994.45,15052.7,14979.35,15041.35,0
1456904700000,15041.9,15115.35,14956.5,15080.8,0
1456911900000,15081.35,15138.7,15078.85,15129.3,0
1456976700000,15149.5,15170.5,15000.05,15092.3,0
1456983900000,15093.7,15152.5,15033.4,15124.75,0
1456991100000,15124.65,15194.35,15106.1,15180.95,0
1456998300000,15181.25,15206.25,15147.2,15168.8,0
1457063100000,15241.85,15253.55,15005.5,15111.6,0
1457070300000,15113.4,15218.45,15103.1,15188.0,0
1457077500000,15185.2,15451.75,15126.0,15324.55,0
1457084700000,15324.95,15395.9,15314.4,15388.35,0
1457408700000,15318.5,15326.65,15170.65,15230.3,0
1457415900000,15232.15,15263.6,15161.7,15192.95,0
1457423100000,15195.75,15197.55,15066.5,15138.85,0
1457430300000,15139.15,15165.0,15115.3,15145.7,0
1457495100000,15014.75,15076.65,14989.4,15047.7,0
1457502300000,15047.75,15263.95,15031.05,15233.45,0
1457509500000,15235.05,15331.25,15194.75,15282.0,0
1457516700000,15282.9,15294.75,15252.45,15281.9,0
1457581500000,15347.55,15354.15,15114.2,15154.0,0
1457588700000,15153.4,15221.2,15098.5,15156.75,0
1457595900000,15156.05,15278.45,15151.25,15176.35,0
1457603100000,15175.7,15201.6,15158.6,15189.8,0
1457667900000,15133.25,15343.55,15092.35,15255.65,0
1457675100000,15256.8,15274.2,15024.8,15186.0,0
1457682300000,15182.95,15226.8,15103.7,15155.6,0
1457689500000,15155.95,15208.35,15147.8,15198.9,0
1457927100000,15310.5,15416.15,15302.7,15351.65,0
1457934300000,15353.65,15375.25,15260.55,15293.55,0
1457941500000,15295.55,15334.95,15220.15,15281.55,0
1457948700000,15281.95,15293.6,15260.35,15261.7,0
1458013500000,15310.9,15386.85,15268.1,15370.85,0
1458020700000,15369.2,15377.05,15303.0,15315.25,0
1458027900000,15313.8,15361.85,15278.45,15328.9,0
1458035100000,15329.05,15344.4,15314.65,15322.3,0
1458099900000,15298.7,15375.15,15244.6,15262.65,0
1458107100000,15262.7,15270.8,15178.3,15211.7,0
1458114300000,15213.55,15464.3,15184.75,15454.75,0
1458121500000,15452.1,15489.5,15452.1,15484.1,0
1458186300000,15614.65,15704.75,15546.75,15583.9,0
1458193500000,15582.35,15647.2,15577.1,15603.8,0
1458200700000,15604.0,15652.75,15433.95,15454.4,0
1458207900000,15453.25,15454.0,15312.5,15350.35,0
1458272700000,15494.35,15569.8,15456.2,15556.6,0
1458279900000,15556.4,15633.1,15491.1,15582.9,0
1458287100000,15581.8,15678.55,15505.85,15658.4,0
1458294300000,15659.0,15665.7,15631.75,15653.5,0
1458531900000,15738.2,15845.8,15738.2,15824.15,0
1458539100000,15824.05,15830.2,15778.4,15806.55,0
1458546300000,15809.75,15942.45,15755.8,15940.85,0
1458553500000,15940.4,15945.8,15917.3,15924.6,0
1458618300000,15932.9,15954.0,15833.3,15904.25,0
1458625500000,15905.65,15923.3,15839.7,15846.75,0
1458632700000,15844.05,15948.65,15779.15,15933.7,0
1458639900000,15933.25,15967.85,15923.55,15937.85,0
1458704700000,15867.35,15919.6,15818.9,15844.05,0
1458711900000,15844.25,15883.7,15799.95,15819.05,0
1458719100000,15820.1,15899.95,15801.15,15896.35,0
1458726300000,15894.85,15912.6,15869.2,15872.05,0
1459136700000,15867.9,15890.7,15798.1,15808.45,0
1459143900000,15808.15,15857.0,15792.95,15801.6,0
1459151100000,15801.95,15824.1,15522.2,15593.65,0
1459158300000,15594.65,15687.05,15584.75,15669.65,0
1459223100000,15590.75,15754.15,15580.8,15644.15,0
1459230300000,15641.3,15751.75,15637.35,15705.05,0
1459237500000,15705.15,15774.1,15643.25,15665.1,0
1459244700000,15665.95,15676.05,15647.05,15664.45,0
1459309500000,15831.1,15848.3,15762.2,15843.65,0
1459316700000,15845.95,16024.7,15821.35,16012.55,0
1459323900000,16012.15,16167.5,15978.35,16123.8,0
1459331100000,16120.2,16153.9,16117.95,16144.55,0
1459395900000,16121.45,16267.25,16093.4,16258.8,0
1459403100000,16259.7,16268.5,16176.1,16203.45,0
1459410300000,16205.65,16282.75,16062.05,16146.5,0
1459417500000,16148.1,16162.7,16126.0,16141.2,0
1459482300000,16098.05,16145.25,16040.35,16079.6,0
1459489500000,16079.8,16129.85,16020.6,16092.05,0
1459496700000,16093.8,16235.8,16042.6,16171.7,0
1459503900000,16171.3,16189.65,16154.5,16167.0,0
1459741500000,16236.55,16278.5,16157.65,16191.9,0
1459748700000,16193.05,16200.2,16046.5,16098.0,0
1459755900000,16099.25,16203.25,16096.05,16190.35,0
1459763100000,16190.25,16206.9,16161.6,16186.55,0
1459827900000,16114.05,16147.15,15908.75,16046.3,0
1459835100000,16046.55,16078.0,15819.55,15854.5,0
1459842300000,15854.65,15862.75,15673.75,15691.35,0
1459849500000,15692.85,15695.95,15659.75,15667.45,0
1459914300000,15750.9,15768.55,15613.8,15635.25,0
1459921500000,15634.45,15721.35,15625.45,15680.3,0
1459928700000,15679.85,15696.3,15578.55,15628.8,0
1459935900000,15629.15,15674.55,15619.3,15672.1,0
1460000700000,15668.6,15668.6,15458.05,15548.3,0
1460007900000,15548.25,15726.6,15545.35,15657.75,0
1460015100000,15654.45,15686.3,15507.6,15516.9,0
1460022300000,15515.8,15544.1,15500.85,15537.7,0
1460087100000,15521.55,15642.7,15483.05,15571.65,0
1460094300000,15570.8,15627.8,15533.85,15608.3,0
1460101500000,15609.0,15622.1,15548.35,15556.15,0
1460108700000,15553.95,15591.65,15553.95,15589.55,0
1460346300000,15618.5,15628.2,15506.2,15536.9,0
1460353500000,15538.2,15550.35,15440.25,15473.45,0
1460360700000,15474.05,15832.15,15474.05,15804.75,0
1460367900000,15806.4,15853.85,15798.8,15798.8,0
1460432700000,15808.0,15914.45,15796.7,15882.15,0
1460439900000,15883.15,15958.8,15864.0,15917.45,0
1460447100000,15917.85,15923.85,15794.15,15882.45,0
1460454300000,15882.9,15900.0,15874.55,15896.85,0
1460519100000,16095.15,16303.7,16080.55,16261.9,0
1460526300000,16261.4,16293.6,16232.05,16289.8,0
1460533500000,16289.25,16349.7,16269.85,16284.95,0
1460540700000,16283.2,16297.7,16231.35,16249.95,0
1460951100000,16311.45,16330.55,16011.9,16247.05,0
1460958300000,16240.75,16253.05,16145.6,16211.05,0
1460965500000,16210.65,16239.65,16189.05,16230.95,0
1460972700000,16224.85,16235.15,16204.95,16204.95,0
1461123900000,16301.05,16334.85,16160.55,16195.05,0
1461131100000,16195.1,16277.9,16183.4,16247.95,0
1461138300000,16250.55,16361.4,16239.45,16339.75,0
1461145500000,16340.1,16386.35,16334.65,16373.85,0
1461210300000,16555.3,16769.55,16542.0,16694.45,0
1461217500000,16697.0,16741.1,16676.6,16727.4,0
1461224700000,16728.05,16763.05,16602.0,16664.2,0
1461231900000,16667.15,16667.55,16588.85,16591.6,0
1461296700000,16647.7,16668.55,16549.1,16637.15,0
1461303900000,16638.0,16747.1,16612.8,16747.1,0
1461311100000,16745.05,16755.85,16658.9,16709.55,0
1461318300000,16708.8,16729.3,16689.0,16723.4,0
1461555900000,16744.45,16767.9,16675.3,16681.15,0
1461563100000,16683.55,16709.25,16625.2,16661.85,0
1461570300000,16659.75,16682.45,16605.0,16658.45,0
1461577500000,16660.55,16728.0,16652.65,16728.0,0
1461642300000,16639.55,16725.5,16572.0,16717.15,0
1461649500000,16718.55,16926.7,16680.2,16885.4,0
1461656700000,16887.05,17029.85,16886.5,17008.4,0
1461663900000,17009.6,17017.3,16969.15,16994.2,0
1461728700000,16860.55,16995.0,16846.85,16932.95,0
1461735900000,16934.3,16978.0,16908.2,16948.25,0
1461743100000,16948.05,16975.0,16827.35,16870.0,0
1461750300000,16869.95,16881.6,16844.05,16868.05,0
1461815100000,16886.0,17023.35,16834.4,16874.65,0
1461822300000,16875.1,16911.1,16771.35,16809.25,0
1461829500000,16809.35,16817.45,16704.1,16722.8,0
1461836700000,16726.7,16729.4,16692.7,16699.95,0
1461901500000,16713.7,16822.65,16627.6,16785.8,0
1461908700000,16784.25,16810.7,16596.05,16623.6,0
1461915900000,16622.95,16841.3,16527.55,16806.85,0
1461923100000,16805.8,16825.55,16756.8,16766.85,0
1462160700000,16610.7,16674.15,16578.0,16597.85,0
1462167900000,16602.35,16663.7,16542.3,16593.35,0
1462175100000,16598.4,16624.35,16525.85,16551.35,0
1462182300000,16550.85,16551.85,16519.55,16543.35,0
1462247100000,16575.05,16719.4,16575.05,16660.9,0
1462254300000,16661.1,16689.65,16450.95,16456.05,0
1462261500000,16453.2,16479.45,16358.4,16373.95,0
1462268700000,16374.45,16423.75,16363.4,16409.9,0
1462333500000,16317.95,16388.35,16287.8,16357.4,0
1462340700000,16357.5,16465.6,16336.9,16404.35,0
1462347900000,16402.25,16430.1,16254.6,16262.4,0
1462355100000,16262.3,16277.2,16250.5,16269.0,0
1462419900000,16292.0,16355.15,16247.65,16306.15,0
1462427100000,16303.25,16354.4,16230.3,16248.95,0
1462434300000,16248.25,16398.25,16193.7,16279.4,0
1462441500000,16281.35,16300.05,16269.7,16299.95,0
1462506300000,16256.8,16283.55,16186.25,16222.45,0
1462513500000,16221.85,16346.25,16209.7,16323.8,0
1462520700000,16321.0,16341.5,16258.25,16297.9,0
1462527900000,16300.3,16317.05,16289.75,16311.3,0
1462765500000,16364.0,16594.55,16364.0,16579.8,0
1462772700000,16579.15,16608.55,16541.25,16577.6,0
1462779900000,16579.35,16712.9,16563.65,16697.1,0
1462787100000,16694.45,16698.15,16662.1,16679.5,0
1462851900000,16701.4,16705.65,16613.9,16633.55,0
1462859100000,16633.75,16758.8,16633.75,16748.85,0
1462866300000,16749.6,16812.2,16694.2,16787.25,0
1462873500000,16787.75,16805.45,16771.95,16788.1,0
1462938300000,16528.05,16795.4,16518.75,16778.55,0
1462945500000,16784.3,16861.95,16655.15,16700.75,0
1462952700000,16700.95,16770.2,16672.85,16761.55,0
1462959900000,16759.95,16777.35,16748.5,16756.2,0
1463024700000,16884.6,16949.8,16833.75,16913.35,0
1463031900000,16914.6,16952.85,16779.5,16840.75,0
1463039100000,16839.65,16932.0,16825.25,16919.1,0
1463046300000,16918.5,16962.0,16916.2,16955.6,0
1463111100000,16873.6,16877.9,16729.35,16750.35,0
1463118300000,16749.8,16786.55,16594.55,16666.0,0
1463125500000,16666.05,16729.3,16650.05,16726.95,0
1463132700000,16722.65,16732.2,16712.55,16713.6,0
1463370300000,16743.6,16743.6,16469.95,16473.4,0
1463377500000,16473.05,16510.1,16431.65,16492.8,0
1463384700000,16493.6,16748.9,16471.1,16735.05,0
1463391900000,16734.3,16780.05,16731.2,16737.3,0
1463456700000,16819.1,16882.0,16767.85,16815.7,0
1463463900000,16816.0,16903.35,16802.05,16841.5,0
1463471100000,16844.1,16888.5,16741.55,16768.35,0
1463478300000,16767.8,16774.65,16738.7,16750.3,0
1463543100000,16671.55,16672.2,16556.6,16612.5,0
1463550300000,16610.85,16748.6,16588.65,16687.95,0
1463557500000,16687.4,16735.75,16638.4,16715.9,0
1463564700000,16716.75,16759.05,16709.05,16739.95,0
1463629500000,16726.15,16726.15,16618.25,16675.5,0
1463636700000,16675.6,16715.55,16580.8,16611.05,0
1463643900000,16613.9,16666.05,16543.9,16564.75,0
1463651100000,16566.2,16571.95,16535.75,16540.4,0
1463715900000,16596.55,16614.7,16504.65,16582.35,0
1463723100000,16586.15,16623.2,16549.2,16581.7,0
1463730300000,16579.75,16586.3,16455.4,16481.35,0
1463737500000,16480.8,16506.85,16468.4,16469.9,0
1463975100000,16571.3,16578.7,16473.8,16516.45,0
1463982300000,16514.75,16529.5,16428.9,16458.0,0
1463989500000,16458.1,16604.15,16396.65,16414.7,0
1463996700000,16414.75,16414.75,16368.0,16376.05,0
1464061500000,16419.4,16454.75,16368.6,16414.45,0
1464068700000,16413.3,16467.7,16373.3,16449.05,0
1464075900000,16448.5,16473.85,16400.6,16441.55,0
1464083100000,16440.75,16501.05,16440.75,16491.15,0
1464147900000,16599.05,16830.4,16599.05,16823.7,0
1464155100000,16823.2,16892.0,16809.3,16889.3,0
1464162300000,16890.85,16995.2,16844.8,16990.65,0
1464169500000,16987.6,17025.85,16984.6,16988.7,0
1464234300000,17045.25,17088.6,16971.35,17057.05,0
1464241500000,17057.1,17141.1,17011.45,17136.85,0
1464248700000,17137.5,17388.1,17133.2,17386.05,0
1464255900000,17386.2,17424.05,17352.4,17353.2,0
1464320700000,17348.3,17509.2,17327.65,17495.15,0
1464327900000,17497.35,17520.85,17383.35,17465.9,0
1464335100000,17460.95,17505.05,17381.0,17484.2,0
1464342300000,17487.85,17543.3,17482.35,17510.35,0
1464579900000,17585.85,17666.05,17484.8,17545.2,0
1464587100000,17545.35,17591.1,17509.6,17585.3,0
1464594300000,17587.4,17603.15,17505.7,17519.65,0
1464601500000,17520.35,17533.15,17495.15,17495.15,0
1464666300000,17584.9,17602.25,17462.2,17551.6,0
1464673500000,17551.7,17563.25,17505.85,17540.35,0
1464680700000,17540.75,17629.85,17471.45,17621.5,0
1464687900000,17621.35,17648.25,17590.6,17593.5,0
1464752700000,17667.4,17667.4,17570.45,17584.65,0
1464759900000,17584.95,17594.75,17477.95,17530.75,0
1464767100000,17529.95,17543.7,17392.85,17411.0,0
1464774300000,17411.4,17454.6,17401.7,17453.7,0
1464839100000,17405.0,17474.7,17350.45,17450.15,0
1464846300000,17449.8,17467.15,17390.65,17452.2,0
1464853500000,17453.4,17596.4,17410.2,17563.05,0
1464860700000,17560.45,17567.65,17549.9,17564.95,0
1464925500000,17658.2,17753.25,17649.05,17706.2,0
1464932700000,17706.1,17758.7,17688.3,17757.75,0
1464939900000,17757.9,17762.05,17664.05,17689.9,0
1464947100000,17691.7,17695.1,17662.4,17662.4,0
1465184700000,17712.1,17749.7,17684.2,17726.85,0
1465191900000,17727.35,17745.55,17700.35,17732.9,0
1465199100000,17732.65,17754.15,17636.9,17672.45,0
1465206300000,17674.55,17682.4,17661.95,17673.2,0
1465271100000,17786.6,17817.9,17717.55,17770.3,0
1465278300000,17773.25,17949.05,17713.35,17929.7,0
1465285500000,17929.8,18000.95,17901.85,17960.1,0
1465292700000,17959.35,17972.15,17936.05,17945.65,0
1465357500000,17985.4,17985.4,17855.2,17908.6,0
1465364700000,17907.0,17995.8,17890.3,17977.3,0
1465371900000,17976.35,17994.95,17886.45,17945.95,0
1465379100000,17946.05,17957.1,17928.95,17935.75,0
1465443900000,17947.4,17986.15,17876.9,17929.5,0
1465451100000,17929.75,17962.5,17897.7,17926.15,0
1465458300000,17926.95,17943.75,17801.55,17888.15,0
1465465500000,17889.8,17916.15,17854.4,17868.35,0
1465530300000,17841.25,18041.45,17825.1,18026.55,0
1465537500000,18038.25,18051.5,17846.9,17867.55,0
1465544700000,17864.95,17894.45,17815.25,17839.65,0
1465551900000,17836.95,17843.0,17820.2,17826.55,0
1465789500000,17618.9,17666.55,17541.15,17555.0,0
1465796700000,17557.45,17594.25,17527.55,17558.1,0
1465803900000,17559.85,17635.05,17538.55,17595.65,0
1465811100000,17593.3,17614.7,17589.15,17608.75,0
1465875900000,17697.15,17697.15,17579.15,17608.65,0
1465883100000,17608.3,17655.0,17599.75,17633.9,0
1465890300000,17630.0,17719.85,17575.95,17673.95,0
1465897500000,17672.9,17682.75,17663.15,17676.15,0
1465962300000,17743.25,17763.55,17672.45,17692.0,0
1465969500000,17692.3,17726.9,17659.6,17714.95,0
1465976700000,17716.1,17943.65,17684.8,17908.7,0
1465983900000,17906.5,17924.8,17885.05,17885.4,0
1466048700000,17813.1,17813.1,17658.6,17666.3,0
1466055900000,17667.25,17670.1,17545.8,17648.7,0
1466063100000,17651.3,17711.5,17608.0,17667.4,0
1466070300000,17669.25,17671.3,17638.85,17645.8,0
1466135100000,17770.3,17843.15,17750.0,17765.25,0
1466142300000,17768.3,17780.55,17719.55,17748.65,0
1466149500000,17750.0,17765.35,17590.75,17693.3,0
1466156700000,17691.85,17709.7,17674.6,17685.5,0
1466394300000,17431.65,17706.55,17431.65,17636.8,0
1466401500000,17636.05,17748.65,17609.95,17703.95,0
1466408700000,17703.4,17779.0,17667.15,17729.5,0
1466415900000,17730.55,17734.5,17698.75,17708.9,0
1466480700000,17763.3,17763.3,17617.8,17677.65,0
1466487900000,17678.1,17706.25,17626.8,17662.4,0
1466495100000,17662.1,17689.1,17604.35,17621.45,0
1466502300000,17622.9,17629.0,17585.65,17585.65,0
1466567100000,17611.6,17755.25,17596.2,17699.15,0
1466574300000,17698.4,17715.1,17642.5,17652.35,0
1466581500000,17652.8,17669.85,17518.15,17622.2,0
1466588700000,17621.85,17645.25,17610.8,17610.8,0
1466653500000,17637.75,17678.1,17611.0,17672.2,0
1466660700000,17670.45,17759.65,17651.9,17754.95,0
1466667900000,17754.45,17907.5,17730.0,17883.05,0
1466675100000,17882.75,17904.45,17874.25,17897.6,0
1466739900000,17191.7,17274.95,16946.35,17033.45,0
1466747100000,17034.0,17232.8,16975.75,17215.8,0
1466754300000,17216.2,17459.2,17179.8,17418.55,0
1466761500000,17421.1,17443.3,17391.7,17413.75,0
1466999100000,17362.85,17542.45,17361.85,17478.55,0
1467006300000,17478.65,17611.2,17474.35,17558.2,0
1467013500000,17557.6,17580.0,17438.4,17524.7,0
1467020700000,17526.7,17529.25,17497.75,17503.6,0
1467085500000,17502.8,17594.65,17481.5,17535.6,0
1467092700000,17535.5,17626.7,17521.35,17602.75,0
1467099900000,17602.0,17615.0,17520.7,17569.5,0
1467107100000,17568.7,17572.1,17544.9,17558.3,0
1467171900000,17642.25,17669.05,17580.5,17633.9,0
1467179100000,17633.75,17676.45,17622.1,17660.1,0
1467186300000,17660.5,17728.95,17653.25,17686.05,0
1467193500000,17684.55,17691.5,17675.1,17685.35,0
1467258300000,17818.35,17889.2,17795.9,17876.8,0
1467265500000,17877.2,17880.0,17817.7,17860.65,0
1467272700000,17861.15,17975.05,17859.2,17938.55,0
1467279900000,17940.1,17952.45,17910.5,17914.0,0
1467344700000,18018.45,18074.95,17982.8,18029.2,0
1467351900000,18028.85,18069.05,18019.95,18048.7,0
1467359100000,18049.4,18072.7,17989.8,17989.9,0
1467366300000,17990.3,17996.55,17955.3,17955.8,0
1467603900000,18088.45,18146.35,18065.65,18132.6,0
1467611100000,18135.45,18137.4,18065.65,18086.5,0
1467618300000,18084.95,18111.1,18054.8,18090.7,0
1467625500000,18090.55,18109.85,18083.85,18104.7,0
1467690300000,18119.7,18124.1,18044.85,18087.35,0
1467697500000,18085.5,18111.2,18045.85,18070.7,0
1467704700000,18070.75,18078.05,17989.6,18000.85,0
1467711900000,18003.5,18013.65,17990.85,18006.7,0
1467863100000,18036.4,18073.2,17997.1,18040.2,0
1467870300000,18040.0,18098.75,18014.0,18065.5,0
1467877500000,18065.4,18146.55,18048.3,18067.15,0
1467884700000,18066.6,18098.95,18059.5,18073.65,0
1467949500000,18076.4,18079.2,17910.9,17935.75,0
1467956700000,17935.2,18003.0,17930.25,17980.95,0
1467963900000,17981.2,18030.25,17967.75,18018.8,0
1467971100000,18020.7,18025.35,18004.8,18008.65,0
1468208700000,18270.75,18365.85,18243.3,18344.55,0
1468215900000,18343.15,18372.9,18319.15,18350.7,0
1468223100000,18349.7,18397.25,18339.95,18391.9,0
1468230300000,18391.55,18409.45,18388.0,18398.9,0
1468295100000,18532.65,18552.75,18464.15,18537.25,0
1468302300000,18537.95,18574.6,18509.85,18553.45,0
1468309500000,18554.2,18671.35,18500.65,18665.6,0
1468316700000,18666.45,18684.45,18659.45,18661.4,0
1468381500000,18698.85,18711.6,18557.85,18604.65,0
1468388700000,18602.65,18648.3,18546.25,18617.85,0
1468395900000,18617.95,18662.9,18584.8,18603.05,0
1468403100000,18602.75,18620.8,18595.15,18611.0,0
1468467900000,18633.3,18668.3,18580.2,18652.0,0
1468475100000,18653.75,18811.1,18640.55,18797.95,0
1468482300000,18797.3,18872.7,18794.7,18869.55,0
1468489500000,18869.3,18880.9,18829.6,18835.9,0
1468554300000,18888.3,18932.05,18796.4,18839.35,0
1468561500000,18839.45,19001.5,18772.45,18997.15,0
1468568700000,19001.45,19016.1,18930.35,18949.55,0
1468575900000,18949.45,18965.2,18931.1,18954.7,0
1468813500000,18998.4,19147.75,18979.7,19139.1,0
1468820700000,19138.55,19158.0,19103.95,19116.45,0
1468827900000,19117.0,19130.3,18930.75,18941.75,0
1468835100000,18940.8,18942.1,18885.0,18890.9,0
1468899900000,18930.55,18967.8,18833.6,18917.55,0
1468907100000,18918.35,19030.05,18879.2,18926.25,0
1468914300000,18926.5,18934.55,18836.65,18926.9,0
1468921500000,18926.75,18932.3,18883.5,18925.85,0
1468986300000,18893.8,19000.15,18886.3,18953.05,0
1468993500000,18952.8,19016.25,18949.35,18967.6,0
1469000700000,18967.65,19004.45,18945.5,18969.8,0
1469007900000,18971.25,18975.1,18952.75,18960.5,0
1469072700000,18960.55,19000.3,18901.0,18940.8,0
1469079900000,18940.45,18950.2,18780.35,18783.35,0
1469087100000,18783.25,18838.7,18670.1,18683.05,0
1469094300000,18680.1,18685.1,18644.55,18665.05,0
1469159100000,18705.65,18705.95,18551.3,18631.7,0
1469166300000,18634.0,18735.4,18616.1,18711.05,0
1469173500000,18710.95,18729.1,18604.15,18677.15,0
1469180700000,18676.45,18722.4,18662.05,18706.35,0
1469418300000,18587.5,18782.65,18572.1,18780.85,0
1469425500000,18780.5,18913.1,18765.35,18905.95,0
1469432700000,18907.25,19035.35,18902.65,18999.65,0
1469439900000,18999.25,19007.75,18957.75,18972.95,0
1469504700000,18978.0,19032.5,18927.7,19007.75,0
1469511900000,19008.05,19044.45,18960.75,18966.75,0
1469519100000,18965.6,19033.65,18814.25,18838.35,0
1469526300000,18837.85,18863.05,18815.25,18857.85,0
1469591100000,18912.35,19125.0,18888.6,19039.05,0
1469598300000,19039.35,19039.35,18882.4,18968.65,0
1469605500000,18968.1,19047.3,18930.05,19035.55,0
1469612700000,19038.6,19041.35,19002.75,19002.75,0
1469677500000,19061.65,19115.1,19028.95,19097.25,0
1469684700000,19095.4,19126.75,19053.9,19093.8,0
1469691900000,19094.1,19100.45,18998.8,19067.15,0
1469699100000,19064.05,19088.25,19049.35,19083.15,0
1469763900000,19060.65,19070.15,18918.55,18955.6,0
1469771100000,18958.85,18989.7,18936.7,18964.2,0
1469778300000,18965.95,18972.4,18912.6,18964.9,0
1469785500000,18965.55,18974.5,18948.95,18950.35,0
1470023100000,18896.4,19078.5,18896.4,18966.55,0
1470030300000,18966.6,18994.7,18654.0,18680.45,0
1470037500000,18679.3,18781.75,18634.4,18736.35,0
1470044700000,18737.5,18785.6,18725.85,18771.8,0
1470109500000,18765.3,18866.55,18711.7,18804.45,0
1470116700000,18801.95,18824.0,18708.6,18768.25,0
1470123900000,18769.8,18784.35,18671.85,18708.65,0
1470131100000,18709.75,18735.55,18695.1,18726.2,0
1470195900000,18682.0,18775.4,18620.6,18700.35,0
1470203100000,18704.25,18725.2,18625.35,18653.9,0
1470210300000,18653.55,18726.05,18554.4,18561.7,0
1470217500000,18561.5,18608.05,18542.6,18585.5,0
1470282300000,18723.25,18723.25,18457.45,18570.1,0
1470289500000,18571.9,18607.0,18484.05,18484.05,0
1470296700000,18483.9,18547.45,18443.65,18539.1,0
1470303900000,18538.85,18654.55,18536.55,18627.7,0
1470368700000,18725.1,18886.05,18708.25,18853.2,0
1470375900000,18847.05,18912.9,18847.05,18870.7,0
1470383100000,18870.5,18943.15,18826.3,18932.8,0
1470390300000,18932.25,18942.95,18898.15,18903.1,0
1470627900000,18976.25,19028.7,18917.4,18975.9,0
1470635100000,18976.9,18982.85,18933.6,18963.55,0
1470642300000,18963.3,18984.75,18933.95,18946.35,0
1470649500000,18946.6,18948.05,18896.0,18912.65,0
1470714300000,18968.5,18968.5,18860.95,18912.4,0
1470721500000,18913.1,19008.15,18838.6,18854.1,0
1470728700000,18855.05,18962.55,18847.4,18929.15,0
1470735900000,18930.3,18958.95,18927.55,18927.55,0
1470800700000,18964.6,18985.25,18668.05,18696.85,0
1470807900000,18698.6,18729.3,18654.95,18701.15,0
1470815100000,18701.35,18706.7,18651.0,18664.4,0
1470822300000,18664.3,18670.65,18611.25,18624.75,0
1470887100000,18621.25,18678.6,18537.1,18651.8,0
1470894300000,18651.5,18699.2,18591.95,18611.15,0
1470901500000,18611.3,18641.15,18543.6,18631.1,0
1470908700000,18629.85,18671.1,18629.85,18657.7,0
1470973500000,18707.75,18813.75,18695.5,18796.75,0
1470980700000,18797.45,18952.45,18731.0,18952.0,0
1470987900000,18949.8,18986.8,18908.3,18960.8,0
1470995100000,18959.05,18976.35,18928.15,18931.65,0
1471319100000,19030.6,19062.2,18929.85,18974.75,0
1471326300000,18973.35,18990.7,18839.4,18922.75,0
1471333500000,18922.65,19052.5,18878.5,19008.1,0
1471340700000,19007.0,19021.35,18976.65,18976.65,0
1471405500000,19041.25,19066.35,18972.7,19065.35,0
1471412700000,19063.25,19138.35,19046.65,19075.8,0
1471419900000,19075.75,19084.75,18966.35,19032.75,0
1471427100000,19031.0,19044.1,19026.1,19031.05,0
1471491900000,19094.35,19308.7,19083.0,19271.7,0
1471499100000,19272.5,19339.35,19261.5,19326.85,0
1471506300000,19326.65,19367.45,19298.8,19351.25,0
1471513500000,19352.3,19363.35,19321.6,19335.3,0
1471578300000,19418.8,19432.6,19327.2,19397.75,0
1471585500000,19397.45,19457.4,19349.55,19373.95,0
1471592700000,19373.85,19438.7,19360.65,19414.95,0
1471599900000,19416.4,19429.7,19400.75,19424.0,0
1471837500000,19434.15,19493.2,19252.75,19290.7,0
1471844700000,19290.85,19345.55,19254.3,19312.6,0
1471851900000,19314.05,19398.0,19304.0,19327.55,0
1471859100000,19327.8,19341.85,19304.6,19337.05,0
1471923900000,19309.7,19347.6,19246.9,19260.5,0
1471931100000,19260.0,19331.8,19253.15,19294.8,0
1471938300000,19294.95,19339.4,19257.35,19334.85,0
1471945500000,19335.65,19372.65,19325.7,19366.85,0
1472010300000,19356.5,19385.05,19301.95,19323.5,0
1472017500000,19324.0,19357.65,19289.65,19335.0,0
1472024700000,19334.85,19392.2,19284.35,19365.1,0
1472031900000,19365.8,19368.3,19341.9,19346.8,0
1472096700000,19385.5,19432.75,19385.5,19421.8,0
1472103900000,19423.6,19429.3,19376.75,19389.05,0
1472111100000,19390.15,19410.05,19282.85,19291.65,0
1472118300000,19289.6,19305.45,19282.8,19294.0,0
1472183100000,19336.65,19358.0,19166.3,19187.0,0
1472190300000,19188.15,19214.65,19133.9,19155.2,0
1472197500000,19152.5,19212.3,19149.65,19193.9,0
1472204700000,19193.05,19213.75,19183.35,19188.05,0
1472442300000,19159.9,19214.15,19121.85,19133.95,0
1472449500000,19135.55,19154.45,19111.9,19122.6,0
1472456700000,19123.15,19247.85,19096.7,19217.5,0
1472463900000,19217.3,19237.2,19206.9,19225.25,0
1472528700000,19336.35,19475.5,19308.9,19438.6,0
1472535900000,19438.4,19466.95,19405.15,19459.65,0
1472543100000,19459.9,19546.35,19432.9,19526.05,0
1472550300000,19528.35,19540.8,19518.4,19531.25,0
1472615100000,19597.3,19702.4,19597.3,19674.15,0
1472622300000,19673.95,19692.6,19625.8,19688.1,0
1472629500000,19689.85,19823.4,19686.05,19778.05,0
1472636700000,19776.15,19809.0,19762.75,19788.2,0
1472701500000,19804.05,19848.35,19738.3,19828.8,0
1472708700000,19826.3,19877.75,19769.25,19870.5,0
1472715900000,19869.55,19928.2,19747.35,19769.5,0
1472723100000,19766.75,19822.3,19762.95,19818.0,0
1472787900000,19832.7,19904.8,19819.45,19866.15,0
1472795100000,19866.0,19883.3,19787.6,19817.3,0
1472802300000,19815.25,19902.6,19815.15,19881.55,0
1472809500000,19875.95,19911.25,19873.85,19891.85,0
1473133500000,19994.5,20218.1,19994.5,20208.15,0
1473140700000,20208.2,20276.9,20204.2,20267.75,0
1473147900000,20267.9,20433.1,20213.5,20421.4,0
1473155100000,20421.6,20459.45,20413.25,20444.95,0
1473219900000,20501.05,20575.8,20384.7,20496.95,0
1473227100000,20498.85,20557.95,20435.75,20505.25,0
1473234300000,20504.85,20569.7,20384.75,20410.5,0
1473241500000,20410.25,20451.9,20376.75,20442.7,0
1473306300000,20444.2,20477.4,20385.4,20436.2,0
1473313500000,20435.3,20471.15,20335.2,20396.65,0
1473320700000,20395.7,20444.95,20374.6,20411.7,0
1473327900000,20411.2,20427.9,20397.55,20407.15,0
1473392700000,20286.2,20323.75,20139.15,20179.75,0
1473399900000,20179.45,20286.75,20148.75,20260.95,0
1473407100000,20261.1,20349.7,20220.2,20228.1,0
1473414300000,20226.8,20267.05,20222.6,20247.45,0
1473651900000,19780.65,19855.55,19735.55,19808.5,0
1473659100000,19809.8,19841.05,19761.95,19815.75,0
1473666300000,19814.65,19830.9,19738.7,19779.35,0
1473673500000,19780.8,19818.25,19775.35,19798.9,0
1473824700000,19735.1,19890.4,19732.15,19829.75,0
1473831900000,19830.25,19953.15,19822.9,19853.65,0
1473839100000,19852.8,19919.75,19835.35,19909.6,0
1473846300000,19911.2,19943.6,19905.9,19939.4,0
1473911100000,19914.35,19955.4,19762.4,19802.0,0
1473918300000,19800.9,19817.15,19730.25,19793.95,0
1473925500000,19793.6,19859.1,19766.5,19814.0,0
1473932700000,19815.05,19871.15,19809.55,19866.7,0
1473997500000,19968.05,20227.2,19935.45,20177.9,0
1474004700000,20178.55,20181.85,20071.6,20082.15,0
1474011900000,20084.8,20090.35,19783.6,19854.85,0
1474019100000,19855.3,19904.25,19833.4,19868.7,0
1474256700000,19911.45,20014.4,19849.65,19902.55,0
1474263900000,19905.3,19937.6,19892.75,19922.25,0
1474271100000,19921.85,19947.75,19872.5,19904.65,0
1474278300000,19904.85,19922.15,19898.75,19904.35,0
1474343100000,19959.15,19964.3,19797.5,19842.4,0
1474350300000,19840.7,19860.85,19814.15,19854.75,0
1474357500000,19854.45,19883.1,19821.15,19845.0,0
1474364700000,19846.55,19865.9,19843.3,19863.75,0
1474429500000,19899.5,19934.75,19845.15,19919.35,0
1474436700000,19919.25,19937.85,19866.25,19874.35,0
1474443900000,19875.35,19886.2,19749.95,19831.1,0
1474451100000,19832.95,19846.5,19823.7,19828.9,0
1474515900000,20157.75,20264.8,20086.45,20095.1,0
1474523100000,20096.3,20098.55,19996.9,20054.15,0
1474530300000,20055.05,20151.75,20029.25,20128.15,0
1474537500000,20127.85,20130.7,20070.4,20079.5,0
1474602300000,20137.55,20137.55,19970.25,20020.9,0
1474609500000,20020.8,20059.8,20001.55,20006.15,0
1474616700000,20006.55,20037.45,19872.3,19875.75,0
1474623900000,19876.6,19912.8,19861.45,19868.8,0
1474861500000,19792.55,19794.15,19697.25,19722.4,0
1474868700000,19722.1,19725.25,19637.4,19647.7,0
1474875900000,19647.05,19656.95,19568.35,19589.75,0
1474883100000,19588.6,19607.15,19578.2,19604.7,0
1474947900000,19666.25,19696.45,19576.15,19584.6,0
1474955100000,19584.2,19678.05,19559.35,19577.1,0
1474962300000,19577.05,19612.95,19479.15,19511.05,0
1474969500000,19510.6,19559.7,19510.2,19553.15,0
1475034300000,19549.65,19593.75,19509.65,19564.5,0
1475041500000,19564.55,19667.6,19559.8,19627.05,0
1475048700000,19627.45,19700.0,19593.1,19650.55,0
1475055900000,19649.6,19671.6,19638.35,19660.8,0
1475120700000,19762.9,19793.2,19679.75,19703.25,0
1475127900000,19703.15,19716.6,19100.25,19273.2,0
1475135100000,19274.0,19386.4,19059.05,19174.2,0
1475142300000,19177.1,19303.3,19172.7,19233.05,0
1475207100000,19119.35,19327.75,19085.2,19220.75,0
1475214300000,19219.65,19245.9,19141.45,19211.15,0
1475221500000,19212.35,19311.8,19187.95,19263.3,0
1475228700000,19263.05,19330.85,19262.8,19323.2,0
1475466300000,19394.65,19553.45,19363.95,19544.95,0
1475473500000,19545.1,19551.0,19461.45,19535.7,0
1475480700000,19535.3,19604.75,19526.4,19597.2,0
1475487900000,19597.45,19611.25,19571.55,19595.1,0
1475552700000,19656.2,19656.2,19527.35,19575.1,0
1475559900000,19574.65,19614.35,19536.6,19588.1,0
1475567100000,19587.4,19747.45,19535.85,19669.3,0
1475574300000,19668.7,19713.3,19660.65,19708.05,0
1475639100000,19801.95,19816.5,19548.4,19611.5,0
1475646300000,19609.85,19623.05,19500.7,19577.75,0
1475653500000,19578.4,19614.3,19547.95,19555.6,0
1475660700000,19554.55,19557.75,19492.8,19501.8,0
1475725500000,19522.35,19569.9,19426.8,19534.85,0
1475732700000,19535.3,19570.7,19494.6,19562.8,0
1475739900000,19562.6,19563.05,19325.8,19391.7,0
1475747100000,19390.75,19432.15,19385.05,19415.95,0
1475811900000,19402.25,19456.0,19353.85,19388.35,0
1475819100000,19385.75,19411.8,19333.3,19335.95,0
1475826300000,19335.6,19438.65,19318.0,19383.65,0
1475833500000,19384.6,19416.1,19383.15,19403.0,0
1476071100000,19490.65,19501.45,19422.4,19435.1,0
1476078300000,19433.0,19439.8,19351.35,19379.0,0
1476085500000,19380.9,19414.0,19359.8,19365.15,0
1476092700000,19363.6,19405.45,19357.85,19393.35,0
1476330300000,19281.35,19284.4,19080.3,19111.25,0
1476337500000,19112.55,19118.6,18951.3,18963.65,0
1476344700000,18962.35,18975.45,18824.4,18969.65,0
1476351900000,18968.95,18982.2,18949.25,18975.4,0
1476416700000,19017.8,19032.05,18926.15,18969.9,0
1476423900000,18970.25,19035.1,18958.2,18989.1,0
1476431100000,18985.15,19046.0,18972.0,19009.05,0
1476438300000,19009.6,19053.5,19008.15,19033.0,0
1476675900000,19140.5,19241.35,19036.25,19238.8,0
1476683100000,19236.75,19241.75,19011.35,19096.8,0
1476690300000,19098.6,19110.95,19002.45,19065.2,0
1476697500000,19065.1,19100.3,19063.95,19082.05,0
1476762300000,19176.7,19273.7,19162.85,19236.4,0
1476769500000,19232.85,19346.4,19194.1,19331.85,0
1476776700000,19333.95,19494.05,19322.35,19487.3,0
1476783900000,19488.1,19511.8,19464.8,19466.4,0
1476848700000,19570.75,19576.3,19409.3,19427.05,0
1476855900000,19426.95,19462.3,19371.05,19378.45,0
1476863100000,19378.25,19477.7,19322.75,19421.5,0
1476870300000,19421.6,19427.0,19396.1,19402.0,0
1476935100000,19501.3,19703.95,19479.25,19684.15,0
1476942300000,19683.05,19722.85,19569.35,19632.7,0
1476949500000,19631.25,19677.0,19586.25,19666.0,0
1476956700000,19665.7,19677.9,19653.35,19675.95,0
1477021500000,19647.65,19650.75,19519.1,19529.2,0
1477028700000,19529.3,19618.4,19516.4,19598.8,0
1477035900000,19598.45,19732.85,19579.2,19695.0,0
1477043100000,19697.45,19744.0,19688.4,19698.05,0
1477280700000,19777.1,19856.75,19751.65,19803.1,0
1477287900000,19802.85,19883.25,19796.6,19875.65,0
1477295100000,19876.15,19897.85,19792.95,19815.7,0
1477302300000,19813.05,19832.15,19785.3,19822.35,0
1477367100000,19922.7,19922.7,19711.95,19743.65,0
1477374300000,19744.35,19835.9,19743.7,19753.6,0
1477381500000,19754.55,19873.55,19749.8,19827.95,0
1477388700000,19829.45,19856.25,19825.05,19833.55,0
1477453500000,19537.95,19644.2,19533.45,19592.2,0
1477460700000,19591.3,19627.25,19539.1,19594.7,0
1477467900000,19594.55,19725.9,19434.5,19479.7,0
1477475100000,19480.2,19500.1,19470.75,19479.65,0
1477539900000,19452.75,19463.45,19252.1,19283.1,0
1477547100000,19283.5,19362.2,19275.65,19362.2,0
1477554300000,19359.45,19531.8,19333.2,19526.1,0
1477561500000,19526.35,19544.2,19501.4,19509.15,0
1477626300000,19492.3,19589.7,19362.0,19541.4,0
1477633500000,19541.25,19567.3,19465.05,19532.35,0
1477640700000,19531.35,19585.65,19491.65,19577.8,0
1477647900000,19576.7,19577.4,19524.1,19570.75,0
1477971900000,19557.9,19561.6,19449.05,19501.05,0
1477979100000,19501.5,19563.05,19498.5,19549.3,0
1477986300000,19549.55,19591.65,19417.3,19455.95,0
1477993500000,19456.15,19472.85,19435.7,19452.0,0
1478058300000,19239.8,19245.7,19158.75,19202.0,0
1478065500000,19203.05,19278.2,19183.45,19250.6,0
1478072700000,19250.9,19296.55,19204.55,19223.95,0
1478079900000,19224.0,19259.3,19219.9,19243.85,0
1478144700000,19204.45,19319.65,19119.3,19258.35,0
1478151900000,19259.05,19269.75,19183.55,19206.0,0
1478159100000,19202.8,19279.05,19135.4,19186.25,0
1478166300000,19187.5,19195.15,19170.85,19176.45,0
1478231100000,19223.9,19223.9,19053.0,19070.65,0
1478238300000,19068.7,19164.75,19020.85,19126.0,0
1478245500000,19125.7,19134.15,18961.15,19043.55,0
1478252700000,19043.3,19093.7,19036.85,19077.6,0
1478490300000,19324.15,19324.15,19233.0,19296.75,0
1478497500000,19298.05,19378.0,19247.2,19324.2,0
1478504700000,19325.4,19369.9,19283.05,19355.5,0
1478511900000,19354.95,19375.25,19324.45,19338.05,0
1478576700000,19500.9,19500.9,19324.6,19345.25,0
1478583900000,19345.15,19389.35,19327.5,19370.85,0
1478591100000,19370.35,19549.45,19322.15,19523.3,0
1478598300000,19524.45,19535.0,19508.75,19517.75,0
1478663100000,18327.65,19194.95,18143.7,18824.25,0
1478670300000,18824.4,19165.45,18799.45,19147.85,0
1478677500000,19149.8,19587.8,19128.6,19496.7,0
1478684700000,19500.0,19571.95,19483.5,19564.75,0
1478749500000,19849.55,20253.15,19787.45,20230.65,0
1478756700000,20230.55,20283.15,20137.3,20223.0,0
1478763900000,20219.75,20280.65,20179.8,20188.7,0
1478771100000,20188.2,20218.6,20170.05,20206.25,0
1478835900000,20044.35,20309.65,19915.8,19950.8,0
1478843100000,19949.85,19994.45,19789.2,19919.55,0
1478850300000,19919.25,19930.5,19707.0,19731.85,0
1478857500000,19731.8,19785.85,19704.35,19780.0,0
1479181500000,19834.65,19861.75,19657.85,19679.55,0
1479188700000,19678.45,19680.05,19276.5,19361.7,0
1479195900000,19361.2,19447.8,19240.45,19279.05,0
1479203100000,19280.2,19321.05,19259.6,19292.85,0
1479267900000,19611.9,19611.9,19161.45,19259.55,0
1479275100000,19259.25,19339.8,19167.4,19204.25,0
1479282300000,19205.25,19269.5,19088.4,19101.7,0
1479289500000,19105.25,19123.75,19091.35,19096.2,0
1479354300000,19117.6,19328.75,19071.55,19216.65,0
1479361500000,19216.05,19247.25,19157.0,19198.4,0
1479368700000,19200.3,19208.45,19009.85,19086.7,0
1479375900000,19087.9,19170.15,19072.2,19161.55,0
1479440700000,19180.75,19216.35,18997.0,19049.0,0
1479447900000,19048.35,19105.55,19007.25,19104.05,0
1479455100000,19101.9,19129.45,18897.1,18953.75,0
1479462300000,18950.95,18986.6,18935.7,18956.05,0
1479699900000,19057.6,19075.95,18446.6,18493.6,0
1479707100000,18490.85,18533.7,18424.25,18516.55,0
1479714300000,18514.85,18542.4,18351.25,18448.75,0
1479721500000,18444.8,18487.0,18437.4,18467.55,0
1479786300000,18636.1,18650.5,18373.35,18475.0,0
1479793500000,18474.05,18483.1,18327.15,18348.1,0
1479800700000,18348.85,18597.85,18322.7,18521.1,0
1479807900000,18522.75,18590.75,18512.05,18582.0,0
1479872700000,18669.05,18669.05,18449.7,18554.15,0
1479879900000,18551.3,18572.25,18484.15,18525.8,0
1479887100000,18525.85,18620.95,18508.1,18555.95,0
1479894300000,18556.25,18558.1,18499.35,18519.9,0
1479959100000,18476.35,18476.35,18362.1,18379.9,0
1479966300000,18378.95,18423.2,18283.7,18287.55,0
1479973500000,18289.6,18415.5,18215.8,18232.5,0
1479980700000,18227.1,18297.3,18227.1,18296.4,0
1480045500000,18377.9,18445.9,18266.6,18402.25,0
1480052700000,18404.8,18450.3,18359.2,18387.2,0
1480059900000,18387.0,18546.35,18385.15,18518.45,0
1480067100000,18519.5,18520.1,18477.75,18482.9,0
1480304700000,18249.5,18390.0,18187.4,18352.25,0
1480311900000,18352.35,18471.65,18338.3,18364.9,0
1480319100000,18364.35,18366.8,18261.1,18300.7,0
1480326300000,18300.85,18315.85,18288.5,18302.35,0
1480391100000,18313.7,18427.4,18259.45,18359.85,0
1480398300000,18359.75,18409.1,18348.2,18378.4,0
1480405500000,18376.75,18398.45,18188.7,18223.7,0
1480412700000,18223.9,18248.0,18206.2,18244.55,0
1480477500000,18319.8,18451.6,18262.5,18439.5,0
1480484700000,18439.6,18444.1,18343.15,18415.1,0
1480491900000,18415.45,18667.85,18403.45,18639.95,0
1480499100000,18639.35,18654.65,18591.65,18601.4,0
1480563900000,18690.6,18713.1,18491.5,18512.4,0
1480571100000,18510.35,18532.25,18447.7,18531.9,0
1480578300000,18527.35,18539.85,18389.65,18436.6,0
1480585500000,18436.95,18441.6,18409.8,18421.45,0
1480650300000,18336.95,18336.95,18181.45,18241.45,0
1480657500000,18239.9,18254.2,18163.8,18176.9,0
1480664700000,18177.45,18490.5,18172.1,18249.6,0
1480671900000,18250.1,18268.3,18238.35,18254.95,0
1480909500000,18240.55,18286.95,18189.5,18229.75,0
1480916700000,18231.65,18267.7,18203.45,18256.6,0
1480923900000,18256.45,18416.4,18243.95,18414.3,0
1480931100000,18413.5,18434.25,18398.45,18426.05,0
1480995900000,18460.75,18480.0,18365.95,18420.35,0
1481003100000,18419.05,18493.0,18411.9,18457.95,0
1481010300000,18457.85,18499.75,18408.25,18422.85,0
1481017500000,18423.9,18429.05,18388.25,18429.05,0
1481082300000,18521.45,18531.65,18461.25,18527.8,0
1481089500000,18523.85,18579.55,18497.5,18563.4,0
1481096700000,18564.1,18588.75,17952.6,18216.2,0
1481103900000,18214.25,18281.35,18178.85,18269.45,0
1481168700000,18358.3,18459.65,18336.95,18431.6,0
1481175900000,18431.25,18493.5,18413.6,18455.75,0
1481183100000,18456.95,18558.75,18453.65,18521.9,0
1481190300000,18522.5,18529.9,18483.4,18490.25,0
1481255100000,18578.1,18581.05,18432.3,18539.0,0
1481262300000,18539.7,18697.05,18530.55,18641.55,0
1481269500000,18641.45,18739.65,18625.1,18691.55,0
1481276700000,18689.5,18706.2,18666.2,18679.45,0
1481514300000,18576.1,18613.95,18515.65,18529.85,0
1481521500000,18530.95,18536.05,18484.05,18500.3,0
1481528700000,18499.95,18521.75,18364.05,18387.15,0
1481535900000,18387.05,18404.05,18372.0,18402.55,0
1481600700000,18364.2,18384.5,18291.35,18374.15,0
1481607900000,18374.0,18393.35,18330.55,18364.95,0
1481615100000,18364.3,18492.85,18340.75,18463.8,0
1481622300000,18467.6,18477.85,18425.1,18440.05,0
1481687100000,18465.7,18485.45,18386.0,18397.45,0
1481694300000,18397.15,18454.25,18328.9,18347.3,0
1481701500000,18347.4,18434.55,18329.4,18333.9,0
1481708700000,18334.85,18374.5,18322.9,18360.25,0
1481773500000,18150.9,18532.0,18122.1,18437.45,0
1481780700000,18436.2,18446.05,18301.15,18383.5,0
1481787900000,18384.25,18437.45,18358.1,18405.3,0
1481795100000,18405.85,18424.55,18392.6,18415.45,0
1481859900000,18421.85,18428.45,18310.5,18353.25,0
1481867100000,18354.3,18359.15,18268.3,18286.8,0
1481874300000,18286.45,18338.5,18278.1,18300.55,0
1481881500000,18300.6,18359.15,18299.95,18333.9,0
1482119100000,18259.8,18316.8,18215.5,18283.45,0
1482126300000,18284.45,18307.2,18255.8,18269.5,0
1482133500000,18269.05,18311.3,18251.35,18253.5,0
1482140700000,18252.55,18261.45,18238.55,18250.85,0
1482205500000,18253.2,18274.9,18122.85,18140.95,0
1482212700000,18139.35,18140.55,18009.8,18052.65,0
1482219900000,18052.15,18129.25,18023.95,18052.2,0
1482227100000,18051.4,18100.75,18048.15,18087.65,0
1482291900000,18134.65,18158.15,18045.0,18088.7,0
1482299100000,18088.5,18125.65,18078.5,18080.7,0
1482306300000,18080.75,18167.15,18069.25,18082.7,0
1482313500000,18079.5,18092.6,18048.15,18052.85,0
1482378300000,18013.9,18029.6,17886.25,17899.4,0
1482385500000,17899.35,17927.8,17859.7,17868.7,0
1482392700000,17870.0,17917.75,17839.75,17884.45,0
1482399900000,17885.35,17926.0,17870.0,17903.05,0
1482464700000,17856.7,17909.1,17819.75,17875.85,0
1482471900000,17875.2,17950.95,17871.35,17919.4,0
1482479100000,17922.0,17962.3,17833.95,17883.2,0
1482486300000,17882.9,17905.25,17881.8,17886.2,0
1482723900000,17828.85,17860.85,17606.9,17659.75,0
1482731100000,17658.65,17696.15,17636.8,17674.75,0
1482738300000,17675.8,17722.8,17636.6,17652.6,0
1482745500000,17651.9,17674.75,17646.65,17656.15,0
1482810300000,17687.85,17719.75,17616.1,17714.6,0
1482817500000,17713.55,17728.1,17667.95,17681.65,0
1482824700000,17682.55,17902.55,17679.7,17897.7,0
1482831900000,17898.05,17907.35,17869.2,17869.2,0
1482896700000,17915.7,17974.25,17829.15,17963.3,0
1482903900000,17964.85,18059.65,17939.85,18027.35,0
1482911100000,18027.55,18056.05,17854.9,17860.15,0
1482918300000,17860.05,17892.25,17857.7,17871.45,0
1482983100000,17867.55,17933.5,17829.4,17903.2,0
1482990300000,17903.7,17908.3,17843.95,17865.55,0
1482997500000,17866.4,18048.7,17845.6,18044.3,0
1483004700000,18044.4,18053.3,18017.25,18020.2,0
1483069500000,18037.9,18201.7,18016.8,18159.3,0
1483076700000,18156.85,18221.5,18154.55,18215.95,0
1483083900000,18214.2,18245.75,18142.6,18178.55,0
1483091100000,18177.05,18188.95,18133.65,18149.5,0
1483328700000,18234.15,18249.0,17872.15,17903.9,0
1483335900000,17903.6,17951.15,17844.9,17946.9,0
1483343100000,17947.15,18052.85,17928.1,17962.7,0
1483350300000,17963.25,17983.75,17957.6,17977.8,0
1483415100000,17994.25,18115.05,17830.95,18101.05,0
1483422300000,18100.2,18106.85,18044.45,18066.35,0
1483429500000,18064.65,18093.55,17958.45,18034.1,0
1483436700000,18033.7,18047.9,18024.15,18043.0,0
1483501500000,18044.3,18092.85,17961.55,17984.0,0
1483508700000,17985.4,18021.65,17936.05,17974.05,0
1483515900000,17973.25,17999.0,17879.05,17889.95,0
1483523100000,17890.45,17915.05,17868.9,17914.95,0
1483587900000,18004.2,18064.05,17977.8,18026.2,0
1483595100000,18026.5,18121.6,18024.15,18103.4,0
1483602300000,18104.8,18164.05,18088.9,18104.15,0
1483609500000,18103.25,18114.85,18086.65,18095.75,0
1483674300000,18181.05,18325.5,18157.3,18234.65,0
1483681500000,18234.85,18301.9,18234.15,18282.35,0
1483688700000,18281.25,18319.65,18231.9,18265.9,0
1483695900000,18266.75,18279.0,18254.45,18259.25,0
1483933500000,18299.8,18373.1,18256.15,18299.05,0
1483940700000,18298.7,18330.4,18277.0,18296.25,0
1483947900000,18296.3,18348.55,18277.65,18280.35,0
1483955100000,18282.55,18296.25,18264.35,18277.6,0
1484019900000,18337.7,18412.75,18275.75,18337.8,0
1484027100000,18334.65,18363.25,18319.65,18351.4,0
1484034300000,18352.55,18399.65,18352.55,18395.65,0
1484041500000,18396.75,18441.15,18395.1,18436.85,0
1484106300000,18552.1,18670.85,18515.25,18660.2,0
1484113500000,18661.55,18801.25,18658.0,18800.45,0
1484120700000,18801.3,18889.45,18785.3,18808.55,0
1484127900000,18807.2,18836.9,18800.55,18808.8,0
1484192700000,18900.45,18966.3,18805.85,18869.55,0
1484199900000,18869.2,18922.6,18837.95,18917.1,0
1484207100000,18917.3,18926.35,18829.6,18874.75,0
1484214300000,18876.7,18886.95,18851.45,18879.05,0
1484279100000,18940.3,18952.25,18781.25,18847.6,0
1484286300000,18848.2,18913.35,18830.0,18889.05,0
1484293500000,18889.2,18930.6,18859.95,18904.7,0
1484300700000,18905.5,18927.45,18890.7,18908.9,0
1484538300000,18877.9,19001.35,18865.25,18973.25,0
1484545500000,18973.05,19059.15,18963.7,19049.25,0
1484552700000,19048.85,19134.5,19048.85,19097.45,0
1484559900000,19096.65,19111.8,19085.6,19110.65,0
1484624700000,19131.45,19202.25,19064.4,19087.9,0
1484631900000,19087.5,19091.55,18981.85,19071.75,0
1484639100000,19071.55,19100.5,19043.95,19076.55,0
1484646300000,19076.95,19079.7,19023.3,19031.85,0
1484711100000,19072.1,19276.5,19072.1,19249.4,0
1484718300000,19241.4,19265.6,19159.15,19186.65,0
1484725500000,19186.85,19198.55,19116.2,19175.5,0
1484732700000,19176.35,19179.5,19150.8,19155.95,0
1484797500000,19166.4,19167.85,19046.1,19096.9,0
1484804700000,19096.65,19185.3,19096.65,19143.15,0
1484811900000,19143.0,19154.5,19090.7,19127.65,0
1484819100000,19127.85,19128.35,19102.15,19114.5,0
1484883900000,18996.65,19071.65,18915.45,18995.6,0
1484891100000,18995.35,19028.95,18917.8,18942.25,0
1484898300000,18939.85,18943.25,18801.45,18818.55,0
1484905500000,18817.8,18834.8,18793.05,18806.85,0
1485143100000,18763.7,18909.65,18722.85,18878.4,0
1485150300000,18878.6,18880.7,18748.85,18764.3,0
1485157500000,18763.0,18836.15,18738.1,18833.0,0
1485164700000,18827.95,18889.95,18822.15,18878.25,0
1485229500000,18942.05,18997.0,18906.95,18974.35,0
1485236700000,18973.85,19002.4,18922.45,18959.7,0
1485243900000,18959.95,19043.65,18935.05,19011.75,0
1485251100000,19012.9,19054.3,19004.55,19051.3,0
1485315900000,19140.25,19174.05,19114.15,19169.3,0
1485323100000,19169.95,19267.1,19150.35,19248.6,0
1485330300000,19251.95,19500.2,19234.8,19491.15,0
1485337500000,19492.75,19518.45,19460.0,19460.0,0
1485488700000,19588.8,19712.6,19534.9,19698.55,0
1485495900000,19698.95,19731.65,19637.05,19710.45,0
1485503100000,19712.0,19794.95,19691.55,19712.75,0
1485510300000,19711.9,19723.3,19679.2,19702.1,0
1485747900000,19708.7,19767.05,19623.35,19660.7,0
1485755100000,19656.2,19690.3,19603.5,19624.25,0
1485762300000,19624.05,19655.75,19561.1,19579.45,0
1485769500000,19579.65,19597.75,19568.5,19590.3,0
1485834300000,19541.05,19577.8,19445.7,19488.45,0
1485841500000,19489.75,19624.1,19435.45,19579.8,0
1485848700000,19580.75,19591.15,19511.7,19538.55,0
1485855900000,19538.9,19543.45,19488.85,19491.4,0
1485920700000,19506.2,19643.95,19500.65,19610.5,0
1485927900000,19611.35,19941.7,19470.95,19768.05,0
1485935100000,19768.75,20032.85,19748.25,20023.55,0
1485942300000,20023.85,20047.85,20005.15,20045.9,0
1486007100000,20062.2,20071.05,19949.05,20002.5,0
1486014300000,20002.9,20037.4,19915.2,20022.4,0
1486021500000,20021.5,20146.9,20000.25,20069.55,0
1486028700000,20073.25,20078.85,20003.0,20018.4,0
1486093500000,20065.95,20151.85,20009.95,20121.45,0
1486100700000,20120.0,20178.0,20068.2,20145.15,0
1486107900000,20145.9,20229.65,20126.85,20197.6,0
1486115100000,20197.15,20203.85,20164.4,20183.25,0
1486352700000,20321.2,20462.45,20298.05,20420.7,0
1486359900000,20421.15,20431.7,20384.15,20408.9,0
1486367100000,20409.2,20415.6,20317.25,20360.25,0
1486374300000,20361.85,20385.1,20359.1,20381.0,0
1486439100000,20370.5,20381.0,20281.5,20330.75,0
1486446300000,20332.6,20409.8,20315.7,20404.8,0
1486453500000,20403.4,20426.95,20287.2,20328.2,0
1486460700000,20331.2,20342.35,20306.6,20308.3,0
1486525500000,20337.7,20362.8,20271.35,20285.9,0
1486532700000,20286.85,20312.05,20268.35,20285.65,0
1486539900000,20284.3,20306.7,20070.15,20262.2,0
1486547100000,20263.95,20360.4,20262.8,20322.3,0
1486611900000,20319.05,20406.6,20041.2,20052.35,0
1486619100000,20053.3,20146.35,20000.35,20129.25,0
1486626300000,20132.2,20194.75,20078.2,20161.1,0
1486633500000,20162.2,20175.15,20140.75,20175.15,0
1486698300000,20231.3,20310.0,20214.45,20272.8,0
1486705500000,20272.95,20295.55,20233.6,20281.5,0
1486712700000,20281.65,20287.95,20167.1,20196.75,0
1486719900000,20193.35,20230.8,20181.4,20227.0,0
1486957500000,20264.65,20308.7,20206.4,20224.45,0
1486964700000,20224.15,20259.25,20116.9,20147.65,0
1486971900000,20148.3,20274.0,20147.25,20255.35,0
1486979100000,20257.6,20277.15,20240.35,20255.25,0
1487043900000,20314.05,20314.05,20189.8,20235.9,0
1487051100000,20236.15,20244.7,20158.85,20215.95,0
1487058300000,20215.65,20289.2,20193.3,20263.5,0
1487065500000,20262.7,20275.25,20249.15,20256.8,0
1487130300000,20282.55,20368.2,20243.1,20244.55,0
1487137500000,20242.15,20262.8,20115.85,20166.65,0
1487144700000,20165.65,20228.85,20136.65,20158.55,0
1487151900000,20156.55,20170.65,20144.1,20157.55,0
1487216700000,20259.35,20259.35,20088.2,20166.55,0
1487223900000,20167.95,20276.3,20165.5,20218.35,0
1487231100000,20217.05,20295.55,20210.25,20240.65,0
1487238300000,20240.2,20256.05,20229.8,20255.65,0
1487303100000,21011.35,21042.35,20607.35,20704.75,0
1487310300000,20705.75,20796.35,20602.85,20621.1,0
1487317500000,20620.65,20627.45,20449.65,20548.6,0
1487324700000,20545.05,20566.05,20539.4,20549.45,0
1487562300000,20506.1,20590.45,20472.4,20570.25,0
1487569500000,20569.2,20625.45,20547.6,20581.45,0
1487576700000,20579.7,20660.65,20554.75,20656.3,0
1487583900000,20657.45,20702.6,20657.2,20676.45,0
1487648700000,20715.8,20715.8,20619.25,20661.55,0
1487655900000,20662.95,20695.4,20639.95,20654.4,0
1487663100000,20654.45,20903.35,20652.3,20864.45,0
1487670300000,20860.25,20865.85,20833.1,20850.9,0
1487735100000,20914.85,20945.7,20837.6,20932.55,0
1487742300000,20932.2,20958.25,20831.15,20861.9,0
1487749500000,20861.6,20909.05,20829.65,20876.7,0
1487756700000,20877.8,20880.15,20856.15,20879.85,0
1487821500000,20870.55,20925.85,20841.6,20901.45,0
1487828700000,20898.25,20994.8,20866.55,20987.1,0
1487835900000,20988.45,21011.9,20840.3,20844.95,0
1487843100000,20840.15,20873.5,20828.4,20851.2,0
1488167100000,20826.7,20837.5,20669.65,20699.7,0
1488174300000,20700.05,20746.35,20685.1,20703.6,0
1488181500000,20702.4,20726.2,20593.95,20623.9,0
1488188700000,20624.6,20632.25,20584.75,20599.15,0
1488253500000,20618.75,20681.3,20591.95,20619.4,0
1488260700000,20620.05,20632.75,20561.65,20606.0,0
1488267900000,20606.75,20649.25,20560.6,20591.05,0
1488275100000,20593.1,20641.3,20581.9,20609.15,0
1488339900000,20700.95,20833.75,20678.75,20775.55,0
1488347100000,20775.75,20793.5,20748.1,20753.15,0
1488354300000,20753.5,20817.9,20741.1,20786.3,0
1488361500000,20786.6,20791.7,20760.1,20786.15,0
1488426300000,20900.05,20905.0,20806.4,20857.85,0
1488433500000,20859.7,20889.35,20725.3,20744.65,0
1488440700000,20744.55,20759.65,20523.5,20552.1,0
1488447900000,20551.8,20558.2,20516.9,20542.75,0
1488512700000,20580.45,20580.45,20428.65,20447.95,0
1488519900000,20447.9,20484.5,20423.35,20437.05,0
1488527100000,20435.55,20514.5,20430.9,20469.95,0
1488534300000,20474.05,20523.5,20462.1,20507.1,0
1488771900000,20572.3,20727.5,20532.2,20678.65,0
1488779100000,20678.5,20680.95,20591.6,20609.75,0
1488786300000,20609.95,20673.45,20590.85,20670.2,0
1488793500000,20669.05,20672.75,20650.9,20667.3,0
1488858300000,20687.55,20701.25,20586.15,20617.3,0
1488865500000,20616.8,20636.8,20593.65,20611.8,0
1488872700000,20612.05,20638.7,20585.95,20627.95,0
1488879900000,20628.05,20639.05,20620.75,20631.2,0
1488944700000,20639.2,20711.5,20582.35,20595.5,0
1488951900000,20597.65,20616.15,20534.25,20616.05,0
1488959100000,20617.05,20710.15,20611.05,20669.7,0
1488966300000,20669.85,20715.2,20669.25,20689.65,0
1489031100000,20635.05,20717.1,20603.9,20684.9,0
1489038300000,20682.75,20734.65,20657.45,20678.7,0
1489045500000,20679.65,20780.25,20649.9,20715.0,0
1489052700000,20713.35,20731.05,20688.15,20730.45,0
1489117500000,20834.95,20876.95,20734.05,20757.2,0
1489124700000,20756.35,20761.5,20703.25,20734.2,0
1489131900000,20733.15,20746.65,20648.8,20716.4,0
1489139100000,20711.65,20760.9,20710.3,20760.9,0
1489463100000,21204.55,21274.45,21070.75,21178.7,0
1489470300000,21178.0,21188.2,21109.7,21145.7,0
1489477500000,21144.35,21162.05,21072.55,21106.5,0
1489484700000,21105.45,21116.2,21059.7,21062.0,0
1489549500000,21103.55,21216.9,21063.95,21197.45,0
1489556700000,21197.05,21202.75,21152.85,21176.85,0
1489563900000,21177.0,21213.55,21138.05,21156.4,0
1489571100000,21154.8,21172.55,21145.7,21157.9,0
1489635900000,21257.05,21289.8,21207.15,21224.95,0
1489643100000,21225.65,21272.35,21194.25,21258.15,0
1489650300000,21258.8,21285.4,21213.7,21246.6,0
1489657500000,21246.3,21268.05,21241.0,21266.55,0
1489722300000,21313.0,21336.05,21144.2,21152.85,0
1489729500000,21153.25,21180.55,21127.95,21167.7,0
1489736700000,21168.05,21206.05,21145.1,21178.75,0
1489743900000,21179.25,21192.45,21153.8,21175.7,0
1489981500000,21179.2,21183.15,21084.8,21131.2,0
1489988700000,21130.0,21146.3,21099.25,21109.8,0
1489995900000,21110.75,21138.55,21093.4,21111.65,0
1490003100000,21111.3,21123.75,21103.8,21113.05,0
1490067900000,21124.25,21146.5,21051.0,21064.05,0
1490075100000,21064.2,21066.15,20980.55,20987.55,0
1490082300000,20984.35,21043.45,20967.0,21020.55,0
1490089500000,21019.9,21054.85,21005.4,21052.4,0
1490154300000,20816.05,20888.95,20796.8,20827.85,0
1490161500000,20827.0,20899.0,20827.0,20883.95,0
1490168700000,20884.0,20896.3,20765.15,20775.5,0
1490175900000,20774.3,20794.4,20753.9,20776.6,0
1490240700000,20871.05,20880.25,20784.8,20847.85,0
1490247900000,20849.75,20863.3,20775.35,20820.55,0
1490255100000,20819.95,20934.75,20805.85,20896.1,0
1490262300000,20893.9,20907.75,20871.8,20888.5,0
1490327100000,21001.05,21144.5,20929.15,21102.55,0
1490334300000,21103.05,21134.45,21083.5,21118.6,0
1490341500000,21118.1,21174.1,21094.9,21114.45,0
1490348700000,21115.5,21133.8,21096.85,21122.75,0
1490586300000,21179.2,21179.2,21051.4,21094.15,0
1490593500000,21096.65,21098.95,20979.55,21016.1,0
1490600700000,21011.5,21138.65,20983.3,21051.65,0
1490607900000,21052.6,21061.65,21031.7,21043.5,0
1490672700000,21235.9,21242.75,21145.0,21223.05,0
1490679900000,21223.1,21264.95,21200.85,21224.95,0
1490687100000,21225.15,21242.45,21181.3,21204.85,0
1490694300000,21206.55,21249.85,21203.8,21230.1,0
1490759100000,21318.55,21330.25,21255.75,21322.7,0
1490766300000,21321.85,21407.0,21316.9,21383.55,0
1490773500000,21383.35,21402.85,21338.15,21388.75,0
1490780700000,21395.85,21418.6,21385.15,21397.5,0
1490845500000,21376.4,21493.3,21331.9,21469.5,0
1490852700000,21466.9,21487.35,21438.95,21468.8,0
1490859900000,21468.2,21696.0,21427.85,21614.05,0
1490867100000,21612.65,21648.55,21532.1,21559.05,0
1490931900000,21538.15,21574.15,21447.2,21458.65,0
1490939100000,21458.6,21537.3,21448.05,21483.55,0
1490946300000,21483.25,21524.2,21415.65,21440.7,0
1490953500000,21435.75,21477.05,21414.0,21430.95,0
1491191100000,21541.0,21541.0,21408.6,21446.25,0
1491198300000,21445.0,21514.05,21442.05,21511.35,0
1491205500000,21509.4,21565.45,21495.1,21547.45,0
1491212700000,21543.65,21558.5,21536.7,21548.55,0
1491363900000,21590.4,21622.45,21499.75,21622.25,0
1491371100000,21621.2,21672.2,21600.2,21657.45,0
1491378300000,21656.0,21699.3,21634.3,21675.1,0
1491385500000,21676.35,21680.1,21613.15,21613.15,0
1491450300000,21572.8,21637.65,21533.45,21606.55,0
1491457500000,21606.2,21620.25,21541.75,21564.1,0
1491464700000,21563.75,21674.0,21488.9,21628.55,0
1491471900000,21628.35,21637.1,21586.0,21621.4,0
1491536700000,21515.7,21616.85,21514.6,21572.8,0
1491543900000,21573.45,21588.8,21538.05,21559.6,0
1491551100000,21559.35,21595.6,21397.0,21411.25,0
1491558300000,21407.75,21446.6,21400.15,21436.75,0
1491795900000,21493.6,21504.25,21396.05,21490.65,0
1491803100000,21490.25,21537.95,21441.7,21468.55,0
1491810300000,21468.15,21552.1,21467.9,21522.6,0
1491817500000,21522.85,21540.75,21508.1,21534.65,0
1491882300000,21531.25,21652.8,21483.55,21644.25,0
1491889500000,21644.15,21656.2,21605.35,21634.6,0
1491896700000,21634.15,21752.2,21627.45,21729.65,0
1491903900000,21729.0,21753.35,21694.4,21704.85,0
1491968700000,21737.05,21776.3,21551.75,21649.25,0
1491975900000,21653.45,21787.1,21620.65,21758.85,0
1491983100000,21758.75,21773.45,21640.1,21674.2,0
1491990300000,21674.7,21677.05,21644.5,21651.9,0
1492055100000,21652.05,21756.9,21627.0,21734.3,0
1492062300000,21733.85,21758.85,21679.05,21732.9,0
1492069500000,21734.4,21741.6,21666.05,21678.1,0
1492076700000,21680.35,21711.6,21665.0,21680.95,0
1492400700000,21710.15,21743.3,21576.75,21675.2,0
1492407900000,21675.8,21679.05,21613.35,21640.2,0
1492415100000,21641.8,21649.75,21597.8,21633.45,0
1492422300000,21636.7,21669.7,21615.95,21654.75,0
1492487100000,21720.25,21938.15,21690.9,21922.4,0
1492494300000,21923.45,21947.0,21833.4,21845.75,0
1492501500000,21845.2,21848.85,21634.15,21682.9,0
1492508700000,21681.75,21695.1,21651.5,21651.5,0
1492573500000,21674.45,21706.3,21482.1,21593.55,0
1492580700000,21592.35,21617.1,21530.25,21576.3,0
1492587900000,21576.9,21601.15,21470.2,21539.0,0
1492595100000,21538.55,21609.05,21537.05,21586.45,0
1492659900000,21437.55,21539.3,21396.0,21524.3,0
1492667100000,21525.9,21558.85,21481.2,21495.6,0
1492674300000,21494.9,21542.6,21451.8,21493.85,0
1492681500000,21491.6,21505.0,21481.85,21500.25,0
1492746300000,21570.7,21614.55,21510.8,21562.65,0
1492753500000,21562.55,21572.5,21408.4,21425.8,0
1492760700000,21428.2,21568.3,21386.2,21546.4,0
1492767900000,21546.2,21574.7,21534.15,21573.55,0
1493005500000,21632.65,21772.2,21578.65,21734.15,0
1493012700000,21734.7,21848.1,21687.05,21844.0,0
1493019900000,21844.6,21884.85,21805.5,21847.15,0
1493027100000,21846.8,21881.45,21835.15,21879.05,0
1493091900000,21983.7,21986.95,21900.3,21936.45,0
1493099100000,21933.9,22019.55,21924.25,21986.3,0
1493106300000,21983.9,22053.25,21920.85,22041.25,0
1493113500000,22044.65,22093.25,22040.95,22087.0,0
1493178300000,22068.35,22253.15,21814.9,22212.4,0
1493185500000,22207.75,22263.3,22186.0,22207.45,0
1493192700000,22207.5,22276.05,22104.65,22257.6,0
1493199900000,22259.55,22269.8,22227.85,22241.8,0
1493264700000,22242.45,22302.65,22169.8,22280.2,0
1493271900000,22279.9,22312.15,22234.75,22303.3,0
1493279100000,22300.95,22380.85,22251.55,22325.55,0
1493286300000,22329.15,22333.8,22248.1,22264.05,0
1493351100000,22283.15,22298.85,22190.8,22236.65,0
1493358300000,22237.35,22248.55,22182.55,22245.65,0
1493365500000,22245.35,22380.9,22242.25,22351.7,0
1493372700000,22354.8,22383.0,22349.15,22349.15,0
1493696700000,22431.65,22492.15,22266.15,22298.0,0
1493703900000,22298.95,22372.1,22270.35,22368.4,0
1493711100000,22370.85,22386.05,22296.4,22351.15,0
1493718300000,22351.2,22361.65,22327.3,22359.3,0
1493783100000,22449.0,22449.0,22272.85,22276.85,0
1493790300000,22276.75,22322.2,22240.05,22281.65,0
1493797500000,22281.2,22370.85,22268.25,22307.45,0
1493804700000,22307.25,22312.05,22272.35,22285.45,0
1493869500000,22624.25,22624.25,22449.9,22585.0,0
1493876700000,22584.75,22648.4,22552.85,22617.6,0
1493883900000,22621.3,22738.25,22617.8,22714.4,0
1493891100000,22714.25,22743.7,22710.15,22729.75,0
1493955900000,22853.55,22853.55,22653.0,22771.95,0
1493963100000,22770.25,22794.05,22592.1,22592.1,0
1493970300000,22591.25,22688.55,22514.0,22594.0,0
1493977500000,22594.55,22605.2,22577.2,22580.25,0
1494215100000,22677.65,22835.1,22632.5,22833.65,0
1494222300000,22833.4,22835.15,22748.4,22757.15,0
1494229500000,22754.35,22824.15,22750.3,22791.7,0
1494236700000,22793.4,22793.6,22746.35,22754.15,0
1494301500000,22828.8,22835.35,22664.35,22719.85,0
1494308700000,22720.6,22774.5,22686.45,22767.3,0
1494315900000,22762.5,22766.35,22697.25,22708.1,0
1494323100000,22708.4,22725.55,22694.95,22714.75,0
1494387900000,22783.25,22852.1,22742.05,22834.0,0
1494395100000,22834.15,22850.0,22784.25,22834.45,0
1494402300000,22834.65,22844.0,22781.95,22817.95,0
1494409500000,22819.55,22859.4,22814.0,22850.05,0
1494474300000,22919.3,22938.0,22857.1,22924.6,0
1494481500000,22925.05,22977.85,22897.0,22902.25,0
1494488700000,22901.3,22918.6,22818.5,22838.9,0
1494495900000,22838.75,22843.9,22764.65,22773.85,0
1494560700000,22852.95,22859.15,22710.7,22758.25,0
1494567900000,22758.1,22764.15,22648.95,22675.1,0
1494575100000,22674.8,22709.55,22578.0,22645.6,0
1494582300000,22642.6,22699.9,22642.2,22695.25,0
1494819900000,22749.35,22858.75,22730.35,22838.8,0
1494827100000,22839.35,22891.7,22767.55,22782.6,0
1494834300000,22784.05,22842.85,22764.85,22821.55,0
1494841500000,22821.35,22833.0,22803.75,22805.9,0
1494906300000,22883.4,22911.75,22727.65,22832.2,0
1494913500000,22833.25,22886.1,22794.45,22858.45,0
1494920700000,22860.5,22944.1,22855.5,22923.25,0
1494927900000,22925.6,22937.65,22915.85,22936.85,0
1494992700000,22955.4,22974.0,22855.55,22908.5,0
1494999900000,22909.15,22946.85,22830.1,22945.45,0
1495007100000,22943.35,22978.15,22916.65,22939.8,0
1495014300000,22938.95,22955.05,22904.95,22906.85,0
1495079100000,22761.65,22834.55,22706.35,22745.05,0
1495086300000,22743.6,22813.1,22733.75,22769.3,0
1495093500000,22769.15,22805.35,22681.6,22712.5,0
1495100700000,22712.65,22719.7,22660.2,22672.45,0
1495165500000,22774.25,22902.25,22749.4,22831.5,0
1495172700000,22830.75,22847.1,22628.45,22699.35,0
1495179900000,22700.1,22779.45,22650.85,22738.6,0
1495187100000,22738.15,22824.8,22728.25,22815.25,0
1495424700000,22893.05,22918.35,22751.5,22798.55,0
1495431900000,22799.15,22815.0,22721.3,22728.8,0
1495439100000,22729.05,22768.9,22640.75,22653.9,0
1495446300000,22653.5,22672.25,22637.75,22671.05,0
1495511100000,22684.8,22710.7,22492.2,22575.05,0
1495518300000,22575.3,22695.1,22560.3,22674.55,0
1495525500000,22672.4,22740.4,22526.9,22583.8,0
1495532700000,22585.25,22602.65,22567.8,22571.7,0
1495597500000,22639.0,22673.4,22546.75,22645.1,0
1495604700000,22646.15,22654.05,22512.95,22547.7,0
1495611900000,22548.2,22594.7,22469.8,22531.05,0
1495619100000,22530.85,22567.35,22511.7,22538.1,0
1495683900000,22584.45,22723.7,22570.35,22708.05,0
1495691100000,22708.0,22833.6,22673.5,22815.75,0
1495698300000,22813.0,23267.8,22813.0,23219.45,0
1495705500000,23222.1,23232.75,23115.8,23149.8,0
1495770300000,23156.05,23280.1,23092.35,23232.35,0
1495777500000,23233.05,23302.9,23201.15,23280.8,0
1495784700000,23281.2,23408.35,23245.3,23361.9,0
1495791900000,23362.5,23382.05,23300.85,23300.85,0
1496029500000,23310.65,23464.0,23206.1,23265.45,0
1496036700000,23262.85,23281.1,23195.7,23229.2,0
1496043900000,23229.55,23314.3,23152.2,23177.25,0
1496051100000,23175.8,23215.35,23141.15,23141.85,0
1496115900000,23146.1,23337.15,23093.95,23225.15,0
1496123100000,23225.65,23270.55,23193.3,23235.65,0
1496130300000,23235.75,23313.65,23213.15,23285.8,0
1496137500000,23286.25,23336.5,23286.25,23318.25,0
1496202300000,23323.3,23357.4,23255.6,23275.05,0
1496209500000,23274.55,23324.15,23248.5,23317.45,0
1496216700000,23319.35,23439.95,23277.75,23434.25,0
1496223900000,23435.5,23469.45,23414.3,23452.4,0
1496288700000,23396.15,23396.15,23288.95,23317.75,0
1496295900000,23318.35,23320.3,23224.05,23266.6,0
1496303100000,23267.5,23360.2,23265.05,23315.55,0
1496310300000,23315.25,23324.1,23296.95,23314.45,0
1496375100000,23424.15,23453.3,23308.4,23395.15,0
1496382300000,23393.0,23421.5,23322.7,23396.65,0
1496389500000,23397.0,23430.1,23363.95,23389.6,0
1496396700000,23387.1,23397.75,23333.6,23362.75,0
1496634300000,23402.05,23457.9,23349.95,23450.95,0
1496641500000,23448.25,23469.05,23422.2,23440.3,0
1496648700000,23437.85,23494.7,23435.8,23458.35,0
1496655900000,23456.0,23475.9,23449.3,23462.9,0
1496720700000,23536.1,23536.1,23410.25,23418.1,0
1496727900000,23417.25,23447.85,23381.7,23397.3,0
1496735100000,23396.25,23443.25,23391.6,23410.75,0
1496742300000,23412.55,23432.05,23405.55,23415.6,0
1496807100000,23493.05,23526.35,23443.1,23486.5,0
1496814300000,23486.65,23501.9,23458.0,23478.5,0
1496821500000,23479.3,23569.1,23427.55,23564.65,0
1496828700000,23567.75,23606.15,23559.6,23586.2,0
1496893500000,23633.05,23659.1,23536.7,23598.0,0
1496900700000,23600.35,23635.15,23584.05,23621.45,0
1496907900000,23622.1,23645.3,23516.3,23519.9,0
1496915100000,23521.95,23546.95,23514.2,23521.1,0
1496979900000,23486.1,23575.55,23476.85,23557.2,0
1496987100000,23556.55,23641.8,23540.8,23637.0,0
1496994300000,23637.05,23707.65,23603.1,23692.95,0
1497001500000,23693.4,23708.65,23680.85,23698.3,0
1497239100000,23611.25,23630.1,23519.6,23556.95,0
1497246300000,23556.45,23583.2,23497.75,23513.5,0
1497253500000,23507.25,23542.05,23441.8,23475.75,0
1497260700000,23476.3,23492.25,23463.85,23473.75,0
1497325500000,23455.3,23588.9,23446.9,23575.35,0
1497332700000,23574.65,23605.95,23561.2,23578.0,0
1497339900000,23575.15,23615.2,23476.8,23507.6,0
1497347100000,23504.75,23510.85,23448.25,23450.8,0
1497411900000,23562.8,23562.8,23405.6,23437.95,0
1497419100000,23438.1,23526.45,23399.4,23507.3,0
1497426300000,23506.9,23557.2,23486.85,23491.8,0
1497433500000,23495.9,23503.75,23486.15,23494.7,0
1497498300000,23461.95,23473.3,23386.0,23414.2,0
1497505500000,23415.1,23433.75,23334.35,23367.8,0
1497512700000,23367.55,23406.1,23311.85,23387.65,0
1497519900000,23388.6,23411.15,23374.2,23395.8,0
1497584700000,23459.8,23494.25,23414.8,23460.75,0
1497591900000,23459.65,23463.2,23416.6,23450.85,0
1497599100000,23451.8,23521.35,23391.0,23499.35,0
1497606300000,23499.45,23527.65,23478.85,23495.0,0
1497843900000,23579.35,23619.35,23535.7,23616.05,0
1497851100000,23615.5,23629.8,23589.35,23604.45,0
1497858300000,23604.65,23806.65,23603.4,23738.45,0
1497865500000,23738.6,23750.8,23701.55,23707.55,0
1497930300000,23720.8,23751.25,23651.2,23719.1,0
1497937500000,23718.45,23760.35,23679.85,23705.7,0
1497944700000,23705.55,23752.1,23689.9,23701.55,0
1497951900000,23698.2,23706.0,23665.35,23669.0,0
1498016700000,23642.15,23680.65,23610.2,23636.6,0
1498023900000,23637.0,23677.4,23634.55,23650.1,0
1498031100000,23650.3,23760.75,23619.2,23701.1,0
1498038300000,23701.4,23714.9,23678.8,23691.35,0
1498103100000,23721.55,23895.35,23712.55,23862.5,0
1498110300000,23863.9,23897.85,23825.95,23849.85,0
1498117500000,23855.0,23874.1,23722.8,23747.0,0
1498124700000,23747.55,23760.15,23694.15,23710.45,0
1498189500000,23780.25,23786.5,23598.0,23611.85,0
1498196700000,23613.0,23662.1,23531.4,23617.25,0
1498203900000,23617.45,23643.55,23513.25,23526.3,0
1498211100000,23527.05,23549.85,23507.5,23549.85,0
1498535100000,23640.1,23640.1,23296.75,23327.7,0
1498542300000,23327.9,23370.9,23253.4,23260.35,0
1498549500000,23259.85,23269.95,23055.75,23225.3,0
1498556700000,23225.2,23237.5,23207.15,23210.65,0
1498621500000,23218.65,23322.55,23113.65,23262.35,0
1498628700000,23262.95,23306.85,23188.05,23218.85,0
1498635900000,23218.4,23285.45,23147.35,23250.5,0
1498643100000,23249.45,23274.15,23244.95,23259.95,0
1498707900000,23314.65,23476.0,23296.05,23394.75,0
1498715100000,23395.5,23439.05,23195.7,23216.05,0
1498722300000,23213.8,23280.7,23124.35,23216.35,0
1498729500000,23216.25,23279.8,23183.7,23183.7,0
1498794300000,23115.3,23153.7,22996.4,23135.0,0
1498801500000,23135.4,23207.1,23112.8,23192.55,0
1498808700000,23193.65,23220.1,23107.95,23192.55,0
1498815900000,23193.2,23254.1,23193.2,23241.95,0
1499053500000,23244.1,23328.85,23144.3,23321.1,0
1499060700000,23320.25,23330.1,23248.95,23268.75,0
1499067900000,23268.45,23278.85,23209.9,23259.7,0
1499075100000,23260.6,23297.95,23255.4,23289.7,0
1499139900000,23343.05,23363.05,23190.4,23231.3,0
1499147100000,23233.15,23262.75,23163.7,23246.4,0
1499154300000,23247.0,23286.05,23210.8,23219.15,0
1499161500000,23225.45,23225.45,23194.4,23206.7,0
1499226300000,23247.75,23380.35,23205.55,23368.6,0
1499233500000,23369.7,23374.7,23281.4,23319.7,0
1499240700000,23319.5,23361.4,23273.2,23354.7,0
1499247900000,23355.2,23377.45,23348.95,23363.0,0
1499312700000,23406.65,23510.4,23369.5,23492.95,0
1499319900000,23493.0,23519.3,23434.9,23500.3,0
1499327100000,23501.5,23540.15,23449.0,23457.15,0
1499334300000,23459.05,23472.6,23441.9,23460.65,0
1499399100000,23453.05,23474.0,23400.6,23414.4,0
1499406300000,23412.6,23458.9,23410.6,23437.4,0
1499413500000,23436.6,23492.6,23423.35,23460.1,0
1499420700000,23464.15,23464.15,23431.4,23444.8,0
1499658300000,23443.9,23906.35,23289.9,23516.95,0
1499665500000,23583.25,23964.8,23506.15,23576.7,0
1499672700000,23577.25,23706.05,23575.5,23683.55,0
1499679900000,23685.15,23697.95,23627.7,23644.45,0
1499744700000,23733.5,23739.25,23637.8,23646.35,0
1499751900000,23642.7,23733.7,23640.8,23715.35,0
1499759100000,23714.85,23715.35,23588.0,23612.9,0
1499766300000,23612.25,23614.95,23552.6,23560.2,0
1499831100000,23628.7,23664.1,23523.65,23565.1,0
1499838300000,23563.75,23626.1,23525.8,23624.25,0
1499845500000,23622.85,23683.45,23578.3,23679.25,0
1499852700000,23676.65,23736.55,23676.65,23719.35,0
1499917500000,23835.15,23914.55,23811.0,23894.8,0
1499924700000,23895.55,23901.7,23828.95,23872.45,0
1499931900000,23873.5,23938.0,23851.1,23877.45,0
1499939100000,23875.15,23908.0,23857.65,23866.4,0
1500003900000,23937.0,23943.45,23755.95,23810.95,0
1500011100000,23811.2,23958.1,23800.95,23920.1,0
1500018300000,23919.45,23963.65,23871.15,23935.35,0
1500025500000,23936.75,23957.95,23906.2,23943.2,0
1500263100000,24013.25,24022.35,23913.65,23996.4,0
1500270300000,23997.35,24003.65,23963.75,23985.8,0
1500277500000,23985.4,24066.1,23965.5,23994.9,0
1500284700000,23996.0,24039.45,23992.35,24015.7,0
1500349500000,23947.25,24129.8,23942.1,24055.85,0
1500356700000,24057.25,24106.55,24048.2,24059.75,0
1500363900000,24060.9,24147.45,24000.85,24027.3,0
1500371100000,24028.5,24033.05,24005.05,24012.05,0
1500435900000,24084.35,24146.85,24053.7,24120.3,0
1500443100000,24120.05,24168.9,24112.0,24147.6,0
1500450300000,24148.4,24180.75,24099.25,24142.55,0
1500457500000,24141.8,24166.55,24138.55,24160.6,0
1500522300000,24175.7,24290.4,24174.25,24288.0,0
1500529500000,24285.4,24299.6,24177.5,24227.45,0
1500536700000,24228.85,24254.5,24181.0,24197.35,0
1500543900000,24200.9,24239.2,24197.1,24222.45,0
1500608700000,24223.7,24254.55,24149.25,24237.85,0
1500615900000,24238.1,24243.5,24066.9,24111.6,0
1500623100000,24110.55,24269.6,24079.2,24258.15,0
1500630300000,24257.45,24289.3,24251.75,24280.65,0
1500867900000,24324.55,24415.8,24234.65,24402.9,0
1500875100000,24403.25,24451.3,24343.25,24409.25,0
1500882300000,24408.9,24460.55,24378.8,24420.95,0
1500889500000,24422.15,24442.75,24408.85,24422.7,0
1500954300000,24624.65,24624.65,24450.2,24519.25,0
1500961500000,24517.75,24533.8,24478.35,24516.2,0
1500968700000,24513.4,24568.05,24494.25,24512.45,0
1500975900000,24513.45,24520.25,24494.65,24515.8,0
1501040700000,24542.65,24575.9,24484.9,24553.25,0
1501047900000,24554.95,24600.7,24527.0,24550.6,0
1501055100000,24550.5,24720.9,24520.4,24698.6,0
1501062300000,24699.6,24712.55,24676.45,24678.3,0
1501127100000,24860.25,24957.15,24799.4,24955.3,0
1501134300000,24954.7,25016.7,24910.1,24958.6,0
1501141500000,24959.8,25032.25,24865.75,24890.45,0
1501148700000,24887.35,24941.75,24881.85,24913.75,0
1501213500000,24745.9,24859.75,24692.95,24811.55,0
1501220700000,24811.9,24828.75,24701.75,24733.05,0
1501227900000,24731.2,24845.15,24651.05,24824.65,0
1501235100000,24826.55,24843.65,24797.5,24806.9,0
1501472700000,24866.8,24936.85,24828.5,24921.45,0
1501479900000,24921.9,25168.1,24921.9,25080.55,0
1501487100000,25078.45,25115.4,25037.1,25096.5,0
1501494300000,25097.5,25118.05,25089.2,25091.55,0
1501559100000,25140.95,25160.95,25025.75,25036.75,0
1501566300000,25036.6,25090.1,25002.25,25028.95,0
1501573500000,25028.1,25140.15,25000.9,25131.45,0
1501580700000,25128.1,25179.5,25122.85,25151.85,0
1501645500000,25198.8,25198.8,25096.5,25137.15,0
1501652700000,25135.75,25152.55,25092.45,25099.0,0
1501659900000,25098.55,25163.8,24995.2,25104.2,0
1501667100000,25104.6,25113.5,24926.25,24956.45,0
1501731900000,25005.15,25005.15,24780.3,24798.95,0
1501739100000,24798.2,24835.65,24788.35,24814.2,0
1501746300000,24814.3,24823.25,24619.6,24695.4,0
1501753500000,24693.65,24700.15,24636.35,24642.35,0
1501818300000,24633.6,24739.45,24591.8,24653.55,0
1501825500000,24653.85,24719.5,24627.25,24683.9,0
1501832700000,24684.5,24879.7,24671.1,24843.4,0
1501839900000,24844.9,24849.25,24817.3,24823.95,0
1502077500000,24859.1,24972.85,24844.45,24937.7,0
1502084700000,24938.9,24946.45,24897.5,24916.35,0
1502091900000,24914.25,24979.35,24880.05,24897.1,0
1502099100000,24897.35,24910.5,24881.35,24897.4,0
1502163900000,24924.2,24966.05,24542.05,24661.7,0
1502171100000,24661.15,24734.7,24647.25,24677.35,0
1502178300000,24677.8,24700.25,24534.35,24554.75,0
1502185500000,24554.25,24664.6,24554.25,24598.55,0
1502250300000,24521.4,24521.4,24388.5,24466.35,0
1502257500000,24469.35,24483.25,24428.75,24446.15,0
1502264700000,24445.45,24532.4,24373.9,24382.5,0
1502271900000,24377.8,24394.15,24328.1,24356.85,0
1502336700000,24316.0,24326.9,24185.1,24306.6,0
1502343900000,24302.4,24306.05,24213.9,24236.45,0
1502351100000,24236.0,24257.1,24078.85,24205.5,0
1502358300000,24206.25,24300.75,23822.2,24276.7,0
1502423100000,23961.8,24087.25,23900.45,24040.15,0
1502430300000,24037.7,24191.2,24005.1,24049.1,0
1502437500000,24053.2,24082.55,23868.3,24001.85,0
1502444700000,24002.8,24027.95,23974.15,23977.7,0
1502682300000,24051.75,24212.15,24038.15,24156.9,0
1502689500000,24157.0,24210.6,24132.25,24155.8,0
1502696700000,24156.2,24170.8,24102.75,24117.3,0
1502703900000,24121.6,24134.6,24075.1,24100.8,0
1502855100000,24194.2,24194.2,23947.45,24009.9,0
1502862300000,24010.0,24255.1,23964.1,24234.9,0
1502869500000,24234.35,24459.0,24215.35,24438.9,0
1502876700000,24440.35,24461.2,24422.0,24447.85,0
1502941500000,24496.2,24496.2,24285.95,24288.3,0
1502948700000,24286.65,24365.65,24274.75,24354.3,0
1502955900000,24354.25,24399.4,24163.5,24165.3,0
1502963100000,24161.45,24271.15,24121.55,24258.0,0
1503027900000,24130.15,24130.15,23925.95,24055.7,0
1503035100000,24056.35,24077.85,24004.2,24031.85,0
1503042300000,24032.3,24102.7,24005.2,24096.35,0
1503049500000,24095.45,24108.1,24048.0,24072.7,0
1503287100000,24115.05,24258.95,24104.35,24168.1,0
1503294300000,24167.1,24183.8,24092.55,24109.5,0
1503301500000,24110.4,24137.2,23919.35,23928.1,0
1503308700000,23931.8,23940.35,23882.25,23926.25,0
1503373500000,24053.95,24127.45,23852.65,23967.1,0
1503380700000,23963.05,24058.3,23902.85,23993.15,0
1503387900000,23992.3,24022.05,23909.65,23979.85,0
1503395100000,23977.15,24023.85,23966.65,24006.8,0
1503459900000,24096.35,24180.85,24074.15,24156.05,0
1503467100000,24156.45,24214.35,24111.65,24150.0,0
1503474300000,24149.9,24350.0,24123.95,24322.0,0
1503481500000,24322.1,24343.35,24281.65,24285.9,0
1503546300000,24377.4,24377.4,24224.85,24291.8,0
1503553500000,24291.2,24358.0,24251.05,24288.75,0
1503560700000,24289.35,24411.05,24244.75,24331.2,0
1503567900000,24330.2,24338.65,24235.95,24320.5,0
1503891900000,24352.6,24398.4,24301.35,24357.5,0
1503899100000,24356.65,24422.45,24339.05,24351.2,0
1503906300000,24352.3,24388.3,24340.55,24380.6,0
1503913500000,24381.1,24388.3,24357.5,24367.25,0
1503978300000,24308.5,24320.95,24151.95,24160.8,0
1503985500000,24161.45,24240.2,24148.1,24186.85,0
1503992700000,24188.45,24188.45,24104.65,24133.85,0
1503999900000,24132.4,24137.6,24103.3,24119.6,0
1504064700000,24260.65,24343.7,24241.3,24329.2,0
1504071900000,24328.1,24384.1,24319.5,24321.1,0
1504079100000,24323.15,24364.65,24274.85,24304.2,0
1504086300000,24304.65,24322.7,24297.35,24321.6,0
1504151100000,24334.2,24348.55,24218.6,24246.3,0
1504158300000,24246.95,24314.0,24207.7,24251.6,0
1504165500000,24251.95,24340.85,24244.95,24325.65,0
1504172700000,24326.7,24339.45,24298.25,24301.35,0
1504237500000,24373.7,24465.7,24319.2,24427.05,0
1504244700000,24424.55,24476.65,24420.85,24461.45,0
1504251900000,24461.25,24494.35,24420.65,24448.5,0
1504259100000,24446.1,24449.8,24392.1,24406.3,0
1504496700000,24459.35,24459.35,24300.2,24327.3,0
1504503900000,24327.15,24331.75,24156.4,24227.3,0
1504511100000,24227.55,24262.95,24172.3,24258.45,0
1504518300000,24259.15,24262.55,24207.2,24214.85,0
1504583100000,24271.8,24388.05,24256.3,24349.5,0
1504590300000,24350.2,24352.05,24263.2,24307.85,0
1504597500000,24307.15,24373.25,24288.9,24325.0,0
1504604700000,24326.5,24345.7,24297.65,24308.35,0
1504669500000,24195.85,24241.15,24151.1,24235.6,0
1504676700000,24235.45,24290.75,24217.5,24280.55,0
1504683900000,24280.5,24331.3,24259.1,24265.75,0
1504691100000,24265.25,24293.5,24254.4,24290.15,0
1504755900000,24366.4,24413.1,24338.5,24345.7,0
1504763100000,24344.25,24358.0,24309.2,24334.65,0
1504770300000,24334.45,24403.3,24309.85,24329.55,0
1504777500000,24332.95,24338.3,24246.9,24290.0,0
1504842300000,24413.1,24419.25,24316.5,24354.55,0
1504849500000,24353.8,24370.65,24273.0,24290.55,0
1504856700000,24288.95,24399.1,24286.5,24381.15,0
1504863900000,24380.85,24388.15,24337.9,24355.5,0
1505101500000,24495.65,24545.55,24458.25,24529.35,0
1505108700000,24530.3,24681.65,24525.6,24674.75,0
1505115900000,24674.9,24735.35,24659.7,24679.8,0
1505123100000,24677.9,24685.2,24654.15,24671.6,0
1505187900000,24762.65,24793.7,24653.6,24782.75,0
1505195100000,24781.25,24821.35,24767.95,24789.35,0
1505202300000,24788.15,24813.2,24767.95,24770.75,0
1505209500000,24769.65,24796.7,24763.3,24794.2,0
1505274300000,24823.9,24875.8,24737.8,24851.0,0
1505281500000,24849.3,24925.05,24823.3,24907.85,0
1505288700000,24908.8,24948.8,24816.4,24816.7,0
1505295900000,24816.85,24845.4,24810.55,24831.55,0
1505360700000,24846.65,24976.95,24815.5,24905.0,0
1505367900000,24908.9,24934.7,24877.8,24914.7,0
1505375100000,24914.65,24994.3,24877.7,24925.25,0
1505382300000,24924.65,24942.2,24872.1,24921.65,0
1505447100000,24821.55,24895.65,24791.55,24812.65,0
1505454300000,24812.55,24876.95,24800.25,24853.45,0
1505461500000,24853.6,24916.85,24816.7,24841.7,0
1505468700000,24841.5,24854.65,24830.7,24844.45,0
1505706300000,24954.4,25075.65,24941.75,25058.6,0
1505713500000,25060.5,25095.8,25042.4,25051.35,0
1505720700000,25052.9,25105.35,25040.0,25046.6,0
1505727900000,25045.05,25054.5,25033.6,25039.2,0
1505792700000,25059.95,25059.95,24993.0,25041.55,0
1505799900000,25041.3,25058.65,25006.8,25027.15,0
1505807100000,25026.15,25103.45,25019.8,25036.4,0
1505814300000,25035.9,25052.1,25024.05,25024.05,0
1505879100000,25037.05,25052.6,24981.3,24983.25,0
1505886300000,24984.9,25015.5,24964.8,24974.6,0
1505893500000,24974.85,25019.15,24953.45,24970.3,0
1505900700000,24970.4,24973.75,24938.3,24946.95,0
1505965500000,24936.35,24992.5,24706.45,24793.1,0
1505972700000,24796.9,24805.8,24737.45,24741.85,0
1505979900000,24744.8,24863.1,24741.6,24804.6,0
1505987100000,24808.3,24822.4,24782.75,24815.95,0
1506051900000,24709.7,24709.7,24442.35,24450.55,0
1506059100000,24452.45,24480.0,24404.35,24457.55,0
1506066300000,24458.3,24467.9,24360.95,24370.15,0
1506073500000,24370.05,24372.45,24340.0,24366.35,0
1506311100000,24363.8,24363.8,24015.45,24122.6,0
1506318300000,24121.1,24153.2,24049.7,24073.45,0
1506325500000,24073.5,24174.55,24027.7,24167.95,0
1506332700000,24166.7,24185.65,24156.85,24173.4,0
1506397500000,24110.75,24149.1,24017.4,24035.0,0
1506404700000,24036.35,24126.9,24022.5,24098.75,0
1506411900000,24097.35,24236.95,24090.45,24205.15,0
1506419100000,24203.6,24212.05,24160.45,24178.4,0
1506483900000,24293.3,24331.85,23973.45,24018.15,0
1506491100000,24020.15,24057.7,23884.85,23937.6,0
1506498300000,23937.7,23966.2,23775.6,23791.4,0
1506505500000,23790.6,23840.25,23766.6,23815.5,0
1506570300000,23814.7,23884.2,23724.25,23830.6,0
1506577500000,23831.7,23847.9,23624.25,23627.5,0
1506584700000,23628.9,24006.4,23611.1,24000.55,0
1506591900000,24000.5,24074.2,23999.6,24016.75,0
1506656700000,24144.5,24227.45,24068.15,24163.15,0
1506663900000,24162.45,24180.7,24126.95,24151.15,0
1506671100000,24150.8,24226.4,24004.8,24041.1,0
1506678300000,24039.65,24065.9,24022.8,24026.4,0
1507002300000,24206.3,24226.8,24007.25,24115.7,0
1507009500000,24116.2,24135.2,24071.0,24083.05,0
1507016700000,24083.5,24135.0,24027.8,24105.9,0
1507023900000,24104.3,24129.15,24091.05,24099.25,0
1507088700000,24114.5,24159.85,24058.65,24130.55,0
1507095900000,24131.7,24144.75,24100.35,24126.35,0
1507103100000,24125.95,24230.45,24059.85,24104.7,0
1507110300000,24105.3,24112.8,24078.95,24098.45,0
1507175100000,24115.95,24188.3,24073.25,24094.1,0
1507182300000,24095.25,24119.4,24033.35,24054.35,0
1507189500000,24054.85,24113.45,24037.0,24040.25,0
1507196700000,24043.1,24067.45,24040.75,24065.7,0
1507261500000,24086.2,24242.05,24074.35,24223.65,0
1507268700000,24226.65,24238.05,24150.15,24167.1,0
1507275900000,24165.9,24198.65,24129.55,24195.85,0
1507283100000,24193.15,24211.0,24181.75,24200.5,0
1507520700000,24221.15,24311.1,24156.05,24240.95,0
1507527900000,24242.0,24266.1,24182.05,24220.8,0
1507535100000,24221.1,24269.75,24211.7,24255.6,0
1507542300000,24253.0,24263.25,24242.75,24254.25,0
1507607100000,24308.3,24363.0,24273.65,24356.1,0
1507614300000,24356.85,24379.75,24317.85,24335.1,0
1507621500000,24335.25,24378.25,24307.15,24356.1,0
1507628700000,24357.4,24360.2,24321.25,24326.35,0
1507693500000,24413.15,24460.25,24393.15,24425.0,0
1507700700000,24426.2,24450.45,24405.2,24413.05,0
1507707900000,24412.75,24414.35,24064.5,24111.1,0
1507715100000,24109.0,24116.95,24054.25,24055.55,0
1507779900000,24156.15,24158.65,23978.4,24089.3,0
1507787100000,24089.05,24155.0,24072.65,24111.45,0
1507794300000,24110.2,24366.6,24093.9,24356.9,0
1507801500000,24357.65,24393.4,24349.6,24363.3,0
1507866300000,24387.8,24674.45,24387.8,24658.35,0
1507873500000,24659.65,24741.2,24639.4,24730.95,0
1507880700000,24730.2,24779.75,24668.55,24690.25,0
1507887900000,24692.25,24709.55,24646.35,24662.85,0
1508125500000,24818.15,24878.65,24516.55,24586.25,0
1508132700000,24586.15,24697.1,24571.8,24640.2,0
1508139900000,24638.5,24754.95,24624.0,24691.4,0
1508147100000,24690.2,24723.3,24676.15,24709.05,0
1508211900000,24683.95,24809.15,24662.4,24784.45,0
1508219100000,24782.8,24793.45,24571.85,24617.15,0
1508226300000,24617.35,24693.35,24603.15,24644.2,0
1508233500000,24647.5,24658.95,24631.8,24636.3,0
1508298300000,24357.75,24454.65,24286.35,24311.95,0
1508305500000,24312.35,24367.25,24270.05,24350.9,0
1508312700000,24349.75,24405.55,24278.1,24291.15,0
1508319900000,24292.1,24357.65,24277.35,24328.35,0
1508730300000,24086.8,24151.0,23912.55,24073.55,0
1508737500000,24075.7,24115.05,23967.65,23999.3,0
1508744700000,23999.25,24107.25,23986.9,24095.55,0
1508751900000,24095.2,24139.9,24075.0,24125.75,0
1508816700000,24144.45,24289.1,24032.65,24191.25,0
1508823900000,24194.35,24293.25,24164.8,24213.85,0
1508831100000,24214.25,24275.4,24144.0,24231.1,0
1508838300000,24231.9,24232.6,24212.75,24212.75,0
1508903100000,25157.8,25157.8,24560.75,24756.55,0
1508910300000,24754.95,24957.9,24735.15,24952.65,0
1508917500000,24953.55,25119.25,24899.4,25069.0,0
1508924700000,25068.0,25073.8,25012.75,25056.0,0
1508989500000,24956.7,25186.05,24864.6,24997.35,0
1508996700000,25003.1,25135.9,24988.25,25086.9,0
1509003900000,25087.9,25106.25,24970.35,25013.1,0
1509011100000,25012.6,25031.55,24959.85,24968.4,0
1509075900000,24898.75,24941.3,24798.65,24866.2,0
1509083100000,24866.05,24980.9,24833.55,24915.25,0
1509090300000,24912.75,24995.7,24816.05,24829.2,0
1509097500000,24830.05,24863.4,24817.75,24845.9,0
1509335100000,24879.3,25052.8,24808.55,25022.6,0
1509342300000,25023.4,25064.85,24973.9,25026.15,0
1509349500000,25024.85,25040.5,24969.25,24992.75,0
1509356700000,24993.65,25018.0,24972.6,25005.35,0
1509421500000,25049.25,25059.05,24948.1,24997.25,0
1509428700000,24996.85,25066.75,24986.7,25061.85,0
1509435900000,25062.65,25078.65,24997.4,25016.15,0
1509443100000,25015.25,25053.7,25010.1,25047.85,0
1509507900000,25202.55,25490.85,25171.75,25462.9,0
1509515100000,25463.65,25549.35,25456.6,25505.5,0
1509522300000,25506.75,25523.9,25435.95,25491.2,0
1509529500000,25491.5,25510.75,25478.8,25503.1,0
1509594300000,25487.05,25586.75,25429.1,25568.3,0
1509601500000,25568.4,25598.75,25405.6,25462.25,0
1509608700000,25463.1,25511.8,25415.25,25441.35,0
1509615900000,25438.35,25448.05,25405.5,25426.3,0
1509680700000,25543.35,25555.3,25394.95,25527.95,0
1509687900000,25528.35,25558.8,25497.15,25527.15,0
1509695100000,25526.85,25663.75,25526.65,25651.2,0
1509702300000,25650.95,25695.5,25627.25,25643.25,0
1509939900000,25550.95,25669.95,25529.55,25633.85,0
1509947100000,25629.85,25694.6,25603.55,25655.1,0
1509954300000,25658.95,25687.3,25559.85,25575.45,0
1509961500000,25575.1,25583.2,25529.5,25558.2,0
1510026300000,25675.05,25695.75,25396.55,25467.15,0
1510033500000,25467.25,25519.6,25423.05,25452.2,0
1510040700000,25449.0,25464.75,25248.95,25292.25,0
1510047900000,25292.1,25310.8,25280.25,25291.75,0
1510112700000,25389.75,25397.6,25228.4,25292.55,0
1510119900000,25290.2,25435.6,25276.85,25348.2,0
1510127100000,25347.9,25405.4,25119.5,25211.25,0
1510134300000,25210.3,25242.05,25183.4,25223.85,0
1510199100000,25277.4,25385.2,25223.15,25233.25,0
1510206300000,25231.65,25290.4,25166.15,25275.45,0
1510213500000,25276.55,25302.25,25210.6,25281.2,0
1510220700000,25283.1,25352.2,25269.55,25345.4,0
1510285500000,25264.25,25401.6,25237.2,25373.2,0
1510292700000,25375.25,25385.5,25277.15,25372.45,0
1510299900000,25374.25,25598.55,25318.35,25543.85,0
1510307100000,25547.5,25573.7,25504.35,25515.15,0
1510544700000,25550.8,25611.55,25464.25,25471.65,0
1510551900000,25471.95,25537.8,25454.55,25532.35,0
1510559100000,25530.0,25540.65,25341.65,25384.65,0
1510566300000,25388.4,25390.85,25337.25,25366.8,0
1510631100000,25353.2,25404.8,25261.7,25299.95,0
1510638300000,25300.5,25312.95,25223.1,25277.35,0
1510645500000,25276.85,25396.85,25265.35,25270.5,0
1510652700000,25270.45,25295.35,25251.25,25273.55,0
1510717500000,25243.65,25312.25,25209.45,25251.7,0
1510724700000,25253.15,25301.55,25203.8,25298.6,0
1510731900000,25298.3,25318.05,25166.35,25227.35,0
1510739100000,25225.5,25247.1,25213.5,25236.15,0
1510803900000,25293.0,25382.95,25273.7,25331.0,0
1510811100000,25330.4,25426.5,25329.3,25375.65,0
1510818300000,25375.0,25447.1,25360.1,25421.9,0
1510825500000,25423.1,25496.05,25420.9,25490.6,0
1510890300000,25889.8,25924.9,25801.5,25888.15,0
1510897500000,25889.2,25899.7,25842.9,25864.6,0
1510904700000,25865.3,25911.15,25742.9,25744.6,0
1510911900000,25743.3,25743.3,25679.55,25700.25,0
1511149500000,25762.35,25798.7,25681.7,25747.0,0
1511156700000,25746.75,25760.3,25692.45,25711.45,0
1511163900000,25713.45,25803.15,25703.1,25769.75,0
1511171100000,25770.9,25776.45,25751.6,25762.6,0
1511235900000,25829.35,25871.1,25794.7,25841.5,0
1511243100000,25841.7,25842.15,25768.9,25790.7,0
1511250300000,25791.0,25839.15,25726.5,25758.2,0
1511257500000,25759.1,25774.3,25728.15,25740.75,0
1511322300000,25809.4,25831.95,25665.85,25686.8,0
1511329500000,25686.7,25810.55,25684.35,25769.85,0
1511336700000,25769.05,25816.8,25737.15,25764.45,0
1511343900000,25763.6,25783.35,25757.35,25761.95,0
1511408700000,25833.9,25838.55,25716.65,25745.9,0
1511415900000,25744.9,25758.9,25630.35,25632.2,0
1511423100000,25630.95,25744.85,25620.95,25720.65,0
1511430300000,25719.95,25772.9,25719.5,25743.75,0
1511495100000,25778.5,25849.0,25749.1,25778.45,0
1511502300000,25779.25,25811.25,25756.65,25792.4,0
1511509500000,25802.0,25837.7,25759.15,25781.65,0
1511516700000,25782.2,25798.5,25765.65,25793.45,0
1511754300000,25704.0,25765.05,25673.5,25729.4,0
1511761500000,25728.25,25763.5,25710.0,25731.9,0
1511768700000,25732.15,25898.9,25720.3,25886.6,0
1511775900000,25890.2,25931.85,25885.7,25926.35,0
1511840700000,25858.15,25953.5,25830.0,25891.85,0
1511847900000,25892.1,25921.65,25866.9,25915.3,0
1511855100000,25920.95,25946.4,25795.5,25832.85,0
1511862300000,25835.85,25853.7,25810.65,25837.2,0
1511927100000,25830.9,25877.75,25781.65,25860.0,0
1511934300000,25858.55,25873.7,25829.3,25848.3,0
1511941500000,25850.5,25864.45,25771.5,25811.45,0
1511948700000,25811.4,25823.55,25746.8,25768.55,0
1512013500000,25675.55,25700.85,25533.35,25571.25,0
1512020700000,25571.45,25572.5,25505.7,25519.4,0
1512027900000,25518.05,25594.7,25246.85,25322.9,0
1512035100000,25321.15,25384.25,25315.45,25349.9,0
1512099900000,25415.35,25441.35,25302.0,25313.4,0
1512107100000,25317.0,25411.8,25279.1,25389.2,0
1512114300000,25389.75,25403.15,25152.65,25207.7,0
1512121500000,25203.6,25213.7,25169.3,25192.85,0
1512359100000,25297.2,25297.2,25110.25,25165.4,0
1512366300000,25163.85,25209.1,25121.1,25180.4,0
1512373500000,25178.0,25197.9,24993.35,25055.45,0
1512380700000,25055.35,25139.1,25053.85,25137.0,0
1512445500000,25031.75,25065.95,24942.55,25004.45,0
1512452700000,25005.3,25025.35,24933.5,24961.45,0
1512459900000,24960.05,25217.7,24921.3,25106.75,0
1512467100000,25108.6,25180.9,25099.6,25180.9,0
1512531900000,25072.65,25077.45,25003.0,25038.7,0
1512539100000,25038.85,25053.05,24976.3,24991.45,0
1512546300000,24991.7,25046.6,24820.7,24840.9,0
1512553500000,24843.8,24881.95,24813.6,24845.65,0
1512618300000,24944.55,25068.15,24875.35,25063.8,0
1512625500000,25063.2,25069.4,24953.05,24970.15,0
1512632700000,24969.3,25088.85,24967.75,25080.55,0
1512639900000,25080.35,25097.35,25054.55,25071.8,0
1512704700000,25161.1,25307.45,25148.9,25302.95,0
1512711900000,25300.1,25344.55,25261.8,25325.45,0
1512719100000,25325.3,25367.7,25265.85,25319.0,0
1512726300000,25317.35,25351.3,25305.4,25340.65,0
1512963900000,25440.1,25448.85,25356.75,25391.0,0
1512971100000,25387.85,25408.5,25331.65,25349.0,0
1512978300000,25349.7,25431.7,25318.7,25406.45,0
1512985500000,25408.65,25414.75,25383.45,25396.4,0
1513050300000,25416.2,25416.2,25157.85,25168.85,0
1513057500000,25169.2,25236.7,25153.1,25166.35,0
1513064700000,25166.3,25226.85,25120.5,25135.5,0
1513071900000,25135.25,25144.35,25108.6,25120.3,0
1513136700000,25129.2,25241.65,25028.15,25216.05,0
1513143900000,25216.15,25270.75,25190.25,25251.95,0
1513151100000,25252.4,25259.7,24938.55,25005.35,0
1513158300000,25007.65,25039.15,25006.2,25029.95,0
1513223100000,25052.25,25070.6,24944.15,24959.5,0
1513230300000,24962.15,25024.6,24888.65,24997.15,0
1513237500000,24997.45,25170.05,24976.05,25164.2,0
1513244700000,25161.95,25205.9,25147.8,25162.95,0
1513309500000,25503.75,25559.05,25411.25,25457.65,0
1513316700000,25458.25,25489.2,25415.15,25451.65,0
1513323900000,25451.2,25506.15,25415.75,25446.6,0
1513331100000,25447.1,25465.95,25416.05,25452.7,0
1513568700000,25196.1,25718.3,24617.15,25664.8,0
1513575900000,25664.4,25759.9,25637.9,25704.8,0
1513583100000,25705.1,25722.45,25507.0,25611.95,0
1513590300000,25617.8,25629.55,25559.5,25608.0,0
1513655100000,25641.95,25726.1,25619.6,25674.15,0
1513662300000,25673.25,25694.0,25625.25,25641.75,0
1513669500000,25642.4,25757.95,25638.45,25727.45,0
1513676700000,25726.1,25734.65,25701.2,25731.4,0
1513741500000,25780.05,25780.05,25612.05,25724.55,0
1513748700000,25724.8,25739.0,25678.6,25702.6,0
1513755900000,25704.6,25726.8,25572.95,25586.2,0
1513763100000,25586.15,25592.1,25566.05,25587.4,0
1513827900000,25610.8,25629.95,25521.75,25557.95,0
1513835100000,25557.7,25599.15,25543.3,25566.0,0
1513842300000,25566.2,25593.1,25521.2,25558.35,0
1513849500000,25556.3,25570.8,25508.9,25516.5,0
1513914300000,25617.35,25694.5,25560.5,25661.75,0
1513921500000,25663.15,25664.05,25612.55,25642.95,0
1513928700000,25644.9,25669.85,25574.1,25668.55,0
1513935900000,25667.05,25672.25,25625.8,25633.45,0
1514259900000,25650.45,25672.4,25562.65,25588.5,0
1514267100000,25589.85,25614.25,25553.65,25563.1,0
1514274300000,25563.15,25687.25,25545.6,25668.45,0
1514281500000,25670.7,25712.95,25666.0,25679.85,0
1514346300000,25662.6,25733.2,25595.35,25662.55,0
1514353500000,25660.55,25670.85,25637.5,25661.8,0
1514360700000,25659.85,25680.55,25466.75,25530.95,0
1514367900000,25530.75,25530.75,25429.55,25434.5,0
1514432700000,25470.05,25540.45,25432.35,25488.2,0
1514439900000,25488.15,25495.95,25429.2,25469.2,0
1514447100000,25469.0,25561.95,25437.75,25494.6,0
1514454300000,25493.25,25496.55,25417.4,25421.75,0
1514519100000,25486.75,25557.05,25450.25,25522.35,0
1514526300000,25522.75,25552.85,25510.5,25529.65,0
1514533500000,25529.25,25559.8,25484.35,25552.3,0
1514540700000,25552.5,25566.4,25520.95,25530.55,0
1514778300000,25566.45,25588.0,25496.55,25552.65,0
1514785500000,25555.0,25566.3,25504.85,25508.4,0
1514792700000,25507.2,25557.65,25292.7,25326.05,0
1514799900000,25324.65,25329.8,25271.55,25271.55,0
1514864700000,25387.0,25425.5,25232.8,25312.4,0
1514871900000,25312.8,25346.75,25289.8,25310.55,0
1514879100000,25311.1,25377.4,25243.2,25349.1,0
1514886300000,25346.55,25352.8,25314.25,25319.5,0
1514951100000,25433.15,25454.9,25382.25,25408.65,0
1514958300000,25408.45,25424.85,25350.05,25378.65,0
1514965500000,25376.9,25407.8,25300.9,25311.75,0
1514972700000,25313.7,25329.0,25302.35,25326.15,0
1515037500000,25356.1,25422.85,25310.3,25400.45,0
1515044700000,25400.15,25437.2,25378.4,25428.6,0
1515051900000,25429.85,25475.95,25393.65,25466.65,0
1515059100000,25467.15,25490.35,25444.3,25478.4,0
1515123900000,25510.2,25575.25,25499.55,25563.9,0
1515131100000,25563.55,25570.8,25508.4,25557.55,0
1515138300000,25559.6,25608.4,25546.1,25594.85,0
1515145500000,25596.4,25643.35,25589.75,25619.9,0
1515383100000,25690.65,25771.5,25686.3,25722.3,0
1515390300000,25722.05,25741.5,25691.2,25702.5,0
1515397500000,25703.4,25724.7,25658.85,25675.35,0
1515404700000,25674.95,25688.85,25643.8,25670.0,0
1515469500000,25737.45,25803.8,25617.25,25697.2,0
1515476700000,25698.1,25711.55,25642.1,25652.45,0
1515483900000,25653.6,25731.7,25629.85,25698.2,0
1515491100000,25699.7,25709.9,25677.45,25688.0,0
1515555900000,25711.35,25717.6,25587.45,25611.65,0
1515563100000,25610.9,25619.15,25527.5,25592.3,0
1515570300000,25597.8,25628.15,25580.15,25618.6,0
1515577500000,25618.8,25639.7,25583.35,25590.15,0
1515642300000,25628.7,25632.7,25532.25,25602.85,0
1515649500000,25602.15,25688.8,25587.9,25679.35,0
1515656700000,25676.85,25694.65,25614.55,25655.35,0
1515663900000,25657.15,25682.05,25646.55,25658.4,0
1515728700000,25736.4,25775.15,25706.7,25718.65,0
1515735900000,25715.1,25729.65,25557.6,25622.95,0
1515743100000,25622.85,25770.95,25604.7,25757.3,0
1515750300000,25758.05,25763.9,25705.3,25721.9,0
1515987900000,25867.7,26041.2,25842.95,26031.8,0
1515995100000,26032.25,26078.7,25995.1,26020.0,0
1516002300000,26019.25,26091.8,26006.45,26061.75,0
1516009500000,26061.9,26075.6,26041.5,26053.45,0
1516074300000,26136.4,26136.4,25951.2,26026.0,0
1516081500000,26025.55,26065.3,25974.0,25982.4,0
1516088700000,25981.2,26020.25,25931.7,25978.4,0
1516095900000,25979.45,25993.9,25966.4,25969.4,0
1516160700000,25944.95,26112.05,25922.3,26074.5,0
1516167900000,26074.05,26115.75,26035.8,26101.1,0
1516175100000,26101.4,26323.65,26083.85,26272.35,0
1516182300000,26272.75,26335.85,26265.3,26330.35,0
1516247100000,26796.55,26887.65,26662.3,26797.25,0
1516254300000,26795.85,26801.75,26685.45,26774.45,0
1516261500000,26775.5,26784.6,26423.75,26540.3,0
1516268700000,26541.55,26594.1,26511.3,26561.4,0
1516333500000,26623.85,26765.45,26433.55,26742.35,0
1516340700000,26742.05,26751.5,26617.2,26695.85,0
1516347900000,26696.75,26944.55,26671.75,26926.8,0
1516355100000,26924.5,26957.85,26891.4,26893.6,0
1516592700000,26945.0,27036.2,26841.2,26940.55,0
1516599900000,26940.5,26982.75,26908.6,26953.05,0
1516607100000,26951.75,27074.9,26923.35,27007.2,0
1516614300000,27008.65,27065.55,27006.8,27034.5,0
1516679100000,27098.65,27212.65,27066.15,27181.4,0
1516686300000,27183.5,27291.25,27161.95,27210.05,0
1516693500000,27211.65,27412.6,27204.85,27397.7,0
1516700700000,27399.05,27422.05,27368.65,27382.6,0
1516765500000,27322.5,27479.25,27219.45,27375.3,0
1516772700000,27376.45,27386.75,27281.9,27382.9,0
1516779900000,27382.75,27447.65,27346.65,27407.65,0
1516787100000,27408.0,27427.5,27390.5,27418.2,0
1516851900000,27308.4,27435.35,27258.2,27365.6,0
1516859100000,27364.9,27381.55,27262.4,27266.9,0
1516866300000,27266.3,27522.85,27151.75,27449.4,0
1516873500000,27445.5,27486.25,27381.4,27381.4,0
1517197500000,27415.9,27642.35,27407.4,27642.35,0
1517204700000,27638.1,27652.05,27515.25,27564.15,0
1517211900000,27563.85,27619.35,27461.45,27498.1,0
1517219100000,27499.1,27504.95,27445.45,27475.2,0
1517283900000,27470.25,27470.25,27303.4,27351.25,0
1517291100000,27351.55,27371.25,27265.1,27326.65,0
1517298300000,27325.2,27355.7,27242.05,27278.95,0
1517305500000,27278.55,27297.65,27250.25,27268.5,0
1517370300000,27143.35,27327.05,27116.95,27186.55,0
1517377500000,27186.6,27243.25,27143.6,27210.0,0
1517384700000,27210.15,27455.75,27139.3,27381.2,0
1517391900000,27380.95,27398.85,27350.0,27392.65,0
1517456700000,27354.1,27568.65,27317.9,27554.25,0
1517463900000,27556.3,27575.7,27046.35,27464.8,0
1517471100000,27463.65,27613.5,27184.25,27200.2,0
1517478300000,27200.45,27222.6,27164.1,27189.35,0
1517543100000,27017.55,27017.55,26631.85,26706.2,0
1517550300000,26703.35,26793.6,26640.05,26735.9,0
1517557500000,26735.85,26750.2,26450.35,26461.35,0
1517564700000,26460.9,26466.8,26364.05,26368.1,0
1517802300000,25995.85,26145.25,25917.55,26099.6,0
1517809500000,26099.75,26215.1,26086.15,26140.65,0
1517816700000,26140.6,26140.6,25982.4,26094.7,0
1517823900000,26095.15,26147.3,26092.3,26147.3,0
1517888700000,25177.15,25346.55,25023.85,25259.5,0
1517895900000,25260.5,25382.0,25184.9,25287.45,0
1517903100000,25283.65,26140.6,25254.7,25752.85,0
1517910300000,25752.65,25929.55,25752.65,25905.9,0
1517975100000,26078.4,26078.4,25740.55,25753.25,0
1517982300000,25754.2,25813.95,25595.35,25780.3,0
1517989500000,25781.45,25838.9,25657.15,25673.2,0
1517996700000,25672.55,25672.55,25558.05,25619.3,0
1518061500000,25745.4,26049.15,25637.4,25989.5,0
1518068700000,25990.95,26016.1,25934.85,25960.15,0
1518075900000,25961.0,26126.4,25843.2,25949.7,0
1518083100000,25950.9,25951.4,25898.85,25929.05,0
1518147900000,25421.2,25598.3,25371.0,25414.6,0
1518155100000,25413.2,25583.4,25378.65,25489.9,0
1518162300000,25492.8,25575.1,25398.55,25478.5,0
1518169500000,25476.95,25499.45,25469.4,25494.7,0
1518407100000,25536.65,25653.7,25485.4,25605.05,0
1518414300000,25604.0,25659.65,25579.75,25627.1,0
1518421500000,25627.3,25757.85,25544.3,25690.65,0
1518428700000,25690.75,25729.75,25668.25,25723.55,0
1518579900000,25791.95,25800.2,25506.45,25555.6,0
1518587100000,25555.15,25585.0,25464.95,25575.75,0
1518594300000,25576.15,25597.3,25361.15,25364.1,0
1518601500000,25361.2,25371.05,25212.35,25253.2,0
1518666300000,25382.15,25578.0,25297.75,25484.0,0
1518673500000,25484.45,25615.15,25452.95,25486.85,0
1518680700000,25485.8,25503.8,25295.15,25427.1,0
1518687900000,25426.75,25459.6,25415.7,25442.2,0
1518752700000,25528.8,25601.0,25333.7,25375.3,0
1518759900000,25376.1,25376.4,25257.2,25335.05,0
1518767100000,25335.5,25354.65,25100.9,25157.75,0
1518774300000,25161.55,25203.55,25137.9,25183.95,0
1519011900000,25326.05,25326.05,24936.15,24936.7,0
1519019100000,24936.9,24984.6,24824.55,24859.3,0
1519026300000,24859.15,25074.65,24845.4,25060.2,0
1519033500000,25056.6,25116.5,25055.95,25096.9,0
1519098300000,25106.2,25158.1,24956.55,25025.1,0
1519105500000,25024.3,25156.65,24996.2,25070.75,0
1519112700000,25070.85,25120.6,24843.0,24850.85,0
1519119900000,24845.75,24896.05,24829.0,24837.7,0
1519184700000,24999.7,24999.7,24813.7,24889.8,0
1519191900000,24894.35,24914.3,24796.85,24818.85,0
1519199100000,24818.6,24971.95,24796.35,24931.05,0
1519206300000,24932.8,24953.1,24909.05,24924.45,0
1519271100000,24813.8,24891.75,24795.05,24862.4,0
1519278300000,24862.55,24881.9,24829.0,24858.6,0
1519285500000,24859.1,24987.05,24781.7,24974.3,0
1519292700000,24972.35,24978.3,24930.6,24948.4,0
1519357500000,24984.0,25216.5,24962.85,25189.35,0
1519364700000,25188.9,25273.95,25185.5,25233.7,0
1519371900000,25231.8,25317.75,25228.7,25287.25,0
1519379100000,25287.95,25345.15,25280.9,25318.6,0
1519616700000,25434.85,25601.75,25381.2,25574.85,0
1519623900000,25574.55,25613.3,25523.9,25607.8,0
1519631100000,25607.1,25722.15,25590.35,25695.65,0
1519638300000,25695.0,25703.95,25650.25,25652.15,0
1519703100000,25673.9,25723.55,25427.45,25523.2,0
1519710300000,25524.55,25537.1,25452.55,25472.35,0
1519717500000,25473.9,25521.45,25357.95,25378.35,0
1519724700000,25379.5,25395.55,25356.4,25383.85,0
1519789500000,25142.05,25142.4,24995.3,25066.15,0
1519796700000,25066.55,25069.2,24969.2,25003.9,0
1519803900000,25004.25,25192.95,24942.0,25113.45,0
1519811100000,25114.0,25123.0,25075.2,25111.5,0
1519875900000,25011.15,25226.05,25002.95,25051.55,0
1519883100000,25055.4,25115.4,25027.9,25090.5,0
1519890300000,25090.25,25151.6,24873.45,24908.9,0
1519897500000,24908.55,24921.15,24854.4,24866.0,0
1520221500000,24816.6,24848.2,24682.0,24717.95,0
1520228700000,24718.1,24806.15,24709.3,24751.55,0
1520235900000,24751.35,24873.05,24726.15,24821.15,0
1520243100000,24822.45,24827.65,24793.35,24800.6,0
1520307900000,24964.8,25040.25,24839.95,24869.45,0
1520315100000,24867.9,24882.7,24764.7,24851.1,0
1520322300000,24850.5,24872.15,24463.7,24473.0,0
1520329500000,24474.7,24474.7,24362.05,24382.0,0
1520394300000,24348.75,24373.4,24180.8,24182.65,0
1520401500000,24183.05,24250.2,24121.25,24208.45,0
1520408700000,24208.35,24276.8,24096.75,24125.6,0
1520415900000,24126.15,24183.8,24118.55,24161.1,0
1520480700000,24286.0,24330.55,24048.55,24157.25,0
1520487900000,24157.1,24357.0,24115.85,24209.2,0
1520495100000,24209.7,24534.5,24200.0,24431.0,0
1520502300000,24430.5,24488.25,24422.95,24479.3,0
1520567100000,24564.45,24564.75,24354.8,24440.5,0
1520574300000,24442.45,24490.55,24346.6,24480.05,0
1520581500000,24479.6,24497.15,24277.7,24284.8,0
1520588700000,24285.45,24317.6,24259.7,24290.25,0
1520826300000,24453.8,24499.3,24358.5,24418.6,0
1520833500000,24416.55,24471.65,24379.85,24450.45,0
1520840700000,24450.15,24712.75,24442.8,24685.25,0
1520847900000,24685.55,24716.05,24659.2,24679.6,0
1520912700000,24631.8,24993.75,24610.4,24917.2,0
1520919900000,24914.65,25009.65,24867.35,24977.35,0
1520927100000,24977.65,24980.95,24597.55,24661.45,0
1520934300000,24663.65,24735.15,24663.65,24732.75,0
1520999100000,24639.4,24677.65,24513.7,24543.75,0
1521006300000,24544.35,24693.55,24487.0,24657.3,0
1521013500000,24657.2,24894.3,24636.65,24844.05,0
1521020700000,24841.75,24883.2,24831.45,24862.1,0
1521085500000,24843.0,24897.6,24781.5,24782.8,0
1521092700000,24783.35,24893.1,24754.25,24892.1,0
1521099900000,24891.55,24939.85,24761.75,24807.15,0
1521107100000,24806.95,24818.6,24732.0,24745.8,0
1521171900000,24765.25,24785.35,24648.4,24763.45,0
1521179100000,24763.35,24773.05,24690.55,24720.8,0
1521186300000,24720.65,24773.3,24439.15,24468.25,0
1521193500000,24468.6,24552.5,24457.95,24544.95,0
1521431100000,24537.4,24588.05,24381.25,24408.45,0
1521438300000,24405.65,24418.15,24236.6,24278.2,0
1521445500000,24277.45,24335.85,24186.95,24242.05,0
1521452700000,24241.85,24261.6,24228.25,24239.05,0
1521517500000,24148.8,24271.15,24106.45,24236.85,0
1521524700000,24237.0,24355.65,24212.3,24229.25,0
1521531900000,24228.35,24229.0,24082.95,24149.65,0
1521539100000,24145.85,24227.3,24133.7,24227.3,0
1521603900000,24331.7,24459.75,24297.0,24438.3,0
1521611100000,24439.0,24451.05,24251.0,24251.8,0
1521618300000,24255.45,24335.25,24208.65,24269.35,0
1521625500000,24268.9,24280.35,24247.75,24259.55,0
1521690300000,24261.75,24314.4,24181.8,24277.6,0
1521697500000,24277.8,24281.05,24158.9,24161.15,0
1521704700000,24161.3,24291.55,24122.9,24132.85,0
1521711900000,24130.95,24156.4,24095.3,24097.0,0
1521776700000,23792.55,23796.3,23654.2,23677.0,0
1521783900000,23675.7,23692.8,23605.6,23678.15,0
1521791100000,23687.45,23768.35,23651.45,23705.15,0
1521798300000,23704.45,23723.65,23624.6,23652.8,0
1522035900000,23675.5,23776.2,23657.05,23744.9,0
1522043100000,23744.55,23934.05,23734.15,23908.0,0
1522050300000,23905.7,24283.6,23858.7,24261.45,0
1522057500000,24262.6,24290.65,24219.4,24270.6,0
1522122300000,24415.1,24496.95,24324.9,24342.0,0
1522129500000,24342.3,24456.1,24266.4,24430.4,0
1522136700000,24427.6,24480.55,24334.5,24427.1,0
1522143900000,24426.35,24464.9,24414.4,24435.0,0
1522208700000,24305.45,24305.45,24229.8,24281.25,0
1522215900000,24279.65,24361.0,24263.9,24268.2,0
1522223100000,24268.8,24358.05,24203.4,24232.0,0
1522230300000,24236.45,24324.5,24226.85,24306.1,0
1522640700000,24268.0,24300.6,24062.95,24207.75,0
1522647900000,24202.9,24257.4,24156.35,24254.6,0
1522655100000,24254.9,24350.5,24231.2,24340.45,0
1522662300000,24340.2,24373.4,24319.45,24334.9,0
1522727100000,24292.45,24472.55,24254.35,24364.9,0
1522734300000,24364.4,24431.3,24346.85,24390.35,0
1522741500000,24390.6,24529.8,24358.25,24514.2,0
1522748700000,24513.7,24538.0,24495.85,24500.7,0
1522813500000,24473.1,24666.3,24452.25,24599.65,0
1522820700000,24601.2,24616.85,24420.95,24426.25,0
1522827900000,24427.4,24432.5,24091.75,24148.45,0
1522835100000,24149.85,24157.3,24087.8,24106.05,0
1522899900000,24396.85,24521.7,24380.85,24426.25,0
1522907100000,24426.4,24509.45,24414.25,24506.8,0
1522914300000,24506.4,24742.3,24470.0,24735.4,0
1522921500000,24737.25,24824.9,24736.1,24790.25,0
1522986300000,24777.05,24777.05,24626.4,24670.25,0
1522993500000,24671.9,24815.55,24668.6,24803.4,0
1523000700000,24803.3,24933.6,24745.8,24888.95,0
1523007900000,24889.15,24906.9,24794.75,24811.35,0
1523245500000,24859.2,25059.05,24828.0,25049.9,0
1523252700000,25049.85,25095.7,24969.85,25074.7,0
1523259900000,25074.0,25152.85,25048.05,25100.4,0
1523267100000,25099.25,25104.1,25044.55,25074.1,0
1523331900000,25156.25,25257.9,25120.2,25184.2,0
1523339100000,25183.95,25240.55,25151.95,25204.05,0
1523346300000,25204.1,25279.9,25166.9,25221.7,0
1523353500000,25221.95,25244.95,25217.85,25227.8,0
1523418300000,25207.05,25207.05,24950.3,25038.45,0
1523425500000,25038.5,25069.45,25001.7,25036.5,0
1523432700000,25036.35,25165.15,25036.35,25103.45,0
1523439900000,25103.2,25106.8,25070.8,25095.4,0
1523504700000,25078.9,25092.85,24969.4,25073.75,0
1523511900000,25075.8,25174.0,25064.15,25158.8,0
1523519100000,25158.65,25244.8,25138.05,25195.8,0
1523526300000,25199.2,25205.7,25164.65,25165.2,0
1523591100000,25251.3,25371.75,25233.4,25355.1,0
1523598300000,25354.45,25411.3,25166.5,25231.55,0
1523605500000,25231.5,25248.95,25076.85,25192.4,0
1523612700000,25193.8,25231.4,25188.65,25231.4,0
1523850300000,25095.4,25244.65,25067.35,25154.35,0
1523857500000,25153.7,25227.6,25118.05,25189.15,0
1523864700000,25188.85,25339.4,25188.85,25315.25,0
1523871900000,25314.7,25348.55,25305.3,25338.05,0
1523936700000,25388.15,25402.55,25275.45,25326.7,0
1523943900000,25326.8,25349.3,25224.0,25280.8,0
1523951100000,25289.0,25387.35,25285.0,25324.15,0
1523958300000,25323.3,25354.65,25310.35,25347.4,0
1524023100000,25412.5,25414.45,25279.4,25352.4,0
1524030300000,25351.6,25372.45,25276.15,25371.2,0
1524037500000,25368.75,25380.95,25058.75,25121.95,0
1524044700000,25125.25,25148.8,25102.65,25118.05,0
1524109500000,25207.3,25207.3,25058.75,25091.3,0
1524116700000,25090.45,25152.8,25075.0,25126.45,0
1524123900000,25132.05,25140.15,25049.7,25122.15,0
1524131100000,25121.95,25156.35,25111.4,25152.65,0
1524195900000,25104.65,25125.6,24929.95,24945.3,0
1524203100000,24945.6,24962.9,24869.3,24886.25,0
1524210300000,24888.2,24932.8,24839.3,24929.85,0
1524217500000,24929.5,25020.1,24920.75,25009.7,0
1524455100000,25016.7,25084.15,24466.1,24976.5,0
1524462300000,24977.5,25060.65,24974.4,24985.95,0
1524469500000,24986.35,25061.9,24926.45,24972.9,0
1524476700000,24975.4,24992.8,24942.95,24986.2,0
1524541500000,24979.7,25123.45,24972.0,25041.35,0
1524548700000,25045.05,25057.95,24955.0,25016.65,0
1524555900000,25012.45,25101.3,25004.55,25031.7,0
1524563100000,25036.1,25066.45,25025.05,25055.3,0
1524627900000,24967.35,24983.05,24882.95,24920.6,0
1524635100000,24920.65,24946.85,24882.9,24946.85,0
1524642300000,24946.6,24975.1,24734.6,24815.5,0
1524649500000,24816.8,24824.65,24779.0,24805.6,0
1524714300000,24812.95,24844.6,24753.4,24830.75,0
1524721500000,24832.25,24882.35,24787.9,24817.85,0
1524728700000,24815.85,25021.85,24796.25,25011.65,0
1524735900000,25012.1,25064.0,25004.25,25017.6,0
1524800700000,25071.7,25368.55,25029.65,25335.8,0
1524807900000,25336.3,25352.95,25276.8,25335.4,0
1524815100000,25335.25,25430.95,25335.25,25382.1,0
1524822300000,25382.5,25441.5,25378.35,25418.1,0
1525059900000,25464.8,25584.85,25464.8,25557.6,0
1525067100000,25558.15,25617.5,25548.6,25595.25,0
1525074300000,25595.35,25598.2,25467.85,25535.45,0
1525081500000,25535.7,25557.05,25516.65,25546.45,0
1525232700000,25612.2,25648.95,25507.45,25571.5,0
1525239900000,25573.2,25712.2,25558.5,25689.0,0
1525247100000,25691.1,25716.75,25499.35,25582.85,0
1525254300000,25583.55,25596.2,25565.25,25579.25,0
1525319100000,25559.7,25584.55,25469.05,25513.3,0
1525326300000,25514.05,25565.45,25492.65,25542.0,0
1525333500000,25548.3,25653.45,25541.55,25599.5,0
1525340700000,25599.35,25620.8,25585.5,25603.25,0
1525405500000,25632.4,25650.8,25539.4,25619.7,0
1525412700000,25620.65,25647.45,25537.7,25603.35,0
1525419900000,25603.6,25680.4,25559.45,25635.6,0
1525427100000,25634.05,25659.1,25621.8,25644.8,0
1525664700000,25704.25,25770.05,25675.15,25752.6,0
1525671900000,25748.5,25840.9,25730.15,25827.7,0
1525679100000,25833.8,25861.0,25794.25,25840.55,0
1525686300000,25836.95,25913.5,25826.9,25895.0,0
1525751100000,26079.25,26088.0,25954.6,26024.95,0
1525758300000,26024.25,26100.35,25980.45,26024.75,0
1525765500000,26023.5,26107.8,26001.4,26089.25,0
1525772700000,26091.0,26116.25,26081.0,26090.6,0
1525837500000,25991.45,26136.6,25946.3,26123.55,0
1525844700000,26123.5,26169.7,26070.25,26163.25,0
1525851900000,26164.4,26206.5,26110.9,26159.6,0
1525859100000,26159.75,26175.5,26135.3,26155.5,0
1525923900000,26218.45,26266.4,26162.6,26197.7,0
1525931100000,26197.65,26217.75,26119.55,26133.45,0
1525938300000,26134.1,26245.85,26132.25,26142.9,0
1525945500000,26140.25,26140.25,26061.45,26062.7,0
1526010300000,26164.6,26260.65,26099.85,26227.35,0
1526017500000,26226.75,26242.65,26169.2,26190.3,0
1526024700000,26190.95,26429.5,26188.05,26384.7,0
1526031900000,26385.35,26437.25,26385.35,26408.45,0
1526269500000,26413.3,26565.4,26355.95,26482.2,0
1526276700000,26480.45,26497.9,26338.05,26405.6,0
1526283900000,26405.35,26504.35,26365.7,26490.0,0
1526291100000,26489.8,26497.75,26433.55,26447.6,0
1526355900000,26502.6,26972.05,26407.3,26887.6,0
1526363100000,26887.65,26895.0,26595.4,26611.05,0
1526370300000,26608.7,26674.35,26409.5,26502.2,0
1526377500000,26504.65,26511.25,26422.05,26444.6,0
1526442300000,26288.35,26314.3,26112.0,26227.35,0
1526449500000,26228.55,26392.55,26227.25,26365.4,0
1526456700000,26366.4,26428.35,26102.15,26185.65,0
1526463900000,26185.35,26207.3,26168.65,26201.55,0
1526528700000,26233.7,26283.55,26109.35,26133.85,0
1526535900000,26133.1,26168.7,26063.25,26139.2,0
1526543100000,26141.75,26155.45,26012.0,26025.5,0
1526550300000,26029.45,26117.55,26017.55,26095.4,0
1526615100000,26030.35,26032.0,25882.65,25940.1,0
1526622300000,25939.5,25967.6,25864.65,25875.0,0
1526629500000,25872.3,25949.6,25839.0,25885.7,0
1526636700000,25887.65,25938.65,25883.45,25928.0,0
1526874300000,26028.25,26066.75,25778.05,25819.65,0
1526881500000,25821.9,25822.3,25687.95,25716.55,0
1526888700000,25722.65,25803.55,25685.35,25750.2,0
1526895900000,25752.25,25760.3,25723.95,25760.3,0
1526960700000,25785.95,25945.65,25701.35,25735.1,0
1526967900000,25730.45,25871.35,25730.45,25802.9,0
1526975100000,25804.6,25896.85,25727.45,25763.9,0
1526982300000,25766.55,25808.4,25758.5,25808.4,0
1527047100000,25763.95,25863.35,25705.35,25818.2,0
1527054300000,25817.4,25903.9,25811.3,25866.3,0
1527061500000,25871.2,25900.55,25670.35,25676.1,0
1527068700000,25674.25,25699.0,25622.15,25632.8,0
1527133500000,25724.75,25794.75,25658.4,25760.0,0
1527140700000,25759.85,25813.35,25731.15,25791.05,0
1527147900000,25791.0,26031.9,25772.75,26020.1,0
1527155100000,26018.65,26073.1,26015.05,26065.2,0
1527219900000,26054.6,26209.0,26031.45,26174.55,0
1527227100000,26173.8,26187.3,26130.9,26176.8,0
1527234300000,26177.65,26315.65,26153.55,26243.15,0
1527241500000,26240.65,26325.55,26236.35,26294.9,0
1527479100000,26292.1,26554.65,26273.9,26511.8,0
1527486300000,26512.25,26640.4,26485.5,26630.7,0
1527493500000,26633.5,26713.65,26589.35,26631.0,0
1527500700000,26631.1,26631.1,26573.1,26585.65,0
1527565500000,26556.55,26570.95,26428.3,26508.45,0
1527572700000,26508.75,26570.05,26366.6,26405.15,0
1527579900000,26403.7,26430.3,26221.1,26265.65,0
1527587100000,26269.2,26273.0,26227.95,26237.65,0
1527651900000,26052.0,26197.05,25980.85,26113.0,0
1527659100000,26113.25,26405.45,26106.25,26389.8,0
1527666300000,26387.05,26395.3,26137.05,26332.85,0
1527673500000,26334.4,26374.4,26326.75,26336.75,0
1527738300000,26602.55,26653.7,26354.55,26449.05,0
1527745500000,26448.5,26550.1,26429.45,26535.55,0
1527752700000,26534.95,27164.55,26494.15,26901.65,0
1527759900000,26904.3,27069.05,26874.4,26874.4,0
1527824700000,26955.35,26996.8,26773.95,26824.6,0
1527831900000,26830.5,26850.15,26698.15,26709.05,0
1527839100000,26711.8,26856.85,26691.9,26718.75,0
1527846300000,26720.35,26722.95,26658.55,26676.35,0
1528083900000,27042.95,27047.55,26456.2,26542.9,0
1528091100000,26543.05,26585.85,26367.15,26391.5,0
1528098300000,26392.05,26434.85,26205.9,26283.8,0
1528105500000,26282.3,26291.45,26236.1,26265.25,0
1528170300000,26272.35,26342.4,26069.55,26121.25,0
1528177500000,26120.2,26296.75,26108.2,26217.6,0
1528184700000,26217.15,26278.05,26091.2,26239.8,0
1528191900000,26236.7,26268.6,26233.0,26263.75,0
1528256700000,26268.65,26295.6,26180.35,26294.75,0
1528263900000,26291.65,26343.75,26251.9,26279.55,0
1528271100000,26279.05,26425.2,26147.8,26356.75,0
1528278300000,26358.7,26378.4,26339.4,26373.1,0
1528343100000,26587.2,26702.7,26541.7,26683.45,0
1528350300000,26682.85,26754.4,26648.35,26747.15,0
1528357500000,26748.45,26766.95,26527.05,26548.5,0
1528364700000,26547.05,26549.5,26483.9,26523.25,0
1528429500000,26463.5,26463.85,26290.15,26383.25,0
1528436700000,26383.85,26391.0,26284.2,26363.7,0
1528443900000,26365.2,26481.0,26335.2,26451.1,0
1528451100000,26452.25,26461.55,26427.8,26447.2,0
1528688700000,26484.95,26624.55,26439.65,26545.75,0
1528695900000,26546.2,26639.25,26538.5,26629.7,0
1528703100000,26630.1,26653.0,26422.4,26438.55,0
1528710300000,26438.05,26473.85,26421.95,26457.35,0
1528775100000,26571.9,26600.75,26449.85,26558.3,0
1528782300000,26560.1,26628.3,26478.25,26531.0,0
1528789500000,26530.5,26612.65,26495.9,26584.0,0
1528796700000,26584.9,26656.45,26575.65,26635.25,0
1528861500000,26731.05,26759.75,26616.75,26740.15,0
1528868700000,26737.6,26765.45,26660.8,26670.4,0
1528875900000,26669.8,26744.95,26598.2,26645.0,0
1528883100000,26642.7,26665.5,26635.5,26643.0,0
1528947900000,26574.85,26622.05,26503.1,26547.35,0
1528955100000,26547.75,26577.75,26516.45,26570.6,0
1528962300000,26570.95,26623.25,26539.95,26572.9,0
1528969500000,26572.35,26573.35,26531.45,26540.55,0
1529034300000,26549.35,26586.4,26479.05,26560.2,0
1529041500000,26560.45,26564.05,26353.25,26379.65,0
1529048700000,26377.45,26436.65,26344.95,26426.65,0
1529055900000,26424.2,26437.0,26397.05,26406.9,0
1529293500000,26477.5,26477.5,26322.45,26431.4,0
1529300700000,26432.1,26463.35,26370.75,26395.3,0
1529307900000,26398.4,26472.15,26362.7,26400.1,0
1529315100000,26399.05,26431.4,26396.95,26416.65,0
1529379900000,26436.65,26437.4,26303.25,26359.9,0
1529387100000,26358.55,26364.0,26282.2,26316.7,0
1529394300000,26316.6,26350.75,26235.15,26268.75,0
1529401500000,26269.35,26288.45,26224.75,26265.5,0
1529466300000,26355.35,26472.4,26309.95,26459.0,0
1529473500000,26459.8,26504.6,26448.75,26482.0,0
1529480700000,26479.05,26574.75,26440.1,26557.45,0
1529487900000,26559.55,26573.1,26548.45,26565.9,0
1529552700000,26653.6,26682.95,26502.2,26543.55,0
1529559900000,26541.9,26616.55,26474.1,26607.9,0
1529567100000,26606.9,26664.85,26454.95,26510.85,0
1529574300000,26510.55,26520.15,26479.35,26513.7,0
1529639100000,26528.8,26528.8,26364.25,26397.55,0
1529646300000,26397.45,26512.6,26384.7,26504.65,0
1529653500000,26503.2,26794.55,26490.15,26771.7,0
1529660700000,26772.3,26806.55,26759.15,26761.05,0
1529898300000,26720.8,26804.9,26657.6,26661.5,0
1529905500000,26660.7,26742.7,26645.45,26680.9,0
1529912700000,26682.35,26728.05,26573.0,26610.7,0
1529919900000,26615.1,26623.3,26585.5,26607.1,0
1529984700000,26498.75,26663.6,26479.65,26620.3,0
1529991900000,26620.6,26712.6,26601.45,26640.9,0
1529999100000,26641.25,26671.7,26545.8,26594.2,0
1530006300000,26594.05,26608.55,26573.5,26586.85,0
1530071100000,26597.7,26634.3,26520.55,26541.8,0
1530078300000,26545.0,26545.2,26365.55,26375.5,0
1530085500000,26374.8,26483.2,26336.5,26409.4,0
1530092700000,26410.95,26439.85,26384.8,26429.3,0
1530157500000,26422.85,26487.85,26341.3,26425.4,0
1530164700000,26426.8,26427.4,26289.1,26366.4,0
1530171900000,26365.1,26403.3,26161.0,26339.75,0
1530179100000,26340.5,26345.2,26280.3,26312.55,0
1530243900000,26327.4,26463.95,26291.35,26393.7,0
1530251100000,26393.55,26450.2,26383.2,26428.8,0
1530258300000,26429.95,26465.0,26322.2,26381.6,0
1530265500000,26382.95,26384.55,26343.2,26360.9,0
1530503100000,26371.6,26371.6,26158.75,26174.65,0
1530510300000,26171.8,26216.55,26082.05,26087.15,0
1530517500000,26084.0,26294.1,26060.6,26241.25,0
1530524700000,26239.0,26253.15,26205.45,26214.4,0
1530589500000,26181.0,26300.9,26142.0,26286.1,0
1530596700000,26287.4,26316.1,26209.1,26235.85,0
1530603900000,26237.25,26247.9,26171.0,26195.9,0
1530611100000,26195.35,26232.2,26189.3,26221.35,0
1530675900000,26262.6,26262.9,26132.9,26181.2,0
1530683100000,26179.2,26239.4,26167.3,26222.4,0
1530690300000,26219.4,26480.5,26214.25,26451.05,0
1530697500000,26450.25,26460.5,26400.9,26424.5,0
1530762300000,26461.5,26572.5,26415.2,26494.9,0
1530769500000,26495.05,26581.1,26477.25,26577.65,0
1530776700000,26579.3,26598.45,26482.15,26518.8,0
1530783900000,26517.85,26521.25,26488.95,26500.75,0
1530848700000,26439.5,26596.2,26410.0,26588.5,0
1530855900000,26589.35,26609.85,26521.0,26548.7,0
1530863100000,26548.95,26584.85,26486.85,26491.75,0
1530870300000,26492.8,26512.05,26473.7,26503.45,0
1531107900000,26634.3,26675.85,26611.55,26658.45,0
1531115100000,26657.25,26767.9,26654.9,26765.35,0
1531122300000,26764.75,26781.2,26733.15,26753.4,0
1531129500000,26752.6,26763.2,26729.6,26740.75,0
1531194300000,26816.15,26932.3,26778.5,26913.9,0
1531201500000,26915.9,26922.65,26875.7,26876.25,0
1531208700000,26876.1,26939.55,26855.05,26893.3,0
1531215900000,26892.5,26908.6,26886.45,26892.3,0
1531280700000,26874.3,26938.85,26812.5,26822.2,0
1531287900000,26823.2,26850.65,26780.8,26819.9,0
1531295100000,26819.7,26858.1,26774.6,26813.05,0
1531302300000,26812.1,26839.25,26798.5,26814.5,0
1531367100000,26936.05,27164.65,26936.05,27151.2,0
1531374300000,27151.8,27164.8,27064.35,27098.55,0
1531381500000,27099.05,27112.55,26998.3,27020.1,0
1531388700000,27020.55,27023.7,26967.3,26972.85,0
1531453500000,27049.3,27102.35,26930.95,26948.2,0
1531460700000,26947.75,27025.3,26940.9,26987.05,0
1531467900000,26990.9,26995.05,26902.3,26941.4,0
1531475100000,26943.4,26961.45,26930.25,26950.7,0
1531712700000,26930.6,26939.05,26747.55,26754.55,0
1531719900000,26753.7,26795.0,26715.05,26749.15,0
1531727100000,26748.75,26763.1,26660.7,26692.75,0
1531734300000,26693.05,26701.8,26643.95,26652.9,0
1531799100000,26674.6,26821.05,26653.65,26772.95,0
1531806300000,26773.75,26820.25,26763.75,26813.15,0
1531813500000,26812.7,27041.35,26799.0,27010.1,0
1531820700000,27008.65,27026.0,26994.95,27015.15,0
1531885500000,27122.9,27187.15,27041.4,27128.25,0
1531892700000,27128.95,27165.55,26868.9,27023.2,0
1531899900000,27021.05,27029.55,26834.45,26877.1,0
1531907100000,26877.9,26921.85,26855.95,26912.3,0
1531971900000,26960.3,27025.45,26800.45,27020.3,0
1531979100000,27019.35,27022.3,26885.3,26921.25,0
1531986300000,26920.5,26922.65,26730.1,26791.9,0
1531993500000,26791.7,26816.8,26777.9,26796.95,0
1532058300000,26748.05,26888.4,26718.6,26813.3,0
1532065500000,26814.75,26875.05,26792.65,26835.4,0
1532072700000,26834.95,26946.55,26780.1,26883.4,0
1532079900000,26882.7,26906.7,26851.65,26872.1,0
1532317500000,26728.7,26926.9,26671.35,26872.6,0
1532324700000,26872.2,26894.25,26837.6,26855.15,0
1532331900000,26856.9,27035.55,26839.5,27021.65,0
1532339100000,27020.0,27040.1,26977.25,27000.9,0
1532403900000,27003.9,27128.0,26972.3,27075.9,0
1532411100000,27075.7,27088.7,26868.15,26925.6,0
1532418300000,26925.65,27028.5,26906.85,26973.85,0
1532425500000,26973.55,26991.35,26957.6,26968.9,0
1532490300000,27022.0,27037.3,26939.35,26984.55,0
1532497500000,26984.3,27074.0,26958.9,27034.35,0
1532504700000,27034.1,27068.6,26997.4,27039.35,0
1532511900000,27040.15,27040.15,27007.45,27017.75,0
1532576700000,27079.6,27320.05,27045.05,27275.4,0
1532583900000,27275.2,27358.4,27266.2,27335.65,0
1532591100000,27334.85,27415.9,27246.3,27401.15,0
1532598300000,27392.3,27455.1,27392.05,27421.95,0
1532663100000,27508.45,27636.4,27455.0,27564.95,0
1532670300000,27564.45,27610.2,27525.4,27554.4,0
1532677500000,27553.25,27661.05,27541.2,27636.75,0
1532684700000,27636.25,27652.35,27593.8,27631.45,0
1532922300000,27784.65,27801.95,27607.95,27705.8,0
1532929500000,27703.5,27778.45,27689.35,27763.0,0
1532936700000,27764.6,27867.55,27760.15,27861.8,0
1532943900000,27858.15,27873.7,27803.4,27815.2,0
1533008700000,27804.75,27839.2,27693.95,27733.8,0
1533015900000,27733.45,27733.9,27651.3,27678.15,0
1533023100000,27676.85,27771.05,27667.95,27753.95,0
1533030300000,27754.45,27791.1,27745.85,27773.15,0
1533095100000,27706.25,27820.15,27659.4,27684.75,0
1533102300000,27684.7,27690.05,27614.3,27627.65,0
1533109500000,27626.0,27727.65,27501.65,27619.2,0
1533116700000,27617.45,27624.4,27477.9,27485.2,0
1533181500000,27487.9,27487.9,27345.95,27415.75,0
1533188700000,27413.4,27443.8,27353.3,27376.7,0
1533195900000,27375.8,27444.65,27329.8,27365.45,0
1533203100000,27366.9,27378.35,27327.95,27340.85,0
1533267900000,27521.75,27630.0,27448.15,27598.8,0
1533275100000,27598.95,27608.35,27563.05,27595.15,0
1533282300000,27594.45,27708.05,27594.45,27689.8,0
1533289500000,27689.65,27723.0,27680.65,27709.25,0
1533527100000,27768.55,27972.15,27766.05,27943.95,0
1533534300000,27946.95,27987.3,27906.1,27940.35,0
1533541500000,27939.2,27994.0,27863.1,27906.15,0
1533548700000,27907.5,27916.4,27879.55,27898.25,0
1533613500000,27988.2,27988.2,27829.4,27859.55,0
1533620700000,27857.25,27953.65,27827.3,27928.85,0
1533627900000,27936.45,27958.95,27856.2,27874.1,0
1533635100000,27877.95,27889.45,27862.9,27872.3,0
1533699900000,27910.9,28086.25,27858.75,28076.6,0
1533707100000,28076.85,28119.1,28063.85,28081.95,0
1533714300000,28081.55,28128.65,27955.2,28065.65,0
1533721500000,28065.1,28090.95,28052.65,28066.1,0
1533786300000,28187.5,28339.6,28132.0,28265.35,0
1533793500000,28263.6,28312.65,28235.75,28284.95,0
1533800700000,28285.45,28342.65,28255.85,28317.9,0
1533807900000,28318.65,28363.4,28290.35,28312.8,0
1533872700000,28353.75,28363.6,28185.4,28233.75,0
1533879900000,28231.25,28257.1,28171.65,28205.85,0
1533887100000,28206.1,28377.9,28100.6,28129.6,0
1533894300000,28134.0,28142.2,28087.65,28107.05,0
1534131900000,27816.5,27911.85,27739.5,27796.4,0
1534139100000,27796.8,27861.15,27763.6,27826.35,0
1534146300000,27826.3,27895.35,27743.1,27815.6,0
1534153500000,27820.7,27829.15,27794.4,27822.6,0
1534218300000,27873.2,28018.85,27854.9,27948.1,0
1534225500000,27946.9,28023.9,27930.6,28010.95,0
1534232700000,28008.8,28053.05,27974.75,28025.6,0
1534239900000,28026.8,28043.1,28012.65,28026.05,0
1534391100000,27838.65,28013.1,27784.45,27985.9,0
1534398300000,27985.15,27991.55,27898.9,27902.75,0
1534405500000,27904.65,27933.05,27779.5,27818.9,0
1534412700000,27819.05,27868.5,27806.4,27849.8,0
1534477500000,28003.75,28124.25,27953.8,28109.6,0
1534484700000,28110.25,28120.0,28054.05,28094.85,0
1534491900000,28094.05,28178.15,28057.3,28129.25,0
1534499100000,28128.4,28139.4,28102.9,28121.2,0
1534736700000,28246.65,28314.05,28204.9,28277.0,0
1534743900000,28276.35,28322.3,28269.0,28288.1,0
1534751100000,28287.15,28312.05,28229.05,28266.9,0
1534758300000,28267.6,28298.75,28243.35,28264.35,0
1534823100000,28304.25,28305.95,28198.4,28203.75,0
1534830300000,28207.45,28239.85,28151.9,28203.85,0
1534837500000,28198.7,28278.7,28177.55,28256.3,0
1534844700000,28254.8,28273.1,28246.95,28259.75,0
1534995900000,28325.45,28325.45,28066.1,28074.1,0
1535003100000,28070.35,28104.2,28011.4,28024.25,0
1535010300000,28023.4,28047.1,27965.35,28032.8,0
1535017500000,28032.3,28050.1,28024.4,28034.95,0
1535082300000,27977.85,28122.75,27871.6,27882.15,0
1535089500000,27883.25,27909.45,27782.8,27835.15,0
1535096700000,27834.35,27893.95,27801.8,27838.75,0
1535103900000,27838.15,27842.8,27822.2,27837.3,0
1535341500000,27982.1,28219.1,27958.2,28210.3,0
1535348700000,28211.15,28304.25,28186.8,28296.2,0
1535355900000,28292.75,28317.75,28233.2,28252.55,0
1535363100000,28250.65,28282.2,28248.15,28262.8,0
1535427900000,28380.1,28388.65,28159.55,28240.55,0
1535435100000,28240.2,28256.95,28152.7,28210.35,0
1535442300000,28210.3,28289.1,28165.1,28280.9,0
1535449500000,28283.75,28291.4,28258.2,28275.9,0
1535514300000,28237.0,28344.1,28191.25,28290.15,0
1535521500000,28290.1,28305.2,28251.35,28280.5,0
1535528700000,28279.85,28340.5,28167.8,28211.35,0
1535535900000,28207.65,28218.7,28183.35,28207.6,0
1535600700000,28199.0,28218.5,28007.0,28054.65,0
1535607900000,28054.9,28113.35,27985.15,27991.25,0
1535615100000,27991.95,28119.95,27961.75,28111.4,0
1535622300000,28112.4,28136.15,28091.35,28106.9,0
1535687100000,28010.15,28157.35,27954.1,27958.1,0
1535694300000,27956.6,28028.05,27940.95,27990.65,0
1535701500000,27992.1,28088.65,27977.35,28077.7,0
1535708700000,28076.1,28083.8,28036.85,28046.8,0
1535946300000,28203.2,28203.2,27987.4,28049.1,0
1535953500000,28049.45,28073.75,27996.75,28008.7,0
1535960700000,28007.25,28016.8,27807.2,27826.3,0
1535967900000,27826.75,27834.55,27777.4,27804.35,0
1536032700000,27848.7,27875.15,27561.25,27586.65,0
1536039900000,27587.15,27701.6,27569.75,27600.25,0
1536047100000,27603.3,27614.8,27385.85,27418.05,0
1536054300000,27416.85,27475.85,27407.05,27454.05,0
1536119100000,27393.1,27506.3,27337.55,27360.1,0
1536126300000,27359.65,27364.9,27174.0,27248.95,0
1536133500000,27252.35,27407.95,27136.05,27383.45,0
1536140700000,27383.25,27435.5,27359.15,27371.0,0
1536205500000,27472.4,27490.85,27290.65,27427.35,0
1536212700000,27427.5,27431.9,27246.25,27311.95,0
1536219900000,27311.65,27552.8,27281.15,27459.75,0
1536227100000,27456.8,27466.6,27399.25,27424.15,0
1536291900000,27449.2,27449.2,27232.8,27407.45,0
1536299100000,27413.4,27427.8,27337.15,27414.45,0
1536306300000,27416.4,27512.5,27340.15,27494.5,0
1536313500000,27495.85,27501.65,27446.9,27460.45,0
1536551100000,27404.65,27404.85,27225.7,27243.45,0
1536558300000,27238.65,27258.35,27142.55,27208.75,0
1536565500000,27208.85,27290.45,27162.95,27209.1,0
1536572700000,27209.75,27219.45,27169.65,27209.25,0
1536637500000,27282.3,27318.45,27156.4,27271.35,0
1536644700000,27272.05,27293.2,27210.1,27235.55,0
1536651900000,27235.5,27265.95,26797.8,26818.55,0
1536659100000,26820.25,26823.0,26772.25,26787.4,0
1536723900000,26863.55,26879.95,26611.8,26715.1,0
1536731100000,26714.3,26763.9,26555.15,26644.15,0
1536738300000,26643.55,26875.9,26610.25,26803.6,0
1536745500000,26802.2,26884.8,26795.0,26869.2,0
1536896700000,27068.65,27122.4,27003.95,27053.1,0
1536903900000,27052.7,27147.7,26989.8,27134.25,0
1536911100000,27134.55,27205.75,27087.4,27161.1,0
1536918300000,27162.0,27166.8,27123.55,27143.85,0
1537155900000,26970.45,26987.85,26743.4,26753.5,0
1537163100000,26753.35,26869.15,26745.65,26858.55,0
1537170300000,26857.95,26890.2,26785.55,26812.45,0
1537177500000,26811.55,26827.8,26790.1,26800.95,0
1537242300000,26762.85,26901.05,26601.9,26630.65,0
1537249500000,26630.05,26735.35,26607.15,26645.95,0
1537256700000,26646.6,26690.2,26429.75,26429.85,0
1537263900000,26430.55,26459.95,26407.45,26436.95,0
1537328700000,26553.15,26611.6,26421.15,26497.1,0
1537335900000,26497.3,26576.55,26348.65,26355.9,0
1537343100000,26355.1,26463.0,26235.7,26273.15,0
1537350300000,26272.85,26307.5,26266.95,26285.7,0
1537501500000,26251.2,26490.4,26251.2,26431.15,0
1537508700000,26431.95,26447.75,25053.35,25841.35,0
1537515900000,25843.85,26038.8,25205.15,25661.55,0
1537523100000,25660.5,25683.8,25559.7,25621.8,0
1537760700000,25649.7,25649.7,25142.15,25283.0,0
1537767900000,25279.8,25279.8,24978.8,25157.65,0
1537775100000,25159.7,25164.5,24905.1,24955.65,0
1537782300000,24956.7,24959.7,24904.5,24919.3,0
1537847100000,24951.7,25246.1,24678.25,25147.55,0
1537854300000,25148.45,25200.4,24949.4,25056.0,0
1537861500000,25056.8,25321.65,24760.6,25307.45,0
1537868700000,25309.6,25406.95,25308.8,25404.15,0
1537933500000,25501.35,25518.3,25305.75,25372.35,0
1537940700000,25373.3,25409.9,25197.35,25240.55,0
1537947900000,25239.4,25435.9,25222.7,25394.6,0
1537955100000,25393.7,25415.3,25308.9,25343.3,0
1538019900000,25447.25,25452.5,25227.45,25262.25,0
1538027100000,25262.5,25278.5,25068.05,25107.75,0
1538034300000,25108.3,25178.8,25007.9,25008.8,0
1538041500000,25009.8,25144.9,25007.05,25092.8,0
1538106300000,25154.15,25261.85,24919.25,25156.15,0
1538113500000,25156.75,25354.7,25064.05,25192.0,0
1538120700000,25193.0,25331.0,24946.4,25209.35,0
1538127900000,25205.95,25249.1,25124.55,25133.75,0
1538365500000,24948.6,25082.95,24707.65,24818.6,0
1538372700000,24815.35,25000.5,24763.65,24912.15,0
1538379900000,24913.0,25394.15,24908.3,25357.0,0
1538387100000,25361.7,25412.15,25334.2,25392.65,0
1538538300000,25258.55,25315.2,25143.1,25279.25,0
1538545500000,25279.35,25470.05,25224.75,25349.05,0
1538552700000,25346.45,25449.65,25026.35,25064.0,0
1538559900000,25059.4,25099.85,25042.15,25089.55,0
1538624700000,24705.5,24843.7,24684.45,24752.75,0
1538631900000,24753.2,24789.35,24625.0,24663.15,0
1538639100000,24662.55,24893.4,24501.05,24863.65,0
1538646300000,24863.8,24863.8,24684.4,24691.45,0
1538711100000,24703.95,24861.6,24646.45,24772.4,0
1538718300000,24772.95,24839.95,24720.75,24758.45,0
1538725500000,24758.9,25080.2,24435.6,24468.05,0
1538732700000,24466.1,24466.1,24250.65,24306.35,0
1538970300000,24396.65,24646.7,24325.75,24628.0,0
1538977500000,24627.85,24659.35,24463.75,24468.55,0
1538984700000,24471.25,24736.35,24240.05,24716.8,0
1538991900000,24715.5,24745.35,24587.4,24624.9,0
1539056700000,24704.65,24715.8,24492.65,24577.1,0
1539063900000,24577.7,24666.0,24505.55,24570.2,0
1539071100000,24572.45,24759.9,24464.9,24519.8,0
1539078300000,24519.4,24563.45,24484.9,24530.45,0
1539143100000,24605.0,25013.5,24559.9,24997.15,0
1539150300000,24997.65,25205.1,24956.4,25150.55,0
1539157500000,25149.8,25371.15,25143.15,25287.8,0
1539164700000,25288.85,25347.6,25287.65,25316.3,0
1539229500000,24614.9,24709.2,24493.7,24639.15,0
1539236700000,24639.5,24940.1,24629.95,24915.05,0
1539243900000,24916.3,24925.05,24633.2,24762.65,0
1539251100000,24758.35,24851.85,24751.25,24818.7,0
1539315900000,25021.15,25484.2,24975.45,25449.9,0
1539323100000,25449.4,25451.85,25331.75,25394.2,0
1539330300000,25394.0,25467.4,25308.8,25399.65,0
1539337500000,25405.45,25413.25,25341.1,25348.7,0
1539575100000,25447.15,25447.15,25147.8,25210.95,0
1539582300000,25213.25,25370.8,25192.05,25291.9,0
1539589500000,25294.35,25466.2,25230.25,25376.1,0
1539596700000,25382.75,25416.25,25367.65,25393.2,0
1539661500000,25429.65,25707.05,25351.8,25678.8,0
1539668700000,25681.05,25691.5,25527.35,25594.9,0
1539675900000,25595.05,25662.45,25580.25,25598.45,0
1539683100000,25597.4,25608.05,25538.6,25543.1,0
1539747900000,25829.15,25915.35,25611.65,25631.7,0
1539755100000,25634.7,25661.1,25455.5,25501.05,0
1539762300000,25502.0,25530.35,25101.95,25167.1,0
1539769500000,25165.8,25213.35,25132.5,25185.35,0
1539920700000,24934.85,25277.9,24922.65,25021.7,0
1539927900000,25019.6,25177.9,25018.45,25069.9,0
1539935100000,25070.0,25116.9,24935.0,25058.15,0
1539942300000,25056.6,25117.9,25038.5,25097.7,0
1540179900000,25503.7,25504.75,25145.25,25326.85,0
1540187100000,25324.85,25462.2,25310.5,25369.95,0
1540194300000,25369.7,25374.7,25021.35,25060.5,0
1540201500000,25058.0,25127.6,25048.75,25113.85,0
1540266300000,24872.65,25124.6,24784.9,24994.95,0
1540273500000,24997.3,25021.1,24929.8,24992.1,0
1540280700000,24996.4,24998.45,24804.5,24955.75,0
1540287900000,24956.95,25050.35,24945.95,25029.55,0
1540352700000,25354.3,25356.9,25048.85,25098.1,0
1540359900000,25097.9,25174.4,25056.35,25080.0,0
1540367100000,25080.2,25151.25,24839.65,25123.3,0
1540374300000,25124.45,25124.45,25069.75,25081.5,0
1540439100000,24848.9,24977.35,24750.0,24789.9,0
1540446300000,24791.05,24868.25,24696.85,24827.1,0
1540453500000,24825.1,24857.5,24702.45,24815.1,0
1540460700000,24813.3,24883.85,24798.1,24845.85,0
1540525500000,24727.6,24771.95,24584.35,24662.15,0
1540532700000,24663.35,24760.2,24612.55,24674.3,0
1540539900000,24674.7,24716.45,24418.0,24456.5,0
1540547100000,24458.25,24458.25,24353.1,24359.8,0
1540784700000,24687.0,24687.0,24404.55,24557.55,0
1540791900000,24560.85,24821.3,24541.7,24809.15,0
1540799100000,24810.3,24974.9,24754.25,24963.8,0
1540806300000,24959.1,25023.75,24950.1,24975.7,0
1540871100000,24925.35,25121.5,24869.55,24964.85,0
1540878300000,24959.25,25017.9,24838.1,24962.5,0
1540885500000,24962.45,24982.1,24686.85,24821.55,0
1540892700000,24824.7,24842.75,24798.25,24807.2,0
1540957500000,24813.7,24870.1,24528.35,24651.95,0
1540964700000,24652.1,24891.2,24624.0,24791.85,0
1540971900000,24792.85,25201.3,24791.5,25145.9,0
1540979100000,25144.8,25168.25,25073.85,25086.15,0
1541043900000,25285.3,25322.0,25129.45,25236.45,0
1541051100000,25235.95,25361.15,25159.4,25346.1,0
1541058300000,25353.05,25401.6,25279.8,25313.3,0
1541065500000,25314.15,25347.3,25305.75,25336.8,0
1541130300000,25566.25,25713.95,25499.15,25700.6,0
1541137500000,25698.9,25788.7,25692.85,25766.25,0
1541144700000,25764.85,25856.25,25671.35,25709.05,0
1541151900000,25709.85,25738.25,25657.15,25723.4,0
1541389500000,25740.2,25740.2,25534.4,25610.4,0
1541396700000,25605.3,25706.3,25583.5,25683.5,0
1541403900000,25683.7,25714.6,25610.25,25688.85,0
1541411100000,25688.25,25788.2,25683.4,25747.55,0
1541475900000,25751.7,25860.75,25727.4,25759.2,0
1541483100000,25761.6,25852.25,25733.75,25836.35,0
1541490300000,25837.15,25843.7,25558.35,25589.85,0
1541497500000,25591.1,25620.15,25571.5,25601.8,0
1541735100000,25742.95,25807.1,25598.75,25795.15,0
1541742300000,25793.5,25803.05,25689.3,25714.65,0
1541749500000,25714.45,25822.75,25681.85,25810.85,0
1541756700000,25809.15,25817.85,25740.7,25766.5,0
1541994300000,25830.6,25907.2,25689.6,25738.55,0
1542001500000,25737.6,25767.1,25605.6,25637.25,0
1542008700000,25635.55,25668.05,25547.25,25556.4,0
1542015900000,25554.55,25556.4,25495.1,25532.6,0
1542080700000,25452.7,25519.35,25384.55,25417.8,0
1542087900000,25418.75,25594.85,25411.9,25583.6,0
1542095100000,25585.2,25786.25,25548.85,25785.05,0
1542102300000,25783.9,25796.5,25759.55,25793.4,0
1542167100000,25965.6,25995.7,25809.6,25925.15,0
1542174300000,25926.85,26045.05,25913.2,25975.0,0
1542181500000,25974.55,26002.1,25806.7,25929.75,0
1542188700000,25930.7,25942.45,25892.85,25902.95,0
1542253500000,25957.2,25999.35,25728.0,25995.25,0
1542260700000,25994.2,26157.05,25972.2,26154.05,0
1542267900000,26153.95,26197.6,26090.4,26165.6,0
1542275100000,26158.25,26166.1,26104.15,26114.55,0
1542339900000,26226.95,26332.75,26157.6,26214.95,0
1542347100000,26210.0,26281.2,26122.55,26273.5,0
1542354300000,26277.6,26309.55,26150.2,26237.85,0
1542361500000,26237.75,26257.35,26225.5,26247.0,0
1542599100000,26368.4,26376.65,26207.75,26270.75,0
1542606300000,26269.9,26320.6,26231.5,26301.4,0
1542613500000,26301.45,26379.1,26204.35,26283.6,0
1542620700000,26278.85,26352.7,26278.15,26338.25,0
1542685500000,26186.1,26259.4,26137.1,26163.55,0
1542692700000,26164.25,26245.55,26148.95,26170.65,0
1542699900000,26170.35,26200.6,26041.8,26128.8,0
1542707100000,26128.45,26130.95,26074.15,26078.95,0
1542771900000,26122.35,26222.05,26060.55,26102.45,0
1542779100000,26102.25,26289.4,26080.85,26228.2,0
1542786300000,26227.25,26342.05,26195.15,26267.95,0
1542793500000,26267.1,26275.55,26237.6,26256.55,0
1542858300000,26248.8,26323.95,26207.55,26248.65,0
1542865500000,26249.25,26313.7,26179.45,26205.0,0
1542872700000,26206.8,26211.7,25984.3,25999.25,0
1542879900000,25998.9,26024.75,25947.85,26004.3,0
1543203900000,26064.35,26160.75,26060.4,26090.5,0
1543211100000,26089.55,26191.95,26025.05,26163.8,0
1543218300000,26166.5,26393.2,26159.65,26381.1,0
1543225500000,26378.35,26396.6,26354.8,26390.8,0
1543290300000,26317.4,26451.75,26275.2,26407.0,0
1543297500000,26405.45,26427.85,26268.65,26403.4,0
1543304700000,26405.2,26491.25,26344.05,26423.8,0
1543311900000,26423.5,26448.55,26412.3,26427.6,0
1543376700000,26496.05,26575.25,26448.45,26510.9,0
1543383900000,26511.45,26584.95,26505.75,26562.5,0
1543391100000,26564.6,26564.6,26419.65,26462.9,0
1543398300000,26461.25,26473.0,26428.9,26446.45,0
1543463100000,26650.55,26666.25,26577.15,26636.35,0
1543470300000,26634.05,26819.5,26632.4,26805.25,0
1543477500000,26801.45,27003.75,26760.2,26919.05,0
1543484700000,26922.0,26984.4,26908.15,26943.7,0
1543549500000,26985.25,27012.7,26856.0,26882.5,0
1543556700000,26882.8,26908.65,26764.9,26823.65,0
1543563900000,26823.9,26894.95,26769.8,26848.4,0
1543571100000,26849.1,26888.8,26835.75,26850.8,0
1543808700000,27037.1,27037.1,26860.1,26938.7,0
1543815900000,26938.0,26945.75,26791.65,26829.1,0
1543823100000,26827.9,26890.2,26808.9,26859.75,0
1543830300000,26863.05,26875.1,26846.05,26852.25,0
1543895100000,26843.8,26843.8,26665.65,26676.8,0
1543902300000,26675.8,26745.85,26644.75,26694.95,0
1543909500000,26694.0,26752.9,26655.65,26697.8,0
1543916700000,26695.05,26711.0,26676.65,26710.0,0
1543981500000,26593.55,26619.35,26514.3,26583.3,0
1543988700000,26583.45,26614.75,26537.15,26560.6,0
1543995900000,26561.0,26627.35,26443.65,26519.75,0
1544003100000,26519.05,26549.95,26509.4,26542.9,0
1544067900000,26356.15,26359.9,26190.05,26210.35,0
1544075100000,26208.4,26326.45,26159.9,26297.15,0
1544082300000,26296.95,26354.7,26149.45,26194.85,0
1544089500000,26193.6,26218.5,26188.65,26203.3,0
1544154300000,26342.2,26456.75,26252.1,26422.7,0
1544161500000,26422.05,26495.6,26338.5,26386.1,0
1544168700000,26384.5,26604.45,26338.7,26601.05,0
1544175900000,26604.7,26659.7,26585.85,26642.9,0
1544413500000,26151.45,26281.1,26073.3,26241.15,0
1544420700000,26242.9,26336.2,26177.8,26220.9,0
1544427900000,26220.7,26284.8,26072.0,26112.6,0
1544435100000,26115.8,26118.5,26086.7,26099.35,0
1544499900000,25744.5,25910.25,25598.95,25894.3,0
1544507100000,25890.85,26207.45,25873.3,26122.8,0
1544514300000,26120.4,26174.75,25988.25,26138.75,0
1544521500000,26141.05,26227.9,26140.7,26222.55,0
1544586300000,26288.15,26511.45,26214.75,26475.35,0
1544593500000,26479.4,26517.7,26429.2,26454.55,0
1544600700000,26453.15,26658.1,26440.2,26640.8,0
1544607900000,26638.9,26672.7,26610.35,26623.35,0
1544672700000,26816.55,26951.45,26795.7,26896.35,0
1544679900000,26899.2,26943.2,26788.15,26906.7,0
1544687100000,26906.6,26947.85,26723.65,26817.15,0
1544694300000,26816.15,26849.1,26800.65,26820.95,0
1544759100000,26872.3,26909.0,26736.55,26762.7,0
1544766300000,26763.55,26849.55,26749.7,26804.5,0
1544773500000,26804.45,26861.3,26732.7,26835.45,0
1544780700000,26830.65,26857.05,26797.2,26803.65,0
1545018300000,26925.8,27037.8,26908.6,27029.9,0
1545025500000,27029.45,27039.45,26959.9,26968.1,0
1545032700000,26969.85,27051.4,26918.5,27019.0,0
1545039900000,27018.6,27026.75,26987.05,27006.2,0
1545104700000,26890.3,26919.15,26840.8,26873.4,0
1545111900000,26872.45,26962.75,26857.05,26945.3,0
1545119100000,26944.9,27195.9,26916.35,27189.45,0
1545126300000,27187.55,27210.05,27170.3,27191.85,0
1545191100000,27245.05,27355.95,27226.25,27245.65,0
1545198300000,27247.65,27347.9,27214.3,27344.65,0
1545205500000,27342.8,27364.35,27283.85,27299.6,0
1545212700000,27297.1,27303.25,27272.3,27281.05,0
1545277500000,27167.6,27265.9,27084.5,27163.4,0
1545284700000,27162.75,27271.4,27117.05,27221.4,0
1545291900000,27219.25,27296.25,27158.2,27290.85,0
1545299100000,27293.05,27309.1,27263.65,27296.85,0
1545363900000,27262.05,27369.1,27026.75,27070.95,0
1545371100000,27069.9,27106.15,26971.45,27031.95,0
1545378300000,27032.55,27041.3,26823.1,26842.35,0
1545385500000,26844.8,26914.15,26828.7,26897.35,0
1545623100000,26878.0,26934.85,26729.2,26751.05,0
1545630300000,26750.75,26881.55,26723.65,26817.0,0
1545637500000,26817.25,26875.9,26676.95,26728.3,0
1545644700000,26727.05,26734.75,26703.05,26721.5,0
1545795900000,26596.65,26643.35,26408.15,26494.05,0
1545803100000,26495.15,26571.4,26458.2,26551.25,0
1545810300000,26553.3,27008.55,26533.2,26964.35,0
1545817500000,26969.45,27029.15,26965.1,27011.85,0
1545882300000,27206.9,27239.95,26945.9,27085.5,0
1545889500000,27086.35,27110.0,26939.15,27013.4,0
1545896700000,27010.45,27113.25,26845.1,26867.5,0
1545903900000,26861.45,26918.95,26848.3,26897.1,0
1545968700000,27071.15,27213.45,27039.6,27157.8,0
1545975900000,27156.8,27183.45,27092.4,27160.85,0
1545983100000,27162.7,27208.8,27112.6,27115.75,0
1545990300000,27116.55,27138.6,27098.4,27120.75,0
1546227900000,27275.45,27286.5,27141.95,27177.1,0
1546235100000,27177.55,27192.5,27105.0,27138.6,0
1546242300000,27139.05,27198.4,27131.65,27159.05,0
1546249500000,27165.4,27181.0,27147.1,27159.75,0
1546314300000,27235.5,27239.55,27035.25,27112.7,0
1546321500000,27111.75,27122.85,27054.75,27093.15,0
1546328700000,27093.45,27395.35,27019.05,27386.8,0
1546335900000,27385.0,27430.55,27380.0,27411.15,0
1546400700000,27304.7,27397.55,27208.55,27355.4,0
1546407900000,27355.35,27391.3,27156.6,27210.4,0
1546415100000,27210.9,27226.4,27077.6,27156.9,0
1546422300000,27157.15,27165.2,27129.6,27155.85,0
1546487100000,27193.7,27206.2,27047.05,27102.75,0
1546494300000,27102.25,27103.4,26977.75,27062.3,0
1546501500000,27062.95,27092.0,26940.25,26959.3,0
1546508700000,26962.45,26969.25,26923.75,26930.55,0
1546573500000,26989.3,27132.15,26926.1,27068.95,0
1546580700000,27069.2,27272.05,27064.4,27243.05,0
1546587900000,27241.5,27274.5,27059.25,27189.2,0
1546595100000,27189.0,27214.65,27179.95,27202.55,0
1546832700000,27378.9,27477.8,27364.6,27436.15,0
1546839900000,27434.4,27465.75,27384.5,27436.6,0
1546847100000,27437.6,27463.0,27282.1,27305.85,0
1546854300000,27305.75,27323.5,27279.55,27296.85,0
1546919100000,27312.65,27344.0,27161.95,27280.45,0
1546926300000,27280.65,27355.35,27227.15,27319.85,0
1546933500000,27319.45,27519.5,27286.85,27517.25,0
1546940700000,27517.5,27542.4,27486.75,27499.05,0
1547005500000,27661.6,27684.65,27580.0,27608.85,0
1547012700000,27608.35,27678.35,27586.0,27674.0,0
1547019900000,27670.95,27753.95,27409.5,27742.4,0
1547027100000,27740.4,27754.45,27703.55,27711.2,0
1547091900000,27692.75,27698.0,27539.15,27579.45,0
1547099100000,27581.0,27597.3,27510.15,27568.05,0
1547106300000,27570.1,27580.4,27488.2,27521.2,0
1547113500000,27520.5,27534.5,27496.05,27526.25,0
1547178300000,27608.0,27612.45,27461.55,27476.3,0
1547185500000,27475.7,27488.7,27403.2,27446.15,0
1547192700000,27448.35,27509.3,27382.45,27492.25,0
1547199900000,27489.8,27493.75,27405.4,27420.4,0
1547437500000,27389.8,27389.8,27215.95,27243.95,0
1547444700000,27243.3,27286.1,27182.2,27247.15,0
1547451900000,27246.85,27315.25,27231.25,27258.7,0
1547459100000,27256.55,27260.25,27234.1,27252.2,0
1547523900000,27358.65,27426.5,27317.1,27400.4,0
1547531100000,27400.15,27447.55,27357.25,27377.7,0
1547538300000,27377.65,27416.85,27341.85,27405.25,0
1547545500000,27405.2,27422.0,27383.0,27388.9,0
1547610300000,27443.35,27554.45,27403.05,27495.5,0
1547617500000,27496.1,27554.75,27470.85,27510.0,0
1547624700000,27510.4,27533.2,27462.5,27491.55,0
1547631900000,27491.7,27497.55,27442.15,27451.85,0
1547696700000,27561.3,27572.6,27463.4,27506.35,0
1547703900000,27506.25,27514.75,27385.4,27417.9,0
1547711100000,27418.7,27611.55,27335.15,27527.05,0
1547718300000,27523.2,27531.3,27486.35,27495.35,0
1547783100000,27567.5,27576.45,27410.65,27490.3,0
1547790300000,27490.15,27525.15,27431.6,27473.5,0
1547797500000,27472.55,27563.9,27441.05,27445.05,0
1547804700000,27446.0,27474.9,27437.4,27465.1,0
1548042300000,27518.4,27603.85,27388.5,27535.0,0
1548049500000,27533.55,27619.4,27488.35,27609.55,0
1548056700000,27606.6,27622.2,27517.55,27537.8,0
1548063900000,27537.5,27543.55,27501.5,27523.7,0
1548128700000,27533.35,27533.35,27412.3,27418.5,0
1548135900000,27416.95,27472.3,27385.4,27434.65,0
1548143100000,27434.3,27519.0,27426.1,27485.5,0
1548150300000,27484.2,27495.2,27456.7,27470.55,0
1548215100000,27494.95,27545.4,27437.95,27456.5,0
1548222300000,27461.0,27564.7,27459.55,27519.85,0
1548229500000,27519.55,27521.3,27215.25,27229.4,0
1548236700000,27228.6,27247.9,27189.6,27224.3,0
1548301500000,27293.85,27306.2,27177.2,27221.5,0
1548308700000,27222.95,27236.25,27150.65,27189.9,0
1548315900000,27189.3,27308.0,27142.8,27292.7,0
1548323100000,27290.7,27342.35,27277.15,27297.95,0
1548387900000,27296.0,27433.55,27247.55,27368.85,0
1548395100000,27368.75,27391.45,27328.25,27363.15,0
1548402300000,27362.85,27374.55,27045.2,27080.3,0
1548409500000,27084.9,27144.05,27078.5,27119.2,0
1548647100000,27055.8,27134.2,26802.95,26812.65,0
1548654300000,26813.8,26814.5,26655.1,26711.05,0
1548661500000,26712.8,26768.75,26587.95,26615.9,0
1548668700000,26617.2,26710.6,26603.65,26710.25,0
1548733500000,26621.6,26713.4,26552.85,26634.8,0
1548740700000,26637.75,26743.85,26513.9,26515.3,0
1548747900000,26517.15,26585.3,26441.55,26512.15,0
1548755100000,26513.3,26683.65,26508.95,26680.5,0
1548819900000,26828.15,26828.8,26693.7,26705.15,0
1548827100000,26706.1,26856.4,26697.7,26819.1,0
1548834300000,26819.2,26916.25,26737.95,26818.2,0
1548841500000,26816.2,26858.75,26797.75,26831.45,0
1548906300000,26994.75,27016.45,26891.05,27003.7,0
1548913500000,27003.4,27079.65,26969.4,27068.6,0
1548920700000,27068.85,27325.05,27065.85,27287.85,0
1548927900000,27286.45,27301.15,27250.25,27250.25,0
1548992700000,27310.05,27342.8,27188.55,27262.35,0
1548999900000,27261.75,27533.05,27250.25,27514.45,0
1549007100000,27510.45,27516.15,26930.45,27054.4,0
1549014300000,27053.65,27095.55,27031.3,27060.2,0
1549251900000,26999.7,26999.7,26825.55,26885.35,0
1549259100000,26884.75,27014.95,26883.45,26965.45,0
1549266300000,26965.4,27243.8,26905.05,27192.95,0
1549273500000,27194.0,27208.75,27162.85,27180.2,0
1549338300000,27240.0,27275.6,27153.2,27224.1,0
1549345500000,27223.65,27347.4,27211.15,27294.05,0
1549352700000,27293.35,27348.25,27209.0,27266.7,0
1549359900000,27268.85,27298.65,27246.15,27275.15,0
1549424700000,27343.85,27393.2,27294.1,27357.55,0
1549431900000,27358.4,27425.95,27344.8,27393.85,0
1549439100000,27394.4,27414.3,27331.6,27398.0,0
1549446300000,27396.8,27428.65,27377.7,27405.7,0
1549511100000,27423.5,27484.2,27354.3,27454.2,0
1549518300000,27454.6,27589.75,27332.45,27508.35,0
1549525500000,27509.75,27538.3,27402.35,27403.6,0
1549532700000,27404.0,27418.65,27322.95,27344.7,0
1549597500000,27285.55,27317.25,27221.25,27252.95,0
1549604700000,27252.0,27323.25,27230.05,27295.55,0
1549611900000,27296.8,27482.1,27271.0,27275.45,0
1549619100000,27280.0,27283.5,27244.5,27261.5,0
1549856700000,27256.1,27256.1,27151.55,27190.0,0
1549863900000,27185.3,27305.9,27178.85,27229.45,0
1549871100000,27229.9,27274.45,27172.65,27213.1,0
1549878300000,27214.85,27272.45,27194.55,27259.95,0
1549943100000,27169.65,27286.65,27150.25,27252.2,0
1549950300000,27253.25,27271.5,27165.35,27198.45,0
1549957500000,27199.9,27247.6,26997.75,27029.75,0
1549964700000,27025.5,27026.85,26988.9,26996.15,0
1550029500000,27106.1,27108.0,27008.55,27053.55,0
1550036700000,27054.3,27093.9,27038.75,27056.7,0
1550043900000,27056.95,27080.4,26873.7,26876.25,0
1550051100000,26879.35,26880.3,26839.05,26842.9,0
1550115900000,27012.0,27012.0,26818.05,26895.45,0
1550123100000,26895.15,26969.45,26872.25,26917.8,0
1550130300000,26919.55,27030.0,26849.0,26960.65,0
1550137500000,26960.7,27006.95,26956.25,26992.8,0
1550202300000,27029.95,27029.95,26675.3,26682.5,0
1550209500000,26683.4,26751.2,26635.25,26688.75,0
1550216700000,26689.75,26851.95,26663.5,26812.5,0
1550223900000,26814.6,26856.7,26767.0,26792.9,0
1550461500000,26772.75,26829.95,26689.45,26723.25,0
1550468700000,26730.45,26823.85,26714.55,26753.3,0
1550475900000,26752.35,26775.75,26647.65,26671.45,0
1550483100000,26671.55,26674.45,26617.7,26633.7,0
1550547900000,26687.1,26916.35,26657.4,26860.25,0
1550555100000,26861.6,26996.45,26839.2,26959.5,0
1550562300000,26959.25,26975.1,26675.5,26697.8,0
1550569500000,26695.0,26697.0,26625.6,26656.5,0
1550634300000,26791.85,26921.25,26732.65,26834.65,0
1550641500000,26834.35,26885.55,26776.45,26837.0,0
1550648700000,26837.5,26985.5,26760.5,26962.0,0
1550655900000,26959.15,26976.7,26949.65,26966.75,0
1550720700000,27002.75,27084.45,26973.0,27006.8,0
1550727900000,27008.1,27081.55,27003.55,27058.7,0
1550735100000,27058.6,27100.9,27015.05,27047.0,0
1550742300000,27045.45,27068.65,27042.75,27060.75,0
1550807100000,26981.15,26997.35,26880.05,26896.8,0
1550814300000,26896.4,26914.8,26854.15,26890.55,0
1550821500000,26890.7,26936.3,26852.75,26869.2,0
1550828700000,26865.55,26885.95,26847.8,26859.9,0
1551066300000,26951.85,27030.9,26932.65,27012.0,0
1551073500000,27013.1,27062.05,26993.6,27057.75,0
1551080700000,27060.2,27197.1,27037.9,27186.1,0
1551087900000,27181.6,27187.5,27137.2,27138.65,0
1551152700000,26865.5,26985.35,26736.6,26881.95,0
1551159900000,26881.3,27045.35,26856.2,26995.3,0
1551167100000,26996.45,27127.25,26902.5,26955.65,0
1551174300000,26951.35,26974.8,26926.85,26947.6,0
1551239100000,27088.4,27189.45,27056.7,27159.9,0
1551246300000,27160.15,27163.45,26731.55,26789.9,0
1551253500000,26787.45,26884.65,26719.4,26808.6,0
1551260700000,26810.05,26815.0,26763.45,26778.3,0
1551325500000,26908.55,26920.5,26819.0,26854.5,0
1551332700000,26857.35,26898.25,26800.25,26809.9,0
1551339900000,26810.3,26897.55,26762.55,26780.45,0
1551347100000,26779.55,26830.4,26779.25,26811.95,0
1551411900000,26958.45,27035.5,26928.9,27007.2,0
1551419100000,27006.35,27055.0,26956.35,26987.75,0
1551426300000,26987.6,27076.55,26953.6,27053.4,0
1551433500000,27052.7,27061.85,27020.25,27022.95,0
1551757500000,27072.5,27153.45,26958.1,27129.85,0
1551764700000,27129.5,27338.25,27111.75,27287.7,0
1551771900000,27286.65,27580.75,27276.3,27556.6,0
1551779100000,27555.2,27566.6,27515.2,27527.3,0
1551843900000,27634.65,27681.65,27528.3,27580.25,0
1551851100000,27578.65,27622.25,27506.0,27570.35,0
1551858300000,27570.45,27638.1,27492.05,27609.9,0
1551865500000,27610.05,27650.95,27601.8,27610.7,0
1551930300000,27662.4,27663.9,27560.0,27573.4,0
1551937500000,27573.6,27633.85,27564.55,27605.35,0
1551944700000,27606.05,27815.5,27592.8,27772.7,0
1551951900000,27773.75,27782.55,27746.1,27754.7,0
1552016700000,27665.95,27739.75,27645.4,27714.5,0
1552023900000,27713.8,27811.35,27663.25,27691.65,0
1552031100000,27691.85,27797.15,27665.65,27767.8,0
1552038300000,27769.05,27776.85,27748.65,27759.35,0
1552275900000,27807.1,28034.45,27791.25,28022.45,0
1552283100000,28022.85,28023.65,27947.85,27992.5,0
1552290300000,27993.65,28035.6,27923.9,27961.4,0
1552297500000,27961.5,27983.3,27949.7,27973.05,0
1552362300000,28174.25,28363.8,28142.25,28328.6,0
1552369500000,28327.9,28367.45,28247.85,28364.25,0
1552376700000,28361.35,28488.1,28324.0,28450.65,0
1552383900000,28450.7,28460.85,28404.2,28422.65,0
1552448700000,28499.4,28662.1,28353.65,28576.7,0
1552455900000,28579.1,28686.0,28574.6,28677.35,0
1552463100000,28677.8,28927.7,28665.55,28878.5,0
1552470300000,28876.0,28926.55,28869.55,28893.55,0
1552535100000,29037.0,29070.35,28859.8,28923.95,0
1552542300000,28926.0,28971.2,28819.75,28874.8,0
1552549500000,28874.25,29026.25,28839.35,28926.5,0
1552556700000,28924.2,28936.65,28897.8,28913.45,0
1552621500000,29020.1,29379.3,28990.85,29320.45,0
1552628700000,29321.25,29375.85,29261.7,29369.75,0
1552635900000,29371.4,29520.7,29327.45,29360.15,0
1552643100000,29357.35,29424.55,29348.9,29411.45,0
1552880700000,29526.5,29812.0,29361.65,29503.1,0
1552887900000,29501.55,29563.45,29413.45,29483.25,0
1552895100000,29483.3,29647.5,29412.45,29590.3,0
1552902300000,29591.55,29696.0,29589.3,29688.3,0
1552967100000,29720.95,29764.5,29547.7,29678.55,0
1552974300000,29679.25,29723.0,29653.8,29662.05,0
1552981500000,29662.15,29798.15,29660.75,29778.95,0
1552988700000,29779.25,29799.75,29735.0,29754.15,0
1553053500000,29751.05,29784.15,29633.5,29738.65,0
1553060700000,29736.05,29745.05,29662.0,29712.3,0
1553067900000,29712.4,29885.2,29690.9,29827.55,0
1553075100000,29827.3,29868.75,29817.95,29859.2,0
1553226300000,29889.0,30008.1,29708.25,29756.55,0
1553233500000,29755.9,29848.55,29669.05,29814.25,0
1553240700000,29814.05,29842.45,29535.9,29587.8,0
1553247900000,29588.7,29628.2,29508.7,29579.0,0
1553485500000,29274.2,29323.85,29210.45,29252.2,0
1553492700000,29255.9,29299.0,29202.7,29268.6,0
1553499900000,29268.4,29302.65,29156.25,29272.3,0
1553507100000,29273.45,29325.25,29255.05,29259.4,0
1553571900000,29289.85,29525.55,29278.5,29446.9,0
1553579100000,29450.3,29450.3,29363.0,29421.5,0
1553586300000,29420.5,29906.85,29420.5,29905.9,0
1553593500000,29905.3,29950.15,29881.45,29935.65,0
1553658300000,30040.4,30198.55,29965.55,30175.7,0
1553665500000,30175.55,30254.95,30039.85,30231.2,0
1553672700000,30230.5,30262.55,29790.25,30025.35,0
1553679900000,30025.05,30028.2,29969.35,30014.15,0
1553744700000,30049.3,30187.25,29969.1,30149.4,0
1553751900000,30148.05,30248.05,30107.35,30237.75,0
1553759100000,30239.85,30496.05,30193.8,30420.95,0
1553766300000,30419.0,30442.7,30385.35,30414.3,0
1553831100000,30496.5,30499.15,30235.9,30313.95,0
1553838300000,30314.2,30369.15,30272.85,30359.75,0
1553845500000,30359.65,30455.3,30266.2,30409.2,0
1553852700000,30408.4,30440.55,30371.85,30383.2,0
1554090300000,30556.95,30646.55,30530.8,30561.95,0
1554097500000,30560.6,30575.05,30453.85,30515.45,0
1554104700000,30515.8,30648.1,30288.65,30329.1,0
1554111900000,30320.65,30320.65,30218.35,30250.85,0
1554176700000,30424.75,30430.65,30168.6,30279.2,0
1554183900000,30279.45,30407.8,30250.9,30292.0,0
1554191100000,30291.75,30345.95,30155.85,30325.25,0
1554198300000,30326.75,30452.9,30326.75,30445.75,0
1554263100000,30470.65,30602.55,30439.25,30462.65,0
1554270300000,30463.7,30518.15,30402.4,30516.1,0
1554277500000,30515.25,30529.3,30062.1,30068.8,0
1554284700000,30068.75,30114.65,30036.25,30081.0,0
1554349500000,30150.8,30161.7,30049.2,30135.65,0
1554356700000,30136.35,30245.7,29911.9,30167.9,0
1554363900000,30167.1,30241.15,29809.9,29890.3,0
1554371100000,29886.75,29945.5,29882.7,29937.75,0
1554435900000,29994.15,30119.55,29934.05,29940.3,0
1554443100000,29941.8,29961.85,29850.0,29932.45,0
1554450300000,29935.5,30052.55,29890.55,30049.9,0
1554457500000,30049.0,30174.0,30048.95,30130.5,0
1554695100000,30209.4,30232.05,30056.55,30099.15,0
1554702300000,30100.25,30155.85,30001.9,30021.9,0
1554709500000,30022.25,30042.25,29716.6,29841.4,0
1554716700000,29840.05,29871.1,29814.65,29846.35,0
1554781500000,29938.5,29938.5,29720.95,29791.15,0
1554788700000,29789.95,29889.45,29703.55,29828.5,0
1554795900000,29832.2,30134.85,29803.75,30126.85,0
1554803100000,30128.85,30165.05,30125.25,30143.5,0
1554867900000,29958.35,30155.75,29901.75,30003.75,0
1554875100000,30006.85,30102.85,29926.25,30065.75,0
1554882300000,30065.7,30071.35,29768.1,29806.9,0
1554889500000,29804.85,29821.35,29772.65,29788.85,0
1554954300000,29852.25,29852.25,29659.15,29663.35,0
1554961500000,29662.3,29791.1,29658.95,29773.65,0
1554968700000,29772.95,29825.45,29640.25,29775.25,0
1554975900000,29774.05,29798.2,29766.05,29781.7,0
1555040700000,29789.4,29858.05,29728.65,29790.75,0
1555047900000,29792.0,29799.8,29707.0,29796.45,0
1555055100000,29802.4,30000.95,29762.2,29953.6,0
1555062300000,29952.9,29963.8,29859.9,29868.65,0
1555299900000,29984.85,30147.7,29919.1,30119.2,0
1555307100000,30115.1,30160.95,30078.5,30127.1,0
1555314300000,30125.55,30163.1,30024.1,30102.0,0
1555321500000,30104.3,30114.4,30080.1,30088.85,0
1555386300000,30244.4,30425.6,30228.2,30386.4,0
1555393500000,30385.85,30526.4,30358.3,30498.25,0
1555400700000,30498.3,30590.95,30454.95,30506.65,0
1555407900000,30508.45,30575.45,30502.5,30564.1,0
1555559100000,30669.8,30669.8,30310.1,30377.2,0
1555566300000,30378.9,30427.5,30308.4,30328.75,0
1555573500000,30327.95,30471.4,30193.8,30236.5,0
1555580700000,30236.6,30242.0,30142.2,30191.5,0
1555904700000,30289.9,30289.9,29796.2,29977.55,0
1555911900000,29978.5,29999.45,29835.75,29848.2,0
1555919100000,29850.25,29901.85,29669.65,29704.45,0
1555926300000,29704.7,29714.85,29647.55,29656.3,0
1555991100000,29761.45,29906.5,29667.1,29764.45,0
1555998300000,29763.65,29862.9,29678.75,29762.1,0
1556005500000,29760.25,29805.65,29455.45,29497.95,0
1556012700000,29497.35,29523.9,29463.35,29500.4,0
1556077500000,29573.65,29599.0,29467.35,29519.0,0
1556084700000,29519.95,29582.0,29509.0,29536.95,0
1556091900000,29536.75,29914.85,29435.05,29877.7,0
1556099100000,29880.0,29884.5,29822.5,29854.7,0
1556163900000,29907.5,30012.1,29833.65,29996.65,0
1556171100000,30000.25,30057.7,29876.25,29999.9,0
1556178300000,29999.85,30017.6,29518.25,29558.65,0
1556185500000,29561.2,29585.4,29511.95,29567.75,0
1556250300000,29819.85,29827.35,29563.15,29621.35,0
1556257500000,29621.65,29733.8,29612.9,29672.25,0
1556264700000,29667.35,30047.3,29645.6,30034.7,0
1556271900000,30035.15,30048.2,29955.3,29980.8,0
1556595900000,29830.2,29847.5,29550.05,29717.1,0
1556603100000,29715.7,29748.85,29626.55,29706.65,0
1556610300000,29706.6,29822.75,29585.75,29772.85,0
1556617500000,29774.6,29783.45,29726.2,29729.45,0
1556768700000,29655.95,29919.35,29641.5,29853.05,0
1556775900000,29853.35,29880.3,29691.0,29729.65,0
1556783100000,29730.45,29850.25,29638.8,29719.65,0
1556790300000,29721.65,29725.35,29677.85,29689.9,0
1556855100000,29827.25,29994.75,29795.1,29962.9,0
1556862300000,29965.2,30053.0,29898.9,30043.85,0
1556869500000,30042.35,30121.75,29928.2,29939.6,0
1556876700000,29940.1,29969.35,29911.9,29924.65,0
1557114300000,29648.55,29757.4,29528.6,29715.4,0
1557121500000,29716.9,29754.55,29641.7,29658.15,0
1557128700000,29658.7,29735.45,29543.7,29605.95,0
1557135900000,29607.1,29634.2,29590.3,29616.55,0
1557200700000,29711.0,29835.5,29637.25,29645.25,0
1557207900000,29645.45,29748.1,29644.05,29691.7,0
1557215100000,29693.05,29713.3,29250.25,29275.8,0
1557222300000,29274.75,29306.45,29244.25,29273.2,0
1557287100000,29227.1,29239.0,29100.15,29126.45,0
1557294300000,29129.75,29195.7,29049.4,29083.1,0
1557301500000,29083.25,29242.85,28951.35,28985.15,0
1557308700000,28987.55,29021.3,28971.05,29011.4,0
1557373500000,28894.0,29040.3,28831.7,29011.05,0
1557380700000,29010.05,29039.3,28851.05,28866.25,0
1557387900000,28866.3,29030.05,28784.65,28888.25,0
1557395100000,28892.75,28916.95,28862.4,28871.3,0
1557459900000,28945.0,29107.35,28900.1,29097.55,0
1557467100000,29097.45,29121.2,29035.65,29075.75,0
1557474300000,29075.2,29202.85,28964.95,29061.3,0
1557481500000,29059.95,29060.7,28955.95,28975.85,0
1557719100000,29049.05,29049.05,28879.75,29004.55,0
1557726300000,29005.9,29013.1,28903.0,28955.1,0
1557733500000,28953.65,28964.9,28621.1,28646.7,0
1557740700000,28648.3,28700.05,28626.1,28690.95,0
1557805500000,28725.65,28748.2,28582.6,28718.2,0
1557812700000,28716.9,28749.9,28605.35,28733.25,0
1557819900000,28735.8,29058.3,28722.3,28867.3,0
1557827100000,28866.45,28898.75,28830.7,28878.6,0
1557891900000,28928.35,28983.15,28876.7,28926.2,0
1557899100000,28925.15,28970.9,28806.45,28817.0,0
1557906300000,28815.1,28933.85,28572.5,28600.9,0
1557913500000,28609.4,28616.75,28555.15,28566.85,0
1557978300000,28639.2,28644.45,28525.45,28558.45,0
1557985500000,28557.55,28654.35,28541.2,28586.95,0
1557992700000,28585.8,28899.7,28545.45,28889.25,0
1557999900000,28886.2,28947.6,28878.95,28890.75,0
1558064700000,28922.85,29038.7,28856.0,28959.0,0
1558071900000,28957.2,29212.25,28955.75,29185.5,0
1558079100000,29184.6,29444.0,29147.2,29429.05,0
1558086300000,29429.25,29559.45,29427.65,29521.15,0
1558323900000,30284.85,30459.0,30111.2,30327.6,0
1558331100000,30329.2,30523.7,30317.45,30484.8,0
1558338300000,30483.2,30827.85,30476.05,30759.65,0
1558345500000,30761.35,30788.05,30719.05,30766.9,0
1558410300000,30884.65,30926.7,30644.7,30749.1,0
1558417500000,30749.55,30755.1,30460.65,30479.2,0
1558424700000,30481.2,30569.3,30265.1,30302.65,0
1558431900000,30308.4,30351.3,30288.15,30330.1,0
1558496700000,30474.6,30558.15,30268.6,30393.9,0
1558503900000,30395.3,30469.5,30330.65,30404.55,0
1558511100000,30403.65,30675.1,30398.65,30509.85,0
1558518300000,30511.7,30590.4,30481.3,30583.75,0
1558583100000,31073.75,31705.0,30896.5,31220.5,0
1558590300000,31220.25,31229.0,30757.8,30997.3,0
1558597500000,30998.45,31079.6,30333.7,30358.25,0
1558604700000,30356.4,30571.0,30292.35,30517.75,0
1558669500000,30666.7,30845.95,30564.4,30744.15,0
1558676700000,30743.45,31180.25,30652.9,31117.75,0
1558683900000,31117.5,31275.4,30910.8,31211.65,0
1558691100000,31213.8,31267.15,31191.35,31216.0,0
1558928700000,31245.85,31437.35,31142.5,31375.35,0
1558935900000,31374.55,31583.45,31366.1,31558.0,0
1558943100000,31558.55,31700.75,31461.85,31637.55,0
1558950300000,31637.0,31649.7,31606.4,31617.95,0
1559015100000,31712.4,31712.4,31417.15,31491.45,0
1559022300000,31490.8,31545.75,31391.85,31484.8,0
1559029500000,31482.8,31640.8,31328.6,31597.85,0
1559036700000,31601.65,31674.4,31559.15,31660.7,0
1559101500000,31477.3,31546.75,31374.95,31435.5,0
1559108700000,31434.4,31467.35,31348.45,31363.1,0
1559115900000,31363.0,31453.5,31257.9,31298.05,0
1559123100000,31297.25,31313.05,31276.0,31302.1,0
1559187900000,31257.95,31479.7,31236.1,31443.85,0
1559195100000,31446.1,31569.0,31401.85,31559.75,0
1559202300000,31559.65,31619.25,31379.8,31531.0,0
1559209500000,31528.3,31584.65,31524.15,31563.0,0
1559274300000,31638.35,31783.6,31630.45,31687.4,0
1559281500000,31687.2,31714.6,30623.05,31400.85,0
1559288700000,31401.55,31418.3,31216.1,31372.1,0
1559295900000,31370.85,31416.85,31326.35,31350.85,0
1559533500000,31413.7,31486.35,31284.7,31447.45,0
1559540700000,31446.7,31568.75,31414.8,31513.7,0
1559547900000,31513.65,31670.6,31376.2,31656.1,0
1559555100000,31655.55,31674.6,31630.65,31650.8,0
1559619900000,31571.45,31718.9,31512.95,31583.0,0
1559627100000,31583.15,31752.7,31535.0,31712.1,0
1559634300000,31715.8,31748.6,31538.0,31579.2,0
1559641500000,31578.85,31644.95,31578.65,31619.95,0
1559792700000,31541.5,31541.5,31378.15,31391.95,0
1559799900000,31392.9,31427.0,31109.05,31120.45,0
1559807100000,31119.5,31158.05,30800.8,30859.45,0
1559814300000,30857.8,30905.75,30847.25,30895.8,0
1559879100000,30959.6,31100.6,30627.05,30967.8,0
1559886300000,30967.4,31066.9,30841.2,30982.45,0
1559893500000,30980.9,31139.6,30809.2,31045.95,0
1559900700000,31046.25,31072.6,31029.9,31072.6,0
1560138300000,31259.25,31367.4,30997.4,31044.25,0
1560145500000,31044.05,31075.15,30861.3,30947.9,0
1560152700000,30948.5,31075.95,30891.0,31031.7,0
1560159900000,31028.9,31079.25,31018.5,31062.45,0
1560224700000,31178.75,31187.35,30973.35,31108.8,0
1560231900000,31109.0,31264.35,31109.0,31252.1,0
1560239100000,31251.35,31399.35,31206.2,31259.85,0
1560246300000,31262.75,31291.8,31244.95,31266.7,0
1560311100000,31222.3,31222.3,30960.2,30965.7,0
1560318300000,30965.85,31030.8,30943.2,31008.85,0
1560325500000,31006.95,31022.85,30911.45,30960.75,0
1560332700000,30957.7,31017.8,30949.45,31016.55,0
1560397500000,30896.9,30954.8,30663.55,30678.35,0
1560404700000,30678.95,30783.55,30638.25,30775.1,0
1560411900000,30777.4,31036.9,30737.5,30997.5,0
1560419100000,30996.25,31012.45,30963.4,30992.4,0
1560483900000,30983.75,31032.65,30737.5,30763.55,0
1560491100000,30764.65,30869.35,30714.1,30784.85,0
1560498300000,30784.8,30846.95,30524.05,30543.65,0
1560505500000,30541.5,30607.6,30508.95,30587.1,0
1560743100000,30684.05,30684.05,30431.45,30451.8,0
1560750300000,30452.0,30464.85,30327.2,30329.3,0
1560757500000,30328.75,30380.55,30250.8,30272.85,0
1560764700000,30271.35,30307.1,30249.4,30305.95,0
1560829500000,30304.5,30413.65,30239.9,30352.3,0
1560836700000,30353.3,30550.65,30351.85,30517.75,0
1560843900000,30516.85,30527.7,30222.85,30359.05,0
1560851100000,30358.4,30385.75,30347.25,30359.45,0
1560915900000,30491.2,30699.15,30490.15,30576.85,0
1560923100000,30573.75,30588.5,30438.95,30514.3,0
1560930300000,30513.45,30551.15,30242.0,30362.65,0
1560937500000,30360.5,30432.8,30326.8,30432.75,0
1561002300000,30397.1,30524.9,30220.7,30515.6,0
1561009500000,30514.3,30617.55,30425.85,30504.7,0
1561016700000,30503.65,30824.55,30491.9,30804.1,0
1561023900000,30806.85,30812.05,30761.7,30788.65,0
1561088700000,30780.15,30789.7,30584.45,30664.8,0
1561095900000,30664.15,30737.4,30627.4,30709.75,0
1561103100000,30710.2,30765.45,30541.5,30625.1,0
1561110300000,30626.4,30685.45,30620.8,30624.1,0
1561347900000,30683.15,30783.65,30599.8,30647.0,0
1561355100000,30646.0,30728.85,30635.8,30659.65,0
1561362300000,30664.0,30724.8,30528.0,30586.3,0
1561369500000,30585.9,30648.25,30574.1,30616.8,0
1561434300000,30628.7,30628.7,30451.4,30540.2,0
1561441500000,30543.15,30718.55,30522.6,30701.8,0
1561448700000,30702.05,30913.25,30690.65,30850.65,0
1561455900000,30852.95,30853.8,30792.9,30806.4,0
1561520700000,30789.1,31008.35,30766.65,30968.6,0
1561527900000,30967.25,31073.05,30934.6,31015.85,0
1561535100000,31014.55,31202.7,30978.2,31176.35,0
1561542300000,31175.35,31177.4,31127.65,31127.65,0
1561607100000,31180.0,31398.45,31167.1,31367.05,0
1561614300000,31365.85,31470.3,31342.85,31442.3,0
1561621500000,31443.45,31490.6,31158.8,31291.15,0
1561628700000,31293.7,31301.35,31224.35,31245.4,0
1561693500000,31308.9,31308.9,31060.6,31097.65,0
1561700700000,31099.4,31217.8,31082.1,31172.85,0
1561707900000,31171.55,31306.65,31081.9,31086.75,0
1561715100000,31084.8,31138.0,31081.15,31121.6,0
1561952700000,31285.95,31380.7,31246.45,31357.65,0
1561959900000,31357.55,31372.95,31281.1,31353.55,0
1561967100000,31354.2,31450.35,31331.55,31370.6,0
1561974300000,31371.65,31380.85,31351.3,31360.65,0
1562039100000,31431.35,31431.35,31105.1,31151.5,0
1562046300000,31151.7,31280.1,31122.1,31245.65,0
1562053500000,31245.45,31329.3,31186.15,31287.65,0
1562060700000,31285.55,31298.05,31260.85,31268.75,0
1562125500000,31316.05,31397.9,31238.5,31336.4,0
1562132700000,31337.1,31457.9,31293.4,31398.0,0
1562139900000,31396.7,31467.15,31333.9,31385.2,0
1562147100000,31383.0,31396.9,31365.0,31374.45,0
1562211900000,31506.55,31608.35,31428.05,31559.15,0
1562219100000,31559.8,31607.35,31497.3,31541.25,0
1562226300000,31541.6,31578.1,31445.7,31473.0,0
1562233500000,31475.2,31481.35,31432.0,31434.65,0
1562298300000,31495.35,31581.5,31481.25,31555.0,0
1562305500000,31554.9,31622.85,31323.25,31408.35,0
1562312700000,31407.3,31660.75,31335.15,31487.3,0
1562319900000,31486.55,31503.25,31423.9,31424.85,0
1562557500000,31370.4,31370.4,30636.35,30749.45,0
1562564700000,30749.8,30829.95,30676.45,30721.3,0
1562571900000,30721.5,30755.05,30536.75,30590.9,0
1562579100000,30592.5,30645.15,30585.0,30642.5,0
1562643900000,30545.6,30592.65,30346.7,30477.5,0
1562651100000,30478.1,30702.1,30451.95,30609.8,0
1562658300000,30609.95,30645.35,30506.0,30578.5,0
1562665500000,30582.0,30591.25,30558.5,30573.25,0
1562730300000,30630.25,30728.35,30530.65,30590.8,0
1562737500000,30591.55,30615.05,30428.6,30513.0,0
1562744700000,30515.2,30619.3,30448.4,30512.0,0
1562751900000,30510.9,30552.65,30473.75,30529.7,0
1562816700000,30709.85,30722.65,30565.35,30613.1,0
1562823900000,30613.55,30746.5,30591.3,30695.1,0
1562831100000,30696.45,30788.05,30651.35,30732.7,0
1562838300000,30732.4,30738.7,30660.95,30678.7,0
1562903100000,30801.9,30809.25,30548.3,30593.15,0
1562910300000,30594.95,30748.05,30588.25,30733.25,0
1562917500000,30730.4,30870.95,30564.65,30588.1,0
1562924700000,30586.75,30644.65,30562.5,30578.1,0
1563162300000,30695.7,30695.7,30356.3,30397.2,0
1563169500000,30395.4,30463.15,30334.2,30429.7,0
1563176700000,30434.85,30486.5,30356.2,30443.5,0
1563183900000,30443.2,30475.5,30434.15,30452.45,0
1563248700000,30541.85,30635.0,30429.9,30548.65,0
1563255900000,30550.9,30609.15,30512.8,30564.6,0
1563263100000,30563.15,30626.1,30471.75,30568.5,0
1563270300000,30565.55,30587.05,30560.1,30577.9,0
1563335100000,30624.85,30799.7,30568.3,30751.75,0
1563342300000,30752.4,30792.75,30664.3,30670.8,0
1563349500000,30671.0,30779.0,30631.95,30730.85,0
1563356700000,30731.95,30774.85,30706.65,30773.6,0
1563421500000,30660.35,30769.35,30623.95,30631.05,0
1563428700000,30628.05,30639.15,30532.65,30538.8,0
1563435900000,30538.95,30597.15,30404.15,30428.8,0
1563443100000,30427.4,30468.75,30378.6,30458.6,0
1563507900000,30522.85,30543.75,30085.4,30094.9,0
1563515100000,30094.7,30150.25,29949.65,29962.95,0
1563522300000,29962.35,29963.95,29705.75,29762.5,0
1563529500000,29763.7,29835.75,29752.8,29835.75,0
1563767100000,29625.2,29635.15,29275.95,29348.4,0
1563774300000,29346.6,29351.45,29196.8,29221.55,0
1563781500000,29220.5,29374.6,29194.1,29325.0,0
1563788700000,29323.6,29328.05,29262.6,29274.0,0
1563853500000,29342.8,29365.8,29095.5,29236.55,0
1563860700000,29236.25,29256.9,29150.95,29203.15,0
1563867900000,29203.0,29359.05,29078.15,29114.1,0
1563875100000,29115.1,29140.75,29100.65,29115.55,0
1563939900000,29089.3,29252.4,28901.2,28930.45,0
1563947100000,28930.85,29004.15,28871.0,28962.65,0
1563954300000,28963.0,29121.15,28887.1,28917.3,0
1563961500000,28916.6,28973.4,28916.6,28938.9,0
1564026300000,28987.95,29240.8,28931.05,29170.6,0
1564033500000,29168.8,29179.85,28940.0,29005.1,0
1564040700000,29004.0,29167.4,28953.15,29041.25,0
1564047900000,29044.15,29119.95,29037.25,29103.05,0
1564112700000,29084.5,29262.8,28994.5,29231.8,0
1564119900000,29234.65,29349.05,29223.45,29289.45,0
1564127100000,29288.55,29357.7,29217.55,29321.55,0
1564134300000,29321.4,29379.1,29310.15,29363.9,0
1564371900000,29589.7,29592.95,29285.85,29372.0,0
1564379100000,29371.95,29375.8,29104.85,29224.95,0
1564386300000,29223.9,29407.1,29221.95,29282.65,0
1564393500000,29281.3,29332.55,29260.75,29332.55,0
1564458300000,29447.1,29530.3,29335.3,29355.9,0
1564465500000,29355.35,29364.25,29211.45,29259.95,0
1564472700000,29261.4,29262.05,28737.8,28811.3,0
1564479900000,28813.95,28818.85,28748.05,28758.75,0
1564544700000,28595.55,28851.25,28529.75,28695.5,0
1564551900000,28694.05,28813.15,28651.55,28747.7,0
1564559100000,28752.85,28979.75,28654.5,28909.6,0
1564566300000,28908.55,28910.7,28852.4,28865.5,0
1564631100000,28718.45,28819.7,28490.4,28540.05,0
1564638300000,28541.8,28588.0,28422.0,28432.65,0
1564645500000,28431.1,28499.2,28047.35,28436.95,0
1564652700000,28435.6,28441.4,28366.85,28412.25,0
1564717500000,28242.95,28242.95,27936.35,28004.0,0
1564724700000,28004.55,28256.35,27999.85,28120.05,0
1564731900000,28120.95,28544.55,28067.8,28230.1,0
1564739100000,28230.35,28237.65,28175.4,28231.95,0
1564976700000,27866.55,27866.55,27389.5,27487.8,0
1564983900000,27488.35,27796.1,27405.2,27717.45,0
1564991100000,27721.55,27797.65,27552.7,27645.35,0
1564998300000,27646.6,27687.0,27629.15,27629.7,0
1565063100000,27587.6,27928.85,27503.9,27789.5,0
1565070300000,27786.8,28000.4,27770.8,27976.6,0
1565077500000,27975.15,28148.4,27881.15,28035.55,0
1565084700000,28039.1,28048.4,27987.45,27998.05,0
1565149500000,28025.1,28099.5,27879.9,28082.3,0
1565156700000,28085.45,28175.55,27960.35,28160.25,0
1565163900000,28160.55,28161.95,27641.85,27697.6,0
1565171100000,27697.8,27707.0,27647.05,27655.95,0
1565235900000,27849.25,27849.25,27531.05,27625.4,0
1565243100000,27625.15,27741.85,27570.8,27611.3,0
1565250300000,27610.45,28096.85,27603.7,28090.1,0
1565257500000,28092.85,28227.55,28092.85,28208.75,0
1565322300000,28309.4,28519.5,28251.75,28490.6,0
1565329500000,28486.75,28602.75,28467.55,28559.85,0
1565336700000,28561.85,28575.4,28358.95,28446.4,0
1565343900000,28449.8,28467.7,28429.1,28444.65,0
1565667900000,28358.85,28358.85,28060.55,28100.9,0
1565675100000,28101.25,28138.0,28025.5,28054.65,0
1565682300000,28052.8,28052.8,27683.95,27737.1,0
1565689500000,27737.2,27747.85,27683.5,27716.05,0
1565754300000,27885.75,28054.3,27726.65,27995.7,0
1565761500000,27996.0,28074.75,27915.95,28017.1,0
1565768700000,28017.8,28107.05,27920.35,28035.75,0
1565775900000,28035.35,28051.05,27967.8,27983.55,0
1565927100000,27928.3,28008.4,27720.95,27996.1,0
1565934300000,27995.5,28239.35,27963.25,28215.95,0
1565941500000,28213.9,28242.4,28039.85,28221.15,0
1565948700000,28219.45,28251.05,28182.5,28200.55,0
1566186300000,28337.7,28468.9,28246.3,28369.35,0
1566193500000,28370.35,28464.6,28346.6,28432.7,0
1566200700000,28431.5,28456.1,28146.5,28185.8,0
1566207900000,28182.95,28214.05,28155.05,28195.2,0
1566272700000,28179.0,28215.4,27839.65,27932.6,0
1566279900000,27932.15,27944.25,27846.9,27884.05,0
1566287100000,27886.6,28047.55,27864.6,27977.1,0
1566294300000,27973.9,28018.05,27958.5,28006.2,0
1566359100000,27997.95,28098.9,27859.45,27960.95,0
1566366300000,27960.75,28013.3,27846.85,27902.1,0
1566373500000,27901.05,27927.3,27666.2,27722.7,0
1566380700000,27720.75,27735.3,27698.5,27711.6,0
1566445500000,27673.75,27680.75,27405.25,27433.25,0
1566452700000,27432.35,27535.85,27385.2,27471.9,0
1566459900000,27472.6,27501.7,27000.4,27033.05,0
1566467100000,27031.25,27071.25,26975.55,27052.8,0
1566531900000,26839.85,27094.2,26560.6,26874.3,0
1566539100000,26874.6,26987.9,26814.85,26964.55,0
1566546300000,26964.8,27207.3,26887.2,26966.8,0
1566553500000,26965.85,26988.4,26927.95,26978.0,0
1566791100000,27666.5,27675.4,26859.35,27113.75,0
1566798300000,27113.15,27622.25,27086.6,27600.0,0
1566805500000,27600.5,27995.25,27543.3,27944.5,0
1566812700000,27943.15,27984.25,27919.4,27978.75,0
1566877500000,28108.1,28277.7,27960.8,28154.65,0
1566884700000,28156.7,28211.0,28077.8,28117.8,0
1566891900000,28115.3,28245.45,27983.85,28135.1,0
1566899100000,28135.65,28154.35,28120.8,28138.25,0
1566963900000,28091.9,28095.55,27886.15,27987.85,0
1566971100000,27989.05,28007.1,27833.2,27843.25,0
1566978300000,27841.8,27855.15,27634.65,27801.5,0
1566985500000,27799.2,27821.45,27780.45,27782.65,0
1567050300000,27650.95,27719.05,27482.9,27523.4,0
1567057500000,27523.9,27549.9,27250.65,27449.2,0
1567064700000,27446.8,27534.0,27239.95,27288.7,0
1567071900000,27288.3,27350.15,27286.25,27349.1,0
1567136700000,27412.85,27586.5,27184.35,27214.75,0
1567143900000,27210.7,27298.75,27121.95,27263.6,0
1567151100000,27262.8,27443.05,27184.75,27419.05,0
1567158300000,27425.1,27489.65,27409.4,27485.55,0
1567482300000,27247.05,27247.05,26909.8,27002.7,0
1567489500000,27001.45,27052.2,26909.65,26999.55,0
1567496700000,27001.1,27030.3,26836.0,26853.05,0
1567503900000,26852.25,26857.7,26742.6,26752.5,0
1567568700000,26788.5,26989.35,26641.35,26865.0,0
1567575900000,26866.9,27223.15,26848.9,27208.5,0
1567583100000,27212.75,27278.7,27019.3,27143.25,0
1567590300000,27144.0,27145.15,27071.05,27096.25,0
1567655100000,27102.45,27243.95,26996.15,27099.45,0
1567662300000,27099.3,27157.3,26815.4,26944.65,0
1567669500000,26945.9,26996.85,26835.25,26925.8,0
1567676700000,26925.65,26932.0,26888.3,26897.25,0
1567741500000,26952.85,27210.4,26950.55,27205.05,0
1567748700000,27203.45,27286.9,27162.75,27280.2,0
1567755900000,27277.75,27311.05,27195.65,27258.85,0
1567763100000,27258.05,27268.55,27216.1,27235.85,0
1568000700000,27240.7,27493.95,26993.9,27454.6,0
1568007900000,27454.9,27556.8,27431.6,27542.9,0
1568015100000,27541.15,27565.55,27409.6,27495.6,0
1568022300000,27496.3,27520.85,27485.8,27491.35,0
1568173500000,27639.35,27746.25,27551.65,27712.2,0
1568180700000,27712.5,27782.2,27674.4,27744.6,0
1568187900000,27745.85,27829.65,27716.35,27784.65,0
1568195100000,27785.65,27788.0,27718.95,27729.3,0
1568259900000,27881.25,28062.3,27845.85,27941.35,0
1568267100000,27939.65,28037.2,27837.45,28003.9,0
1568274300000,28004.15,28040.35,27764.7,27795.75,0
1568281500000,27794.9,27810.3,27777.3,27793.75,0
1568346300000,27783.05,27908.2,27573.45,27699.55,0
1568353500000,27698.95,27803.0,27686.4,27750.6,0
1568360700000,27750.85,28119.4,27734.2,28105.5,0
1568367900000,28105.65,28126.85,28080.15,28103.35,0
1568605500000,27912.9,28066.7,27798.85,28014.7,0
1568612700000,28015.55,28040.65,27865.15,27887.0,0
1568619900000,27888.0,27997.55,27832.35,27855.7,0
1568627100000,27859.85,27866.7,27823.35,27827.75,0
1568691900000,27767.4,27851.4,27602.7,27659.25,0
1568699100000,27658.7,27684.85,27490.1,27493.05,0
1568706300000,27495.35,27506.25,27047.95,27098.35,0
1568713500000,27098.2,27172.0,27074.05,27172.0,0
1568778300000,27331.65,27414.45,27088.8,27163.25,0
1568785500000,27164.45,27379.35,27156.15,27378.2,0
1568792700000,27377.35,27404.45,27143.85,27172.95,0
1568799900000,27170.0,27171.95,27099.35,27163.0,0
1568864700000,27113.45,27149.35,26767.9,26846.1,0
1568871900000,26845.7,26910.25,26743.1,26764.05,0
1568879100000,26764.75,26826.05,26643.0,26767.6,0
1568886300000,26767.2,26817.9,26717.25,26775.15,0
1568951100000,26878.85,28083.6,26727.55,27961.2,0
1568958300000,27962.75,28899.35,27959.55,28803.2,0
1568965500000,28802.4,29418.95,28793.0,29023.55,0
1568972700000,29022.6,29030.35,28913.8,28971.85,0
1569210300000,30164.95,30585.2,29776.3,30393.1,0
1569217500000,30395.4,30801.3,30289.9,30639.6,0
1569224700000,30638.35,30686.15,30421.6,30572.2,0
1569231900000,30577.35,30643.45,30453.05,30504.65,0
1569296700000,30406.9,30668.1,30040.55,30055.6,0
1569303900000,30045.1,30270.35,29889.55,30093.75,0
1569311100000,30093.8,30412.35,29946.3,30164.1,0
1569318300000,30167.1,30188.15,30123.4,30158.85,0
1569383100000,30067.6,30067.6,29592.0,29640.35,0
1569390300000,29639.2,29877.05,29611.3,29763.7,0
1569397500000,29764.05,29785.85,29470.1,29612.6,0
1569404700000,29610.95,29614.1,29533.55,29541.2,0
1569469500000,29653.25,30718.35,29627.0,30238.75,0
1569476700000,30235.15,30388.85,29822.65,29993.4,0
1569483900000,29996.7,30169.1,29866.1,29990.3,0
1569491100000,29983.25,30059.9,29970.3,30042.35,0
1569555900000,29996.55,30106.35,29711.35,29794.45,0
1569563100000,29795.55,30018.6,29762.55,29949.95,0
1569570300000,29950.3,30112.65,29837.55,29874.85,0
1569577500000,29866.95,29902.35,29857.5,29886.2,0
1569815100000,29740.35,29754.4,29122.55,29201.3,0
1569822300000,29198.45,29273.4,28943.45,29152.75,0
1569829500000,29155.35,29353.2,29040.15,29090.45,0
1569836700000,29091.15,29127.3,29076.35,29098.3,0
1569901500000,29272.25,29526.4,28821.8,29213.75,0
1569908700000,29216.65,29298.65,29034.3,29092.2,0
1569915900000,29095.35,29101.6,28077.35,28675.1,0
1569923100000,28672.4,28818.6,28672.4,28765.3,0
1570074300000,28550.15,28769.1,28296.5,28542.8,0
1570081500000,28543.65,28693.2,28397.0,28419.35,0
1570088700000,28418.45,28492.75,28240.8,28404.7,0
1570095900000,28403.1,28445.65,28390.75,28419.35,0
1570160700000,28691.95,28730.3,28464.75,28529.85,0
1570167900000,28530.8,28553.9,27839.35,27949.3,0
1570175100000,27947.85,28008.25,27668.25,27736.15,0
1570182300000,27735.75,27751.9,27653.7,27682.15,0
1570419900000,27870.4,28185.15,27568.35,28014.0,0
1570427100000,28012.1,28159.2,27954.8,28060.65,0
1570434300000,28060.15,28137.5,27722.4,27761.15,0
1570441500000,27756.0,27815.0,27727.75,27739.5,0
1570592700000,27917.65,27975.25,27702.05,27809.8,0
1570599900000,27813.35,28467.35,27806.35,28394.1,0
1570607100000,28393.6,28857.7,28370.3,28771.0,0
1570614300000,28770.5,28803.65,28742.6,28797.2,0
1570679100000,28552.75,28552.75,28189.45,28241.0,0
1570686300000,28237.7,28266.9,28029.6,28078.95,0
1570693500000,28079.9,28186.5,27914.15,27998.25,0
1570700700000,28000.2,28087.4,27999.55,28064.5,0
1570765500000,28248.85,28604.05,27736.8,27954.15,0
1570772700000,27949.1,28137.85,27833.9,28070.3,0
1570779900000,28069.45,28258.9,27912.9,28052.05,0
1570787100000,28049.9,28057.4,28006.65,28038.65,0
1571024700000,28238.65,28404.5,28043.25,28371.25,0
1571031900000,28369.95,28389.6,28223.85,28283.85,0
1571039100000,28281.4,28553.4,28088.35,28088.35,0
1571046300000,28087.3,28184.65,28050.95,28152.75,0
1571111100000,28259.5,28452.55,28186.25,28404.2,0
1571118300000,28405.5,28469.9,28268.35,28351.75,0
1571125500000,28352.4,28694.85,28300.8,28548.75,0
1571132700000,28548.9,28576.8,28538.95,28559.9,0
1571197500000,28674.45,28759.35,28540.7,28688.15,0
1571204700000,28693.4,28724.75,28414.05,28470.5,0
1571211900000,28466.0,28569.7,28305.4,28557.55,0
1571219100000,28556.35,28582.0,28527.3,28537.3,0
1571283900000,28608.05,28684.95,28497.5,28561.75,0
1571291100000,28561.05,28866.6,28487.95,28866.05,0
1571298300000,28869.3,29049.05,28813.3,28991.25,0
1571305500000,28992.7,29009.6,28959.0,28987.35,0
1571370300000,28964.95,29165.55,28864.1,28985.15,0
1571377500000,28983.4,29125.25,28956.95,29090.3,0
1571384700000,29089.0,29249.5,29037.1,29128.65,0
1571391900000,29125.8,29136.6,29089.55,29099.6,0
1571715900000,29443.45,29485.7,29231.2,29429.35,0
1571723100000,29427.2,29690.0,29401.65,29594.05,0
1571730300000,29594.95,29636.2,29358.55,29416.9,0
1571737500000,29423.4,29432.95,29376.1,29411.35,0
1571802300000,29484.25,29580.85,29214.05,29533.75,0
1571809500000,29535.55,29628.2,29492.6,29537.6,0
1571816700000,29539.55,29643.8,29330.6,29460.95,0
1571823900000,29459.2,29499.15,29449.2,29482.0,0
1571888700000,29605.05,29693.25,29271.95,29311.05,0
1571895900000,29312.5,29536.1,29306.85,29316.5,0
1571903100000,29315.45,29327.45,28994.2,29088.0,0
1571910300000,29086.75,29148.45,29070.4,29129.05,0
1571975100000,29233.7,29321.2,29075.9,29170.85,0
1571982300000,29171.25,29232.2,28931.05,28972.35,0
1571989500000,28972.25,29452.1,28923.8,29393.25,0
1571996700000,29394.7,29416.3,29365.05,29393.9,0
1572179400000,29605.4,29644.45,29446.8,29517.4,0
1572320700000,29540.05,29809.4,29385.45,29775.15,0
1572327900000,29775.1,29946.7,29774.25,29914.05,0
1572335100000,29914.5,29997.65,29826.35,29883.35,0
1572342300000,29883.4,29889.95,29849.85,29863.35,0
1572407100000,30006.1,30117.2,29753.0,29962.0,0
1572414300000,29963.75,30105.5,29944.7,30031.65,0
1572421500000,30028.5,30151.1,29917.2,29986.9,0
1572428700000,29989.4,30019.3,29957.2,29990.4,0
1572493500000,30139.45,30303.7,30110.75,30273.85,0
1572500700000,30277.45,30277.45,30140.2,30236.15,0
1572507900000,30238.55,30415.65,30009.05,30084.8,0
1572515100000,30085.8,30097.85,29987.15,30034.85,0
1572579900000,30160.8,30297.65,30028.9,30236.85,0
1572587100000,30236.6,30351.4,30201.85,30242.0,0
1572594300000,30246.0,30409.0,30200.3,30320.8,0
1572601500000,30325.35,30366.1,30303.85,30360.95,0
1572839100000,30434.55,30607.05,30384.4,30544.05,0
1572846300000,30543.4,30556.55,30227.25,30372.05,0
1572853500000,30369.45,30430.5,30252.9,30324.1,0
1572860700000,30322.4,30347.35,30304.25,30330.4,0
1572925500000,30409.35,30452.7,30266.75,30400.5,0
1572932700000,30400.8,30421.95,30146.5,30146.75,0
1572939900000,30148.25,30284.35,30091.35,30225.15,0
1572947100000,30221.65,30237.45,30204.15,30208.25,0
1573011900000,30197.85,30217.45,30013.65,30068.2,0
1573019100000,30066.85,30569.55,30066.85,30492.8,0
1573026300000,30489.85,30699.0,30481.45,30594.9,0
1573033500000,30592.1,30635.75,30574.2,30584.8,0
1573098300000,30730.25,30821.35,30538.45,30613.05,0
1573105500000,30613.35,30716.5,30462.55,30663.15,0
1573112700000,30663.05,30765.3,30564.0,30625.6,0
1573119900000,30628.65,30664.0,30605.25,30650.35,0
1573184700000,30589.7,30817.35,30504.05,30743.95,0
1573191900000,30743.6,31081.3,30730.95,31059.2,0
1573199100000,31060.25,31108.4,30743.95,30753.3,0
1573206300000,30753.65,30770.55,30680.9,30754.1,0
1573443900000,30674.25,30922.8,30625.8,30873.2,0
1573451100000,30876.05,30962.35,30806.35,30890.1,0
1573458300000,30890.2,31142.45,30867.1,31137.3,0
1573465500000,31142.8,31205.2,31090.9,31133.1,0
1573616700000,31055.65,31198.5,30860.7,30924.65,0
1573623900000,30926.0,30964.5,30823.1,30868.7,0
1573631100000,30869.55,30889.05,30488.1,30517.1,0
1573638300000,30523.3,30570.85,30501.05,30544.4,0
1573703100000,30623.75,30769.3,30338.35,30700.45,0
1573710300000,30699.1,30723.3,30449.05,30515.85,0
1573717500000,30516.35,30776.85,30501.0,30749.75,0
1573724700000,30750.75,30789.2,30737.85,30753.35,0
1573789500000,30860.7,31160.6,30860.7,31048.55,0
1573796700000,31047.1,31099.6,30962.95,31052.1,0
1573803900000,31053.1,31165.45,30995.95,31010.05,0
1573811100000,31005.5,31022.8,30969.4,31012.05,0
1574048700000,31037.25,31203.55,30959.15,31010.15,0
1574055900000,31010.0,31059.4,30901.85,30997.3,0
1574063100000,30996.75,31038.15,30929.75,30997.5,0
1574070300000,30998.25,31025.15,30982.6,31007.0,0
1574135100000,31070.3,31194.3,30974.3,31123.0,0
1574142300000,31123.35,31278.95,31116.9,31186.8,0
1574149500000,31185.15,31267.5,31115.5,31218.9,0
1574156700000,31218.05,31298.05,31214.55,31286.2,0
1574221500000,31304.05,31420.7,31205.55,31363.45,0
1574228700000,31358.65,31471.65,31337.5,31419.35,0
1574235900000,31419.9,31437.6,31242.05,31339.7,0
1574243100000,31340.95,31367.35,31314.1,31337.0,0
1574307900000,31430.5,31430.5,31243.0,31315.95,0
1574315100000,31316.35,31439.95,31299.5,31417.15,0
1574322300000,31418.25,31463.15,31329.1,31356.45,0
1574329500000,31356.35,31367.3,31318.15,31336.4,0
1574394300000,31394.2,31394.2,31208.8,31245.7,0
1574401500000,31246.15,31250.2,31055.2,31088.95,0
1574408700000,31089.1,31173.6,31076.95,31094.6,0
1574415900000,31093.6,31146.5,31085.8,31130.1,0
1574653500000,31085.85,31325.85,31049.75,31276.65,0
1574660700000,31277.2,31402.6,31268.0,31377.35,0
1574667900000,31376.25,31578.1,31370.6,31559.3,0
1574675100000,31558.15,31591.6,31542.1,31566.7,0
1574739900000,31694.15,31813.7,31601.4,31668.55,0
1574747100000,31667.5,31778.25,31643.8,31736.05,0
1574754300000,31736.85,31753.35,31465.85,31701.45,0
1574761500000,31704.6,31850.35,31700.45,31778.2,0
1574826300000,31839.1,31893.5,31763.8,31805.4,0
1574833500000,31806.15,31857.2,31734.5,31805.8,0
1574840700000,31806.45,31883.95,31774.2,31878.6,0
1574847900000,31877.55,31916.8,31865.45,31900.1,0
1574912700000,32003.2,32045.75,31905.9,31995.65,0
1574919900000,31994.95,32135.9,31992.1,32117.4,0
1574927100000,32116.95,32157.05,32021.85,32115.65,0
1574934300000,32115.85,32141.25,32099.8,32132.3,0
1574999100000,32077.3,32086.95,31875.55,31904.5,0
1575006300000,31902.75,31929.05,31789.65,31866.35,0
1575013500000,31868.8,32005.45,31770.8,31944.75,0
1575020700000,31942.15,31960.55,31923.25,31926.3,0
1575258300000,32014.65,32024.1,31757.7,31773.4,0
1575265500000,31771.95,31850.75,31720.6,31753.45,0
1575272700000,31752.65,31891.55,31741.25,31865.7,0
1575279900000,31869.25,31905.95,31853.5,31871.8,0
1575344700000,31936.6,31936.6,31645.3,31655.45,0
1575351900000,31656.1,31667.9,31502.95,31524.9,0
1575359100000,31525.3,31639.75,31509.0,31625.85,0
1575366300000,31624.0,31642.4,31595.05,31633.1,0
1575431100000,31574.45,31878.35,31444.0,31806.7,0
1575438300000,31806.35,31808.2,31553.6,31607.8,0
1575445500000,31606.55,32017.75,31571.6,31975.4,0
1575452700000,31973.45,32010.05,31951.85,31968.35,0
1575517500000,32106.45,32126.95,32001.2,32077.1,0
1575524700000,32077.25,32116.7,31692.6,31874.9,0
1575531900000,31876.05,32003.25,31685.15,31800.4,0
1575539100000,31800.75,31815.45,31628.3,31677.0,0
1575603900000,31787.35,31883.7,31649.5,31691.0,0
1575611100000,31692.2,31700.25,31495.7,31505.1,0
1575618300000,31501.25,31546.2,31250.65,31342.85,0
1575625500000,31342.3,31360.55,31291.05,31319.45,0
1575863100000,31333.65,31449.1,31122.05,31413.85,0
1575870300000,31414.7,31515.75,31359.0,31497.7,0
1575877500000,31496.55,31537.65,31265.3,31317.05,0
1575884700000,31318.65,31350.15,31302.05,31332.4,0
1575949500000,31412.8,31412.8,31228.25,31258.15,0
1575956700000,31259.25,31378.5,31218.85,31326.2,0
1575963900000,31327.4,31350.15,31126.0,31149.75,0
1575971100000,31149.35,31191.85,31149.35,31176.35,0
1576035900000,31196.7,31337.85,31147.15,31277.65,0
1576043100000,31275.55,31276.0,31094.1,31137.2,0
1576050300000,31135.65,31302.05,30996.4,31263.8,0
1576057500000,31263.65,31320.5,31255.8,31285.35,0
1576122300000,31363.55,31470.25,31352.1,31426.1,0
1576129500000,31427.1,31538.45,31408.45,31528.2,0
1576136700000,31527.55,31682.1,31474.25,31643.2,0
1576143900000,31640.7,31711.45,31639.95,31665.8,0
1576208700000,31813.6,31961.85,31770.5,31924.4,0
1576215900000,31924.05,32105.05,31878.35,32048.4,0
1576223100000,32048.6,32098.5,31970.5,32042.55,0
1576230300000,32046.5,32047.1,31959.65,32029.6,0
1576467900000,32181.15,32186.95,31962.15,32032.95,0
1576475100000,32032.6,32049.45,31897.75,31940.4,0
1576482300000,31940.25,32047.15,31940.1,31979.6,0
1576489500000,31977.75,32011.0,31962.45,31995.6,0
1576554300000,32104.95,32205.75,31987.35,32166.75,0
1576561500000,32168.2,32213.35,32111.2,32187.3,0
1576568700000,32186.2,32209.3,32087.2,32142.7,0
1576575900000,32144.3,32170.1,32127.3,32152.15,0
1576640700000,32293.55,32293.55,32017.3,32073.45,0
1576647900000,32073.8,32225.8,32049.35,32184.65,0
1576655100000,32188.35,32279.65,32126.6,32227.7,0
1576662300000,32226.55,32293.65,32210.55,32276.0,0
1576727100000,32286.95,32286.95,32085.05,32253.45,0
1576734300000,32252.4,32328.35,32184.25,32204.75,0
1576741500000,32203.05,32293.85,32203.05,32232.25,0
1576748700000,32233.15,32264.7,32225.45,32249.6,0
1576813500000,32283.45,32397.0,32199.45,32368.2,0
1576820700000,32367.3,32409.15,32334.9,32343.3,0
1576827900000,32341.4,32443.35,32290.5,32384.05,0
1576835100000,32382.95,32401.7,32359.45,32381.15,0
1577072700000,32329.45,32502.8,32311.55,32393.65,0
1577079900000,32393.55,32453.55,32335.1,32347.85,0
1577087100000,32347.6,32364.85,32196.85,32347.95,0
1577094300000,32346.15,32372.8,32328.3,32336.3,0
1577159100000,32341.45,32390.35,32283.2,32312.5,0
1577166300000,32313.8,32369.85,32289.3,32324.05,0
1577173500000,32324.15,32358.1,32246.05,32272.8,0
1577180700000,32269.85,32307.8,32262.0,32286.8,0
1577331900000,32289.8,32314.6,32205.05,32211.75,0
1577339100000,32211.45,32219.2,32092.1,32099.65,0
1577346300000,32098.15,32124.9,31967.2,32022.7,0
1577353500000,32021.15,32035.55,31963.25,32020.6,0
1577418300000,32182.1,32359.9,32056.25,32349.9,0
1577425500000,32352.25,32386.6,32313.95,32352.25,0
1577432700000,32353.0,32420.7,32308.8,32402.05,0
1577439900000,32402.5,32444.85,32401.3,32414.35,0
1577677500000,32495.2,32613.1,32464.0,32512.7,0
1577684700000,32511.85,32513.5,32248.5,32345.3,0
1577691900000,32345.45,32388.95,32289.6,32347.85,0
1577699100000,32348.1,32383.9,32324.85,32372.1,0
1577763900000,32329.2,32343.5,32139.6,32172.0,0
1577771100000,32173.0,32327.8,32152.2,32234.25,0
1577778300000,32231.85,32289.5,32149.65,32160.25,0
1577785500000,32160.5,32182.3,32108.75,32180.5,0
1577850300000,32242.6,32348.0,32089.6,32111.7,0
1577857500000,32115.25,32164.25,32057.2,32095.9,0
1577864700000,32097.0,32168.25,32062.1,32102.35,0
1577871900000,32102.6,32135.55,32086.7,32128.9,0
1577936700000,32140.1,32255.7,32121.4,32190.3,0
1577943900000,32192.15,32296.15,32191.4,32272.2,0
1577951100000,32273.1,32462.05,32265.8,32453.55,0
1577958300000,32455.2,32465.45,32425.95,32432.65,0
1578023100000,32329.8,32329.8,32102.25,32139.6,0
1578030300000,32137.75,32161.0,32034.0,32102.45,0
1578037500000,32101.65,32106.5,31960.4,32058.55,0
1578044700000,32058.1,32110.55,32058.1,32077.8,0
1578282300000,31914.45,31914.45,31478.75,31487.0,0
1578289500000,31485.9,31487.05,31319.2,31357.45,0
1578296700000,31355.65,31389.9,31170.55,31240.85,0
1578303900000,31242.2,31260.7,31223.3,31228.7,0
1578368700000,31614.95,31851.45,31404.9,31435.8,0
1578375900000,31434.0,31549.1,31259.45,31298.35,0
1578383100000,31294.6,31403.9,31200.9,31403.9,0
1578390300000,31402.45,31443.35,31398.45,31409.1,0
1578455100000,31078.25,31354.85,30899.55,31119.45,0
1578462300000,31116.5,31282.75,31050.5,31197.1,0
1578469500000,31195.35,31451.85,31152.4,31372.35,0
1578476700000,31371.25,31397.9,31347.5,31355.3,0
1578541500000,31667.15,31977.4,31667.15,31953.05,0
1578548700000,31944.75,32107.9,31909.4,32096.55,0
1578555900000,32094.2,32172.7,32049.25,32103.2,0
1578563100000,32103.25,32109.65,32054.75,32071.55,0
1578627900000,32232.35,32325.65,32050.65,32312.4,0
1578635100000,32312.6,32347.2,32176.2,32217.75,0
1578642300000,32221.15,32254.6,31953.4,32103.7,0
1578649500000,32102.55,32112.2,32069.4,32081.9,0
1578887100000,32074.05,32322.65,32074.05,32206.65,0
1578894300000,32205.5,32265.7,32120.9,32128.35,0
1578901500000,32129.5,32197.85,32075.95,32167.85,0
1578908700000,32167.55,32215.55,32165.35,32198.2,0
1578973500000,32165.6,32172.7,31989.2,32018.75,0
1578980700000,32019.65,32147.95,32005.25,32079.3,0
1578987900000,32080.6,32162.55,32006.5,32065.75,0
1578995100000,32067.0,32081.25,32043.8,32061.45,0
1579059900000,32000.9,32000.9,31699.45,31748.25,0
1579067100000,31747.15,31792.05,31692.7,31725.2,0
1579074300000,31726.7,31826.65,31670.35,31822.9,0
1579081500000,31823.15,31853.7,31822.05,31835.85,0
1579146300000,31808.3,31988.9,31692.4,31721.15,0
1579153500000,31722.5,31888.1,31716.55,31873.3,0
1579160700000,31873.55,31937.8,31822.2,31854.7,0
1579167900000,31854.25,31863.65,31833.2,31849.45,0
1579232700000,31508.55,31773.55,31445.5,31683.85,0
1579239900000,31682.65,31713.25,31597.25,31698.5,0
1579247100000,31697.65,31708.15,31566.15,31601.0,0
1579254300000,31601.2,31603.85,31549.65,31553.7,0
1579491900000,31806.1,31819.2,31355.2,31372.75,0
1579499100000,31371.15,31444.25,31199.4,31200.55,0
1579506300000,31198.95,31309.45,31050.95,31073.55,0
1579513500000,31074.5,31105.95,31059.5,31097.7,0
1579578300000,30917.6,31171.25,30858.6,30980.95,0
1579585500000,30976.3,31069.45,30931.8,31004.8,0
1579592700000,31003.95,31029.2,30872.35,30945.25,0
1579599900000,30948.25,30969.3,30931.55,30962.1,0
1579664700000,31072.9,31149.05,30722.9,30731.7,0
1579671900000,30728.3,30804.95,30685.3,30759.6,0
1579679100000,30761.1,30788.1,30614.0,30705.25,0
1579686300000,30704.65,30716.05,30675.1,30691.85,0
1579751100000,30759.1,30954.1,30621.35,30744.95,0
1579758300000,30743.65,31068.05,30715.65,31065.15,0
1579765500000,31063.55,31087.25,30960.75,30999.55,0
1579772700000,31000.4,31014.7,30983.2,31012.75,0
1579837500000,31060.2,31299.9,30879.05,31253.3,0
1579844700000,31253.75,31306.2,31174.15,31303.5,0
1579851900000,31302.25,31375.45,31237.45,31256.45,0
1579859100000,31256.05,31282.85,31221.45,31257.0,0
1580096700000,31121.55,31227.05,30922.85,31118.35,0
1580103900000,31114.35,31151.15,31017.8,31023.35,0
1580111100000,31024.65,31064.8,30829.05,30834.2,0
1580118300000,30837.95,30844.05,30808.55,30819.2,0
1580183100000,30899.6,31045.75,30759.8,30929.3,0
1580190300000,30929.7,31048.45,30895.7,31017.45,0
1580197500000,31018.7,31036.6,30656.35,30794.15,0
1580204700000,30791.25,30803.15,30762.75,30780.7,0
1580269500000,30931.6,31082.85,30864.85,31034.35,0
1580276700000,31036.55,31067.4,30955.9,30997.95,0
1580283900000,30999.0,31036.1,30835.8,30882.7,0
1580291100000,30883.3,30905.95,30864.8,30872.65,0
1580355900000,30909.5,30909.5,30559.7,30607.25,0
1580363100000,30607.1,30691.45,30549.2,30599.55,0
1580370300000,30596.55,30731.05,30521.3,30648.85,0
1580377500000,30645.35,30653.25,30591.4,30620.0,0
1580442300000,30967.65,30983.3,30776.45,30816.45,0
1580449500000,30814.95,30893.55,30691.8,30817.7,0
1580456700000,30817.0,31033.45,30795.8,30829.05,0
1580463900000,30830.6,30840.05,30787.55,30812.75,0
1580528700000,30743.8,30918.6,30424.6,30872.85,0
1580535900000,30876.0,30884.7,30521.55,30637.95,0
1580543100000,30637.2,30641.8,29770.55,29812.25,0
1580550300000,29810.85,29850.8,29753.0,29814.75,0
1580701500000,29841.85,30089.2,29612.55,30024.3,0
1580708700000,30022.35,30036.95,29784.95,29959.45,0
1580715900000,29960.45,30105.8,29863.05,30000.0,0
1580723100000,29999.45,30055.7,29993.85,30046.5,0
1580787900000,30245.65,30696.4,30182.45,30635.7,0
1580795100000,30637.6,30776.95,30574.5,30655.45,0
1580802300000,30652.8,30759.0,30633.6,30681.55,0
1580809500000,30680.3,30705.45,30653.2,30679.8,0
1580874300000,30763.2,30945.5,30630.85,30863.35,0
1580881500000,30863.2,30881.85,30658.7,30796.95,0
1580888700000,30797.55,31065.85,30775.65,30987.2,0
1580895900000,30987.15,31037.35,30976.6,31018.0,0
1580960700000,31083.8,31143.1,30917.25,30920.1,0
1580967900000,30919.05,31355.45,30919.05,31319.8,0
1580975100000,31322.4,31470.65,31245.9,31301.25,0
1580982300000,31303.5,31310.35,31269.9,31286.7,0
1581047100000,31368.2,31368.2,31128.4,31165.3,0
1581054300000,31165.55,31315.05,31111.05,31236.75,0
1581061500000,31236.65,31259.05,31140.55,31207.15,0
1581068700000,31207.3,31210.25,31154.9,31163.25,0
1581306300000,31248.7,31248.8,30957.2,31052.45,0
1581313500000,31051.55,31140.45,31011.55,31057.6,0
1581320700000,31056.3,31107.4,30972.55,31068.4,0
1581327900000,31069.55,31084.65,31045.5,31066.3,0
1581392700000,31256.7,31505.95,31225.9,31389.2,0
1581399900000,31388.75,31409.05,31289.7,31348.75,0
1581407100000,31350.15,31392.35,31273.6,31319.6,0
1581414300000,31319.25,31324.55,31282.0,31299.95,0
1581479100000,31441.5,31588.6,31398.15,31502.8,0
1581486300000,31500.1,31547.4,31445.55,31467.0,0
1581493500000,31468.15,31542.55,31430.8,31480.7,0
1581500700000,31480.65,31493.55,31466.7,31482.65,0
1581565500000,31649.45,31649.45,31276.5,31328.25,0
1581572700000,31329.55,31345.85,31206.9,31262.2,0
1581579900000,31261.1,31261.45,31180.6,31226.25,0
1581587100000,31225.45,31249.15,31196.9,31197.75,0
1581651900000,31307.0,31436.65,30776.1,30855.65,0
1581659100000,30857.65,31094.55,30846.5,30953.1,0
1581666300000,30950.1,30976.9,30790.7,30833.4,0
1581673500000,30836.9,30861.95,30806.55,30861.95,0
1581911100000,30886.15,30998.15,30644.4,30793.25,0
1581918300000,30794.05,30866.4,30679.4,30725.9,0
1581925500000,30724.35,30758.7,30630.5,30669.05,0
1581932700000,30667.85,30717.7,30664.25,30711.55,0
1581997500000,30681.25,30692.75,30341.5,30367.1,0
1582004700000,30365.85,30401.05,30256.5,30313.85,0
1582011900000,30315.2,30615.2,30252.45,30615.2,0
1582019100000,30613.5,30629.9,30569.25,30618.65,0
1582083900000,30932.15,30947.15,30606.15,30697.6,0
1582091100000,30699.35,30852.55,30683.25,30828.95,0
1582098300000,30828.1,30876.3,30725.2,30825.75,0
1582105500000,30826.65,30851.55,30811.25,30841.05,0
1582170300000,30801.1,31024.15,30702.45,31011.55,0
1582177500000,31012.85,31085.3,30996.15,31033.95,0
1582184700000,31035.45,31050.35,30912.7,30960.7,0
1582191900000,30959.95,30977.05,30914.95,30939.55,0
1582515900000,30685.65,30685.65,30466.4,30593.15,0
1582523100000,30594.6,30702.15,30569.1,30634.3,0
1582530300000,30636.1,30647.0,30438.35,30460.6,0
1582537500000,30460.55,30499.4,30428.0,30486.35,0
1582602300000,30528.25,30559.45,30335.6,30538.55,0
1582609500000,30540.45,30610.7,30420.5,30424.1,0
1582616700000,30427.4,30519.3,30329.95,30443.3,0
1582623900000,30443.95,30481.35,30425.75,30465.25,0
1582688700000,30286.05,30347.65,30177.55,30208.95,0
1582695900000,30208.45,30313.6,30208.45,30302.25,0
1582703100000,30300.0,30515.35,30131.75,30304.75,0
1582710300000,30308.1,30372.9,30295.25,30345.35,0
1582775100000,30271.95,30271.95,29914.15,30003.7,0
1582782300000,30006.85,30090.85,29950.35,30066.5,0
1582789500000,30069.2,30230.1,29981.05,30205.45,0
1582796700000,30202.1,30221.85,30149.9,30164.6,0
1582861500000,29530.75,29564.1,29267.3,29332.95,0
1582868700000,29333.85,29449.25,29161.0,29367.85,0
1582875900000,29365.5,29422.5,29051.5,29139.5,0
1582883100000,29140.3,29222.0,29140.3,29191.4,0
1583120700000,29731.25,29791.15,29322.25,29494.8,0
1583127900000,29496.5,29565.05,29376.45,29437.65,0
1583135100000,29436.9,29624.65,28588.6,28628.05,0
1583142300000,28635.65,28967.1,28571.7,28913.4,0
1583207100000,29082.3,29285.35,28794.4,28914.45,0
1583214300000,28913.2,29095.0,28749.55,28921.6,0
1583221500000,28920.65,29267.45,28879.95,29167.6,0
1583228700000,29167.1,29260.85,29163.7,29240.7,0
1583293500000,29273.65,29273.65,28731.7,28778.65,0
1583300700000,28778.3,28829.9,28421.5,28457.9,0
1583307900000,28462.1,28740.5,28125.15,28703.0,0
1583315100000,28703.45,28742.8,28610.35,28671.25,0
1583379900000,28834.8,29032.65,28535.6,28956.55,0
1583387100000,28959.7,29134.3,28897.5,29024.7,0
1583394300000,29024.85,29041.2,28736.45,28807.75,0
1583401500000,28808.4,28832.65,28744.15,28787.6,0
1583466300000,27672.75,27813.5,27162.3,27497.45,0
1583473500000,27500.45,27870.55,27442.5,27829.0,0
1583480700000,27832.0,28047.2,27698.8,27811.45,0
1583487900000,27811.2,27819.4,27759.6,27780.45,0
1583725500000,27091.6,27091.6,26520.9,26633.65,0
1583732700000,26629.0,26786.65,25923.4,26053.85,0
1583739900000,26051.95,26625.25,25947.8,26490.7,0
1583747100000,26495.15,26515.25,26364.65,26502.25,0
1583898300000,26333.8,26791.45,26234.1,26357.85,0
1583905500000,26356.7,26738.7,26320.35,26647.95,0
1583912700000,26648.65,26742.85,26412.25,26467.15,0
1583919900000,26468.35,26498.1,26422.8,26458.25,0
1583984700000,25177.55,25223.1,24013.45,24358.9,0
1583991900000,24362.9,24713.7,24195.65,24543.25,0
1583999100000,24545.45,24694.4,23536.35,23894.35,0
1584006300000,23883.6,24250.05,23880.95,24162.5,0
1584071100000,22829.65,24585.2,21351.7,23952.75,0
1584078300000,23955.95,25670.75,23738.75,25235.25,0
1584085500000,25203.15,25622.1,24259.95,25217.7,0
1584092700000,25218.7,25368.3,25119.7,25346.35,0
1584330300000,24074.15,24074.15,23351.45,23787.6,0
1584337500000,23797.5,23899.7,23308.65,23601.55,0
1584344700000,23602.65,23707.05,23016.9,23028.55,0
1584351900000,23028.8,23123.55,23008.25,23084.9,0
1584416700000,23402.7,23449.5,22389.85,23095.6,0
1584423900000,23098.8,23266.35,22848.1,23125.5,0
1584431100000,23127.8,23225.3,22002.0,22058.8,0
1584438300000,22054.9,22213.65,22028.85,22103.9,0
1584503100000,22484.1,22544.05,21183.45,21207.25,0
1584510300000,21213.35,21412.6,20267.95,20535.4,0
1584517500000,20537.55,20932.2,20329.3,20413.4,0
1584524700000,20414.55,20958.65,20403.45,20828.65,0
1584589500000,19462.1,20339.7,18675.65,20333.55,0
1584596700000,20346.65,20635.95,19613.35,20299.15,0
1584603900000,20295.0,21035.05,20076.3,20123.7,0
1584611100000,20126.05,20126.05,19911.65,20042.7,0
1584675900000,19763.6,20227.4,19265.0,19527.75,0
1584683100000,19529.15,20636.15,19527.55,20451.75,0
1584690300000,20446.25,20924.55,19740.2,20246.3,0
1584697500000,20240.85,20426.55,20221.25,20272.9,0
1584935100000,18357.5,18895.65,17271.7,17392.4,0
1584942300000,17391.5,17797.1,17224.7,17426.75,0
1584949500000,17426.15,17511.6,16835.3,16843.45,0
1584956700000,16842.65,17058.35,16791.05,17015.0,0
1585021500000,17841.4,17841.4,16116.25,16874.15,0
1585028700000,16877.8,17396.65,16773.85,17279.45,0
1585035900000,17283.0,17635.45,16899.3,17192.05,0
1585043100000,17197.55,17283.05,17141.6,17256.15,0
1585107900000,16807.95,17287.15,16635.5,17025.65,0
1585115100000,17026.35,18319.0,16929.45,18292.6,0
1585122300000,18293.2,18740.2,18177.25,18454.1,0
1585129500000,18459.0,18580.25,18391.6,18536.9,0
1585194300000,18807.5,20306.75,18364.5,19916.4,0
1585201500000,19914.95,20409.35,19524.0,20312.85,0
1585208700000,20312.65,20390.3,19096.4,19577.55,0
1585215900000,19576.45,19733.65,19569.6,19660.5,0
1585280700000,20828.7,21462.4,19723.65,19747.0,0
1585287900000,19749.5,20534.8,19717.1,19894.65,0
1585295100000,19878.95,20593.25,19580.1,19983.75,0
1585302300000,19988.4,20060.15,19891.75,19931.1,0
1585539900000,19269.5,19716.25,19057.15,19587.85,0
1585547100000,19588.0,19631.75,19022.95,19114.0,0
1585554300000,19113.5,19184.1,18668.7,18843.45,0
1585561500000,18840.6,18851.0,18711.7,18763.25,0
1585626300000,19311.15,19314.55,18792.4,18854.25,0
1585633500000,18853.9,19309.05,18846.25,19112.85,0
1585640700000,19116.15,19466.3,19074.25,19137.6,0
1585647900000,19136.05,19136.05,19017.6,19051.4,0
1585712700000,19149.6,19154.75,18144.0,18174.45,0
1585719900000,18172.6,18408.1,18154.2,18232.9,0
1585727100000,18233.95,18290.5,18042.25,18203.7,0
1585734300000,18206.75,18229.45,18174.75,18207.35,0
1585885500000,18326.1,18326.1,17515.9,17568.9,0
1585892700000,17571.3,17681.45,17457.85,17579.1,0
1585899900000,17580.15,17673.75,17143.2,17224.05,0
1585907100000,17223.35,17317.65,17221.65,17317.65,0
1586231100000,18355.8,18498.5,17953.75,18192.4,0
1586238300000,18193.25,18739.0,18184.45,18672.35,0
1586245500000,18667.3,19190.55,18595.2,19172.35,0
1586252700000,19163.4,19169.65,18990.75,19055.45,0
1586317500000,18714.8,20324.1,18482.9,19695.1,0
1586324700000,19697.3,19866.95,18846.15,19185.4,0
1586331900000,19185.55,19215.75,18675.7,18875.35,0
1586339100000,18878.15,18964.2,18875.0,18936.2,0
1586403900000,19556.4,19814.4,19205.15,19332.3,0
1586411100000,19333.15,19828.55,19166.9,19717.9,0
1586418300000,19716.75,19988.3,19522.8,19948.7,0
1586425500000,19946.0,19961.65,19859.7,19876.45,0
1586749500000,19865.4,19865.4,19294.0,19516.45,0
1586756700000,19517.3,19887.05,19454.05,19500.95,0
1586763900000,19498.15,19629.65,19304.8,19476.4,0
1586771100000,19473.6,19536.8,19463.75,19531.95,0
1586922300000,20097.05,20184.1,19714.5,20068.95,0
1586929500000,20069.2,20117.75,19730.35,19761.75,0
1586936700000,19764.8,19764.8,18776.75,19048.45,0
1586943900000,19044.15,19122.85,19044.15,19120.9,0
1587008700000,18914.85,19167.0,18703.45,19105.65,0
1587015900000,19105.45,19400.5,19067.05,19269.75,0
1587023100000,19271.0,19459.25,19191.95,19392.9,0
1587030300000,19394.55,19520.3,19389.35,19494.35,0
1587095100000,20397.55,20447.55,19797.6,20012.5,0
1587102300000,20011.0,20152.0,19729.3,19841.7,0
1587109500000,19843.95,20766.85,19761.35,20748.55,0
1587116700000,20745.15,20866.55,20709.0,20749.25,0
1587354300000,21122.1,21122.1,20674.1,20913.5,0
1587361500000,20913.2,20914.1,20612.1,20769.85,0
1587368700000,20767.8,20999.85,20444.25,20529.9,0
1587375900000,20526.95,20577.6,20488.55,20488.55,0
1587440700000,19891.45,19891.45,19569.2,19626.85,0
1587447900000,19627.4,19654.95,19298.05,19375.8,0
1587455100000,19378.2,19561.7,19247.95,19409.35,0
1587462300000,19408.15,19444.95,19324.0,19354.25,0
1587527100000,19264.05,19561.25,19051.95,19550.85,0
1587534300000,19554.25,19621.9,19339.1,19456.2,0
1587541500000,19455.25,19806.35,19245.35,19707.95,0
1587548700000,19707.9,19761.25,19683.25,19744.9,0
1587613500000,19876.95,20055.35,19584.4,19964.05,0
1587620700000,19964.25,20254.9,19911.55,20128.55,0
1587627900000,20129.4,20356.5,19968.85,20285.55,0
1587635100000,20283.95,20284.25,20202.2,20221.7,0
1587699900000,19713.65,19851.55,19555.25,19689.85,0
1587707100000,19689.9,19950.15,19620.55,19874.3,0
1587714300000,19879.5,19932.1,19515.4,19570.4,0
1587721500000,19569.55,19637.55,19566.0,19636.6,0
1587959100000,19875.25,20215.25,19847.65,20133.7,0
1587966300000,20132.25,20224.75,20029.65,20168.3,0
1587973500000,20167.75,20199.55,19990.9,20078.6,0
1587980700000,20080.25,20094.1,20047.8,20080.8,0
1588045500000,20477.55,20537.65,20260.8,20411.95,0
1588052700000,20417.15,20532.6,20357.0,20514.4,0
1588059900000,20519.6,20705.05,20499.4,20667.2,0
1588067100000,20667.9,20751.3,20643.45,20739.0,0
1588131900000,20444.75,20792.55,20393.65,20784.3,0
1588139100000,20785.55,20872.75,20736.75,20839.0,0
1588146300000,20837.05,21348.15,20772.7,21083.3,0
1588153500000,21083.1,21116.1,20953.5,20982.7,0
1588218300000,21660.25,21964.85,21585.95,21932.45,0
1588225500000,21931.65,21967.0,21479.75,21647.6,0
1588232700000,21639.85,21758.6,21353.65,21545.3,0
1588239900000,21548.6,21555.1,21462.6,21478.45,0
1588563900000,20530.45,20530.45,19862.2,19992.45,0
1588571100000,19994.2,20044.55,19888.35,19944.1,0
1588578300000,19942.65,20036.6,19643.6,19708.25,0
1588585500000,19712.9,19817.5,19712.3,19813.25,0
1588650300000,20114.95,20223.15,19749.65,19843.45,0
1588657500000,19845.1,19889.35,19571.0,19844.95,0
1588664700000,19845.45,19963.35,19212.35,19259.15,0
1588671900000,19262.55,19333.35,19257.7,19333.35,0
1588736700000,19333.3,19763.65,18941.0,19695.85,0
1588743900000,19698.0,19744.4,19522.5,19585.45,0
1588751100000,19587.3,19806.6,19361.4,19705.0,0
1588758300000,19703.05,19775.15,19671.1,19762.3,0
1588823100000,19566.5,19757.25,19332.15,19465.0,0
1588830300000,19467.95,19577.45,19370.45,19538.6,0
1588837500000,19537.2,19612.75,19428.15,19499.8,0
1588844700000,19503.7,19535.7,19465.75,19528.4,0
1588909500000,19852.4,19969.6,19773.55,19837.45,0
1588916700000,19835.25,19881.05,19678.0,19797.05,0
1588923900000,19795.75,19799.5,19285.05,19335.35,0
1588931100000,19335.45,19441.0,19329.8,19360.7,0
1589168700000,19630.35,19733.4,19297.65,19352.05,0
1589175900000,19350.95,19378.5,19185.6,19341.0,0
1589183100000,19343.5,19362.35,18900.9,18970.15,0
1589190300000,18971.35,18993.0,18934.6,18974.8,0
1589255100000,18751.7,18751.7,18304.0,18410.1,0
1589262300000,18410.45,18548.0,18287.0,18461.65,0
1589269500000,18465.4,18993.4,18342.85,18764.6,0
1589276700000,18765.05,18937.4,18763.2,18888.6,0
1589341500000,19962.35,20122.25,19508.25,19783.2,0
1589348700000,19782.2,19802.85,19477.5,19503.35,0
1589355900000,19504.6,19793.45,19429.9,19631.1,0
1589363100000,19630.15,19660.05,19606.65,19643.35,0
1589427900000,19220.3,19380.1,19132.8,19186.3,0
1589435100000,19184.75,19354.85,19126.5,19311.7,0
1589442300000,19309.25,19311.0,19024.75,19054.15,0
1589449500000,19051.25,19103.25,19032.6,19092.15,0
1589514300000,19118.55,19119.1,18683.65,18740.0,0
1589521500000,18741.0,18858.4,18700.9,18770.0,0
1589528700000,18768.45,18944.6,18713.5,18831.15,0
1589535900000,18831.3,18841.9,18806.45,18818.2,0
1589773500000,18744.15,18752.95,17596.35,17650.0,0
1589780700000,17650.45,17773.95,17514.2,17702.0,0
1589787900000,17702.95,17819.45,17542.8,17573.1,0
1589795100000,17572.65,17651.8,17525.9,17638.45,0
1589859900000,17991.1,18175.3,17550.05,17967.2,0
1589867100000,17967.1,18044.7,17678.65,17750.1,0
1589874300000,17751.1,17791.65,17390.65,17489.15,0
1589881500000,17487.55,17547.55,17484.65,17520.55,0
1589946300000,17489.25,17738.65,17407.7,17460.6,0
1589953500000,17460.55,17642.3,17458.7,17539.8,0
1589960700000,17542.1,18002.65,17471.95,17813.6,0
1589967900000,17813.15,17941.85,17810.6,17939.7,0
1590032700000,17922.75,18200.7,17845.0,18101.8,0
1590039900000,18103.1,18157.3,17977.4,18134.35,0
1590047100000,18137.5,18142.25,17658.55,17744.8,0
1590054300000,17742.75,17755.35,17708.5,17740.15,0
1590119100000,17571.85,17952.25,17116.75,17226.15,0
1590126300000,17221.7,17391.6,17178.3,17206.55,0
1590133500000,17202.8,17339.4,17105.0,17253.05,0
1590140700000,17252.35,17359.5,17252.35,17359.5,0
1590464700000,17544.55,17681.7,17490.45,17539.05,0
1590471900000,17539.0,17660.6,17487.1,17522.7,0
1590479100000,17523.3,17523.3,17311.25,17420.85,0
1590486300000,17421.65,17512.65,17415.45,17506.5,0
1590551100000,17585.35,17904.65,17560.35,17859.25,0
1590558300000,17857.7,18089.3,17788.6,18077.25,0
1590565500000,18076.6,18874.25,18043.05,18733.8,0
1590572700000,18734.1,18786.3,18673.5,18711.95,0
1590637500000,18883.35,19455.55,18818.95,19418.05,0
1590644700000,19416.2,19422.9,19052.2,19074.1,0
1590651900000,19076.4,19302.9,19034.1,19154.65,0
1590659100000,19155.8,19208.35,19138.6,19156.3,0
1590723900000,18976.1,19224.05,18729.9,19087.75,0
1590731100000,19088.75,19175.25,18925.05,19020.45,0
1590738300000,19019.0,19358.05,18993.25,19337.6,0
1590745500000,19337.35,19338.8,19198.9,19212.45,0
1590983100000,19632.9,20165.25,19632.9,20050.65,0
1590990300000,20051.85,20225.35,20034.15,20132.85,0
1590997500000,20131.55,20137.95,19801.2,19968.2,0
1591004700000,19969.05,19981.5,19917.7,19917.7,0
1591069500000,20122.95,20274.4,19852.55,20078.3,0
1591076700000,20077.6,20442.0,20040.9,20372.8,0
1591083900000,20373.0,20581.5,20312.85,20527.75,0
1591091100000,20528.15,20615.75,20508.95,20612.95,0
1591155900000,20977.9,21245.9,20916.3,21087.8,0
1591163100000,21084.85,21248.05,21084.85,21178.9,0
1591170300000,21179.9,21619.55,20845.2,20862.1,0
1591177500000,20863.4,20934.0,20822.0,20918.5,0
1591242300000,20940.1,21141.8,20771.9,20839.8,0
1591249500000,20838.8,20860.15,20316.2,20359.45,0
1591256700000,20364.1,20609.2,20342.95,20391.35,0
1591263900000,20392.85,20421.05,20356.0,20379.35,0
1591328700000,20529.15,20836.85,20425.05,20576.0,0
1591335900000,20576.3,20757.45,20532.2,20728.1,0
1591343100000,20729.75,21051.7,20677.85,21001.1,0
1591350300000,20997.5,21198.7,20992.95,21177.4,0
1591587900000,21659.3,21807.4,21529.6,21701.55,0
1591595100000,21699.95,21740.85,21172.85,21307.7,0
1591602300000,21307.85,21317.5,20911.25,21179.4,0
1591609500000,21180.0,21246.45,21147.85,21223.75,0
1591674300000,21266.35,21507.5,20983.45,21422.65,0
1591681500000,21425.9,21568.85,21203.65,21235.0,0
1591688700000,21241.85,21287.5,20642.95,20735.45,0
1591695900000,20736.35,20763.15,20629.7,20653.85,0
1591760700000,20793.15,21033.5,20671.55,20932.9,0
1591767900000,20932.1,21057.5,20749.25,20948.25,0
1591775100000,20947.0,21170.35,20733.6,21169.25,0
1591782300000,21167.05,21251.45,21152.75,21240.25,0
1591847100000,21100.7,21244.45,20876.9,20891.3,0
1591854300000,20887.95,20980.5,20711.45,20826.9,0
1591861500000,20828.7,20845.85,20459.6,20497.3,0
1591868700000,20495.25,20552.65,20458.3,20534.4,0
1591933500000,19610.55,19985.05,19526.1,19894.7,0
1591940700000,19893.05,20401.9,19865.1,19992.45,0
1591947900000,19992.8,20747.7,19974.1,20658.65,0
1591955100000,20656.75,20683.5,20577.7,20600.05,0
1592192700000,20470.85,20470.85,19837.8,19862.7,0
1592199900000,19862.95,19942.85,19740.2,19862.4,0
1592207100000,19859.5,20129.05,19767.8,19908.9,0
1592214300000,19914.95,19932.35,19859.2,19926.5,0
1592279100000,20504.95,20638.85,20336.55,20437.25,0
1592286300000,20435.9,20498.85,19909.9,19925.15,0
1592293500000,19925.75,20342.05,19507.05,20289.4,0
1592300700000,20286.75,20325.75,20241.35,20251.8,0
1592365500000,20137.9,20450.85,19978.15,20236.95,0
1592372700000,20238.25,20570.6,20115.9,20529.7,0
1592379900000,20531.75,20627.9,20132.4,20208.85,0
1592387100000,20210.35,20217.9,20153.55,20197.1,0
1592451900000,20155.9,20319.05,20030.35,20228.8,0
1592459100000,20226.0,20407.8,20195.1,20314.6,0
1592466300000,20314.9,20997.2,20311.5,20936.3,0
1592473500000,20936.4,21028.35,20908.8,20922.2,0
1592538300000,20981.45,21214.7,20878.25,21163.75,0
1592545500000,21166.35,21467.65,21134.35,21238.5,0
1592552700000,21236.85,21390.1,21022.8,21371.1,0
1592559900000,21370.4,21373.35,21293.75,21332.95,0
1592797500000,21448.8,21848.55,21425.55,21668.05,0
1592804700000,21668.75,21935.35,21580.0,21830.5,0
1592811900000,21832.3,22078.25,21611.75,21714.3,0
1592819100000,21717.45,21758.0,21685.55,21742.3,0
1592883900000,21859.45,21957.5,21647.8,21826.05,0
1592891100000,21826.65,21993.4,21774.1,21965.5,0
1592898300000,21965.1,22284.95,21865.8,22250.75,0
1592905500000,22249.65,22322.3,22228.45,22314.8,0
1592970300000,22479.55,22479.55,22041.45,22093.45,0
1592977500000,22094.2,22295.5,21902.5,21924.15,0
1592984700000,21923.45,22011.25,21352.6,21414.9,0
1592991900000,21412.1,21471.3,21336.35,21456.8,0
1593056700000,21131.9,21607.3,20926.45,21488.2,0
1593063900000,21486.45,21553.45,21085.95,21218.35,0
1593071100000,21219.05,21703.5,21137.85,21489.4,0
1593078300000,21486.3,21543.4,21459.85,21504.75,0
1593143100000,21742.6,21784.65,21373.0,21537.1,0
1593150300000,21536.3,21594.25,21320.1,21427.3,0
1593157500000,21425.3,21604.4,21347.85,21549.45,0
1593164700000,21549.0,21688.35,21548.0,21661.75,0
1593402300000,21309.9,21309.9,21026.45,21166.85,0
1593409500000,21165.75,21315.9,21075.2,21186.55,0
1593416700000,21185.05,21403.55,21076.4,21397.4,0
1593423900000,21397.3,21440.05,21354.5,21370.25,0
1593488700000,21514.8,21650.5,21467.5,21511.85,0
1593495900000,21511.5,21547.1,21372.85,21461.55,0
1593503100000,21461.65,21506.1,21212.0,21374.15,0
1593510300000,21375.65,21406.25,21352.6,21378.25,0
1593575100000,21365.15,21593.15,21281.85,21549.45,0
1593582300000,21546.65,21863.9,21526.05,21830.1,0
1593589500000,21831.9,22061.6,21749.6,22005.05,0
1593596700000,22004.65,22007.2,21883.35,21892.55,0
1593661500000,22140.5,22344.85,21909.2,21951.0,0
1593668700000,21948.85,22170.25,21890.5,22080.0,0
1593675900000,22083.9,22245.3,21929.5,21929.5,0
1593683100000,21930.6,21997.65,21900.7,21992.6,0
1593747900000,22107.95,22130.3,21814.4,21895.8,0
1593755100000,21890.5,22051.9,21871.5,21879.35,0
1593762300000,21878.7,21926.75,21768.0,21848.7,0
1593769500000,21849.15,21891.15,21833.45,21854.0,0
1594007100000,22277.4,22343.15,22184.95,22265.05,0
1594014300000,22262.6,22353.6,22241.9,22306.95,0
1594021500000,22307.85,22399.25,22171.05,22202.15,0
1594028700000,22198.2,22241.35,22182.3,22204.4,0
1594093500000,22257.5,22257.5,22040.35,22143.6,0
1594100700000,22142.0,22422.9,22055.5,22412.45,0
1594107900000,22405.9,22663.6,22374.4,22624.75,0
1594115100000,22626.7,22674.5,22556.5,22570.55,0
1594179900000,22713.45,22904.5,22655.05,22863.85,0
1594187100000,22864.25,22995.8,22729.8,22993.65,0
1594194300000,22997.85,23080.6,22550.75,22588.4,0
1594201500000,22588.0,22588.0,22499.5,22568.2,0
1594266300000,22758.5,22866.55,22689.7,22846.3,0
1594273500000,22845.3,22893.15,22673.4,22747.4,0
1594280700000,22746.25,22948.7,22740.85,22887.75,0
1594287900000,22886.75,22998.3,22884.25,22954.9,0
1594352700000,22695.95,22835.2,22590.0,22599.45,0
1594359900000,22599.65,22638.75,22389.8,22459.45,0
1594367100000,22454.25,22552.65,22320.05,22376.65,0
1594374300000,22374.05,22410.5,22346.15,22401.7,0
1594611900000,22628.8,22657.4,22188.0,22242.15,0
1594619100000,22241.7,22276.5,21999.5,22121.1,0
1594626300000,22117.85,22169.6,21981.65,22071.35,0
1594633500000,22071.1,22126.25,22059.65,22113.85,0
1594698300000,21909.7,21909.7,21406.35,21451.35,0
1594705500000,21455.4,21560.05,21222.45,21239.45,0
1594712700000,21237.85,21436.15,21231.3,21397.0,0
1594719900000,21399.8,21434.4,21398.4,21420.0,0
1594784700000,21636.6,21879.0,21496.05,21839.55,0
1594791900000,21842.05,21935.5,21644.15,21732.1,0
1594799100000,21732.7,21852.8,21230.55,21321.9,0
1594806300000,21320.55,21428.65,21282.45,21414.05,0
1594871100000,21411.1,21435.7,21027.85,21222.0,0
1594878300000,21219.4,21425.4,21171.15,21197.05,0
1594885500000,21199.05,21671.25,21182.35,21607.95,0
1594892700000,21607.25,21608.6,21527.35,21542.45,0
1594957500000,21627.8,21844.1,21550.8,21601.95,0
1594964700000,21605.2,21770.25,21570.45,21637.95,0
1594971900000,21636.75,21976.8,21560.75,21970.45,0
1594979100000,21976.9,22064.15,21973.6,22057.45,0
1595216700000,22342.4,22520.45,22187.8,22401.35,0
1595223900000,22401.7,22438.15,22274.75,22418.3,0
1595231100000,22417.2,22472.9,22215.05,22344.35,0
1595238300000,22348.35,22348.35,22258.45,22281.7,0
1595303100000,22671.15,22755.6,22597.95,22662.65,0
1595310300000,22665.85,22757.8,22639.9,22694.75,0
1595317500000,22695.85,22861.9,22631.55,22801.55,0
1595324700000,22797.05,22805.8,22753.0,22802.95,0
1595389500000,23211.35,23211.35,22664.2,22894.25,0
1595396700000,22892.85,23011.15,22824.8,22854.2,0
1595403900000,22853.35,22943.8,22658.2,22882.85,0
1595411100000,22886.85,22938.7,22868.7,22881.8,0
1595475900000,22857.1,22973.8,22734.9,22970.55,0
1595483100000,22970.0,23084.5,22914.15,22985.85,0
1595490300000,22984.3,23114.35,22944.4,23073.2,0
1595497500000,23069.9,23122.35,23055.75,23109.2,0
1595562300000,22854.05,22854.05,22418.25,22493.35,0
1595569500000,22497.15,22561.8,22417.2,22477.55,0
1595576700000,22477.7,22759.3,22477.7,22671.25,0
1595583900000,22675.05,22681.1,22646.8,22676.1,0
1595821500000,22616.0,22668.05,22051.7,22090.85,0
1595828700000,22090.25,22158.2,22010.8,22082.1,0
1595835900000,22081.15,22112.85,21801.35,21840.65,0
1595843100000,21840.2,21871.95,21816.0,21852.5,0
1595907900000,21972.55,22091.0,21611.4,21746.2,0
1595915100000,21746.8,21997.65,21745.15,21896.8,0
1595922300000,21899.45,22233.0,21873.8,22112.15,0
1595929500000,22109.05,22115.55,22042.15,22084.1,0
1595994300000,22099.5,22294.15,22032.9,22167.3,0
1596001500000,22168.1,22340.55,22160.35,22302.95,0
1596008700000,22302.45,22346.4,21906.35,22089.8,0
1596015900000,22087.9,22116.75,22047.7,22067.4,0
1596080700000,22195.4,22252.6,22082.85,22217.3,0
1596087900000,22216.25,22239.3,21873.8,21911.15,0
1596095100000,21912.65,21955.7,21580.15,21671.2,0
1596102300000,21673.35,21679.8,21601.35,21652.95,0
1596167100000,21731.3,21806.95,21375.0,21527.4,0
1596174300000,21528.35,21636.25,21434.5,21615.25,0
1596181500000,21612.15,21732.7,21464.3,21630.7,0
1596188700000,21630.2,21666.2,21605.35,21656.0,0
1596426300000,21513.05,21537.75,21244.0,21309.15,0
1596433500000,21310.4,21325.45,21081.15,21112.4,0
1596440700000,21113.95,21184.15,21031.45,21080.8,0
1596447900000,21080.1,21138.35,21065.0,21132.6,0
1596512700000,21252.45,21451.65,21057.75,21376.15,0
1596519900000,21378.6,21471.55,21333.9,21428.15,0
1596527100000,21430.15,21576.35,21387.45,21496.45,0
1596534300000,21498.1,21501.15,21462.65,21487.2,0
1596599100000,21692.6,21936.5,21645.45,21891.35,0
1596606300000,21893.25,21893.25,21448.45,21598.45,0
1596613500000,21595.05,21651.55,21448.4,21508.65,0
1596620700000,21508.0,21563.75,21499.55,21556.3,0
1596685500000,21648.2,21679.1,21461.0,21530.45,0
1596692700000,21526.9,21890.6,21370.3,21855.5,0
1596699900000,21853.95,21926.55,21496.05,21653.1,0
1596707100000,21653.5,21667.05,21615.05,21666.75,0
1596771900000,21574.5,21665.0,21451.3,21562.35,0
1596779100000,21561.85,21747.1,21551.55,21650.0,0
1596786300000,21652.0,21787.25,21602.3,21755.6,0
1596793500000,21753.5,21782.4,21743.85,21762.0,0
1597031100000,21835.0,22071.95,21810.9,21987.0,0
1597038300000,21983.3,22013.4,21919.2,21973.55,0
1597045500000,21970.9,22037.55,21795.1,21888.6,0
1597052700000,21887.45,21935.5,21871.05,21927.15,0
1597117500000,22070.25,22239.05,22047.45,22086.4,0
1597124700000,22087.55,22134.75,22039.85,22118.35,0
1597131900000,22117.0,22277.6,22092.1,22220.4,0
1597139100000,22221.7,22256.05,22217.1,22244.7,0
1597203900000,22138.1,22207.9,21990.2,22181.65,0
1597211100000,22182.55,22326.55,22156.0,22297.3,0
1597218300000,22296.25,22310.65,22184.35,22275.6,0
1597225500000,22276.7,22280.9,22224.75,22244.45,0
1597290300000,22370.4,22439.95,22334.7,22412.95,0
1597297500000,22411.5,22432.2,22176.45,22272.15,0
1597304700000,22271.55,22317.4,22139.6,22187.55,0
1597311900000,22187.7,22230.15,22186.05,22225.65,0
1597376700000,22314.25,22327.9,22082.6,22167.1,0
1597383900000,22166.4,22245.65,22139.3,22142.05,0
1597391100000,22143.4,22159.65,21459.1,21691.85,0
1597398300000,21692.95,21732.9,21671.25,21695.65,0
1597635900000,21909.4,21909.4,21486.05,21583.95,0
1597643100000,21582.95,21643.7,21538.8,21588.65,0
1597650300000,21586.9,21731.8,21403.15,21695.8,0
1597657500000,21695.6,21760.6,21694.1,21755.2,0
1597722300000,21709.65,21857.2,21629.4,21809.3,0
1597729500000,21809.2,21849.4,21767.75,21818.55,0
1597736700000,21818.65,22227.75,21797.9,22171.3,0
1597743900000,22170.95,22188.9,22149.05,22159.7,0
1597808700000,22324.55,22410.75,22266.1,22331.4,0
1597815900000,22332.3,22387.05,22263.15,22355.05,0
1597823100000,22354.3,22419.35,22234.25,22270.05,0
1597830300000,22274.8,22313.1,22264.55,22295.7,0
1597895100000,21999.2,22059.55,21931.85,22014.4,0
1597902300000,22014.15,22079.9,21886.7,21955.25,0
1597909500000,21959.6,22056.6,21901.6,21991.0,0
1597916700000,21989.3,21999.55,21968.3,21980.65,0
1597981500000,22198.65,22340.7,22165.05,22265.1,0
1597988700000,22264.85,22309.75,22220.4,22267.4,0
1597995900000,22267.75,22343.4,22257.15,22304.2,0
1598003100000,22304.3,22344.05,22293.5,22317.7,0
1598240700000,22461.35,22714.85,22410.05,22678.35,0
1598247900000,22679.0,22849.65,22663.4,22831.2,0
1598255100000,22833.95,22897.5,22763.3,22848.35,0
1598262300000,22848.15,22848.15,22794.9,22811.2,0
1598327100000,22948.35,23125.7,22857.9,23003.1,0
1598334300000,23000.4,23089.55,22963.25,23063.9,0
1598341500000,23063.2,23180.3,22906.1,23087.85,0
1598348700000,23085.9,23128.35,23085.45,23102.9,0
1598413500000,23186.1,23323.45,23093.15,23268.6,0
1598420700000,23267.0,23287.3,23172.45,23240.0,0
1598427900000,23241.8,23426.4,23198.4,23391.6,0
1598435100000,23390.65,23453.4,23390.1,23437.8,0
1598499900000,23516.3,23651.6,23464.15,23602.95,0
1598507100000,23602.55,23704.05,23589.2,23660.55,0
1598514300000,23660.75,23684.25,23554.5,23591.45,0
1598521500000,23590.05,23640.75,23568.1,23635.8,0
1598586300000,23643.75,24213.8,23599.2,24186.7,0
1598593500000,24187.85,24438.75,24169.05,24227.5,0
1598600700000,24227.2,24542.65,24210.2,24510.8,0
1598607900000,24507.9,24611.8,24493.15,24577.0,0
1598845500000,24963.0,25232.6,24303.0,24311.8,0
1598852700000,24310.35,24348.85,23834.05,23906.8,0
1598859900000,23901.05,23903.25,23385.3,23795.95,0
1598867100000,23788.9,23912.85,23646.25,23668.75,0
1598931900000,23898.95,24199.65,23572.5,23586.1,0
1598939100000,23583.65,24115.8,23473.15,24057.85,0
1598946300000,24055.4,24094.95,23531.65,23878.55,0
1598953500000,23881.6,23893.75,23832.05,23847.4,0
1599018300000,23837.45,23866.95,23503.1,23621.95,0
1599025500000,23619.8,23737.0,23500.15,23588.9,0
1599032700000,23586.6,23926.15,23482.55,23861.2,0
1599039900000,23862.25,23914.0,23843.05,23879.4,0
1599104700000,23986.75,24051.6,23720.05,23766.4,0
1599111900000,23766.85,23781.35,23598.3,23708.1,0
1599119100000,23709.65,23755.0,23505.5,23512.15,0
1599126300000,23509.9,23580.1,23451.65,23576.25,0
1599191100000,23124.35,23247.15,22876.9,23105.95,0
1599198300000,23106.5,23372.55,23061.25,23329.85,0
1599205500000,23328.05,23394.8,22881.1,23039.8,0
1599212700000,23045.05,23084.2,22999.05,23084.2,0
1599450300000,23037.8,23109.1,22776.55,22987.95,0
1599457500000,22989.0,23056.55,22915.75,22996.0,0
1599464700000,22994.5,23066.3,22716.25,22961.9,0
1599471900000,22959.75,23020.65,22944.75,22979.8,0
1599536700000,22972.7,23044.8,22807.95,22975.35,0
1599543900000,22974.4,23064.15,22911.55,22961.95,0
1599551100000,22961.75,23018.6,22715.35,22774.15,0
1599558300000,22777.05,22793.2,22641.4,22664.5,0
1599623100000,22494.05,22554.6,22226.85,22270.45,0
1599630300000,22271.2,22302.2,22091.7,22182.7,0
1599637500000,22183.25,22304.95,22080.4,22284.45,0
1599644700000,22287.3,22323.45,22273.85,22293.85,0
1599709500000,22478.55,22628.55,22372.7,22581.85,0
1599716700000,22583.45,22678.65,22434.0,22435.85,0
1599723900000,22436.85,22507.0,22225.25,22488.05,0
1599731100000,22486.25,22501.5,22453.55,22490.7,0
1599795900000,22475.8,22668.75,22327.1,22410.7,0
1599803100000,22411.0,22437.7,22225.55,22261.45,0
1599810300000,22257.45,22512.1,22205.95,22492.0,0
1599817500000,22494.6,22518.85,22462.35,22509.35,0
1600055100000,22693.85,22757.3,22532.85,22585.05,0
1600062300000,22582.75,22640.95,22432.45,22457.1,0
1600069500000,22458.35,22459.25,22035.9,22110.4,0
1600076700000,22110.9,22118.9,22028.15,22091.15,0
1600141500000,22218.85,22337.1,22062.35,22164.8,0
1600148700000,22164.45,22324.6,22148.0,22188.05,0
1600155900000,22188.0,22502.5,22114.35,22454.8,0
1600163100000,22453.25,22514.15,22431.5,22512.35,0
1600227900000,22470.45,22507.55,22315.2,22332.15,0
1600235100000,22331.3,22435.4,22216.5,22396.95,0
1600242300000,22397.95,22659.4,22348.5,22571.1,0
1600249500000,22569.65,22582.25,22539.25,22545.15,0
1600314300000,22358.5,22504.45,22292.95,22452.2,0
1600321500000,22452.05,22452.45,22306.85,22339.25,0
1600328700000,22338.55,22449.5,22267.05,22328.65,0
1600335900000,22328.6,22344.9,22313.05,22324.45,0
1600400700000,22451.8,22469.4,22264.8,22288.3,0
1600407900000,22285.05,22358.3,22255.9,22317.7,0
1600415100000,22315.25,22365.05,21784.9,22052.55,0
1600422300000,22052.3,22099.05,22012.7,22063.4,0
1600659900000,21983.75,22098.85,21862.4,21935.2,0
1600667100000,21934.9,22008.0,21812.2,21835.2,0
1600674300000,21833.7,21857.65,21358.0,21409.55,0
1600681500000,21409.0,21424.45,21274.3,21292.75,0
1600746300000,21457.5,21473.35,21139.65,21247.0,0
1600753500000,21251.6,21377.75,21152.45,21259.55,0
1600760700000,21261.45,21412.35,20958.45,21174.05,0
1600767900000,21175.6,21212.8,21128.05,21188.35,0
1600832700000,21360.4,21365.05,21130.5,21234.3,0
1600839900000,21235.9,21281.45,21045.05,21119.8,0
1600847100000,21119.55,21222.0,20821.0,21191.75,0
1600854300000,21189.65,21248.6,21163.25,21247.3,0
1600919100000,20935.75,20955.6,20764.25,20794.7,0
1600926300000,20791.75,20840.5,20698.1,20807.0,0
1600933500000,20805.8,20834.35,20440.95,20451.35,0
1600940700000,20452.7,20480.0,20404.9,20475.15,0
1601005500000,20685.3,20719.85,20430.7,20583.7,0
1601012700000,20583.45,20905.4,20507.75,20797.9,0
1601019900000,20794.5,21064.3,20705.4,21002.55,0
1601027100000,21004.0,21009.95,20932.45,20934.25,0
1601264700000,21156.3,21527.1,21055.1,21494.65,0
1601271900000,21495.45,21623.6,21419.65,21607.1,0
1601279100000,21609.5,21686.9,21567.45,21654.9,0
1601286300000,21650.95,21708.85,21633.3,21704.4,0
1601351100000,21775.45,21811.5,21296.9,21330.4,0
1601358300000,21332.4,21469.9,21299.35,21343.15,0
1601365500000,21346.8,21580.8,21280.6,21425.95,0
1601372700000,21423.8,21468.35,21412.7,21436.15,0
1601437500000,21426.5,21472.85,21128.5,21382.2,0
1601444700000,21382.85,21413.9,21218.0,21339.5,0
1601451900000,21340.6,21549.35,21277.85,21459.4,0
1601459100000,21459.05,21486.65,21407.5,21416.85,0
1601523900000,21709.5,22099.55,21664.15,22051.45,0
1601531100000,22051.5,22128.95,22023.6,22057.05,0
1601538300000,22056.8,22293.75,22015.75,22288.7,0
1601545500000,22286.95,22288.15,22215.4,22234.55,0
1601869500000,22381.85,22768.55,22347.8,22710.5,0
1601876700000,22710.8,22752.95,22381.2,22404.85,0
1601883900000,22409.05,22506.45,22247.25,22374.2,0
1601891100000,22373.2,22394.35,22354.3,22370.6,0
1601955900000,22687.25,22786.9,22521.05,22644.4,0
1601963100000,22644.2,22723.95,22592.0,22634.2,0
1601970300000,22634.35,22876.35,22558.7,22842.15,0
1601977500000,22844.45,22893.5,22831.45,22836.8,0
1602042300000,22811.05,22998.6,22607.8,22827.85,0
1602049500000,22828.25,23015.95,22757.25,22881.35,0
1602056700000,22883.75,23036.2,22822.85,22951.45,0
1602063900000,22950.95,23000.05,22944.5,22958.65,0
1602128700000,23083.7,23360.7,23083.7,23350.05,0
1602135900000,23350.5,23379.9,23294.7,23354.25,0
1602143100000,23354.4,23450.9,23063.6,23181.15,0
1602150300000,23183.5,23212.0,23167.0,23171.95,0
1602215100000,23313.75,23805.0,23132.45,23778.55,0
1602222300000,23777.7,23795.6,23586.15,23640.35,0
1602229500000,23638.95,23876.0,23541.15,23840.15,0
1602236700000,23839.0,23904.1,23820.15,23888.1,0
1602474300000,23973.4,24190.35,23807.4,23871.3,0
1602481500000,23872.55,23943.4,23683.4,23759.05,0
1602488700000,23758.6,23806.2,23552.6,23706.3,0
1602495900000,23705.7,23740.7,23697.9,23706.9,0
1602560700000,23638.1,23775.15,23432.95,23691.95,0
1602567900000,23693.0,23743.7,23466.3,23546.2,0
1602575100000,23549.65,23587.45,23448.1,23506.0,0
1602582300000,23508.9,23517.35,23431.5,23443.6,0
1602647100000,23379.35,23379.35,23179.7,23233.75,0
1602654300000,23232.55,23369.9,23149.45,23249.25,0
1602661500000,23249.05,23892.9,23196.95,23858.3,0
1602668700000,23857.6,23962.7,23835.85,23858.65,0
1602733500000,23920.6,24087.85,23639.6,23924.75,0
1602740700000,23923.25,23935.2,23657.95,23693.5,0
1602747900000,23694.6,23755.6,23000.35,23004.45,0
1602755100000,23002.5,23072.4,22970.95,23035.5,0
1602819900000,23240.6,23423.6,23148.95,23308.3,0
1602827100000,23308.4,23623.95,23231.5,23548.1,0
1602834300000,23547.35,23646.2,23421.45,23546.05,0
1602841500000,23548.4,23550.85,23478.35,23528.4,0
1603079100000,23806.45,24200.0,23754.85,24043.4,0
1603086300000,24044.95,24178.95,23962.15,24170.95,0
1603093500000,24171.7,24320.95,24100.7,24280.7,0
1603100700000,24279.75,24291.85,24219.95,24227.8,0
1603165500000,24158.3,24379.35,24039.85,24348.7,0
1603172700000,24348.4,24410.9,24217.5,24280.9,0
1603179900000,24279.15,24364.0,24239.2,24323.9,0
1603187100000,24324.85,24324.85,24281.5,24303.95,0
1603251900000,24468.25,24819.0,24433.1,24805.1,0
1603259100000,24803.25,24823.6,24701.5,24764.7,0
1603266300000,24766.25,24767.2,24099.85,24663.55,0
1603273500000,24665.75,24705.2,24636.9,24642.7,0
1603338300000,24469.7,24691.15,24357.2,24629.3,0
1603345500000,24629.5,24635.65,24361.8,24540.8,0
1603352700000,24544.7,24610.65,24250.2,24471.0,0
1603359900000,24473.3,24536.5,24471.4,24479.3,0
1603424700000,24676.35,24764.15,24395.55,24449.65,0
1603431900000,24448.05,24560.2,24360.85,24521.75,0
1603439100000,24523.2,24582.4,24418.5,24488.05,0
1603446300000,24488.25,24489.9,24450.6,24473.95,0
1603683900000,24577.3,24577.3,24354.0,24433.95,0
1603691100000,24433.35,24435.2,23890.55,23977.55,0
1603698300000,23974.55,24110.25,23867.75,24081.75,0
1603705500000,24082.3,24136.65,24055.85,24101.55,0
1603770300000,24313.4,24426.15,23924.2,24340.45,0
1603777500000,24335.15,24617.6,24260.3,24597.25,0
1603784700000,24594.5,24809.65,24545.4,24761.9,0
1603791900000,24760.35,24785.05,24727.05,24776.6,0
1603856700000,24655.6,24780.7,24383.45,24423.05,0
1603863900000,24424.9,24615.8,24146.15,24245.7,0
1603871100000,24245.45,24316.5,24057.95,24211.9,0
1603878300000,24213.6,24296.05,24205.65,24277.4,0
1603943100000,24075.8,24218.9,23923.85,24098.95,0
1603950300000,24102.5,24339.1,23903.15,23907.8,0
1603957500000,23895.35,24132.35,23822.05,24121.1,0
1603964700000,24120.75,24126.1,24079.6,24088.25,0
1604029500000,24102.2,24277.35,23950.15,23982.4,0
1604036700000,23979.15,24036.15,23612.7,23741.75,0
1604043900000,23740.55,23963.05,23719.25,23906.25,0
1604051100000,23905.55,23937.7,23883.4,23898.85,0
1604288700000,24282.05,24506.55,24120.6,24490.5,0
1604295900000,24490.1,24682.4,24477.55,24652.05,0
1604303100000,24652.5,25139.0,24617.2,24808.45,0
1604310300000,24808.05,24916.25,24771.95,24845.25,0
1604375100000,25132.3,25502.2,25085.7,25403.45,0
1604382300000,25406.65,25626.25,25354.5,25611.1,0
1604389500000,25608.95,25690.95,25473.2,25657.4,0
1604396700000,25658.1,25760.7,25648.25,25674.35,0
1604461500000,25582.9,25773.35,25356.25,25516.75,0
1604468700000,25517.95,25582.15,25224.15,25282.6,0
1604475900000,25283.75,25891.0,25142.0,25783.55,0
1604483100000,25782.7,25792.9,25642.8,25656.35,0
1604547900000,26179.65,26270.05,26000.05,26068.0,0
1604555100000,26070.3,26305.85,26067.6,26286.1,0
1604562300000,26287.2,26375.2,26159.05,26323.5,0
1604569500000,26326.0,26339.95,26304.1,26316.75,0
1604634300000,26307.35,26492.65,26135.3,26426.25,0
1604641500000,26424.05,26807.85,26381.65,26778.8,0
1604648700000,26779.85,26826.45,26525.2,26799.55,0
1604655900000,26796.6,26853.45,26758.25,26768.1,0
1604893500000,27095.9,27452.95,27068.95,27258.85,0
1604900700000,27259.6,27335.95,27103.85,27326.95,0
1604907900000,27325.0,27558.4,27276.65,27538.45,0
1604915100000,27537.15,27595.0,27512.55,27582.25,0
1604979900000,28051.25,28448.15,27916.9,28380.45,0
1604987100000,28381.1,28735.6,28293.7,28701.3,0
1604994300000,28703.6,28802.5,28287.0,28588.1,0
1605001500000,28586.55,28635.65,28566.1,28603.5,0
1605066300000,28669.45,29030.9,28582.55,28650.8,0
1605073500000,28650.0,28756.1,28349.55,28351.2,0
1605080700000,28342.55,28887.8,28211.1,28835.05,0
1605087900000,28834.1,28898.4,28834.1,28886.8,0
1605152700000,28637.85,28672.9,28286.3,28438.65,0
1605159900000,28438.85,28509.15,28211.4,28330.55,0
1605167100000,28331.6,28354.6,28066.05,28293.95,0
1605174300000,28293.6,28320.1,28264.75,28285.9,0
1605239100000,28112.45,28240.45,27703.3,28111.95,0
1605246300000,28113.1,28241.0,27958.2,28211.15,0
1605253500000,28210.6,28520.55,28119.45,28476.1,0
1605260700000,28475.6,28510.3,28432.05,28466.0,0
1605357000000,28685.7,28752.45,28431.85,28594.3,0
1605584700000,28807.0,29124.35,28722.9,28836.8,0
1605591900000,28834.1,28971.5,28781.1,28890.7,0
1605599100000,28892.25,29188.2,28870.3,29170.25,0
1605606300000,29170.0,29239.25,29148.1,29216.65,0
1605671100000,29120.75,29473.0,29056.75,29351.65,0
1605678300000,29352.7,29525.1,29281.2,29484.45,0
1605685500000,29484.0,29784.75,29460.9,29760.85,0
1605692700000,29760.95,29776.2,29719.85,29738.6,0
1605757500000,29343.15,29627.2,29285.5,29468.45,0
1605764700000,29468.3,29570.8,29368.15,29435.3,0
1605771900000,29436.2,29466.1,28828.1,28915.1,0
1605779100000,28912.6,28925.45,28819.55,28837.65,0
1605843900000,28946.0,29128.75,28622.2,28627.05,0
1605851100000,28620.4,29077.55,28580.9,29029.7,0
1605858300000,29030.6,29406.7,28808.3,29261.5,0
1605865500000,29262.05,29267.45,29137.95,29150.35,0
1606103100000,29412.7,29492.3,28852.9,28975.55,0
1606110300000,28975.65,29240.1,28952.2,29062.75,0
1606117500000,29062.45,29386.7,28978.8,29038.9,0
1606124700000,29042.7,29051.95,28965.4,29031.45,0
1606189500000,29278.65,29635.7,29206.75,29569.3,0
1606196700000,29568.25,29632.35,29432.55,29518.75,0
1606203900000,29519.6,29756.95,29465.95,29728.4,0
1606211100000,29728.95,29827.8,29719.4,29802.55,0
1606275900000,30026.4,30197.85,29625.7,29651.4,0
1606283100000,29654.15,29796.7,29470.8,29776.2,0
1606290300000,29779.1,29788.6,29132.3,29187.2,0
1606297500000,29191.0,29247.2,29148.5,29196.65,0
1606362300000,29373.55,29396.1,29002.15,29159.7,0
1606369500000,29158.15,29404.3,28923.1,29353.8,0
1606376700000,29355.15,29623.0,29227.6,29548.8,0
1606383900000,29547.5,29611.25,29535.55,29603.2,0
1606448700000,29623.7,29716.85,29400.15,29475.3,0
1606455900000,29476.05,29691.95,29414.25,29530.9,0
1606463100000,29528.5,29644.15,29368.7,29620.15,0
1606470300000,29618.6,29653.9,29563.8,29584.55,0
1606794300000,29767.35,29889.45,29511.0,29838.05,0
1606801500000,29836.8,29854.1,29666.45,29757.5,0
1606808700000,29758.5,29919.75,29676.95,29805.2,0
1606815900000,29803.9,29856.85,29759.55,29786.35,0
1606880700000,29883.6,29886.25,29613.35,29650.7,0
1606887900000,29651.9,29668.0,29317.25,29373.35,0
1606895100000,29370.85,29539.0,29149.9,29463.95,0
1606902300000,29470.5,29474.5,29413.45,29431.3,0
1606967100000,29746.25,29813.0,29540.85,29735.05,0
1606974300000,29738.0,29741.55,29414.95,29490.55,0
1606981500000,29490.95,29616.15,29379.4,29438.3,0
1606988700000,29440.1,29493.9,29421.4,29484.35,0
1607053500000,29613.45,29980.4,29527.95,29807.05,0
1607060700000,29805.5,29826.4,29473.5,29656.75,0
1607067900000,29659.35,30064.6,29595.15,30037.8,0
1607075100000,30036.35,30162.3,30024.8,30138.3,0
1607312700000,30077.9,30195.4,29950.6,30005.5,0
1607319900000,30000.15,30333.1,29980.45,30303.95,0
1607327100000,30306.05,30354.2,30082.6,30202.4,0
1607334300000,30201.1,30238.05,30174.15,30189.2,0
1607399100000,30304.65,30335.5,30076.0,30177.55,0
1607406300000,30177.7,30337.25,30025.2,30245.35,0
1607413500000,30244.3,30363.8,30196.85,30251.45,0
1607420700000,30246.3,30289.65,30222.25,30237.4,0
1607485500000,30362.9,30475.55,30326.7,30447.65,0
1607492700000,30447.7,30550.75,30427.9,30528.5,0
1607499900000,30526.2,30807.25,30512.55,30724.2,0
1607507100000,30722.55,30742.85,30676.55,30695.2,0
1607571900000,30549.2,30610.0,30346.5,30454.6,0
1607579100000,30453.8,30461.4,30271.15,30366.0,0
1607586300000,30365.5,30586.6,30202.1,30469.85,0
1607593500000,30471.7,30528.5,30471.25,30514.9,0
1607658300000,30589.95,30811.8,30526.7,30658.0,0
1607665500000,30660.5,30742.1,30511.75,30649.6,0
1607672700000,30648.6,30677.1,30328.45,30617.85,0
1607679900000,30618.65,30665.95,30590.2,30600.8,0
1607917500000,30741.65,30845.8,30659.55,30698.55,0
1607924700000,30699.1,30822.45,30624.25,30812.95,0
1607931900000,30815.8,30833.3,30704.65,30746.6,0
1607939100000,30749.7,30768.75,30728.65,30746.05,0
1608003900000,30805.85,30805.85,30345.75,30422.1,0
1608011100000,30422.65,30575.1,30408.5,30559.9,0
1608018300000,30560.0,30728.65,30494.55,30689.35,0
1608025500000,30688.8,30712.25,30662.5,30662.5,0
1608090300000,30932.25,30932.25,30734.9,30769.95,0
1608097500000,30770.05,30812.5,30587.1,30683.65,0
1608104700000,30682.55,30815.15,30651.3,30708.25,0
1608111900000,30704.35,30715.1,30658.85,30667.7,0
1608176700000,30740.2,30806.6,30643.9,30790.6,0
1608183900000,30789.75,30945.2,30750.15,30902.4,0
1608191100000,30904.3,30936.95,30764.85,30855.8,0
1608198300000,30854.5,30859.6,30804.45,30835.95,0
1608263100000,30854.05,30854.05,30374.5,30548.35,0
1608270300000,30549.7,30610.85,30458.45,30511.75,0
1608277500000,30510.95,30793.9,30477.4,30733.75,0
1608284700000,30733.8,30739.55,30652.45,30652.45,0
1608522300000,30607.5,30607.5,30291.8,30442.55,0
1608529500000,30441.45,30501.95,30109.7,30197.05,0
1608536700000,30198.0,30238.45,29201.2,29480.45,0
1608543900000,29481.3,29509.25,29313.8,29332.3,0
1608608700000,29625.55,29707.55,29106.9,29237.9,0
1608615900000,29236.0,29378.7,28976.75,29238.45,0
1608623100000,29237.1,29711.15,29236.4,29640.2,0
1608630300000,29639.35,29658.5,29596.5,29633.85,0
1608695100000,29524.25,29852.95,29446.0,29764.8,0
1608702300000,29763.4,29881.2,29655.45,29777.2,0
1608709500000,29779.9,29889.9,29754.85,29877.15,0
1608716700000,29879.8,29941.4,29860.6,29933.95,0
1608781500000,30083.65,30436.0,30007.8,30300.7,0
1608788700000,30299.9,30391.35,30262.25,30327.9,0
1608795900000,30326.1,30545.85,30264.75,30396.5,0
1608803100000,30398.45,30406.65,30354.25,30374.7,0
1609127100000,30567.25,30798.7,30538.15,30717.1,0
1609134300000,30717.55,30863.4,30707.85,30831.25,0
1609141500000,30833.35,30929.05,30789.95,30859.3,0
1609148700000,30861.8,30922.4,30852.3,30916.45,0
1609213500000,31029.9,31319.9,31002.6,31159.6,0
1609220700000,31154.9,31308.1,31093.85,31305.15,0
1609227900000,31307.9,31352.05,31222.4,31303.55,0
1609235100000,31305.55,31359.35,31298.3,31349.6,0
1609299900000,31485.35,31510.25,31113.05,31185.85,0
1609307100000,31184.1,31233.2,31007.15,31119.2,0
1609314300000,31119.5,31358.05,31091.85,31304.25,0
1609321500000,31301.1,31321.55,31241.05,31259.25,0
1609386300000,31308.8,31377.7,31088.1,31272.85,0
1609393500000,31272.5,31338.0,31142.8,31298.65,0
1609400700000,31298.75,31409.5,31213.2,31246.55,0
1609407900000,31250.15,31270.85,31208.5,31237.8,0
1609472700000,31279.85,31384.35,31243.6,31292.55,0
1609479900000,31291.6,31346.95,31221.7,31273.8,0
1609487100000,31271.65,31320.6,31205.0,31227.05,0
1609494300000,31229.45,31269.95,31188.25,31211.1,0
1609731900000,31430.35,31489.6,30893.65,31100.95,0
1609739100000,31103.05,31233.9,31050.8,31179.1,0
1609746300000,31175.45,31257.35,31034.25,31189.95,0
1609753500000,31188.75,31277.2,31181.55,31275.15,0
1609818300000,31048.95,31350.3,30935.55,31324.45,0
1609825500000,31323.25,31434.6,31291.6,31335.7,0
1609832700000,31336.65,31754.75,31268.75,31719.95,0
1609839900000,31723.35,31767.65,31682.1,31705.6,0
1609904700000,31850.75,31909.75,31747.15,31867.45,0
1609911900000,31869.75,31982.3,31788.4,31905.55,0
1609919100000,31904.8,31974.85,31548.15,31808.2,0
1609926300000,31806.35,31839.1,31711.5,31739.4,0
1609991100000,32080.7,32147.8,31950.9,32034.35,0
1609998300000,32032.35,32177.4,32007.7,32163.8,0
1610005500000,32160.1,32164.1,31911.5,31953.1,0
1610012700000,31956.25,31989.65,31920.6,31971.5,0
1610077500000,32225.25,32261.85,32070.5,32138.1,0
1610084700000,32136.9,32201.7,32087.1,32137.8,0
1610091900000,32134.25,32166.25,32002.95,32088.65,0
1610099100000,32089.75,32123.35,32062.45,32078.15,0
1610336700000,32288.45,32288.45,31836.95,31923.4,0
1610343900000,31922.65,32057.5,31842.05,31985.95,0
1610351100000,31982.35,32074.4,31899.6,31995.15,0
1610358300000,31996.8,32047.2,31982.8,32016.05,0
1610423100000,31880.6,31941.45,31725.85,31904.9,0
1610430300000,31905.65,32368.5,31874.9,32320.55,0
1610437500000,32318.5,32397.95,32246.2,32346.65,0
1610444700000,32347.35,32353.85,32284.25,32353.85,0
1610509500000,32556.45,32683.5,32413.6,32514.2,0
1610516700000,32513.45,32543.7,32287.05,32411.9,0
1610523900000,32414.7,32629.4,32148.25,32602.65,0
1610531100000,32602.5,32609.05,32502.7,32554.85,0
1610595900000,32603.2,32718.95,32478.95,32607.1,0
1610603100000,32605.5,32660.15,32556.05,32600.75,0
1610610300000,32602.0,32604.35,32442.35,32497.0,0
1610617500000,32497.65,32582.3,32490.15,32569.6,0
1610682300000,32485.85,32544.8,32156.8,32220.55,0
1610689500000,32221.75,32421.2,32088.75,32317.65,0
1610696700000,32317.0,32378.5,32044.35,32235.25,0
1610703900000,32234.55,32287.45,32232.3,32255.95,0
1610941500000,32291.1,32441.5,32067.0,32165.05,0
1610948700000,32162.7,32192.75,31809.25,31894.8,0
1610955900000,31897.7,32171.3,31812.5,31824.65,0
1610963100000,31820.85,31855.7,31650.9,31678.55,0
1611027900000,32026.35,32145.15,31863.95,32027.75,0
1611035100000,32027.7,32235.0,32019.5,32185.05,0
1611042300000,32188.7,32464.95,32144.2,32436.95,0
1611049500000,32437.6,32445.9,32376.9,32437.2,0
1611114300000,32456.7,32582.05,32322.9,32558.2,0
1611121500000,32558.3,32598.9,32357.1,32461.5,0
1611128700000,32461.95,32607.45,32414.65,32537.25,0
1611135900000,32534.5,32553.3,32494.1,32496.95,0
1611200700000,32746.35,32746.35,32634.55,32731.2,0
1611207900000,32731.75,32842.3,32658.95,32790.15,0
1611215100000,32791.0,32807.75,31985.55,32147.2,0
1611222300000,32150.55,32302.9,32121.8,32291.05,0
1611287100000,32120.3,32131.4,31662.65,31743.5,0
1611294300000,31746.7,31749.3,31256.45,31272.75,0
1611301500000,31273.45,31435.1,31119.9,31177.55,0
1611308700000,31176.05,31216.9,31131.95,31177.95,0
1611546300000,31524.2,31697.55,31013.65,31631.5,0
1611553500000,31635.3,31648.2,31328.4,31570.9,0
1611560700000,31572.05,31623.25,31037.0,31246.35,0
1611567900000,31249.65,31265.55,31133.75,31183.9,0
1611719100000,31113.55,31287.05,30800.35,31088.7,0
1611726300000,31086.8,31190.85,30625.45,30665.0,0
1611733500000,30664.95,30709.2,30165.65,30280.2,0
1611740700000,30280.7,30346.95,30272.15,30295.75,0
1611805500000,29931.7,30138.8,29691.65,30002.95,0
1611812700000,29998.95,30128.4,29687.7,29753.6,0
1611819900000,29750.3,30403.9,29749.95,30394.85,0
1611827100000,30404.65,30464.4,30343.8,30347.55,0
1611891900000,30732.5,30732.5,30254.55,30538.8,0
1611899100000,30533.6,30628.55,30397.3,30514.55,0
1611906300000,30516.35,31111.95,30433.7,30571.9,0
1611913500000,30573.1,30660.65,30488.1,30612.8,0
1612151100000,30987.05,31332.9,30906.45,31213.3,0
1612158300000,31210.45,32542.55,31192.15,32303.95,0
1612165500000,32315.85,33131.15,32301.05,33051.75,0
1612172700000,33045.45,33305.3,32990.8,33269.1,0
1612237500000,33637.65,34652.5,33583.15,34104.55,0
1612244700000,34110.2,34212.25,33700.1,34126.0,0
1612251900000,34129.3,34429.1,33952.85,34228.5,0
1612259100000,34231.6,34327.1,34166.4,34315.3,0
1612323900000,34492.0,34682.85,34011.9,34573.7,0
1612331100000,34571.9,34829.95,34525.85,34765.3,0
1612338300000,34767.55,34908.05,34583.2,34770.85,0
1612345500000,34771.0,34807.55,34682.7,34696.45,0
1612410300000,34552.55,34591.95,34238.9,34530.9,0
1612417500000,34532.35,35062.1,34522.0,34893.55,0
1612424700000,34896.4,35413.15,34796.05,35307.5,0
1612431900000,35309.6,35363.2,35287.85,35322.35,0
1612496700000,35754.65,36615.2,35611.25,36151.75,0
1612503900000,36152.65,36264.5,35722.25,35737.1,0
1612511100000,35738.6,35979.1,35545.0,35607.3,0
1612518300000,35611.95,35763.25,35580.55,35753.85,0
1612755900000,36086.7,36466.45,36021.1,36262.8,0
1612763100000,36261.45,36288.65,35872.25,36123.25,0
1612770300000,36118.95,36246.5,35913.35,36007.5,0
1612777500000,36008.7,36033.85,35937.5,35995.5,0
1612842300000,36075.35,36271.0,35636.85,36226.35,0
1612849500000,36224.5,36389.05,36202.7,36349.85,0
1612856700000,36351.65,36477.15,35921.1,36080.4,0
1612863900000,36078.55,36135.45,35991.15,35996.65,0
1612928700000,36074.05,36227.2,35708.85,35879.2,0
1612935900000,35879.65,36045.8,35813.7,35843.15,0
1612943100000,35840.9,35884.2,35428.15,35774.25,0
1612950300000,35770.7,35907.3,35770.7,35901.65,0
1613015100000,35707.2,36009.45,35676.1,35742.85,0
1613022300000,35744.25,35926.55,35626.25,35749.45,0
1613029500000,35747.25,35842.05,35573.3,35751.85,0
1613036700000,35753.3,35800.4,35743.1,35789.05,0
1613101500000,35764.7,36171.4,35700.25,36136.7,0
1613108700000,36143.55,36315.0,36027.35,36290.85,0
1613115900000,36291.85,36322.8,35931.2,36093.85,0
1613123100000,36093.75,36174.5,36090.05,36124.2,0
1613360700000,36508.95,36837.35,36405.1,36828.55,0
1613367900000,36826.6,37012.65,36740.9,36970.7,0
1613375100000,36972.35,37308.6,36901.5,37280.05,0
1613382300000,37278.6,37449.9,37244.35,37426.55,0
1613447100000,37549.75,37708.75,37191.7,37264.7,0
1613454300000,37263.15,37284.1,36820.95,36882.4,0
1613461500000,36884.9,37152.35,36762.75,37093.3,0
1613468700000,37096.3,37168.0,37049.15,37127.45,0
1613533500000,37065.65,37331.45,36764.25,37253.2,0
1613540700000,37255.4,37316.15,36915.7,36991.4,0
1613547900000,36993.2,37049.25,36791.45,36936.8,0
1613555100000,36933.0,36948.25,36839.9,36864.55,0
1613619900000,37108.75,37108.75,36737.6,36853.0,0
1613627100000,36852.65,36865.1,36445.1,36539.4,0
1613634300000,36540.0,36667.15,36367.45,36594.9,0
1613641500000,36595.65,36616.1,36558.85,36610.6,0
1613706300000,36395.5,36656.2,36124.4,36388.35,0
1613713500000,36400.6,36505.65,36206.1,36273.35,0
1613720700000,36271.55,36274.1,35584.6,35940.35,0
1613727900000,35938.75,35998.45,35805.85,35928.7,0
1613965500000,35842.75,36128.9,35651.85,35693.85,0
1613972700000,35693.6,35745.5,35350.2,35451.95,0
1613979900000,35453.8,35522.2,35097.55,35281.5,0
1613987100000,35284.1,35315.15,35137.35,35165.5,0
1614051900000,35544.1,35680.85,35149.45,35499.55,0
1614059100000,35501.4,35533.65,34976.0,35320.8,0
1614066300000,35310.05,35339.95,35025.95,35173.9,0
1614073500000,35169.8,35169.8,35082.4,35123.95,0
1614138300000,35211.3,35641.05,35060.65,35626.6,0
1614159900000,35691.7,36567.65,35546.5,36538.55,0
1614224700000,36779.5,37232.2,36699.35,37038.35,0
1614231900000,37039.75,37087.65,36688.25,36814.2,0
1614239100000,36811.5,36845.95,36504.3,36558.2,0
1614246300000,36558.75,36569.3,36494.0,36544.45,0
1614311100000,35902.9,35902.9,35102.25,35220.8,0
1614318300000,35223.8,35223.8,34677.25,34799.7,0
1614325500000,34798.25,35232.35,34733.05,34864.7,0
1614332700000,34866.95,34870.45,34658.7,34849.4,0
1614570300000,35375.15,35581.1,35011.25,35452.15,0
1614577500000,35452.3,35470.95,34983.75,35287.05,0
1614584700000,35289.55,35445.85,35152.95,35302.35,0
1614591900000,35303.55,35360.7,35276.55,35339.25,0
1614656700000,35484.65,35747.05,35163.55,35173.3,0
1614663900000,35168.95,35329.15,35050.1,35140.9,0
1614671100000,35134.55,35512.85,35002.45,35503.75,0
1614678300000,35496.0,35523.45,35450.45,35473.95,0
1614743100000,35762.55,36062.75,35570.55,35960.5,0
1614750300000,35958.1,36250.85,35923.0,36183.7,0
1614757500000,36179.0,36455.15,36178.45,36381.4,0
1614764700000,36382.45,36422.35,36333.3,36347.1,0
1614829500000,35684.3,35832.5,35519.25,35808.55,0
1614836700000,35807.65,36316.4,35774.1,36237.3,0
1614843900000,36237.15,36249.05,35707.75,35809.9,0
1614851100000,35812.7,35849.1,35762.3,35834.15,0
1614915900000,35522.5,35616.05,35135.25,35274.25,0
1614923100000,35277.0,35457.0,35215.35,35342.75,0
1614930300000,35342.5,35424.3,34893.25,35272.9,0
1614937500000,35271.85,35334.7,35226.1,35333.8,0
1615175100000,35429.8,35827.3,35094.7,35345.05,0
1615182300000,35341.4,35412.25,35142.5,35302.35,0
1615189500000,35302.7,35547.15,35090.75,35307.35,0
1615196700000,35312.8,35370.85,35294.2,35307.05,0
1615261500000,35718.55,35890.75,35590.8,35796.7,0
1615268700000,35795.05,36077.8,35665.95,35665.95,0
1615275900000,35665.65,35938.35,35544.95,35932.85,0
1615283100000,35934.45,35937.4,35839.35,35841.3,0
1615347900000,36128.4,36176.9,35871.1,35918.15,0
1615355100000,35917.1,35997.85,35764.35,35978.3,0
1615362300000,35979.25,36041.55,35838.35,35927.6,0
1615369500000,35928.55,35971.45,35923.3,35945.15,0
1615520700000,36295.7,36463.1,36163.1,36199.45,0
1615527900000,36202.3,36275.25,35988.2,36003.5,0
1615535100000,36002.45,36051.0,35188.05,35520.35,0
1615542300000,35521.5,35556.2,35444.55,35453.0,0
1615779900000,35483.0,35488.55,34513.1,34559.75,0
1615787100000,34561.4,34685.2,34430.65,34503.35,0
1615794300000,34504.0,35219.35,34472.7,35167.4,0
1615801500000,35171.8,35265.0,35167.4,35213.95,0
1615866300000,35405.05,35405.05,34948.35,35243.95,0
1615873500000,35245.8,35302.25,34877.95,34923.75,0
1615880700000,34929.65,35014.0,34744.6,34785.9,0
1615887900000,34789.9,34831.7,34761.4,34814.2,0
1615952700000,34944.95,34944.95,34629.75,34756.25,0
1615959900000,34755.7,35100.5,34572.4,34625.2,0
1615967100000,34625.05,34725.0,34148.65,34168.05,0
1615974300000,34166.3,34222.15,34131.5,34140.85,0
1616039100000,34594.0,34759.85,34407.15,34494.85,0
1616046300000,34495.2,34639.9,34145.4,34152.95,0
1616053500000,34151.9,34198.45,33597.55,33930.7,0
1616060700000,33928.15,33941.25,33854.8,33912.4,0
1616125500000,33616.6,34122.0,33361.0,34036.65,0
1616132700000,34031.9,34062.75,33479.3,33694.25,0
1616139900000,33691.5,34355.4,33637.35,34174.05,0
1616147100000,34175.05,34185.85,33986.1,34115.1,0
1616384700000,34094.75,34148.9,33732.95,33847.7,0
1616391900000,33847.4,33969.85,33414.15,33501.3,0
1616399100000,33499.4,33683.0,33389.15,33656.2,0
1616406300000,33659.65,33676.6,33567.6,33659.85,0
1616471100000,33757.9,34299.8,33658.5,34020.5,0
1616478300000,34019.7,34094.7,33622.0,33892.15,0
1616485500000,33899.8,34360.05,33798.7,34170.4,0
1616492700000,34170.85,34227.4,34117.75,34212.3,0
1616557500000,33940.75,33970.65,33421.75,33496.95,0
1616564700000,33497.9,33686.2,33376.75,33485.0,0
1616571900000,33487.25,33671.05,33203.4,33302.75,0
1616579100000,33306.05,33391.65,33277.6,33370.3,0
1616643900000,33449.65,33449.65,32753.35,32768.3,0
1616651100000,32768.55,32861.75,32415.25,32562.2,0
1616658300000,32557.4,33550.15,32547.55,32954.5,0
1616665500000,32954.3,33038.5,32895.6,33032.45,0
1616730300000,33610.65,33610.65,33227.15,33317.25,0
1616737500000,33314.05,33521.0,33192.9,33291.9,0
1616744700000,33295.0,33527.25,33171.25,33239.35,0
1616751900000,33241.45,33465.3,33166.1,33445.15,0
1617075900000,33665.9,33977.15,33580.85,33893.95,0
1617083100000,33893.3,33955.5,33564.55,33665.4,0
1617090300000,33663.3,33990.8,33643.2,33879.3,0
1617097500000,33872.25,33902.3,33828.3,33893.55,0
1617162300000,33773.1,33773.1,33198.6,33244.75,0
1617169500000,33252.35,33493.1,33151.8,33399.05,0
1617176700000,33405.0,33425.55,33230.5,33310.0,0
1617183900000,33307.25,33358.05,33285.95,33340.05,0
1617248700000,33562.95,33590.2,33208.75,33309.55,0
1617255900000,33311.45,33465.9,33237.85,33455.75,0
1617263100000,33461.8,33913.55,33453.45,33895.35,0
1617270300000,33894.9,33949.15,33870.75,33905.35,0
1617594300000,33670.15,33697.75,32330.15,32387.1,0
1617601500000,32388.6,32764.6,32341.5,32637.7,0
1617608700000,32640.05,32828.8,32610.75,32664.75,0
1617615900000,32666.2,32734.85,32626.35,32714.45,0
1617680700000,32920.2,33007.65,32338.4,32868.8,0
1617687900000,32873.65,32945.1,32390.1,32612.4,0
1617695100000,32610.3,32635.55,32407.45,32500.8,0
1617702300000,32500.75,32565.25,32496.65,32540.9,0
1617767100000,32534.55,32958.95,32141.55,32931.9,0
1617774300000,32936.8,33191.7,32869.95,33159.4,0
1617781500000,33161.45,33166.05,32875.85,33007.8,0
1617788700000,33009.2,33013.1,32950.15,32958.6,0
1617853500000,33181.2,33306.8,33056.3,33157.5,0
1617860700000,33154.25,33195.05,32892.1,33002.65,0
1617867900000,32999.35,33250.95,32704.75,32748.9,0
1617875100000,32750.5,32810.0,32749.85,32798.4,0
1617939900000,32637.75,32972.15,32329.95,32643.95,0
1617947100000,32644.6,32829.5,32603.55,32685.75,0
1617954300000,32685.8,32716.85,32417.25,32445.35,0
1617961500000,32448.9,32479.65,32423.6,32446.55,0
1618199100000,31698.05,31698.05,30835.4,31004.4,0
1618206300000,31003.0,31042.0,30588.0,30707.25,0
1618213500000,30711.7,30823.1,30520.3,30748.8,0
1618220700000,30746.6,30922.4,30746.6,30904.95,0
1618285500000,30949.0,31339.75,30722.85,31178.6,0
1618292700000,31181.5,31360.15,31027.75,31174.0,0
1618299900000,31174.1,31885.45,31115.25,31753.35,0
1618307100000,31753.95,31787.3,31730.95,31760.95,0
1618458300000,31932.75,32114.5,31417.1,31428.05,0
1618465500000,31426.85,32000.7,31406.4,31785.1,0
1618472700000,31782.35,32151.9,31696.75,32115.5,0
1618479900000,32115.1,32187.05,32086.0,32153.8,0
1618544700000,32170.1,32325.15,31911.9,32161.75,0
1618551900000,32161.85,32218.1,31990.55,32049.5,0
1618559100000,32051.5,32218.5,31944.2,31966.1,0
1618566300000,31965.25,32011.25,31926.1,31946.15,0
1618803900000,31033.45,31033.45,30405.65,30759.95,0
1618811100000,30763.85,30791.45,30555.45,30738.35,0
1618818300000,30738.55,31260.4,30711.3,31239.7,0
1618825500000,31239.35,31304.3,31188.3,31206.6,0
1618890300000,31589.75,31731.65,31457.2,31538.75,0
1618897500000,31540.65,31561.25,31184.5,31344.6,0
1618904700000,31345.65,31436.15,30891.0,31169.95,0
1618911900000,31168.75,31176.95,31062.3,31074.75,0
1619063100000,30728.45,31074.4,30555.25,31000.7,0
1619070300000,30999.95,31528.6,30969.25,31401.0,0
1619077500000,31399.75,31834.5,31366.1,31802.65,0
1619084700000,31797.65,31825.75,31724.2,31726.55,0
1619149500000,31522.75,32032.55,31377.15,32025.2,0
1619156700000,32022.2,32148.4,31831.6,31929.7,0
1619163900000,31932.5,32045.45,31565.0,31734.2,0
1619171100000,31730.85,31759.6,31600.85,31625.85,0
1619408700000,32358.4,32603.7,32144.8,32577.5,0
1619415900000,32576.5,32579.9,32334.1,32383.3,0
1619423100000,32383.75,32480.45,32178.45,32260.0,0
1619430300000,32260.25,32288.5,32240.5,32271.2,0
1619495100000,32281.45,32543.15,32152.95,32517.15,0
1619502300000,32520.3,32650.15,32455.1,32564.3,0
1619509500000,32560.4,32753.65,32530.95,32748.65,0
1619516700000,32749.45,32807.1,32738.25,32760.25,0
1619581500000,32878.9,33146.0,32840.3,33094.05,0
1619588700000,33092.1,33537.65,33067.85,33528.15,0
1619595900000,33533.6,33777.7,33469.3,33747.1,0
1619603100000,33746.95,33753.75,33638.55,33662.65,0
1619667900000,33959.35,34287.0,33304.6,33398.5,0
1619675100000,33397.5,33957.65,33376.0,33803.55,0
1619682300000,33801.7,33920.45,33494.75,33714.1,0
1619689500000,33717.55,33732.25,33631.55,33664.2,0
1619754300000,33214.95,33455.25,32959.4,33334.95,0
1619761500000,33336.6,33367.3,33069.1,33103.4,0
1619768700000,33100.6,33159.7,32757.25,32824.15,0
1619775900000,32819.95,32826.45,32663.4,32714.35,0
1620013500000,32399.05,32538.05,32019.0,32416.25,0
1620020700000,32416.05,32474.1,32127.45,32300.4,0
1620027900000,32297.65,32530.6,31906.55,32442.8,0
1620035100000,32439.85,32566.6,32405.55,32535.55,0
1620099900000,32725.6,32956.5,32504.4,32926.15,0
1620107100000,32927.6,33011.55,32599.55,32599.55,0
1620114300000,32597.4,32766.45,32191.4,32323.35,0
1620121500000,32319.45,32327.65,32240.15,32293.75,0
1620186300000,32603.4,32730.25,32068.55,32557.0,0
1620193500000,32554.9,32844.4,32455.1,32763.75,0
1620200700000,32764.7,32813.7,32537.35,32791.95,0
1620207900000,32793.35,32862.15,32771.85,32851.55,0
1620272700000,32913.75,32956.35,32564.0,32611.35,0
1620279900000,32613.8,32883.85,32588.1,32875.3,0
1620287100000,32873.95,32923.5,32692.85,32829.5,0
1620294300000,32830.0,32891.2,32825.85,32875.7,0
1620359100000,33076.05,33259.15,32929.7,32955.75,0
1620366300000,32954.65,33075.7,32771.35,32850.45,0
1620373500000,32850.1,32981.95,32805.05,32914.75,0
1620380700000,32911.6,32926.1,32859.4,32888.25,0
1620618300000,33222.25,33297.6,33028.15,33220.7,0
1620625500000,33221.0,33274.0,33123.05,33147.7,0
1620632700000,33152.0,33219.3,33088.25,33123.3,0
1620639900000,33123.5,33208.65,33115.35,33191.5,0
1620704700000,32692.1,32919.45,32611.7,32869.75,0
1620711900000,32867.45,33154.3,32850.85,32897.8,0
1620719100000,32898.7,32906.25,32728.9,32885.35,0
1620726300000,32884.95,32891.85,32827.3,32836.25,0
1620791100000,32720.65,32747.7,32432.95,32442.6,0
1620798300000,32444.55,32706.6,32402.7,32630.9,0
1620805500000,32633.05,32671.9,32352.3,32463.15,0
1620812700000,32459.45,32477.65,32444.45,32454.6,0
1620963900000,32518.7,32622.65,32305.05,32347.95,0
1620971100000,32348.75,32406.35,32123.55,32262.8,0
1620978300000,32263.0,32318.3,32115.5,32169.3,0
1620985500000,32169.0,32194.3,32145.3,32163.35,0
1621223100000,32454.05,32987.95,32318.7,32948.15,0
1621230300000,32949.65,33200.25,32949.1,33108.35,0
1621237500000,33101.85,33484.95,33046.55,33450.65,0
1621244700000,33452.75,33506.9,33416.25,33460.5,0
1621309500000,33928.05,34142.85,33730.45,34069.5,0
1621316700000,34069.2,34091.0,33895.25,33963.7,0
1621323900000,33964.15,34087.0,33838.85,33902.55,0
1621331100000,33897.1,33974.0,33897.1,33954.3,0
1621395900000,33765.55,33959.3,33636.25,33752.55,0
1621403100000,33749.45,33858.95,33664.1,33749.85,0
1621410300000,33748.95,33816.85,33608.25,33691.3,0
1621417500000,33688.4,33695.9,33639.15,33659.15,0
1621482300000,33748.25,33833.7,33596.7,33705.8,0
1621489500000,33705.15,33718.25,33571.65,33590.2,0
1621496700000,33586.75,33656.0,33273.95,33336.0,0
1621503900000,33329.6,33400.75,33287.0,33400.75,0
1621568700000,33624.9,34114.85,33559.75,34065.9,0
1621575900000,34067.35,34152.25,33946.0,33959.55,0
1621583100000,33959.6,34646.85,33935.75,34639.2,0
1621590300000,34639.4,34694.45,34598.8,34686.35,0
1621827900000,34935.65,35087.65,34528.3,34888.1,0
1621835100000,34887.3,34940.6,34657.1,34867.35,0
1621842300000,34868.1,35216.1,34751.5,34938.55,0
1621849500000,34935.9,34935.9,34798.7,34835.35,0
1621914300000,35124.1,35125.85,34597.45,34605.45,0
1621921500000,34603.3,34760.95,34545.75,34679.9,0
1621928700000,34678.1,34711.2,34410.4,34636.3,0
1621935900000,34634.55,34749.15,34634.55,34706.55,0
1622000700000,34765.55,34874.0,34462.5,34858.75,0
1622007900000,34860.35,34887.55,34688.25,34818.4,0
1622015100000,34815.05,34897.95,34634.4,34688.7,0
1622022300000,34686.75,34708.0,34650.2,34674.7,0
1622087100000,34732.2,34756.6,34529.7,34631.5,0
1622094300000,34631.4,34943.35,34611.4,34923.8,0
1622101500000,34924.3,35090.35,34729.75,35086.4,0
1622108700000,35088.7,35220.8,35081.8,35134.3,0
1622173500000,35354.15,35436.65,35102.85,35106.1,233988257
1622180700000,35106.0,35206.3,35031.75,35155.75,97951708
1622187900000,35155.45,35251.65,34977.2,35149.35,223682848
1622195100000,35148.45,35257.35,35137.6,35222.65,73402802
1622432700000,35109.75,35430.6,34930.1,35273.3,294320082
1622439900000,35271.7,35478.9,35254.1,35426.4,68014655
1622447100000,35427.75,35562.4,35339.2,35559.75,101846816
1622454300000,35563.65,35584.3,35481.1,35484.55,36956453
1622519100000,35651.6,35713.9,35249.8,35269.2,167595029
1622526300000,35277.65,35429.65,35241.2,35397.35,89706503
1622533500000,35398.95,35535.95,35264.3,35350.6,92197312
1622540700000,35347.85,35362.2,35322.75,35333.75,26153536
1622605500000,35277.8,35277.8,35070.3,35185.35,181718775
1622612700000,35186.3,35216.65,35096.0,35142.5,203571037
1622619900000,35142.55,35381.65,35124.4,35355.0,193098993
1622627100000,35352.25,35415.85,35352.25,35397.4,47720679
1622691900000,35597.7,35610.85,35413.0,35471.65,167645479
1622699100000,35468.35,35579.65,35453.35,35483.95,130139558
1622706300000,35485.1,35723.7,35429.25,35663.1,111875191
1622713500000,35660.8,35673.3,35597.15,35653.7,40507353
1622778300000,35665.45,35810.9,35392.75,35412.95,143469038
1622785500000,35413.35,35475.65,35313.65,35331.25,61993016
1622792700000,35334.15,35348.95,35176.15,35288.3,69405252
1622799900000,35285.4,35347.85,35277.7,35345.1,24815015
1623037500000,35469.8,35529.95,35338.55,35497.0,148269743
1623044700000,35505.05,35506.15,35377.3,35447.15,48746504
1623051900000,35446.95,35545.85,35416.8,35436.7,68873869
1623059100000,35433.95,35473.95,35399.95,35403.05,21854786
1623123900000,35449.5,35449.5,35008.7,35090.85,119497242
1623131100000,35090.55,35127.1,34962.65,35087.75,52226175
1623138300000,35087.25,35197.25,35032.9,35078.9,58761440
1623145500000,35081.25,35099.2,35045.1,35083.5,18073200
1623210300000,35130.1,35402.45,34908.5,35327.5,149430093
1623217500000,35326.05,35337.1,34882.1,34903.2,88052967
1623224700000,34907.0,35009.75,34641.2,34803.4,148013265
1623231900000,34805.7,34846.8,34784.1,34808.7,21646352
1623296700000,34913.35,34961.4,34734.4,34822.85,131347049
1623303900000,34825.9,34934.9,34786.65,34870.2,69247053
1623311100000,34869.5,35163.1,34869.5,35127.4,145739252
1623318300000,35125.25,35165.65,35117.3,35146.0,29292058
1623383100000,35328.1,35344.0,35095.15,35106.2,99474555
1623390300000,35106.45,35106.45,34891.3,35042.05,54896118
1623397500000,35041.6,35109.2,34963.55,35051.7,52685590
1623404700000,35051.25,35065.65,35019.25,35055.4,17655338
1623642300000,34937.15,34937.15,34374.35,34627.95,137162523
1623649500000,34626.35,34713.1,34574.4,34629.25,51040045
1623656700000,34631.95,34995.15,34625.55,34951.6,168634000
1623663900000,34948.15,34971.5,34928.65,34934.4,24418046
1623728700000,35052.3,35283.65,34917.9,35196.9,97690460
1623735900000,35197.1,35317.4,35131.35,35225.6,36373052
1623743100000,35226.45,35287.35,35110.4,35263.45,53072212
1623750300000,35262.55,35266.3,35209.0,35225.55,15463656
1623815100000,35197.25,35380.0,35052.55,35094.95,106551928
1623822300000,35092.7,35151.35,34916.2,34990.8,39912038
1623829500000,34989.9,35098.0,34976.75,35006.9,42708027
1623836700000,35003.4,35030.9,34964.95,34986.75,17234100
1623901500000,34634.8,34882.4,34611.95,34803.75,94669690
1623908700000,34802.35,34850.25,34676.35,34782.15,48217755
1623915900000,34781.8,34791.4,34458.1,34683.25,83469472
1623923100000,34680.65,34688.75,34513.95,34532.7,16315351
1623987900000,34738.8,34787.4,33908.95,34127.85,163224235
1623995100000,34127.35,34270.85,34039.0,34149.6,59320779
1624002300000,34148.95,34575.45,34111.7,34545.25,85340692
1624009500000,34545.1,34704.65,34542.05,34692.25,22873548
1624247100000,34141.45,34392.95,33937.5,34285.6,117645257
1624254300000,34286.4,34645.65,34264.35,34625.75,56592258
1624261500000,34625.45,34885.55,34524.45,34867.0,114544551
1624268700000,34868.9,34927.65,34847.6,34874.3,22336681
1624333500000,35099.7,35281.9,35019.15,35159.85,134022970
1624340700000,35156.55,35203.55,34957.15,35013.7,70991037
1624347900000,35015.3,35030.65,34722.65,34761.05,76367029
1624355100000,34755.25,34762.6,34664.35,34716.5,20193064
1624419900000,34870.65,34937.65,34614.15,34749.5,114818271
1624427100000,34747.3,34841.6,34662.8,34690.25,125772457
1624434300000,34690.8,34869.35,34525.45,34568.35,100396091
1624441500000,34567.9,34612.1,34541.95,34590.5,16169638
1624506300000,34697.35,34822.5,34592.35,34748.95,89623673
1624513500000,34749.2,34828.9,34647.6,34822.7,49034387
1624520700000,34824.5,34935.3,34755.4,34832.7,74324476
1624527900000,34832.25,34882.1,34805.7,34860.75,20010534
1624592700000,34936.4,35151.15,34915.85,35025.45,80511935
1624599900000,35025.85,35285.15,35001.0,35255.4,80460077
1624607100000,35253.2,35491.95,35240.5,35397.55,94558979
1624614300000,35398.85,35400.05,35301.45,35327.5,21161757
1624851900000,35439.5,35576.95,35236.45,35268.75,170232665
1624859100000,35268.85,35391.15,35266.05,35387.1,93673929
1624866300000,35402.75,35435.9,35238.6,35339.95,143283963
1624873500000,35341.1,35409.2,35318.45,35401.4,34768680
1624938300000,35323.25,35337.45,35048.45,35102.4,140037991
1624945500000,35099.3,35136.65,35047.6,35073.1,53365682
1624952700000,35071.85,35173.75,34913.7,35006.0,103196846
1624959900000,35007.8,35053.35,34987.3,35011.85,28929024
1625024700000,35030.0,35214.9,34895.25,35197.3,115665478
1625031900000,35198.55,35206.3,35028.0,35081.7,38852241
1625039100000,35080.35,35118.65,34757.1,34760.05,105857835
1625046300000,34758.0,34784.9,34730.45,34780.55,23174015
1625111100000,34832.5,34876.85,34674.85,34778.0,86732836
1625118300000,34774.2,34885.1,34698.95,34844.7,41752992
1625125500000,34846.15,34917.65,34650.95,34681.9,50902682
1625132700000,34680.2,34733.55,34656.7,34726.25,12560304
1625197500000,34789.75,34802.25,34632.6,34723.05,73348098
1625204700000,34723.25,34894.45,34703.25,34846.1,48793122
1625211900000,34846.55,34851.6,34699.55,34796.25,57986924
1625219100000,34795.75,34852.75,34795.7,34829.15,15440009
1625456700000,35016.1,35131.35,34926.4,35072.45,80796543
1625463900000,35073.65,35110.55,35014.7,35109.4,36135983
1625471100000,35110.35,35233.65,35091.55,35225.3,57106895
1625478300000,35229.45,35234.3,35202.15,35218.6,17342165
1625543100000,35186.35,35641.35,35165.55,35638.85,72951826
1625550300000,35635.4,35690.6,35587.0,35647.65,44190628
1625557500000,35650.95,35807.45,35550.35,35558.5,88417664
1625564700000,35558.45,35599.05,35490.25,35530.45,14324454
1625629500000,35553.9,35704.2,35427.65,35606.35,67022705
1625636700000,35606.6,35746.55,35598.55,35696.3,30177882
1625643900000,35696.4,35794.2,35647.35,35784.45,36354076
1625651100000,35780.4,35795.75,35751.5,35754.65,12978196
1625715900000,35675.45,35811.0,35644.2,35702.85,64944823
1625723100000,35702.25,35741.6,35442.2,35495.6,44582321
1625730300000,35495.2,35512.8,35134.65,35309.95,76448429
1625737500000,35310.2,35339.9,35243.0,35282.95,15284859
1625802300000,35175.0,35225.2,34859.9,35072.0,78250830
1625809500000,35071.25,35203.3,35008.7,35090.3,27474225
1625816700000,35090.45,35145.95,34950.2,35062.15,48480079
1625823900000,35059.25,35117.15,35045.7,35090.4,12170070
1626061500000,35257.15,35393.9,35209.65,35314.9,90925845
1626068700000,35315.75,35394.3,35139.8,35188.75,46015070
1626075900000,35188.85,35237.65,35060.35,35193.0,53208677
1626083100000,35191.9,35214.95,35178.35,35192.5,11774997
1626147900000,35495.25,35495.25,35340.7,35415.45,57521799
1626155100000,35416.7,35680.6,35414.35,35658.5,36992030
1626162300000,35658.75,35727.85,35610.25,35682.3,43470013
1626169500000,35682.4,35685.05,35633.85,35641.15,14393732
1626234300000,35590.15,35718.1,35434.75,35701.15,52365699
1626241500000,35700.6,35804.05,35622.75,35800.45,29918811
1626248700000,35798.7,35803.45,35651.75,35691.65,38803630
1626255900000,35686.45,35700.15,35600.7,35643.1,13701741
1626320700000,35766.75,35960.6,35625.7,35951.1,55973246
1626327900000,35954.5,35985.25,35812.3,35891.8,33859581
1626335100000,35891.2,35952.95,35837.1,35898.1,33820552
1626342300000,35893.6,35924.7,35892.35,35901.7,12665342
1626407100000,35952.7,35967.05,35702.9,35840.6,49472685
1626414300000,35840.1,35857.9,35688.1,35770.65,51437337
1626421500000,35771.65,35818.15,35674.75,35759.55,50942651
1626428700000,35762.3,35768.65,35727.45,35755.9,16560747
1626666300000,35125.85,35347.05,35010.3,35263.75,52202361
1626673500000,35264.4,35272.55,34899.2,34981.3,37931397
1626680700000,34979.2,35098.6,34944.4,35092.95,48339132
1626687900000,35092.2,35126.3,35074.95,35098.4,11903110
1626752700000,34844.35,34894.15,34428.25,34455.8,83387309
1626759900000,34454.4,34549.0,34357.35,34545.3,39996313
1626767100000,34546.7,34575.2,34395.8,34412.95,39252522
1626774300000,34410.25,34436.05,34371.05,34415.05,15263762
1626925500000,34780.6,34989.1,34657.45,34968.9,93474599
1626932700000,34968.55,34973.15,34760.7,34762.15,35149295
1626939900000,34761.55,34857.75,34557.85,34660.4,43659520
1626947100000,34663.5,34712.35,34659.4,34708.9,13018424
1627011900000,34750.85,34891.2,34404.75,34763.15,77575891
1627019100000,34762.45,34945.75,34713.9,34908.69921875,34179343
1627026300000,34906.8515625,35088.0,34872.35,35053.25,84230726
1627033500000,35056.7,35056.7,34983.15,35012.1,18037434
1627271100000,34880.05,35138.2,34669.55,35082.85,77734314
1627278300000,35084.95,35112.4,34904.3,34990.65,47926301
1627285500000,34988.55,35084.35,34912.35,34955.9,52385760
1627292700000,34959.3,34983.3,34915.55,34921.85,14220605
1627357500000,35035.75,35186.1,34986.25,35100.8,78912126
1627364700000,35101.3,35117.25,34713.55,34747.8,53804570
1627371900000,34747.6,34952.8,34737.85,34790.4,45143183
1627379100000,34785.35,34825.8,34781.3,34801.2,13737015
1627443900000,34841.55,34841.55,34115.2,34302.75,92616531
1627451100000,34315.5,34360.6,34219.2,34347.8,40552525
1627458300000,34346.75,34573.4,34334.65,34530.8,51055544
1627465500000,34530.6,34572.95,34521.0,34558.4,13529121
1627530300000,34747.1,34770.35,34553.5,34668.75,62786889
1627537500000,34669.75,34680.9,34495.2,34635.3,39492034
1627544700000,34636.85,34778.15,34619.9,34676.15,99426218
1627551900000,34677.35,34753.5,34672.9,34750.85,20082873
1627616700000,34659.55,34714.15,34445.4,34546.75,80916122
1627623900000,34543.0,34642.0,34511.85,34596.35,35942608
1627631100000,34595.55,34738.75,34533.2,34572.35,57954017
1627638300000,34573.5,34622.75,34565.2,34576.15,15261509
1627875900000,34764.15,34849.35,34707.1,34846.0,119685335
1627883100000,34844.95,34861.75,34754.05,34806.7,45787335
1627890300000,34806.8,34828.6,34588.25,34718.65,66998917
1627897500000,34716.95,34734.7,34695.0,34726.05,17665672
1627962300000,34743.8,34855.0,34649.2,34798.35,105604358
1627969500000,34797.15,34967.85,34778.35,34966.85,56139746
1627976700000,34968.3,35238.45,34894.5,35208.0,82990504
1627983900000,35203.9,35234.15,35181.75,35199.5,21736852
1628048700000,35390.25,35987.55,35313.0,35974.1,106916521
1628055900000,35973.75,35973.9,35686.5,35882.4,86242131
1628063100000,35883.4,36219.8,35863.55,36062.15,189603835
1628070300000,36060.25,36061.15,35950.7,35994.5,26450227
1628135100000,36115.45,36115.45,35661.3,35726.9,169744931
1628142300000,35728.7,36039.3,35704.8,35978.8,63456542
1628149500000,35982.3,36087.05,35791.2,35797.7,86286127
1628156700000,35796.25,35842.9,35762.75,35793.85,20889427
1628221500000,35889.6,36080.1,35733.1,35816.15,91496250
1628228700000,35816.4,35900.45,35755.8,35797.75,33412341
1628235900000,35797.9,35856.1,35700.45,35789.3,102402899
1628243100000,35788.05,35907.25,35784.4,35882.1,41683590
1628480700000,35836.0,36159.85,35612.3,36015.1,83977960
1628487900000,36015.9,36063.9,35862.6,35940.8,49118651
1628495100000,35945.3,36050.05,35761.15,36017.9,67393672
1628502300000,36017.15,36056.95,36000.7,36014.8,16878271
1628567100000,36039.1,36317.0,35953.3,36190.35,83441086
1628574300000,36191.15,36283.2,36160.05,36204.2,49055052
1628581500000,36205.55,36242.25,35890.5,36050.45,94932211
1628588700000,36045.6,36054.95,35994.55,36009.55,18707506
1628653500000,36227.55,36227.55,35563.15,35600.5,96129080
1628660700000,35600.8,35770.5,35531.35,35725.25,64632851
1628667900000,35723.15,35903.55,35712.35,35812.9,56322943
1628675100000,35813.6,35825.75,35766.15,35780.35,13074979
1628739900000,35908.95,35959.25,35702.9,35867.2,61721286
1628747100000,35866.7,35928.1,35783.6,35864.1,32480150
1628754300000,35864.8,35947.15,35797.9,35916.25,38152744
1628761500000,35917.0,35998.15,35913.85,35991.75,11740547
1628826300000,36034.7,36178.35,35996.4,36076.5,44627769
1628833500000,36075.1,36146.25,36022.35,36075.85,35471215
1628840700000,36078.75,36233.3,35937.1,36155.5,47381372
1628847900000,36151.8,36197.8,36114.85,36141.45,11379137
1629085500000,36115.25,36261.55,36032.4,36199.7,43883674
1629092700000,36200.8,36225.95,36066.85,36140.2,23256152
1629099900000,36139.7,36159.8,36035.65,36099.95,26612354
1629107100000,36103.0,36116.25,36043.75,36043.75,10093901
1629171900000,35986.55,35993.7,35719.9,35788.0,44424790
1629179100000,35789.25,35815.55,35611.85,35718.55,42756328
1629186300000,35716.25,35887.3,35689.55,35876.2,39888069
1629193500000,35873.7,35910.55,35858.6,35880.3,13644965
1629258300000,36227.95,36248.9,35948.2,35952.75,59860726
1629265500000,35952.85,35970.9,35696.5,35750.05,34084852
1629272700000,35745.4,35793.85,35432.0,35605.95,55287436
1629279900000,35607.55,35618.65,35456.5,35480.95,13989925
1629431100000,35199.45,35306.5,34949.7,35022.3,82542162
1629438300000,35024.15,35183.95,34971.4,35012.55,48458525
1629445500000,35011.55,35139.85,34926.5,35043.3,58774505
1629452700000,35043.2,35055.05,34994.95,35029.8,19605588
1629690300000,35427.4,35427.4,34817.5,34888.7,81446024
1629697500000,34889.9,35074.7,34849.7,35030.05,54231183
1629704700000,35032.05,35242.25,35025.3,35127.95,51526672
1629711900000,35125.55,35129.3,35069.5,35083.8,11198859
1629776700000,35230.25,35429.8,35070.0,35384.5,75023686
1629783900000,35384.6,35644.1,35371.0,35599.1,56002767
1629791100000,35597.65,35795.3,35585.35,35706.15,49170388
1629798300000,35705.25,35733.7,35674.15,35680.45,12959456
1629863100000,35792.75,35910.3,35556.45,35626.7,67266038
1629870300000,35628.1,35772.55,35521.7,35568.0,43356903
1629877500000,35567.9,35663.2,35499.65,35561.2,42123165
1629884700000,35564.85,35626.95,35538.05,35554.65,9297837
1629949500000,35508.1,35669.35,35411.8,35613.15,53795488
1629956700000,35617.95,35768.35,35562.75,35693.5,34246079
1629963900000,35692.8,35785.8,35582.95,35605.8,44805076
1629971100000,35608.5,35658.0,35567.55,35603.4,12065173
1630035900000,35581.6,35603.55,35359.25,35555.45,55016959
1630043100000,35557.85,35687.0,35548.15,35619.6,26151372
1630050300000,35618.05,35727.9,35551.0,35634.75,41057985
1630057500000,35630.9,35637.3,35591.1,35608.0,14355963
1630295100000,35754.15,36134.3,35721.9,36028.9,51759207
1630302300000,36027.95,36122.35,35973.15,36122.35,33823044
1630309500000,36119.95,36398.45,36094.45,36344.45,62843626
1630316700000,36342.25,36386.95,36333.4,36357.3,15696352
1630381500000,36376.65,36505.15,36253.0,36391.55,63090641
1630388700000,36393.3,36552.8,36358.55,36516.3,59150548
1630395900000,36515.9,36526.1,36216.2,36434.1,95445378
1630403100000,36433.55,36454.15,36373.45,36389.15,24350825
1630467900000,36618.0,36997.7,36487.15,36679.3,92462242
1630475100000,36679.9,36802.2,36556.15,36734.2,40686427
1630482300000,36732.25,36817.25,36541.2,36547.45,54753088
1630489500000,36545.05,36584.0,36509.2,36512.8,12815158
1630554300000,36630.3,36692.45,36469.0,36690.4,58844211
1630561500000,36689.0,36846.2,36689.0,36833.3,32651343
1630568700000,36831.8,36856.7,36717.7,36813.0,35466440
1630575900000,36808.95,36895.55,36808.95,36875.35,11096795
1630640700000,36907.85,37140.0,36739.35,36785.2,91259808
1630647900000,36780.55,36834.5,36633.0,36813.8,34871809
1630655100000,36812.6,36839.0,36563.2,36754.0,39797201
1630662300000,36756.8,36835.2,36739.35,36763.25,12398284
1630899900000,36816.75,36923.65,36576.3,36647.1,41877853
1630907100000,36647.0,36744.9,36605.95,36711.4,24730835
1630914300000,36711.95,36741.45,36572.65,36583.55,23128833
1630921500000,36584.25,36633.7,36554.45,36588.25,8561838
1630986300000,36590.45,36624.2,36151.95,36309.9,50755902
1630993500000,36308.55,36685.85,36267.25,36580.25,40209413
1631000700000,36579.7,36664.25,36396.05,36451.9,36427948
1631007900000,36454.45,36483.6,36423.9,36465.0,10015603
1631072700000,36538.7,36803.8,36393.6,36778.45,83991287
1631079900000,36783.0,36813.35,36519.4,36556.75,54214030
1631087100000,36556.85,36759.5,36556.85,36752.05,48673370
1631094300000,36751.65,36855.9,36748.2,36850.9,12520932
1631159100000,36736.45,36857.2,36602.2,36703.8,38833106
1631166300000,36704.05,36752.7,36566.7,36604.3,19175409
1631173500000,36604.0,36693.1,36572.05,36678.65,24803163
1631180700000,36678.55,36711.4,36652.7,36670.3,9488286
1631504700000,36620.1,36724.85,36327.05,36422.85,38977475
1631511900000,36423.4,36558.75,36390.85,36516.1,21488842
1631519100000,36520.0,36550.75,36426.35,36459.9,21925085
1631526300000,36461.45,36504.0,36456.35,36496.55,8286395
1631591100000,36664.35,36756.0,36586.2,36694.75,44230831
1631598300000,36692.65,36708.55,36529.65,36597.6,28725533
1631605500000,36598.65,36666.7,36576.1,36588.85,35106071
1631612700000,36587.6,36629.35,36587.6,36614.95,9981518
1631677500000,36637.2,36711.25,36496.05,36666.6,66267354
1631684700000,36666.9,36735.45,36615.55,36717.35,40139362
1631691900000,36715.6,36949.7,36671.15,36836.25,82909442
1631699100000,36838.95,36891.25,36822.3,36860.95,16714928
1631763900000,36947.75,37298.3,36907.75,37267.4,180635756
1631771100000,37265.1,37455.15,37250.7,37409.05,121125191
1631778300000,37408.7,37704.35,37352.55,37630.7,156429383
1631785500000,37630.45,37720.15,37626.55,37682.9,36854599
1631850300000,37860.15,38112.75,37708.6,37948.4,161202082
1631857500000,37949.2,37950.75,37428.45,37621.85,112015220
1631864700000,37619.05,37807.6,37396.05,37806.15,84628489
1631871900000,37810.05,37926.05,37809.55,37892.7,29132673
1632109500000,37362.2,37783.15,37317.9,37745.45,60470541
1632116700000,37745.0,37802.75,37476.3,37611.65,43917494
1632123900000,37611.35,37620.05,37104.5,37184.45,52841821
1632131100000,37184.2,37187.7,37068.45,37114.95,16726421
1632195900000,37262.15,37340.7,36592.0,36594.15,73518745
1632203100000,36593.7,37013.45,36525.95,37005.8,41882156
1632210300000,37005.2,37210.0,36889.35,37188.6,44280093
1632217500000,37187.65,37314.8,37184.9,37298.35,13740084
1632282300000,37288.6,37328.6,37022.4,37041.75,47877020
1632289500000,37037.05,37196.35,36916.0,37159.95,30756390
1632296700000,37157.45,37191.55,36885.6,36905.5,33191293
1632303900000,36909.7,37014.25,36900.7,36987.2,9999598
1632368700000,37272.7,37686.4,37216.15,37650.65,61435432
1632375900000,37650.25,37756.7,37529.65,37675.85,31367859
1632383100000,37676.8,37830.75,37607.7,37789.55,42815575
1632390300000,37790.65,37820.05,37763.4,37811.3,12768924
1632455100000,37966.1,38112.6,37700.65,37812.6,55722003
1632462300000,37811.45,37871.9,37713.8,37777.55,32049289
1632469500000,37775.95,37878.65,37680.0,37874.85,47682266
1632476700000,37874.45,37876.4,37768.2,37783.5,12513767
1632714300000,37979.65,38355.2,37968.2,38138.45,50136788
1632721500000,38140.25,38236.2,38044.9,38226.05,26911019
1632728700000,38225.8,38262.85,38072.8,38176.4,41514765
1632735900000,38179.2,38193.15,38134.4,38171.75,12311439
1632800700000,38362.7,38377.25,37950.7,37971.8,90217612
1632807900000,37972.25,38089.05,37608.05,37618.75,48208819
1632815100000,37617.85,38058.4,37315.2,38039.55,63760864
1632822300000,38037.9,38064.6,37865.5,37867.8,13852021
1632887100000,37642.9,37710.3,37371.05,37617.15,91248035
1632894300000,37619.3,37810.55,37552.65,37795.85,75530876
1632901500000,37806.2,37923.45,37704.75,37726.3,97071503
1632908700000,37727.65,37763.2,37707.3,37741.8,47789603
1632973500000,37761.1,37836.0,37569.65,37725.35,126533265
1632980700000,37728.85,37884.85,37566.7,37633.65,53303394
1632987900000,37638.65,37679.0,37380.15,37466.5,63331078
1632995100000,37466.3,37467.8,37354.25,37411.05,22202519
1633059900000,37183.3,37299.4,36876.35,37213.2,78980937
1633067100000,37216.1,37263.8,37051.4,37153.95,83312661
1633074300000,37154.0,37284.95,37083.75,37204.45,45611782
1633081500000,37206.0,37243.3,37168.6,37229.05,10825806
1633319100000,37407.3,37670.7,37355.6,37590.55,69932721
1633326300000,37597.35,37622.65,37474.45,37535.55,41771501
1633333500000,37535.25,37653.65,37534.85,37587.8,53665342
1633340700000,37589.1,37619.35,37563.75,37602.7,13825629
1633405500000,37503.0,37546.0,37364.75,37416.05,64945721
1633412700000,37415.65,37702.1,37393.55,37679.9,42089828
1633419900000,37677.9,37786.6,37613.2,37751.1,56936966
1633427100000,37751.5,37760.55,37722.7,37742.7,12291859
1633491900000,37784.0,38031.0,37641.7,37904.65,96943836
1633499100000,37905.6,38106.85,37838.45,37849.75,49704168
1633506300000,37855.35,37870.8,37466.1,37522.5,69116129
1633513500000,37519.15,37546.2,37452.0,37479.4,18127153
1633578300000,37910.45,37910.45,37712.9,37760.4,58856974
1633585500000,37760.7,37923.65,37650.25,37844.15,34889223
1633592700000,37843.25,37911.75,37742.95,37751.05,50349611
1633599900000,37751.5,37804.6,37728.1,37756.0,11873019
1633664700000,37938.6,38105.2,37755.65,37892.85,77813551
1633671900000,37893.7,37953.75,37674.35,37730.7,40411374
1633679100000,37730.35,37829.75,37686.4,37757.1,95016840
1633686300000,37756.15,37844.0,37749.25,37835.3,28650388
1633923900000,37795.75,38269.75,37744.65,38233.95,82848490
1633931100000,38228.35,38295.15,38126.8,38250.5,28102042
1633938300000,38249.1,38495.3,38231.05,38306.45,77751678
1633945500000,38309.95,38323.85,38242.05,38290.05,16058306
1634010300000,38211.4,38429.15,38144.6,38333.15,63032081
1634017500000,38332.25,38388.85,38208.35,38332.15,42258289
1634024700000,38333.65,38609.6,38283.1,38509.6,120510160
1634031900000,38512.35,38542.1,38496.45,38516.05,21200091
1634096700000,38737.05,38779.05,38608.4,38659.4,75276452
1634103900000,38652.4,38754.75,38502.7,38745.5,79961527
1634111100000,38744.1,38771.95,38606.3,38637.25,65045938
1634118300000,38637.8,38647.55,38575.35,38584.25,17217053
1634183100000,38744.0,38897.8,38673.0,38817.4,106596585
1634190300000,38820.25,38898.4,38804.25,38856.1,44504114
1634197500000,38857.95,39363.65,38789.7,39359.9,104518062
1634204700000,39358.3,39375.05,39300.25,39329.35,23664958
1634528700000,39689.6,39923.8,39569.55,39683.7,230112245
1634535900000,39684.95,39947.6,39665.75,39742.2,248085955
1634543100000,39744.9,39849.0,39637.2,39689.9,161094464
1634550300000,39693.15,39696.9,39642.95,39668.35,32489741
1634615100000,39942.5,40011.15,39394.25,39681.9,186184552
1634622300000,39680.05,39912.45,39634.85,39840.15,50857177
1634629500000,39840.7,39883.5,39491.65,39495.3,85888111
1634636700000,39487.1,39584.1,39417.6,39569.4,24487484
1634701500000,39607.8,39725.05,39292.8,39665.65,135329009
1634708700000,39666.3,39774.55,39462.25,39677.5,74423158
1634715900000,39683.15,39726.1,39342.0,39510.2,74837619
1634723100000,39508.75,39571.05,39488.0,39557.35,23766827
1634787900000,39643.6,39768.0,39461.05,39513.8,170027843
1634795100000,39514.3,39706.7,39442.15,39628.95,76593831
1634802300000,39631.65,39983.4,39428.1,39981.5,116253206
1634809500000,39981.3,40200.45,39978.5,40164.75,29796100
1634874300000,40213.5,40587.35,40149.55,40545.6,146830346
1634881500000,40549.9,40572.9,40184.25,40215.8,97917399
1634888700000,40209.35,40498.9,40169.65,40327.5,165591367
1634895900000,40321.85,40366.3,40299.1,40325.7,25520842
1635133500000,41024.55,41284.0,40508.1,41096.15,277470797
1635140700000,41100.65,41829.6,41086.0,41542.45,147626303
1635147900000,41542.35,41646.45,41030.75,41144.85,146406933
1635155100000,41152.2,41292.6,41140.9,41266.4,27743776
1635219900000,41084.25,41367.25,40867.6,40999.1,267401435
1635227100000,41002.7,41278.9,40829.15,41133.3,156546984
1635234300000,41130.6,41345.1,41054.3,41243.5,117932090
1635241500000,41247.55,41316.0,41236.2,41297.25,28895831
1635306300000,41252.8,41347.0,41055.55,41206.5,167322532
1635313500000,41208.4,41285.25,41089.8,41181.3,86506781
1635320700000,41178.6,41234.65,40856.4,40916.1,106918263
1635327900000,40912.3,40918.3,40750.0,40800.25,24359135
1635392700000,40931.05,40931.05,40032.95,40242.65,268230035
1635399900000,40241.1,40417.0,40129.25,40218.2,128817026
1635407100000,40221.15,40334.85,39466.7,39510.7,130401973
1635414300000,39512.75,39573.75,39350.2,39559.9,35444905
1635479100000,39440.25,39775.25,38426.65,39428.75,198522497
1635486300000,39430.05,39556.15,39134.05,39212.95,74625902
1635493500000,39217.2,39291.8,38787.75,39053.75,89210918
1635500700000,39062.6,39280.5,39032.7,39270.55,19745300
1635738300000,39446.2,39528.2,39120.65,39224.05,101073314
1635745500000,39224.25,39442.2,39182.6,39439.3,40330313
1635752700000,39439.95,39775.4,39390.6,39741.05,65987002
1635759900000,39747.15,39862.6,39715.95,39834.75,17253724
1635824700000,39796.0,39989.9,39590.7,39822.9,93676466
1635831900000,39821.3,40107.6,39794.65,40032.95,67709604
1635839100000,40032.0,40098.85,39782.05,39966.75,96920862
1635846300000,39963.7,39988.8,39874.05,39901.55,19310272
1635911100000,40006.0,40160.2,39954.6,40044.9,77776402
1635918300000,40044.2,40054.3,39435.65,39456.65,53868235
1635925500000,39456.05,39981.95,39321.35,39370.25,160335465
1635932700000,39371.45,39421.35,39304.85,39416.45,23747606
1636029000000,39669.1,39734.7,39514.15,39573.7,48537147
1636343100000,39508.85,39564.75,39060.15,39194.4,117730569
1636350300000,39193.75,39347.8,38932.15,39347.1,59682592
1636357500000,39351.15,39514.05,39243.1,39432.85,70774333
1636364700000,39434.15,39507.65,39413.95,39487.05,23448257
1636429500000,39527.05,39560.6,39292.0,39325.85,105512425
1636436700000,39326.25,39500.95,39303.1,39447.7,44445496
1636443900000,39446.8,39502.85,39223.4,39326.05,64401467
1636451100000,39327.8,39454.55,39326.8,39401.7,19753912
1636515900000,39220.3,39220.3,38873.8,39028.15,79223962
1636523100000,39028.1,39076.95,38934.5,39026.35,47774178
1636530300000,39027.25,39192.8,38943.25,39018.8,117515650
1636537500000,39014.2,39045.3,38999.6,39022.8,18746028
1636602300000,38929.95,38929.95,38629.05,38648.9,82271560
1636609500000,38648.8,38754.2,38519.85,38640.3,40942282
1636616700000,38642.0,38679.8,38346.05,38539.45,51493838
1636623900000,38540.3,38585.4,38537.7,38571.6,15250936
1636688700000,38733.35,38766.5,38467.8,38556.75,54481860
1636695900000,38556.25,38664.2,38537.95,38649.65,32918938
1636703100000,38650.75,38822.85,38631.95,38718.1,53283087
1636710300000,38719.95,38754.9,38708.3,38751.85,14902385
1636947900000,38924.25,39117.15,38758.4,38828.3,52735055
1636955100000,38828.6,38851.8,38606.6,38640.0,29147752
1636962300000,38632.5,38769.75,38627.65,38708.95,35690072
1636969500000,38707.4,38732.1,38670.65,38679.4,14148905
1637034300000,38715.8,38724.7,38365.05,38375.8,54244975
1637041500000,38371.85,38525.0,38343.2,38515.1,29713331
1637048700000,38515.65,38539.05,38211.1,38303.25,51855722
1637055900000,38304.6,38313.0,38228.9,38239.55,16469612
1637120700000,38125.0,38456.3,37988.55,38424.65,81803123
1637127900000,38423.9,38427.6,38069.9,38212.5,35092258
1637135100000,38211.3,38282.7,38033.2,38039.0,36989023
1637142300000,38040.75,38062.2,37981.2,38006.05,13015613
1637207100000,38060.4,38233.95,37781.25,37909.4,121457086
1637214300000,37911.2,37956.7,37748.45,37912.75,60105775
1637221500000,37915.6,38151.75,37822.95,37953.55,68248801
1637228700000,37956.3,38003.85,37925.1,37941.95,15847991
1637552700000,38180.85,38241.0,37301.05,37304.55,90705837
1637559900000,37290.25,37423.05,37005.1,37230.2,63147594
1637567100000,37233.6,37233.9,36655.4,37075.95,79004163
1637574300000,37079.55,37255.5,37079.55,37252.3,16961041
1637639100000,36862.05,37239.35,36647.55,36995.2,96684039
1637646300000,36992.0,37287.25,36907.6,37051.4,50294509
1637653500000,37048.4,37448.75,37008.55,37275.75,61504380
1637660700000,37277.5,37297.8,37231.85,37257.55,14516673
1637725500000,37412.45,37759.35,37238.05,37758.2,80253018
1637732700000,37756.3,37891.9,37619.65,37819.3,36533841
1637739900000,37817.65,37841.35,37430.85,37430.95,49739677
1637747100000,37428.65,37473.1,37329.75,37346.7,11992204
1637811900000,37367.05,37383.55,37118.4,37358.5,69520198
1637819100000,37359.6,37475.65,37187.5,37343.8,39749931
1637826300000,37343.1,37507.95,37234.95,37351.55,42398582
1637833500000,37350.05,37393.6,37299.15,37382.25,14793809
1637898300000,36849.5,36868.9,36238.75,36388.15,105495712
1637905500000,36387.6,36453.9,36230.0,36353.1,54988346
1637912700000,36354.75,36397.7,35961.7,36038.65,72978396
1637919900000,36031.75,36101.75,35904.1,35951.9,18570381
1638157500000,36242.1,36242.1,35327.9,36008.35,108443014
1638164700000,36010.15,36213.45,35950.65,36004.85,40035610
1638171900000,35998.55,36347.85,35929.6,35994.3,54178358
1638179100000,35992.6,36027.9,35926.55,35934.7,10443606
1638243900000,36024.95,36774.2,35988.95,36298.4,91860840
1638251100000,36307.15,36307.15,35783.5,36003.75,56411693
1638258300000,36003.95,36150.7,35731.5,35750.05,66598437
1638265500000,35750.4,35762.65,35526.35,35600.45,28877304
1638330300000,35834.15,36277.15,35805.0,36240.45,76711823
1638337500000,36245.15,36364.7,36115.9,36244.65,37991125
1638344700000,36249.5,36445.35,36037.4,36370.25,59969756
1638351900000,36373.8,36406.2,36340.4,36384.8,16495196
1638416700000,36308.2,36474.75,36166.7,36391.65,55606455
1638423900000,36391.85,36517.3,36225.9,36306.4,29272128
1638431100000,36311.55,36513.15,36266.95,36486.8,46374981
1638438300000,36486.55,36563.5,36479.7,36535.65,15166597
1638503100000,36516.0,36844.0,36462.5,36724.55,69473059
1638510300000,36724.4,36744.95,36334.2,36351.4,33109794
1638517500000,36350.85,36394.65,36062.85,36204.45,45666871
1638524700000,36204.55,36290.6,36178.0,36213.6,12904905
1638762300000,36268.75,36344.55,35891.25,36206.6,61063996
1638769500000,36208.55,36221.1,36029.05,36119.3,32547971
1638776700000,36117.35,36162.3,35696.75,35708.5,47091904
1638783900000,35707.7,35763.4,35704.2,35736.65,12543968
1638848700000,36087.85,36556.3,36013.95,36552.45,63652334
1638855900000,36550.8,36699.85,36504.4,36646.2,39730062
1638863100000,36648.3,36820.7,36571.2,36607.9,47723112
1638870300000,36606.25,36633.85,36570.75,36621.4,13538099
1638935100000,37055.65,37193.3,36905.15,37121.65,77842940
1638942300000,37121.95,37227.1,37090.4,37186.5,35873719
1638949500000,37187.1,37384.8,37160.7,37292.8,58353817
1638956700000,37291.55,37298.8,37254.55,37268.3,15999475
1639021500000,37365.6,37397.55,36884.45,37024.6,58705185
1639028700000,37022.0,37263.25,36955.6,37244.7,33158835
1639035900000,37246.1,37262.05,36960.95,37068.05,37308531
1639043100000,37066.25,37095.35,37047.15,37049.95,10433071
1639107900000,37128.25,37153.25,36833.85,36957.05,51377344
1639115100000,36959.45,37026.45,36825.85,36869.0,34198180
1639122300000,36870.95,37125.75,36824.4,37120.75,94702882
1639129500000,37118.4,37140.4,37080.5,37104.0,19226549
1639367100000,37382.6,37581.05,37286.25,37474.25,70714195
1639374300000,37474.15,37512.65,36994.85,37048.75,43310680
1639381500000,37047.0,37203.9,36861.9,36906.05,43801710
1639388700000,36902.2,36991.0,36897.1,36962.2,15098367
1639453500000,36797.5,36829.5,36545.4,36656.25,52550595
1639460700000,36656.85,36971.4,36620.05,36920.75,39956850
1639467900000,36922.35,37039.05,36772.5,36886.7,38505206
1639475100000,36884.55,36924.1,36866.2,36894.75,11856092
1639539900000,36957.45,37083.5,36787.1,36905.1,53612094
1639547100000,36905.25,37064.7,36853.1,36924.05,26958625
1639554300000,36922.55,37023.3,36784.4,36790.9,29151213
1639561500000,36790.05,36795.35,36743.2,36769.25,10749631
1639626300000,37094.5,37159.3,36791.3,36846.2,47476662
1639633500000,36846.15,36864.9,36527.8,36641.3,30817841
1639640700000,36642.6,36735.25,36385.75,36549.0,37041806
1639647900000,36550.0,36599.55,36531.5,36585.45,10135806
1639712700000,36550.75,36550.75,35788.3,35882.3,59813352
1639719900000,35884.4,35928.6,35734.55,35860.05,44839361
1639727100000,35857.65,35954.55,35535.05,35613.45,55549972
1639734300000,35612.2,35694.75,35586.85,35679.85,16527635
1639971900000,35226.15,35231.1,34237.5,34385.15,92317873
1639979100000,34386.05,34409.9,34018.45,34112.0,54374200
1639986300000,34112.4,34510.3,34099.95,34439.6,63750213
1639993500000,34442.4,34511.2,34417.25,34436.5,15318169
1640058300000,34871.35,35008.85,34593.65,34928.35,62282873
1640065500000,34929.25,35050.0,34856.1,34900.4,42577412
1640072700000,34902.9,34962.5,34389.95,34606.65,66325348
1640079900000,34607.1,34665.9,34588.35,34664.75,11472460
1640144700000,34865.8,35014.7,34687.6,34878.75,67893266
1640151900000,34878.2,34963.35,34783.4,34783.4,27670414
1640159100000,34784.6,35051.25,34728.45,34997.45,52657300
1640166300000,35002.3,35112.1,34987.9,35095.25,13867014
1640231100000,35359.4,35359.4,35093.2,35180.25,45775318
1640238300000,35179.35,35447.1,35127.15,35393.4,36906166
1640245500000,35392.75,35477.3,35199.85,35248.85,37405929
1640252700000,35248.6,35249.85,35046.25,35082.85,11927461
1640317500000,35327.95,35327.95,34583.4,34743.05,58903919
1640324700000,34744.45,34806.0,34660.3,34701.7,38990552
1640331900000,34701.75,35074.85,34697.95,34871.1,43026699
1640339100000,34870.45,34895.3,34837.0,34879.65,10647206
1640576700000,34596.45,34801.8,34233.0,34746.75,84865674
1640583900000,34742.4,35084.9,34687.25,34979.4,39174582
1640591100000,34976.75,35143.7,34906.4,35057.55,37147354
1640598300000,35053.4,35107.35,35042.0,35107.35,11445856
1640663100000,35315.45,35352.4,35037.9,35185.75,52097846
1640670300000,35185.2,35285.65,35146.7,35215.15,32206902
1640677500000,35212.3,35285.6,35049.9,35185.1,45268112
1640684700000,35187.4,35201.8,35165.2,35173.35,10105854
1640749500000,35177.0,35378.3,35038.6,35168.65,48051586
1640756700000,35171.4,35246.45,35131.35,35206.25,24180806
1640763900000,35207.15,35244.95,35069.55,35076.95,36680299
1640771100000,35074.05,35081.0,34890.8,34946.45,12068891
1640835900000,34982.0,35060.0,34751.25,34908.85,53862656
1640843100000,34908.15,35103.05,34864.75,35070.35,30933501
1640850300000,35071.25,35154.1,34979.75,35082.9,105377148
1640857500000,35082.5,35179.05,35059.1,35131.1,63477523
1640922300000,35134.5,35596.95,35113.75,35495.0,62638006
1640929500000,35496.05,35570.6,35454.15,35555.4,34485275
1640936700000,35553.95,35567.25,35403.9,35470.0,35792694
1640943900000,35472.45,35515.5,35463.8,35510.95,13341197
1641181500000,35612.35,35960.5,35526.6,35958.6,52077990
1641188700000,35961.55,36181.5,35909.9,36164.0,39811967
1641195900000,36163.65,36462.05,36119.9,36414.65,63492457
1641203100000,36417.3,36492.1,36405.3,36467.65,17012961
1641267900000,36502.45,36887.8,36374.4,36718.45,84996578
1641275100000,36715.2,36805.75,36647.05,36689.0,34460741
1641282300000,36690.0,36851.05,36518.6,36814.7,47314516
1641289500000,36819.0,36883.5,36810.9,36856.75,16312155
1641354300000,36945.15,37454.45,36756.35,37327.8,93203825
1641361500000,37331.05,37806.9,37306.2,37788.55,55632525
1641368700000,37792.45,37862.4,37624.2,37721.15,77791742
1641375900000,37719.8,37727.05,37636.65,37644.9,16883261
1641440700000,37308.45,37443.6,37058.45,37184.05,68614841
1641447900000,37181.8,37380.6,37175.15,37372.85,34210895
1641455100000,37374.25,37752.5,37310.65,37451.45,64837441
1641462300000,37454.2,37530.2,37424.9,37470.45,14600934
1641527100000,37674.0,38134.85,37597.6,37935.55,88439496
1641534300000,37935.85,37969.2,37427.8,37603.15,58061334
1641541500000,37604.3,37748.35,37534.65,37712.95,44593444
1641548700000,37711.5,37835.25,37684.6,37755.1,13642421
1641786300000,37949.6,38261.6,37929.35,38131.45,71969201
1641793500000,38128.3,38159.1,37943.55,38125.6,40892594
1641800700000,38125.25,38362.95,38082.15,38356.75,91318979
1641807900000,38355.55,38400.35,38336.25,38344.95,21869285
1641872700000,38379.3,38484.75,38031.75,38311.4,73026608
1641879900000,38313.5,38462.1,38281.25,38435.0,33320470
1641887100000,38434.6,38504.6,38271.85,38446.5,49644555
1641894300000,38448.45,38491.95,38413.85,38433.55,14559212
1641959100000,38724.8,38851.45,38604.6,38766.45,70631050
1641966300000,38764.3,38800.1,38701.8,38788.9,29890852
1641973500000,38786.75,38790.65,38611.6,38734.95,41131392
1641980700000,38732.65,38744.5,38694.05,38708.85,13595173
1642045500000,38691.7,38710.7,38401.7,38518.3,70538912
1642052700000,38520.15,38576.4,38418.2,38462.7,39896290
1642059900000,38462.35,38528.6,38376.15,38494.95,46924660
1642067100000,38495.0,38497.0,38453.45,38465.7,12396470
1642131900000,38304.3,38364.5,38094.1,38106.1,55274910
1642139100000,38104.1,38209.5,38007.75,38204.8,26690081
1642146300000,38205.55,38448.05,38201.95,38378.3,33224998
1642153500000,38377.9,38385.6,38304.95,38312.8,11310145
1642391100000,38269.8,38617.5,38204.65,38347.9,61106359
1642398300000,38345.15,38382.05,38138.25,38227.45,28695405
1642405500000,38231.35,38275.5,38153.4,38194.75,38096220
1642412700000,38198.5,38255.55,38192.05,38243.85,12555508
1642477500000,38381.25,38469.55,38254.2,38367.95,59928816
1642484700000,38367.1,38747.15,38367.1,38738.5,31612389
1642491900000,38736.4,38855.55,38095.4,38164.15,84308455
1642499100000,38162.25,38243.65,38132.05,38214.8,13122816
1642563900000,38104.9,38330.5,37892.2,38083.3,66910099
1642571100000,38080.5,38152.35,37797.55,37951.6,32647267
1642578300000,37952.5,38140.3,37769.25,38061.15,71650806
1642585500000,38060.8,38091.0,37968.85,38058.85,14598242
1642650300000,38153.65,38167.95,37895.75,37914.3,56977466
1642657500000,37913.1,38055.85,37844.15,37893.1,43328094
1642664700000,37891.25,37919.5,37591.85,37876.0,58635214
1642671900000,37875.05,37936.15,37825.7,37908.65,12740339
1642736700000,37576.25,37576.25,37224.25,37389.45,71747559
1642743900000,37385.45,37739.45,37362.05,37701.45,36599331
1642751100000,37699.9,37704.05,37245.55,37542.4,62004493
1642758300000,37543.1,37741.0,37543.1,37738.65,13307923
1642995900000,37603.65,37694.7,37314.7,37383.7,90684743
1643003100000,37380.4,37434.8,36882.45,36994.45,63182167
1643010300000,36996.65,37063.65,36375.35,37042.1,89401034
1643017500000,37048.6,37073.95,36806.7,36834.9,18406353
1643082300000,36647.55,37326.85,36415.6,37131.1,103992751
1643089500000,37133.3,37387.9,37106.85,37322.3,87924868
1643096700000,37323.6,37721.6,37319.75,37714.45,102302149
1643103900000,37714.5,37788.8,37703.95,37714.0,20035611
1643255100000,37114.95,37420.9,37031.35,37251.05,115426246
1643262300000,37248.75,37630.5,37012.25,37613.45,101814190
1643269500000,37613.65,38116.05,37514.6,38062.2,166152524
1643276700000,38063.9,38147.65,37961.35,38094.9,29025743
1643341500000,38269.8,38421.7,38023.85,38220.7,143788794
1643348700000,38220.25,38391.45,38141.6,38202.85,60250143
1643355900000,38205.0,38297.0,37581.5,37669.7,94334974
1643363100000,37669.15,37747.7,37655.5,37687.5,17620075
1643600700000,38108.35,38217.25,37647.85,37846.55,97790184
1643607900000,37846.4,38115.55,37833.4,38078.2,67982776
1643615100000,38078.05,38132.7,37867.6,38005.5,82239448
1643622300000,38006.05,38044.9,37944.05,37957.65,18579613
1643687100000,38495.2,38802.7,38221.35,38682.0,96606290
1643694300000,38682.7,38743.2,37730.3,37761.7,95566166
1643701500000,37768.45,38614.1,37690.6,38467.45,99088226
1643708700000,38464.5,38585.7,38461.45,38568.7,15855081
1643773500000,38752.65,39177.25,38752.65,39123.25,98947624
1643780700000,39123.8,39281.4,39093.35,39164.25,40189656
1643787900000,39166.3,39386.6,39082.95,39337.1,123065560
1643795100000,39334.4,39346.6,39302.0,39338.2,22584498
1643859900000,39283.05,39398.45,39149.65,39230.75,88012908
1643867100000,39232.45,39424.85,39131.2,39303.5,66854327
1643874300000,39302.0,39318.0,39041.1,39062.6,65810997
1643881500000,39063.95,39065.2,38861.15,38880.6,15857746
1643946300000,39059.95,39278.6,38913.4,39027.3,75357683
1643953500000,39027.35,39044.65,38562.6,38623.25,48662613
1643960700000,38618.5,38907.95,38575.1,38820.5,55498890
1643967900000,38822.35,38822.6,38718.5,38735.55,15621323
1644205500000,38684.3,38837.55,38437.15,38465.4,209564349
1644212700000,38462.55,38464.95,38178.15,38190.7,71926270
1644219900000,38187.2,38242.95,37802.7,38005.75,103487232
1644227100000,38006.3,38048.6,37943.6,37990.2,21890680
1644291900000,38194.35,38222.1,37319.05,37442.1,98173273
1644299100000,37444.8,38059.75,37416.2,37615.2,87379117
1644306300000,37617.0,38148.4,37595.4,38081.5,95292454
1644313500000,38082.6,38103.6,37911.6,37942.65,19398695
1644378300000,38208.4,38530.55,38192.0,38383.75,86495481
1644385500000,38383.65,38544.35,38359.25,38384.6,38792439
1644392700000,38378.0,38638.65,38378.0,38620.25,40531484
1644399900000,38613.95,38648.15,38590.55,38602.4,12940640
1644464700000,38717.4,39124.9,38520.0,39084.0,73604280
1644471900000,39083.95,39197.2,38965.05,39153.2,46646133
1644479100000,39152.65,39176.7,38985.3,38986.55,47045091
1644486300000,38986.45,39033.15,38924.25,38962.25,14104237
1644551100000,38600.55,38781.9,38396.4,38515.9,81390424
1644558300000,38515.7,38708.15,38447.4,38706.45,30584335
1644565500000,38709.0,38790.25,38460.8,38579.15,54679274
1644572700000,38576.8,38588.65,38409.6,38434.35,13969816
1644810300000,37796.55,37796.55,37213.9,37466.0,107159278
1644817500000,37461.0,37461.0,37251.95,37388.3,40332735
1644824700000,37390.05,37416.5,36843.85,36898.45,84997052
1644831900000,36897.4,36948.3,36828.05,36847.45,17819989
1644896700000,37028.45,37172.45,36651.85,36940.25,86306000
1644903900000,36945.05,37386.8,36907.85,37339.95,51466714
1644911100000,37340.35,38194.35,37271.25,38182.8,82549765
1644918300000,38186.35,38231.6,38144.95,38152.85,16185139
1644983100000,38310.8,38403.7,37762.8,37864.1,77933499
1644990300000,37866.05,38275.0,37838.05,38179.65,48222405
1644997500000,38181.8,38461.7,37918.45,37983.3,60027825
1645004700000,37983.0,37986.3,37831.25,37863.65,12699586
1645069500000,38047.75,38124.5,37496.3,37828.8,65626662
1645076700000,37827.8,37918.2,37642.95,37769.35,30539627
1645083900000,37767.5,37869.7,37466.15,37478.75,47390229
1645091100000,37480.75,37515.55,37425.6,37458.9,11548066
1645155900000,37372.5,37615.85,37304.45,37610.25,47711244
1645163100000,37608.4,37817.55,37538.3,37754.8,35315857
1645170300000,37755.3,37812.75,37493.0,37604.95,42410018
1645177500000,37607.45,37628.35,37557.1,37570.6,10097475
1645415100000,37483.35,37759.2,37156.8,37737.9,69233272
1645422300000,37734.5,38054.4,37709.15,38022.55,41696173
1645429500000,38022.35,38040.95,37592.6,37657.75,52712142
1645436700000,37652.85,37730.55,37624.8,37702.7,11024244
1645501500000,37038.05,37307.45,36818.1,37263.1,78771860
1645508700000,37263.55,37369.0,37082.4,37154.15,41906683
1645515900000,37159.35,37659.4,37102.35,37373.5,65170043
1645523100000,37372.3,37399.75,37294.6,37340.8,12472095
1645587900000,37664.2,37774.6,37474.35,37602.55,73855056
1645595100000,37602.05,37717.35,37510.55,37607.05,45887695
1645602300000,37606.15,37661.65,37350.95,37358.1,53349455
1645609500000,37358.5,37404.8,37318.0,37358.15,14686498
1645674300000,36255.6,36709.15,35889.45,36137.15,137754784
1645681500000,36138.95,36307.85,35870.3,36075.9,122437850
1645688700000,36077.55,36079.3,35213.15,35236.65,171960181
1645695900000,35239.15,35263.1,34991.35,35095.25,39844624
1645760700000,35921.35,36668.65,35768.2,36558.0,208881610
1645767900000,36559.3,36684.65,36372.25,36531.0,79042394
1645775100000,36533.4,36573.75,36227.45,36425.35,93815702
1645782300000,36419.35,36485.4,36361.65,36485.4,17511221
1646019900000,35970.15,36037.05,35611.9,35978.7,102274393
1646027100000,35986.05,36270.25,35895.2,36112.85,62165719
1646034300000,36113.95,36258.35,35906.1,36211.7,73056102
1646041500000,36210.9,36235.75,36178.0,36211.6,23997659
1646192700000,35553.7,35553.7,35111.6,35185.45,96710695
1646199900000,35184.05,35276.0,34897.45,35097.4,60280356
1646207100000,35099.3,35403.45,34902.9,35394.75,67853150
1646214300000,35392.35,35545.95,35392.35,35475.8,23631148
1646279100000,35683.1,35804.15,35102.9,35236.95,74058213
1646286300000,35238.75,35347.15,35022.55,35055.85,45272933
1646293500000,35058.25,35152.95,34721.15,35104.15,66470851
1646300700000,35110.75,35194.15,34874.2,34959.45,17814495
1646365500000,34574.4,34675.55,34094.1,34143.55,81079583
1646372700000,34142.75,35000.85,34120.15,34821.1,64345442
1646379900000,34823.1,35097.75,34424.55,34460.2,68250324
1646387100000,34462.6,34467.15,34321.2,34376.35,14169391
1646624700000,33250.95,33543.3,32631.5,32910.05,39321439
1646631900000,32908.7,33125.55,32804.15,32811.35,63710871
1646639100000,32813.1,32920.55,32376.5,32896.15,104311910
1646646300000,32896.4,32997.3,32886.05,32914.55,21768216
1646711100000,32560.4,32862.05,32365.55,32451.8,134756667
1646718300000,32448.45,32464.6,32155.35,32357.2,61959129
1646725500000,32359.55,33191.5,32171.85,33176.45,113018987
1646732700000,33179.0,33263.55,33140.55,33206.9,20933020
1646797500000,33259.45,33313.6,32948.9,33106.3,96152840
1646804700000,33106.8,33632.0,33015.95,33595.1,86276505
1646811900000,33593.35,33969.5,33337.2,33813.8,91881660
1646819100000,33810.6,33901.05,33763.7,33891.25,19753603
1646883900000,34952.55,35374.15,34716.65,35335.85,144357371
1646891100000,35337.2,35342.85,34771.05,34868.1,63863172
1646898300000,34868.85,35016.35,34218.05,34540.6,102291065
1646905500000,34542.55,34557.85,34366.35,34400.7,18325389
1646970300000,34283.6,34880.05,34094.3,34514.55,85497335
1646977500000,34510.4,34715.6,34408.6,34454.65,44595588
1646984700000,34455.05,34622.95,34320.3,34528.0,53941204
1646991900000,34528.65,34569.55,34508.2,34546.7,15829744
1647229500000,34733.75,34987.1,34625.05,34975.25,82349139
1647236700000,34972.35,35195.25,34936.5,35150.35,52309335
1647243900000,35156.35,35435.1,35088.15,35322.05,76423869
1647251100000,35325.1,35357.1,35175.25,35343.65,19915727
1647315900000,35487.95,35633.15,35235.2,35466.0,105806985
1647323100000,35465.25,35643.8,35152.9,35198.2,60771856
1647330300000,35196.2,35198.45,34706.05,35031.55,75817908
1647337500000,35032.55,35078.75,34911.3,34941.7,16296187
1647402300000,35461.55,35806.35,35461.55,35597.5,76353542
1647409500000,35597.15,35767.35,35560.75,35560.75,45766412
1647416700000,35553.4,35802.0,35509.1,35754.8,52337701
1647423900000,35757.45,35760.4,35684.65,35689.3,15358676
1647488700000,36316.6,36545.0,36261.65,36487.65,77378092
1647495900000,36488.8,36593.85,36416.95,36496.4,38959059
1647503100000,36496.8,36611.95,36369.7,36407.25,65372368
1647510300000,36409.4,36458.4,36354.5,36388.55,20917014
1647834300000,36573.95,36600.2,36094.85,36232.65,56094154
1647841500000,36233.05,36288.1,35900.2,35945.2,34530497
1647848700000,35948.25,36158.25,35911.7,36038.2,35794848
1647855900000,36036.0,36074.75,36017.2,36046.15,14404298
1647920700000,36012.7,36012.7,35421.35,35653.3,68112259
1647927900000,35652.9,36161.4,35384.75,36138.0,60841007
1647935100000,36138.25,36355.2,36036.25,36346.15,74362867
1647942300000,36342.2,36468.8,36328.25,36439.95,19731292
1648007100000,36630.55,36827.6,36279.45,36336.2,88930447
1648014300000,36335.65,36441.4,36139.1,36271.8,41765462
1648021500000,36270.65,36379.1,36079.35,36174.15,69330197
1648028700000,36169.45,36184.65,36064.75,36084.95,14923158
1648093500000,35695.95,35899.1,35581.25,35866.7,86527886
1648100700000,35865.6,35957.7,35428.8,35444.8,56812179
1648107900000,35448.9,35716.35,35421.7,35525.4,62419465
1648115100000,35523.25,35534.15,35493.95,35526.85,18193729
1648179900000,35709.8,35717.4,35352.1,35505.1,77005304
1648187100000,35504.8,35540.95,35322.4,35420.05,43707250
1648194300000,35420.75,35483.55,35203.85,35316.1,53002603
1648201500000,35318.7,35575.05,35306.75,35536.45,17898724
1648439100000,35572.85,35572.85,35016.3,35137.45,74481466
1648446300000,35136.85,35691.15,35069.25,35656.8,64428271
1648453500000,35648.45,35747.65,35483.05,35683.1,72560718
1648460700000,35680.95,35770.8,35674.9,35749.25,19604324
1648525500000,35933.5,35977.2,35673.7,35809.1,61365733
1648532700000,35806.45,35848.15,35613.05,35674.9,45990523
1648539900000,35667.7,35871.4,35506.55,35824.8,61351052
1648547100000,35820.15,35957.75,35812.7,35923.9,28197363
1648611900000,36205.35,36421.1,36070.55,36374.9,94239349
1648619100000,36373.55,36384.5,36203.95,36270.55,89120695
1648626300000,36270.0,36357.2,36151.7,36339.25,140943828
1648633500000,36340.3,36363.1,36303.1,36324.35,74939439
1648698300000,36463.85,36590.85,36278.15,36481.7,65141143
1648705500000,36480.9,36513.75,36347.5,36472.65,40438182
1648712700000,36472.6,36496.85,36284.15,36366.35,62393601
1648719900000,36366.5,36386.15,36328.85,36371.0,20238385
1648784700000,36253.15,36799.9,36242.35,36781.3,95620289
1648791900000,36781.8,36993.7,36703.55,36939.55,60878506
1648799100000,36939.4,37149.25,36937.5,37124.8,65407016
1648806300000,37126.7,37209.8,37110.55,37158.9,24343293
1649043900000,37861.0,38765.85,37665.55,38185.35,138733658
1649051100000,38184.6,38440.25,38078.05,38413.75,82201018
1649058300000,38414.6,38712.0,38334.2,38645.95,68353999
1649065500000,38644.1,38687.7,38581.95,38600.85,19630275
1649130300000,38759.25,38759.25,38090.65,38336.75,100863844
1649137500000,38336.55,38498.25,38259.05,38498.25,46927332
1649144700000,38496.5,38631.0,38029.05,38035.45,56885765
1649151900000,38037.25,38070.2,37935.95,37968.0,16384220
1649216700000,37746.45,37827.2,37513.85,37651.25,73242379
1649223900000,37650.6,37868.5,37576.6,37676.7,34692629
1649231100000,37676.1,37741.15,37548.3,37641.5,77062043
1649238300000,37644.55,37646.95,37579.95,37591.55,14394044
1649303100000,37500.9,37631.4,37346.8,37562.5,83843887
1649310300000,37567.0,37975.9,37548.4,37879.1,71350746
1649317500000,37877.8,37896.45,37489.8,37533.75,75833002
1649324700000,37530.7,37605.9,37509.4,37599.3,14392005
1649389500000,37642.75,37801.25,37406.55,37455.05,95668763
1649396700000,37456.8,37742.4,37405.2,37667.05,46723872
1649403900000,37670.9,37884.2,37631.3,37710.7,47509861
1649411100000,37709.55,37803.1,37709.55,37803.1,13230138
1649648700000,37643.35,37895.95,37524.45,37804.65,61839441
1649655900000,37802.35,37941.75,37705.25,37872.85,27853883
1649663100000,37875.65,37915.7,37549.1,37611.45,32836820
1649670300000,37607.0,37656.75,37584.75,37645.75,9678755
1649735100000,37453.2,37516.05,37264.45,37405.5,64071196
1649742300000,37405.85,37587.95,37362.15,37470.4,31186050
1649749500000,37467.85,37920.6,37360.35,37735.7,65267589
1649756700000,37736.0,37773.95,37706.35,37747.85,11376551
1649821500000,37892.15,37988.6,37691.95,37779.2,54573207
1649828700000,37775.6,37801.55,37522.1,37696.7,39898546
1649835900000,37699.5,37728.4,37430.45,37441.4,37021213
1649843100000,37442.3,37478.35,37408.2,37439.8,12571575
1650253500000,36851.95,36965.85,36656.55,36749.95,79468816
1650260700000,36749.35,36871.3,36441.35,36531.85,44628733
1650267900000,36532.3,36758.65,36517.6,36745.4,46639721
1650275100000,36743.2,36885.55,36743.2,36791.6,12823123
1650339900000,36834.95,36943.6,36610.75,36775.5,72183025
1650347100000,36777.45,36975.9,36712.55,36756.4,46613002
1650354300000,36757.4,37123.55,36276.0,36365.6,77310257
1650361500000,36365.15,36390.7,35926.3,36070.65,23962916
1650426300000,36504.75,36504.75,36187.5,36393.2,62858675
1650433500000,36391.05,36513.85,36225.45,36378.25,33985137
1650440700000,36376.4,36460.45,36114.05,36290.2,47842604
1650447900000,36290.85,36363.3,36266.55,36351.55,9840643
1650512700000,36509.65,36615.2,36395.7,36605.5,45518731
1650519900000,36605.2,36668.95,36542.2,36577.95,24240433
1650527100000,36578.8,36834.65,36552.4,36812.0,48318473
1650534300000,36813.0,36913.35,36795.7,36911.25,15282464
1650599100000,36578.95,36578.95,36248.3,36411.85,53930863
1650606300000,36413.1,36433.75,36290.05,36338.7,25003502
1650613500000,36336.1,36372.95,36010.3,36061.6,48187376
1650620700000,36064.85,36075.5,35991.5,36008.2,13803802
1650858300000,35803.3,36229.95,35511.4,36117.05,86750558
1650865500000,36113.7,36191.65,35901.9,36187.4,37586613
1650872700000,36185.3,36270.15,35882.35,36047.0,44486245
1650879900000,36047.2,36205.35,36032.15,36192.85,13707250
1650944700000,36530.9,36581.7,36435.9,36471.1,49298366
1650951900000,36472.5,36604.55,36297.45,36371.6,31128156
1650959100000,36369.2,36532.55,36265.9,36418.5,49281901
1650966300000,36420.35,36456.05,36377.55,36390.15,13932366
1651031100000,36077.6,36175.9,36016.9,36087.55,49574469
1651038300000,36087.05,36087.05,35747.15,35798.4,33124677
1651045500000,35798.05,36108.9,35797.55,36022.05,43240839
1651052700000,36021.6,36077.35,35999.75,36045.85,10467870
1651117500000,36240.85,36240.85,35951.1,36008.3,46590887
1651124700000,36008.65,36331.3,35996.8,36327.05,26764542
1651131900000,36326.4,36492.9,36261.1,36356.7,46691017
1651139100000,36358.4,36501.1,36349.5,36424.0,17987368
1651203900000,36524.0,36606.15,36342.6,36548.0,62577429
1651211100000,36541.0,36718.8,36536.45,36677.8,34361610
1651218300000,36676.9,36687.75,36061.75,36080.6,58718194
1651225500000,36079.8,36101.7,35978.95,36063.75,16904805
1651463100000,35682.95,36060.8,35618.2,35911.05,75236891
1651470300000,35909.1,36073.7,35848.5,35978.8,41805625
1651477500000,35979.9,36235.25,35856.35,36170.45,42214459
1651484700000,36168.4,36207.45,36124.2,36138.45,10829764
1651635900000,36288.0,36309.3,35992.35,36076.7,58679819
1651643100000,36076.5,36161.6,35735.05,35924.7,50438134
1651650300000,35926.4,36160.55,35127.85,35355.3,88427455
1651657500000,35353.65,35362.55,35220.7,35317.55,17335591
1651722300000,35713.1,35934.85,35550.35,35905.7,65435539
1651729500000,35904.6,35906.4,35583.15,35601.7,37551508
1651736700000,35599.95,35706.55,35148.3,35256.65,52257100
1651743900000,35257.0,35317.65,35133.8,35160.1,12470900
1651808700000,34676.15,34723.8,34353.2,34442.35,60312018
1651815900000,34443.4,34667.4,34383.05,34404.25,43491381
1651823100000,34403.55,34797.95,34372.95,34581.6,78474340
1651830300000,34583.9,34682.35,34579.75,34681.5,17403799
1652067900000,34225.2,34256.7,33927.2,34127.55,72228085
1652075100000,34126.1,34554.35,34050.35,34347.65,42503045
1652082300000,34349.45,34508.3,34096.75,34306.65,52230242
1652089500000,34306.2,34346.95,34272.55,34321.05,13226722
1652154300000,34244.7,34458.3,34176.8,34372.4,47375298
1652161500000,34373.25,34710.8,34305.15,34653.6,32585891
1652168700000,34658.15,34781.8,34428.65,34473.15,45759851
1652175900000,34472.05,34511.3,34412.35,34418.2,12777322
1652240700000,34691.5,34727.45,34296.4,34393.9,61567906
1652247900000,34388.95,34560.85,34188.15,34196.4,45359298
1652255100000,34197.65,34738.35,34143.2,34683.5,61098233
1652262300000,34683.85,34793.2,34669.85,34776.25,12025036
1652327100000,34329.45,34341.2,33725.75,33736.7,171623049
1652334300000,33733.1,33810.5,33585.45,33644.45,68911486
1652341500000,33643.6,33827.25,33297.65,33585.9,116530793
1652348700000,33587.0,33593.95,33501.75,33559.55,24679514
1652413500000,33960.1,33967.25,33554.65,33770.3,81287428
1652420700000,33772.45,33906.5,33669.95,33906.5,47355141
1652427900000,33899.85,34002.2,33007.9,33094.6,124432680
1652435100000,33093.9,33233.35,33052.0,33086.35,22865482
1652672700000,33263.7,33808.45,33001.75,33732.2,77701173
1652679900000,33734.3,33757.35,33346.5,33480.6,49436622
1652687100000,33478.85,33821.65,33465.5,33548.55,53139805
1652694300000,33547.9,33651.3,33521.05,33643.35,15188525
1652759100000,33810.0,34008.7,33680.6,33924.0,59497745
1652766300000,33909.8,34159.8,33888.05,34149.75,37539458
1652773500000,34150.5,34366.05,34005.8,34271.9,49743960
1652780700000,34274.5,34348.75,34261.15,34346.75,15096861
1652845500000,34455.6,34655.8,34324.5,34492.9,62895571
1652852700000,34493.7,34586.9,34205.25,34271.75,35249423
1652859900000,34274.25,34416.9,34135.25,34158.55,38807668
1652867100000,34159.05,34202.0,34134.7,34198.35,10477162
1652931900000,33552.85,33633.95,33387.15,33557.7,57188914
1652939100000,33558.55,33580.0,33266.35,33280.85,34686135
1652946300000,33279.25,33390.85,33180.6,33279.65,45353410
1652953500000,33280.45,33373.15,33276.2,33359.0,13807699
1653018300000,33685.6,34139.5,33658.05,34075.9,46303555
1653025500000,34078.2,34285.7,33940.1,34267.75,33877105
1653032700000,34269.2,34358.05,34155.7,34290.8,38645296
1653039900000,34289.4,34324.3,34193.85,34311.55,11201289
1653277500000,34330.6,34657.95,34271.5,34636.55,48997301
1653284700000,34636.85,34783.9,34634.75,34683.6,40942827
1653291900000,34683.45,34819.95,34213.1,34227.6,56176271
1653299100000,34227.2,34273.55,34117.35,34157.8,10810118
1653363900000,34250.4,34490.65,34115.8,34297.45,57333415
1653371100000,34295.3,34586.45,34267.15,34345.3,42216375
1653378300000,34346.05,34436.4,34180.8,34253.9,52135811
1653385500000,34257.7,34317.9,34225.4,34305.7,13080466
1653450300000,34492.5,34719.4,34397.0,34716.3,49356163
1653457500000,34712.5,34722.6,34385.8,34450.6,47195221
1653464700000,34453.7,34549.85,34326.3,34341.3,45792162
1653471900000,34343.95,34370.15,34285.8,34313.9,12103832
1653536700000,34689.8,34720.15,34424.75,34480.2,60955489
1653543900000,34478.9,34836.8,34449.15,34836.2,47027281
1653551100000,34837.6,35135.0,34738.85,35089.55,69342575
1653558300000,35088.6,35222.05,35087.25,35199.2,14994433
1653623100000,35335.1,35583.45,35291.95,35484.0,59541854
1653630300000,35485.35,35630.25,35381.2,35588.05,29046121
1653637500000,35585.15,35694.85,35494.1,35587.3,33321386
1653644700000,35589.3,35643.0,35584.85,35617.7,11516038
1653882300000,35979.3,36063.15,35922.15,36039.3,39766135
1653889500000,36042.75,36083.7,35816.0,35954.1,39064828
1653896700000,35954.5,35954.5,35748.45,35811.3,37693559
1653903900000,35810.35,35859.35,35803.5,35832.05,10665886
1653968700000,35665.5,35881.95,35579.4,35822.05,38445184
1653975900000,35822.35,35855.95,35675.35,35728.0,26502743
1653983100000,35727.75,35846.35,35423.4,35423.9,61054299
1653990300000,35425.75,35441.1,35288.95,35362.85,31508459
1654055100000,35407.3,35738.55,35345.65,35662.05,35225509
1654062300000,35657.85,35768.7,35538.5,35542.15,20392232
1654069500000,35539.7,35644.25,35285.45,35642.85,36424682
1654076700000,35647.8,35749.25,35644.2,35679.7,9269560
1654141500000,35522.2,35655.95,35385.0,35509.65,64744058
1654148700000,35513.45,35599.8,35445.05,35506.4,23678956
1654155900000,35507.1,35676.2,35438.3,35643.7,40476450
1654163100000,35643.4,35670.75,35585.05,35610.6,11783607
1654227900000,35933.9,35958.45,35652.0,35696.75,39267406
1654235100000,35696.35,35746.15,35529.1,35567.2,21292887
1654242300000,35567.1,35604.4,35175.1,35240.4,34745474
1654249500000,35243.8,35381.0,35224.5,35296.45,10135057
1654487100000,35178.65,35408.9,35072.3,35274.65,42356754
1654494300000,35270.2,35413.8,35162.35,35357.8,24465730
1654501500000,35358.15,35424.5,35240.45,35358.15,27220973
1654508700000,35356.55,35380.95,35295.0,35314.05,7352608
1654573500000,35125.4,35154.3,34928.65,34953.55,37910104
1654580700000,34953.5,35051.05,34887.35,34929.85,21282100
1654587900000,34927.1,35027.85,34834.4,35000.25,24800109
1654595100000,34998.15,35026.6,34968.6,34972.05,8044985
1654659900000,35168.0,35449.9,34840.35,35259.7,56934302
1654667100000,35260.2,35352.2,35109.65,35113.4,22072985
1654674300000,35113.9,35113.9,34831.75,34948.1,37464338
1654681500000,34949.35,34977.25,34882.75,34888.75,8685511
1654746300000,34809.7,34898.5,34659.1,34814.35,34492032
1654753500000,34815.9,34959.5,34765.5,34797.95,22816137
1654760700000,34799.75,35104.15,34788.1,35096.2,32668308
1654767900000,35098.35,35149.1,35087.7,35116.8,10570702
1654832700000,34752.45,34752.45,34570.25,34636.75,30138761
1654839900000,34637.95,34638.9,34465.75,34520.55,20473095
1654847100000,34520.95,34551.3,34346.65,34515.05,29248927
1654854300000,34514.65,34523.55,34432.95,34479.4,9715856
1655091900000,33720.0,33774.05,33235.35,33349.95,56039302
1655099100000,33350.15,33403.1,33244.1,33309.0,26541732
1655106300000,33310.95,33394.85,33210.35,33394.85,37571470
1655113500000,33393.85,33457.6,33393.85,33441.7,11164729
1655178300000,33188.2,33597.9,33123.9,33587.1,40563488
1655185500000,33587.5,33618.15,33294.0,33412.2,30851985
1655192700000,33411.9,33482.75,33173.95,33283.9,31031220
1655199900000,33281.75,33396.75,33276.85,33329.55,10346558
1655264700000,33358.6,33483.15,33249.55,33333.0,31365119
1655271900000,33334.6,33554.55,33314.95,33516.25,21524319
1655279100000,33515.6,33535.5,33292.3,33347.1,28087504
1655286300000,33345.05,33368.8,33316.95,33330.0,9485747
1655351100000,33676.8,33756.5,33389.7,33412.75,35711965
1655358300000,33410.75,33414.45,32915.45,32939.95,32932606
1655365500000,32939.8,32972.75,32584.6,32616.95,47584879
1655372700000,32614.55,32626.5,32537.95,32573.8,12763573
1655437500000,32488.25,32832.65,32290.55,32651.8,57945227
1655444700000,32651.45,32819.05,32481.2,32622.7,26922036
1655451900000,32622.15,32889.8,32534.3,32687.1,40849727
1655459100000,32680.95,32881.3,32628.2,32857.05,13396737
1655696700000,32889.05,32926.1,32452.8,32693.05,51182462
1655703900000,32696.15,32864.0,32642.1,32674.35,29171303
1655711100000,32672.4,32760.7,32426.4,32703.35,50882104
1655718300000,32705.8,32770.45,32687.8,32699.45,12803550
1655783100000,32981.25,33199.35,32797.55,33196.1,60164905
1655790300000,33194.5,33575.2,33127.1,33574.4,44797818
1655797500000,33577.75,33593.8,33164.2,33173.2,135828350
1655804700000,33172.05,33205.55,33143.1,33186.55,17082214
1655869500000,33104.8,33106.95,32761.6,32914.85,52252140
1655876700000,32917.3,32959.05,32823.05,32886.95,38394630
1655883900000,32889.0,33001.0,32758.15,32867.7,33619192
1655891100000,32868.6,32880.2,32787.7,32793.5,10091811
1655955900000,32946.55,33431.75,32827.15,33370.95,63597512
1655963100000,33370.15,33416.2,32652.15,32706.6,48943502
1655970300000,32705.3,33306.55,32666.35,33125.65,60698405
1655977500000,33128.55,33182.35,33090.0,33171.05,19451364
1656042300000,33456.0,33692.5,33390.85,33599.7,50426795
1656049500000,33599.9,33687.9,33451.85,33664.25,34585022
1656056700000,33666.55,33721.9,33537.05,33646.4,48441253
1656063900000,33646.5,33664.75,33603.8,33655.9,16095247
1656301500000,34126.25,34147.5,33869.35,33925.75,44031161
1656308700000,33926.55,33980.25,33785.6,33908.2,25175891
1656315900000,33908.25,33948.65,33735.5,33814.65,32908540
1656323100000,33811.4,33871.35,33794.45,33814.8,9331632
1656387900000,33617.0,33697.2,33503.3,33547.25,46968437
1656395100000,33545.4,33745.3,33508.05,33521.1,31011021
1656402300000,33522.7,33701.75,33515.25,33614.2,36007129
1656409500000,33615.1,33722.5,33604.15,33692.25,10810264
1656474300000,33342.85,33342.85,33185.25,33257.85,40831861
1656481500000,33258.8,33422.8,33257.75,33364.15,26655347
1656488700000,33365.0,33395.8,33232.7,33250.5,47657283
1656495900000,33250.6,33285.45,33227.7,33239.25,25548340
1656560700000,33226.6,33659.3,33179.6,33374.3,51104826
1656567900000,33371.15,33557.65,33330.95,33469.9,36572407
1656575100000,33471.0,33568.05,33405.0,33427.4,44594738
1656582300000,33429.75,33445.1,33343.25,33360.6,17130749
1656647100000,33267.2,33300.45,33080.45,33277.9,52387447
1656654300000,33275.3,33445.15,33228.2,33406.3,34090811
1656661500000,33408.05,33549.1,33354.1,33532.35,50962619
1656668700000,33532.6,33666.5,33528.7,33605.35,12473629
1656906300000,33613.15,33788.95,33515.6,33726.95,70128157
1656913500000,33726.15,33810.5,33691.8,33735.85,28366447
1656920700000,33737.1,33978.5,33661.75,33969.35,38666035
1656927900000,33967.9,33975.45,33920.95,33964.75,15199364
1656992700000,34114.1,34318.8,34068.8,34255.9,38200780
1656999900000,34255.6,34361.05,34238.95,34284.4,23995698
1657007100000,34281.65,34312.0,33773.2,33817.4,42988021
1657014300000,33823.75,33855.85,33757.0,33769.4,9784566
1657079100000,33936.6,34254.75,33876.15,34177.05,43461656
1657086300000,34178.55,34387.95,34069.9,34384.45,26942089
1657093500000,34385.2,34388.5,34150.75,34331.45,39223836
1657100700000,34323.5,34382.75,34322.65,34355.55,13021289
1657165500000,34562.7,34712.35,34553.1,34660.75,61852380
1657172700000,34657.45,34811.35,34626.9,34789.0,44917115
1657179900000,34790.55,34949.3,34638.8,34897.75,64018526
1657187100000,34898.8,34965.75,34895.4,34935.45,12944452
1657251900000,35262.1,35262.1,35068.1,35121.2,42564579
1657259100000,35121.55,35140.45,35032.55,35091.2,22887679
1657266300000,35093.3,35170.0,34977.75,35151.1,33272077
1657273500000,35149.55,35160.0,35090.4,35125.55,10129045
1657511100000,35052.95,35359.2,35006.55,35306.0,44271047
1657518300000,35306.3,35349.0,35217.05,35332.9,32696312
1657525500000,35331.1,35543.1,35272.9,35470.55,41291680
1657532700000,35472.1,35495.35,35400.1,35442.2,12285448
1657597500000,35258.5,35419.65,35235.8,35336.3,41507446
1657604700000,35336.75,35342.7,35204.75,35273.65,25877286
1657611900000,35273.9,35401.1,35122.6,35124.2,35710360
1657619100000,35122.3,35140.9,35047.5,35054.05,10182844
1657683900000,35263.05,35308.15,35019.75,35061.6,36620811
1657691100000,35061.65,35129.15,34861.2,34886.0,20158560
1657698300000,34887.55,34903.75,34757.6,34818.65,37357744
1657705500000,34816.15,34874.55,34808.25,34818.9,9265320
1657770300000,34840.85,35027.6,34753.15,34860.95,37773933
1657777500000,34857.8,34857.8,34677.75,34712.95,34895155
1657784700000,34712.8,34727.7,34558.45,34660.8,38637218
1657791900000,34660.45,34672.4,34645.4,34663.15,9913873
1657856700000,34765.05,34899.95,34482.0,34505.55,30412623
1657863900000,34504.25,34621.2,34463.9,34601.35,28305448
1657871100000,34606.15,34708.5,34509.9,34687.4,30954671
1657878300000,34688.65,34723.15,34646.15,34704.85,9367077
1658115900000,34843.9,34958.2,34804.4,34945.8,38975384
1658123100000,34944.2,35124.8,34925.3,35099.15,36653204
1658130300000,35098.6,35382.5,35069.95,35321.05,56211257
1658137500000,35322.6,35379.5,35311.8,35354.0,14678546
1658202300000,35153.85,35634.95,35110.5,35630.85,54383050
1658209500000,35632.25,35633.05,35401.2,35446.95,45075913
1658216700000,35447.25,35761.65,35418.2,35725.6,67759023
1658223900000,35723.35,35740.35,35671.7,35708.15,16053849
1658288700000,36067.0,36182.7,35914.9,36155.35,72902944
1658295900000,36154.9,36168.85,35997.35,35997.65,43053288
1658303100000,35999.75,36127.9,35946.9,35951.8,43595632
1658310300000,35950.25,35986.1,35876.55,35890.85,13747337
1658375100000,36027.3,36155.2,35887.35,36145.5,51570253
1658382300000,36144.3,36331.7,36137.45,36204.1,49126092
1658389500000,36199.4,36241.3,36069.9,36191.55,40588244
1658396700000,36189.1,36259.45,36184.95,36226.15,12394174
1658461500000,36345.0,36534.7,36286.35,36491.1,50054832
1658468700000,36490.05,36786.5,36454.55,36692.9,38500862
1658475900000,36688.8,36823.45,36620.4,36784.05,40252994
1658483100000,36786.35,36787.9,36688.25,36737.05,14662981
1658720700000,36738.65,37011.2,36482.05,36485.85,57121443
1658727900000,36480.4,36645.7,36464.65,36635.7,34338085
1658735100000,36637.5,36888.7,36539.95,36711.1,37485705
1658742300000,36714.3,36744.55,36660.8,36667.85,10584786
1658807100000,36695.75,36695.75,36342.7,36388.55,51020423
1658814300000,36392.2,36577.6,36374.8,36523.7,25332516
1658821500000,36525.85,36577.4,36391.4,36398.25,29384589
1658828700000,36401.6,36401.6,36334.1,36349.85,8232927
1658893500000,36392.15,36628.7,36248.6,36573.0,41864924
1658900700000,36568.8,36759.7,36559.9,36716.55,22470259
1658907900000,36716.75,36808.1,36654.85,36782.15,38273318
1658915100000,36782.9,36808.3,36764.15,36795.4,10327316
1658979900000,37107.4,37325.5,37028.5,37317.6,75901156
1658987100000,37317.75,37350.5,37245.25,37331.4,42612374
1658994300000,37329.0,37414.4,37273.7,37377.15,42199180
1659001500000,37373.35,37397.05,37330.6,37336.25,11699580
1659066300000,37730.2,37754.65,37221.15,37452.0,67836244
1659073500000,37454.45,37550.05,37371.4,37501.5,37975326
1659080700000,37500.55,37524.45,37340.1,37519.55,46369819
1659087900000,37518.75,37532.6,37478.75,37486.0,14566806
1659325500000,37621.0,37763.3,37407.2,37709.85,172081339
1659332700000,37710.9,37835.9,37679.55,37811.2,73808774
1659339900000,37803.75,37939.6,37770.45,37876.9,81037883
1659347100000,37879.95,37901.15,37860.95,37867.15,19300480
1659411900000,37727.95,37885.65,37632.3,37826.8,133933727
1659419100000,37830.0,38026.2,37796.05,37901.8,73163107
1659426300000,37903.15,38179.85,37900.15,38065.55,86389928
1659433500000,38065.05,38069.3,37859.85,37876.3,23648650
1659498300000,38013.05,38068.6,37724.9,37743.85,84469195
1659505500000,37745.4,37922.55,37692.95,37876.0,43951453
1659512700000,37878.1,38035.2,37719.25,38033.95,57944586
1659519900000,38035.4,38036.2,37967.65,37999.7,13836272
1659584700000,38157.3,38231.85,37878.3,37888.15,66016690
1659591900000,37884.65,37895.1,37249.5,37659.05,70917813
1659599100000,37660.0,37836.8,37522.75,37739.35,38705463
1659606300000,37743.65,37754.7,37656.0,37687.95,10580530
1659671100000,37805.9,38150.45,37779.9,38119.6,67750990
1659678300000,38122.75,38128.05,37874.7,37950.95,37866835
1659685500000,37947.2,38033.35,37825.1,37912.25,55400282
1659692700000,37910.75,37946.25,37876.9,37907.25,13250672
1659930300000,37857.05,38151.25,37681.45,38082.75,87740720
1659937500000,38081.1,38247.35,38026.55,38222.15,29131957
1659944700000,38221.4,38302.35,38160.4,38227.45,44796482
1659951900000,38230.25,38262.4,38195.85,38246.25,12300587
1660103100000,38308.35,38402.95,38155.3,38337.6,76553515
1660110300000,38336.75,38366.3,38280.4,38307.15,28618800
1660117500000,38307.8,38356.4,38207.5,38282.65,43001417
1660124700000,38286.4,38294.45,38255.3,38277.0,15674926
1660189500000,38739.65,38885.95,38648.9,38852.95,91682496
1660196700000,38852.6,38911.75,38778.7,38896.2,47022374
1660203900000,38893.0,38932.1,38813.05,38847.25,47246177
1660211100000,38843.7,38880.05,38830.25,38835.1,14880397
1660275900000,38884.0,38973.5,38739.95,38911.05,46225780
1660283100000,38911.15,39058.15,38893.35,39019.5,25617896
1660290300000,39018.65,39053.15,38956.9,39041.15,41158587
1660297500000,39040.1,39088.9,39033.4,39052.35,12210980
1660621500000,39286.35,39444.6,39214.55,39355.85,50386041
1660628700000,39357.05,39359.1,39143.1,39147.45,28104505
1660635900000,39145.4,39277.45,39119.9,39263.65,38124179
1660643100000,39261.1,39272.2,39231.35,39247.3,11946753
1660707900000,39308.4,39366.7,39202.8,39355.3,46080030
1660715100000,39354.95,39393.6,39274.9,39383.8,43168870
1660722300000,39384.1,39504.5,39306.65,39452.15,62068287
1660729500000,39453.85,39472.1,39408.65,39416.2,17959569
1660794300000,39365.75,39633.75,39291.15,39522.9,50105308
1660801500000,39523.05,39523.05,39307.5,39454.35,41250047
1660808700000,39453.5,39683.3,39400.9,39650.95,34433992
1660815900000,39648.2,39703.7,39631.8,39670.8,11173890
1660880700000,39745.6,39759.15,39199.9,39239.9,49727895
1660887900000,39239.2,39297.05,38848.4,39127.8,47107880
1660895100000,39127.25,39191.5,38867.35,39018.9,39000807
1660902300000,39015.35,39040.85,38895.2,38900.15,12125102
1661139900000,38722.5,38732.85,38285.4,38317.05,52380245
1661147100000,38316.9,38478.7,38284.15,38332.3,26600772
1661154300000,38331.0,38385.8,38247.25,38330.4,34977984
1661161500000,38333.85,38366.25,38285.15,38331.2,10251430
1661226300000,38027.4,38569.55,37950.85,38209.65,69214086
1661233500000,38211.0,38462.35,38193.8,38447.1,39218602
1661240700000,38441.8,38662.0,38441.8,38652.0,52359800
1661247900000,38657.25,38869.9,38646.35,38852.2,15457810
1661312700000,38588.65,38927.75,38552.2,38907.05,74829005
1661319900000,38907.55,38954.6,38680.95,38715.1,31504943
1661327100000,38712.35,39073.7,38637.7,39070.15,85869287
1661334300000,39067.6,39120.8,39040.45,39087.25,22423335
1661399100000,39163.85,39385.45,39163.85,39336.4,117416765
1661406300000,39336.5,39471.75,39184.15,39423.2,82459731
1661413500000,39421.75,39442.55,38918.25,38931.15,114690705
1661420700000,38929.35,38930.1,38803.7,38847.95,18621529
1661485500000,39151.95,39337.1,38951.75,38966.5,80243433
1661492700000,38967.85,39225.4,38945.95,39074.75,55498913
1661499900000,39077.3,39150.15,38846.8,38950.85,43246749
1661507100000,38951.2,39168.2,38951.2,39036.6,17188391
1661744700000,38199.95,38397.1,37943.85,38175.25,73622809
1661751900000,38172.65,38379.2,38160.6,38259.4,33408941
1661759100000,38258.55,38361.85,38211.1,38249.65,36963157
1661766300000,38252.85,38358.25,38249.9,38346.85,14028024
1661831100000,38522.7,38914.8,38472.7,38910.15,64399673
1661838300000,38909.7,39196.4,38842.1,39154.15,36006450
1661845500000,39153.55,39606.55,39134.55,39529.7,56911814
1661852700000,39529.25,39597.9,39506.6,39520.35,19356718
1662003900000,38965.2,39667.65,38803.3,39554.3,85519299
1662011100000,39548.25,39634.7,39247.55,39292.75,39969121
1662018300000,39295.4,39423.15,38981.0,39330.4,53190351
1662025500000,39326.5,39360.3,39278.85,39345.8,12411773
1662090300000,39433.45,39595.85,39200.45,39315.1,57985290
1662097500000,39319.8,39463.55,39216.4,39460.2,25386282
1662104700000,39462.5,39572.7,39316.4,39465.55,35594750
1662111900000,39467.1,39514.15,39357.25,39384.05,14712532
1662349500000,39434.0,39823.95,39407.4,39748.2,96728688
1662356700000,39745.4,39865.2,39683.1,39784.15,41203544
1662363900000,39784.65,39855.15,39725.55,39815.5,60876768
1662371100000,39815.4,39820.2,39754.45,39754.45,15140080
1662435900000,39895.7,40073.75,39564.3,39800.75,68857328
1662443100000,39799.25,39988.0,39754.0,39878.6,67958981
1662450300000,39878.7,39929.9,39617.4,39665.5,57376441
1662457500000,39667.75,39689.85,39624.65,39673.3,15843603
1662522300000,39406.25,39498.25,39258.25,39338.25,52820729
1662529500000,39339.45,39559.85,39323.65,39500.6,35792579
1662536700000,39500.35,39572.05,39384.05,39437.15,36735519
1662543900000,39432.8,39508.2,39425.9,39454.6,13522990
1662608700000,39772.5,39988.15,39706.4,39925.6,76584224
1662615900000,39925.9,40112.55,39878.0,40013.1,43918957
1662623100000,40011.45,40265.75,40009.4,40192.7,66746617
1662630300000,40191.8,40248.6,40184.55,40242.1,16458520
1662695100000,40543.1,40685.95,40450.55,40553.95,93424454
1662702300000,40555.65,40600.7,40366.5,40371.0,53675353
1662709500000,40374.1,40472.35,40280.3,40443.7,44018912
1662716700000,40448.2,40449.7,40358.8,40385.0,15820446
1662954300000,40546.65,40652.75,40377.9,40559.55,56327719
1662961500000,40559.1,40684.9,40559.1,40613.55,30080093
1662968700000,40612.9,40649.0,40544.35,40576.7,44481659
1662975900000,40579.45,40584.15,40533.1,40561.5,15994056
1663040700000,40804.4,40830.45,40715.05,40750.15,63960600
1663047900000,40751.0,40800.35,40693.95,40777.2,37174133
1663055100000,40775.2,40904.3,40751.85,40842.8,60500094
1663062300000,40841.5,40892.3,40834.25,40864.95,14618882
1663127100000,40326.25,41048.85,40288.9,40993.3,71671842
1663134300000,40993.65,41434.35,40956.2,41403.1,65710425
1663141500000,41401.6,41626.9,41278.95,41327.0,64510754
1663148700000,41324.65,41394.4,41301.15,41373.65,16371970
1663213500000,41549.15,41840.15,41171.85,41216.5,130145133
1663220700000,41216.65,41480.05,41154.85,41396.75,37971100
1663227900000,41396.85,41521.15,41168.7,41203.5,60734391
1663235100000,41200.35,41227.9,41153.5,41208.45,16302979
1663299900000,41070.15,41162.5,40818.7,41049.9,79094845
1663307100000,41048.15,41136.4,40859.8,40863.3,44184009
1663314300000,40864.4,40888.25,40502.05,40827.45,95853509
1663321500000,40827.9,40858.75,40758.0,40825.15,24928480
1663559100000,40696.55,41184.25,40509.9,41134.6,93228109
1663566300000,41131.4,41160.9,40955.6,40978.65,48110030
1663573500000,40982.45,41039.95,40729.6,40947.55,51595227
1663580700000,40948.35,40982.45,40923.35,40966.05,13009855
1663645500000,41207.3,41572.8,41207.3,41495.7,60576125
1663652700000,41493.5,41677.65,41452.9,41654.1,45638463
1663659900000,41654.75,41655.55,41432.95,41444.5,57012973
1663667100000,41441.6,41497.35,41399.25,41414.7,11879998
1663731900000,41290.95,41501.7,41161.95,41321.3,51598745
1663739100000,41320.6,41356.6,40889.15,41056.65,44716618
1663746300000,41062.3,41330.9,41051.9,41206.4,43017811
1663753500000,41205.1,41231.15,41161.95,41197.6,11819766
1663818300000,40943.25,41159.2,40681.7,40754.8,82811190
1663825500000,40757.05,40759.1,40360.2,40571.4,50566314
1663832700000,40568.45,40930.2,40564.9,40604.5,62868712
1663839900000,40603.65,40656.2,40573.3,40637.3,13132404
1663904700000,40473.5,40528.4,39665.9,39765.55,84696166
1663911900000,39764.2,39842.65,39524.3,39589.55,51669690
1663919100000,39593.45,39679.65,39412.7,39543.55,70327129
1663926300000,39540.55,39640.55,39508.25,39555.35,19224543
1664163900000,39118.35,39229.4,38492.2,38537.5,108686071
1664171100000,38541.65,38989.45,38521.55,38955.25,56599583
1664178300000,38951.05,38977.3,38531.7,38627.8,60308855
1664185500000,38622.4,38676.35,38601.85,38661.45,16138622
1664250300000,38828.8,39050.5,38389.65,38394.65,70627516
1664257500000,38394.5,38708.85,38388.6,38611.15,37683241
1664264700000,38612.25,38703.05,38184.9,38328.85,46518345
1664271900000,38331.55,38526.3,38331.55,38526.3,13805760
1664336700000,38121.15,38258.8,37825.5,38067.35,82530496
1664343900000,38070.15,38368.8,38037.8,38187.75,41594095
1664351100000,38186.95,38289.4,37766.8,37795.65,61345385
1664358300000,37790.2,37793.7,37626.2,37676.8,24780394
1664423100000,38128.5,38283.4,37904.85,37925.75,64799111
1664430300000,37925.15,37940.3,37545.95,37614.6,46515192
1664437500000,37612.0,37845.5,37536.65,37711.8,93490799
1664444700000,37714.75,37726.0,37641.05,37695.3,47892130
1664509500000,37667.35,38376.5,37386.35,38328.55,103210207
1664516700000,38330.2,38704.8,38283.6,38579.8,56192908
1664523900000,38579.65,38811.0,38534.95,38584.6,65611724
1664531100000,38587.45,38778.85,38583.5,38702.75,20854309
1664768700000,38445.65,38641.6,38158.15,38249.5,58802070
1664775900000,38249.85,38385.75,38116.95,38237.1,31781984
1664783100000,38239.4,38332.95,37963.25,38049.65,69694665
1664790300000,38052.6,38067.05,37967.95,37974.9,12495580
1664855100000,38704.2,39113.9,38596.9,38968.95,84013947
1664862300000,38966.55,39177.5,38914.85,39070.7,81052872
1664869500000,39070.85,39147.55,38962.35,39113.9,60199306
1664876700000,39113.95,39145.95,39091.15,39121.85,15737996
1665027900000,39307.4,39532.5,39234.35,39428.4,69957628
1665035100000,39424.9,39608.35,39369.75,39561.15,34214954
1665042300000,39560.1,39580.25,39244.15,39289.45,42357940
1665049500000,39296.4,39298.25,39232.9,39239.25,12165568
1665114300000,39119.25,39134.3,38827.7,38941.9,57047727
1665121500000,38950.0,38978.65,38807.5,38874.3,39106382
1665128700000,38873.3,39235.05,38827.15,39147.6,54062595
1665135900000,39147.5,39213.75,39146.6,39199.4,14710616
1665373500000,38653.8,38870.9,38518.3,38858.05,57617281
1665380700000,38857.75,39315.7,38837.8,39156.15,45986692
1665387900000,39156.0,39193.4,38845.9,39132.65,43044852
1665395100000,39137.1,39148.25,39077.65,39113.7,12980391
1665459900000,39130.45,39130.45,38810.9,38902.2,65740575
1665467100000,38898.75,39174.95,38874.85,38936.75,45893231
1665474300000,38931.95,39041.45,38683.2,38686.2,52002212
1665481500000,38686.5,38686.75,38622.75,38646.45,13828954
1665546300000,38802.15,38935.35,38606.4,38746.95,67520494
1665553500000,38746.6,38936.75,38746.6,38819.25,43849086
1665560700000,38821.15,39150.85,38808.75,39129.15,69802687
1665567900000,39127.4,39164.1,39112.2,39128.6,14559280
1665632700000,39018.25,39061.3,38604.4,38606.0,61040290
1665639900000,38604.15,38701.2,38437.95,38669.35,37988204
1665647100000,38668.35,38856.45,38512.25,38620.1,48592212
1665654300000,38614.25,38685.1,38594.6,38658.1,11196769
1665719100000,39380.5,39536.25,39196.3,39367.85,53246413
1665726300000,39370.1,39523.05,39340.55,39400.8,48176270
1665733500000,39397.95,39570.85,39239.65,39274.1,70226074
1665740700000,39266.7,39381.65,39256.5,39370.65,13846982
1665978300000,39317.1,39830.2,39146.7,39728.0,87182374
1665985500000,39732.4,39803.65,39605.7,39785.6,44147823
1665992700000,39782.65,39928.35,39711.25,39903.65,47589258
1665999900000,39906.25,39974.7,39887.55,39959.45,22618914
1666064700000,40291.4,40361.95,40139.85,40275.8,109167090
1666071900000,40274.5,40435.35,40199.45,40377.75,60856492
1666079100000,40379.1,40429.8,40218.8,40303.5,55117851
1666086300000,40304.1,40336.85,40290.3,40303.95,19954382
1666151100000,40618.3,40643.6,40448.4,40508.25,96631406
1666158300000,40506.15,40528.45,40195.2,40274.15,57543022
1666165500000,40275.4,40534.2,40242.05,40359.6,62817761
1666172700000,40361.45,40424.75,40337.35,40379.95,15799886
1666237500000,40178.3,40208.35,39848.85,39898.35,84627100
1666244700000,39901.7,40037.25,39870.95,39968.85,63774050
1666251900000,39968.15,40115.75,39879.2,40115.0,91378394
1666259100000,40114.4,40168.25,40105.5,40116.0,22815166
1666323900000,40355.45,40756.35,40355.45,40730.3,141527204
1666331100000,40729.05,41032.25,40702.65,40993.6,74643815
1666338300000,40993.95,41011.4,40610.85,40743.3,82331721
1666345500000,40744.85,40897.65,40739.1,40881.6,25486503
1666615500000,41381.75,41427.25,41201.15,41304.9,74212417
1666669500000,41530.65,41530.65,41107.95,41123.05,135661752
1666676700000,41120.8,41238.95,41115.6,41148.2,77196727
1666683900000,41144.95,41398.25,41089.35,41090.95,116909545
1666691100000,41096.25,41126.9,41021.45,41045.5,21938528
1666842300000,41469.95,41511.8,41290.35,41345.15,101449670
1666849500000,41340.5,41358.55,41216.25,41277.35,49171483
1666856700000,41277.45,41365.9,41178.65,41279.45,69026606
1666863900000,41278.3,41365.65,41273.6,41335.4,19494551
1666928700000,41265.0,41482.4,41103.5,41170.9,107545353
1666935900000,41169.6,41171.15,40888.15,40938.4,54285791
1666943100000,40935.65,41022.5,40839.3,41015.2,54710207
1666950300000,41016.5,41043.4,40982.05,41034.55,20463730
1667187900000,41270.5,41353.7,41106.1,41198.15,115578576
1667195100000,41197.65,41330.2,41179.0,41284.0,53919998
1667202300000,41282.1,41346.45,41216.5,41319.45,48347058
1667209500000,41320.4,41325.0,41283.6,41314.9,19221881
1667274300000,41485.85,41677.25,41393.55,41643.7,103250088
1667281500000,41647.3,41650.25,41216.25,41247.1,57662362
1667288700000,41247.4,41398.95,41188.55,41292.1,121218935
1667295900000,41293.15,41332.85,41254.65,41268.6,22138755
1667360700000,41474.3,41474.3,41232.2,41320.65,80328203
1667367900000,41320.1,41348.3,41118.5,41178.5,35907374
1667375100000,41180.6,41223.9,41060.45,41140.5,45295528
1667382300000,41137.95,41169.35,41094.0,41107.75,14215155
1667447100000,40883.0,41425.0,40819.15,41401.15,122409898
1667454300000,41401.85,41478.0,41236.3,41351.35,48445523
1667461500000,41351.7,41433.95,41250.05,41271.5,66272444
1667468700000,41268.8,41311.5,41257.65,41304.65,26366377
1667533500000,41370.0,41516.2,41088.7,41167.05,79639420
1667540700000,41165.25,41211.45,41102.35,41180.5,28430727
1667547900000,41181.15,41280.75,41051.15,41273.7,60184279
1667555100000,41272.75,41311.9,41250.95,41292.55,21929250
1667792700000,41743.65,41779.4,41441.4,41474.7,225157673
1667799900000,41476.8,41516.85,41416.4,41495.15,72539922
1667807100000,41494.4,41685.5,41337.05,41678.95,73635416
1667814300000,41677.2,41758.7,41677.2,41721.6,21894453
1667965500000,41939.75,41939.75,41714.75,41798.25,135823208
1667972700000,41798.6,41836.2,41688.45,41804.45,199029617
1667979900000,41805.25,41948.9,41707.4,41826.6,128224462
1667987100000,41828.3,41831.25,41667.9,41690.65,27369033
1668051900000,41586.2,41643.9,41421.25,41448.65,128786191
1668059100000,41447.35,41515.75,41318.6,41385.0,47475972
1668066300000,41386.25,41626.35,41362.95,41603.1,58288461
1668073500000,41603.0,41629.5,41589.6,41593.6,18669943
1668138300000,42198.35,42236.2,41918.1,42081.05,101084962
1668145500000,42091.05,42345.5,42075.4,42202.05,69183383
1668152700000,42200.15,42251.55,42073.2,42138.6,64311293
1668159900000,42137.45,42156.85,42091.95,42153.35,20519067
1668397500000,42185.75,42204.0,41972.85,42033.8,56197484
1668404700000,42035.15,42094.85,41965.45,42063.9,25356937
1668411900000,42065.35,42231.45,42064.7,42075.55,48099680
1668419100000,42077.5,42098.65,42051.25,42072.7,12743494
1668483900000,42268.85,42287.5,42114.2,42146.7,49627343
1668491100000,42147.35,42257.2,42079.55,42203.0,25459869
1668498300000,42202.35,42376.35,42140.45,42358.85,50206496
1668505500000,42362.35,42450.05,42357.9,42430.25,13927463
1668570300000,42416.4,42558.0,42296.3,42497.55,74664298
1668577500000,42497.1,42557.05,42422.6,42523.45,35134033
1668584700000,42524.15,42611.75,42398.5,42528.65,61025754
1668591900000,42531.55,42539.2,42486.35,42498.95,14324753
1668656700000,42414.35,42554.3,42366.55,42436.25,74084715
1668663900000,42439.9,42535.6,42389.0,42518.95,27827685
1668671100000,42519.2,42622.75,42416.95,42427.0,51425167
1668678300000,42428.0,42462.7,42394.05,42426.0,11940698
1668743100000,42549.0,42590.75,42259.85,42269.0,130733891
1668750300000,42271.45,42384.95,42258.9,42321.7,55477075
1668757500000,42320.65,42476.6,42223.7,42448.05,71051438
1668764700000,42453.75,42455.9,42400.65,42422.65,22708965
1669002300000,42351.85,42372.15,42202.55,42332.85,121737210
1669009500000,42330.1,42354.3,42237.6,42259.45,52106492
1669016700000,42259.75,42363.55,42213.55,42351.5,56760714
1669023900000,42352.9,42386.8,42326.65,42360.9,28234821
1669088700000,42475.7,42475.7,42347.15,42376.75,92615666
1669095900000,42369.9,42450.3,42356.95,42410.05,35136518
1669103100000,42408.35,42465.45,42376.3,42461.85,65232092
1669110300000,42461.15,42508.75,42446.9,42475.0,22992632
1669175100000,42675.45,42695.9,42556.4,42673.45,168024460
1669182300000,42674.75,42703.0,42635.05,42681.25,86731114
1669189500000,42682.3,42860.55,42669.5,42733.3,82337211
1669196700000,42732.9,42734.3,42675.5,42675.8,21852584
1669261500000,42774.35,42990.8,42769.65,42976.4,95468508
1669268700000,42975.6,43012.8,42900.35,42916.0,32055925
1669275900000,42916.8,43070.7,42873.55,43063.0,58056586
1669283100000,43063.55,43163.4,43060.65,43102.15,19042197
1669347900000,43192.9,43339.15,43034.35,43040.35,297255445
1669355100000,43037.2,43084.15,42928.2,42965.65,102925599
1669362300000,42964.85,43056.9,42864.95,43001.55,78642801
1669369500000,43004.85,43016.75,42932.45,42961.35,23841746
1669607100000,42836.85,42955.0,42740.0,42901.2,100130330
1669614300000,42902.2,43159.8,42883.4,43116.55,57279537
1669621500000,43114.1,43134.0,42999.0,43016.1,65998506
1669628700000,43016.45,43037.3,42961.75,42983.75,15124682
1669693500000,43005.6,43279.6,42995.5,43256.4,74224431
1669700700000,43257.05,43269.8,43113.55,43160.85,63093588
1669707900000,43163.25,43210.95,43041.4,43055.6,66554766
1669715100000,43060.65,43074.6,43012.05,43045.3,18930772
1669779900000,43145.0,43252.35,42923.65,42960.95,69106292
1669787100000,42956.45,42998.95,42880.05,42998.0,37486000
1669794300000,42996.15,43281.75,42922.75,43275.0,64780638
1669801500000,43276.6,43332.3,43214.5,43245.2,30486302
1669866300000,43515.05,43515.05,43331.5,43380.5,67496176
1669873500000,43380.85,43408.2,43336.3,43387.15,63190795
1669880700000,43386.7,43408.9,43101.85,43250.2,110971925
1669887900000,43250.95,43273.4,43192.0,43219.75,26552904
1669952700000,43067.45,43127.65,42961.9,43047.65,97872023
1669959900000,43048.65,43091.95,42937.8,43048.3,42575586
1669967100000,43047.85,43120.05,42990.3,43098.75,54023987
1669974300000,43098.65,43131.9,43080.0,43098.6,18031548
1670211900000,43205.95,43251.7,42985.0,43173.4,104636546
1670219100000,43174.1,43295.2,43143.55,43244.4,50615695
1670226300000,43241.6,43372.15,43159.05,43348.35,61994140
1670233500000,43346.3,43353.9,43289.45,43321.3,25027127
1670298300000,43173.55,43306.85,43091.0,43152.95,213749955
1670305500000,43157.7,43208.2,43111.75,43156.0,72822356
1670312700000,43156.7,43209.4,43076.4,43152.05,69072051
1670319900000,43152.25,43157.7,43116.1,43143.15,23420879
1670384700000,43181.65,43327.35,42948.45,43019.9,112706814
1670391900000,43017.45,43147.25,42971.9,43085.0,56903523
1670399100000,43088.1,43180.6,43020.7,43101.3,56354635
1670406300000,43102.4,43120.05,43073.95,43108.8,16699056
1670471100000,43145.55,43402.5,43095.3,43390.55,126671736
1670478300000,43393.05,43458.85,43332.1,43409.9,72942762
1670485500000,43408.5,43614.95,43394.05,43592.45,118883665
1670492700000,43592.55,43640.9,43586.75,43629.4,37073648
1670557500000,43770.65,43853.4,43650.05,43705.0,199725386
1670564700000,43706.85,43778.0,43512.75,43571.1,105811313
1670571900000,43566.0,43666.45,43361.7,43662.3,114509284
1670579100000,43663.05,43704.35,43607.95,43627.5,23368669
1670816700000,43525.8,43767.05,43378.8,43724.6,108503357
1670823900000,43726.25,43750.4,43634.75,43714.45,39726020
1670831100000,43718.55,43733.6,43581.75,43713.65,68596043
1670838300000,43711.85,43748.25,43665.8,43675.1,17163283
1670903100000,43809.4,43952.4,43767.75,43922.55,90744533
1670910300000,43923.85,43983.8,43874.1,43914.85,52239283
1670917500000,43914.8,43959.8,43853.65,43941.6,106935382
1670924700000,43939.25,43973.75,43906.35,43921.85,26651732
1670989500000,44082.9,44105.5,43987.95,44096.15,136035454
1670996700000,44095.4,44151.8,44070.85,44105.55,97369002
1671003900000,44105.05,44114.35,44000.3,44050.05,93097269
1671011100000,44048.7,44072.4,43995.05,44014.5,22516412
1671075900000,43968.8,44120.6,43927.5,44058.95,184502076
1671083100000,44058.4,44063.9,43825.35,43827.3,110341552
1671090300000,43826.85,43893.25,43475.85,43478.3,104136482
1671097500000,43478.1,43499.9,43379.1,43421.9,22579207
1671162300000,43253.3,43598.2,43080.55,43223.4,138136408
1671169500000,43226.5,43443.45,43115.6,43353.7,54777511
1671176700000,43353.6,43398.55,43103.55,43206.0,61845304
1671183900000,43206.9,43283.65,43191.6,43216.6,20356246
1671421500000,43348.05,43417.35,43110.3,43358.15,80671852
1671428700000,43360.8,43438.5,43228.9,43246.6,34554851
1671435900000,43244.65,43450.5,43228.5,43427.4,44624320
1671443100000,43427.25,43451.45,43385.75,43440.35,15488391
1671507900000,43248.9,43350.25,43049.75,43081.8,80242919
1671515100000,43082.55,43174.4,42955.4,43091.3,36293796
1671522300000,43093.3,43416.6,43039.25,43409.9,52077071
1671529500000,43408.45,43426.2,43360.15,43407.8,13606018
1671594300000,43556.2,43614.65,43256.2,43315.65,83710837
1671601500000,43312.85,43392.7,43006.75,43101.7,55662099
1671608700000,43099.75,43103.9,42363.8,42610.15,119844056
1671615900000,42609.15,42669.45,42568.15,42658.05,19985722
1671680700000,42889.5,42933.5,42349.9,42479.75,169141692
1671687900000,42478.4,42573.1,42231.35,42365.45,82138987
1671695100000,42362.9,42637.85,42317.3,42461.2,78561597
1671702300000,42459.95,42461.05,42348.1,42360.55,14871328
1671767100000,42092.6,42226.65,41843.9,41976.8,124022754
1671774300000,41976.5,41983.45,41781.95,41873.0,75453919
1671781500000,41875.9,41917.75,41597.65,41707.55,112229377
1671788700000,41710.55,41727.55,41650.15,41666.15,20583752
1672026300000,41720.15,42194.6,41569.45,42122.35,130925347
1672033500000,42120.55,42347.15,42103.95,42315.15,71029082
1672040700000,42314.9,42846.15,42297.7,42564.45,97542365
1672047900000,42560.0,42647.2,42552.7,42631.0,23530321
1672112700000,42829.55,42919.6,42394.15,42576.0,124302303
1672119900000,42568.55,42632.05,42408.35,42516.15,36626448
1672127100000,42515.35,42855.3,42493.5,42852.1,54397574
1672134300000,42847.95,42927.2,42844.8,42876.2,14124903
1672199100000,42754.15,43015.6,42694.85,43014.05,101498118
1672206300000,43012.0,43034.95,42847.0,42864.8,55143536
1672213500000,42862.7,42978.45,42816.65,42822.85,55580677
1672220700000,42822.35,42835.5,42748.8,42779.2,18223143
1672285500000,42678.15,42711.7,42489.8,42570.55,81666934
1672292700000,42571.05,42776.95,42547.3,42773.7,46816652
1672299900000,42774.8,43301.9,42710.7,43277.7,119607919
1672307100000,43276.2,43498.05,43266.25,43309.1,59937669
1672371900000,43412.25,43422.95,43140.15,43179.1,107383180
1672379100000,43179.95,43197.65,43047.95,43075.3,46892794
1672386300000,43076.0,43203.55,42833.1,42974.05,83588921
1672393500000,42972.65,43094.95,42927.95,43038.5,20750323
1672631100000,43079.1,43382.75,42961.75,43305.85,92267484
1672638300000,43307.4,43314.2,43142.0,43223.15,31580579
1672645500000,43224.95,43245.55,43041.0,43199.45,41779170
1672652700000,43196.8,43265.9,43190.55,43234.3,14082272
1672717500000,43148.45,43457.25,43148.45,43392.6,90318758
1672724700000,43390.9,43409.75,43187.5,43276.15,38230620
1672731900000,43273.2,43482.8,43265.35,43432.6,54175185
1672739100000,43433.05,43477.15,43414.0,43448.35,14172649
1672803900000,43464.9,43578.4,43085.7,43114.95,93714913
1672811100000,43114.85,43159.75,42904.85,43067.7,52275058
1672818300000,43066.9,43186.65,42858.65,42976.15,54918774
1672825500000,42973.5,42990.05,42911.45,42979.6,15775120
1672890300000,43094.75,43137.55,42730.1,42763.75,69911954
1672897500000,42763.2,42779.35,42529.45,42575.35,36933687
1672904700000,42584.5,42658.8,42298.6,42615.2,64766138
1672911900000,42614.55,42641.5,42572.8,42615.95,17356991
1672976700000,42597.0,42685.9,42237.0,42319.7,81733429
1672983900000,42319.75,42375.8,42021.9,42038.4,42651996
1672991100000,42042.95,42260.8,41877.0,42229.4,55479651
1672998300000,42228.7,42243.0,42153.1,42218.0,15122932
1673235900000,42427.95,42586.85,42186.55,42540.85,65078749
1673243100000,42544.2,42716.8,42515.25,42583.55,40053860
1673250300000,42584.5,42621.7,42337.8,42601.25,44683718
1673257500000,42599.6,42632.7,42539.45,42563.5,11927405
1673322300000,42674.25,42674.25,42068.8,42094.15,67424433
1673329500000,42092.7,42174.45,41857.15,41925.8,43533692
1673336700000,41928.7,42080.8,41835.75,42043.9,53082630
1673343900000,42043.05,42061.7,42020.7,42053.5,15075810
1673408700000,42083.9,42272.9,41729.0,42104.3,73700353
1673415900000,42104.4,42314.1,42047.65,42225.3,35930811
1673423100000,42226.55,42318.0,42054.0,42248.45,46654692
1673430300000,42245.3,42262.75,42190.65,42190.65,13449646
1673495100000,42263.35,42343.5,41880.05,41918.8,64253968
1673502300000,41916.65,42114.45,41862.35,41944.6,30221167
1673509500000,41941.5,42133.7,41742.95,42075.45,47912581
1673516700000,42077.35,42114.75,42069.6,42092.95,11602214
1673581500000,42132.35,42202.9,41885.6,41982.05,89181451
1673588700000,41980.1,42339.95,41936.2,42338.45,43332823
1673595900000,42340.75,42453.95,42264.05,42376.55,58207451
1673603100000,42377.3,42404.95,42318.3,42339.25,14654971
1673840700000,42625.4,42715.65,42446.4,42465.8,106980376
1673847900000,42469.05,42469.35,42146.6,42336.65,87809680
1673855100000,42336.75,42457.15,42066.55,42160.05,99042243
1673862300000,42158.35,42220.1,42151.5,42161.95,18318954
1673927100000,42245.75,42383.8,42029.65,42251.65,86135569
1673934300000,42252.2,42306.4,41940.05,41959.5,77428123
1673941500000,41964.55,42255.55,41861.1,42254.5,73296197
1673948700000,42256.35,42307.8,42237.05,42281.1,19351328
1674013500000,42288.2,42496.65,42119.65,42462.15,77680854
1674020700000,42462.3,42555.9,42375.05,42384.5,27718078
1674027900000,42383.7,42515.35,42358.15,42416.2,49848446
1674035100000,42413.75,42489.1,42413.75,42473.75,15237083
1674099900000,42329.75,42506.25,42297.45,42343.25,67498035
1674107100000,42348.15,42409.35,42268.2,42292.45,26903868
1674114300000,42291.25,42383.9,42234.9,42303.6,39028187
1674121500000,42300.45,42327.7,42291.3,42298.9,9900854
1674186300000,42516.35,42709.2,42366.15,42579.35,71140392
1674193500000,42576.7,42676.0,42527.85,42639.35,26798130
1674200700000,42641.4,42651.95,42493.15,42504.45,47654608
1674207900000,42504.3,42522.85,42471.15,42514.05,13299998
1674445500000,42893.1,43005.85,42745.55,42864.3,95199588
1674452700000,42866.45,42906.95,42727.7,42785.55,45390143
1674459900000,42785.75,42865.3,42774.0,42833.55,45830380
1674467100000,42835.4,42840.9,42750.55,42755.45,17086258
1674531900000,43026.45,43078.9,42832.5,42840.1,62870447
1674539100000,42840.15,42840.15,42725.5,42766.0,37326367
1674546300000,42766.1,42786.3,42615.65,42752.65,46447258
1674553500000,42749.75,42758.25,42707.6,42715.15,12766130
1674618300000,42733.05,42733.05,41909.55,41979.1,91309011
1674625500000,41981.55,41994.3,41540.3,41771.95,69496773
1674632700000,41769.75,41915.6,41582.9,41654.25,64568254
1674639900000,41656.4,41700.5,41641.45,41687.6,19177556
1674791100000,41417.9,41417.9,40604.2,40645.2,128844126
1674798300000,40645.8,40713.5,40191.2,40358.45,102176403
1674805500000,40352.75,40480.35,40148.8,40360.55,96203605
1674812700000,40365.45,40435.85,40337.95,40365.3,23383886
1675050300000,40017.55,40789.55,39658.85,39968.45,154211250
1675057500000,39969.45,40169.2,39748.85,39754.05,54936426
1675064700000,39746.1,40462.35,39419.8,40462.35,139021126
1675071900000,40460.95,40474.3,40404.95,40467.3,21621471
1675136700000,40620.7,40620.7,40167.7,40436.15,112847798
1675143900000,40435.35,40729.6,40408.45,40670.75,56377641
1675151100000,40678.05,40783.75,40472.25,40711.25,92632426
1675158300000,40713.3,40811.65,40672.8,40759.6,27913590
1675223100000,41118.8,41352.45,40943.65,41238.55,89825129
1675230300000,41236.35,42015.65,40996.85,41818.55,95312985
1675237500000,41819.95,41847.8,39490.5,40514.85,190536068
1675244700000,40519.65,40610.7,40487.85,40499.25,24373355
1675309500000,40169.55,40678.95,39761.45,40391.8,157444769
1675316700000,40392.95,40584.7,40211.2,40296.95,54288551
1675323900000,40297.6,40757.6,40065.65,40645.6,116466219
1675331100000,40642.55,40748.15,40616.9,40722.4,20202499
1675395900000,41082.35,41284.0,40790.4,40882.25,131046372
1675403100000,40889.5,40979.05,40609.75,40963.5,46157455
1675410300000,40962.95,41539.95,40877.65,41512.9,112632286
1675417500000,41516.25,41531.75,41454.9,41480.75,18843684
1675655100000,41461.2,41724.5,41261.2,41344.25,93023540
1675662300000,41342.8,41485.8,41321.9,41352.0,44807295
1675669500000,41350.3,41541.9,41324.55,41359.6,47256417
1675676700000,41363.45,41396.8,41336.95,41367.1,12627318
1675741500000,41532.9,41558.1,41371.55,41495.6,63060242
1675748700000,41494.6,41508.5,41095.1,41119.25,43966430
1675755900000,41118.1,41630.75,41104.6,41486.5,53003565
1675763100000,41488.55,41498.8,41450.15,41464.4,11739412
1675827900000,41534.3,41791.95,41403.05,41538.2,62469489
1675835100000,41538.55,41609.1,41446.05,41531.3,27342493
1675842300000,41534.0,41611.05,41459.65,41555.55,33939446
1675849500000,41555.5,41575.55,41484.15,41494.05,12570274
1675914300000,41591.05,41621.35,41252.95,41387.8,54940504
1675921500000,41384.6,41460.15,41276.15,41311.0,30338616
1675928700000,41309.8,41573.55,41283.65,41547.55,46448540
1675935900000,41546.0,41608.0,41545.05,41576.25,11130886
1676000700000,41437.6,41678.9,41424.9,41637.2,74910545
1676007900000,41636.4,41652.65,41510.45,41548.4,28242286
1676015100000,41545.6,41607.45,41495.05,41555.3,40882082
1676022300000,41554.3,41581.95,41529.25,41542.6,10844705
1676259900000,41571.8,41662.55,41231.85,41351.95,63696788
1676267100000,41352.05,41367.6,41157.9,41291.2,35297107
1676274300000,41288.55,41378.7,41263.65,41269.45,37455950
1676281500000,41268.15,41289.05,41240.4,41260.85,10509679
1676346300000,41362.25,41401.3,41195.75,41275.15,54342339
1676353500000,41276.0,41466.85,41240.6,41437.45,26583746
1676360700000,41438.2,41718.0,41388.4,41633.3,52709156
1676367900000,41634.85,41659.35,41615.0,41625.5,9420013
1676432700000,41604.95,41656.6,41455.85,41646.75,39432679
1676439900000,41649.2,41718.0,41520.05,41555.75,24047788
1676447100000,41553.8,41744.1,41455.6,41726.9,41649482
1676454300000,41725.65,41795.45,41717.4,41756.7,11113257
1676519100000,41934.85,41979.1,41784.3,41850.15,42366421
1676526300000,41847.6,41873.9,41674.8,41769.45,24021744
1676533500000,41763.6,41861.95,41626.05,41651.1,34250594
1676540700000,41645.8,41656.4,41521.95,41554.1,11025435
1676605500000,41516.3,41516.3,41254.95,41272.55,43701679
1676612700000,41269.5,41333.05,40944.15,40962.2,33542057
1676619900000,40957.8,41163.1,40882.7,41163.1,47219754
1676627100000,41161.2,41177.9,41129.25,41132.0,14087229
1676864700000,41176.05,41292.6,41066.7,41094.25,56105535
1676871900000,41099.45,41110.2,40843.9,40917.5,31122678
1676879100000,40919.45,40949.9,40580.1,40683.75,46896277
1676886300000,40689.65,40754.1,40679.35,40707.15,9510921
1676951100000,40795.6,40914.85,40508.25,40877.35,64136277
1676958300000,40881.25,40946.2,40599.75,40679.85,53725546
1676965500000,40688.55,40782.7,40584.3,40673.3,41734488
1676972700000,40672.1,40705.75,40645.25,40696.05,10339328
1677037500000,40484.5,40529.25,40149.0,40183.25,60138436
1677044700000,40180.9,40226.55,40050.0,40092.25,30363602
1677051900000,40094.65,40134.25,39899.0,40039.4,51693716
1677059100000,40037.15,40042.2,39950.55,39968.7,12922395
1677123900000,40052.85,40147.8,39600.25,39919.8,80572871
1677131100000,39919.65,40045.1,39774.2,40005.15,52999752
1677138300000,40004.25,40142.1,39897.8,39974.95,54532805
1677145500000,39971.7,40088.15,39965.45,40076.05,12324030
1677210300000,40215.1,40348.1,39939.5,40036.4,60649656
1677217500000,40038.05,40131.45,39890.35,39942.6,33079416
1677224700000,39942.85,40063.35,39818.9,39944.25,40755306
1677231900000,39942.25,39947.55,39877.65,39904.7,10026140
1677469500000,39904.85,40150.45,39745.4,40134.6,65049821
1677476700000,40135.7,40275.7,40060.3,40081.2,42323566
1677483900000,40078.15,40338.9,40074.05,40330.4,45755726
1677491100000,40329.7,40371.45,40298.5,40355.85,11915808
1677555900000,40256.6,40391.45,40205.6,40295.05,69202732
1677563100000,40291.15,40356.05,40221.4,40272.3,34876520
1677570300000,40272.7,40353.5,40073.0,40253.0,141494422
1677577500000,40254.1,40315.95,40224.55,40282.85,82164126
1677642300000,40481.95,40652.25,40341.95,40648.85,71065986
1677649500000,40653.0,40688.7,40514.35,40583.6,33763605
1677656700000,40584.45,40725.35,40523.35,40690.2,48902238
1677663900000,40690.3,40719.9,40678.3,40703.45,16013053
1677728700000,40633.25,40773.25,40542.5,40664.05,70062339
1677735900000,40665.9,40691.45,40506.5,40514.5,35780919
1677743100000,40513.55,40577.55,40369.7,40415.25,34672630
1677750300000,40416.2,40417.6,40312.9,40330.0,8696581
1677815100000,40690.1,41259.0,40605.35,41195.05,99825559
1677822300000,41188.25,41319.15,41143.85,41219.25,51502064
1677829500000,41218.25,41390.15,41217.5,41237.6,46651002
1677836700000,41237.75,41256.4,41200.55,41236.85,15729423
1678074300000,41431.4,41671.2,41385.0,41484.25,79074400
1678081500000,41483.25,41492.35,41334.3,41431.6,47561529
1678088700000,41429.9,41429.9,41259.15,41356.7,41382847
1678095900000,41355.7,41403.75,41336.65,41396.0,12091802
1678247100000,41197.4,41355.45,41100.35,41225.8,60114485
1678254300000,41226.45,41375.15,41199.45,41297.5,45344328
1678261500000,41299.5,41605.8,41278.95,41586.25,40975729
1678268700000,41585.5,41625.35,41570.95,41573.5,11080749
1678333500000,41549.25,41632.3,41436.1,41560.15,42252281
1678340700000,41558.95,41659.0,41412.6,41454.2,34327313
1678347900000,41457.25,41504.7,41243.35,41243.35,32538676
1678355100000,41244.8,41272.1,41208.1,41227.9,10050765
1678419900000,40839.0,40839.0,40390.8,40586.35,68610456
1678427100000,40592.7,40629.2,40421.7,40528.0,34822369
1678434300000,40526.3,40537.3,40341.7,40489.9,31683543
1678441500000,40488.9,40523.15,40472.3,40488.75,10059345
1678679100000,40392.7,40690.05,40329.05,40369.35,57585991
1678686300000,40364.15,40421.8,39907.15,39909.4,38499897
1678693500000,39911.4,39987.8,39454.6,39497.5,64244509
1678700700000,39502.9,39684.65,39502.9,39627.0,14068903
1678765500000,39570.05,39768.5,39170.25,39183.55,86081295
1678772700000,39190.15,39662.65,39132.6,39300.5,56714842
1678779900000,39297.9,39543.75,39228.3,39463.05,52549997
1678787100000,39462.35,39481.35,39335.65,39481.35,10331790
1678851900000,39846.5,39914.1,39500.3,39550.9,57385852
1678859100000,39551.3,39702.6,39309.5,39342.0,40144811
1678866300000,39341.15,39453.05,39016.45,39038.05,51489944
1678873500000,39039.1,39058.4,38934.65,39020.8,15243724
1678938300000,39069.95,39265.9,38613.15,39162.85,87878888
1678945500000,39162.05,39203.9,38755.95,38954.8,37896083
1678952700000,38958.35,39381.4,38895.05,39100.25,57190545
1678959900000,39102.3,39236.55,39097.35,39210.1,13301452
1679024700000,39501.7,39597.2,39095.0,39097.95,49783674
1679031900000,39098.6,39223.6,38926.8,39061.2,34981100
1679039100000,39056.85,39671.75,39011.55,39624.45,63019409
1679046300000,39622.25,39699.85,39606.1,39686.6,25499054
1679283900000,39411.25,39450.25,39035.75,39313.6,56372692
1679291100000,39316.55,39318.45,38973.15,39063.0,41726661
1679298300000,39058.65,39406.25,38941.9,39368.9,61707520
1679305500000,39368.3,39417.8,39368.3,39372.15,13914297
1679370300000,39600.95,39614.25,39366.3,39521.85,67227902
1679377500000,39520.95,39756.3,39393.75,39735.8,45904772
1679384700000,39734.4,39970.9,39639.1,39861.75,60829828
1679391900000,39859.25,39912.1,39843.7,39867.5,13905443
1679456700000,40055.4,40085.6,39837.8,39908.55,60809098
1679463900000,39912.2,40003.9,39871.5,39959.25,33127180
1679471100000,39957.9,40047.2,39852.0,40022.3,38536745
1679478300000,40021.95,40042.7,39958.85,39958.85,11060536
1679543100000,39847.65,40119.3,39728.95,39976.7,53754951
1679550300000,39976.0,40201.6,39941.8,40118.0,35559432
1679557500000,40117.6,40190.8,39552.6,39583.6,51915055
1679564700000,39583.4,39622.0,39552.5,39580.15,11859403
1679629500000,39582.9,39669.95,39429.5,39625.25,59966183
1679636700000,39623.95,39767.9,39525.75,39699.95,35638361
1679643900000,39701.9,39729.6,39403.15,39442.45,52704866
1679651100000,39445.0,39453.35,39294.9,39351.8,17748630
1679888700000,39500.7,39586.1,39318.45,39377.9,75705209
1679895900000,39378.0,39555.9,39275.2,39383.95,51743047
1679903100000,39378.6,39695.2,39313.75,39437.0,55058164
1679910300000,39436.4,39440.5,39273.75,39309.45,11569027
1679975100000,39545.8,39563.7,39326.1,39417.15,75681672
1679982300000,39419.35,39572.45,39388.1,39558.35,49545432
1679989500000,39562.05,39620.75,39346.7,39530.7,62712499
1679996700000,39532.3,39645.2,39522.55,39605.95,14320232
1680061500000,39641.1,39901.05,39609.55,39782.8,80277969
1680068700000,39775.5,39848.2,39662.05,39753.9,47648900
1680075900000,39752.1,39955.9,39679.0,39945.75,95487887
1680083100000,39949.7,40055.0,39922.5,40013.3,35950191
1680234300000,40239.6,40523.9,40180.2,40450.75,76921592
1680241500000,40450.0,40563.55,40417.7,40506.2,36098889
1680248700000,40506.9,40690.4,40475.5,40619.0,58610918
1680255900000,40620.35,40625.7,40535.3,40602.35,16280169
1680493500000,40719.9,40719.9,40535.9,40589.45,58973668
1680500700000,40588.1,40759.3,40562.3,40702.25,42926192
1680507900000,40700.95,40851.15,40684.55,40819.45,51999877
1680515100000,40817.1,40857.6,40795.4,40815.1,13460019
1680666300000,40989.15,40989.15,40802.65,40854.55,76734267
1680673500000,40855.9,41071.15,40843.55,41049.2,38449600
1680680700000,41045.8,41053.05,40895.6,40962.6,48227045
1680687900000,40967.15,41028.65,40958.3,41008.55,13886223
1680752700000,40950.55,41274.4,40820.55,41266.55,74029947
1680759900000,41262.5,41274.7,41061.25,41111.35,39703038
1680767100000,41107.95,41160.45,40942.0,41051.9,68623511
1680774300000,41050.7,41064.9,40981.45,41039.05,14019426
1681098300000,41136.05,41139.85,40846.8,40908.9,58129432
1681105500000,40903.6,41074.1,40833.95,40967.45,38195331
1681112700000,40971.45,41013.05,40727.25,40810.85,47840631
1681119900000,40816.5,40859.6,40774.6,40796.45,9643142
1681184700000,41286.95,41353.8,40990.2,41320.4,94315901
1681191900000,41320.9,41381.15,41232.4,41242.6,42303045
1681199100000,41244.9,41403.25,41238.4,41383.35,65183957
1681206300000,41386.25,41400.05,41342.3,41385.05,17272860
1681271100000,41430.65,41482.85,41332.0,41446.65,62773422
1681278300000,41447.05,41505.5,41416.0,41454.0,32623981
1681285500000,41453.0,41576.45,41450.0,41555.95,38183546
1681292700000,41555.25,41610.15,41544.55,41577.2,9343740
1681357500000,41689.9,41798.05,41502.65,41595.85,91200440
1681364700000,41594.25,41749.3,41564.1,41671.8,38495940
1681371900000,41670.25,42192.65,41658.75,42186.75,83975154
1681379100000,42188.1,42196.2,42111.35,42137.8,18796747
1681703100000,42295.35,42365.1,41799.0,42037.65,94590372
1681710300000,42036.6,42241.1,42018.05,42157.65,57598923
1681717500000,42160.2,42303.05,42077.0,42289.35,60069104
1681724700000,42291.65,42311.05,42209.7,42216.7,16646546
1681789500000,42409.35,42467.35,42272.2,42433.45,92274772
1681796700000,42432.15,42500.7,42349.4,42468.8,36733523
1681803900000,42467.2,42469.4,42114.35,42237.9,71232942
1681811100000,42236.05,42264.3,42225.9,42255.65,13877064
1681875900000,42319.9,42339.9,42139.0,42176.95,71813969
1681883100000,42173.5,42246.35,42083.25,42146.3,41795130
1681890300000,42146.2,42196.5,42022.15,42175.2,42983062
1681897500000,42176.15,42186.05,42126.75,42151.1,13318486
1681962300000,42237.65,42378.15,42111.6,42221.4,63223961
1681969500000,42220.55,42306.85,42140.7,42203.35,41772344
1681976700000,42200.8,42292.7,42108.85,42292.7,61094875
1681983900000,42287.1,42300.4,42249.6,42274.2,14081854
1682048700000,42268.9,42382.15,42180.5,42225.35,59252736
1682055900000,42225.45,42225.45,41962.35,41990.85,27741883
1682063100000,41991.25,42187.9,41987.6,42153.3,47558489
1682070300000,42149.75,42149.75,42045.95,42089.25,9507765
1682307900000,42365.35,42464.45,42269.1,42397.0,70823567
1682315100000,42396.75,42569.25,42326.7,42565.45,50006668
1682322300000,42568.7,42714.15,42538.6,42637.8,66308546
1682329500000,42636.4,42665.25,42617.9,42641.85,13787201
1682394300000,42739.7,42848.5,42601.5,42814.15,113605923
1682401500000,42810.15,42865.55,42671.7,42757.95,58794130
1682408700000,42756.5,42827.75,42643.8,42691.25,73727516
1682415900000,42691.85,42691.85,42604.5,42654.15,16119337
1682480700000,42600.15,42643.4,42432.25,42614.7,72085961
1682487900000,42613.25,42793.4,42613.25,42703.9,39362667
1682495100000,42704.45,42866.8,42653.65,42845.05,51314287
1682502300000,42845.35,42875.6,42813.0,42866.45,15091987
1682567100000,42802.15,42940.2,42736.6,42795.1,71520128
1682574300000,42796.1,42895.25,42777.4,42851.6,31285464
1682581500000,42849.65,43027.7,42798.7,43024.45,64278781
1682588700000,43022.25,43043.4,42953.75,42962.1,13910654
1682653500000,43087.05,43087.6,42810.35,42891.7,90207167
1682660700000,42889.0,42997.8,42827.55,42962.45,38635143
1682667900000,42962.7,43268.75,42944.4,43238.05,78391620
1682675100000,43236.1,43302.05,43210.85,43226.25,31270734
1682999100000,43410.35,43468.9,43269.4,43389.8,123171084
1683006300000,43392.85,43483.85,43383.5,43403.1,48372572
1683013500000,43404.05,43475.4,43323.0,43332.1,54017078
1683020700000,43332.0,43341.85,43283.65,43305.35,15835249
1683085500000,43165.2,43313.7,43078.15,43204.2,72048873
1683092700000,43203.15,43260.3,43107.75,43207.85,44829512
1683099900000,43202.8,43351.9,43180.85,43340.75,46584630
1683107100000,43340.35,43354.95,43273.85,43292.0,12330484
1683171900000,43304.75,43401.4,43213.95,43395.5,58564697
1683179100000,43397.45,43472.85,43341.45,43427.2,37244690
1683186300000,43426.85,43728.1,43415.75,43719.8,65843380
1683193500000,43720.2,43739.8,43611.35,43635.9,13680485
1683258300000,43210.55,43588.0,43035.35,43336.05,89939801
1683265500000,43341.15,43341.15,43032.7,43202.35,54393255
1683272700000,43203.45,43214.45,42598.05,42668.7,89276448
1683279900000,42665.1,42699.7,42582.2,42669.25,17510922
1683517500000,42851.3,43334.55,42780.3,43257.85,83225420
1683524700000,43258.65,43328.85,43203.15,43277.1,42630623
1683531900000,43277.15,43418.55,43198.85,43306.4,86094224
1683539100000,43305.45,43358.95,43267.6,43314.4,11330260
1683603900000,43449.2,43493.95,43279.7,43436.25,93436042
1683611100000,43432.4,43533.25,43401.9,43423.0,46097973
1683618300000,43422.15,43449.75,43155.5,43223.0,71122919
1683625500000,43222.6,43226.9,43125.85,43171.6,18185373
1683690300000,43293.55,43375.35,42822.15,43088.6,115039472
1683697500000,43091.95,43258.9,43053.4,43249.7,51893513
1683704700000,43252.1,43375.45,43077.1,43339.5,64424542
1683711900000,43342.5,43383.65,43289.1,43343.85,17657035
1683776700000,43774.25,43774.25,43367.25,43574.65,80194379
1683783900000,43575.6,43615.75,43446.2,43557.8,41674908
1683791100000,43559.75,43672.05,43420.45,43479.35,56312078
1683798300000,43477.8,43539.1,43459.5,43506.75,12365315
1683863100000,43479.85,43584.55,43347.75,43548.5,48865101
1683870300000,43542.1,43643.4,43474.85,43602.0,30447533
1683877500000,43601.85,43905.95,43599.95,43797.5,51842155
1683884700000,43795.45,43812.55,43753.8,43794.2,13711074
1684122300000,43779.4,44053.25,43666.6,44015.25,63928247
1684129500000,44014.75,44095.15,44005.85,44064.0,34677279
1684136700000,44059.9,44151.7,44016.0,44068.7,49753798
1684143900000,44067.55,44114.05,44041.05,44045.15,12682989
1684208700000,44049.4,44123.5,43851.05,44059.5,81659365
1684215900000,44064.35,44099.1,43939.55,44022.45,37964936
1684223100000,44024.1,44124.45,43856.75,43883.7,87187226
1684230300000,43886.15,43912.5,43815.7,43856.0,15662698
1684295100000,43950.15,43992.75,43779.3,43857.7,85228851
1684302300000,43857.6,43859.5,43485.05,43488.95,52377301
1684309500000,43487.7,43712.4,43446.4,43703.65,54026377
1684316700000,43701.9,43763.05,43694.8,43748.9,11800259
1684381500000,43925.6,44067.85,43844.75,44029.55,67829740
1684388700000,44029.3,44079.2,43889.85,43931.25,40817483
1684395900000,43931.65,44054.15,43673.7,43755.45,101648957
1684403100000,43753.0,43805.65,43703.45,43770.1,16104790
1684467900000,43874.85,43961.6,43531.9,43665.5,76605355
1684475100000,43668.0,43745.3,43584.65,43687.65,36323894
1684482300000,43687.4,44020.9,43606.7,43956.85,62245246
1684489500000,43963.45,44016.95,43942.5,43956.4,16619063
1684727100000,43953.7,44026.75,43787.8,43904.05,86632537
1684734300000,43904.7,43922.8,43779.1,43875.1,33712790
1684741500000,43875.4,43973.25,43684.9,43848.25,51364443
1684748700000,43843.05,43928.75,43813.6,43822.5,11960311
1684813500000,43983.15,44084.35,43861.2,44054.7,59212507
1684820700000,44053.4,44077.35,43970.55,44010.5,29779527
1684827900000,44012.8,44095.25,43955.25,43955.6,41637029
1684835100000,43955.65,43966.9,43852.2,43873.85,11299225
1684899900000,43797.95,44010.45,43707.3,43924.05,54114020
1684907100000,43919.9,43996.0,43765.55,43766.9,37891893
1684914300000,43769.1,43851.2,43639.8,43659.25,44857571
1684921500000,43662.8,43697.5,43653.2,43662.9,11686042
1684986300000,43635.15,43705.15,43470.75,43550.2,56073377
1684993500000,43549.1,43601.25,43430.6,43476.45,38047544
1685000700000,43475.5,43717.95,43390.3,43688.6,62710047
1685007900000,43687.7,43719.85,43652.0,43679.2,13282485
1685072700000,43692.8,43752.65,43588.8,43694.3,56422099
1685079900000,43694.65,43902.7,43683.25,43856.35,28009115
1685087100000,43858.1,44067.6,43840.15,44038.7,47826356
1685094300000,44038.5,44044.6,43989.4,43996.5,10888826
1685331900000,44278.6,44458.95,44193.95,44436.5,56955004
1685339100000,44431.25,44483.35,44359.35,44388.0,42749914
1685346300000,44390.0,44459.6,44263.95,44313.25,38824940
1685353500000,44312.85,44323.45,44271.7,44323.45,9919195
1685418300000,44296.9,44415.65,44207.5,44277.05,61078775
1685425500000,44275.8,44364.95,44249.2,44319.95,35278289
1685432700000,44318.8,44486.35,44293.85,44439.7,47214176
1685439900000,44443.3,44498.6,44432.65,44457.5,13445940
1685504700000,44320.2,44339.05,44050.45,44127.95,62708075
1685511900000,44128.85,44152.25,43828.65,43852.6,42618510
1685519100000,43850.95,44204.75,43822.7,44124.9,125406592
1685526300000,44121.8,44265.55,44118.95,44147.8,74773165
1685591100000,44179.95,44179.95,43969.85,44107.65,63323932
1685598300000,44108.3,44164.0,44043.9,44142.8,44714522
1685605500000,44142.1,44177.95,43787.1,43794.65,59027860
1685612700000,43784.7,43801.15,43706.15,43790.0,15626723
1685677500000,44015.9,44040.4,43812.55,43933.9,48496606
1685684700000,43934.6,44061.25,43892.6,44042.15,23242857
1685691900000,44041.45,44088.9,43840.15,43950.9,41261947
1685699100000,43950.25,43961.35,43852.3,43880.75,10775958
1685936700000,44148.85,44254.7,44101.25,44243.7,52202773
1685943900000,44243.9,44263.45,44158.85,44186.65,27588520
1685951100000,44184.65,44266.15,44074.2,44122.3,33738103
1685958300000,44121.35,44149.3,44078.2,44099.75,10929180
1686023100000,44179.6,44191.0,44009.95,44039.4,47005955
1686030300000,44038.35,44126.65,44009.7,44095.55,30081951
1686037500000,44097.05,44235.15,44036.1,44219.35,35066309
1686044700000,44215.7,44236.2,44186.75,44209.4,11361242
1686109500000,44326.55,44346.3,44172.35,44211.25,45776719
1686116700000,44209.8,44239.55,44143.5,44214.25,32250296
1686123900000,44215.3,44286.0,44148.9,44280.65,31432224
1686131100000,44281.55,44293.45,44261.15,44279.6,9680910
1686195900000,44247.2,44459.25,44206.15,44429.75,47033023
1686203100000,44429.4,44452.55,44209.9,44245.65,48395993
1686210300000,44245.0,44348.9,43963.25,43965.6,52703741
1686217500000,43962.85,44024.8,43917.9,44007.7,11978190
1686282300000,44112.0,44220.1,43932.6,44140.3,52386337
1686289500000,44140.5,44199.25,44030.5,44093.25,27323988
1686296700000,44092.3,44108.35,43954.35,43993.25,41287387
1686303900000,43993.05,44010.0,43970.9,43990.6,11218979
1686541500000,44060.8,44124.95,43921.25,44010.55,35638678
1686548700000,44007.05,44045.0,43940.7,43967.85,18579132
1686555900000,43967.9,44002.85,43874.05,43937.3,28888236
1686563100000,43944.4,43960.65,43929.0,43956.45,8075590
1686627900000,43994.15,44120.25,43975.45,44082.55,58606869
1686635100000,44083.35,44117.65,43999.6,44036.0,29135108
1686642300000,44035.45,44103.75,43947.35,44095.05,56265782
1686649500000,44093.3,44138.15,44085.2,44109.05,15911727
1686714300000,44212.35,44212.35,43964.35,43992.95,70421649
1686721500000,43997.35,44043.0,43970.6,44029.55,34018266
1686728700000,44031.85,44063.35,43956.15,43994.0,38663311
1686735900000,43994.7,43998.6,43958.7,43964.8,11440446
1686800700000,44070.95,44077.45,43839.2,43882.35,74589147
1686807900000,43881.75,43887.55,43635.2,43666.5,51457945
1686815100000,43664.6,43728.1,43399.4,43404.9,86237272
1686822300000,43412.45,43453.2,43397.5,43453.2,15697892
1686887100000,43616.45,43770.1,43536.95,43738.3,54464728
1686894300000,43740.5,43819.7,43694.4,43766.3,38776916
1686901500000,43762.6,44083.25,43685.2,43926.85,93564275
1686908700000,43930.45,43949.75,43832.55,43906.65,47597885
1687146300000,44040.35,44040.35,43596.5,43675.6,100578112
1687153500000,43671.2,43757.1,43554.05,43587.75,48671698
1687160700000,43589.35,43718.05,43501.4,43662.65,71757300
1687167900000,43664.85,43673.2,43615.3,43644.05,13791488
1687232700000,43638.7,43640.65,43345.95,43420.7,68459943
1687239900000,43417.55,43584.7,43378.95,43528.0,34980648
1687247100000,43527.5,43790.9,43467.1,43778.45,44992180
1687254300000,43774.5,43823.95,43771.5,43796.5,13203773
1687319100000,43902.1,43946.7,43721.25,43722.45,61816093
1687326300000,43727.7,43877.05,43698.95,43858.6,45330511
1687333500000,43858.25,43931.65,43786.05,43883.7,56830191
1687340700000,43885.65,43897.1,43823.1,43863.8,15867897
1687405500000,43889.1,43990.5,43774.45,43930.25,85821725
1687412700000,43929.55,43945.9,43720.0,43783.45,59653517
1687419900000,43784.3,44042.15,43663.35,43698.5,98118021
1687427100000,43698.25,43750.85,43679.2,43716.5,20015366
1687491900000,43673.4,43794.7,43519.55,43734.9,80078416
1687499100000,43734.35,43824.1,43673.45,43723.75,27483463
1687506300000,43724.95,43788.8,43609.25,43638.9,42317836
1687513500000,43637.35,43648.3,43585.9,43617.05,11328475
1687751100000,43730.7,43773.1,43551.95,43610.95,51701367
1687758300000,43614.9,43688.95,43573.95,43619.5,23628816
1687765500000,43620.15,43687.2,43541.75,43666.35,30614679
1687772700000,43667.25,43671.8,43588.9,43653.65,14697324
1687837500000,43805.25,43805.25,43693.15,43744.7,43186245
1687844700000,43744.65,43827.2,43720.4,43750.85,28655661
1687851900000,43753.0,44176.1,43749.5,44152.55,51427692
1687859100000,44153.25,44194.65,44122.35,44164.05,13873679
1687923900000,44340.6,44378.8,44163.2,44280.85,49126487
1687931100000,44278.35,44421.05,44256.6,44383.7,50526849
1687938300000,44379.85,44508.4,44243.1,44314.65,105353920
1687945500000,44319.6,44416.5,44261.5,44391.55,38698238
1688096700000,44666.6,44668.15,44447.2,44556.6,71332100
1688103900000,44555.4,44725.2,44555.4,44707.0,41825412
1688111100000,44707.3,44787.1,44696.65,44766.5,60383330
1688118300000,44768.75,44773.25,44712.8,44716.95,17606166
1688355900000,44984.7,45353.2,44882.1,45096.2,78966949
1688363100000,45098.55,45240.2,45041.0,45206.0,51011306
1688370300000,45204.6,45272.05,45101.1,45142.5,81094220
1688377500000,45143.15,45190.9,45139.2,45176.35,16946427
1688442300000,45312.3,45362.8,45000.25,45283.55,216092733
1688449500000,45281.55,45486.25,45234.1,45450.1,112213057
1688456700000,45456.3,45655.5,45220.85,45300.35,111380519
1688463900000,45299.75,45315.45,45231.3,45283.6,23173431
1688528700000,45208.75,45418.9,45091.8,45181.45,171453348
1688535900000,45181.0,45271.55,45137.2,45223.7,95989602
1688543100000,45224.65,45225.15,45073.4,45173.95,78516049
1688550300000,45172.65,45201.55,45158.8,45197.3,20232417
1688615100000,45082.0,45220.95,45042.6,45175.9,96622364
1688622300000,45174.8,45340.25,45166.65,45213.25,59670417
1688629500000,45215.45,45390.25,45190.9,45363.75,71375198
1688636700000,45363.05,45417.5,45307.35,45314.85,17056816
1688701500000,45146.9,45227.25,44914.5,44992.9,78980589
1688708700000,44991.9,45027.4,44845.7,44900.4,30765257
1688715900000,44900.85,45089.7,44888.1,44920.55,90853673
1688723100000,44918.75,44931.7,44844.8,44892.1,20214339
1688960700000,44980.35,45184.3,44885.8,44959.45,109537822
1688967900000,44958.7,44958.7,44757.3,44891.1,38530656
1688975100000,44897.7,44946.7,44721.9,44881.35,54787177
1688982300000,44883.4,44924.75,44849.65,44869.45,17893363
1689047100000,44998.45,45100.6,44932.25,45094.15,78056930
1689054300000,45092.4,45139.55,45021.9,45064.75,46730904
1689061500000,45063.95,45088.95,44663.05,44706.15,65248701
1689068700000,44705.65,44795.45,44703.45,44786.35,18843314
1689133500000,44888.75,44937.25,44683.15,44865.6,84454540
1689140700000,44865.9,44908.55,44744.4,44866.4,46736783
1689147900000,44864.15,44891.5,44562.4,44595.3,73782719
1689155100000,44594.2,44663.3,44590.7,44660.25,27874800
1689219900000,44894.2,45021.7,44803.65,45019.35,86966668
1689227100000,45021.2,45085.15,44949.3,45007.15,78667855
1689234300000,45007.45,45015.65,44612.2,44664.9,150919105
1689241500000,44664.35,44754.1,44618.35,44726.45,20179791
1689306300000,44861.1,44923.85,44640.3,44684.65,81855477
1689313500000,44683.55,44767.5,44637.4,44720.75,40629858
1689320700000,44722.6,44867.95,44547.8,44862.9,58026303
1689327900000,44862.0,44898.15,44853.4,44891.0,15647189
1689565500000,44964.65,44964.65,44695.05,44781.05,84396790
1689572700000,44780.15,44973.9,44709.6,44973.75,40688351
1689579900000,44975.05,45518.0,44949.9,45515.95,92807011
1689587100000,45516.45,45556.45,45477.3,45502.1,27799956
1689651900000,45794.3,45905.85,45580.25,45838.55,119776228
1689659100000,45839.15,45849.1,45286.5,45464.05,81609562
1689666300000,45460.4,45580.0,45281.3,45369.55,85571739
1689673500000,45367.25,45431.05,45341.95,45412.0,20265193
1689738300000,45649.65,45650.65,45473.7,45478.15,85249499
1689745500000,45475.25,45662.1,45433.0,45625.2,57552122
1689752700000,45623.6,45707.4,45515.6,45655.25,97434087
1689759900000,45656.25,45675.65,45650.1,45668.2,20608756
1689824700000,45725.75,45773.95,45640.95,45708.5,128894439
1689831900000,45710.8,45868.75,45681.75,45861.8,63880827
1689839100000,45858.85,46256.2,45854.4,46227.75,103113784
1689846300000,46226.5,46243.7,46146.6,46171.45,19164586
1689911100000,46075.9,46369.5,46027.05,46066.85,81370032
1689918300000,46066.05,46130.75,45925.9,46096.5,58007830
1689925500000,46097.45,46263.15,45948.9,46083.8,77563891
1689932700000,46081.85,46149.0,46069.85,46133.45,18565090
1690170300000,46094.85,46191.5,45975.15,46111.3,90546458
1690177500000,46109.95,46155.25,45858.75,46059.1,50680448
1690184700000,46058.65,46088.7,45871.85,45894.0,71116020
1690191900000,45894.6,45975.45,45887.95,45921.4,13242697
1690256700000,46156.1,46156.1,45836.95,45878.45,68666911
1690263900000,45878.25,45942.75,45757.65,45814.85,51823606
1690271100000,45813.75,45933.35,45622.85,45810.45,90122121
1690278300000,45805.25,45860.35,45803.4,45838.1,17281730
1690343100000,45935.7,45995.85,45804.7,45872.95,66802625
1690350300000,45871.2,46000.35,45843.7,45933.0,51534674
1690357500000,45932.45,46096.6,45931.35,46071.25,157258859
1690364700000,46069.7,46083.35,46025.5,46043.4,22635881
1690429500000,46301.8,46310.1,46056.7,46086.05,122393948
1690436700000,46086.95,46086.95,45721.75,45815.8,71807972
1690443900000,45818.45,45862.35,45570.65,45695.25,101543309
1690451100000,45696.05,45791.35,45684.85,45774.6,24500827
1690515900000,45616.25,45727.75,45370.75,45446.5,73332783
1690523100000,45446.75,45491.45,45324.85,45368.35,40772000
1690530300000,45367.55,45514.65,45238.8,45489.55,58906641
1690537500000,45488.85,45508.95,45429.6,45460.7,21454384
1690775100000,45493.75,45581.7,45359.75,45549.65,95677142
1690782300000,45550.65,45583.15,45475.7,45575.9,74919999
1690789500000,45575.25,45694.9,45555.7,45658.05,58858869
1690796700000,45658.55,45691.45,45616.2,45629.7,18280030
1690861500000,45720.65,45782.75,45560.15,45580.5,68882370
1690868700000,45585.55,45625.7,45471.05,45543.8,42753686
1690875900000,45543.5,45640.0,45487.0,45582.55,51040435
1690883100000,45580.95,45639.35,45548.7,45598.05,12438222
1690947900000,45358.15,45404.9,45002.35,45096.45,73677770
1690955100000,45097.3,45131.4,44958.45,44962.0,60702641
1690962300000,44963.0,45049.15,44720.9,45043.65,82372895
1690969500000,45043.0,45085.95,44982.4,44989.4,16759578
1691034300000,44890.85,45038.45,44756.4,44855.55,67073484
1691041500000,44854.8,44878.55,44459.3,44513.3,60185588
1691048700000,44510.35,44550.9,44279.4,44550.9,102986345
1691055900000,44550.5,44613.1,44550.5,44582.05,15409714
1691120700000,44762.55,44860.8,44520.55,44826.95,73572154
1691127900000,44829.6,45118.05,44826.75,44889.5,57788672
1691135100000,44890.9,44946.15,44595.55,44928.8,101107635
1691142300000,44932.5,44947.2,44850.1,44858.5,12610357
1691379900000,44934.75,44997.25,44773.85,44809.65,79485068
1691387100000,44803.65,44934.7,44793.25,44826.7,47899810
1691394300000,44827.65,45011.35,44794.15,44852.35,59997097
1691401500000,44852.3,44857.45,44816.7,44833.0,13345164
1691466300000,44926.7,45096.85,44817.85,44966.85,86008942
1691473500000,44967.0,45039.05,44891.9,45000.0,53384206
1691480700000,45000.3,45050.55,44889.9,44950.4,74016930
1691487900000,44954.6,45007.35,44942.65,44982.9,15902695
1691552700000,44975.0,44975.0,44545.5,44599.65,71745703
1691559900000,44593.05,44681.35,44533.75,44653.0,39831992
1691567100000,44650.35,44904.85,44584.15,44895.2,51642963
1691574300000,44893.7,44921.0,44822.35,44881.05,13951281
1691639100000,44823.55,44980.35,44479.0,44585.3,91072823
1691646300000,44584.3,44730.9,44573.0,44673.4,52745395
1691653500000,44671.85,44697.9,44418.4,44550.1,72992270
1691660700000,44550.3,44570.3,44488.95,44544.2,15127824
1691725500000,44571.25,44571.25,44277.75,44338.2,93724717
1691732700000,44339.2,44462.85,44250.9,44391.65,42686947
1691739900000,44392.55,44405.2,44120.9,44154.3,43733638
1691747100000,44155.1,44275.8,44151.9,44262.55,16691188
1691984700000,44078.55,44091.45,43776.9,43896.85,67296154
1691991900000,43898.55,44037.0,43888.85,43945.55,31762256
1691999100000,43946.1,44212.75,43904.75,44079.35,58671154
1692006300000,44079.0,44105.2,43996.1,44061.75,14509605
1692157500000,43816.55,43905.35,43600.35,43810.65,65018468
1692164700000,43810.15,43935.3,43731.0,43913.45,38013995
1692171900000,43912.2,44002.8,43853.8,43943.05,44166782
1692179100000,43943.8,43954.1,43897.9,43914.9,11713563
1692243900000,43975.9,44071.85,43831.9,44008.2,112257189
1692251100000,44006.15,44011.4,43745.1,43769.15,51579705
1692258300000,43767.35,43916.75,43759.2,43883.9,83152771
1692265500000,43884.0,43922.0,43853.4,43865.65,19201552
1692330300000,43738.55,43957.65,43672.45,43902.5,73561953
1692337500000,43901.3,43931.65,43818.95,43826.6,29303137
1692344700000,43828.95,43935.15,43774.7,43875.65,51225182
1692351900000,43875.15,43878.9,43763.2,43793.2,13413799
1692589500000,43905.4,44061.8,43862.0,44024.7,46355888
1692596700000,44024.55,44086.15,43953.8,44073.05,33075371
1692603900000,44072.35,44113.8,43988.25,44002.8,36696321
1692611100000,44000.25,44004.0,43941.95,43961.35,10113450
1692675900000,44135.1,44151.3,44034.6,44074.0,64493603
1692683100000,44076.05,44101.55,44020.25,44077.35,33131906
1692690300000,44079.6,44109.7,43943.05,44000.75,48706194
1692697500000,43998.1,44036.95,43938.7,43950.4,14315730
1692762300000,44069.7,44151.6,43952.05,44119.95,73306557
1692769500000,44122.45,44416.75,44103.95,44366.6,57061508
1692776700000,44366.5,44521.65,44355.9,44485.2,66923830
1692783900000,44485.85,44495.75,44446.0,44479.9,14987884
1692848700000,44710.35,44949.9,44613.95,44677.85,76098085
1692855900000,44681.05,44733.25,44545.6,44584.95,47232316
1692863100000,44584.85,44626.65,44440.9,44543.3,80774641
1692870300000,44542.7,44546.4,44433.75,44461.1,16204849
1692935100000,44331.4,44356.35,43983.75,44055.45,64478475
1692942300000,44056.3,44359.1,44033.1,44274.2,37811665
1692949500000,44279.3,44323.15,44173.75,44241.95,37578390
1692956700000,44243.7,44268.05,44134.55,44167.95,12520321
1693194300000,44274.6,44378.15,44201.45,44334.55,57602561
1693201500000,44335.95,44535.4,44333.75,44487.8,39461569
1693208700000,44488.9,44610.4,44463.5,44478.65,52553948
1693215900000,44479.85,44516.65,44475.55,44507.75,13260761
1693280700000,44673.0,44673.0,44472.15,44518.05,47994547
1693287900000,44516.65,44598.7,44502.35,44548.5,32086537
1693295100000,44548.9,44585.5,44429.8,44489.25,47872745
1693302300000,44490.6,44520.2,44477.7,44511.65,12224490
1693367100000,44715.1,44779.65,44636.7,44657.2,54992203
1693374300000,44656.75,44666.45,44550.65,44614.25,33521692
1693381500000,44612.65,44616.15,44176.65,44210.85,49799503
1693388700000,44210.35,44245.5,44149.8,44208.8,14743114
1693453500000,44291.15,44399.65,44031.2,44070.65,91950382
1693460700000,44072.7,44110.5,43898.5,43905.9,56081751
1693467900000,43905.55,44094.8,43895.05,44010.9,295945375
1693475100000,44011.4,44103.35,43964.65,44060.75,260597077
1693539900000,44007.9,44139.4,43830.75,44027.8,106349356
1693547100000,44026.2,44311.05,43958.95,44289.65,97286689
1693554300000,44288.55,44568.55,44228.15,44443.1,97675309
1693561500000,44444.8,44454.5,44352.65,44403.7,19361262
1693799100000,44656.05,44656.05,44310.95,44453.75,111470240
1693806300000,44454.05,44556.15,44407.9,44536.7,47172221
1693813500000,44535.1,44594.6,44462.2,44572.2,60706137
1693820700000,44569.4,44605.75,44554.5,44584.25,19207034
1693885500000,44639.95,44668.7,44481.0,44539.0,102042889
1693892700000,44543.05,44578.0,44426.15,44495.9,46517070
1693899900000,44496.85,44548.0,44401.7,44538.35,62164804
1693907100000,44538.1,44570.75,44519.1,44543.85,14621750
1693971900000,44538.3,44577.0,44432.8,44475.9,81926491
1693979100000,44476.05,44483.6,44261.05,44285.25,55326488
1693986300000,44287.75,44455.0,44207.25,44388.95,86793867
1693993500000,44388.0,44524.05,44388.0,44468.55,27910957
1694058300000,44464.6,44672.95,44341.2,44672.8,56685049
1694065500000,44672.6,44689.95,44400.85,44454.45,38679530
1694072700000,44456.4,44915.55,44451.9,44852.5,58841581
1694079900000,44852.8,44884.45,44827.2,44855.55,14846675
1694144700000,44959.35,45002.55,44812.15,44879.4,60466145
1694151900000,44877.65,45177.9,44858.85,45116.8,43992461
1694159100000,45119.6,45383.35,45038.4,45139.55,62199998
1694166300000,45137.6,45215.75,45136.9,45169.55,12284730
1694403900000,45346.45,45441.55,45231.3,45332.65,89830455
1694411100000,45332.05,45467.0,45330.45,45407.7,41357557
1694418300000,45406.3,45585.6,45389.55,45575.3,79680545
1694425500000,45575.0,45630.6,45572.85,45618.95,17120715
1694490300000,45818.05,45824.15,45394.95,45582.3,119739383
1694497500000,45584.4,45622.7,45322.55,45419.6,63775292
1694504700000,45421.7,45534.35,45359.8,45498.6,66224243
1694511900000,45497.65,45564.4,45480.65,45490.1,21512226
1694576700000,45471.2,45612.7,45299.4,45610.25,130754985
1694583900000,45608.75,45888.35,45580.3,45856.85,73062200
1694591100000,45857.35,45990.5,45834.6,45904.25,204809606
1694598300000,45904.4,45922.55,45846.7,45899.6,32948973
1694663100000,46034.6,46153.9,45801.5,46012.1,115213384
1694670300000,46012.45,46029.65,45831.05,45963.15,43082543
1694677500000,45965.35,46059.9,45816.95,46004.9,62705470
1694684700000,46000.25,46039.1,45963.75,45983.65,17497650
1694749500000,46152.0,46256.6,46046.85,46225.05,75406940
1694756700000,46225.4,46280.85,46028.75,46132.05,55308922
1694763900000,46132.7,46310.4,46082.25,46200.3,100836847
1694771100000,46200.35,46238.4,46138.7,46154.05,46617210
1695008700000,46135.65,46180.35,46067.55,46167.35,128337669
1695015900000,46169.3,46252.95,46073.35,46111.95,94163439
1695023100000,46115.9,46143.9,45951.45,45951.45,101707601
1695030300000,45949.95,45982.25,45906.9,45950.7,24404414
1695181500000,45538.1,45745.15,45401.7,45431.8,153463017
1695188700000,45434.7,45458.05,45328.15,45350.85,57661989
1695195900000,45353.6,45409.6,45276.4,45377.45,101500647
1695203100000,45381.45,45461.7,45364.0,45442.65,21334362
1695267900000,45192.75,45276.8,45039.1,45178.5,99155908
1695275100000,45179.05,45180.1,44739.55,44804.15,71571333
1695282300000,44805.45,44885.1,44592.45,44629.75,70649852
1695289500000,44625.2,44660.45,44600.3,44610.2,16247410
1695354300000,44750.55,44984.9,44548.9,44924.65,115911283
1695361500000,44923.75,44996.75,44823.65,44907.55,46689637
1695368700000,44907.45,44924.35,44557.75,44591.2,67764112
1695375900000,44591.1,44649.45,44580.45,44639.95,18633800
1695613500000,44660.95,44710.95,44400.9,44430.15,76044783
1695620700000,44431.5,44889.65,44409.95,44859.95,71441162
1695627900000,44858.85,44936.55,44584.3,44781.25,95191568
1695635100000,44779.5,44802.0,44733.4,44758.4,23670964
1695699900000,44773.8,44773.8,44610.5,44698.35,67159038
1695707100000,44696.2,44715.7,44532.45,44642.65,48014047
1695714300000,44638.1,44685.95,44583.1,44629.7,52577643
1695721500000,44628.5,44665.85,44616.95,44662.45,20571242
1695786300000,44516.35,44524.55,44182.5,44407.5,77242514
1695793500000,44414.65,44493.0,44317.9,44472.4,49443204
1695800700000,44473.9,44668.0,44440.65,44573.95,74988636
1695807900000,44574.65,44616.1,44559.6,44600.75,20090636
1695872700000,44700.7,44756.8,44448.9,44457.35,111645699
1695879900000,44462.2,44539.4,44392.5,44433.85,65535190
1695887100000,44433.3,44436.65,44260.75,44283.45,150937875
1695894300000,44281.75,44337.7,44248.2,44288.2,61576791
1695959100000,44464.05,44628.15,44344.9,44584.4,60688389
1695966300000,44581.5,44687.25,44538.4,44620.5,29088858
1695973500000,44617.45,44755.05,44550.3,44550.9,48214151
1695980700000,44553.8,44604.2,44538.2,44603.15,17920207
1696304700000,44566.3,44566.3,44243.1,44318.55,70453729
1696311900000,44318.75,44407.4,44305.6,44386.55,38542737
1696319100000,44387.25,44435.5,44307.35,44391.15,65610375
1696326300000,44392.4,44415.85,44377.6,44395.3,17982556
1696391100000,44141.15,44161.35,43885.2,43972.65,131151312
1696398300000,43972.75,43998.95,43857.5,43936.3,75732932
1696405500000,43939.35,43996.7,43886.95,43975.5,73441613
1696412700000,43974.95,44026.95,43951.95,43993.3,29844534
1696477500000,44210.7,44316.75,44108.3,44308.0,121860150
1696484700000,44309.4,44391.85,44221.85,44246.4,51935754
1696491900000,44246.75,44308.45,44186.25,44208.0,51476156
1696499100000,44205.8,44252.5,44185.05,44208.25,18027536
1696563900000,44401.05,44500.7,44242.95,44411.25,69433320
1696571100000,44410.2,44415.0,44255.65,44349.85,39119233
1696578300000,44347.5,44471.05,44341.85,44366.3,35102103
1696585500000,44371.4,44380.8,44328.9,44368.05,13710291
1696823100000,44113.2,44113.2,43796.75,43989.1,77352141
1696830300000,43989.75,44009.8,43828.7,43865.3,32069352
1696837500000,43863.05,43965.6,43858.4,43894.7,39405456
1696844700000,43893.55,43894.8,43863.1,43868.5,13397615
1696909500000,44095.55,44139.4,44004.55,44065.95,54250175
1696916700000,44068.75,44398.3,44045.35,44362.55,42135168
1696923900000,44362.6,44487.25,44328.25,44352.75,64032149
1696931100000,44354.45,44386.6,44347.4,44378.4,14733870
1696995900000,44557.7,44710.55,44445.6,44474.75,102495916
1697003100000,44465.2,44546.7,44451.25,44540.65,35178127
1697010300000,44540.35,44556.6,44411.4,44516.7,55793257
1697017500000,44517.05,44544.85,44488.7,44519.85,20187897
1697082300000,44588.05,44693.05,44530.05,44637.4,43371801
1697089500000,44637.05,44645.6,44535.05,44555.85,22864008
1697096700000,44554.1,44632.45,44545.75,44610.5,33230301
1697103900000,44609.05,44622.8,44570.85,44570.85,12509511
1697168700000,44357.45,44380.55,44204.85,44260.75,63053799
1697175900000,44256.8,44364.4,44243.45,44340.5,35557869
1697183100000,44345.55,44563.05,44278.75,44301.15,56101652
1697190300000,44300.3,44314.55,44203.7,44220.5,15083834
1697427900000,44213.95,44283.9,44044.4,44223.45,55598239
1697435100000,44224.5,44356.95,44192.7,44270.05,38423934
1697442300000,44267.8,44309.9,44214.5,44217.15,35880263
1697449500000,44217.2,44253.5,44206.45,44242.55,10383906
1697514300000,44589.85,44589.85,44434.1,44511.3,46954112
1697521500000,44511.15,44525.4,44457.75,44513.15,22012676
1697528700000,44512.95,44544.9,44336.95,44399.65,39361854
1697535900000,44396.45,44460.2,44373.35,44441.3,12092186
1697600700000,44412.5,44412.5,43877.2,43932.75,102998160
1697607900000,43937.35,43999.25,43868.15,43967.95,46403029
1697615100000,43966.95,43974.3,43861.45,43919.65,51329262
1697622300000,43917.6,43919.3,43879.7,43894.45,16362008
1697687100000,43696.9,43812.15,43558.1,43749.8,66656949
1697694300000,43749.15,43992.6,43745.0,43849.2,35047105
1697701500000,43848.6,44058.8,43726.85,43730.85,44217385
1697708700000,43729.85,43754.4,43712.25,43752.45,10607521
1697773500000,43613.85,43797.85,43567.45,43743.8,54874946
1697780700000,43744.75,43768.6,43616.0,43730.2,46353512
1697787900000,43726.75,43877.5,43676.7,43736.85,37065165
1697795100000,43735.6,43740.65,43710.2,43740.65,14055868
1698032700000,43831.3,43831.3,43623.3,43665.6,66668773
1698039900000,43666.9,43726.15,43583.95,43616.15,41015660
1698047100000,43617.1,43677.15,43029.45,43127.8,76774261
1698054300000,43131.05,43190.4,43089.15,43186.0,16844043
1698205500000,43352.0,43397.45,43163.25,43271.5,78708733
1698212700000,43271.1,43291.5,42824.3,42837.55,50062175
1698219900000,42837.0,43000.35,42808.05,42832.85,47194268
1698227100000,42831.8,42866.4,42758.4,42848.15,12179190
1698291900000,42716.0,42716.2,42203.3,42212.1,89860709
1698299100000,42211.4,42329.65,42105.4,42273.8,63480477
1698306300000,42270.5,42373.9,42186.75,42290.3,159746516
1698313500000,42290.4,42326.7,42261.3,42288.15,23699675
1698378300000,42572.75,42726.4,42482.75,42694.55,96459912
1698385500000,42694.95,42784.0,42632.1,42666.85,49281105
1698392700000,42666.1,42817.25,42653.45,42753.6,53591674
1698399900000,42753.15,42840.15,42753.15,42831.25,14458044
1698637500000,42759.55,42809.85,42390.5,42701.6,97738805
1698644700000,42700.6,43006.05,42686.8,42996.25,31893220
1698651900000,42993.75,43063.45,42876.75,43029.5,44030219
1698659100000,43029.2,43112.5,43023.1,43073.6,15256444
1698723900000,43264.85,43289.6,42938.2,43007.85,65373710
1698731100000,43006.9,43052.5,42852.85,43004.85,31342338
1698738300000,43003.65,43086.4,42797.15,42843.6,45769270
1698745500000,42843.95,42865.3,42811.05,42827.75,14818558
1698810300000,42743.0,42815.15,42604.25,42666.95,59001477
1698817500000,42667.4,42772.6,42630.05,42652.25,28219883
1698824700000,42653.5,42737.4,42589.65,42705.25,44590702
1698831900000,42705.85,42746.15,42688.6,42734.15,13333905
1698896700000,43033.85,43271.5,42986.35,43083.5,56742274
1698903900000,43085.65,43088.65,42796.45,42942.45,31570640
1698911100000,42942.65,43086.35,42852.95,42963.8,46591504
1698918300000,42970.45,43040.2,42959.05,43033.5,9722206
1698983100000,43324.95,43410.7,43221.0,43349.7,56112518
1698990300000,43349.25,43371.35,43291.9,43342.3,26581475
1698997500000,43342.6,43416.1,43281.7,43307.25,30954148
1699004700000,43307.55,43326.05,43300.4,43306.95,10365991
1699242300000,43636.8,43636.8,43415.2,43450.8,63404672
1699249500000,43451.7,43533.35,43438.2,43521.3,31586132
1699256700000,43518.7,43640.4,43497.15,43627.7,41378800
1699263900000,43629.35,43648.7,43603.65,43628.0,13484286
1699328700000,43607.35,43607.35,43374.65,43485.55,68950585
1699335900000,43487.65,43518.85,43283.85,43386.55,48025057
1699343100000,43389.8,43727.35,43352.25,43718.45,65000698
1699350300000,43719.35,43799.35,43710.0,43780.15,16111071
1699415100000,43797.55,43797.55,43547.75,43574.25,56232289
1699422300000,43569.05,43662.55,43550.0,43641.55,30647639
1699429500000,43641.35,43704.9,43568.9,43666.0,61581726
1699436700000,43667.4,43677.35,43635.75,43646.6,14852082
1699501500000,43653.95,43772.55,43542.65,43746.5,39700301
1699508700000,43745.45,43876.75,43719.1,43739.85,30307743
1699515900000,43739.45,43782.25,43667.25,43672.65,30516194
1699523100000,43670.65,43698.7,43656.95,43695.9,8305849
1699587900000,43557.85,43737.75,43504.95,43645.05,29914611
1699595100000,43645.95,43801.4,43607.6,43718.85,23257821
1699602300000,43719.45,43816.65,43641.9,43812.55,27430753
1699609500000,43811.3,43908.7,43806.35,43879.9,9330330
1699793100000,44056.0,44056.0,43916.6,43996.65,25945667
1699847100000,43934.6,43934.6,43681.4,43723.9,45699958
1699854300000,43726.5,43902.25,43718.15,43867.65,51344192
1699861500000,43867.15,43970.75,43865.05,43881.55,56934722
1699868700000,43882.85,43911.45,43865.25,43885.45,15378895
1700019900000,44408.55,44408.55,44166.1,44214.3,91031068
1700027100000,44215.05,44241.65,44173.25,44224.85,36247272
1700034300000,44225.75,44261.3,44164.55,44206.85,61043868
1700041500000,44206.55,44239.7,44187.3,44215.25,14123092
1700106300000,44264.0,44391.2,44145.7,44388.9,51144012
1700113500000,44389.25,44409.05,44262.65,44310.85,31125620
1700120700000,44309.85,44420.95,44064.15,44085.5,48175316
1700127900000,44083.8,44156.25,44078.5,44137.55,13789089
1700192700000,43694.3,43872.85,43556.5,43673.35,116315403
1700199900000,43673.95,43731.0,43608.15,43681.1,43779933
1700207100000,43680.15,43698.25,43564.15,43606.25,50729421
1700214300000,43606.1,43625.2,43513.85,43545.35,16493983
1700451900000,43618.8,43724.0,43450.05,43529.0,53732326
1700459100000,43526.45,43680.55,43507.2,43655.35,25698665
1700466300000,43655.65,43682.35,43567.95,43581.65,36033447
1700473500000,43580.85,43589.3,43563.0,43566.45,8795413
1700538300000,43732.75,43777.5,43672.55,43718.85,38316899
1700545500000,43719.35,43778.35,43586.45,43647.1,27178632
1700552700000,43644.05,43731.0,43635.0,43686.65,30881257
1700559900000,43681.6,43710.05,43672.6,43694.95,11765858
1700624700000,43680.5,43692.5,43490.4,43535.25,45567188
1700631900000,43534.75,43562.2,43230.95,43320.35,42796617
1700639100000,43319.3,43471.5,43279.35,43432.6,49311651
1700646300000,43437.0,43481.1,43418.7,43454.6,13109238
1700711100000,43515.75,43635.3,43451.35,43538.2,30496793
1700718300000,43537.9,43624.25,43519.45,43583.35,15027462
1700725500000,43584.3,43649.65,43561.15,43582.3,20520849
1700732700000,43583.95,43602.25,43560.4,43590.4,6192123
1700797500000,43630.1,43754.45,43566.15,43722.05,33412692
1700804700000,43720.25,43743.75,43594.8,43599.75,19481391
1700811900000,43603.75,43805.6,43588.05,43778.1,34769904
1700819100000,43781.75,43806.5,43733.4,43754.6,9112124
1701143100000,43866.8,43866.8,43739.8,43818.85,48389638
1701150300000,43818.05,43954.15,43800.6,43857.25,48336144
1701157500000,43858.55,43910.75,43802.5,43894.95,41754796
1701164700000,43893.2,43960.3,43855.45,43943.95,12681165
1701229500000,44062.05,44163.5,44003.45,44140.65,53281500
1701236700000,44139.9,44362.05,44121.3,44360.5,38744438
1701243900000,44362.4,44609.25,44310.8,44600.5,46396170
1701251100000,44602.0,44630.35,44568.05,44582.8,13801509
1701315900000,44716.45,44764.8,44273.55,44347.85,99409246
1701323100000,44347.5,44392.7,44254.6,44322.65,40377600
1701330300000,44323.5,44512.95,44284.05,44480.55,134409804
1701337500000,44478.8,44586.9,44460.6,44466.3,68810711
1701402300000,44581.25,44944.55,44531.75,44894.2,96525002
1701409500000,44890.55,44949.8,44826.35,44863.4,37087113
1701416700000,44864.15,44951.1,44752.8,44810.6,55111260
1701423900000,44811.2,44847.7,44786.9,44815.7,16086429
1701661500000,45677.3,45837.05,45484.2,45708.75,155818445
1701668700000,45711.35,46036.95,45709.4,46005.25,61232553
1701675900000,46006.9,46476.85,45948.75,46412.1,74568637
1701683100000,46414.0,46484.45,46406.8,46445.4,19432851
1701747900000,46933.15,47230.55,46653.65,47018.25,160952085
1701755100000,47013.4,47029.1,46736.1,47003.55,75548929
1701762300000,47005.8,47075.35,46918.8,47016.0,73742415
1701769500000,47014.6,47030.9,46952.55,46968.95,15719140
1701834300000,47205.05,47259.85,46750.2,46883.55,104886566
1701841500000,46884.2,46950.6,46804.4,46817.1,40399324
1701848700000,46820.3,46946.5,46767.45,46835.5,80993333
1701855900000,46836.05,46849.7,46787.25,46801.85,17882799
1701920700000,46774.2,46903.8,46507.15,46874.8,99784895
1701927900000,46879.55,46901.4,46764.0,46845.4,33523971
1701935100000,46844.7,46927.7,46795.5,46829.2,56475736
1701942300000,46829.35,46889.95,46812.65,46839.4,18233824
1702007100000,46819.7,47170.25,46793.9,47086.05,90632522
1702014300000,47083.85,47125.8,46850.5,46941.15,41296767
1702021500000,46946.1,47303.3,46907.65,47287.65,72718605
1702028700000,47284.45,47303.65,47252.15,47283.75,13505808
1702266300000,47305.05,47588.0,47186.6,47375.15,93143030
1702273500000,47371.35,47388.7,47278.45,47373.55,28374631
1702280700000,47378.1,47430.8,47304.3,47333.7,43346380
1702287900000,47333.55,47338.95,47245.15,47299.7,17541118
1702352700000,47446.15,47454.0,47159.4,47339.15,78108371
1702359900000,47340.05,47347.55,47176.85,47198.25,32993320
1702367100000,47202.15,47243.45,47076.5,47094.9,55714345
1702374300000,47094.35,47122.45,47004.05,47063.8,14859898
1702439100000,47197.05,47201.95,46886.9,47012.0,70487227
1702446300000,47014.4,47126.1,46934.4,47089.65,31979742
1702453500000,47091.3,47159.55,47001.05,47080.3,80067950
1702460700000,47083.3,47145.8,47054.8,47113.3,19652530
1702525500000,47564.2,47943.6,47510.85,47836.7,92853499
1702532700000,47839.15,47862.25,47732.3,47829.8,34219419
1702539900000,47830.65,47881.7,47657.6,47712.0,49623077
1702547100000,47713.0,47794.35,47705.05,47751.4,16310494
1702611900000,47987.25,47987.25,47632.85,47698.9,82473981
1702619100000,47697.1,47782.1,47659.7,47735.7,35591997
1702626300000,47734.7,48219.95,47732.25,48148.8,138082042
1702633500000,48146.0,48175.65,48071.65,48071.65,57491309
1702871100000,48069.35,48076.6,47810.3,47993.5,72754120
1702878300000,47993.25,48021.45,47859.1,47870.8,37271703
1702885500000,47867.05,47975.75,47824.7,47848.1,34650523
1702892700000,47849.25,47887.25,47806.7,47862.05,12397872
1702957500000,47951.6,47976.5,47646.05,47749.6,80072329
1702964700000,47751.1,47971.0,47714.75,47894.3,39350351
1702971900000,47894.5,48017.0,47789.95,47855.05,58379415
1702979100000,47853.45,47897.8,47830.05,47848.45,11873335
1703043900000,48092.85,48166.15,47947.75,47959.9,60610041
1703051100000,47960.05,48008.7,47865.95,47887.05,42176803
1703058300000,47891.2,47908.2,47400.65,47405.0,115610027
1703065500000,47399.8,47459.25,47202.65,47216.5,23929520
1703130300000,47143.7,47494.0,46919.7,47380.7,88504101
1703137500000,47384.1,47625.15,47289.3,47564.75,41506197
1703144700000,47553.4,47932.4,47331.55,47913.85,62280304
1703151900000,47915.85,47917.15,47787.5,47852.7,15637293
1703216700000,47852.6,48071.4,47685.25,47980.05,58185855
1703223900000,47983.45,48011.8,47683.35,47785.55,41560192
1703231100000,47782.95,47826.95,47421.95,47490.05,55060506
1703238300000,47489.2,47522.4,47415.85,47458.75,10952397
1703562300000,47619.45,47761.2,47411.65,47688.75,45077967
1703569500000,47690.2,47821.95,47636.9,47700.55,24731735
1703576700000,47702.15,47838.45,47669.5,47711.25,36860233
1703583900000,47713.85,47785.9,47708.35,47762.5,11999431
1703648700000,47844.85,48091.8,47806.7,48055.15,55589621
1703655900000,48050.85,48245.05,47944.45,47952.15,52950189
1703663100000,47953.65,48347.65,47884.55,48313.3,61689115
1703670300000,48312.85,48325.45,48258.95,48280.55,14613204
1703735100000,48490.85,48636.45,48343.15,48499.7,111880928
1703742300000,48500.3,48614.05,48452.75,48585.8,75119113
1703749500000,48589.85,48599.65,48419.5,48548.55,155421957
1703756700000,48547.4,48566.15,48455.65,48484.2,48382711
1703821500000,48434.65,48477.7,48174.2,48215.1,78417980
1703828700000,48207.3,48325.2,48166.1,48249.9,33435213
1703835900000,48246.4,48385.5,48091.85,48258.85,49108674
1703843100000,48255.2,48306.9,48223.85,48268.9,12937391
1704080700000,48221.35,48368.65,48134.9,48332.5,48708797
1704087900000,48329.2,48362.2,48275.3,48307.7,21035226
1704095100000,48311.2,48450.0,48164.15,48213.65,65115533
1704102300000,48217.25,48240.1,48044.15,48064.3,11894846
1704167100000,48198.6,48223.55,47814.75,47861.65,79943277
1704174300000,47859.95,47965.1,47765.05,47831.75,32444226
1704181500000,47834.05,47889.3,47689.8,47754.45,52741217
1704188700000,47757.25,47777.55,47697.6,47710.55,17913462
1704253500000,47798.75,47798.75,47481.35,47669.85,102130868
1704260700000,47670.9,47784.85,47555.45,47734.65,60284925
1704267900000,47735.55,47785.35,47657.1,47718.9,53919382
1704275100000,47717.35,47777.9,47676.75,47738.55,16927372
1704339900000,47827.55,48113.8,47738.15,48102.15,67008320
1704347100000,48099.3,48220.25,48075.55,48215.0,50418426
1704354300000,48213.4,48221.3,48063.7,48180.4,45231193
1704361500000,48176.8,48281.2,48175.95,48245.8,13015774
1704426300000,48297.35,48381.95,48086.4,48131.45,70717263
1704433500000,48132.35,48151.45,48030.2,48085.75,33868136
1704440700000,48086.75,48264.1,47822.85,48167.6,66458929
1704447900000,48167.55,48168.7,48043.05,48089.15,9741254
1704685500000,48106.65,48154.5,47827.1,47874.5,91627106
1704692700000,47875.4,47911.8,47722.75,47758.0,46558771
1704699900000,47757.3,47831.1,47387.35,47454.45,72248945
1704707100000,47456.0,47495.15,47403.2,47464.0,20901030
1704771900000,47717.7,47939.3,47590.6,47899.2,55004102
1704779100000,47897.4,47909.65,47760.75,47837.25,25547821
1704786300000,47838.75,47874.25,47206.25,47269.95,63926740
1704793500000,47272.75,47280.9,47156.05,47230.95,14718294
1704858300000,47067.1,47386.45,47010.8,47275.4,77415283
1704865500000,47275.6,47355.6,47126.9,47259.35,31297072
1704872700000,47258.65,47423.45,47207.95,47336.15,43771057
1704879900000,47333.1,47405.5,47328.05,47359.35,12591593
1704944700000,47515.45,47662.1,47408.7,47483.5,45589718
1704951900000,47489.4,47595.15,47444.4,47527.7,28098096
1704959100000,47528.35,47551.4,47237.0,47432.55,49165907
1704966300000,47432.65,47464.4,47421.65,47445.95,9530424
1705031100000,47585.95,47784.65,47408.5,47706.8,74452698
1705038300000,47707.5,47773.95,47615.7,47733.5,45384911
1705045500000,47732.45,47873.7,47602.8,47659.95,56793619
1705052700000,47661.4,47755.6,47657.5,47724.65,14853234
1705290300000,47850.05,48129.35,47825.4,48048.5,71839912
1705297500000,48049.3,48199.95,47973.7,48148.45,35295097
1705304700000,48149.7,48158.3,48022.55,48148.6,45156756
1705311900000,48147.25,48248.05,48140.6,48223.6,14614244
1705376700000,48119.35,48292.7,48031.2,48267.85,79268185
1705383900000,48264.65,48305.4,48091.5,48122.85,71310617
1705391100000,48122.65,48182.1,48002.85,48125.35,62448959
1705398300000,48125.8,48138.85,48096.3,48111.7,11331050
1705463100000,46698.25,47212.75,46534.3,46613.35,215811862
1705470300000,46609.45,46641.7,46237.4,46264.25,125436054
1705477500000,46264.7,46391.6,45979.6,46122.15,130808497
1705484700000,46119.0,46125.85,46028.8,46083.5,27462807
1705549500000,45499.2,46033.75,45430.7,45993.1,124634286
1705556700000,45986.5,46184.05,45650.9,45739.5,70440428
1705563900000,45741.9,45803.55,45507.05,45699.95,64326389
1705571100000,45701.35,45778.0,45676.4,45762.0,15577180
1705635900000,46114.2,46249.85,45895.65,45930.15,135057205
1705643100000,45925.95,46048.05,45826.35,45912.15,70288725
1705650300000,45909.0,45944.05,45558.05,45692.5,72154157
1705657500000,45692.45,45748.35,45689.65,45735.8,18914853
1705722300000,45959.45,46069.0,45749.05,45951.9,56817286
1705729500000,45951.1,46109.1,45640.9,46078.15,34907702
1705736700000,46075.65,46183.7,45940.5,46075.05,55769592
1705743900000,46076.0,46129.45,46049.85,46108.8,9558094
1705981500000,46580.3,46580.3,45645.3,45723.85,172296631
1705988700000,45724.5,45734.25,45089.6,45222.2,95948222
1705995900000,45225.05,45277.0,44886.1,45029.8,129624509
1706003100000,45029.45,45066.6,44976.4,45006.35,24624157
1706067900000,44552.85,45485.5,44548.5,45255.0,130135224
1706075100000,45255.1,45323.75,44604.5,44804.05,87107365
1706082300000,44802.45,45148.2,44666.2,45108.45,109792227
1706089500000,45108.35,45146.0,45055.45,45074.7,20888891
1706154300000,45071.5,45136.1,44547.05,44601.0,109274985
1706161500000,44602.45,44769.1,44429.0,44542.25,64689912
1706168700000,44543.55,44909.3,44444.35,44872.45,160514066
1706175900000,44874.85,45139.05,44869.35,44988.5,52063339
1706499900000,45171.55,45660.35,45110.9,45546.55,172248983
1706507100000,45545.95,45556.15,45323.35,45449.3,72864657
1706514300000,45449.05,45511.9,45203.8,45493.15,75367521
1706521500000,45489.2,45538.55,45470.6,45499.05,16188027
1706586300000,45500.95,45678.7,45264.15,45342.45,84203117
1706593500000,45342.6,45524.2,45314.85,45440.2,62531875
1706600700000,45439.7,45492.5,45206.05,45395.8,71075541
1706607900000,45396.1,45409.1,45290.6,45319.55,14189656
1706672700000,45330.5,46132.2,45071.2,46056.25,129798511
1706679900000,46054.15,46179.75,45872.0,46015.45,69607207
1706687100000,46014.45,46137.8,45922.35,45990.6,142548001
1706694300000,45989.35,46025.0,45943.55,45974.0,31034704
1706759100000,46173.3,46173.3,45702.4,46033.3,90589445
1706766300000,46046.75,46306.9,45668.35,46176.4,120387767
1706773500000,46179.35,46223.25,45958.05,46146.35,77639987
1706780700000,46146.4,46253.55,46143.45,46206.9,17020710
1706845500000,46596.6,46699.6,46415.45,46583.0,135512844
1706852700000,46577.0,46892.35,46233.75,46254.7,95110701
1706859900000,46252.55,46368.55,45941.0,45963.8,89831495
1706867100000,45962.65,45977.8,45901.25,45954.65,16407627
1707104700000,45970.5,46040.05,45615.1,45879.5,121064552
1707111900000,45874.75,46048.6,45811.75,45986.2,46559328
1707119100000,45983.9,46008.85,45710.3,45834.9,79960347
1707126300000,45835.1,45864.35,45745.7,45756.65,16528013
1707191100000,45932.15,45932.15,45527.0,45612.55,68031055
1707198300000,45615.4,45869.55,45576.25,45702.45,44211529
1707205500000,45704.9,45764.3,45571.25,45669.0,51925567
1707212700000,45671.15,45784.1,45644.8,45774.45,13672447
1707277500000,45950.95,46062.85,45787.3,45856.85,118053388
1707284700000,45855.55,45858.8,45620.5,45717.15,62839457
1707291900000,45717.7,45848.05,45680.9,45848.05,75016676
1707299100000,45839.85,45939.25,45787.9,45916.4,26947070
1707363900000,45970.15,46181.2,45227.2,45405.0,162716707
1707371100000,45398.25,45517.2,45324.3,45457.5,54579180
1707378300000,45460.7,45533.65,44893.75,44979.85,84361927
1707385500000,44986.2,45108.7,44948.9,45105.45,17198851
1707450300000,45042.0,45352.5,44859.15,45166.15,113663339
1707457500000,45167.95,45488.9,45113.2,45455.6,67782972
1707464700000,45456.35,45717.5,45263.9,45617.05,76014709
1707471900000,45617.7,45713.4,45608.4,45706.55,17304470
1707709500000,45679.1,45748.5,45146.3,45334.8,115166038
1707716700000,45334.85,45346.4,44651.0,44745.85,58759144
1707723900000,44750.85,44996.75,44633.85,44838.7,72512100
1707731100000,44840.6,44933.5,44807.95,44887.75,20948840
1707795900000,45062.1,45461.95,44819.55,45389.05,105044891
1707803100000,45390.1,45390.1,44984.35,45285.8,48675875
1707810300000,45282.95,45750.4,45282.05,45521.45,73527492
1707817500000,45521.95,45564.5,45383.15,45419.85,17819285
1707882300000,45095.45,45454.5,44860.75,45361.35,88929199
1707889500000,45360.3,45764.55,45227.6,45666.8,64410486
1707896700000,45665.95,46170.45,45430.0,45785.45,102668868
1707903900000,45780.9,45953.8,45690.75,45920.55,22790957
1707968700000,46100.65,46100.65,45590.2,45894.95,93851671
1707975900000,45895.75,46092.65,45846.45,45980.7,74851320
1707983100000,45982.65,46256.7,45922.15,46207.3,80832191
1707990300000,46211.6,46297.7,46167.9,46266.0,26732919
1708055100000,46458.6,46485.25,46264.4,46390.1,136148151
1708062300000,46389.75,46478.5,46290.35,46442.35,66699069
1708069500000,46443.15,46693.4,46314.85,46353.5,71375063
1708076700000,46353.15,46381.95,46310.3,46369.75,15527836
1708314300000,46562.05,46632.55,46317.7,46605.7,65282485
1708321500000,46612.6,46692.25,46533.4,46669.75,35956897
1708328700000,46670.2,46717.4,46453.85,46515.95,44891568
1708335900000,46519.55,46578.65,46495.4,46556.1,11155049
1708400700000,46471.9,46968.8,46367.8,46882.25,81109460
1708407900000,46878.45,46991.4,46828.4,46934.3,30533028
1708415100000,46935.05,47128.35,46806.15,47094.2,47882333
1708422300000,47094.4,47136.75,47081.9,47126.65,11502139
1708487100000,47289.75,47359.05,46925.05,47025.55,72110262
1708494300000,47026.05,47319.2,46985.35,47271.2,41925169
1708501500000,47270.65,47298.85,46967.55,47060.1,67051948
1708508700000,47061.85,47073.05,46886.95,46933.6,16683181
1708573500000,46972.7,47024.05,46462.0,46558.0,73227286
1708580700000,46556.45,46636.5,46426.85,46530.8,31417976
1708587900000,46529.05,46955.65,46513.35,46906.55,57465203
1708595100000,46909.1,47010.6,46889.15,46944.85,12969250
1708659900000,47094.4,47245.35,46851.8,47021.9,86624556
1708667100000,47018.0,47084.7,46931.55,47050.35,44342739
1708674300000,47049.75,47055.6,46741.85,46819.85,53016598
1708681500000,46820.3,46853.3,46723.15,46768.6,15116500
1708919100000,46676.4,46893.15,46553.05,46639.95,85161704
1708926300000,46639.75,46805.4,46513.55,46771.95,54007839
1708933500000,46770.8,46801.8,46556.65,46562.25,65499629
1708940700000,46564.55,46590.3,46526.55,46565.6,17901271
1709005500000,46532.4,46604.1,46324.9,46453.3,54050665
1709012700000,46452.85,46670.0,46398.1,46664.5,34705446
1709019900000,46656.7,46722.25,46522.9,46585.3,54684360
1709027100000,46580.85,46626.65,46551.55,46613.85,12882317
1709091900000,46609.05,46754.55,46040.3,46204.2,68372866
1709099100000,46206.4,46312.3,45913.65,45939.75,40406660
1709106300000,45944.1,46279.55,45920.95,45962.35,44409474
1709113500000,45961.65,45963.45,45852.55,45910.55,13572565
1709178300000,45888.6,46154.2,45661.75,45903.65,84554392
1709185500000,45904.55,46086.7,45802.35,46075.75,50038181
1709192700000,46073.5,46329.65,45933.15,46155.05,248397940
1709199900000,46152.55,46322.6,46144.7,46277.0,160283481
1709264700000,46310.2,46726.6,46262.2,46685.45,55187155
1709271900000,46685.55,47082.6,46685.55,46993.55,46553195
1709279100000,46992.8,47334.85,46965.6,47313.5,55514670
1709286300000,47312.5,47342.25,47212.75,47255.95,13926894
1709351100000,47438.6,47438.6,47241.1,47308.9,6874492
1709358300000,47327.0,47348.15,47237.0,47297.5,9114537
1709523900000,47354.2,47520.9,47191.65,47320.65,57175248
1709531100000,47319.9,47373.1,47249.0,47326.75,31071365
1709538300000,47326.4,47529.6,47325.05,47484.8,56866059
1709545500000,47481.35,47486.0,47378.0,47425.65,12160279
1709610300000,47341.5,47420.85,47196.75,47358.15,65744177
1709617500000,47359.4,47737.85,47273.7,47676.8,39362662
1709624700000,47674.8,47712.7,47512.75,47583.35,56622431
1709631900000,47583.3,47611.1,47560.9,47582.15,14212389
1709696700000,47498.85,48155.85,47442.25,48010.3,134477351
1709703900000,48017.25,48113.65,47921.05,48110.25,51231476
1709711100000,48109.45,48161.25,47876.0,47919.95,92675233
1709718300000,47916.5,48021.55,47861.2,47959.85,22459426
1709783100000,48070.65,48071.7,47747.2,47878.3,59841599
1709790300000,47876.55,47909.9,47777.25,47854.6,30602036
1709797500000,47846.4,47975.6,47803.95,47857.0,42240669
1709804700000,47857.3,47858.95,47759.25,47788.0,12822454
1710128700000,47853.8,47853.8,47577.45,47621.55,81487168
1710135900000,47618.05,47618.05,47275.1,47308.2,47680942
1710143100000,47308.75,47422.3,47230.65,47343.65,54678841
1710150300000,47340.95,47340.95,47264.25,47280.25,17436301
1710215100000,47382.4,47812.75,46884.45,47325.05,105345636
1710222300000,47331.6,47433.55,47178.1,47410.7,39195982
1710229500000,47412.25,47491.95,47240.1,47266.3,48435142
1710236700000,47261.5,47306.65,47251.5,47277.3,13692053
1710301500000,47382.05,47468.7,47179.45,47232.6,77064228
1710308700000,47234.15,47247.6,47029.3,47104.3,66698147
1710315900000,47099.95,47163.05,46853.75,46861.35,108573874
1710323100000,46862.45,46991.35,46842.15,46895.2,21558588
1710387900000,46856.85,47084.65,46565.55,47064.5,108753484
1710395100000,47065.35,47231.5,46915.4,47044.65,40982039
1710402300000,47043.2,47072.9,46688.35,46799.6,51522300
1710409500000,46795.1,46845.4,46742.55,46834.7,17890483
1710474300000,46587.25,46802.55,46310.5,46379.5,74227448
1710481500000,46384.45,46499.7,46327.6,46439.2,41811956
1710488700000,46437.1,46711.7,46381.7,46561.95,136776179
1710495900000,46559.35,46673.7,46512.8,46542.05,85644969
1710733500000,46520.0,46677.85,46205.85,46209.8,55521213
1710740700000,46197.85,46739.25,46022.15,46622.3,43787182
1710747900000,46626.2,46727.3,46489.45,46554.15,39103896
1710755100000,46549.1,46628.65,46549.1,46617.9,12371968
1710819900000,46420.8,46602.35,46322.5,46418.2,56296136
1710827100000,46415.55,46524.45,46394.9,46432.8,24433578
1710834300000,46434.25,46464.2,46258.75,46373.95,51394191
1710841500000,46368.95,46387.65,46331.15,46333.1,14221181
1710906300000,46415.7,46570.25,45828.8,46137.5,81858072
1710913500000,46138.25,46590.05,46051.3,46542.65,38617007
1710920700000,46551.15,46655.55,46200.0,46316.95,73617371
1710927900000,46314.85,46412.0,46271.5,46370.2,15456307
1710992700000,46795.25,46990.25,46694.9,46875.7,60723413
1710999900000,46873.55,46898.55,46570.15,46727.75,30213012
1711007100000,46724.35,46778.05,46633.35,46704.5,47240055
1711014300000,46698.4,46713.05,46670.75,46679.25,11515874
1711079100000,46702.45,46938.85,46566.8,46870.3,66338285
1711086300000,46870.45,46948.5,46812.75,46882.45,33603992
1711093500000,46881.5,46974.15,46800.45,46845.1,54864687
1711100700000,46848.05,46867.65,46812.25,46849.05,16676912
1711424700000,46667.45,46788.35,46594.05,46636.5,60727812
1711431900000,46635.2,46753.95,46621.95,46710.25,40038666
1711439100000,46711.4,46724.4,46529.05,46609.35,53532908
1711446300000,46608.45,46647.5,46573.05,46623.45,15279715
1711511100000,46691.7,46946.55,46681.65,46796.4,76897591
1711518300000,46795.55,46833.35,46753.85,46794.3,25997875
1711525500000,46791.2,46825.5,46671.9,46787.4,130013186
1711532700000,46789.3,46956.1,46772.2,46851.15,51535461
1711597500000,46867.25,47347.25,46857.05,47346.05,161201303
1711604700000,47348.6,47381.1,47179.25,47337.8,47812599
1711611900000,47337.85,47440.45,46997.55,47036.7,100238211
1711619100000,47038.3,47167.25,47029.15,47146.75,31305977
1711943100000,47409.85,47642.15,47373.1,47563.65,49844285
1711950300000,47566.65,47589.05,47432.3,47466.8,24712332
1711957500000,47468.1,47591.5,47447.9,47583.85,42914057
1711964700000,47585.8,47646.8,47542.6,47558.7,15541816
1712029500000,47486.9,47707.35,47408.55,47623.25,78638300
1712036700000,47619.55,47663.1,47549.95,47573.35,41166953
1712043900000,47576.5,47631.35,47490.6,47531.35,47683253
1712051100000,47530.35,47582.3,47525.25,47562.6,15242516
1712115900000,47425.05,47536.6,47279.8,47490.1,66423079
1712123100000,47490.55,47648.65,47481.2,47599.9,39610516
1712130300000,47594.05,47676.95,47525.7,47626.55,147046695
1712137500000,47626.7,47663.75,47621.95,47661.1,29346481
1712202300000,48234.0,48254.65,47712.7,47926.0,155571245
1712209500000,47928.75,48053.95,47804.9,48016.9,64713887
1712216700000,48009.2,48145.7,47896.15,48051.0,82919270
1712223900000,48053.1,48139.9,48039.25,48126.2,18686136
1712288700000,48046.7,48268.05,47894.5,48237.25,100669195
1712295900000,48236.65,48290.45,48162.0,48185.35,38298627
1712303100000,48183.5,48554.5,48173.95,48518.55,56311857
1712310300000,48515.35,48557.4,48480.8,48520.95,17403360
1712547900000,48599.55,48629.05,48424.65,48562.0,136434219
1712555100000,48561.45,48691.1,48532.2,48669.45,45098059
1712562300000,48672.75,48716.95,48499.8,48605.85,63631361
1712569500000,48606.85,48608.5,48535.35,48565.75,15382136
1712634300000,48812.15,48940.35,48621.85,48826.8,59103071
1712641500000,48827.25,48960.75,48799.3,48836.1,31487722
1712648700000,48834.3,48847.25,48568.25,48737.15,45274524
1712655900000,48736.8,48771.0,48699.8,48710.45,10663211
1712720700000,48853.65,48966.95,48669.25,48904.85,59246541
1712727900000,48903.7,48914.05,48808.7,48882.35,48409462
1712735100000,48880.95,49057.4,48856.7,49008.95,115938764
1712742300000,49007.45,49010.6,48899.55,48912.0,22454772
1712893500000,48669.0,48882.65,48597.65,48683.95,93864611
1712900700000,48683.85,48800.25,48547.65,48614.1,41822370
1712907900000,48614.65,48665.55,48527.0,48572.15,53712773
1712915100000,48570.05,48579.35,48477.55,48528.6,16829289
1713152700000,48097.75,48255.5,47904.95,48027.65,90064529
1713159900000,48028.3,48074.1,47956.9,47979.4,30140179
1713167100000,47983.6,48020.85,47745.3,47770.2,60477876
1713174300000,47772.45,47807.3,47725.8,47757.35,15100724
1713239100000,47435.75,47571.3,47316.55,47530.65,68826541
1713246300000,47532.85,47570.25,47395.75,47436.3,41904254
1713253500000,47434.6,47525.35,47392.65,47524.25,59283246
1713260700000,47524.75,47609.0,47504.3,47598.25,15165823
1713411900000,47578.35,47829.75,47465.3,47719.8,60156168
1713419100000,47716.65,47741.25,47609.8,47666.85,36295518
1713426300000,47663.1,47718.1,46982.95,46995.9,71307138
1713433500000,46995.7,47174.05,46982.15,47131.8,16952999
1713498300000,46709.3,46952.5,46579.05,46885.3,66360476
1713505500000,46885.5,47357.3,46863.65,47295.85,37467446
1713512700000,47294.95,47653.95,47203.25,47628.1,49587872
1713519900000,47631.95,47668.7,47551.85,47614.15,9724333
1713757500000,48146.3,48146.3,47628.45,47822.6,66838942
1713764700000,47822.8,47886.35,47744.35,47783.3,29032322
1713771900000,47782.4,47962.65,47766.7,47958.45,62338706
1713779100000,47959.95,48009.55,47902.5,47994.85,17744705
1713843900000,48302.7,48302.7,47937.45,47982.75,55260668
1713851100000,47985.45,48088.85,47941.15,47977.85,33319551
1713858300000,47981.55,48039.75,47899.3,48002.1,37874070
1713865500000,48003.1,48009.4,47933.0,47935.6,12912531
1713930300000,48135.05,48235.2,48028.7,48197.5,44998281
1713937500000,48195.75,48220.0,48157.25,48203.25,20282106
1713944700000,48202.4,48246.2,48132.75,48176.55,33256259
1713951900000,48178.05,48208.0,48152.15,48195.35,12954364
1714016700000,47771.4,48348.05,47737.2,48288.75,126615044
1714023900000,48290.2,48370.35,48128.0,48357.85,63499785
1714031100000,48360.1,48625.45,48313.3,48482.8,115705677
1714038300000,48482.95,48504.55,48435.5,48497.3,28926723
1714103100000,48663.95,48679.65,48340.45,48388.95,76603514
1714110300000,48388.2,48508.85,48361.25,48495.75,36819097
1714117500000,48490.3,48499.0,48088.25,48154.75,79529832
1714124700000,48155.4,48352.55,48146.55,48284.3,13939643
1714362300000,48357.55,48778.6,48342.7,48720.9,123207233
1714369500000,48721.35,49031.85,48705.5,48996.85,56558712
1714376700000,48995.25,49473.6,48981.2,49462.15,120020493
1714383900000,49462.65,49464.6,49359.15,49380.65,24845234
1714448700000,49480.05,49672.85,49354.35,49587.65,111552156
1714455900000,49598.35,49617.8,49441.9,49463.1,59292313
1714463100000,49466.5,49974.75,49373.3,49410.25,196557485
1714470300000,49409.1,49409.1,49249.9,49291.35,34599238
1714621500000,49239.7,49529.35,49221.45,49248.55,134458285
1714628700000,49249.25,49350.45,49123.6,49258.65,62150100
1714635900000,49259.0,49344.9,49174.3,49242.65,71196965
1714643100000,49237.65,49265.6,49217.85,49243.55,21733821
1714707900000,49373.2,49607.75,49005.3,49096.6,89829746
1714715100000,49093.2,49130.75,48715.95,48747.95,58024093
1714722300000,48740.3,48949.55,48659.7,48940.9,56481162
1714729500000,48939.2,48997.25,48853.9,48877.85,17732484
1714967100000,49181.45,49252.65,48874.65,49094.8,183835305
1714974300000,49094.45,49140.95,48863.8,48900.3,61642936
1714981500000,48900.55,49010.45,48784.0,48898.0,74343057
1714988700000,48897.35,48954.7,48874.25,48931.85,19128782
1715053500000,48966.0,49023.5,48360.75,48376.9,85051633
1715060700000,48378.6,48379.45,48222.2,48299.7,75358547
1715067900000,48300.05,48457.45,48213.75,48305.3,53770485
1715075100000,48309.9,48352.0,48249.4,48275.6,15389376
1715139900000,48088.85,48223.05,47851.15,47951.35,85774036
1715147100000,47951.9,48171.15,47944.65,48106.45,60983772
1715154300000,48103.65,48173.65,47959.15,48017.9,109341744
1715161500000,48016.7,48105.5,47992.45,48101.6,29126673
1715226300000,48021.35,48258.65,47764.0,47778.25,72896032
1715233500000,47775.55,47910.95,47615.7,47687.25,44881883
1715240700000,47685.5,47892.25,47460.75,47465.75,133988480
1715247900000,47469.5,47520.3,47440.65,47515.45,19414520
1715312700000,47545.15,47868.7,47362.7,47673.0,102923837
1715319900000,47672.45,47777.15,47313.35,47430.45,42864148
1715327100000,47426.65,47592.55,47362.75,47429.3,52280628
1715334300000,47424.05,47455.25,47411.15,47440.85,19256249
1715571900000,47428.65,47508.55,46983.25,47133.6,78226356
1715579100000,47132.55,47520.15,47129.7,47470.95,44911946
1715586300000,47471.35,47831.65,47155.65,47727.45,83406226
1715593500000,47728.55,47841.6,47714.55,47784.9,13605214
1715658300000,47780.5,47908.95,47607.85,47812.7,56478464
1715665500000,47810.6,47937.25,47721.35,47837.6,33131666
1715672700000,47836.7,47912.9,47751.3,47859.45,48787978
1715679900000,47859.2,47910.3,47842.05,47872.0,13005353
1715744700000,47940.85,47957.2,47658.5,47725.0,67746559
1715751900000,47727.85,47748.7,47586.2,47614.75,34797132
1715759100000,47612.3,47734.9,47534.5,47718.2,66884533
1715766300000,47719.0,47730.95,47665.75,47710.8,18721027
1715831100000,47967.3,48001.9,47340.35,47481.15,76185147
1715838300000,47480.7,47876.9,47396.45,47484.3,46596153
1715845500000,47484.4,47998.95,47345.1,47973.7,72368028
1715852700000,47974.9,48052.9,47958.05,47977.4,24200002
1715917500000,47935.25,48160.3,47758.8,48143.15,52900727
1715924700000,48144.85,48185.7,48024.6,48065.0,28474815
1715931900000,48068.35,48163.2,48003.9,48130.85,48444333
1715939100000,48129.3,48188.65,48111.55,48121.35,12970023
1716003900000,48199.4,48227.05,48110.85,48149.1,11128484
1716011100000,48183.45,48222.35,48108.15,48199.5,19077407
1716263100000,48019.4,48218.7,47961.2,48110.65,67763140
1716270300000,48112.55,48259.75,48108.55,48231.8,37494224
1716277500000,48232.85,48241.7,48001.1,48030.85,46720900
1716284700000,48033.5,48055.5,47968.65,47989.85,12260239
1716349500000,48093.2,48114.05,47634.2,47674.3,73545366
1716356700000,47673.2,47759.95,47625.15,47649.35,31032273
1716363900000,47648.15,47851.5,47435.25,47826.75,77765301
1716371100000,47828.5,47959.15,47825.3,47906.05,21607817
1716435900000,47899.75,48395.25,47873.15,48313.5,79361230
1716443100000,48314.05,48626.55,48309.55,48539.1,33806607
1716450300000,48536.2,48829.7,48454.65,48802.2,55544114
1716457500000,48804.4,48826.15,48731.5,48737.05,15161273
1716522300000,48672.85,48976.7,48644.8,48784.95,55664703
1716529500000,48783.2,48946.4,48781.25,48881.95,27824536
1716536700000,48880.0,49052.95,48858.1,48976.05,39677002
1716543900000,48982.2,48999.2,48928.95,48948.9,11014566
1716781500000,49109.8,49356.95,49051.25,49310.15,63203028
1716788700000,49308.9,49688.85,49287.55,49583.7,54731401
1716795900000,49588.6,49645.65,49059.65,49312.75,90633029
1716803100000,49310.25,49324.65,49215.95,49282.45,17323384
1716867900000,49384.3,49511.15,49223.0,49294.65,64188268
1716875100000,49294.45,49327.75,49086.4,49288.15,40200782
1716882300000,49288.25,49321.0,49135.2,49151.9,36523746
1716889500000,49153.8,49171.4,49043.65,49060.1,13599183
1716954300000,48770.95,49022.6,48601.75,48629.15,69095536
1716961500000,48627.65,48697.6,48549.5,48579.45,26817559
1716968700000,48580.0,48662.55,48401.55,48525.7,70374187
1716975900000,48518.4,48624.9,48460.75,48575.85,16426975
1717040700000,48336.35,48919.9,48335.35,48646.15,50828353
1717047900000,48642.95,48874.2,48531.05,48851.1,29354841
1717055100000,48850.25,49044.6,48545.0,48642.2,55393865
1717062300000,48637.25,48838.65,48637.25,48822.85,14721605
1717127100000,48881.25,49079.05,48612.45,48698.5,60073095
1717134300000,48698.35,48863.4,48569.05,48837.6,34002099
1717141500000,48836.95,49108.35,48722.8,48966.3,135492428
1717148700000,48964.15,49122.55,48937.45,48967.95,73392869
1717386300000,50898.35,50990.0,50092.65,50539.0,208315997
1717393500000,50544.85,50948.2,50535.8,50914.45,104218389
1717400700000,50913.15,50965.6,50611.4,50955.0,109274139
1717407900000,50957.4,51133.2,50956.6,51106.05,27178017
1717472700000,50505.55,50562.15,47414.4,47714.95,228652185
1717479900000,47712.65,48439.25,46077.85,47284.4,207669874
1717487100000,47284.35,48083.85,46652.15,47035.8,188908222
1717494300000,47035.45,47600.75,46887.1,47206.25,25768314
1717559100000,47489.15,47865.9,46446.8,47863.2,212468012
1717566300000,47861.4,48285.55,47384.4,48139.0,103151209
1717573500000,48136.55,49362.9,48067.0,49065.2,197131714
1717580700000,49063.1,49100.0,48801.3,48847.1,32825762
1717645500000,49428.45,49672.75,49063.75,49600.6,106993203
1717652700000,49601.4,49612.6,48906.75,49040.95,61430587
1717659900000,49041.05,49380.0,48948.3,49326.4,64232337
1717667100000,49326.85,49367.1,49194.65,49330.9,16639137
1717731900000,49318.6,49677.4,49080.45,49659.15,58843593
1717739100000,49658.35,49943.2,49564.0,49857.9,40214103
1717746300000,49857.65,49909.2,49665.25,49777.4,57233432
1717753500000,49777.75,49849.05,49752.35,49806.6,13359967
1717991100000,49819.3,50252.95,49654.2,49858.05,80841020
1717998300000,49860.0,50019.9,49825.7,49930.25,41441560
1718005500000,49926.2,50099.2,49716.8,49818.35,56716940
1718012700000,49814.75,49826.95,49622.75,49687.65,15986476
1718077500000,49752.8,49937.1,49530.45,49861.3,49307933
1718084700000,49863.55,49905.0,49750.2,49858.25,22782277
1718091900000,49860.55,49970.3,49682.4,49732.85,44795277
1718099100000,49735.85,49740.6,49615.55,49652.25,10978176
1718163900000,49848.05,50233.4,49697.35,50144.5,79078789
1718171100000,50144.2,50159.95,49913.05,50001.7,49120847
1718178300000,50001.55,50021.15,49825.45,49925.6,63676718
1718185500000,49926.55,49953.25,49772.5,49791.6,19085211
1718250300000,50186.45,50186.45,49882.75,49942.35,49683562
1718257500000,49942.4,50032.15,49835.25,49967.45,25012474
1718264700000,49965.85,49975.5,49799.65,49821.05,38224227
1718271900000,49818.8,49920.6,49817.95,49889.3,11774534
1718336700000,49945.25,50102.6,49693.35,50061.75,57945891
1718343900000,50061.9,50070.05,49931.0,50012.0,36351631
1718351100000,50013.85,50087.85,49940.8,50026.25,44195473
1718358300000,50028.3,50038.8,49933.2,49981.5,15857778
1718682300000,50204.75,50265.2,49900.2,50241.6,70697788
1718689500000,50241.5,50348.25,50237.85,50328.9,46365652
1718696700000,50326.25,50432.1,50313.45,50430.35,51278459
1718703900000,50433.3,50562.15,50427.65,50479.3,19763071
1718768700000,50571.25,51255.95,50441.75,51045.4,166606371
1718775900000,51046.3,51214.5,50879.05,51132.7,62490486
1718783100000,51133.2,51957.0,51031.1,51382.05,171031529
1718790300000,51377.25,51478.05,51322.05,51450.1,34421924
1718855100000,51656.9,51798.0,51281.5,51527.5,100967648
1718862300000,51525.1,51732.55,51506.55,51667.4,44396218
1718869500000,51666.65,51842.2,51644.2,51770.3,72031748
1718876700000,51770.45,51826.45,51756.0,51760.75,17304165
1718941500000,51908.0,51934.35,51350.9,51426.55,66538592
1718948700000,51429.2,51550.55,51224.95,51293.3,55672601
1718955900000,51293.65,51797.8,51256.2,51628.2,113522850
1718963100000,51629.4,51669.15,51524.35,51557.5,52441567
1719200700000,51284.5,51610.45,51138.9,51523.1,87940343
1719207900000,51522.8,51718.95,51510.25,51706.4,31829172
1719215100000,51706.65,51783.95,51562.35,51737.6,40950322
1719222300000,51736.95,51768.8,51686.95,51709.65,14817025
1719287100000,51755.0,52188.25,51747.65,52119.7,58415431
1719294300000,52117.55,52527.0,52013.85,52492.45,52333005
1719301500000,52495.15,52669.3,52457.15,52627.9,75219155
1719308700000,52628.5,52746.5,52599.25,52630.15,16599438
1719373500000,52663.5,52753.65,52373.7,52680.1,69594391
1719380700000,52674.15,52957.95,52666.35,52867.55,45922973
1719387900000,52863.55,52988.3,52814.95,52837.55,74978849
1719395100000,52832.85,52898.7,52694.2,52694.5,22762374
1719459900000,52883.85,53180.75,52639.0,52950.05,90653267
1719467100000,52945.6,53035.2,52800.9,52862.05,70874609
1719474300000,52864.3,52964.45,52694.65,52805.15,126540233
1719481500000,52811.65,52882.9,52759.8,52759.8,42906097
1719546300000,52850.85,53030.3,52783.3,52861.5,127348177
1719553500000,52862.05,52878.55,52419.45,52516.55,41165209
1719560700000,52513.45,52723.05,52279.1,52289.05,56071061
1719567900000,52289.85,52334.9,52242.3,52323.7,18555616
1719805500000,52350.25,52545.2,52166.05,52413.5,47623268
1719812700000,52410.85,52616.9,52395.45,52579.95,35485084
1719819900000,52582.0,52656.15,52487.95,52613.4,42823563
1719827100000,52611.1,52630.0,52504.55,52521.45,12253558
1719891900000,52825.8,52828.45,52120.25,52364.4,56402668
1719899100000,52364.1,52412.65,51996.65,52147.85,62212813
1719906300000,52146.15,52251.35,52109.6,52163.7,61171148
1719913500000,52164.4,52200.7,52131.2,52148.1,13668612
1719978300000,52876.7,53256.7,52482.65,53046.9,161882459
1719985500000,53045.5,53144.8,52967.4,53084.15,48499172
1719992700000,53087.75,53191.3,53047.1,53109.75,95408241
1719999900000,53110.0,53145.4,53025.7,53042.15,24106752
1720064700000,53249.4,53308.6,52815.9,52881.2,74135139
1720071900000,52881.35,53028.2,52863.0,52996.2,26847227
1720079100000,52995.25,53188.05,52923.95,53106.75,48844077
1720086300000,53108.0,53123.0,53072.85,53083.75,11396732
1720151100000,52507.1,52817.85,52290.05,52558.1,95672647
1720158300000,52552.3,52660.6,52485.45,52500.55,33822079
1720165500000,52499.85,52732.6,52431.45,52685.8,53459699
1720172700000,52687.05,52715.05,52621.6,52633.15,14999945
1720410300000,52534.1,52710.8,52321.2,52450.7,65684129
1720417500000,52447.85,52469.7,52246.7,52389.8,35655724
1720424700000,52395.25,52518.25,52333.8,52400.55,42052496
1720431900000,52401.1,52507.8,52377.3,52470.05,13541334
1720496700000,52401.7,52586.3,52292.95,52527.9,60420951
1720503900000,52529.75,52626.6,52483.7,52558.75,31365637
1720511100000,52558.05,52603.0,52500.95,52567.0,37300339
1720518300000,52567.25,52607.65,52488.4,52521.4,13995666
1720583100000,52468.75,52514.3,52077.9,52124.0,96621012
1720590300000,52123.7,52187.75,52082.15,52129.3,33741308
1720597500000,52128.2,52238.55,52075.4,52174.4,71411734
1720604700000,52172.7,52234.5,52160.15,52217.3,25245173
1720669500000,52342.7,52400.3,51749.45,51801.5,55433973
1720676700000,51796.6,51965.7,51768.35,51933.1,24709356
1720683900000,51933.85,52343.3,51877.95,52287.2,46536340
1720691100000,52287.6,52335.2,52254.85,52305.65,10827017
1720755900000,52298.05,52794.55,52171.15,52649.8,63137310
1720763100000,52647.4,52659.45,52444.65,52554.65,34700601
1720770300000,52555.55,52637.35,52226.05,52228.45,52752095
1720777500000,52224.75,52350.65,52193.3,52339.5,19631197
1721015100000,52338.9,52516.4,52167.25,52425.0,51656659
1721022300000,52426.7,52445.9,52154.0,52434.6,34997533
1721029500000,52438.5,52662.25,52424.65,52448.95,80072524
1721036700000,52442.9,52486.65,52422.65,52484.4,18674096
1721101500000,52477.95,52619.05,52357.5,52499.0,55948039
1721108700000,52497.45,52513.85,52423.7,52461.55,26317113
1721115900000,52461.5,52476.85,52331.6,52407.5,60971477
1721123100000,52407.25,52454.35,52365.85,52399.95,15137280
1721274300000,52235.7,52668.8,52168.65,52272.95,59993056
1721281500000,52273.6,52583.4,52185.7,52557.8,25470623
1721288700000,52562.25,52782.75,52505.95,52630.1,39701294
1721295900000,52631.1,52653.05,52558.25,52558.25,12045674
1721360700000,52535.8,52586.75,52146.3,52298.1,53459621
1721367900000,52297.2,52397.75,52182.3,52255.4,25896195
1721375100000,52250.0,52384.4,52217.25,52277.05,41155708
1721382300000,52281.6,52287.45,52195.35,52221.6,13069378
1721619900000,52163.6,52427.0,51874.55,52313.9,69246377
1721627100000,52314.2,52331.05,52165.8,52241.9,30310561
1721634300000,52242.4,52332.55,52217.65,52309.8,57456101
1721641500000,52312.75,52332.55,52262.75,52328.6,17422484
1721706300000,52547.55,52547.55,52088.55,52351.1,65462617
1721713500000,52350.5,52370.5,51342.65,51359.75,73787695
1721720700000,51363.45,52086.35,51363.45,51752.3,57797140
1721727900000,51747.8,51778.5,51661.0,51757.15,9754889
1721792700000,51657.25,51944.65,51153.6,51190.6,79581517
1721799900000,51190.15,51236.95,50784.25,51102.65,74181450
1721807100000,51103.0,51515.55,50994.1,51314.45,118690880
1721814300000,51314.7,51462.15,51260.15,51429.75,18730697
1721879100000,50833.05,51006.1,50559.9,50737.25,86609749
1721886300000,50736.35,50879.55,50696.55,50833.25,34154706
1721893500000,50831.35,50936.25,50776.1,50897.9,50515155
1721900700000,50898.55,50898.55,50853.8,50886.55,15506422
1721965500000,50438.3,50950.45,50438.3,50895.3,91171971
1721972700000,50891.45,51201.55,50851.5,51200.0,38537911
1721979900000,51206.3,51345.45,51136.95,51321.25,66625863
1721987100000,51319.5,51398.6,51264.9,51352.75,16807430
1722224700000,51537.9,52183.0,51433.9,52130.35,253466330
1722231900000,52130.45,52340.25,51186.95,51516.85,125102061
1722239100000,51521.9,51717.65,51264.65,51311.85,104047733
1722246300000,51311.35,51395.05,51293.45,51389.6,26883963
1722311100000,51427.75,51703.0,51260.05,51645.1,90109253
1722318300000,51645.2,51957.75,51642.25,51802.6,49794513
1722325500000,51797.3,51922.55,51413.2,51462.35,69524407
1722332700000,51460.9,51510.85,51390.6,51426.15,24778126
1722397500000,51542.6,51661.85,51392.85,51557.15,75579727
1722404700000,51555.45,51579.8,51400.1,51498.05,31649551
1722411900000,51491.05,51583.45,51335.7,51547.45,85092410
1722419100000,51549.0,51663.1,51542.65,51621.95,25005993
1722483900000,51707.3,51877.15,51646.05,51750.3,64223626
1722491100000,51749.6,51765.4,51580.85,51693.55,32019227
1722498300000,51694.15,51721.3,51456.2,51571.65,45996997
1722505500000,51571.3,51639.15,51570.15,51606.45,13025007
1722570300000,51169.0,51534.9,51087.85,51481.05,77744625
1722577500000,51480.9,51568.35,51364.15,51452.7,26049543
1722584700000,51445.25,51608.7,51308.95,51341.7,44647880
1722591900000,51342.1,51401.05,51325.35,51339.0,13436777
1722829500000,50597.8,50747.55,49902.65,49920.5,107909693
1722836700000,49922.6,50047.55,49719.1,50012.4,63717131
1722843900000,50015.65,50221.25,49942.2,50081.0,69264388
1722851100000,50081.95,50113.1,50030.6,50056.0,15492204
1722915900000,50491.75,50688.8,49907.6,50147.55,64274380
1722923100000,50148.4,50255.25,50079.35,50096.35,24099223
1722930300000,50094.1,50134.1,49659.05,49731.45,61270761
1722937500000,49735.15,49797.55,49708.05,49770.2,12297550
1723002300000,50235.15,50292.45,49782.2,49929.3,58816574
1723009500000,49925.85,50098.65,49841.0,49931.85,26457162
1723016700000,49931.75,50165.45,49855.6,50140.95,69704361
1723023900000,50139.3,50254.5,50123.35,50226.45,15346698
1723088700000,50045.5,50224.15,49829.6,50168.65,47955049
1723095900000,50170.95,50440.75,50109.8,50197.2,29255810
1723103100000,50195.95,50287.65,50068.85,50151.1,35206667
1723110300000,50148.35,50170.2,50094.65,50109.45,11709256
1723175100000,50626.1,50707.75,50386.45,50488.25,43745190
1723182300000,50491.95,50608.1,50454.1,50493.15,20995158
1723189500000,50492.5,50632.35,50464.05,50469.1,44430780
1723196700000,50470.5,50490.85,50443.15,50481.8,10402672
1723434300000,50407.3,50741.9,50149.25,50719.25,49416743
1723441500000,50721.6,50804.85,50603.85,50726.0,28434945
1723448700000,50726.65,50830.7,50525.35,50591.75,70057896
1723455900000,50598.9,50607.95,50543.5,50578.55,14904220
1723520700000,50453.25,50559.25,50226.6,50299.85,54043383
1723527900000,50298.35,50344.0,49992.65,50036.65,35637271
1723535100000,50037.2,50129.25,49794.7,49803.8,44988907
1723542300000,49805.55,49868.45,49785.1,49853.7,12755924
1723607100000,49919.15,49959.25,49654.65,49726.55,55099900
1723614300000,49725.35,49779.3,49681.0,49752.2,22704143
1723621500000,49754.95,49800.4,49692.8,49701.35,45545823
1723628700000,49702.5,49763.7,49697.05,49746.4,13296750
1723779900000,50156.7,50290.3,49806.05,49951.0,52238440
1723787100000,49951.85,50442.4,49938.15,50389.75,26990813
1723794300000,50390.5,50603.4,50361.0,50529.3,38659771
1723801500000,50534.15,50541.55,50484.8,50510.95,11708019
1724039100000,50687.55,50728.25,50361.85,50423.7,46360571
1724046300000,50423.8,50585.9,50340.65,50408.75,24399465
1724053500000,50408.7,50470.9,50283.55,50359.05,34931194
1724060700000,50356.9,50432.3,50356.65,50418.85,9193772
1724125500000,50441.45,50911.7,50398.6,50894.05,44818295
1724132700000,50893.75,51025.6,50861.8,50999.95,35570810
1724139900000,50999.85,51003.7,50772.65,50773.9,45057614
1724147100000,50775.2,50803.4,50709.4,50719.1,18029411
1724211900000,50666.3,50764.45,50343.85,50414.0,57806920
1724219100000,50412.05,50690.65,50409.8,50507.65,28977052
1724226300000,50507.25,50718.75,50333.35,50681.65,72297826
1724233500000,50684.1,50772.45,50661.75,50737.7,20611870
1724298300000,50900.2,51012.6,50794.45,50915.85,60927041
1724305500000,50915.7,51066.0,50886.2,51019.0,26629280
1724312700000,51019.75,51080.0,50910.9,51002.45,32646829
1724319900000,51001.65,51004.2,50941.55,50952.65,12122277
1724384700000,51052.25,51117.85,50856.7,51007.1,36441386
1724391900000,51008.05,51048.2,50962.45,51018.15,16552543
1724399100000,51015.0,51018.15,50888.95,50922.15,24526503
1724406300000,50917.0,50965.3,50904.2,50963.1,10317230
1724643900000,51142.55,51317.85,51061.55,51204.2,33640181
1724651100000,51205.3,51279.9,51184.7,51222.7,24584150
1724658300000,51220.75,51251.3,51106.55,51153.85,31949355
1724665500000,51158.9,51176.9,51139.95,51163.35,9698365
1724730300000,51156.15,51270.25,50938.1,51201.55,34473490
1724737500000,51201.1,51404.7,51196.2,51352.7,29700275
1724744700000,51355.25,51382.5,51203.3,51290.75,36718365
1724751900000,51292.35,51296.6,51150.95,51171.5,10073883
1724816700000,51209.15,51239.15,51085.75,51201.15,35256171
1724823900000,51198.6,51260.75,51160.95,51220.55,25300646
1724831100000,51227.35,51249.8,51126.45,51145.4,53651078
1724838300000,51150.3,51158.9,51033.7,51049.35,13560463
1724903100000,51104.55,51304.05,51028.7,51221.15,42866450
1724910300000,51222.3,51368.95,51145.5,51271.3,31285928
1724917500000,51272.0,51296.15,50984.4,51127.25,55323689
1724924700000,51123.85,51195.4,51100.25,51166.8,13457382
1724989500000,51428.65,51454.55,51304.3,51361.2,62988293
1724996700000,51362.65,51466.55,51318.2,51420.6,32089163
1725003900000,51420.15,51451.6,51290.85,51355.7,223833624
1725011100000,51356.0,51371.0,51256.0,51319.55,158155139
1725248700000,51477.15,51491.2,51334.45,51403.65,52962089
1725255900000,51403.05,51438.95,51295.8,51346.3,26520278
1725263100000,51347.1,51554.8,51304.25,51443.25,55379376
1725270300000,51441.65,51457.3,51380.15,51431.8,12904942
1725335100000,51501.3,51501.3,51288.4,51289.1,37279181
1725342300000,51288.0,51407.3,51240.05,51372.55,23393115
1725349500000,51375.15,51750.1,51293.8,51726.25,52131597
1725356700000,51725.9,51733.15,51664.55,51679.3,13646554
1725421500000,51368.35,51503.55,51259.9,51409.45,66328211
1725428700000,51408.85,51450.8,51375.4,51425.65,20981634
1725435900000,51424.25,51461.0,51343.35,51414.6,53173160
1725443100000,51413.25,51431.0,51373.0,51390.6,16970642
1725507900000,51543.3,51636.75,51389.15,51471.75,51084085
1725515100000,51472.05,51512.95,51421.5,51454.5,26578233
1725522300000,51452.65,51506.2,51405.9,51491.6,40968570
1725529500000,51490.6,51497.75,51445.05,51445.05,10315033
1725594300000,51179.35,51380.05,50868.2,50919.45,68240640
1725601500000,50920.15,50962.2,50785.3,50832.6,37448739
1725608700000,50831.8,50862.35,50447.3,50574.4,63700236
1725615900000,50572.35,50648.55,50569.95,50627.8,15813974
1725853500000,50565.05,50810.15,50369.4,50772.95,56290788
1725860700000,50773.4,50891.65,50563.85,50679.4,28404276
1725867900000,50678.05,51192.75,50651.9,51112.35,65635175
1725875100000,51107.7,51130.95,51072.7,51126.55,20979602
1725939900000,51329.8,51329.8,50958.25,51142.45,46591860
1725947100000,51140.5,51289.05,51130.75,51264.45,21726832
1725954300000,51263.25,51366.0,51175.75,51267.1,39839905
1725961500000,51265.0,51320.85,51251.0,51277.65,10350062
1726026300000,51172.2,51420.15,51047.8,51346.35,34559558
1726033500000,51344.75,51352.45,51058.45,51125.9,26700983
1726040700000,51124.45,51178.35,50949.65,50965.1,68883857
1726047900000,50962.1,51094.5,50947.7,51094.5,14307408
1726112700000,51203.75,51307.05,51091.75,51173.7,30675216
1726119900000,51175.5,51239.75,51025.0,51187.9,25348304
1726127100000,51188.05,51878.1,51167.65,51855.05,57141551
1726134300000,51849.1,51854.85,51635.65,51668.95,14310004
1726199100000,51849.7,51895.9,51643.95,51872.05,41285089
1726206300000,51872.65,51959.25,51771.95,51953.65,44866157
1726213500000,51952.2,51994.1,51816.95,51957.0,50466709
1726220700000,51956.75,51974.6,51879.2,51896.6,14459479
1726458300000,52063.75,52193.15,51921.45,52097.35,42888523
1726465500000,52100.1,52131.8,52007.6,52116.75,17463142
1726472700000,52118.2,52208.7,52094.2,52143.7,24908612
1726479900000,52141.3,52176.2,52138.95,52153.85,7949786
1726544700000,52238.95,52284.6,52085.5,52184.75,40367069
1726551900000,52196.7,52271.45,52179.15,52258.45,18043310
1726559100000,52259.6,52270.3,52164.05,52174.25,37686243
1726566300000,52174.2,52194.8,52128.8,52144.65,14794377
1726631100000,52200.55,52741.4,52154.55,52671.95,76977443
1726638300000,52669.65,52954.2,52660.0,52795.4,50341379
1726645500000,52794.15,52859.05,52647.55,52794.45,62338298
1726652700000,52788.6,52792.8,52622.8,52633.1,15004138
1726717500000,52935.95,53353.3,52893.3,53149.2,55282228
1726724700000,53150.65,53159.75,52847.9,52967.75,50526078
1726731900000,52967.05,53081.55,52882.05,53053.15,42301487
1726739100000,53055.05,53102.2,53013.4,53045.15,15897055
1726803900000,53257.65,53556.6,53037.6,53535.45,55827057
1726811100000,53538.25,53711.9,53453.95,53649.1,35008863
1726818300000,53644.3,53864.45,53095.05,53826.8,118182569
1726825500000,53828.1,54066.1,53778.6,53937.15,61826846
1727063100000,53868.3,53986.15,53741.4,53966.5,56689881
1727070300000,53968.55,54052.85,53891.45,54024.9,37246541
1727077500000,54027.05,54197.95,54008.45,54080.75,54234280
1727084700000,54088.85,54120.55,54042.9,54076.3,14708528
1727149500000,54111.15,54158.4,53962.95,53985.55,68327271
1727156700000,53984.4,54127.65,53940.8,54105.25,43532226
1727163900000,54107.05,54247.7,53904.65,53978.6,59462102
1727171100000,53977.1,54028.55,53951.4,53971.25,19323220
1727235900000,53793.85,54083.25,53792.85,54009.9,82490103
1727243100000,54013.4,54062.2,53979.95,54035.0,42006078
1727250300000,54032.0,54141.0,54028.4,54108.7,45947864
1727257500000,54106.05,54141.3,54060.65,54135.75,13224925
1727322300000,54074.65,54202.15,54010.9,54148.75,62779223
1727329500000,54150.2,54262.4,54122.2,54149.75,27962173
1727336700000,54154.55,54467.35,54084.9,54324.6,55686127
1727343900000,54321.9,54356.35,54243.75,54281.5,22762356
1727408700000,54254.2,54327.45,54172.5,54216.0,52990381
1727415900000,54217.9,54231.3,53945.65,53974.6,31733408
1727423100000,53971.55,53978.9,53763.2,53833.0,86620691
1727430300000,53834.75,53876.7,53787.5,53834.3,45007785
1727667900000,53615.55,53726.4,53107.85,53247.3,60362424
1727675100000,53249.25,53301.5,53039.3,53070.05,39761108
1727682300000,53070.65,53090.75,52926.55,53000.45,58514254
1727689500000,52999.75,53019.0,52963.75,52989.7,18981832
1727754300000,52911.1,53235.25,52817.8,52959.2,89687208
1727761500000,52960.4,53079.05,52923.8,52982.7,43337225
1727768700000,52980.6,53010.75,52859.5,52912.8,83648564
1727775900000,52913.6,52993.95,52882.7,52980.0,17010089
1727927100000,52445.65,52582.95,52225.0,52339.4,94950999
1727934300000,52339.3,52343.9,51931.9,51972.1,58711908
1727941500000,51969.95,51976.05,51683.4,51858.95,98026490
1727948700000,51857.05,51898.75,51815.3,51860.85,17649573
1728013500000,51723.55,52243.75,51672.05,52193.8,99545775
1728020700000,52188.0,52358.35,51643.25,51726.45,75483199
1728027900000,51726.0,51746.7,51347.25,51488.5,65182582
1728035100000,51488.15,51561.3,51483.2,51555.75,13927186
1728272700000,51583.9,51784.8,51112.8,51198.6,85333642
1728279900000,51195.3,51568.75,50689.9,50757.75,70858353
1728287100000,50766.05,51495.45,50194.3,50401.5,149129861
1728294300000,50407.9,50671.45,50387.75,50637.0,21922798
1728359100000,50801.75,51090.05,50466.0,51018.35,56744789
1728366300000,51018.55,51146.4,50909.2,51094.85,36001634
1728373500000,51093.45,51176.05,50943.15,51017.15,46936617
1728380700000,51017.85,51094.25,51011.75,51075.85,12789465
1728445500000,51100.65,51707.15,50905.55,51502.7,91924389
1728452700000,51494.7,51536.55,51040.65,51064.45,48262042
1728459900000,51057.35,51144.0,50903.75,51014.75,114835892
1728467100000,51017.0,51108.9,51009.65,51088.2,53917864
1728531900000,51237.7,51413.8,51047.0,51234.1,43408893
1728539100000,51242.45,51480.35,51216.95,51476.95,28625746
1728546300000,51478.4,51659.45,51446.6,51531.5,39095666
1728553500000,51530.35,51535.8,51493.15,51533.4,11895473
1728618300000,51530.15,51560.0,51170.9,51187.9,35325501
1728625500000,51189.15,51227.0,51005.85,51167.4,32753499
1728632700000,51166.35,51246.5,51111.15,51159.55,31766271
1728639900000,51160.55,51194.5,51151.8,51189.25,8845479
1728877500000,51289.6,51759.45,51220.85,51738.3,41995865
1728884700000,51741.25,51792.25,51670.7,51686.2,23054435
1728891900000,51687.3,51839.45,51669.45,51798.55,46278473
1728899100000,51798.85,51893.0,51792.85,51879.05,14401618
1728963900000,51977.5,52022.05,51708.0,51778.5,33112402
1728971100000,51778.8,51951.2,51698.75,51819.2,23166646
1728978300000,51815.8,51962.3,51797.05,51905.85,32826408
1728985500000,51906.0,51990.7,51886.9,51945.4,11778163
1729050300000,51788.8,52031.6,51751.05,51909.6,29815452
1729057500000,51905.9,51922.45,51831.6,51911.6,15643393
1729064700000,51911.45,51923.25,51766.0,51810.9,36530054
1729071900000,51810.35,51825.65,51770.0,51796.4,11832103
1729136700000,51849.7,51930.2,51239.2,51253.25,40781007
1729143900000,51254.0,51355.8,51150.25,51230.55,22554899
1729151100000,51231.45,51304.0,51178.35,51295.15,33538225
1729158300000,51291.3,51346.8,51247.9,51269.55,10206480
1729223100000,51328.0,51661.05,51000.9,51529.15,47957449
1729230300000,51533.6,51962.95,51489.55,51878.65,29648389
1729237500000,51876.8,52199.45,51868.65,52065.25,47975326
1729244700000,52068.3,52155.25,52059.6,52138.7,12530836
1729482300000,52368.2,52577.5,51947.1,52110.45,54476423
1729489500000,52114.6,52135.1,51879.05,51978.65,32412493
1729496700000,51975.15,52123.6,51919.15,51997.85,45071482
1729503900000,51998.9,51998.9,51855.15,51857.05,12858645
1729568700000,51978.55,52257.3,51721.75,51940.25,64811381
1729575900000,51941.8,51955.8,51444.0,51504.0,50602756
1729583100000,51505.1,51681.2,51179.6,51239.75,70031532
1729590300000,51237.9,51312.15,51189.85,51271.6,17687978
1729655100000,51200.9,51551.55,51107.9,51249.8,89849644
1729662300000,51245.85,51298.25,51165.95,51220.55,39315181
1729669500000,51218.25,51300.6,51164.3,51222.65,64324185
1729676700000,51221.6,51259.55,51158.2,51256.05,13741882
1729741500000,51348.6,51781.55,51201.85,51568.15,80834133
1729748700000,51567.6,51710.85,51504.1,51555.9,35638099
1729755900000,51555.6,51623.1,51411.3,51539.85,43100918
1729763100000,51539.05,51582.75,51522.85,51565.9,11291506
1729827900000,51442.4,51501.05,50440.6,50507.7,126295923
1729835100000,50515.4,50715.15,50510.65,50638.1,58860798
1729842300000,50638.7,50828.9,50382.1,50795.65,68363426
1729849500000,50800.85,50888.95,50798.1,50854.7,16106729
1730087100000,51149.9,51566.1,51012.55,51375.55,205708935
1730094300000,51376.25,51589.15,51305.85,51433.95,75442984
1730101500000,51443.4,51497.0,51157.45,51296.1,142123120
1730108700000,51293.65,51359.55,51254.45,51328.15,21073382
1730173500000,51449.7,51557.35,51278.9,51455.55,134474277
1730180700000,51456.85,51923.65,51375.85,51894.15,88395377
1730187900000,51903.25,52354.85,51785.95,52345.4,119780263
1730195100000,52343.05,52349.45,52263.2,52284.85,29606398
1730259900000,52035.95,52220.0,51733.0,51933.85,90035142
1730267100000,51934.7,52191.85,51896.6,51967.9,44883945
1730274300000,51969.55,51978.0,51742.7,51782.65,89521451
1730281500000,51778.65,51899.4,51757.25,51849.2,21682611
1730346300000,51681.9,52005.6,51666.65,51755.5,79565404
1730353500000,51755.2,51759.1,51341.1,51450.15,71536742
1730360700000,51450.05,51535.8,51318.1,51452.3,123049880
1730367900000,51452.8,51579.1,51450.55,51555.6,44569110
1730464200000,51553.9,51825.5,51459.4,51675.2,50786577
1730691900000,51720.95,51742.7,51094.25,51121.4,127130431
1730699100000,51121.55,51174.65,51066.8,51143.4,63430389
1730706300000,51143.05,51236.6,51108.6,51218.95,110499243
1730713500000,51218.15,51260.8,51181.15,51227.2,17505968
1730778300000,51052.3,51443.7,51026.9,51240.6,69008888
1730785500000,51238.4,51278.85,50865.45,51113.55,36435738
1730792700000,51112.9,52289.55,51100.2,52192.9,119382999
1730799900000,52190.2,52209.65,52094.4,52105.85,18802567
1730864700000,52449.1,52493.95,52185.4,52321.75,81216663
1730871900000,52320.35,52451.15,52306.4,52341.45,44871277
1730879100000,52338.25,52409.4,52232.35,52293.7,74959454
1730886300000,52294.55,52396.5,52293.75,52384.55,16892020
1730951100000,52327.75,52377.25,51752.25,51957.25,71757720
1730958300000,51958.15,52062.65,51775.95,52061.05,33907531
1730965500000,52061.9,52063.1,51853.1,51894.45,42455777
1730972700000,51893.6,51941.2,51868.95,51891.9,11354563
1731037500000,51870.1,52007.15,51559.2,51669.45,51620323
1731044700000,51668.6,51730.4,51495.05,51724.1,30279295
1731051900000,51725.8,51862.15,51505.0,51550.05,63099781
1731059100000,51550.7,51586.35,51494.0,51532.15,11636600
1731296700000,51568.05,52104.5,51294.2,52100.1,64991240
1731303900000,52103.15,52177.7,51963.5,52044.1,33353772
1731311100000,52046.7,52078.6,51767.75,51940.8,48192896
1731318300000,51945.75,51958.55,51799.25,51812.35,13218254
1731383100000,52079.3,52169.05,51586.35,51777.95,42268487
1731390300000,51773.2,51874.7,51234.75,51292.2,28850732
1731397500000,51292.15,51364.25,51006.85,51100.75,46168610
1731404700000,51103.25,51205.0,51100.9,51121.3,13272570
1731469500000,50971.3,51353.5,50700.65,50707.0,70702191
1731476700000,50705.05,50770.4,50620.65,50697.65,32254818
1731483900000,50680.35,50853.6,49904.4,50072.15,83460908
1731491100000,50070.55,50340.15,50070.55,50290.5,19930412
1731555900000,50049.25,50561.8,49939.35,49971.3,54750627
1731563100000,49972.4,50364.95,49966.3,50306.0,27658626
1731570300000,50305.75,50345.2,50078.35,50184.4,37831632
1731577500000,50187.95,50244.5,50172.25,50239.2,12547195
1731901500000,50321.9,50367.3,50074.0,50232.4,59066952
1731908700000,50232.75,50445.8,50225.7,50399.7,40518213
1731915900000,50399.5,50406.65,50296.25,50390.35,47303790
1731923100000,50389.85,50434.25,50311.05,50361.85,12258158
1731987900000,50582.9,50926.4,50449.45,50920.35,64595754
1731995100000,50918.2,50963.1,50837.15,50947.65,39968729
1732002300000,50943.85,50983.5,50590.2,50611.25,63485680
1732009500000,50608.65,50661.0,50440.85,50466.0,16868009
1732160700000,50652.15,50652.15,49787.1,50158.95,133313014
1732167900000,50161.9,50549.85,50145.75,50330.8,50541299
1732175100000,50326.3,50479.25,50249.55,50373.4,52636242
1732182300000,50376.5,50476.3,50364.45,50448.0,14767368
1732247100000,50555.8,50982.4,50508.25,50743.85,73562900
1732254300000,50739.6,51049.15,50662.45,50987.85,41678523
1732261500000,50985.85,51271.5,50894.05,51141.1,54312305
1732268700000,51141.0,51151.7,51043.55,51098.55,13161665
1732506300000,52078.95,52286.8,51774.05,52243.5,102499048
1732513500000,52246.95,52295.6,51944.9,52039.6,43554800
1732520700000,52039.85,52232.1,51986.4,52195.35,177797639
1732527900000,52195.05,52331.1,52159.3,52199.4,132223443
1732592700000,52555.5,52555.5,51999.75,52091.35,49957514
1732599900000,52085.65,52170.35,52055.15,52094.6,24843262
1732607100000,52098.2,52231.85,52069.05,52212.6,27405869
1732614300000,52215.15,52231.2,52158.95,52178.5,8864002
1732679100000,52218.3,52295.75,52019.65,52137.45,42735191
1732686300000,52136.35,52444.35,52112.2,52390.65,37655593
1732693500000,52386.15,52418.45,52265.9,52302.3,59406041
1732700700000,52302.0,52317.95,52271.3,52302.55,10271259
1732765500000,52372.05,52760.2,52117.9,52168.85,68895961
1732772700000,52169.25,52248.75,51908.3,51927.7,32500551
1732779900000,51924.45,52117.4,51782.9,51912.85,53570808
1732787100000,51913.85,51987.95,51912.35,51983.4,16003139
1732851900000,52050.2,52170.9,51778.6,51969.4,45495019
1732859100000,51975.8,52012.75,51759.45,51884.8,29355498
1732866300000,51885.05,52122.55,51868.4,52044.0,47622032
1732873500000,52044.95,52095.25,51998.05,52023.85,16378294
1733111100000,52071.55,52119.0,51693.95,51822.05,38415503
1733118300000,51822.9,51908.85,51770.05,51846.4,22606523
1733125500000,51846.35,52197.25,51796.7,52118.95,32502678
1733132700000,52118.7,52123.7,52045.55,52118.35,8234003
1733197500000,52378.1,52709.25,52216.85,52681.75,75282371
1733204700000,52679.05,52748.1,52563.2,52651.8,28000943
1733211900000,52650.75,52780.9,52615.7,52684.8,53370661
1733219100000,52685.1,52720.55,52661.15,52661.15,14048401
1733283900000,52798.05,53182.15,52685.15,53134.6,66846826
1733291100000,53134.8,53195.3,52884.75,53112.4,50119851
1733298300000,53119.3,53387.1,53110.5,53275.9,91585495
1733305500000,53279.05,53294.6,53223.65,53235.9,18267773
1733370300000,53375.3,53375.3,52850.35,52953.2,45884916
1733377500000,52950.35,53647.8,52909.2,53609.95,36075684
1733384700000,53614.8,53888.3,53271.7,53659.6,59322206
1733391900000,53661.45,53671.6,53581.05,53606.75,12969403
1733456700000,53670.25,53868.5,53160.65,53697.8,122830837
1733463900000,53702.45,53709.7,53544.9,53615.55,36913090
1733471100000,53614.45,53637.55,53492.9,53532.25,34992761
1733478300000,53533.5,53572.05,53472.3,53487.0,13305023
1733715900000,53378.65,53670.45,53326.4,53589.75,46299434
1733723100000,53587.2,53775.1,53554.8,53616.15,32723035
1733730300000,53615.25,53650.7,53363.65,53369.55,31918507
1733737500000,53371.4,53446.85,53370.65,53415.5,9868814
1733802300000,53436.0,53596.4,53345.5,53519.4,32756617
1733809500000,53520.1,53579.7,53302.65,53411.2,19310833
1733816700000,53412.1,53600.6,53303.3,53568.2,43843288
1733823900000,53567.8,53624.05,53550.1,53604.75,24713907
1733888700000,53457.95,53531.3,53302.15,53495.05,32648722
1733895900000,53497.05,53648.05,53444.95,53484.3,26426156
1733903100000,53484.65,53550.65,53341.5,53429.65,29552895
1733910300000,53426.0,53435.1,53369.15,53392.25,11695033
1733975100000,53303.55,53537.45,53293.65,53360.9,32291358
1733982300000,53360.75,53415.65,53198.9,53231.15,22494608
1733989500000,53235.1,53282.6,53174.4,53211.6,33427556
1733996700000,53215.6,53265.65,53205.0,53224.85,10367921
1734061500000,53131.75,53229.3,52264.55,52450.6,55325382
1734068700000,52460.65,53313.05,52409.7,53226.8,40403511
1734075900000,53223.75,53640.85,53080.05,53606.25,34755786
1734083100000,53605.3,53654.0,53570.0,53630.55,8195603
1734320700000,53502.6,53738.9,53386.9,53413.65,36019880
1734327900000,53413.75,53546.2,53335.0,53531.9,17536839
1734335100000,53532.05,53675.05,53493.85,53574.7,24090231
1734342300000,53573.9,53588.8,53490.9,53490.9,7328563
1734407100000,53394.4,53515.7,52950.3,53173.85,36179242
1734414300000,53174.9,53230.75,52772.25,52874.4,27254137
1734421500000,52870.05,52911.9,52709.4,52806.65,39198294
1734428700000,52805.8,52860.3,52782.85,52789.95,12957936
1734493500000,52675.95,52827.6,52230.9,52305.75,53294173
1734500700000,52305.1,52369.0,52142.7,52288.05,40160709
1734507900000,52285.1,52322.15,52010.65,52099.05,42228519
1734515100000,52096.3,52225.6,52095.4,52205.45,12899619
1734579900000,51449.05,51656.8,51263.75,51486.6,64998324
1734587100000,51485.95,51789.85,51485.3,51597.15,29626220
1734594300000,51596.75,51626.95,51461.55,51578.6,38059814
1734601500000,51575.9,51621.0,51549.65,51610.95,11725547
1734666300000,51449.3,51629.0,51112.6,51410.9,40480071
1734673500000,51415.7,51483.95,51076.65,51129.75,31473177
1734680700000,51131.95,51217.65,50609.35,50688.35,99290768
1734687900000,50690.95,50915.35,50686.85,50872.45,56190810
1734925500000,51075.55,51417.35,51030.4,51360.05,54522194
1734932700000,51359.3,51395.25,51118.8,51172.55,22319802
1734939900000,51172.7,51340.45,51144.65,51334.7,25905947
1734947100000,51331.3,51353.15,51287.25,51306.9,7405657
1735011900000,51351.65,51382.1,51137.5,51259.2,24849949
1735019100000,51259.6,51313.3,51176.95,51229.2,27791750
1735026300000,51231.15,51263.65,51168.45,51199.15,49403296
1735033500000,51190.85,51306.45,51190.85,51288.75,9629807
1735184700000,51408.5,51740.0,51046.0,51236.35,33430265
1735191900000,51238.9,51294.5,51061.85,51133.55,18824856
1735199100000,51135.3,51193.6,50951.8,51164.25,29780732
1735206300000,51168.05,51266.2,51157.25,51213.0,8891744
1735271100000,51286.0,51628.45,51267.35,51564.55,30638936
1735278300000,51565.1,51571.2,51240.1,51321.45,17249168
1735285500000,51320.3,51388.6,51253.05,51291.95,23717510
1735292700000,51294.4,51371.55,51280.25,51347.75,6338473
1735530300000,51284.8,51542.8,51166.4,51403.8,37519325
1735537500000,51399.85,51979.75,51237.35,51305.75,48244771
1735544700000,51306.15,51397.4,50718.35,50941.5,145752116
1735551900000,50942.3,51091.0,50897.85,50899.9,84139098
1735616700000,50599.8,50919.5,50599.8,50914.5,31566132
1735623900000,50915.7,50929.4,50758.4,50840.6,22762495
1735631100000,50844.0,50945.55,50811.95,50876.0,39129538
1735638300000,50875.95,50906.35,50852.7,50884.3,11381110
1735703100000,50861.75,51161.2,50485.05,51103.5,33256661
1735710300000,51108.1,51169.05,50971.1,51012.75,19299120
1735717500000,51013.4,51321.95,51001.85,51047.6,21874975
1735724700000,51049.2,51122.95,51031.35,51096.05,6458955
1735789500000,51092.2,51317.35,50992.8,51275.85,31823329
1735796700000,51276.95,51370.55,51081.6,51347.15,33524714
1735803900000,51342.6,51672.75,51339.45,51603.9,57786805
1735811100000,51604.0,51626.15,51585.2,51605.85,10867239
1735875900000,51567.35,51671.6,51082.8,51214.45,55989850
1735883100000,51215.85,51381.75,51122.75,51227.5,28788626
1735890300000,51227.0,51256.6,50904.35,50968.85,45596608
1735897500000,50967.65,51025.55,50947.05,50974.25,17225745
1736135100000,51005.95,51026.1,50212.3,50260.85,75065578
1736142300000,50260.2,50384.2,49987.0,50053.4,38931736
1736149500000,50048.3,50048.3,49751.0,49856.55,56144686
1736156700000,49855.5,49986.45,49855.5,49960.2,13415794
1736221500000,50051.15,50362.9,49969.3,50236.25,42737580
1736228700000,50236.05,50415.85,50189.95,50338.75,21737684
1736235900000,50342.0,50447.6,50152.9,50211.6,29173404
1736243100000,50211.25,50230.85,50141.1,50183.7,9764398
1736307900000,50233.0,50246.9,49622.2,49666.75,45485576
1736315100000,49664.35,49755.4,49389.75,49430.45,35887805
1736322300000,49431.55,49979.05,49398.05,49845.45,41278323
1736329500000,49847.75,49868.25,49823.5,49836.15,8132823
1736394300000,49735.05,49798.1,49277.85,49318.45,47905648
1736401500000,49319.55,49505.0,49230.15,49342.6,36873999
1736408700000,49342.3,49531.8,49320.25,49501.45,40685394
1736415900000,49505.45,49557.35,49490.95,49552.7,10287109
1736480700000,49407.45,49483.15,48838.05,49273.65,50584592
1736487900000,49275.85,49359.35,48951.0,48979.8,31073852
1736495100000,48982.75,49034.05,48631.2,48636.4,46836990
1736502300000,48637.0,48793.75,48637.0,48779.8,13537370
1736739900000,48264.4,48606.35,48116.4,48481.5,58370236
1736747100000,48482.3,48573.05,48154.65,48180.4,33435556
1736754300000,48183.65,48212.95,47898.35,48036.2,61122567
1736761500000,48037.45,48118.85,48021.4,48047.3,15057204
1736826300000,48277.6,48806.5,48235.2,48784.5,57400204
1736833500000,48782.9,48788.75,48430.65,48571.15,32363709
1736840700000,48571.1,49007.35,48555.25,48727.45,50692852
1736847900000,48728.15,48910.75,48717.3,48884.6,10892894
1736912700000,48791.3,49083.65,48653.0,48997.05,53665992
1736919900000,48996.35,49023.05,48792.0,48798.2,31685880
1736927100000,48796.25,48819.6,48522.4,48735.1,46482273
1736934300000,48735.7,48784.05,48699.6,48783.35,12116901
1736999100000,49077.7,49428.1,49038.45,49236.05,62497920
1737006300000,49238.3,49459.0,49195.35,49445.3,32742437
1737013500000,49445.2,49450.35,49134.35,49304.9,39348602
1737020700000,49305.95,49390.75,49289.0,49386.4,11677278
1737085500000,49023.65,49047.2,48309.5,48403.0,54234805
1737092700000,48400.05,48610.1,48389.75,48461.55,29330605
1737099900000,48462.95,48607.5,48375.1,48521.9,35573328
1737107100000,48527.05,48585.35,48521.05,48553.85,10774652
1737344700000,48876.4,49064.8,48683.6,49054.7,60451583
1737351900000,49052.45,49562.05,49051.05,49541.85,58010089
1737359100000,49545.3,49650.6,49359.7,49386.95,43028630
1737366300000,49389.35,49389.35,49295.9,49334.55,10032291
1737431100000,49491.75,49543.15,48695.1,48745.1,41706909
1737438300000,48745.8,49280.7,48624.45,48857.25,41043046
1737445500000,48852.7,48916.4,48430.95,48580.95,41521446
1737452700000,48581.1,48639.3,48578.4,48626.1,9995591
1737517500000,48735.95,48741.75,48442.9,48469.85,41340265
1737524700000,48471.85,48478.4,48109.4,48258.1,37810709
1737531900000,48259.95,48781.75,48074.05,48768.65,58133688
1737539100000,48762.5,48775.8,48677.7,48766.4,13862044
1737603900000,48736.1,48892.7,48493.0,48717.8,47987765
1737611100000,48715.55,48764.3,48559.6,48719.05,26079220
1737618300000,48714.75,48802.4,48551.0,48591.3,39192626
1737625500000,48593.3,48604.0,48563.05,48595.85,10620575
1737690300000,48582.3,48816.7,48347.85,48796.3,42823694
1737697500000,48790.35,48858.65,48505.45,48590.55,37511040
1737704700000,48583.2,48590.55,48203.0,48352.95,49162294
1737711900000,48352.0,48399.95,48340.15,48349.4,9991733
1737949500000,47864.35,48248.75,47844.15,48076.25,107374238
1737956700000,48076.0,48319.2,48073.05,48234.0,55247168
1737963900000,48228.75,48254.1,47981.35,48111.2,91185764
1737971100000,48109.15,48111.1,47997.15,48026.3,16150844
1738035900000,48655.75,48909.8,48449.05,48897.75,122306690
1738043100000,48899.65,49184.15,48832.75,49176.9,77086131
1738050300000,49172.1,49247.15,48755.3,48861.25,85615434
1738057500000,48863.95,48939.4,48832.0,48886.6,13670029
1738122300000,49005.7,49165.75,48849.8,49036.85,76022865
1738129500000,49034.75,49149.5,48859.7,48994.5,36543644
1738136700000,48994.85,49187.6,48986.45,49157.65,52205614
1738143900000,49154.85,49199.65,49132.35,49163.1,11999580
1738208700000,49166.1,49360.65,49031.8,49241.3,65600902
1738215900000,49236.7,49339.95,49176.45,49319.1,39304051
1738223100000,49322.05,49383.95,49213.9,49308.8,73446681
1738230300000,49305.25,49426.2,49279.95,49400.5,19166859
1738295100000,49252.05,49369.7,49031.8,49286.85,76066891
1738302300000,49284.9,49609.55,49218.8,49568.05,41133757
1738309500000,49565.95,49674.8,49302.1,49598.6,96959823
1738316700000,49594.25,49647.8,49567.35,49619.65,17402082
1738381500000,49582.95,49849.0,49488.75,49845.75,32201907
1738388700000,49844.5,50009.5,48925.45,49067.05,43535042
1738395900000,49065.1,49669.0,48941.85,49514.95,35271377
1738403100000,49515.15,49527.95,49429.15,49520.95,6496704
1738554300000,49085.25,49280.3,48906.05,49271.95,52125390
1738561500000,49270.15,49373.45,49054.65,49344.55,29313980
1738568700000,49347.7,49358.45,49185.8,49222.55,30676579
1738575900000,49225.95,49235.0,49183.25,49218.4,10133318
1738640700000,49531.25,50021.35,49482.5,49819.45,58336267
1738647900000,49823.3,50084.2,49767.7,50055.75,30199432
1738655100000,50057.75,50206.6,49888.35,50192.25,55366584
1738662300000,50192.0,50198.0,50083.65,50111.65,11300831
1738727100000,50410.85,50493.25,50215.45,50374.25,63630133
1738734300000,50369.45,50499.9,50320.85,50498.5,30572591
1738741500000,50498.4,50522.15,50325.35,50354.75,40102748
1738748700000,50353.7,50354.3,50280.45,50299.9,13603637
1738813500000,50519.75,50553.35,50203.55,50243.85,66160770
1738820700000,50243.25,50315.45,50149.8,50219.2,28304914
1738827900000,50219.35,50410.65,50199.05,50374.7,51127253
1738835100000,50378.35,50447.1,50362.65,50427.1,12028505
1738899900000,50453.8,50641.75,50042.3,50290.05,66736869
1738907100000,50286.7,50463.6,50055.55,50086.45,44091905
1738914300000,50086.3,50182.75,49871.15,50180.85,42255791
1738921500000,50181.7,50248.35,50145.9,50204.35,24945023
1739159100000,50151.8,50155.65,49703.1,49853.85,32869716
1739166300000,49850.4,49895.75,49760.35,49843.25,22110615
1739173500000,49841.55,50049.1,49791.2,49987.7,34095740
1739180700000,49990.75,50007.5,49951.7,49960.8,8273752
1739245500000,49825.15,49906.75,49477.8,49608.3,37853642
1739252700000,49607.25,49639.1,49274.85,49294.8,28616873
1739259900000,49294.25,49477.65,49177.4,49415.2,46617907
1739267100000,49414.2,49436.1,49344.4,49358.6,13183267
1739331900000,49412.95,49539.95,48734.35,49001.8,62612265
1739339100000,49001.05,49652.6,48975.1,49603.35,32176751
1739346300000,49603.15,49702.35,49236.6,49518.8,33270038
1739353500000,49518.25,49552.1,49491.8,49526.55,7655962
1739418300000,49478.45,49836.1,49434.15,49757.1,46626189
1739425500000,49756.6,49829.4,49478.1,49478.1,24353154
1739432700000,49480.8,49563.45,49276.1,49356.8,34983757
1739439900000,49357.75,49388.55,49320.15,49342.0,11947008
1739504700000,49489.85,49592.95,48920.1,49035.6,40535075
1739511900000,49034.5,49073.65,48719.75,48815.95,33658680
1739519100000,48815.6,49243.05,48720.25,49109.4,47318474
1739526300000,49109.45,49122.1,49050.6,49057.75,8690108
1739763900000,48962.85,49037.45,48525.6,48741.9,50564446
1739771100000,48738.1,48987.1,48725.4,48851.45,23843481
1739778300000,48854.2,49286.55,48842.3,49267.25,31923975
1739785500000,49262.55,49319.0,49247.5,49279.9,7294684
1739850300000,49268.25,49328.55,48814.95,48865.65,39977210
1739857500000,48866.8,49104.7,48850.45,48993.95,23270181
1739864700000,48996.35,49158.25,48994.55,49085.05,33843553
1739871900000,49085.8,49099.85,49053.3,49064.15,10349839
1739936700000,48907.45,49628.25,48804.0,49502.25,51630769
1739943900000,49503.95,49586.45,49407.9,49460.4,20876423
1739951100000,49459.85,49607.9,49279.6,49579.25,31815915
1739958300000,49580.3,49580.35,49510.95,49519.5,8455062
1740023100000,49305.65,49455.8,49150.95,49329.85,42740113
1740030300000,49329.5,49346.35,49221.65,49254.65,25700866
1740037500000,49253.85,49397.2,49233.5,49342.55,33410740
1740044700000,49342.3,49344.5,49281.85,49289.7,9277097
1740109500000,49143.25,49306.55,48764.0,48917.1,40343982
1740116700000,48916.75,49069.65,48878.4,48921.3,16996066
1740123900000,48921.15,49058.15,48799.8,49007.3,29017678
1740131100000,49008.25,49011.2,48885.4,48908.5,8505142
1740368700000,48643.45,48745.95,48281.9,48394.4,35527210
1740375900000,48392.5,48686.6,48384.3,48592.35,23169391
1740383100000,48593.95,48748.4,48514.65,48655.1,27794053
1740390300000,48653.6,48689.75,48619.9,48657.25,7920399
1740455100000,48727.8,48862.15,48576.6,48627.6,35867018
1740462300000,48629.75,48706.25,48582.45,48669.0,20906051
1740469500000,48668.6,48706.25,48599.05,48622.85,36464750
1740476700000,48619.6,48638.75,48534.15,48591.1,12599779
1740627900000,48761.65,48972.55,48746.9,48908.3,67345362
1740635100000,48908.7,48913.85,48830.2,48843.1,36443247
1740642300000,48844.25,48909.4,48707.85,48736.65,60273016
1740649500000,48734.1,48736.7,48627.1,48641.5,21418788
1740714300000,48433.55,48534.45,48161.15,48491.85,64605919
1740721500000,48491.5,48574.5,48078.7,48115.45,48028571
1740728700000,48118.25,48499.75,48104.9,48351.35,115258791
1740735900000,48351.3,48351.3,48238.6,48262.5,58943473
1740973500000,48522.85,48574.7,47841.3,47928.95,63333547
1740980700000,47932.4,48224.9,47845.8,48188.65,40040117
1740987900000,48186.95,48258.45,48008.5,48111.3,36360025
1740995100000,48110.35,48162.5,48073.75,48159.85,10447822
1741059900000,47955.5,48355.7,47924.75,48250.05,62471726
1741067100000,48249.9,48282.7,48132.55,48272.3,27272777
1741074300000,48267.4,48374.9,48169.05,48233.0,36563538
1741081500000,48234.2,48314.6,48226.05,48289.3,11959850
1741146300000,48245.95,48657.65,48190.25,48480.15,44592780
1741153500000,48480.65,48617.6,48445.3,48502.15,25073909
1741160700000,48501.15,48543.15,48389.85,48478.6,45950514
1741167900000,48479.45,48508.4,48453.6,48506.4,11214678
1741232700000,48784.2,48839.1,48299.4,48622.0,56373422
1741239900000,48623.65,48627.1,48408.5,48582.2,24753118
1741247100000,48584.95,48681.0,48559.85,48634.95,42508051
1741254300000,48636.7,48653.75,48596.85,48608.45,12414839
1741319100000,48499.95,48709.05,48369.95,48655.9,39045890
1741326300000,48655.6,48693.45,48409.9,48430.6,26069819
1741333500000,48431.25,48607.9,48359.35,48513.55,29112281
1741340700000,48513.8,48516.6,48432.3,48453.85,11009128
1741578300000,48285.0,48599.15,48285.0,48447.15,46976864
1741585500000,48448.1,48584.0,48401.7,48554.35,25759472
1741592700000,48551.9,48566.75,48146.8,48235.8,38421171
1741599900000,48237.95,48244.05,48124.65,48168.25,11302877
1741664700000,47913.0,48021.35,47702.9,47923.25,93471965
1741671900000,47923.2,47928.0,47783.6,47844.05,48340820
1741679100000,47843.55,48029.05,47786.3,47864.25,63324038
1741686300000,47865.55,47896.0,47847.3,47885.6,16311434
1741751100000,47908.4,48222.15,47880.0,48113.2,113209203
1741758300000,48112.7,48114.6,47844.95,48029.1,53796362
1741765500000,48029.05,48150.6,47979.85,48054.75,61595099
1741772700000,48055.75,48086.4,48018.1,48055.75,13556958
1741837500000,48225.1,48352.45,48064.75,48284.9,58602731
1741844700000,48285.95,48286.4,48109.7,48142.45,29556058
1741851900000,48139.4,48202.55,48009.7,48082.55,36701245
1741859100000,48084.75,48092.25,48006.1,48024.0,18627563
1742183100000,48230.3,48432.2,48196.1,48415.5,55324843
1742190300000,48414.65,48481.35,48310.35,48381.8,26904923
1742197500000,48382.65,48449.3,48288.3,48359.3,36092283
1742204700000,48358.6,48376.05,48331.5,48347.05,10612640
1742269500000,48824.7,49053.1,48629.45,49022.35,53174844
1742276700000,49022.1,49121.05,48908.2,49028.85,36141184
1742283900000,49030.85,49314.0,49024.8,49302.6,44110759
1742291100000,49303.1,49400.3,49291.3,49383.8,11559694
1742355900000,49414.0,49749.0,49324.8,49719.9,58266918
1742363100000,49720.7,49807.55,49669.25,49743.2,30511592
1742370300000,49743.1,49791.5,49678.55,49705.45,35373667
1742377500000,49705.75,49752.95,49672.85,49727.1,12450384
1742442300000,49951.6,50035.75,49771.65,49906.75,46198404
1742449500000,49908.3,49981.45,49818.25,49963.95,21508779
1742456700000,49970.15,50155.3,49945.2,50042.05,35678928
1742463900000,50041.8,50071.4,49984.7,49993.8,11507713
1742528700000,49981.45,50501.2,49891.95,50479.05,49130560
1742535900000,50480.3,50532.65,50366.85,50440.5,26397653
1742543100000,50439.9,50652.0,50270.6,50576.75,96849455
1742550300000,50579.9,50672.15,50532.6,50570.3,52357656
1742787900000,50973.25,51769.8,50795.9,51666.45,64851257
1742795100000,51668.25,51703.95,51526.25,51690.3,45341854
1742802300000,51688.9,51777.5,51567.2,51671.25,54413008
1742809500000,51673.65,51801.15,51673.65,51769.6,14150047
1742874300000,51874.65,52063.95,51646.65,51820.25,77265264
1742881500000,51820.5,51847.5,51572.6,51624.7,38665024
1742888700000,51626.2,51787.65,51534.95,51615.55,51295071
1742895900000,51618.35,51649.95,51429.6,51490.3,16221281
1742960700000,51638.5,51875.8,51509.7,51595.1,60994821
1742967900000,51595.95,51626.45,51223.95,51280.15,28615314
1742975100000,51275.25,51280.75,51069.15,51239.2,48720112
1742982300000,51241.55,51241.55,51171.8,51180.7,13655711
1743047100000,51084.9,51678.25,51050.85,51653.2,77033772
1743054300000,51653.3,51674.15,51561.0,51596.5,37532352
1743061500000,51596.8,51714.35,51523.1,51536.1,192875575
1743068700000,51531.25,51671.15,51484.1,51534.0,107396221
1743133500000,51635.7,51812.55,51454.85,51512.2,59693735
1743140700000,51513.05,51606.4,51335.35,51415.1,33781284
1743147900000,51415.8,51839.1,51391.45,51594.6,55856101
1743155100000,51594.2,51595.7,51518.05,51552.65,21122652
1743479100000,51200.85,51683.85,50827.35,50910.75,89851820
1743486300000,50909.7,50979.85,50742.0,50843.7,27990952
1743493500000,50844.55,50890.6,50756.15,50838.25,39527042
1743500700000,50836.65,50874.3,50813.35,50851.0,17091898
1743565500000,50967.6,51276.1,50908.35,51227.35,53768399
1743572700000,51226.95,51280.15,51110.95,51233.1,30351556
1743579900000,51238.0,51380.0,51189.55,51362.1,49191286
1743587100000,51362.3,51404.2,51342.05,51372.75,15555256
1743651900000,50931.65,51528.1,50906.65,51492.85,131986138
1743659100000,51495.95,51518.4,51401.8,51466.2,46972208
1743666300000,51470.0,51661.6,51434.15,51613.55,90046267
1743673500000,51612.9,51619.8,51571.85,51581.55,21513101
1743738300000,51719.45,51893.6,51474.85,51686.7,88544899
1743745500000,51686.65,51763.35,51600.85,51617.85,32988918
1743752700000,51616.75,51676.05,51360.4,51557.9,54311544
1743759900000,51548.45,51558.25,51488.6,51515.25,12522563
1743997500000,49285.15,50426.25,49242.25,49672.05,112001888
1744004700000,49671.55,49783.0,49156.95,49333.45,35566879
1744011900000,49336.45,49958.2,49215.95,49907.45,64927822
1744019100000,49909.9,50041.6,49843.2,49985.95,22387596
1744083900000,50420.9,50793.7,50030.8,50383.5,65165736
1744091100000,50383.65,50763.65,50103.0,50720.65,32283669
1744098300000,50722.1,50771.5,50321.9,50494.2,48043025
1744105500000,50493.7,50607.65,50477.0,50575.1,15141783
1744170300000,50494.35,50496.9,49910.85,49953.0,54127686
1744177500000,49950.7,50295.35,49935.3,50280.85,35712085
1744184700000,50283.85,50306.6,50180.25,50248.85,38609504
1744191900000,50247.75,50293.4,50231.35,50283.75,11924068
1744343100000,50692.15,51066.55,50686.55,50964.55,55610892
1744350300000,50965.05,51244.7,50953.2,51196.05,33302532
1744357500000,51194.35,51210.7,50900.1,51005.8,37393869
1744364700000,51004.0,51037.2,50938.2,51007.55,10740687
1744688700000,52200.05,52276.0,51863.3,52258.05,81898478
1744695900000,52260.35,52400.6,52255.05,52311.15,37418730
1744703100000,52312.35,52398.6,52298.55,52358.75,59123947
1744710300000,52360.5,52486.35,52355.55,52415.15,20557605
1744775100000,52650.65,52821.05,52471.35,52744.3,78663872
1744782300000,52747.0,52876.7,52720.5,52874.2,48283561
1744789500000,52874.85,53153.95,52728.15,53087.6,53890772
1744796700000,53086.15,53164.45,53079.6,53109.25,17813665
1744861500000,53154.65,53525.15,53084.9,53459.7,125785242
1744868700000,53460.85,54311.75,53447.75,54305.55,80770229
1744875900000,54304.5,54407.2,54182.05,54259.2,72460765
1744883100000,54260.1,54332.25,54214.6,54252.05,14411543
1745207100000,54843.25,55383.6,54674.95,55366.1,130341951
1745214300000,55371.85,55461.65,55296.05,55412.7,55185500
1745221500000,55412.0,55432.0,55228.35,55288.0,64903391
1745228700000,55285.15,55346.25,55285.15,55295.5,15333524
1745293500000,55455.55,55961.2,55243.55,55906.7,121700179
1745300700000,55910.45,55916.6,55603.8,55755.15,74452110
1745307900000,55758.8,55818.25,55601.55,55666.9,62910394
1745315100000,55666.25,55669.4,55529.55,55559.2,15352732
1745379900000,56096.45,56098.7,55162.5,55224.5,120237057
1745387100000,55225.2,55390.15,55185.45,55306.4,52527877
1745394300000,55305.35,55443.4,55255.1,55395.4,57906471
1745401500000,55395.3,55398.9,55297.85,55318.9,13257909
1745466300000,55125.1,55550.45,55086.55,55378.85,87765774
1745473500000,55377.0,55392.35,55286.35,55341.5,36164303
1745480700000,55347.0,55400.35,55100.25,55225.15,82541179
1745487900000,55221.75,55231.75,55104.15,55125.7,25475321
1745552700000,55215.75,55350.55,54321.45,54411.85,92848106
1745559900000,54418.0,54616.7,54176.45,54605.7,48852215
1745567100000,54605.55,54911.0,54579.2,54694.65,52996672
1745574300000,54695.05,54696.5,54535.8,54552.45,15040794
1745811900000,54629.95,55328.65,54582.35,55168.8,80677749
1745819100000,55169.55,55577.4,55121.6,55514.75,44309609
1745826300000,55519.7,55527.1,55316.15,55422.4,40617798
1745833500000,55422.25,55446.6,55377.5,55428.1,11712925
1745898300000,55505.5,55957.75,55370.55,55454.95,84255930
1745905500000,55454.75,55548.45,55288.25,55460.0,36580921
1745912700000,55459.2,55523.7,55391.8,55392.55,57990992
1745919900000,55390.65,55400.15,55262.4,55301.1,14452176
1745984700000,55357.45,55478.25,55047.3,55158.4,73915213
1745991900000,55159.7,55283.95,55103.95,55225.65,29503015
1745999100000,55222.0,55252.15,55092.75,55136.65,59908025
1746006300000,55138.2,55146.95,54723.7,54956.5,29050625
1746157500000,55099.05,55691.95,55099.05,55370.45,65701451
1746164700000,55370.2,55422.0,54994.4,55073.25,35557322
1746171900000,55072.8,55290.75,54997.0,55177.6,41160663
1746179100000,55175.25,55183.1,55037.3,55051.15,10170771
1746416700000,55071.1,55345.5,54891.35,54975.8,67966779
1746423900000,54979.7,54992.3,54786.5,54895.35,29853520
1746431100000,54889.8,55081.15,54859.0,54904.9,31938448
1746438300000,54904.25,54963.0,54895.2,54907.2,8430379
1746503100000,54924.2,55036.95,54487.65,54534.15,54662996
1746510300000,54532.8,54570.55,54400.6,54498.25,30506411
1746517500000,54499.25,54583.25,54244.8,54284.45,91188940
1746524700000,54284.35,54290.4,54172.95,54183.85,21651124
1746589500000,53945.05,54672.9,53919.9,54327.85,86240058
1746596700000,54326.85,54477.85,54226.6,54271.5,63374519
1746603900000,54271.05,54605.0,54257.85,54597.65,96234219
1746611100000,54597.15,54684.3,54594.25,54628.3,21355418
1746675900000,54771.8984375,54937.25,54600.5,54781.75,90780869
1746683100000,54781.25,54849.1,54698.65,54791.85,34101990
1746690300000,54788.65,54842.85,54342.4,54466.0,148575041
1746697500000,54467.8,54470.05,54108.0,54141.75,28150812
1746762300000,53587.6,54054.8,53525.5,53713.35,80204329
1746769500000,53713.8,53920.85,53584.0,53615.1,40227538
1746776700000,53614.3,53660.0,53483.05,53588.5,41161889
1746783900000,53589.5,53676.8,53573.15,53674.05,16273322
1747021500000,54623.6,55347.6,54558.05,55304.55,91815380
1747028700000,55306.15,55392.75,55123.45,55189.9,46097101
1747035900000,55192.6,55377.0,55184.2,55325.0,47460775
1747043100000,55324.7,55466.3,55320.65,55411.3,12229327
1747107900000,55238.45,55499.65,54944.9,55108.8,82014651
1747115100000,55107.7,55332.0,54924.9,54990.8,39478862
1747122300000,54986.95,55038.05,54889.2,54929.7,52638773
1747129500000,54932.75,54984.65,54888.5,54964.45,15066625
1747194300000,54993.55,55208.6,54885.15,55012.85,49559561
1747201500000,55008.35,55033.95,54491.0,54682.95,46799597
1747208700000,54682.85,54831.2,54578.6,54808.15,37290029
1747215900000,54810.8,54898.8,54759.4,54860.55,10576189
1747280700000,54880.9,55019.05,54442.3,54616.7,44886259
1747287900000,54617.1,55100.3,54570.7,55096.4,26085728
1747295100000,55098.8,55490.55,55017.75,55362.55,56805073
1747302300000,55357.5,55375.9,55319.55,55336.7,10072119
1747367100000,55291.0,55418.9,55170.25,55273.5,61406952
1747374300000,55271.55,55359.35,55230.2,55306.3,26643456
1747381500000,55306.4,55394.7,55276.1,55363.1,37234939
1747388700000,55367.4,55376.75,55311.0,55350.8,9932278
1747626300000,55339.3,55650.25,55296.55,55587.35,48147701
1747633500000,55588.35,55695.55,55522.15,55542.05,39442837
1747640700000,55540.45,55599.5,55303.65,55417.1,38701550
1747647900000,55418.3,55450.95,55376.95,55400.65,10924271
1747712700000,55443.85,55568.35,55120.35,55208.3,48472783
1747719900000,55208.1,55209.45,55005.4,55009.65,27407204
1747727100000,55009.4,55049.6,54829.45,54910.25,52319097
1747734300000,54910.85,54934.3,54854.4,54932.35,13740370
1747799100000,55039.95,55336.85,54931.3,55218.1,44023162
1747806300000,55219.25,55233.85,54690.8,55011.15,34040007
1747813500000,55012.95,55112.45,54891.9,55066.9,30877819
1747820700000,55066.6,55097.45,55036.5,55065.6,9732283
1747885500000,54867.6,54936.85,54719.85,54747.75,64453131
1747892700000,54746.45,54776.6,54576.6,54647.35,27949073
1747899900000,54651.8,54996.1,54587.15,54937.65,44616149
1747907100000,54938.75,54989.6,54889.8,54963.25,10050106
1747971900000,54952.1,55340.65,54854.5,55309.25,37080242
1747979100000,55311.85,55433.65,55192.65,55362.25,21693147
1747986300000,55361.7,55441.3,55302.6,55391.25,20861541
1747993500000,55393.55,55426.1,55379.65,55389.6,8871929
1748231100000,55560.0,55875.75,55307.5,55480.1,38853569
1748238300000,55481.35,55611.1,55406.8,55509.1,19124160
1748245500000,55506.15,55598.35,55447.3,55577.1,25207097
1748252700000,55578.25,55612.65,55548.35,55558.9,6967960
1748317500000,55455.75,55511.55,55037.85,55354.35,41138315
1748324700000,55365.65,55831.35,55340.85,55411.5,45761903
1748331900000,55412.55,55529.75,55110.05,55384.55,43401402
1748339100000,55386.55,55406.1,55319.05,55352.45,14664938
1748403900000,55380.1,55521.8,55235.55,55384.9,43235705
1748411100000,55383.6,55506.85,55303.8,55433.55,29221608
1748418300000,55433.2,55478.25,55335.5,55407.75,40964075
1748425500000,55410.05,55454.25,55395.65,55447.55,14404241
1748490300000,55597.5,55725.35,55196.4,55213.1,49859545
1748497500000,55197.25,55282.4,55096.45,55266.35,38185847
1748504700000,55261.6,55594.85,55177.7,55591.8,68390184
1748511900000,55591.0,55782.75,55566.0,55765.2,28656196
1748576700000,55620.25,55704.25,55356.6,55460.85,39454950
1748583900000,55462.95,55581.95,55401.7,55557.85,34662338
1748591100000,55557.5,55813.3,55557.5,55755.75,152241273
1748598300000,55755.45,55778.9,55729.05,55755.7,54125469
1748835900000,55652.0,55787.1,55400.55,55615.7,107127478
1748843100000,55616.55,55835.25,55572.85,55780.9,45761948
1748850300000,55781.25,55966.3,55702.75,55918.3,43258928
1748857500000,55918.0,55921.85,55811.5,55862.05,13877641
1748922300000,56108.75,56161.4,55702.8,55706.8,83419733
1748929500000,55709.45,55805.3,55455.8,55524.1,54570833
1748936700000,55523.15,55722.1,55467.7,55600.95,59577280
1748943900000,55598.8,55635.85,55525.35,55540.0,13849523
1749008700000,55652.75,55791.0,55408.35,55595.5,61798836
1749015900000,55594.5,55702.35,55588.65,55645.4,36582829
1749023100000,55645.55,55738.0,55597.2,55666.3,38433949
1749030300000,55665.55,55693.6,55656.3,55665.55,13805307
1749095100000,55798.15,55849.45,55580.45,55718.45,49227942
1749102300000,55720.25,56010.15,55694.15,55762.95,33776339
1749109500000,55763.75,55796.95,55629.25,55770.2,43503576
1749116700000,55764.5,55841.5,55753.7,55809.75,14051419
1749181500000,55696.6,56579.3,55534.75,56567.85,166313908
1749188700000,56569.35,56650.2,56454.85,56568.35,101258691
1749195900000,56567.75,56695.0,56495.95,56571.15,60139991
1749203100000,56569.55,56594.05,56539.9,56584.8,18394869
1749440700000,56999.8,57032.55,56792.7,56947.9,102652526
1749447900000,56949.85,56981.95,56856.65,56935.05,39860830
1749455100000,56937.55,56955.3,56827.05,56851.0,49646914
1749462300000,56851.3,56857.45,56811.4,56846.2,13131324
1749527100000,57005.75,57015.4,56570.3,56666.85,63986969
1749534300000,56670.3,56732.55,56573.4,56688.35,25512017
1749541500000,56676.9,56709.9,56591.85,56647.35,42989371
1749548700000,56648.05,56653.8,56564.15,56579.55,12574315
1749613500000,56625.7,56723.15,56443.85,56713.7,48362349
1749620700000,56711.4,56782.5,56664.3,56666.8,27746267
1749627900000,56667.75,56672.5,56399.4,56454.75,47516530
1749635100000,56454.65,56473.25,56416.35,56438.05,10581732
1749699900000,56461.95,56611.05,56242.1,56268.1,36723834
1749707100000,56267.75,56354.05,56197.3,56245.0,25880676
1749714300000,56248.5,56263.05,55968.5,56076.9,55415444
1749721500000,56076.1,56081.2,55980.45,55997.8,16601338
1749786300000,55165.5,55591.85,55165.5,55446.55,67071195
1749793500000,55440.75,55553.65,55419.0,55501.55,35027882
1749800700000,55498.0,55688.0,55376.2,55546.85,27475340
1749807900000,55545.75,55581.35,55514.35,55577.1,11088463
1750045500000,55565.85,55801.7,55381.45,55739.6,44775887
1750052700000,55736.7,55914.75,55657.35,55876.15,20757002
1750059900000,55876.8,55961.55,55836.65,55957.35,30542087
1750067100000,55957.6,55999.85,55942.35,55973.5,10945355
1750131900000,55983.0,56067.3,55788.85,55826.05,36408033
1750139100000,55821.2,55826.5,55652.85,55683.95,24069226
1750146300000,55683.25,55769.75,55643.95,55742.75,34192511
1750153500000,55742.45,55743.6,55660.1,55678.7,11044283
1750218300000,55575.9,55933.6,55511.8,55752.9,47202857
1750225500000,55752.6,55799.7,55612.2,55770.15,24160904
1750232700000,55770.5,55858.95,55641.1,55823.25,34768370
1750239900000,55827.2,55857.85,55775.05,55802.85,9656187
1750304700000,55782.85,55942.45,55661.8,55685.35,47563826
1750311900000,55686.5,55706.8,55539.9,55653.3,33421602
1750319100000,55652.95,55710.35,55562.15,55565.6,39051662
1750326300000,55570.25,55597.9,55475.45,55497.05,10876322
1750391100000,55613.55,56134.7,55566.4,56132.9,42434240
1750398300000,56133.95,56199.55,56027.45,56168.6,26899568
1750405500000,56169.35,56295.3,56067.0,56239.15,57764210
1750412700000,56240.95,56328.2,56208.7,56216.5,33919267
1750650300000,55856.05,56061.5,55779.25,55917.7,30862133
1750657500000,55917.6,55975.65,55856.9,55973.55,19329498
1750664700000,55976.25,56233.55,55961.3,56058.6,28565719
1750671900000,56058.85,56085.8,56021.55,56034.55,7400895
1750736700000,56539.95,56736.1,56460.85,56692.8,51178288
1750743900000,56691.75,56862.0,56488.65,56566.05,28459276
1750751100000,56566.45,56614.6,56276.15,56457.65,41361048
1750758300000,56457.75,56506.65,56440.8,56471.4,11101245
1750823100000,56544.05,56664.9,56420.65,56566.0,35886700
1750830300000,56566.9,56634.55,56519.95,56610.3,25027173
1750837500000,56609.45,56681.4,56567.05,56616.95,27110075
1750844700000,56617.2,56629.7,56564.3,56591.0,9605785
1750909500000,56689.85,56806.6,56558.35,56609.75,51369937
1750916700000,56613.55,57076.95,56567.4,56861.7,34750695
1750923900000,56863.45,57252.55,56843.75,57187.85,64177943
1750931100000,57184.05,57263.45,57143.65,57173.85,25454226
1750995900000,57228.3,57340.75,56993.85,57294.6,64141561
1751003100000,57296.05,57414.95,57263.6,57370.05,28645904
1751010300000,57374.15,57463.1,57312.25,57451.95,93530951
1751017500000,57452.05,57475.4,57380.15,57399.95,50695401
1751255100000,57531.85,57614.5,57297.8,57358.8,80790452
1751262300000,57358.0,57524.75,57310.65,57347.35,33765616
1751269500000,57349.85,57388.05,57193.8,57332.15,49134587
1751276700000,57331.15,57341.0,57261.15,57278.15,18686495
1751341500000,57393.85,57423.0,57150.35,57213.1,88391252
1751348700000,57211.55,57461.5,57189.15,57439.15,82260248
1751355900000,57439.4,57533.85,57401.5,57441.9,88822631
1751363100000,57439.05,57501.3,57425.9,57442.7,23032806
1751427900000,57559.55,57628.4,57152.35,57202.05,72327348
1751435100000,57201.4,57235.3,57042.65,57043.3,31025995
1751442300000,57042.3,57066.1,56833.8,57017.05,49136054
1751449500000,57018.7,57019.5,56951.8,56972.15,15381841
1751514300000,57055.2,57193.25,56894.65,57103.25,58728741
1751521500000,57103.6,57135.5,56949.85,56978.8,27657287
1751528700000,56978.55,57116.15,56767.05,56794.15,46454910
1751535900000,56798.95,56832.6,56764.1,56772.75,15651372
1751600700000,56825.65,56938.75,56680.05,56855.7,34734267
1751607900000,56855.5,56861.75,56623.6,56752.1,25001371
1751615100000,56751.25,57057.5,56728.35,57045.55,24498072
1751622300000,57044.85,57075.1,56997.9,57044.8,8935885
1751859900000,56945.85,57152.2,56854.05,57021.7,41372612
1751867100000,57028.4,57042.6,56838.55,56950.65,25192314
1751874300000,56947.35,57029.5,56856.1,56947.1,28715303
1751881500000,56947.85,56965.35,56913.35,56919.85,7638103
1751946300000,56997.15,57258.1,56923.05,57087.5,30582816
1751953500000,57087.4,57200.0,57060.7,57147.9,33863621
1751960700000,57146.05,57293.45,57074.3,57271.35,30171732
1751967900000,57272.1,57303.3,57220.6,57240.85,10040309
1752032700000,57201.1,57233.45,57037.9,57186.0,29100189
1752039900000,57186.7,57270.9,57097.2,57268.45,22094790
1752047100000,57267.45,57290.65,57154.5,57218.0,30575466
1752054300000,57219.6,57230.7,57170.05,57187.85,8865561
1752119100000,57303.45,57363.7,57116.45,57187.15,34821130
1752126300000,57187.1,57203.35,57023.85,57075.3,25736026
1752133500000,57074.3,57172.55,56976.5,57002.25,26730580
1752140700000,57005.85,57046.65,56886.6,56956.95,14268581
1752205500000,56872.5,57091.05,56645.35,56689.35,29509914
1752212700000,56689.0,56837.95,56607.75,56734.05,22403418
1752219900000,56733.95,56816.3,56679.45,56760.8,33678770
1752227100000,56760.85,56764.75,56695.7,56712.85,9594518
1752464700000,56782.4,56896.3,56653.5,56673.5,47851745
1752471900000,56672.85,56728.45,56597.45,56648.8,22672965
1752479100000,56650.2,56830.65,56594.25,56764.35,42926467
1752486300000,56764.85,56791.1,56732.45,56763.6,9165297
1752551100000,56730.65,57134.95,56707.8,57078.45,57799533
1752558300000,57077.95,57117.1,56992.05,57034.85,26678649
1752565500000,57038.45,57048.15,56908.2,57038.35,27056883
1752572700000,57043.5,57076.8,57011.85,57049.6,12391743
1752637500000,57151.8,57175.15,56937.6,57030.8,44006946
1752644700000,57030.65,57271.9,56984.65,57249.6,52887350
1752651900000,57251.85,57276.55,57153.75,57179.05,49425674
1752659100000,57181.25,57195.15,57084.15,57108.4,13945619
1752723900000,57261.65,57262.85,56914.9,56991.6,53639056
1752731100000,56992.7,57039.1,56868.4,56896.3,24959673
1752738300000,56894.6,56956.05,56812.45,56854.25,37521765
1752745500000,56849.5,56852.2,56780.15,56805.1,12560155
1752810300000,56569.9,56705.15,56204.85,56311.35,64473964
1752817500000,56316.6,56376.5,56240.8,56273.5,31150608
1752824700000,56274.75,56431.95,56245.3,56280.8,31790748
1752831900000,56280.05,56307.6,56237.9,56253.7,12297410
1753069500000,56625.95,56811.0,56255.7,56769.25,58424422
1753076700000,56770.1,56929.1,56639.15,56894.4,27798305
1753083900000,56898.1,56967.55,56733.3,56954.3,35383312
1753091100000,56953.05,56983.45,56901.3,56916.75,10792798
1753155900000,57276.5,57286.15,56863.7,56916.05,58291550
1753163100000,56917.15,56969.7,56807.25,56888.45,25629444
1753170300000,56887.75,56897.3,56730.45,56769.5,33302458
1753177500000,56771.25,56784.9,56692.0,56721.75,14571720
1753242300000,56949.6,56949.6,56715.8,56862.55,42416153
1753249500000,56859.45,57096.65,56785.25,57049.5,23918229
1753256700000,57050.5,57249.0,57025.95,57212.9,52811290
1753263900000,57210.45,57219.45,57176.2,57191.65,9824612
1753328700000,57262.7,57294.85,56978.2,57031.3,33265097
1753335900000,57029.5,57078.7,56850.9,56931.8,21931518
1753343100000,56931.9,57151.05,56913.05,57075.05,107959069
1753350300000,57074.75,57086.7,57001.55,57033.7,15707474
1753415100000,56991.1,57136.75,56644.0,56657.75,57585633
1753422300000,56659.55,56778.8,56465.1,56554.55,26907044
1753429500000,56554.25,56610.9,56439.4,56551.9,28218601
1753436700000,56550.05,56553.55,56475.75,56520.45,11002691
1753674300000,56260.45,56578.4,56186.85,56418.0,68776674
1753681500000,56418.1,56477.4,56147.3,56163.0,27146038
1753688700000,56162.95,56178.55,55997.45,56074.5,36613592
1753695900000,56074.4,56113.35,56051.95,56053.3,11926586
1753760700000,55882.4,56148.95,55843.25,55962.7,50067975
1753767900000,55963.9,56102.95,55955.7,56084.55,28641275
1753775100000,56083.3,56296.4,56075.05,56205.5,53984954
1753782300000,56207.45,56279.3,56202.4,56230.15,11473106
1753847100000,56292.9,56320.35,56064.55,56210.1,40942469
1753854300000,56207.7,56321.15,56156.7,56190.55,26974863
1753861500000,56189.65,56264.9,56133.25,56140.85,60416024
1753868700000,56144.8,56160.9,56098.5,56114.6,10645789
1753933500000,55756.35,55959.4,55547.35,55809.35,70941150
1753940700000,55808.85,56362.6,55789.55,56306.55,42644424
1753947900000,56304.55,56406.2,55937.9,55967.65,55263029
1753955100000,55968.2,56005.55,55906.45,55992.65,12901606
1754019900000,55896.55,56097.6,55774.7,55896.95,30595139
1754027100000,55897.65,55906.85,55729.35,55809.45,19617422
1754034300000,55809.7,55923.05,55562.1,55591.55,33800230
1754041500000,55594.5,55658.9,55570.05,55639.55,14472260
1754279100000,55563.75,55752.45,55437.3,55578.65,60926512
1754286300000,55578.75,55721.2,55541.3,55631.3,19450196
1754293500000,55631.0,55689.85,55511.9,55613.65,37490734
1754300700000,55613.4,55656.95,55612.9,55643.95,10195456
1754365500000,55572.3,55648.15,55370.2,55456.85,49691288
1754372700000,55460.15,55520.3,55374.1,55394.35,17647809
1754379900000,55391.8,55403.8,55202.85,55398.9,27303892
1754387100000,55399.55,55410.45,55332.4,55392.5,10152176
1754451900000,55322.0,55507.2,55227.7,55270.45,33052359
1754459100000,55270.05,55463.25,55242.25,55444.1,45541492
1754466300000,55444.7,55559.4,55310.4,55397.25,30055353
1754473500000,55396.9,55470.8,55392.15,55422.25,8417777
1754538300000,55216.35,55364.7,55076.4,55111.45,38121050
1754545500000,55113.35,55202.75,55092.25,55115.8,18672191
1754552700000,55115.4,55551.8,54973.55,55513.4,30492522
1754559900000,55514.15,55614.8,55507.2,55591.35,7812439
1754624700000,55638.3,55652.6,55157.5,55210.85,31874285
1754631900000,55213.35,55272.25,55078.6,55137.95,23086206
1754639100000,55137.45,55200.3,54927.15,54985.55,32650734
1754646300000,54987.6,55023.9,54905.6,54920.15,8993781
1754883900000,55022.25,55319.7,54927.55,55233.75,42522333
1754891100000,55236.5,55321.95,55128.8,55226.05,22504000
1754898300000,55226.25,55553.4,55208.9,55518.95,30549281
1754905500000,55515.2,55582.15,55418.5,55423.55,9194582
1754970300000,55392.3,55566.7,55188.85,55202.75,23742805
1754977500000,55201.8,55408.75,55193.7,55320.55,17213654
1754984700000,55318.95,55320.6,55001.5,55043.05,25248964
1754991900000,55043.75,55085.75,55013.2,55039.35,8161051
1755056700000,55293.2,55301.95,55026.95,55118.35,26937264
1755063900000,55117.55,55234.1,55031.8,55172.1,18542221
1755071100000,55181.5,55271.9,55110.4,55172.8,26216284
1755078300000,55174.1,55207.3,55159.7,55189.05,7742280
1755143100000,55168.9,55472.8,55074.3,55300.55,24230959
1755150300000,55306.7,55442.8,55230.05,55395.65,18740727
1755157500000,55395.45,55429.45,55254.9,55340.75,22337979
1755164700000,55340.25,55355.9,55288.5,55318.05,8207678
1755488700000,55840.4,56156.3,55822.7,55909.85,41242524
1755495900000,55910.0,56011.8,55647.65,55818.5,30022984
1755503100000,55818.7,55845.6,55692.8,55732.65,21607676
1755510300000,55727.4,55765.85,55701.3,55745.55,8039379
1755575100000,55683.95,55812.0,55608.15,55791.7,26085334
1755582300000,55789.25,55965.55,55769.1,55911.8,22747739
1755589500000,55911.5,55939.7,55724.6,55856.4,31898543
1755596700000,55855.25,55888.5,55836.9,55849.8,8194796
1755661500000,55784.5,55812.6,55577.35,55676.3,22899666
1755668700000,55672.65,55739.1,55612.7,55706.55,20170339
1755675900000,55706.9,55785.6,55650.6,55696.2,19550021
1755683100000,55694.0,55728.95,55677.75,55702.1,6004214
1755747900000,55993.65,55993.65,55720.45,55903.5,21576388
1755755100000,55905.05,55928.1,55754.4,55815.35,19631962
1755762300000,55814.65,55894.65,55725.95,55741.7,21828176
1755769500000,55742.5,55756.7,55708.2,55733.9,6604076
1755834300000,55663.85,55745.0,55218.35,55293.75,24955397
1755841500000,55293.2,55370.9,55245.35,55316.15,19516318
1755848700000,55311.95,55360.2,55137.3,55163.85,24040174
1755855900000,55162.3,55170.3,55102.6,55152.45,8168833
1756093500000,55177.75,55306.0,55048.4,55111.9,23397555
1756100700000,55112.2,55248.65,55100.05,55240.85,22592658
1756107900000,55241.85,55260.2,55112.1,55121.0,25057456
1756115100000,55122.45,55192.35,55117.0,55161.75,8131953
1756179900000,54952.45,55068.9,54478.4,54608.55,28054458
1756187100000,54605.6,54717.45,54551.75,54616.1,19436060
1756194300000,54615.85,54643.5,54409.2,54421.05,53853821
1756201500000,54426.25,54478.8,54396.1,54416.45,21976567
1756352700000,54257.4,54382.25,53916.1,54245.0,47203862
1756359900000,54244.35,54336.8,53967.25,53990.15,21023919
1756367100000,54000.35,54047.65,53768.45,53825.5,49744685
1756374300000,53827.45,53956.8,53805.45,53894.25,13752767
1756439100000,53696.65,54086.0,53696.65,53986.15,36779040
1756446300000,53985.65,54039.55,53805.65,53808.45,20983299
1756453500000,53807.8,53871.85,53607.15,53608.0,31675663
1756460700000,53606.9,53748.35,53606.45,53692.85,13743282
1756698300000,53712.6,53988.25,53712.6,53829.15,31729203
1756705500000,53828.8,53919.05,53717.0,53917.5,15600827
1756712700000,53916.1,54017.7,53873.25,54002.95,21575432
1756719900000,54000.9,54035.85,53984.95,53993.4,8221173
1756784700000,54029.3,54160.95,53912.2,54104.55,23825682
1756791900000,54101.2,54103.25,53961.75,53985.6,17362614
1756799100000,53987.25,53998.1,53578.0,53670.2,29452371
1756806300000,53675.55,53691.1,53619.9,53627.25,6722797
1756871100000,53661.8,53866.75,53561.75,53706.5,30056884
1756878300000,53705.0,53814.65,53633.95,53679.85,23978821
1756885500000,53680.95,54136.15,53669.45,54096.1,32324193
1756892700000,54093.7,54100.8,54028.0,54068.1,13002008
1756957500000,54384.1,54450.55,54145.65,54198.0,32467674
1756964700000,54197.65,54273.95,54107.9,54221.7,27066031
1756971900000,54222.5,54272.95,53971.85,54041.0,47575710
1756979100000,54044.1,54111.25,54037.3,54105.4,11775453
1757043900000,54275.25,54285.55,53746.2,53884.4,29932142
1757051100000,53884.05,53920.25,53719.55,53811.55,19892460
1757058300000,53813.95,54172.45,53798.35,54093.75,23105572
1757065500000,54094.25,54127.7,54078.7,54099.2,6284753
1757303100000,54216.55,54329.2,54067.15,54207.55,27199585
1757310300000,54207.7,54382.8,54199.05,54366.5,16607588
1757317500000,54366.65,54518.7,54137.1,54184.85,25739526
1757324700000,54182.65,54257.85,54153.95,54222.3,6104951
1757389500000,54350.65,54350.65,54133.7,54176.35,25249758
1757396700000,54173.0,54217.45,54079.45,54154.9,28471250
1757403900000,54156.8,54291.95,54139.7,54225.7,29463480
1757411100000,54219.9,54241.4,54176.85,54228.2,9826879
1757475900000,54527.3,54705.2,54400.0,54627.15,48172518
1757483100000,54627.55,54635.4,54504.3,54506.6,26665728
1757490300000,54506.65,54607.9,54432.7,54552.9,30745102
1757497500000,54553.35,54565.5,54513.1,54532.65,9773249
1757562300000,54405.8,54649.85,54402.4,54618.6,37111740
1757569500000,54621.6,54733.9,54531.05,54699.0,16910883
1757576700000,54699.55,54757.45,54612.8,54651.3,33485535
1757583900000,54651.0,54693.35,54625.9,54644.6,8422752
1757648700000,54806.9,54847.7,54580.35,54731.85,25028607
1757655900000,54733.75,54852.25,54723.45,54820.5,19613459
1757663100000,54819.5,54833.5,54749.85,54812.6,27421126
1757670300000,54811.9,54826.1,54779.65,54784.55,7272031
1757907900000,54874.45,54955.8,54808.1,54912.25,21945423
1757915100000,54908.35,55018.7,54890.05,54953.25,15933521
1757922300000,54953.75,54991.15,54807.5,54889.85,26130344
1757929500000,54888.9,54898.05,54840.4,54852.7,7433564
1757994300000,54841.25,55120.95,54777.75,55094.05,33729317
1758001500000,55095.9,55175.15,55057.65,55091.15,22300603
1758008700000,55090.6,55178.0,55026.35,55141.25,30564946
1758015900000,55144.5,55185.45,55121.5,55166.8,11086438
1758080700000,55159.55,55397.05,55146.55,55369.2,53427368
1758087900000,55365.25,55433.5,55307.25,55410.45,27463180
1758095100000,55410.3,55540.75,55376.7,55498.15,60650335
1758102300000,55497.25,55501.35,55444.65,55480.85,13097038
1758167100000,55817.05,55835.25,55611.55,55775.9,58240497
1758174300000,55783.6,55810.85,55490.9,55570.85,30002426
1758181500000,55569.45,55757.15,55524.35,55732.6,35240918
1758188700000,55732.65,55764.7,55700.65,55716.5,9441897
1758253500000,55679.55,55688.75,55412.0,55432.7,65183019
1758260700000,55434.5,55482.45,55355.3,55471.45,33001873
1758267900000,55474.25,55536.1,55413.8,55463.7,59587971
1758275100000,55465.6,55507.3,55437.65,55494.7,31246199
1758512700000,55431.0,55666.35,55315.55,55550.25,43651794
1758519900000,55550.85,55619.5,55472.7,55586.25,25484232
1758527100000,55587.9,55588.25,55215.6,55273.65,38404547
1758534300000,55273.45,55320.1,55260.3,55280.7,10171599
1758599100000,55332.25,55367.6,55159.0,55214.2,42069083
1758606300000,55214.85,55581.3,55181.55,55522.85,39638676
1758613500000,55522.75,55662.0,55474.3,55512.35,73580299
1758620700000,55512.5,55561.35,55496.65,55555.65,15072086
1758685500000,55392.05,55511.1,55051.85,55121.15,80075504
1758692700000,55121.65,55241.5,55081.35,55235.55,31509687
1758699900000,55234.4,55283.75,55040.45,55144.35,45304871
1758707100000,55146.35,55157.0,55111.95,55131.4,13520477
1758771900000,55056.0,55252.8,54993.55,55136.4,47509983
1758779100000,55136.95,55276.65,55020.2,55216.9,32591604
1758786300000,55221.0,55256.2,54928.7,54944.9,60369545
1758793500000,54946.65,54977.0,54903.3,54950.95,16807588
1758858300000,54846.05,54897.0,54538.45,54562.6,49896192
1758865500000,54566.45,54630.05,54499.95,54564.75,24838817
1758872700000,54565.95,54578.45,54310.95,54394.55,41969031
1758879900000,54393.35,54422.2,54371.2,54413.9,9694824
1759117500000,54464.75,54686.05,54366.2,54517.0,41008438
1759124700000,54514.0,54519.45,54226.6,54497.4,32298404
1759131900000,54500.35,54672.05,54383.95,54471.75,93439356
1759139100000,54473.95,54586.45,54445.25,54541.35,50289575
1759203900000,54721.2,54793.05,54502.95,54645.25,67134479
1759211100000,54645.5,54771.15,54562.55,54732.25,46207320
1759218300000,54732.2,54761.15,54538.5,54674.55,69718318
1759225500000,54665.45,54686.4,54625.8,54679.75,22438539
1759290300000,54699.9,55080.55,54582.55,55079.1,62261663
1759297500000,55078.1,55394.35,55077.6,55267.05,40905940
1759304700000,55266.5,55406.75,55226.4,55312.2,56808239
1759311900000,55313.05,55390.45,55307.05,55386.65,11905410
1759463100000,55185.9,55536.25,55177.0,55460.9,46257857
1759470300000,55463.4,55579.85,55413.0,55559.5,46997305
1759477500000,55555.0,55616.45,55463.1,55582.8,41411254
1759484700000,55586.4,55608.4,55543.25,55596.95,18722953
1759722300000,55846.25,56052.7,55727.25,56041.8,69631588
1759729500000,56041.45,56164.2,55953.1,56147.3,38312304
1759736700000,56144.35,56159.05,55980.9,56113.15,42675833
1759743900000,56110.45,56113.85,56052.2,56073.05,10778653
1759808700000,56129.75,56384.25,56025.05,56308.3,57022873
1759815900000,56311.35,56444.45,56171.15,56414.95,34504540
1759823100000,56417.55,56502.45,56197.55,56214.35,46978868
1759830300000,56212.4,56248.35,56159.85,56215.6,14470921
1759895100000,56146.5,56303.6,55855.8,55857.55,56584306
1759902300000,55859.2,56144.8,55821.0,56110.15,24115014
1759909500000,56109.0,56225.8,55988.75,55990.5,40699474
1759916700000,55989.5,56025.4,55927.0,55938.35,11132959
1759981500000,55986.15,56175.1,55843.9,56159.55,36728131
1759988700000,56157.85,56286.25,56035.85,56086.3,29543287
1759995900000,56088.65,56276.5,56079.55,56170.55,39701740
1760003100000,56174.15,56210.1,56121.0,56143.15,10994178
1760067900000,56188.2,56661.35,56152.45,56641.9,66419914
1760075100000,56641.0,56736.65,56567.6,56670.5,32828798
1760082300000,56672.05,56760.25,56560.25,56603.25,49958545
1760089500000,56606.55,56649.75,56588.0,56620.95,13065631
1760327100000,56332.15,56683.3,56327.4,56614.15,48905759
1760334300000,56611.35,56675.05,56538.55,56647.8,26148074
1760341500000,56646.35,56770.9,56537.15,56609.15,38077361
1760348700000,56612.0,56649.85,56605.25,56633.1,9504275
1760413500000,56603.25,56721.3,56405.1,56428.6,51707600
1760420700000,56426.2,56426.8,56230.15,56280.05,26482953
1760427900000,56280.3,56552.15,56255.7,56502.45,40689727
1760435100000,56503.6,56527.0,56429.35,56459.55,9681374
1760499900000,56614.1,56845.75,56491.85,56758.75,36319227
1760507100000,56759.0,56880.3,56695.35,56828.35,30852880
1760514300000,56828.45,56922.7,56703.1,56812.2,41815924
1760521500000,56815.45,56850.5,56793.7,56818.5,13468843
1760586300000,57180.6,57225.35,56994.7,57116.2,61614358
1760593500000,57115.85,57314.1,57078.7,57311.0,27509643
1760600700000,57310.15,57525.8,57275.35,57405.45,46815219
1760607900000,57401.05,57448.45,57372.3,57373.25,11468515
1760672700000,57374.0,57828.3,57238.65,57809.35,47598834
1760679900000,57807.75,57830.2,57465.3,57534.1,40719828
1760687100000,57534.2,57763.75,57396.8,57698.6,43327053
1760694300000,57699.25,57751.3,57678.55,57724.0,14421035
1760931900000,57911.8,58242.5,57884.25,58199.05,152244749
1760939100000,58199.8,58232.35,58118.5,58220.7,75192836
1760946300000,58221.85,58261.55,57948.85,58045.65,92376544
1760953500000,58048.85,58075.6,58017.25,58051.0,19964233
1761034500000,58074.85,58155.55,57887.2,57908.5,38071316
1761191100000,58381.75,58555.15,58157.6,58513.0,119100896
1761198300000,58512.6,58577.5,58378.15,58461.35,77999099
1761205500000,58454.2,58529.05,58020.15,58030.8,73421521
1761212700000,58032.15,58091.8,57951.45,57981.1,16232334
1761277500000,58171.4,58232.9,57777.05,57855.05,56172949
1761284700000,57853.65,57915.15,57669.35,57738.65,29715952
1761291900000,57737.95,57752.25,57482.05,57709.0,36211987
1761299100000,57707.55,57750.45,57691.0,57741.5,9253409
1761536700000,57837.6,58173.55,57652.75,58130.55,55603029
1761543900000,58125.65,58195.95,58035.6,58077.4,34010540
1761551100000,58080.85,58123.35,57951.2,58053.9,41382084
1761558300000,58051.6,58224.55,58046.0,58198.6,21175954
1761623100000,58010.65,58313.8,57770.35,57818.1,79346906
1761630300000,57817.55,58186.85,57797.25,58141.2,69683104
1761637500000,58138.2,58253.6,57937.85,58244.35,85011448
1761644700000,58242.6,58305.0,58216.4,58271.55,20198720
1761709500000,58333.85,58372.55,58087.05,58160.85,61372899
1761716700000,58158.6,58368.35,58156.1,58363.35,36651193
1761723900000,58361.95,58469.9,58321.9,58367.0,40599541
1761731100000,58370.85,58419.65,58367.3,58399.05,12150923
1761795900000,58185.65,58331.2,58075.55,58243.65,47116939
1761803100000,58242.45,58263.85,58121.85,58237.85,87984622
1761810300000,58242.6,58282.55,57999.2,58024.55,70800647
1761817500000,58026.65,58067.1,58007.85,58067.1,15791543
1761882300000,57946.85,58254.95,57656.95,57758.3,101514433
1761889500000,57759.35,58046.2,57726.4,57937.0,101236896
1761896700000,57933.35,57961.5,57751.3,57765.45,81360738
1761903900000,57764.0,57808.35,57743.15,57778.75,22490303
1762141500000,57748.2,58125.95,57718.4,58075.65,100339594
1762148700000,58075.5,58155.1,57939.6,58142.9,42473456
1762155900000,58142.1,58247.55,58054.35,58104.7,46572477
1762163100000,58102.8,58147.25,58092.5,58116.25,13541461
1762227900000,57962.5,58119.65,57852.0,57946.3,48437068
1762235100000,57950.35,57972.85,57803.1,57846.4,44613641
1762242300000,57841.05,57983.7,57801.6,57843.65,59813930
1762249500000,57839.55,57851.9,57732.95,57778.95,14639688
1762400700000,57713.7,57945.05,57598.8,57628.3,70763679
1762407900000,57628.7,57762.55,57521.95,57687.65,37816804
1762415100000,57684.25,57743.3,57527.95,57545.45,43266527
1762422300000,57544.9,57594.5,57521.0,57573.95,15413190
1762487100000,57428.45,57572.9,57157.85,57560.95,52729447
1762494300000,57564.2,57931.45,57553.55,57872.85,36362934
1762501500000,57873.4,58001.35,57768.2,57869.2,41004180
1762508700000,57871.4,57940.95,57871.4,57903.45,11703839
1762746300000,57882.3,58070.0,57865.6,58014.9,44032437
1762753500000,58020.7,58085.8,57981.9,58016.8,23067590
1762760700000,58019.6,58097.2,57924.05,57938.75,44107635
1762767900000,57938.15,57966.75,57877.45,57893.0,11405577
1762832700000,57974.25,58082.45,57594.25,57733.75,38755468
1762839900000,57733.95,57964.2,57691.8,57954.25,22620690
1762847100000,57959.35,58167.4,57956.7,58142.9,45051779
1762854300000,58143.65,58187.35,58121.65,58148.05,12476100
1762919100000,58507.7,58507.7,58223.0,58333.0,51348411
1762926300000,58330.75,58471.5,58293.15,58428.3,30412301
1762933500000,58429.15,58471.6,58286.55,58297.3,51143647
1762940700000,58298.9,58298.9,58171.85,58211.45,15541229
1763005500000,58188.4,58609.2,58127.1,58552.15,43832575
1763012700000,58553.55,58615.95,58477.85,58569.9,31408478
1763019900000,58574.75,58605.6,58336.0,58373.15,35176848
1763027100000,58371.2,58439.85,58360.5,58387.5,9525228
1763091900000,58119.8,58467.9,58111.4,58372.25,34318666
1763099100000,58368.25,58402.65,58232.65,58272.15,27848809
1763106300000,58270.6,58578.5,58152.95,58552.95,36374524
1763113500000,58552.9,58590.15,58493.3,58540.7,14990175
1763351100000,58699.2,58979.85,58605.3,58929.1,75122755
1763358300000,58929.2,58996.2,58836.15,58961.6,28234881
1763365500000,58962.3,59000.5,58899.55,58957.35,38702338
1763372700000,58958.95,59001.55,58948.95,58976.5,14326850
1763437500000,58987.9,59026.85,58850.7,59001.95,52495858
1763444700000,59001.8,59049.1,58947.3,58990.3,31954064
1763451900000,58988.0,59103.65,58877.1,58880.4,45911308
1763459100000,58879.05,58912.25,58798.9,58835.85,14112064
1763523900000,58906.0,58952.75,58688.55,58783.9,44757893
1763531100000,58783.95,59082.1,58767.05,59060.05,30333487
1763538300000,59059.0,59264.25,58930.8,59225.65,60211452
1763545500000,59228.15,59232.6,59173.65,59207.95,13543589
1763610300000,59326.65,59326.65,59125.25,59206.9,46291369
1763617500000,59208.2,59380.1,59186.6,59319.25,23048084
1763624700000,59322.45,59440.1,59313.8,59350.9,38804495
1763631900000,59352.1,59376.05,59310.8,59343.9,10406501
1763696700000,59151.2,59232.15,58833.15,58944.45,47206586
1763703900000,58945.0,59149.95,58898.9,59050.45,30394699
1763711100000,59056.35,59126.5,58861.5,58887.25,34657217
1763718300000,58884.15,58912.35,58823.65,58851.85,8209858
1763955900000,59039.15,59239.7,58891.8,59185.7,38255881
1763963100000,59186.85,59309.9,59141.9,59247.45,29392225
1763970300000,59252.7,59279.25,58829.45,58836.65,75163611
1763977500000,58836.2,58857.8,58649.5,58731.05,46583225
1764042300000,58945.4,59063.5,58746.2,58814.55,33741531
1764049500000,58815.15,59008.35,58810.7,58931.9,30487950
1764056700000,58933.6,59166.15,58747.25,58825.35,57888866
1764063900000,58825.45,58851.6,58790.35,58810.8,14271485
1764128700000,58876.1,59515.3,58851.85,59442.4,55647909
1764135900000,59442.55,59524.05,59373.65,59506.6,30005355
1764143100000,59506.5,59552.95,59432.1,59535.75,42119616
1764150300000,59538.0,59554.95,59508.35,59527.15,10639525
1764215100000,59609.05,59866.6,59549.45,59850.1,47763403
1764222300000,59852.6,59861.15,59649.3,59656.3,28810005
1764229500000,59658.7,59768.15,59523.0,59722.35,47814624
1764236700000,59726.45,59782.2,59701.7,59764.15,12826944
1764301500000,59751.4,59871.5,59598.95,59860.8,36122628
1764308700000,59863.3,59897.5,59752.6,59774.35,23866147
1764315900000,59775.15,59826.9,59712.15,59739.6,27557685
1764323100000,59741.7,59776.95,59722.8,59722.8,12142952
1764560700000,60088.55,60114.3,59888.35,60011.2,42271169
1764567900000,60012.8,60020.75,59633.05,59773.8,33885436
1764575100000,59773.45,59815.95,59527.6,59715.0,34660873
1764582300000,59714.0,59715.4,59632.4,59697.15,10061450
1764647100000,59304.25,59656.55,59304.25,59565.45,91883462
1764654300000,59567.3,59604.75,59469.2,59490.3,35785216
1764661500000,59491.55,59500.45,59251.95,59294.15,58761570
1764668700000,59294.65,59347.1,59256.2,59347.1,17946004
1764733500000,59210.45,59356.75,58931.05,58979.85,63981037
1764740700000,58977.4,59190.0,58925.7,59083.45,34820151
1764747900000,59082.45,59414.9,59007.55,59380.65,49298504
1764755100000,59378.45,59398.25,59333.15,59333.15,17144127
1764819900000,59270.7,59548.7,59180.35,59408.8,37710575
1764827100000,59410.35,59412.1,59133.4,59180.1,24618479
1764834300000,59179.4,59314.5,59062.15,59283.45,37011920
1764841500000,59280.2,59335.55,59251.75,59272.7,9240729
1764906300000,59169.6,59679.35,59106.55,59601.55,55805569
1764913500000,59604.0,59762.75,59505.0,59724.95,21962038
1764920700000,59723.15,59799.15,59599.55,59778.95,31082274
1764927900000,59778.45,59806.6,59711.3,59735.8,9031277
1765165500000,59685.45,59713.15,59395.5,59436.85,32335975
1765172700000,59435.65,59445.3,59231.5,59342.25,33475296
1765179900000,59342.35,59344.85,59030.6,59249.55,51332447
1765187100000,59248.7,59258.35,59110.8,59147.3,13098970
1765251900000,58936.45,59265.2,58878.45,59246.55,43965879
1765259100000,59246.5,59317.65,59102.55,59227.4,30323576
1765266300000,59231.85,59358.25,59170.6,59217.35,47528123
1765273500000,59219.05,59230.95,59187.0,59212.1,14824211
1765338300000,59284.85,59440.9,59146.0,59212.9,35409728
1765345500000,59214.55,59226.1,58893.35,58964.8,21866567
1765352700000,58963.9,59091.9,58853.9,58963.7,36431603
1765359900000,58964.95,58979.5,58910.3,58938.3,10129489
1765424700000,58980.7,59247.35,58799.9,59142.3,38185418
1765431900000,59143.25,59423.35,59130.8,59181.8,24026755
1765439100000,59177.8,59326.05,59135.65,59201.1,25978581
1765446300000,59200.9,59225.3,59177.5,59204.6,7326154
1765511100000,59412.1,59545.7,59224.85,59285.4,36931784
1765518300000,59291.45,59443.9,59282.6,59378.7,23829398
1765525500000,59378.4,59439.95,59310.6,59408.1,35910536
1765532700000,59405.45,59426.15,59367.15,59396.8,10279034
1765770300000,59053.35,59357.3,59052.3,59258.35,34023994
1765777500000,59257.55,59533.0,59223.8,59527.1,42409403
1765784700000,59527.75,59528.9,59405.9,59469.9,34494780
1765791900000,59469.8,59473.1,59414.55,59444.7,11987031
1765856700000,59312.0,59335.25,59041.1,59084.35,37143111
1765863900000,59081.8,59138.25,58983.05,59053.6,30399485
1765871100000,59053.5,59169.0,58991.65,59018.8,42222726
1765878300000,59021.35,59030.5,58966.35,59010.6,12650407
1765943100000,59059.15,59127.2,58864.4,58970.85,49092640
1765950300000,58969.8,59020.5,58840.1,58847.85,31754894
1765957500000,58847.0,58954.3,58801.4,58921.65,38821167
1765964700000,58921.05,58988.85,58892.95,58961.5,11850556
1766029500000,58811.75,59174.95,58737.65,59099.4,32385791
1766036700000,59096.75,59211.0,59049.25,59112.2,26809156
1766043900000,59114.75,59126.4,58882.15,58933.9,29791559
1766051100000,58932.95,58938.7,58877.55,58905.25,7285526
1766115900000,58998.95,59134.75,58947.0,59009.6,37020250
1766123100000,59009.5,59042.35,58897.5,58952.15,35807167
1766130300000,58949.75,59140.55,58935.85,59080.0,70003175
1766137500000,59080.8,59083.0,59026.7,59046.8,35308526
1766375100000,59248.0,59371.2,59155.5,59239.45,42479307
1766382300000,59238.2,59312.9,59183.6,59265.6,27502888
1766389500000,59273.8,59339.45,59245.45,59313.5,28088688
1766396700000,59314.05,59316.05,59274.25,59284.1,15558312
1766461500000,59330.35,59402.35,59216.75,59319.9,29985248
1766468700000,59321.9,59338.25,59230.4,59303.15,20220222
1766475900000,59303.45,59370.15,59255.2,59328.7,32558987
1766483100000,59325.45,59331.25,59255.4,59276.55,8271413
1766547900000,59366.0,59478.15,59251.65,59398.55,28214608
1766555100000,59396.9,59411.95,59239.5,59251.45,16773305
1766562300000,59252.75,59255.55,59158.55,59201.75,28952854
1766569500000,59202.3,59211.0,59118.25,59150.8,8092553
1766720700000,59091.1,59180.65,59070.8,59078.75,25686995
1766727900000,59078.7,59086.3,58976.35,59034.15,20710232
1766735100000,59033.25,59065.05,58947.05,59011.55,20318960
1766742300000,59014.5,59033.0,58970.45,58994.45,5932438
1766979900000,59013.25,59140.4,58856.3,58869.6,34540255
1766987100000,58871.05,58893.8,58810.35,58855.5,20827319
1766994300000,58858.1,58997.1,58809.55,58928.5,39514015
1767001500000,58923.5,58963.4,58916.75,58953.95,11461621
1767066300000,58904.6,59076.1,58737.6,58924.4,40376904
1767073500000,58925.15,58993.6,58860.55,58922.9,38117125
1767080700000,58923.95,59251.45,58914.75,59196.0,140756673
1767087900000,59198.1,59272.7,59156.4,59253.95,76004758
1767152700000,59205.4,59496.65,59187.1,59453.2,43902131
1767159900000,59450.85,59742.35,59400.35,59703.8,28275375
1767167100000,59705.5,59766.2,59541.85,59584.55,37436989
1767174300000,59587.0,59637.2,59557.8,59619.35,12384411
1767239100000,59672.2,59743.2,59569.65,59714.85,25957144
1767246300000,59714.9,59738.3,59600.9,59680.4,24182550
1767253500000,59680.8,59735.8,59628.35,59691.1,29435831
1767260700000,59686.6,59721.75,59670.2,59707.55,13614164
1767325500000,59758.8,60062.75,59738.25,60015.05,92165051
1767332700000,60011.05,60152.35,59994.85,60106.25,66136143
1767339900000,60106.3,60150.6,59978.15,60110.85,60573628
1767347100000,60107.35,60203.75,60102.35,60174.75,30659407
1767584700000,60378.85,60437.35,60122.35,60314.55,118971361
1767591900000,60314.65,60319.75,60127.15,60131.95,71339811
1767599100000,60127.6,60151.6,59859.8,60051.25,99567379
1767606300000,60052.55,60056.05,59988.45,60055.5,25647553
1767671100000,59996.55,60305.0,59834.3,60226.75,137187796
1767678300000,60226.7,60260.6,60090.4,60197.15,57782170
1767685500000,60193.7,60198.05,60006.15,60136.8,74028103
1767692700000,60134.9,60141.35,60100.65,60115.85,22827735
1767757500000,60046.75,60052.85,59861.35,59987.05,116991940
1767764700000,59989.3,60065.4,59841.05,59895.2,110898273
1767771900000,59895.05,60026.0,59760.65,60017.5,111021880
1767779100000,60017.9,60026.0,59959.8,59976.85,35211790
1767843900000,59872.8,60112.85,59749.5,59783.6,141641928
1767851100000,59786.3,59805.15,59564.8,59716.75,72830180
1767858300000,59713.65,59827.6,59635.45,59688.3,69373986
1767865500000,59688.35,59691.6,59621.9,59676.7,26929896
1767930300000,59572.15,59739.65,59409.05,59428.5,125448665
1767937500000,59427.1,59486.25,59229.0,59273.95,57534421
1767944700000,59272.8,59329.1,59154.2,59268.45,69719363
1767951900000,59270.6,59273.15,59215.45,59269.35,18428584
1768189500000,59223.55,59322.15,58982.75,59013.45,89570369
1768196700000,59014.65,59540.95,58864.2,59498.35,94335662
1768203900000,59494.3,59521.6,59303.75,59424.05,57959154
1768211100000,59423.25,59541.1,59422.9,59534.05,19202040
1768275900000,59756.05,59763.55,59463.75,59663.1,77587798
1768283100000,59663.25,59728.65,59324.55,59403.4,50766397
1768290300000,59404.6,59652.8,59312.05,59575.9,74466247
1768297500000,59574.4,59607.75,59535.7,59542.35,18872288
1768362300000,59327.6,59667.3,59324.2,59575.0,90458930
1768369500000,59577.1,59752.25,59549.05,59734.9,85342910
1768376700000,59730.75,59796.65,59457.0,59564.7,133659383
1768383900000,59580.6,59586.25,59546.3,59575.8,29911105
1768535100000,59593.05,60160.85,59510.5,60022.9,183620282
1768542300000,60021.15,60118.7,59899.1,59980.5,114446702
1768549500000,59981.0,60120.5,59916.75,60074.7,134433289
1768556700000,60075.7,60235.15,60058.5,60110.5,38674815
1768794300000,60107.5,60107.5,59594.6,59726.75,218867485
1768801500000,59727.1,59903.45,59681.15,59857.65,74483104
1768808700000,59852.7,59989.25,59774.1,59910.5,161285215
1768815900000,59910.8,59919.4,59798.45,59829.9,31726605
1768880700000,59852.65,59993.5,59621.95,59697.9,166567810
1768887900000,59696.6,59840.1,59623.1,59674.95,74032744
1768895100000,59674.8,59721.25,59382.6,59385.5,113092108
1768902300000,59388.45,59452.0,59283.95,59372.3,40159212
1768967100000,59123.95,59447.35,58278.6,58627.1,156255965
1768974300000,58629.4,59270.2,58514.45,59019.9,73267533
1768981500000,59027.3,59065.9,58732.3,58778.45,73846908
1768988700000,58776.35,58821.0,58728.1,58741.2,25043230
1769053500000,59237.3,59573.1,58862.45,58904.5,120833320
1769060700000,58904.15,59151.55,58823.05,58957.2,63344927
1769067900000,58956.4,59238.05,58927.25,59215.0,91320156
1769075100000,59211.95,59310.35,59207.55,59257.55,23652751
1769139900000,59327.5,59400.15,59027.1,59209.2,87436906
1769147100000,59207.9,59215.35,58895.5,58986.7,80745348
1769154300000,58987.35,58993.95,58445.9,58517.05,112819443
1769161500000,58518.5,58554.1,58346.25,58501.1,40518841
1769485500000,58451.8,58780.05,58121.6,58561.35,144008560
1769492700000,58562.05,58859.2,58534.65,58723.95,69664637
1769499900000,58719.6,59220.3,58620.75,59153.45,129070602
1769507100000,59150.8,59436.8,59148.25,59348.25,40764286
1769571900000,59547.55,59659.15,59390.3,59568.85,116324539
1769579100000,59570.25,59699.9,59438.4,59512.7,54555173
1769586300000,59514.5,59624.25,59240.1,59574.35,85869283
1769593500000,59571.7,59619.75,59551.7,59574.8,29647447
1769658300000,59468.45,59717.55,59339.0,59697.65,118761861
1769665500000,59696.4,59921.1,59611.4,59864.4,88717631
1769672700000,59870.05,60060.7,59778.55,59909.05,263673296
1769679900000,59903.9,60017.2,59883.45,59980.4,142851463
1769744700000,59603.25,59906.9,59535.4,59752.75,98839612
1769751900000,59754.4,59864.5,59602.7,59604.25,66310617
1769759100000,59603.2,59804.6,59501.8,59614.05,100986755
1769766300000,59612.4,59687.9,59557.65,59557.65,49777569
1769917500000,59623.4,59838.1,59390.5,59725.5,51112012
1769924700000,59727.35,59865.7,57783.2,58958.6,86261926
1769931900000,58960.55,59053.8,58465.75,58482.4,47616742
1769939100000,58481.15,58485.7,58248.75,58353.75,18381974
1770003900000,58279.75,58519.95,57829.85,57974.45,113105263
1770011100000,57971.9,58343.25,57848.5,58207.65,71833720
1770018300000,58206.4,58635.9,58004.5,58604.6,70780034
1770025500000,58609.7,58687.05,58552.7,58602.5,24873759
1770090300000,61417.0,61764.85,59793.2,60131.45,184631461
1770097500000,60129.9,60264.15,60049.65,60136.55,50144129
1770104700000,60134.15,60191.85,59973.95,60035.2,96267887
1770111900000,60031.8,60107.95,59972.4,59986.7,31023997
1770176700000,60094.4,60327.1,59891.75,60200.7,99648654
1770183900000,60201.4,60254.4,60102.0,60196.3,50636095
1770191100000,60197.2,60389.4,60176.95,60269.9,77640341
1770198300000,60271.35,60288.5,60135.3,60148.1,26285264
1770263100000,60275.45,60328.3,59990.8,60072.95,88208648
1770270300000,60070.05,60107.75,59963.35,60005.4,34163089
1770277500000,60005.8,60121.55,59881.05,60082.45,84580636
1770284700000,60083.55,60087.15,60007.0,60055.25,22917191
1770349500000,60019.85,60119.95,59644.55,59818.9,78293110
1770356700000,59817.85,60011.7,59717.9,59795.95,45616998
1770363900000,59796.65,60143.3,59768.25,60132.4,57961978
1770371100000,60130.8,60149.9,60078.5,60112.8,20467288
1770608700000,60876.2,60876.2,60495.7,60654.0,114384271
1770615900000,60654.65,60677.8,60516.2,60587.85,52303307
1770623100000,60588.75,60685.2,60543.9,60665.75,69434844
1770630300000,60665.85,60700.35,60638.25,60666.8,24701371
1770695100000,60751.9,60787.95,60597.95,60751.15,66953745
1770702300000,60753.15,60797.55,60701.7,60771.5,46174382
1770709500000,60769.75,60781.9,60531.55,60634.4,75820129
1770716700000,60633.3,60655.15,60550.85,60568.25,23552159
1770781500000,60727.1,60727.1,60444.65,60671.1,89567794
1770788700000,60673.75,60751.0,60613.8,60660.75,53654252
1770795900000,60663.35,60779.95,60655.35,60773.65,70093388
1770803100000,60777.3,60777.3,60717.4,60743.95,18855297
1770867900000,60764.55,60864.4,60678.75,60819.15,99257114
1770875100000,60816.7,60827.5,60685.9,60782.45,58072911
1770882300000,60784.65,60844.8,60597.65,60750.6,84813992
1770889500000,60749.55,60761.95,60696.35,60707.8,23429637
1770954300000,60523.5,60621.9,60271.85,60314.6,84911327
1770961500000,60315.0,60409.4,60253.35,60352.05,48334755
1770968700000,60351.15,60360.5,60233.75,60247.85,70986604
1770975900000,60242.35,60263.25,60073.55,60169.7,31370440
1771213500000,59962.5,60475.5,59861.1,60429.2,52180711
1771220700000,60431.35,60751.1,60374.0,60703.5,40250615
1771227900000,60705.4,60990.75,60668.4,60931.5,57273452
1771235100000,60933.95,61011.3,60913.65,60993.85,17800078
1771299900000,60839.95,61177.2,60560.0,61029.9,95408200
1771307100000,61029.55,61196.35,61000.85,61151.45,73836908
1771314300000,61151.85,61241.6,61034.75,61158.15,73507065
1771321500000,61158.1,61200.35,61133.05,61144.15,20550543
1771386300000,61259.6,61309.3,61100.9,61229.3,81722541
1771393500000,61230.6,61356.8,61174.65,61342.5,39575834
1771400700000,61343.45,61596.85,61246.3,61554.3,68323170
1771407900000,61552.9,61571.85,61520.4,61520.4,27321728
1771472700000,61672.25,61678.8,61255.25,61322.15,62971623
1771479900000,61321.6,61341.1,60959.6,61098.65,38847541
1771487100000,61096.65,61116.5,60710.6,60723.65,66032635
1771494300000,60729.1,60741.15,60592.9,60660.75,21580483
1771559100000,60681.25,61214.5,60562.35,61106.85,72126744
1771566300000,61116.35,61360.5,60961.25,61030.3,57638255
1771573500000,61029.55,61320.65,60987.3,61176.35,62773337
1771580700000,61176.15,61204.45,61096.15,61140.35,25820258
1771818300000,61160.4,61517.8,61067.7,61284.1,582331771
1771825500000,61278.25,61287.5,61052.85,61075.9,119462130
1771832700000,61080.2,61291.35,61029.15,61268.75,105759664
1771839900000,61269.25,61305.85,61242.5,61275.0,31733678
1771904700000,61275.3,61337.1,61109.15,61286.45,175823841
1771911900000,61288.65,61435.65,60925.05,61047.05,116014889
1771919100000,61047.15,61156.65,60801.85,61024.45,249444717
1771926300000,61025.5,61117.65,61018.45,61072.45,42156932
1771991100000,61181.4,61317.55,61083.55,61130.9,124503914
1771998300000,61129.8,61160.1,60834.15,60891.45,66619111
1772005500000,60894.7,61103.75,60816.75,61039.75,94120499
1772012700000,61039.4,61067.6,60997.1,61012.35,33855193
1772077500000,61199.2,61249.7,61027.15,61088.75,152060663
1772084700000,61088.95,61146.6,60813.3,60888.8,94729421
1772091900000,60889.5,61284.75,60862.75,61187.3,221453171
1772099100000,61190.05,61219.95,61064.3,61097.0,132975610
1772163900000,61085.55,61086.45,60664.45,60773.0,91298661
1772171100000,60776.7,60818.0,60633.6,60715.65,59691377
1772178300000,60715.5,60864.7,60439.0,60526.1,139008672
1772185500000,60526.0,60558.6,60438.95,60482.45,77084989
1772423100000,59430.75,60177.5,59148.0,59836.25,145798517
1772430300000,59839.85,59887.0,59594.95,59628.6,97523191
1772437500000,59625.85,59909.7,59345.3,59907.2,109167205
1772444700000,59906.85,59956.7,59838.7,59856.05,29404677
1772595900000,58565.35,58996.95,58393.55,58633.4,152279671
1772603100000,58631.9,58754.0,58468.25,58739.4,71020276
1772610300000,58737.35,59058.4,58609.0,58723.95,104981902
1772617500000,58723.45,58777.0,58657.6,58759.65,26601374
1772682300000,59022.15,59141.0,58809.7,59093.05,82868108
1772689500000,59087.85,59120.15,58686.3,58850.95,51390171
1772696700000,58854.25,59274.35,58506.4,58926.55,114455367
1772703900000,58930.7,59040.25,58885.1,58970.25,23322198
1772768700000,58807.15,58807.15,58332.7,58368.75,91595129
1772775900000,58369.15,58456.1,58235.35,58264.85,49384739
1772783100000,58262.95,58346.75,57727.8,57750.95,81828928
1772790300000,57747.55,57798.8,57696.4,57782.4,31222936
1773027900000,56123.8,56274.15,55270.6,55605.45,182282915
1773035100000,55607.0,55952.75,55542.7,55690.65,68626048
1773042300000,55689.2,56094.0,55596.15,56082.5,97396718
1773049500000,56084.5,56097.5,55987.95,55998.6,21760776
1773114300000,56695.95,56941.5,56387.2,56870.05,139473815
1773121500000,56872.6,56990.9,56658.65,56824.35,74502865
1773128700000,56828.5,57097.05,56745.95,56925.55,98987621
1773135900000,56923.2,57071.35,56921.9,57002.1,30240918
1773200700000,56901.2,56938.4,56306.9,56335.65,82561973
1773207900000,56337.4,56337.55,55943.5,55952.25,55070993
1773215100000,55958.3,56125.05,55712.15,55745.5,82386213
1773222300000,55741.8,55797.7,55631.95,55666.4,39090502
1773287100000,55047.55,55372.65,54760.55,55267.7,126270952
1773294300000,55267.0,55335.15,55047.5,55196.25,57559137
1773301500000,55204.45,55636.95,54997.0,55064.75,99625556
1773308700000,55067.9,55151.95,55062.15,55133.6,24618372
1773373500000,54591.35,54713.75,53962.35,54057.35,117399679
1773380700000,54053.1,54270.2,53765.85,53820.8,73506996
1773387900000,53826.15,54107.0,53675.7,53781.3,107383790
1773395100000,53780.2,53788.15,53684.05,53770.9,25956351
1773632700000,53719.95,54170.5,53258.15,53593.55,137936591
1773639900000,53595.0,53923.65,53518.55,53579.6,69129288
1773647100000,53578.1,54664.15,53563.3,54492.55,153822050
1773654300000,54493.55,54496.1,54228.85,54287.75,26910022
1773719100000,54651.0,54695.4,54113.15,54368.8,93781030
1773726300000,54369.7,54594.65,54182.8,54592.6,54615635
1773733500000,54596.75,54996.0,54518.75,54961.65,101149279
1773740700000,54958.9,54960.1,54816.0,54838.75,25690612
1773805500000,54961.2,55109.3,54689.1,55043.4,83677007
1773812700000,55040.1,55332.55,54985.75,55233.95,51304674
1773819900000,55232.4,55554.15,55219.95,55342.8,66385359
1773827100000,55346.85,55348.05,55229.75,55324.5,20621749
1773891900000,53573.6,54110.55,53437.25,53760.6,188247358
1773899100000,53761.5,54150.3,53675.85,53933.15,63379749
1773906300000,53932.2,53985.85,53240.6,53384.4,109542228
1773913500000,53382.25,53699.85,53366.2,53693.0,26376587
1773978300000,53677.6,54382.45,53657.5,54092.4,130158915
1773985500000,54092.3,54249.3,53509.2,53850.15,85795379
1773992700000,53847.05,53966.15,53356.4,53383.85,130439414
1773999900000,53385.35,53457.65,53297.55,53453.85,50851625
1774237500000,52620.6,52665.3,51568.4,51746.5,149461993
1774244700000,51748.75,51817.8,51556.45,51605.15,64525611
1774251900000,51607.4,52041.35,51401.2,51410.75,138426049
1774259100000,51407.05,51491.4,51323.6,51446.15,40914090
1774323900000,52491.75,52495.7,51827.5,51957.45,115095665
1774331100000,51976.35,52859.55,51924.65,52768.75,88218470
1774338300000,52765.2,52949.15,52530.75,52548.0,104630224
1774345500000,52549.7,52753.1,52493.15,52745.65,29834154
1774410300000,53026.35,53990.15,53026.35,53987.2,120045888
1774417500000,53985.65,54146.15,53683.0,53900.8,83190268
1774424700000,53899.45,54119.5,53623.85,53676.15,117774367
1774431900000,53676.1,53735.95,53653.35,53689.95,25350564
1774583100000,53292.5,53292.5,52531.15,52591.95,133637546
1774590300000,52591.75,52668.5,52427.65,52615.65,71197843
1774597500000,52617.15,52707.9,52235.5,52309.4,285845097
1774604700000,52308.55,52364.35,52211.2,52364.35,157625466
1774842300000,51591.75,51624.5,50767.0,50808.45,182782172
1774849500000,50804.85,51008.95,50733.2,50774.95,93738271
1774856700000,50772.55,50811.2,50105.25,50297.0,209925047
1774863900000,50297.65,50443.6,50262.4,50403.35,75360459
1775015100000,51483.6,51806.25,51133.55,51226.1,135769955
1775022300000,51225.2,51979.3,51181.7,51975.7,95222410
1775029500000,51977.6,52025.85,51369.8,51418.4,103360906
1775036700000,51417.45,51532.75,51411.5,51526.1,24887516
1775101500000,50645.2,50646.15,49954.85,50111.15,107598298
1775108700000,50115.85,50529.15,50030.85,50398.25,72959370
1775115900000,50398.4,51730.4,50392.4,51674.35,126155025
1775123100000,51674.3,51731.95,51487.45,51556.2,30639213
1775447100000,51782.75,51879.65,51111.1,51417.45,143035443
1775454300000,51418.6,52241.2,51400.7,52224.25,81098490
1775461500000,52224.2,52693.9,52158.45,52676.45,101967098
1775468700000,52675.4,52704.55,52555.95,52572.7,27057547
1775533500000,52281.7,52349.1,51868.45,51986.7,102579079
1775540700000,51986.6,52304.25,51962.35,52158.45,48415542
1775547900000,52162.15,52778.2,52162.15,52685.55,98213138
1775555100000,52684.75,52756.0,52660.55,52706.15,29387489
1775619900000,54921.05,55535.3,54797.5,55489.45,221643410
1775627100000,55488.15,55552.25,55266.3,55424.55,73761164
1775634300000,55426.75,55754.25,55393.95,55678.9,104233213
1775641500000,55678.55,55778.25,55660.95,55757.75,35649050
1775706300000,55538.35,55583.1,55078.85,55372.0,116655701
1775713500000,55369.45,55385.8,54937.65,54961.6,56175585
1775720700000,54959.45,54962.3,54626.85,54884.25,97646223
1775727900000,54881.65,54887.45,54790.3,54820.0,25588981
1775792700000,55208.75,55930.45,55145.25,55849.4,110642787
1775799900000,55848.35,55855.1,55682.1,55808.1,58147201
1775807100000,55807.45,55978.5,55649.95,55921.9,85524948
1775814300000,55923.4,55957.2,55900.1,55929.4,25012761
1776051900000,54698.25,55019.8,54356.2,54954.05,124341520
1776059100000,54953.2,55444.35,54882.55,55391.3,59977846
1776066300000,55394.85,55752.65,55365.0,55639.4,92951308
1776073500000,55640.6,55644.75,55540.75,55571.85,22915484
1776224700000,56389.6,56786.25,56139.9,56143.3,114137570
1776231900000,56143.65,56357.0,56109.2,56288.55,52167710
1776239100000,56291.6,56430.9,56210.05,56291.3,73351856
1776246300000,56297.35,56300.95,56223.6,56258.85,24140657
1776311100000,56689.35,56834.25,56443.65,56535.9,167527199
1776318300000,56536.4,56574.4,55898.25,55936.7,90182326
1776325500000,55939.2,56324.0,55912.25,56069.0,113945219
1776332700000,56068.6,56089.15,55998.55,56036.4,28438358
1776397500000,56100.85,56309.15,55841.65,56165.9,102957683
1776404700000,56167.8,56392.8,56165.6,56376.3,52766530
1776411900000,56379.2,56628.7,56328.75,56570.3,90379605
1776419100000,56569.4,56625.6,56541.55,56625.6,42989621
1776656700000,56708.35,57055.25,56356.55,56913.25,305815761
1776663900000,56917.55,57085.1,56692.4,56749.2,97567485
1776671100000,56750.25,56774.65,56505.75,56625.15,138733987
1776678300000,56625.05,56625.05,56491.9,56551.3,47059999
1776743100000,56825.0,57321.7,56696.3,57287.9,106118449
1776750300000,57284.3,57357.65,57160.05,57330.45,57420733
1776757500000,57332.4,57456.3,57271.7,57399.6,88712665
1776764700000,57394.8,57429.35,57311.65,57351.8,27687677
1776829500000,57182.15,57409.1,57002.15,57345.6,114387117
1776836700000,57346.1,57438.2,57263.5,57334.45,53367192
1776843900000,57333.35,57397.5,57103.35,57108.4,72089597
1776851100000,57111.15,57127.4,57078.45,57114.9,20469100
1776915900000,56632.05,56868.7,56491.25,56557.55,110016130
1776923100000,56561.75,56611.15,56241.4,56396.95,91086311
1776930300000,56397.4,56510.2,56217.15,56272.45,105289557
1776937500000,56264.25,56318.5,56248.7,56316.0,27519551
1777002300000,56159.45,56460.5,55850.2,55925.55,99096364
1777009500000,55922.6,56139.5,55880.45,55917.45,44591575
1777016700000,55917.4,56172.75,55750.4,56074.55,73885530
1777023900000,56071.0,56191.45,56064.0,56097.0,21036159
1777261500000,56222.25,56474.95,55968.4,56112.0,99605643
1777268700000,56113.35,56271.45,55911.1,56269.95,46659243
1777275900000,56272.7,56412.6,56222.85,56294.55,69357056
1777283100000,56294.7,56307.7,56241.0,56302.1,18014082
1777347900000,55864.75,56138.05,55851.8,55932.6,102671076
1777355100000,55934.4,55934.4,55589.6,55610.2,61919869
1777362300000,55609.45,55696.25,55364.9,55385.6,93786873
1777369500000,55386.65,55450.35,55263.75,55415.35,31379765
1777434300000,55645.25,55931.2,55332.2,55855.4,93014251
1777441500000,55863.3,56178.75,55856.1,56069.0,91791193
1777448700000,56071.6,56086.9,55391.65,55395.95,99377358
1777455900000,55393.55,55402.5,55290.5,55329.85,27719582
1777520700000,54896.0,54896.0,54440.25,54489.8,106134469
1777527900000,54489.85,54844.6,54464.85,54816.35,59523246
1777535100000,54814.05,55111.6,54724.6,54818.85,94750695
1777542300000,54823.25,55026.7,54809.5,55003.25,36463225
1777866300000,54929.6,55602.3,54929.6,55407.05,108087787
1777873500000,55407.6,55448.7,54897.45,54946.45,78255814
1777880700000,54945.85,55017.6,54723.5,54892.8,69983587
1777887900000,54896.8,54947.95,54854.95,54896.45,23731393
1777952700000,54703.2,54718.55,54333.65,54425.35,67748925
1777959900000,54423.45,54812.15,54221.65,54807.1,141373452
1777967100000,54813.3,54888.55,54501.1,54605.55,144552077
1777974300000,54602.2,54626.95,54521.55,54558.75,25243105
1778039100000,55128.5,55344.95,54944.4,54975.5,243223742
1778046300000,54967.2,55022.45,54587.2,54709.0,97946428
1778053500000,54703.5,56020.55,54703.0,55940.8,252996002
1778060700000,55940.45,56078.8,55933.1,56039.3,55450519
1778125500000,56121.8,56148.45,55822.65,55922.6,208148335
1778132700000,55922.65,56334.15,55783.2,56068.9,87699556
1778139900000,56068.05,56152.85,55921.45,55963.85,121936591
1778147100000,55964.35,56111.25,55959.7,56093.9,40863372
1778211900000,55796.55,55797.7,55507.45,55634.15,100057536
1778219100000,55633.25,55662.35,55368.5,55416.3,72205305
1778226300000,55420.8,55562.55,55062.5,55322.75,204354899
1778233500000,55323.35,55369.85,55256.15,55324.0,48502359
1778471100000,54829.85,54922.55,54365.6,54647.45,190687549
1778478300000,54646.75,55002.45,54643.45,54958.3,98879740
1778485500000,54960.55,54968.9,54360.7,54382.8,155521484
1778492700000,54382.05,54484.8,54379.5,54476.1,38736242
1778557500000,54179.0,54365.45,53853.1,53863.55,135912633
1778564700000,53861.15,53932.85,53628.95,53765.15,77962894
1778571900000,53764.6,53851.8,53457.5,53502.65,116330196
1778579100000,53505.05,53713.4,53503.0,53705.1,31931848
1778643900000,53692.55,53930.0,53194.25,53598.5,123031773
1778651100000,53596.1,54103.9,53564.6,53941.95,92326450
1778658300000,53945.1,53952.25,53404.75,53511.4,67522770
1778665500000,53508.45,53512.45,53385.45,53475.8,20268644
1778730300000,53677.55,53968.65,53191.6,53386.4,99894803
1778737500000,53389.1,54393.75,53386.05,54302.9,110344615
1778744700000,54306.5,54391.55,54025.4,54078.3,79228264
1778751900000,54082.25,54247.05,54044.35,54217.7,21135089
1778816700000,54237.95,54325.45,53773.5,54027.55,107048468
1778823900000,54027.85,54265.6,53872.05,54246.15,77466685
1778831100000,54248.8,54319.5,53678.65,53712.35,102391785
1778838300000,53712.45,53802.5,53628.3,53782.3,27079722
1779075900000,53308.4,53308.4,52783.45,53082.8,108524573
1779083100000,53082.15,53585.15,52956.7,53440.2,84592938
1779090300000,53437.25,53667.55,53358.05,53509.2,93771060
1779097500000,53507.8,53546.5,53440.6,53527.55,23393424
1779162300000,53607.7,53770.65,53366.0,53523.75,100576943
1779169500000,53526.45,53682.55,53469.1,53583.5,57555992
1779176700000,53583.65,53683.9,53337.05,53430.2,84975572
1779183900000,53427.9,53455.8,53367.15,53421.25,23245350
1779248700000,53016.05,53254.65,52836.1,53196.75,78304599
1779255900000,53194.9,53410.65,53163.6,53210.7,45713079
1779263100000,53211.1,53640.9,53069.25,53594.55,74089868
1779270300000,53594.25,53621.7,53548.55,53576.45,21851294
1779335100000,53964.55,54109.15,53654.85,53664.1,72308752
1779342300000,53668.6,53765.1,53156.15,53290.2,94613479
1779349500000,53288.75,53534.9,53239.95,53408.55,91479833
1779356700000,53408.05,53480.65,53370.95,53480.65,25802902
1779421500000,53600.15,54100.1,53483.55,53982.45,80519178
1779428700000,53976.2,54213.05,53910.85,54163.4,51800595
1779435900000,54163.5,54196.55,53880.55,54064.05,75440320
1779443100000,54066.7,54193.0,54061.5,54152.2,20956378
1779680700000,54621.55,55093.75,54590.7,55084.65,111006386
1779687900000,55084.45,55122.15,54908.65,55020.35,45048759
1779695100000,55019.2,55312.5,54944.05,55295.85,75748380
1779702300000,55301.5,55405.2,55266.95,55390.3,28838839
1779767100000,55377.7,55536.8,55190.25,55401.5,96383354
1779774300000,55397.4,55411.05,55018.2,55076.4,62108567
1779781500000,55074.95,55169.65,54979.75,55098.7,132387987
1779788700000,55098.45,55204.95,55082.1,55180.6,28621056
1779853500000,54999.6,55221.7,54852.7,55066.35,89802465
1779860700000,55071.35,55152.2,54907.6,54922.75,62626587
1779867900000,54920.0,54941.25,54738.6,54846.15,82959656
1779875100000,54842.7,54915.45,54833.8,54871.7,29364985
1780026300000,54863.8,55184.45,54761.6,54998.45,167951144
1780033500000,54997.4,55162.85,54591.05,54592.05,97597471
1780040700000,54588.65,54693.45,54151.3,54198.3,450257390
1780047900000,54191.75,54389.7,54116.15,54364.6,321866896
1780285500000,54454.25,54582.75,53841.55,54154.15,128214830
1780292700000,54155.05,54234.55,53644.45,53659.2,55920824
1780299900000,53659.35,53797.35,53470.0,53665.55,96076963
1780307100000,53665.25,53693.15,53591.65,53658.9,40677846
1780371900000,53384.5,53511.35,53121.85,53317.35,143145662
1780379100000,53313.75,53906.0,53135.8,53820.85,112508317
1780386300000,53823.6,53933.55,53587.7,53749.75,115420280
1780393500000,53752.85,53823.55,53737.85,53813.6,33022104
1780458300000,53638.85,53638.85,53070.05,53090.5,90028525
1780465500000,53091.8,53733.45,53027.15,53606.65,89522402
1780472700000,53623.95,54299.35,53622.4,54149.55,126669122
1780479900000,54156.6,54271.2,54150.75,54247.05,31195518
1780544700000,53977.5,54396.4,53829.4,54257.4,96298856
1780551900000,54254.6,54356.55,54032.15,54045.05,66632351
1780559100000,54050.75,54461.0,53995.2,54308.75,84428002
1780566300000,54306.95,54360.95,54276.45,54330.6,24001192
1780631100000,54393.0,54865.5,54171.6,54701.8,144143014
1780638300000,54702.45,54767.25,54345.85,54364.85,78275413
1780645500000,54367.25,54576.9,54140.6,54496.5,106978647
1780652700000,54495.65,54564.9,54467.25,54519.7,38108952
1780890300000,53874.7,54455.2,53843.3,54147.15,139188456
1780897500000,54150.3,54421.85,54017.65,54285.15,55925498
1780904700000,54290.45,54293.85,54020.1,54107.25,78903137
1780911900000,54107.45,54117.55,53949.9,54007.35,22343483
1780976700000,54279.3,54799.95,54242.3,54630.75,145497379
1780983900000,54629.3,55081.3,54502.95,55066.8,106905556
1780991100000,55067.8,55318.35,54998.35,55209.1,121853822
1780998300000,55207.95,55270.15,55148.4,55249.15,33002973
1781063100000,55193.7,55484.95,55086.85,55386.85,120717177
1781070300000,55385.65,55555.85,55283.85,55506.55,78811573
1781077500000,55508.45,55527.75,55052.35,55053.75,107929896
1781084700000,55059.1,55126.35,55026.15,55108.85,33285269
1781149500000,54795.3,55311.85,54753.15,55136.2,122889082
1781156700000,55135.75,55600.15,55130.3,55357.65,77071183
1781163900000,55358.1,55401.1,55097.6,55193.9,107904056
1781171100000,55191.05,55244.15,55159.35,55214.65,30259712
1781235900000,55885.25,56016.8,55726.55,55960.8,102505084
1781243100000,55964.05,55987.05,55813.1,55923.8,54076735
1781250300000,55925.65,56867.1,55910.35,56829.35,125680151
1781257500000,56828.65,56839.4,56758.0,56805.5,44377709
