datetime,open,high,low,close,volume
1193888700000,9200.1,9200.1,9200.1,9200.1,100
1196048700000,9696.05,9696.05,9696.05,9696.05,50
1196059500000,8697.95,8697.95,8697.95,8697.95,50
1196135100000,9548.9,9548.9,9548.9,9548.9,50
1196394300000,9450.0,9450.0,9450.0,9450.0,100
1196653500000,9693.9,9693.9,9693.9,9693.9,100
1196664300000,9550.0,9550.0,9550.0,9550.0,50
1196739900000,9480.0,9480.0,9480.0,9480.0,50
1196837100000,9650.0,9650.0,9650.0,9650.0,50
1196912700000,9800.0,9800.0,9800.0,9800.0,50
1196923500000,9700.0,9825.0,9700.0,9705.0,500
1196999100000,9850.0,9850.0,9750.0,9780.0,200
1197009900000,9820.0,9849.0,9820.0,9849.0,200
1197269100000,9850.0,9950.0,9850.0,9909.0,200
1197344700000,10050.0,10050.0,10050.0,10050.0,50
1197355500000,10151.95,10151.95,10095.0,10095.0,150
1197517500000,10200.0,10301.0,10200.0,10301.0,150
1197528300000,10100.0,10100.0,10000.55,10000.55,450
1197863100000,9765.0,9765.0,9721.0,9751.0,300
1197873900000,9845.0,9845.0,9470.0,9470.0,850
1197884700000,9551.0,9600.0,9551.0,9599.0,200
1197949500000,9400.0,9600.0,9400.0,9439.0,750
1197960300000,9451.0,9451.0,9380.0,9380.0,350
1197971100000,9452.0,9475.0,9450.0,9475.0,150
1198035900000,9600.0,9600.0,9445.0,9445.0,1550
1198046700000,9400.0,9448.0,9250.0,9370.0,2150
1198057500000,9380.0,9450.0,9380.0,9450.0,450
1198122300000,9350.0,9425.0,9300.0,9410.0,21050
1198133100000,9441.0,9441.0,9325.0,9365.0,4550
1198143900000,9350.0,9370.0,9330.0,9350.0,1050
1198467900000,9515.0,9568.0,9491.0,9562.5,24450
1198478700000,9562.5,9670.0,9562.5,9670.0,4500
1198489500000,9670.0,9675.0,9651.1,9673.0,250
1198640700000,9700.0,9839.0,9691.0,9817.55,35100
1198651500000,9811.1,9873.0,9790.0,9859.0,8000
1198662300000,9855.0,9875.0,9850.0,9870.0,950
1198727100000,9850.0,9930.0,9850.0,9860.0,17200
1198737900000,9862.0,9909.0,9840.0,9870.0,9400
1198748700000,9890.0,9909.0,9890.0,9900.0,5600
1198813500000,9795.0,9897.0,9750.0,9885.0,31275
1198824300000,9889.0,9929.95,9820.0,9917.95,30400
1198835100000,9915.8,9930.0,9905.25,9929.0,3175
1199072700000,9950.0,9984.0,9878.05,9915.0,21025
1199083500000,9910.0,9965.0,9906.1,9958.0,12275
1199094300000,9958.0,9963.0,9931.25,9959.0,5200
1199159100000,9959.0,9970.0,9895.0,9964.0,11525
1199169900000,9964.0,10010.0,9900.0,9999.0,40400
1199180700000,10000.8,10053.0,10000.8,10030.0,16050
1199245500000,10069.0,10095.0,9935.0,10071.15,81500
1199256300000,10089.0,10450.0,10083.0,10367.0,220675
1199267100000,10350.05,10380.0,10330.5,10380.0,21950
1199331900000,10303.3,10350.0,10242.0,10263.0,62825
1199342700000,10251.55,10269.9,10161.0,10190.0,50650
1199353500000,10200.0,10230.0,10192.5,10225.0,6125
1199418300000,10260.0,10300.0,10201.65,10247.0,39725
1199429100000,10242.5,10363.0,10235.0,10291.0,87700
1199439900000,10280.0,10285.0,10250.0,10270.0,11950
1199677500000,10151.0,10534.0,10031.0,10445.1,142675
1199688300000,10436.0,10515.0,10401.2,10439.0,79650
1199699100000,10442.0,10450.0,10435.0,10449.0,3575
1199763900000,10549.0,10578.0,10380.0,10431.45,105175
1199774700000,10431.0,10457.4,10260.3,10360.0,124600
1199785500000,10346.0,10404.0,10346.0,10352.0,15500
1199850300000,10324.0,10400.0,10265.0,10350.0,45825
1199861100000,10375.0,10540.0,10310.7,10330.0,94300
1199871900000,10330.0,10375.0,10321.0,10335.0,5725
1199936700000,10450.0,10650.0,10450.0,10527.0,84025
1199947500000,10527.0,10600.2,10282.0,10313.0,98750
1199958300000,10300.0,10319.0,10275.0,10300.0,11775
1200023100000,10377.0,10528.5,10360.0,10485.15,97900
1200033900000,10470.0,10580.0,10365.0,10565.0,90200
1200044700000,10565.0,10668.8,10563.0,10668.8,19000
1200282300000,10550.0,10790.0,10550.0,10702.0,140700
1200293100000,10702.5,10804.9,10649.9,10759.9,133800
1200303900000,10755.0,10755.0,10710.0,10711.0,13900
1200368700000,10745.0,10799.0,10547.9,10565.0,73950
1200379500000,10570.0,10640.0,10505.6,10510.0,105425
1200390300000,10501.5,10550.0,10495.2,10530.0,10275
1200455100000,10400.0,10429.95,10251.0,10380.0,92700
1200465900000,10370.0,10410.0,10099.95,10380.15,156125
1200476700000,10381.0,10502.0,10381.0,10480.0,35450
1200541500000,10380.0,10479.0,10200.0,10400.0,61400
1200552300000,10400.0,10524.9,10330.0,10335.0,72775
1200563100000,10333.0,10367.0,10310.0,10340.0,24300
1200627900000,10210.0,10278.0,10120.0,10275.0,71375
1200638700000,10294.75,10294.75,9723.0,9731.05,139375
1200649500000,9750.0,9850.0,9740.0,9835.0,9600
1200887100000,9821.0,9821.0,9388.4,9460.0,37375
1200897900000,9462.0,9509.0,8356.0,9050.0,70750
1200908700000,9050.0,9114.0,9005.05,9096.0,2225
1200973500000,8500.0,8799.0,7641.0,7699.95,28500
1200984300000,7880.0,8750.0,7641.0,8600.0,38425
1200995100000,8556.0,8673.9,8550.0,8625.0,6825
1201059900000,9005.0,9239.0,8851.2,9120.0,47050
1201070700000,9125.0,9461.3,9100.0,9136.0,21000
1201081500000,9139.45,9390.0,9135.0,9390.0,2975
1201146300000,9420.0,9618.0,9335.0,9401.2,30400
1201157100000,9400.0,9400.0,8949.95,9125.0,44200
1201167900000,9125.0,9147.95,9099.95,9147.0,4000
1201232700000,9610.0,9780.0,9330.0,9760.0,43800
1201243500000,9749.0,9830.0,9701.0,9798.75,34725
1201254300000,9781.35,9810.0,9750.0,9760.0,7175
1201491900000,9450.0,9519.0,9310.0,9395.0,35350
1201502700000,9395.0,9930.0,9390.0,9904.8,73925
1201513500000,9890.0,9937.0,9882.25,9890.0,6325
1201578300000,9996.0,10075.0,9470.0,9577.0,100650
1201589100000,9571.0,9710.0,9473.0,9590.0,67475
1201599900000,9575.5,9580.0,9525.0,9579.9,8725
1201664700000,9599.0,9625.0,9380.0,9426.0,43650
1201675500000,9405.05,9445.0,9265.0,9370.0,54975
1201686300000,9380.0,9390.05,9300.0,9380.0,9325
1201751100000,9401.5,9408.85,9125.0,9400.0,58450
1201761900000,9400.0,9500.0,9130.0,9231.0,32025
1201772700000,9249.9,9269.0,9222.0,9222.0,6675
1201837500000,9200.1,9390.0,8970.6,9012.45,31875
1201848300000,9030.0,9361.0,9022.05,9361.0,46975
1201859100000,9369.0,9414.0,9369.0,9390.0,4425
1202096700000,9444.0,9689.0,9444.0,9662.0,26400
1202107500000,9676.8,9764.0,9450.0,9575.0,39500
1202118300000,9585.0,9620.0,9585.0,9592.2,5725
1202183100000,9545.0,9554.8,9425.5,9448.0,17025
1202193900000,9455.0,9530.0,9405.0,9470.0,23450
1202204700000,9469.85,9469.85,9430.05,9459.0,3975
1202269500000,9161.0,9279.0,9100.0,9160.1,35000
1202280300000,9165.0,9270.0,9109.0,9170.0,28500
1202291100000,9185.0,9200.0,9171.0,9190.0,1975
1202355900000,9200.0,9290.0,9153.2,9273.0,26200
1202366700000,9270.0,9299.0,8923.0,8938.0,48050
1202377500000,8957.95,8964.0,8866.0,8890.0,6875
1202442300000,8900.0,8900.0,8900.0,8900.0,25
1202453100000,8784.0,8988.55,8715.0,8988.55,725
1202701500000,8705.0,8705.0,8440.0,8440.0,75
1202712300000,8488.0,8610.0,8300.0,8580.0,225
1202787900000,8590.0,8640.0,8590.0,8640.0,150
1202798700000,8650.0,8650.0,8605.0,8605.0,50
1202874300000,8868.0,8870.0,8770.0,8770.0,300
1202885100000,8695.0,8750.0,8675.0,8750.0,100
1202960700000,9100.0,9150.0,9060.0,9135.0,150
1202982300000,9180.0,9180.0,9180.0,9180.0,50
1203047100000,9050.0,9155.0,9050.0,9155.0,50
1203057900000,9160.0,9449.0,9160.0,9449.0,325
1203068700000,9400.0,9400.0,9400.0,9400.0,25
1203306300000,9410.25,9410.25,9410.25,9410.25,25
1203317100000,9570.0,9570.0,9401.0,9450.0,225
1203327900000,9452.0,9452.0,9452.0,9452.0,25
1203403500000,9500.0,9500.0,9500.0,9500.0,25
1203414300000,9478.0,9478.0,9478.0,9478.0,25
1203479100000,9350.0,9350.0,9175.0,9175.0,75
1203489900000,9135.0,9199.0,9100.0,9121.0,450
1203500700000,9170.0,9170.0,9170.0,9170.0,50
1203565500000,9240.0,9300.0,9100.1,9100.1,475
1203576300000,9100.0,9100.0,8800.0,9010.0,2350
1203587100000,9025.0,9025.0,8981.0,8981.0,75
1203651900000,8810.0,8859.0,8750.0,8789.5,975
1203662700000,8799.0,8810.0,8730.0,8730.0,1400
1203673500000,8750.0,8799.5,8690.0,8700.0,1800
1203911100000,8660.0,8660.0,8470.0,8540.1,2075
1203921900000,8550.0,8725.0,8501.0,8719.9,4975
1203932700000,8700.0,8730.0,8680.0,8720.0,675
1203997500000,8772.0,8847.9,8770.0,8800.0,3075
1204008300000,8771.0,8837.9,8730.0,8815.0,20450
1204019100000,8829.9,8829.9,8760.0,8760.0,850
1204083900000,8890.0,8948.85,8870.0,8904.0,18900
1204094700000,8895.0,8925.0,8743.0,8748.0,7575
1204105500000,8759.0,8760.0,8701.0,8730.0,1200
1204170300000,8775.0,8775.0,8580.0,8640.0,37175
1204181100000,8639.8,8645.0,8515.1,8596.0,41350
1204191900000,8597.0,8633.0,8597.0,8600.0,10750
1204256700000,8510.0,8570.0,8250.0,8401.0,120275
1204267500000,8401.4,8750.0,8300.0,8680.0,159550
1204278300000,8680.0,8685.0,8588.0,8600.0,28675
1204515900000,8500.0,8500.0,8180.0,8185.0,79975
1204526700000,8176.0,8200.0,7986.05,7999.0,63525
1204537500000,8000.0,8034.0,7981.0,7985.0,7225
1204602300000,8070.0,8090.0,7891.15,7929.95,60275
1204613100000,8065.0,8065.0,7566.2,7748.0,106250
1204623900000,7750.0,7750.0,7675.0,7705.0,4775
1204688700000,7667.05,7675.0,7525.0,7540.0,52375
1204699500000,7667.05,7760.0,7535.1,7620.0,139900
1204710300000,7620.0,7630.0,7590.05,7604.0,4650
1204861500000,7450.25,7450.25,7168.0,7222.0,104300
1204872300000,7450.25,7450.25,7055.0,7148.0,114825
1204883100000,7163.0,7200.0,7142.0,7196.0,4875
1205120700000,7006.0,7138.0,6957.0,7000.0,66075
1205131500000,7006.0,7398.0,7002.05,7325.05,211150
1205142300000,7330.0,7343.95,7295.0,7295.0,6600
1205207100000,7160.0,7415.0,7150.0,7367.4,164525
1205217900000,7160.0,7500.0,7160.0,7384.75,126950
1205228700000,7385.0,7420.0,7378.5,7395.0,13750
1205293500000,7546.0,7701.1,7520.0,7575.0,125325
1205304300000,7550.0,7590.0,7465.0,7490.0,111800
1205315100000,7480.0,7495.0,7465.0,7495.0,8775
1205379900000,7200.0,7200.0,7050.2,7055.0,91925
1205390700000,7200.0,7200.0,6850.0,6870.0,96700
1205401500000,6870.0,6870.0,6825.05,6842.55,5700
1205466300000,6910.0,6910.0,6910.0,6910.0,25
1205477100000,7150.0,7235.0,7010.0,7050.0,275
1205725500000,7000.0,7000.0,6715.15,6800.0,325
1205736300000,6800.0,6800.0,6631.0,6631.0,900
1205747100000,6615.0,6715.0,6579.5,6640.0,525
1205811900000,6600.0,6600.0,6400.0,6400.0,1150
1205822700000,6600.0,6669.0,6400.0,6600.1,900
1205833500000,6581.1,6616.9,6581.1,6600.0,175
1205898300000,6770.0,6830.0,6650.0,6687.0,4450
1205909100000,6675.0,6690.0,6423.0,6460.0,1550
1205919900000,6476.0,6550.0,6476.0,6502.0,550
1206330300000,6510.0,6786.0,6500.0,6550.0,1550
1206341100000,6575.0,6660.0,6540.05,6637.0,16125
1206351900000,6637.0,6707.0,6636.25,6700.0,550
1206416700000,6701.0,7096.0,6701.0,7085.0,17025
1206427500000,7100.0,7218.45,7082.0,7150.0,11200
1206438300000,7164.95,7235.0,7164.95,7206.05,2550
1206503100000,7310.0,7310.0,7140.0,7210.0,28800
1206513900000,7225.0,7244.0,7110.0,7171.25,18150
1206524700000,7160.0,7168.0,7130.0,7136.0,2175
1206589500000,7100.0,7140.0,7016.0,7050.0,24075
1206600300000,7055.0,7165.0,6990.0,7033.0,31750
1206611100000,7025.0,7043.0,7000.0,7030.0,8225
1206675900000,7099.0,7099.0,6761.0,6800.0,243525
1206686700000,6802.0,7060.0,6783.0,7060.0,137825
1206697500000,7065.0,7105.0,7050.0,7070.0,30800
1206935100000,6901.0,6925.0,6720.15,6750.1,73175
1206945900000,6744.0,6744.0,6605.25,6641.0,67550
1206956700000,6640.0,6645.0,6606.0,6606.0,8700
1207021500000,6700.0,6715.0,6467.0,6495.0,35650
1207032300000,6478.0,6745.0,6470.0,6646.05,59175
1207043100000,6640.0,6669.9,6618.05,6660.0,4925
1207107900000,6845.0,6979.0,6821.0,6843.0,80700
1207118700000,6843.0,6885.0,6789.95,6809.95,47275
1207129500000,6805.0,6805.0,6750.05,6800.0,10450
1207194300000,6800.0,6849.75,6740.0,6832.8,36925
1207205100000,6848.0,6856.9,6705.25,6784.0,29675
1207215900000,6785.0,6785.0,6759.95,6765.0,2650
1207280700000,6800.0,6800.0,6582.0,6584.0,103625
1207291500000,6586.0,6611.0,6510.0,6546.0,55250
1207302300000,6549.0,6569.0,6543.0,6553.15,8950
1207539900000,6575.0,6714.0,6547.0,6710.0,49050
1207550700000,6714.0,6867.0,6714.0,6832.95,69050
1207561500000,6836.0,6860.0,6833.4,6850.1,6825
1207626300000,6880.0,6958.9,6735.0,6890.0,87075
1207637100000,6890.0,6904.0,6813.0,6852.05,51000
1207647900000,6858.0,6879.9,6846.0,6850.0,7600
1207712700000,6840.0,6955.0,6802.0,6910.0,49000
1207723500000,6910.0,7060.0,6855.25,7060.0,62125
1207734300000,7060.0,7090.0,7052.5,7085.0,9625
1207799100000,7080.0,7090.0,6967.05,7020.0,51025
1207809900000,7030.0,7050.0,6864.0,6864.0,67225
1207820700000,6863.0,6886.0,6859.0,6870.0,10575
1207885500000,6929.0,6955.0,6846.0,6890.0,97650
1207896300000,6890.0,6940.05,6815.25,6835.0,42600
1207907100000,6844.0,6859.8,6840.0,6840.0,4775
1208231100000,6762.0,6825.0,6695.0,6825.0,27225
1208241900000,6820.0,6980.0,6820.0,6920.0,47250
1208252700000,6917.95,6955.0,6915.05,6955.0,4200
1208317500000,6970.0,7050.0,6945.2,7020.0,39000
1208328300000,7008.05,7015.0,6919.0,6950.0,25050
1208339100000,6941.0,6958.0,6924.0,6950.0,3775
1208403900000,7045.0,7224.2,7030.2,7156.0,128150
1208414700000,7156.05,7207.0,7121.0,7166.0,38275
1208425500000,7165.15,7174.0,7143.0,7174.0,9750
1208749500000,7145.0,7275.0,7125.0,7231.2,59725
1208760300000,7230.0,7445.0,7196.0,7420.0,89600
1208771100000,7424.0,7449.45,7415.2,7440.0,9500
1208835900000,7400.0,7487.0,7362.0,7469.0,64450
1208846700000,7464.65,7515.0,7450.1,7488.0,38975
1208857500000,7480.1,7500.0,7480.0,7486.0,6250
1208922300000,7500.0,7510.0,7282.0,7342.0,72325
1208933100000,7340.0,7398.0,7330.0,7378.0,27800
1208943900000,7371.0,7390.0,7370.0,7375.0,6125
1209008700000,7405.5,7411.5,7351.0,7405.0,37125
1209019500000,7405.5,7442.0,7352.0,7380.5,36425
1209030300000,7390.95,7398.95,7382.0,7393.9,3700
1209095100000,7474.0,7520.0,7427.1,7510.5,60075
1209105900000,7513.5,7659.0,7461.2,7615.0,71975
1209116700000,7619.45,7634.0,7610.0,7630.0,10800
1209354300000,7675.0,7720.0,7559.0,7590.0,48225
1209365100000,7584.55,7620.0,7551.3,7575.25,33600
1209375900000,7572.25,7600.0,7565.05,7585.0,4475
1209440700000,7595.0,7794.0,7566.65,7786.0,162700
1209451500000,7780.1,7830.0,7721.0,7757.05,82300
1209462300000,7750.0,7770.0,7740.0,7770.0,7650
1209527100000,7825.0,7825.0,7675.05,7680.0,49450
1209537900000,7684.0,7700.0,7590.0,7660.0,69500
1209548700000,7665.0,7667.0,7632.0,7667.0,10600
1209699900000,7809.0,7895.0,7790.0,7890.0,113050
1209710700000,7882.5,7895.0,7821.3,7894.0,84425
1209721500000,7900.0,7910.0,7886.15,7900.0,28250
1209959100000,7928.0,8005.0,7844.95,7973.05,93575
1209969900000,7984.8,7992.9,7845.5,7865.0,57075
1209980700000,7869.9,7900.0,7869.9,7882.0,8950
1210045500000,7860.0,7887.0,7820.0,7820.0,38925
1210056300000,7820.0,7875.0,7773.5,7829.5,53950
1210067100000,7828.45,7850.0,7822.05,7850.0,5250
1210131900000,7840.0,7840.0,7711.5,7753.0,86400
1210142700000,7753.0,7780.0,7660.0,7747.0,68375
1210153500000,7750.0,7774.0,7746.0,7774.0,4250
1210218300000,7665.0,7668.0,7545.0,7545.0,97600
1210229100000,7545.0,7570.0,7510.5,7525.0,61700
1210239900000,7520.0,7520.0,7498.0,7505.0,20675
1210304700000,7500.0,7530.0,7441.0,7518.0,88475
1210315500000,7517.0,7522.0,7284.0,7298.5,97850
1210326300000,7296.0,7296.0,7250.0,7250.0,14650
1210563900000,7225.25,7323.9,7138.95,7218.0,87525
1210574700000,7210.0,7324.9,7189.0,7316.5,99325
1210585500000,7316.5,7345.0,7300.0,7300.0,12575
1210650300000,7370.0,7449.9,7370.0,7448.0,43850
1210661100000,7435.5,7454.0,7310.0,7320.2,55500
1210671900000,7328.0,7330.0,7270.0,7275.0,26400
1210736700000,7221.0,7341.0,7221.0,7269.9,35950
1210747500000,7269.0,7340.0,7245.85,7285.0,45900
1210758300000,7290.0,7314.95,7284.0,7308.0,6750
1210823100000,7369.85,7465.0,7345.0,7415.0,74625
1210833900000,7415.0,7500.0,7390.35,7492.0,41875
1210844700000,7492.0,7506.95,7477.0,7485.0,8925
1210909500000,7545.0,7613.8,7526.0,7579.85,119725
1210920300000,7579.85,7630.0,7530.0,7630.0,66825
1210931100000,7630.0,7634.0,7593.2,7600.0,10800
1211255100000,7580.0,7580.0,7458.0,7459.9,51750
1211265900000,7460.0,7460.0,7375.0,7440.0,62650
1211276700000,7440.0,7445.0,7424.0,7442.1,7675
1211341500000,7352.0,7380.0,7282.0,7327.8,66225
1211352300000,7328.0,7402.9,7328.0,7372.0,53850
1211363100000,7360.05,7379.0,7360.05,7379.0,10625
1211427900000,7275.05,7275.05,7135.0,7183.0,79575
1211438700000,7179.9,7185.0,7102.0,7115.0,53175
1211449500000,7115.0,7140.0,7110.0,7130.0,8775
1211514300000,7180.0,7183.0,7111.0,7129.0,74800
1211525100000,7129.0,7142.05,6953.05,6980.0,77250
1211535900000,6975.0,6989.85,6965.6,6980.0,12500
1211773500000,6905.0,6905.0,6813.0,6813.0,61375
1211784300000,6813.95,6825.0,6720.0,6725.05,54775
1211795100000,6720.0,6750.0,6712.5,6740.0,5025
1211859900000,6802.0,6808.0,6655.0,6690.0,42425
1211870700000,6690.0,6697.0,6521.5,6550.1,75325
1211881500000,6554.8,6572.0,6545.05,6572.0,5875
1211946300000,6580.0,6645.0,6525.05,6618.0,46475
1211957100000,6620.05,6779.0,6571.95,6769.7,102375
1211967900000,6769.75,6822.0,6760.0,6805.0,17175
1212032700000,6820.0,6831.0,6711.1,6714.0,55300
1212043500000,6716.0,6716.0,6552.15,6572.0,56575
1212054300000,6572.0,6587.0,6571.5,6575.05,16875
1212119100000,6600.0,6635.0,6511.0,6525.0,54975
1212129900000,6529.45,6570.0,6480.0,6535.0,48075
1212140700000,6544.75,6544.75,6521.3,6525.0,7500
1212378300000,6550.0,6661.0,6521.55,6562.8,85650
1212389100000,6570.0,6570.0,6330.0,6334.0,67225
1212399900000,6334.0,6334.0,6290.0,6310.0,14750
1212464700000,6185.0,6290.0,6185.0,6244.0,95000
1212475500000,6246.85,6339.0,6195.0,6288.5,75500
1212486300000,6297.9,6308.9,6290.0,6298.0,6675
1212551100000,6288.0,6343.0,6250.0,6294.0,27675
1212561900000,6299.8,6340.0,6054.0,6106.95,116500
1212572700000,6107.0,6109.0,6065.25,6100.0,11200
1212637500000,6060.0,6134.0,6040.0,6063.5,63800
1212648300000,6063.5,6235.0,5955.0,6230.0,135925
1212659100000,6230.0,6235.0,6171.0,6218.0,11600
1212723900000,6250.0,6278.0,6150.0,6175.0,64625
1212734700000,6179.0,6280.0,6115.6,6120.0,74100
1212745500000,6115.0,6122.0,6087.05,6105.0,10875
1212983100000,5931.0,5960.0,5788.0,5857.0,64300
1212993900000,5856.1,5964.9,5851.1,5915.0,71975
1213004700000,5910.2,5929.0,5891.0,5929.0,8025
1213069500000,5870.0,5925.0,5800.0,5800.0,85850
1213080300000,5800.0,5812.0,5651.15,5812.0,103350
1213091100000,5812.0,5825.0,5792.25,5825.0,14050
1213155900000,5889.0,5972.8,5842.05,5927.0,95725
1213166700000,5922.0,5955.0,5880.0,5915.55,38300
1213177500000,5920.0,5950.1,5920.0,5949.0,6275
1213242300000,5730.1,5749.0,5696.0,5745.0,55650
1213253100000,5745.0,6039.9,5744.0,6005.0,199775
1213263900000,6008.8,6010.0,5965.5,5978.95,17475
1213328700000,6085.0,6085.0,5952.0,5975.0,131950
1213339500000,5976.05,6029.0,5915.0,5954.0,92725
1213350300000,5956.15,5965.0,5940.0,5950.0,18275
1213587900000,6006.55,6144.0,6006.55,6110.0,72075
1213598700000,6110.0,6145.0,6085.0,6130.0,93225
1213609500000,6126.05,6135.0,6110.1,6111.0,6525
1213674300000,6138.0,6335.0,6110.0,6315.0,159975
1213685100000,6315.0,6414.0,6301.05,6395.0,137925
1213695900000,6388.0,6405.0,6385.0,6395.0,21275
1213760700000,6444.0,6444.0,6302.35,6360.0,94125
1213771500000,6365.0,6365.0,6157.0,6175.0,133425
1213782300000,6180.8,6185.0,6160.0,6178.0,10125
1213847100000,6115.55,6115.55,5925.25,5931.1,115925
1213857900000,5930.0,5947.0,5891.0,5935.0,53850
1213868700000,5939.9,5939.9,5913.1,5929.0,13975
1213933500000,5976.0,5976.0,5682.5,5723.0,153775
1213944300000,5723.0,5772.0,5683.05,5718.0,116825
1213955100000,5723.9,5745.0,5712.5,5740.0,15125
1214192700000,5701.1,5734.0,5542.0,5611.0,91750
1214203500000,5601.0,5720.0,5555.0,5590.0,105350
1214214300000,5589.0,5608.9,5582.0,5593.15,5350
1214279100000,5599.0,5686.0,5599.0,5639.1,58925
1214289900000,5638.5,5639.75,5465.1,5476.0,79550
1214300700000,5480.0,5484.95,5411.0,5414.7,9925
1214365500000,5250.0,5511.0,5250.0,5483.9,92200
1214376300000,5475.0,5498.8,5410.0,5486.0,51000
1214387100000,5485.0,5495.0,5450.0,5450.0,12375
1214451900000,5520.0,5592.0,5442.0,5450.0,74650
1214462700000,5445.6,5514.0,5411.0,5501.5,50625
1214473500000,5502.05,5514.95,5500.0,5510.65,13100
1214538300000,5288.0,5288.0,5134.0,5182.15,87050
1214549100000,5200.0,5245.0,5102.4,5135.0,116000
1214559900000,5135.0,5140.0,5103.5,5120.0,15225
1214797500000,5116.0,5127.0,4985.0,4992.05,88425
1214808300000,4992.1,5027.0,4908.0,4925.0,106425
1214819100000,4925.0,4930.0,4912.0,4919.0,8725
1214883900000,4950.0,5015.0,4844.0,4868.0,168875
1214894700000,4867.0,4888.0,4675.0,4688.0,123975
1214905500000,4684.0,4688.0,4635.5,4642.0,25225
1214970300000,4699.0,4800.0,4530.0,4795.0,161775
1214981100000,4793.0,5000.0,4735.0,4970.0,196575
1214991900000,4972.0,5020.0,4961.25,5020.0,30475
1215056700000,4950.0,4950.0,4717.0,4717.0,147975
1215067500000,4725.0,4940.0,4656.0,4800.0,206950
1215078300000,4799.5,4810.0,4745.1,4770.0,32600
1215143100000,4833.3,4919.0,4745.0,4798.9,146150
1215153900000,4798.0,5020.0,4792.5,4981.0,184600
1215164700000,4980.0,4990.0,4900.1,4950.0,24350
1215402300000,5000.0,5199.0,4980.0,5115.75,167425
1215413100000,5115.0,5145.0,5000.0,5000.0,90625
1215423900000,5014.0,5033.95,4990.0,4990.0,12525
1215488700000,4880.0,4880.0,4785.0,4879.9,83850
1215499500000,4880.0,5125.0,4880.0,5048.0,147475
1215510300000,5045.0,5059.8,5031.55,5059.8,16375
1215575100000,5219.0,5349.0,5219.0,5276.0,133500
1215585900000,5276.5,5352.0,5235.5,5299.0,112625
1215596700000,5307.0,5320.0,5302.0,5315.0,17050
1215661500000,5270.0,5334.0,5227.95,5227.95,103850
1215672300000,5228.0,5355.0,5190.0,5340.0,144975
1215683100000,5340.0,5347.0,5295.0,5320.0,27650
1215747900000,5380.0,5385.0,5250.0,5300.0,92200
1215758700000,5300.0,5324.0,5134.0,5223.5,183625
1215769500000,5223.0,5226.15,5202.0,5215.0,14825
1216007100000,5185.0,5245.0,5056.0,5216.0,112175
1216017900000,5220.0,5323.0,5170.0,5197.0,119400
1216028700000,5190.55,5220.0,5183.05,5220.0,11600
1216093500000,5050.0,5070.0,4842.2,4856.95,124725
1216104300000,4854.0,4859.0,4802.2,4840.0,137575
1216115100000,4842.0,4844.0,4760.4,4769.0,27725
1216179900000,4832.0,4919.95,4775.1,4840.0,131875
1216190700000,4840.0,4885.0,4659.0,4711.0,107225
1216201500000,4715.0,4750.0,4695.0,4750.0,13200
1216266300000,4895.0,4980.0,4860.0,4919.95,113400
1216277100000,4919.95,5012.0,4911.0,5000.0,139125
1216287900000,5001.0,5030.0,4997.15,5021.0,41025
1216352700000,5055.0,5235.0,5055.0,5226.55,216775
1216363500000,5229.95,5398.0,5195.2,5394.0,288925
1216374300000,5397.0,5397.0,5345.0,5345.0,25925
1216611900000,5450.0,5555.0,5390.0,5547.1,207100
1216622700000,5546.0,5604.0,5457.0,5587.0,281750
1216633500000,5587.0,5613.0,5571.2,5613.0,38575
1216698300000,5550.0,5826.8,5550.0,5795.0,221650
1216709100000,5800.0,5841.95,5660.0,5790.0,250150
1216719900000,5790.0,5824.8,5763.0,5821.05,27575
1216784700000,5950.0,6250.05,5950.0,6232.05,212300
1216795500000,6235.0,6380.0,6225.15,6352.0,183425
1216806300000,6355.0,6384.0,6326.0,6376.0,38425
1216871100000,6425.0,6463.95,6242.05,6258.0,207375
1216881900000,6258.0,6285.0,6092.0,6202.0,290525
1216892700000,6209.0,6224.4,6195.0,6205.0,22675
1216957500000,6080.0,6080.0,5901.0,5921.6,223650
1216968300000,5922.0,6075.0,5886.5,5930.0,219200
1216979100000,5930.0,5950.0,5920.0,5940.0,27225
1217216700000,5901.0,5988.0,5861.1,5986.0,121175
1217227500000,5990.0,5998.95,5890.3,5911.0,148350
1217238300000,5910.0,5932.0,5908.0,5915.1,18625
1217303100000,5715.0,5810.0,5474.0,5502.2,378125
1217313900000,5508.0,5509.9,5370.0,5428.0,305225
1217324700000,5432.0,5433.0,5393.0,5393.0,30200
1217389500000,5490.0,5667.0,5490.0,5658.0,221325
1217400300000,5655.0,5737.0,5648.8,5685.1,136400
1217411100000,5686.0,5715.0,5680.0,5680.0,27175
1217475900000,5701.0,5701.0,5565.0,5620.0,122400
1217486700000,5617.0,5735.0,5601.0,5735.0,102250
1217497500000,5740.2,5741.0,5730.0,5730.0,14350
1217562300000,5600.0,5759.0,5570.0,5722.0,138625
1217573100000,5721.0,5985.0,5713.05,5957.65,238550
1217583900000,5957.0,5990.0,5957.0,5976.0,45100
1217821500000,5980.0,6070.0,5905.0,5950.0,134350
1217832300000,5958.5,6102.0,5931.0,5992.5,158925
1217843100000,5995.0,6004.0,5951.05,5951.05,18525
1217907900000,5995.0,6245.0,5920.0,6160.0,267825
1217918700000,6160.0,6440.0,6130.05,6379.0,327825
1217929500000,6380.0,6398.0,6370.0,6375.2,29050
1217994300000,6584.0,6731.0,6525.0,6615.0,336325
1218005100000,6612.7,6623.9,6315.05,6335.0,379925
1218015900000,6336.95,6345.0,6305.0,6345.0,75375
1218080700000,6301.0,6446.9,6275.0,6400.0,249200
1218091500000,6399.9,6471.0,6350.0,6374.0,243525
1218102300000,6380.0,6399.1,6375.5,6390.0,35075
1218167100000,6357.0,6385.0,6220.5,6220.75,203400
1218177900000,6225.0,6518.0,6180.0,6462.5,396400
1218188700000,6462.0,6472.0,6444.0,6446.0,49325
1218426300000,6585.1,6702.0,6585.1,6666.0,213075
1218437100000,6666.0,6755.0,6655.0,6727.0,275950
1218447900000,6730.0,6730.0,6692.0,6700.0,66475
1218512700000,6735.0,6749.0,6505.0,6580.0,309625
1218523500000,6582.8,6582.8,6431.0,6473.05,301350
1218534300000,6474.0,6550.0,6465.0,6549.0,54725
1218599100000,6434.4,6508.0,6348.0,6471.0,288425
1218609900000,6471.5,6490.0,6375.0,6402.5,225775
1218620700000,6407.0,6410.0,6385.0,6410.0,33475
1218685500000,6269.95,6298.0,6091.3,6107.0,316625
1218696300000,6105.05,6160.0,6020.0,6049.0,240050
1218707100000,6045.0,6065.0,6016.0,6063.0,44500
1219031100000,5980.0,6129.0,5955.0,6080.0,251925
1219041900000,6079.0,6120.0,6010.0,6040.0,228950
1219052700000,6044.0,6051.0,6020.05,6051.0,22600
1219117500000,5974.0,6002.0,5925.0,5948.0,240550
1219128300000,5951.0,6015.0,5880.0,6001.2,316400
1219139100000,6000.0,6059.65,5997.2,6055.0,75000
1219203900000,6068.85,6104.0,6030.0,6056.55,187475
1219214700000,6060.0,6114.8,6006.25,6006.25,221475
1219225500000,6006.25,6045.0,6002.0,6045.0,39950
1219290300000,6009.0,6009.0,5831.5,5842.2,271650
1219301100000,5842.0,5845.0,5695.0,5699.9,349700
1219311900000,5695.0,5716.0,5691.0,5710.0,85775
1219376700000,5690.0,5784.25,5660.0,5725.0,283525
1219387500000,5725.0,5814.0,5716.0,5797.0,344475
1219398300000,5797.0,5797.0,5757.1,5777.0,53500
1219635900000,5924.0,5996.0,5874.0,5975.0,269050
1219646700000,5975.0,5990.0,5851.2,5862.2,247275
1219657500000,5863.95,5884.0,5856.5,5864.0,36925
1219722300000,5824.0,5856.0,5787.4,5838.85,240500
1219733100000,5836.75,5989.0,5832.3,5962.0,409925
1219743900000,5961.9,5976.85,5950.0,5965.0,53100
1219808700000,5985.0,5990.0,5912.1,5930.0,130925
1219819500000,5934.6,5948.0,5805.0,5808.0,260300
1219830300000,5808.0,5840.0,5808.0,5835.0,45000
1219895100000,5804.0,5855.0,5770.55,5797.8,422000
1219905900000,5796.25,5807.9,5691.15,5720.0,156550
1219916700000,5715.0,5726.95,5715.0,5720.05,28075
1220240700000,5911.25,6068.0,5911.25,5979.95,217850
1220251500000,5981.3,6173.0,5970.0,6150.0,426125
1220262300000,6150.0,6211.8,6143.2,6207.0,120250
1220327100000,6200.0,6293.9,6200.0,6280.0,375300
1220337900000,6282.0,6641.0,6282.0,6520.0,688425
1220348700000,6524.0,6536.0,6503.0,6515.0,80450
1220499900000,6453.0,6557.8,6345.0,6537.7,565125
1220510700000,6539.95,6569.0,6441.0,6523.0,632900
1220521500000,6522.8,6543.75,6520.0,6540.3,72000
1220586300000,6424.0,6424.8,6301.5,6317.4,644375
1220597100000,6317.4,6410.0,6292.0,6336.2,495400
1220607900000,6337.0,6337.0,6315.0,6334.0,63800
1220845500000,6550.0,6645.0,6544.0,6615.0,393075
1220856300000,6614.9,6675.25,6564.0,6585.0,385750
1220867100000,6580.0,6593.0,6575.1,6579.9,41000
1220931900000,6507.0,6525.0,6426.25,6474.95,309850
1220942700000,6474.0,6543.8,6455.0,6494.0,413575
1220953500000,6492.7,6495.0,6470.1,6490.0,63175
1221018300000,6399.0,6495.1,6385.0,6469.0,328900
1221029100000,6468.0,6528.8,6405.0,6462.0,483500
1221039900000,6462.0,6474.5,6450.15,6473.6,60200
1221104700000,6391.1,6468.0,6283.0,6307.0,578575
1221115500000,6305.0,6380.0,6265.25,6378.8,508750
1221126300000,6377.0,6395.0,6351.25,6375.0,89025
1221191100000,6400.0,6418.0,6205.0,6305.5,545925
1221201900000,6307.0,6356.0,6225.0,6229.0,472300
1221212700000,6226.0,6230.0,6195.0,6200.0,120100
1221450300000,6000.0,6000.0,5770.0,5816.15,465575
1221461100000,5818.0,6010.0,5796.0,6010.0,399925
1221471900000,6010.0,6044.0,5982.2,5988.0,86275
1221536700000,5800.0,5990.0,5800.0,5906.1,564375
1221547500000,5907.85,6147.5,5906.6,6135.0,795900
1221558300000,6144.5,6195.0,6135.0,6195.0,123225
1221623100000,6195.0,6200.0,5969.0,5972.0,557450
1221633900000,5978.0,6049.9,5780.25,5910.0,836175
1221644700000,5905.3,5922.0,5887.0,5910.0,79900
1221709500000,5700.0,5885.0,5551.4,5872.9,441550
1221720300000,5870.0,6115.0,5812.0,6098.0,684575
1221731100000,6097.1,6100.0,6040.0,6080.0,80650
1221795900000,6275.0,6290.0,6131.0,6246.5,533825
1221806700000,6248.85,6377.0,6221.0,6321.3,515700
1221817500000,6321.3,6358.0,6320.0,6348.0,77925
1222055100000,6351.45,6365.0,6265.5,6339.0,357975
1222065900000,6339.0,6365.0,6251.0,6303.0,399075
1222076700000,6301.0,6309.0,6273.1,6273.1,52900
1222141500000,6205.75,6277.35,6147.0,6155.0,418925
1222152300000,6154.95,6178.7,6035.0,6037.0,410300
1222163100000,6041.0,6065.0,6025.3,6060.0,54225
1222227900000,6053.0,6213.5,6053.0,6205.0,287075
1222238700000,6209.45,6217.0,6072.5,6114.0,326850
1222249500000,6110.0,6115.0,6091.0,6091.0,13625
1222314300000,6130.0,6148.7,5999.9,6001.0,220375
1222325100000,6001.0,6083.8,5970.0,6079.8,245050
1222335900000,6077.0,6086.0,6055.6,6055.6,9850
1222832700000,5850.0,5850.0,5655.0,5725.0,268400
1222843500000,5725.0,6040.0,5720.0,5975.0,920825
1222854300000,5973.0,6006.0,5950.0,5985.2,70525
1223005500000,5889.9,6008.0,5870.0,5907.0,321775
1223016300000,5910.0,5911.0,5775.1,5795.0,543025
1223027100000,5792.2,5792.2,5746.0,5770.0,54850
1223264700000,5700.0,5705.0,5611.0,5630.0,250425
1223275500000,5633.0,5735.0,5578.5,5586.05,452225
1223286300000,5586.1,5608.65,5572.0,5600.0,23450
1223351100000,5740.0,5818.0,5390.0,5400.0,569500
1223361900000,5402.0,5650.0,5398.0,5490.0,642900
1223372700000,5490.0,5522.9,5481.5,5495.0,17675
1223437500000,5290.0,5290.0,4925.0,5009.0,386550
1223448300000,5005.0,5275.0,5005.0,5215.0,601600
1223459100000,5218.0,5225.0,5190.0,5208.0,45900
1223610300000,4751.0,5130.0,4725.0,4845.0,545825
1223621100000,4845.0,5052.9,4696.0,5000.0,509775
1223631900000,4994.95,5000.0,4925.55,4949.4,73225
1223869500000,5398.9,5435.0,5200.0,5425.0,492775
1223880300000,5425.8,5544.0,5411.6,5535.0,356825
1223891100000,5537.0,5599.0,5535.15,5599.0,81575
1223955900000,5770.0,5819.0,5704.0,5715.0,410825
1223966700000,5718.0,5719.0,5549.0,5560.0,622700
1223977500000,5561.1,5575.9,5528.0,5530.0,85725
1224042300000,5465.0,5568.0,5450.0,5457.0,422925
1224053100000,5458.4,5472.0,5358.2,5404.7,409675
1224063900000,5404.0,5446.0,5395.25,5440.0,66650
1224128700000,5201.1,5380.0,5150.0,5179.9,662600
1224139500000,5179.7,5609.9,5170.0,5514.0,652400
1224150300000,5510.0,5512.0,5465.0,5500.0,65450
1224215100000,5548.85,5571.0,5351.0,5393.15,405850
1224225900000,5395.0,5527.0,5192.0,5192.0,539400
1224236700000,5194.0,5200.0,5100.0,5100.0,97525
1224474300000,5250.0,5382.0,5120.0,5362.45,418525
1224485100000,5365.0,5494.9,5210.1,5301.0,515500
1224495900000,5301.0,5334.0,5265.9,5330.0,42400
1224560700000,5350.0,5475.0,5275.0,5393.0,427400
1224571500000,5393.25,5500.0,5346.0,5428.0,292375
1224582300000,5430.0,5443.9,5411.0,5411.0,28350
1224647100000,5350.0,5379.0,5224.0,5252.25,280250
1224657900000,5248.05,5268.0,5078.0,5100.0,328900
1224668700000,5097.85,5150.0,5076.0,5150.0,71800
1224733500000,5000.0,5006.0,4901.4,4980.0,400900
1224744300000,4985.0,5200.0,4883.2,4889.0,456450
1224755100000,4885.85,4945.0,4885.0,4940.0,37625
1224819900000,4825.0,4840.0,4431.55,4520.0,463625
1224830700000,4510.0,4534.95,4230.0,4289.95,360450
1224841500000,4290.0,4315.0,4240.0,4255.0,77775
1225079100000,4150.0,4285.0,3837.0,3923.0,264225
1225089900000,3923.0,4155.0,3771.0,4112.0,400200
1225100700000,4113.9,4120.0,4035.0,4080.0,55975
1225251900000,4374.7,4437.9,4239.95,4375.05,301175
1225262700000,4370.0,4375.0,4220.0,4284.5,172475
1225273500000,4282.0,4293.0,4270.0,4279.1,13225
1225683900000,4762.0,4909.0,4762.0,4810.0,296650
1225694700000,4810.0,4883.0,4765.0,4880.55,239925
1225705500000,4880.55,4898.0,4870.5,4890.25,23650
1225770300000,4874.95,5065.0,4802.0,5030.0,384800
1225781100000,5030.0,5250.0,4998.0,5250.0,295050
1225791900000,5250.5,5280.0,5240.0,5280.0,34975
1225856700000,5421.0,5421.0,5095.0,5200.0,388900
1225867500000,5204.9,5355.0,5091.0,5096.95,332500
1225878300000,5105.0,5118.0,5080.0,5090.0,39550
1225943100000,4997.7,5035.0,4879.9,4963.0,326150
1225953900000,4967.0,5149.0,4895.0,4942.0,493850
1225964700000,4942.0,4965.0,4914.0,4930.0,41475
1226029500000,4897.0,4990.0,4796.0,4836.05,382575
1226040300000,4841.0,5090.0,4834.95,5047.0,409825
1226051100000,5050.0,5100.0,5029.15,5100.0,54575
1226288700000,5108.6,5205.0,5081.0,5204.9,231175
1226299500000,5200.25,5278.0,5187.2,5270.0,171625
1226310300000,5270.75,5278.0,5238.0,5265.0,29675
1226375100000,5210.1,5218.0,4966.0,5010.0,330500
1226385900000,5004.75,5034.95,4903.0,4930.05,282725
1226396700000,4925.0,4937.0,4906.0,4912.0,40350
1226461500000,4899.0,4972.0,4820.0,4915.0,303400
1226472300000,4911.0,4955.0,4659.95,4727.0,491875
1226483100000,4728.5,4757.0,4705.0,4749.95,41825
1226634300000,4842.6,4928.0,4664.2,4698.9,375925
1226645100000,4690.0,4800.0,4652.0,4688.0,376175
1226655900000,4690.0,4758.0,4690.0,4730.0,65550
1226893500000,4730.0,4740.0,4442.0,4473.3,370275
1226904300000,4475.05,4597.35,4351.0,4527.8,452400
1226915100000,4530.0,4545.0,4505.05,4520.0,41650
1226979900000,4482.0,4482.0,4263.3,4283.55,385975
1226990700000,4279.9,4385.0,4241.1,4328.0,629675
1227001500000,4329.0,4362.0,4311.3,4359.0,104400
1227066300000,4350.0,4520.0,4322.0,4470.0,510600
1227077100000,4461.0,4489.0,4185.1,4230.0,478225
1227087900000,4225.0,4233.5,4190.05,4200.0,81275
1227152700000,4051.0,4085.0,3952.0,4014.85,400825
1227163500000,4006.0,4070.0,3975.0,4017.0,326525
1227174300000,4021.0,4165.0,4013.0,4165.0,114225
1227239100000,4101.0,4265.0,4078.0,4236.0,519225
1227249900000,4230.05,4298.0,4040.0,4291.0,593475
1227260700000,4290.0,4380.0,4284.0,4340.0,106250
1227498300000,4250.0,4360.0,4140.05,4167.5,522750
1227509100000,4167.5,4210.0,4091.05,4185.0,490850
1227519900000,4184.0,4190.0,4140.0,4140.0,60125
1227584700000,4250.0,4314.0,4178.5,4240.0,380050
1227595500000,4240.0,4269.0,4040.0,4050.0,424800
1227606300000,4050.0,4050.0,4015.0,4022.0,123000
1227671100000,4090.0,4113.0,3996.55,4027.0,391325
1227681900000,4027.05,4292.0,4025.0,4273.0,500050
1227692700000,4273.0,4304.0,4240.0,4259.95,94800
1227843900000,4250.05,4291.0,4190.0,4223.1,176025
1227854700000,4210.1,4314.0,4190.05,4282.55,210850
1227865500000,4282.55,4294.0,4270.0,4294.0,12900
1228103100000,4379.0,4461.0,4339.95,4370.0,294775
1228113900000,4372.0,4394.9,4101.0,4110.0,486050
1228124700000,4108.0,4140.0,4107.0,4135.0,75275
1228189500000,4016.55,4017.0,3903.25,3978.9,478650
1228200300000,3970.0,4127.9,3950.0,4110.0,480150
1228211100000,4111.0,4111.0,4080.15,4102.0,80125
1228275900000,4145.0,4192.0,4055.1,4190.0,442150
1228286700000,4192.0,4250.0,4161.0,4220.0,765700
1228297500000,4222.0,4233.8,4201.0,4205.0,64350
1228362300000,4239.0,4360.0,4215.0,4340.6,503025
1228373100000,4341.0,4469.9,4316.25,4460.25,471900
1228383900000,4459.45,4459.45,4428.0,4433.0,88050
1228448700000,4430.0,4595.0,4371.2,4387.0,667425
1228459500000,4389.9,4481.0,4296.6,4341.0,562075
1228470300000,4345.0,4369.0,4341.0,4364.0,81100
1228707900000,4525.0,4589.0,4423.0,4488.0,466400
1228718700000,4490.0,4579.0,4406.0,4415.0,483475
1228729500000,4414.95,4442.0,4410.0,4420.0,58175
1228880700000,4472.0,4520.0,4414.0,4493.25,384375
1228891500000,4497.0,4590.0,4448.0,4580.0,508200
1228902300000,4582.0,4583.05,4557.05,4566.0,96375
1228967100000,4579.0,4689.0,4541.0,4624.0,461525
1228977900000,4628.0,4668.0,4475.0,4600.0,533125
1228988700000,4600.0,4615.5,4589.8,4606.05,45850
1229053500000,4447.0,4494.9,4413.0,4441.5,275475
1229064300000,4442.0,4695.0,4432.5,4640.0,615300
1229075100000,4639.0,4660.0,4623.5,4650.0,68650
1229312700000,4701.0,4833.65,4701.0,4767.0,350250
1229323500000,4765.0,4825.0,4688.2,4705.0,474150
1229334300000,4702.0,4724.0,4695.0,4705.0,60625
1229399100000,4690.0,4799.0,4686.0,4796.75,298000
1229409900000,4797.1,4839.0,4716.0,4824.9,408000
1229420700000,4825.05,4848.5,4818.25,4848.5,70600
1229485500000,4869.0,4914.0,4808.15,4914.0,498425
1229496300000,4912.1,4935.0,4781.0,4790.0,580550
1229507100000,4790.1,4804.0,4765.0,4780.0,77525
1229571900000,4775.55,4936.0,4775.55,4918.25,584950
1229582700000,4919.0,5159.0,4900.0,5150.0,762900
1229593500000,5152.0,5163.5,5088.0,5125.0,137850
1229658300000,5125.0,5242.05,5090.0,5145.0,473375
1229669100000,5148.0,5214.95,5075.0,5148.95,461725
1229679900000,5149.0,5177.0,5140.0,5163.0,46825
1229917500000,5171.0,5227.0,5140.0,5160.05,323425
1229928300000,5164.5,5210.9,5005.5,5019.85,534075
1229939100000,5019.85,5074.0,5015.5,5062.0,95375
1230003900000,5018.5,5027.0,4882.0,4890.0,384625
1230014700000,4892.1,4901.25,4820.0,4868.0,402700
1230025500000,4867.0,4878.0,4853.25,4865.5,73775
1230090300000,4813.0,4898.5,4799.0,4880.0,212600
1230101100000,4882.0,4925.0,4852.65,4924.8,241625
1230111900000,4921.2,4933.0,4915.0,4928.7,30275
1230781500000,5019.9,5110.0,5015.0,5095.0,376525
1230792300000,5095.1,5158.0,5075.5,5144.95,296125
1230803100000,5140.1,5145.0,5122.0,5145.0,43350
1230867900000,5174.9,5246.0,5109.0,5207.0,561150
1230878700000,5207.5,5264.0,5182.0,5197.0,454300
1230889500000,5194.0,5214.0,5191.05,5212.9,69850
1231127100000,5279.0,5359.5,5264.0,5348.0,451300
1231137900000,5346.0,5357.0,5301.2,5345.0,431500
1231148700000,5342.25,5360.0,5342.25,5350.0,83675
1231213500000,5336.2,5435.0,5310.0,5417.3,421675
1231224300000,5417.5,5441.25,5264.0,5405.1,818725
1231235100000,5405.5,5425.0,5395.5,5421.0,94725
1231299900000,5408.8,5425.0,5103.25,5156.8,935850
1231310700000,5157.8,5157.8,4931.25,4953.0,777850
1231321500000,4953.0,5000.0,4940.5,4980.0,96000
1231472700000,4870.0,5070.0,4840.0,4895.0,664800
1231483500000,4895.0,5055.0,4831.05,4906.5,711150
1231494300000,4908.0,4910.0,4865.0,4880.0,81050
1231731900000,4850.0,4875.0,4765.0,4795.0,472550
1231742700000,4799.0,4804.5,4589.95,4676.35,701750
1231753500000,4678.0,4709.0,4667.0,4700.0,106925
1231818300000,4700.0,4755.0,4607.0,4655.1,597575
1231829100000,4656.0,4675.0,4582.2,4629.8,513325
1231839900000,4626.0,4656.0,4622.1,4642.0,68200
1231904700000,4689.95,4819.0,4689.95,4757.2,526800
1231915500000,4757.2,4765.0,4670.0,4737.2,521400
1231926300000,4738.0,4770.0,4735.0,4762.0,70500
1231991100000,4605.1,4615.1,4437.0,4468.0,642075
1232001900000,4469.0,4508.0,4416.5,4465.0,518700
1232012700000,4462.5,4490.0,4462.5,4485.0,87275
1232077500000,4497.0,4579.0,4497.0,4564.85,350600
1232088300000,4564.25,4597.0,4516.0,4594.0,375050
1232099100000,4594.0,4599.0,4570.1,4580.0,62725
1232336700000,4605.0,4620.0,4525.0,4544.0,307300
1232347500000,4541.05,4579.0,4511.0,4535.0,277275
1232358300000,4538.3,4545.8,4526.15,4534.0,46500
1232423100000,4450.0,4450.0,4346.05,4383.9,427625
1232433900000,4383.85,4418.85,4371.0,4386.25,267250
1232444700000,4384.0,4401.6,4380.0,4400.0,44725
1232509500000,4320.1,4360.0,4275.9,4329.9,352500
1232520300000,4330.0,4334.0,4247.5,4262.0,503600
1232531100000,4262.0,4266.95,4220.0,4225.0,72150
1232595900000,4291.0,4332.0,4254.85,4259.65,335075
1232606700000,4257.0,4338.0,4210.0,4278.0,511175
1232617500000,4277.9,4284.9,4254.5,4256.05,52700
1232682300000,4276.0,4327.8,4230.05,4280.0,289575
1232693100000,4275.0,4278.0,4026.0,4063.15,875125
1232703900000,4063.05,4091.3,4055.0,4082.15,113525
1233027900000,4125.0,4215.0,4105.0,4155.0,492150
1233038700000,4155.0,4220.0,4105.0,4206.0,341775
1233049500000,4206.0,4215.0,4190.0,4190.0,68150
1233114300000,4228.3,4261.0,4207.0,4260.0,358425
1233125100000,4259.9,4358.0,4215.5,4344.75,396950
1233135900000,4342.3,4360.0,4330.0,4350.0,50425
1233200700000,4378.0,4480.0,4370.0,4403.0,259275
1233211500000,4403.0,4403.1,4335.1,4355.6,326400
1233222300000,4355.6,4364.0,4351.2,4361.0,37600
1233546300000,4401.0,4401.0,4316.0,4329.15,294800
1233557100000,4330.0,4332.0,4184.1,4195.25,545650
1233567900000,4198.0,4217.0,4196.5,4217.0,95800
1233632700000,4250.0,4304.85,4159.5,4198.2,518350
1233643500000,4201.0,4327.0,4201.0,4229.45,715600
1233654300000,4230.0,4244.0,4208.25,4235.0,114400
1233719100000,4282.0,4344.0,4267.5,4291.1,467850
1233729900000,4290.7,4304.9,4200.0,4232.0,562125
1233740700000,4235.0,4237.8,4215.0,4227.0,85850
1233805500000,4255.0,4262.0,4185.5,4195.0,337250
1233816300000,4195.0,4233.0,4168.3,4215.0,383675
1233827100000,4216.15,4227.8,4212.0,4220.0,50075
1233891900000,4260.0,4328.0,4260.0,4320.0,356725
1233902700000,4320.5,4345.0,4293.0,4323.25,392200
1233913500000,4323.35,4334.4,4315.35,4322.0,45625
1234151100000,4401.1,4418.0,4358.0,4380.35,271525
1234161900000,4380.0,4468.0,4370.0,4465.1,346025
1234172700000,4465.1,4467.0,4450.0,4465.0,65025
1234237500000,4458.0,4597.0,4457.0,4589.9,497875
1234248300000,4592.0,4599.0,4443.0,4511.0,664550
1234259100000,4510.0,4528.0,4501.1,4525.0,57250
1234323900000,4450.0,4462.8,4410.0,4414.0,343025
1234334700000,4413.0,4520.0,4407.65,4510.0,425275
1234345500000,4511.0,4535.0,4506.25,4535.0,75350
1234410300000,4471.1,4530.0,4455.0,4515.0,441950
1234421100000,4515.0,4529.0,4448.0,4465.9,355075
1234431900000,4465.9,4472.8,4460.0,4469.9,63800
1234496700000,4508.0,4579.0,4508.0,4566.2,252875
1234507500000,4565.0,4604.0,4555.0,4565.0,240225
1234518300000,4566.0,4569.0,4540.0,4553.0,77350
1234755900000,4536.25,4548.0,4223.0,4410.0,499550
1234766700000,4410.0,4417.0,4316.0,4339.0,430675
1234777500000,4337.2,4355.0,4326.2,4346.2,60700
1234842300000,4280.0,4283.15,4200.0,4206.5,407075
1234853100000,4206.5,4210.9,4126.05,4140.05,425500
1234863900000,4138.1,4162.0,4135.0,4161.0,94425
1234928700000,4110.1,4175.0,4019.95,4045.0,699175
1234939500000,4045.0,4135.0,4041.25,4050.0,654450
1234950300000,4050.0,4072.0,4045.0,4070.0,74600
1235015100000,4050.3,4139.0,4050.3,4075.2,489325
1235025900000,4072.0,4082.9,4027.25,4063.0,566475
1235036700000,4063.0,4069.0,4054.0,4065.0,57100
1235101500000,4000.0,4000.0,3925.0,3957.0,500025
1235112300000,3957.0,3963.5,3892.5,3921.0,414625
1235123100000,3921.0,3952.0,3920.0,3952.0,112575
1235447100000,3885.55,3885.55,3798.0,3845.6,440700
1235457900000,3847.0,3919.0,3845.6,3883.0,542625
1235468700000,3881.15,3890.0,3865.1,3882.0,81300
1235533500000,3925.95,3975.75,3919.1,3956.0,515600
1235544300000,3955.55,3980.0,3912.0,3915.0,462200
1235555100000,3914.1,3916.9,3900.0,3904.0,92525
1235619900000,3880.0,3900.0,3782.55,3790.1,476925
1235630700000,3788.6,3845.0,3784.0,3832.0,300600
1235641500000,3832.0,3834.35,3828.65,3833.6,71850
1235965500000,3773.0,3790.1,3738.0,3754.5,569550
1235976300000,3753.8,3778.2,3670.0,3671.8,800600
1235987100000,3671.8,3679.8,3631.55,3636.1,203850
1236051900000,3644.0,3718.9,3630.1,3703.0,715300
1236062700000,3702.5,3733.4,3602.0,3606.05,1201450
1236073500000,3606.05,3610.0,3595.5,3603.0,126050
1236138300000,3612.0,3658.4,3563.05,3588.6,833950
1236149100000,3590.0,3635.85,3562.65,3579.0,862150
1236159900000,3579.0,3579.5,3557.0,3570.0,173800
1236224700000,3600.0,3634.0,3477.8,3483.0,1208400
1236235500000,3483.2,3498.0,3377.05,3417.0,1149850
1236246300000,3417.7,3423.0,3404.0,3408.0,197100
1236311100000,3388.4,3528.0,3320.2,3465.8,1985600
1236321900000,3464.0,3477.0,3390.5,3455.0,1494350
1236332700000,3453.0,3460.0,3445.0,3454.0,144650
1236570300000,3402.0,3445.0,3339.0,3349.0,971150
1236581100000,3348.85,3366.5,3290.15,3314.5,1085150
1236591900000,3314.0,3325.9,3310.0,3325.0,168550
1236829500000,3415.0,3442.85,3362.0,3384.65,1166300
1236840300000,3383.95,3459.0,3375.05,3438.0,1303400
1236851100000,3438.1,3438.1,3415.6,3419.9,202700
1236915900000,3550.0,3612.7,3536.0,3610.2,1242700
1236926700000,3610.0,3639.9,3594.0,3638.0,948500
1236937500000,3638.0,3659.0,3632.2,3659.0,200750
1237175100000,3672.5,3706.0,3640.0,3683.7,1000050
1237185900000,3683.7,3747.85,3657.15,3741.7,1111200
1237196700000,3740.3,3748.0,3731.2,3748.0,164650
1237261500000,3749.0,3783.0,3711.1,3745.0,847100
1237272300000,3744.0,3755.0,3606.75,3635.0,1601950
1237283100000,3633.2,3658.0,3633.2,3654.9,135350
1237347900000,3692.5,3775.0,3685.0,3752.85,878350
1237358700000,3752.9,3779.0,3711.25,3729.5,1013550
1237369500000,3725.15,3727.85,3718.0,3722.0,106000
1237434300000,3769.85,3800.95,3729.0,3744.0,842000
1237445100000,3744.0,3772.0,3657.0,3758.0,1305650
1237455900000,3757.0,3770.0,3753.0,3770.0,106600
1237520700000,3730.0,3730.0,3671.5,3703.0,753050
1237531500000,3699.95,3723.75,3659.0,3677.0,1012300
1237542300000,3677.0,3697.0,3672.0,3690.0,169350
1237779900000,3740.0,3797.0,3740.0,3795.0,719700
1237790700000,3794.0,3960.0,3790.25,3943.05,1358000
1237801500000,3943.5,3950.0,3923.05,3950.0,167100
1237866300000,3990.5,4179.35,3990.5,4170.0,1166000
1237877100000,4168.0,4170.0,3989.0,4013.1,1818450
1237887900000,4013.35,4016.75,3978.25,3984.0,192700
1237952700000,4028.0,4122.0,3992.5,4050.0,1244150
1237963500000,4049.9,4143.7,3998.05,4143.5,1212900
1237974300000,4141.3,4148.0,4122.5,4148.0,157100
1238039100000,4157.9,4254.7,4157.9,4245.0,912600
1238049900000,4245.0,4304.5,4206.0,4290.0,726050
1238060700000,4291.0,4295.0,4280.0,4285.1,114000
1238557500000,4150.0,4150.0,3997.1,4143.0,1405850
1238568300000,4144.0,4198.0,4093.05,4197.0,1480550
1238579100000,4197.8,4201.0,4172.0,4182.0,220200
1238643900000,4292.5,4463.9,4292.5,4438.25,972350
1238654700000,4439.8,4501.65,4405.0,4420.0,1086200
1238665500000,4421.0,4438.5,4415.0,4428.0,143300
1238989500000,4554.95,4600.0,4439.8,4492.0,1201450
1239000300000,4490.0,4519.0,4396.1,4483.0,1536800
1239011100000,4483.0,4509.0,4460.0,4500.0,177750
1239162300000,4350.0,4350.0,4248.0,4335.0,1175500
1239173100000,4338.0,4517.0,4325.55,4473.0,1499950
1239183900000,4474.0,4513.75,4455.0,4501.0,220400
1239248700000,4555.0,4596.0,4439.9,4551.0,1577850
1239259500000,4552.9,4649.0,4507.0,4580.05,1645800
1239270300000,4580.05,4603.5,4578.1,4595.0,146800
1239594300000,4640.0,4823.4,4640.0,4794.0,1146350
1239605100000,4790.1,4884.0,4772.2,4834.85,794500
1239615900000,4832.65,4836.0,4795.0,4815.0,201850
1239767100000,4748.0,4887.0,4692.05,4855.0,1282650
1239777900000,4854.45,5041.95,4848.05,5040.0,1329750
1239788700000,5044.0,5107.0,5042.5,5101.2,240950
1239853500000,5130.0,5153.6,4961.05,5038.0,1598100
1239864300000,5036.0,5087.0,4890.15,4892.0,2090750
1239875100000,4895.05,4920.0,4876.0,4907.0,235950
1239939900000,4975.0,5207.0,4960.0,5163.25,1464300
1239950700000,5166.8,5188.0,5001.0,5046.0,1800500
1239961500000,5050.0,5111.8,5050.0,5100.0,235250
1240199100000,5100.0,5199.8,5073.5,5177.0,1017850
1240209900000,5173.95,5178.0,4926.55,4972.0,1818000
1240220700000,4970.0,5034.7,4961.0,5009.0,218000
1240285500000,4916.0,4930.1,4810.0,4890.5,1634250
1240296300000,4893.0,4963.0,4818.4,4845.15,1452100
1240307100000,4844.0,4860.0,4833.35,4858.0,171950
1240371900000,4535.55,4952.5,4535.55,4846.0,1102950
1240382700000,4843.5,4864.0,4762.5,4805.55,1346150
1240393500000,4809.8,4825.0,4803.0,4805.0,168900
1240458300000,4844.0,4859.0,4717.0,4847.0,1070800
1240469100000,4847.0,4972.65,4847.0,4967.0,1160950
1240479900000,4967.0,5017.7,4952.05,5009.0,278700
1240544700000,4980.3,5057.0,4945.0,5019.3,984700
1240555500000,5019.05,5155.5,5007.1,5143.8,1287200
1240566300000,5141.0,5143.5,5105.0,5116.0,165750
1240803900000,5020.0,5277.0,5020.0,5263.0,1261600
1240814700000,5260.0,5293.25,5085.0,5183.0,1665700
1240825500000,5176.55,5188.85,5169.0,5172.0,123550
1240890300000,5168.0,5222.9,5055.0,5095.8,1146100
1240901100000,5096.0,5114.0,4894.0,4902.0,1401950
1240911900000,4904.0,4935.0,4904.0,4933.0,177850
1240976700000,4984.0,5074.9,4981.0,5052.0,854350
1240987500000,5050.0,5125.0,5005.05,5122.35,867400
1240998300000,5122.5,5140.0,5112.1,5134.0,92000
1241408700000,5275.0,5420.0,5275.0,5387.9,801700
1241419500000,5387.0,5502.0,5385.0,5494.95,895600
1241430300000,5495.1,5499.95,5474.0,5474.0,194200
1241495100000,5485.0,5619.7,5480.2,5511.8,1292400
1241505900000,5513.8,5610.0,5467.0,5576.0,1269100
1241516700000,5573.0,5579.9,5554.0,5572.0,158350
1241581500000,5550.0,5588.0,5490.55,5574.0,919550
1241592300000,5573.0,5646.0,5388.0,5411.55,1755650
1241603100000,5412.0,5485.0,5410.0,5470.0,198050
1241667900000,5499.9,5567.0,5465.0,5538.5,1029950
1241678700000,5541.0,5574.0,5473.0,5570.15,921350
1241689500000,5568.0,5575.0,5553.55,5575.0,118200
1241754300000,5530.0,5588.0,5469.0,5474.0,826500
1241765100000,5474.9,5478.2,5336.6,5400.2,1265050
1241775900000,5400.0,5415.0,5391.1,5396.0,171200
1242013500000,5450.0,5504.0,5430.0,5457.0,842000
1242024300000,5457.25,5457.25,5285.5,5318.0,1344700
1242035100000,5315.0,5338.9,5300.75,5335.0,166550
1242099900000,5325.1,5389.65,5292.0,5355.5,916500
1242110700000,5359.0,5590.0,5353.55,5576.0,1237050
1242121500000,5576.0,5606.0,5575.05,5605.0,212050
1242186300000,5595.0,5630.0,5502.25,5505.0,1091500
1242197100000,5501.05,5625.0,5460.0,5517.0,1308100
1242207900000,5515.0,5535.0,5491.0,5510.0,142250
1242272700000,5398.8,5478.0,5340.0,5456.0,902450
1242283500000,5457.0,5508.0,5385.0,5490.1,949700
1242294300000,5490.1,5522.0,5490.0,5500.0,149050
1242359100000,5540.0,5695.0,5528.9,5678.0,912100
1242369900000,5680.0,5734.0,5634.0,5693.0,978750
1242380700000,5693.0,5730.0,5690.0,5722.0,219500
1242618300000,6250.0,6846.25,6250.0,6846.25,27850
1242704700000,7399.0,7399.0,6650.0,7290.0,1058700
1242715500000,7297.75,7600.0,7272.0,7305.0,1191500
1242726300000,7293.0,7300.0,7233.0,7265.0,168350
1242791100000,7180.45,7339.9,7130.0,7184.0,629650
1242801900000,7180.5,7244.1,7117.1,7180.1,577500
1242812700000,7175.05,7185.0,7160.0,7180.0,58200
1242877500000,7105.0,7120.0,6969.0,7075.95,602400
1242888300000,7075.0,7229.7,6935.0,6941.0,828150
1242899100000,6942.65,6962.0,6910.0,6930.05,88200
1242963900000,6855.1,7009.0,6830.0,6849.9,655950
1242974700000,6848.0,7090.0,6842.25,7055.0,802850
1242985500000,7051.0,7073.9,7037.0,7054.0,113450
1243223100000,7050.0,7117.0,6971.0,7066.3,505100
1243233900000,7068.65,7090.0,6985.0,7050.1,1009300
1243244700000,7054.5,7074.0,7042.5,7049.9,119300
1243309500000,7059.8,7148.0,7012.0,7115.0,527250
1243320300000,7115.0,7120.05,6801.5,6841.0,907350
1243331100000,6842.0,6900.0,6842.0,6895.0,130900
1243395900000,6998.9,7193.1,6998.9,7150.0,588350
1243406700000,7149.85,7255.8,7100.8,7227.0,601800
1243417500000,7225.0,7235.0,7201.0,7221.5,106150
1243482300000,7230.0,7247.0,7151.0,7236.1,391650
1243493100000,7239.8,7370.0,7210.0,7349.9,477250
1243503900000,7355.0,7355.0,7335.5,7340.0,72000
1243827900000,7425.0,7475.0,7201.0,7304.0,591400
1243838700000,7301.25,7331.05,7236.5,7282.0,461800
1243849500000,7281.0,7328.0,7280.05,7325.0,84150
1243914300000,7350.0,7350.0,7135.05,7150.0,571950
1243925100000,7148.5,7299.0,7035.3,7248.0,786300
1243935900000,7250.0,7334.0,7245.2,7320.0,116550
1244000700000,7351.5,7360.0,7235.0,7280.0,413350
1244011500000,7281.0,7297.0,7105.0,7196.0,682350
1244022300000,7192.0,7200.05,7150.0,7150.0,86600
1244087100000,7105.05,7132.0,7041.0,7115.5,538850
1244097900000,7116.0,7299.4,7115.0,7298.0,676500
1244108700000,7295.6,7309.0,7277.0,7305.0,80700
1244173500000,7390.0,7390.0,7265.0,7323.2,518150
1244184300000,7323.05,7390.0,7241.0,7263.0,615000
1244195100000,7266.05,7300.0,7260.0,7280.0,82700
1244432700000,7255.05,7283.0,7065.0,7083.0,523600
1244443500000,7084.0,7118.0,6880.0,6880.2,597200
1244454300000,6886.0,6920.0,6871.0,6910.0,123700
1244519100000,6839.0,7097.0,6839.0,7081.0,691450
1244529900000,7081.0,7147.95,7067.0,7086.35,482100
1244540700000,7087.9,7135.0,7085.6,7130.0,73200
1244605500000,7200.0,7362.5,7179.0,7302.0,584850
1244616300000,7299.5,7372.0,7261.2,7292.5,551450
1244627100000,7290.0,7328.0,7286.35,7310.0,62350
1244691900000,7300.0,7340.0,7196.5,7285.4,491400
1244702700000,7294.9,7294.9,7136.0,7219.0,769050
1244713500000,7215.55,7247.0,7212.55,7220.0,50950
1244778300000,7260.0,7318.0,7200.0,7239.0,409050
1244789100000,7239.0,7244.75,7031.0,7061.0,686000
1244799900000,7070.0,7073.9,7045.0,7061.3,96050
1245037500000,6999.0,7170.0,6950.0,7091.4,640500
1245048300000,7094.95,7137.0,7001.5,7033.95,484250
1245059100000,7036.0,7125.0,7030.0,7111.5,113000
1245123900000,7000.1,7226.9,6961.1,7135.55,807900
1245134700000,7138.95,7305.0,7137.15,7268.0,506750
1245145500000,7270.0,7281.0,7250.0,7273.3,110700
1245210300000,7288.0,7288.0,7190.0,7267.0,477000
1245221100000,7268.0,7331.0,7045.35,7047.95,881950
1245231900000,7052.0,7052.0,6990.0,7000.0,198450
1245296700000,7040.0,7221.0,6975.0,7211.1,730900
1245307500000,7214.0,7237.0,6925.0,7070.05,956000
1245318300000,7070.0,7110.0,7061.0,7110.0,89200
1245383100000,7157.0,7219.0,7081.0,7180.0,698750
1245393900000,7184.0,7245.0,6999.95,7238.0,972200
1245404700000,7237.95,7259.5,7226.0,7259.5,104650
1245642300000,7318.85,7410.0,7255.0,7321.9,736050
1245653100000,7322.0,7362.0,7192.4,7202.0,874950
1245663900000,7205.0,7231.0,7170.0,7172.2,108800
1245728700000,7047.5,7133.5,6976.0,7033.3,745750
1245739500000,7038.7,7125.0,7002.0,7095.0,663950
1245750300000,7090.0,7091.95,7055.0,7070.0,89250
1245815100000,7125.0,7140.0,7000.15,7060.0,504050
1245825900000,7064.95,7156.0,7050.0,7122.25,675700
1245836700000,7122.25,7134.0,7115.0,7125.0,74000
1245901500000,7165.0,7185.0,7115.5,7168.9,360550
1245912300000,7165.0,7250.0,7115.0,7123.5,606500
1245923100000,7124.45,7128.0,7115.0,7123.05,54050
1245987900000,7195.0,7227.7,7145.5,7212.0,409800
1245998700000,7213.0,7422.0,7195.5,7406.0,748800
1246009500000,7410.0,7410.0,7380.0,7405.0,122400
1246247100000,7402.0,7495.0,7373.0,7472.5,577900
1246257900000,7471.35,7622.0,7471.35,7508.0,703950
1246268700000,7511.35,7517.4,7470.0,7483.0,114950
1246333500000,7540.0,7560.0,7402.4,7430.0,698050
1246344300000,7430.0,7430.0,7275.0,7293.75,842250
1246355100000,7292.7,7348.8,7290.0,7340.0,125550
1246419900000,7312.0,7403.5,7243.05,7303.5,817700
1246430700000,7305.0,7474.0,7291.0,7450.0,801500
1246441500000,7447.45,7457.05,7425.0,7430.0,69450
1246506300000,7440.1,7450.0,7363.0,7445.0,468050
1246517100000,7445.8,7448.0,7265.0,7372.0,782350
1246527900000,7370.0,7379.95,7340.55,7355.0,56550
1246592700000,7338.0,7447.9,7305.0,7442.6,380850
1246603500000,7441.55,7590.0,7405.0,7567.5,687900
1246614300000,7571.1,7573.0,7542.4,7553.0,128900
1246851900000,7524.0,7695.0,7245.5,7245.5,973700
1246862700000,7245.0,7255.0,6805.0,6888.0,1312850
1246873500000,6880.0,6960.0,6840.35,6935.0,156700
1246938300000,6950.0,7055.0,6875.25,6911.0,680150
1246949100000,6911.0,6985.0,6840.1,6920.0,637150
1246959900000,6921.0,6945.0,6911.05,6931.0,54700
1247024700000,6820.0,6820.0,6610.2,6667.0,738750
1247035500000,6667.0,6755.0,6612.35,6652.0,693400
1247046300000,6650.0,6662.95,6630.0,6635.0,91750
1247111100000,6651.0,6711.0,6530.0,6645.0,624900
1247121900000,6648.0,6738.0,6626.0,6650.0,641950
1247132700000,6652.0,6665.0,6640.0,6640.0,72700
1247197500000,6667.0,6710.0,6633.0,6681.5,408050
1247208300000,6685.0,6749.0,6430.0,6435.0,739600
1247219100000,6440.0,6471.0,6403.0,6471.0,81000
1247456700000,6386.9,6486.85,6367.8,6410.0,613300
1247467500000,6408.0,6520.0,6382.0,6519.8,632500
1247478300000,6520.0,6554.95,6520.0,6542.0,134700
1247543100000,6634.0,6775.0,6634.0,6734.9,590800
1247553900000,6730.0,6749.0,6663.0,6736.5,737050
1247564700000,6739.0,6773.9,6734.05,6772.0,104100
1247629500000,6795.0,6815.0,6705.0,6779.0,495650
1247640300000,6776.15,6939.0,6762.5,6919.9,760750
1247651100000,6919.0,6975.0,6917.0,6964.0,122500
1247715900000,7004.0,7051.0,6852.5,6902.0,647800
1247726700000,6902.0,6966.0,6842.15,6890.1,772450
1247737500000,6888.0,6925.0,6883.0,6920.0,96150
1247802300000,6960.0,7133.0,6951.0,7111.5,621000
1247813100000,7111.0,7245.0,7110.0,7227.0,669250
1247823900000,7227.0,7256.0,7222.85,7240.0,134250
1248061500000,7300.0,7389.0,7230.0,7375.0,431650
1248072300000,7377.0,7557.0,7363.35,7538.65,751850
1248083100000,7538.0,7558.0,7530.5,7557.0,100800
1248147900000,7549.8,7549.8,7415.0,7455.5,546350
1248158700000,7457.0,7517.2,7388.2,7440.0,750800
1248169500000,7441.0,7464.0,7416.0,7456.2,86800
1248234300000,7479.0,7615.0,7475.0,7550.05,545000
1248245100000,7550.05,7573.5,7282.5,7315.0,911000
1248255900000,7314.0,7385.0,7314.0,7375.0,129600
1248320700000,7450.0,7529.9,7405.0,7417.0,648400
1248331500000,7415.0,7511.8,7380.5,7480.0,657050
1248342300000,7481.0,7482.65,7463.0,7470.0,72200
1248407100000,7518.6,7535.0,7345.0,7369.0,569200
1248417900000,7370.0,7473.0,7361.3,7390.0,599700
1248428700000,7389.95,7417.0,7386.5,7414.0,70350
1248666300000,7440.5,7499.0,7400.1,7436.95,330650
1248677100000,7431.0,7437.8,7350.0,7407.95,484700
1248687900000,7407.95,7427.5,7402.0,7410.0,78700
1248752700000,7420.4,7440.0,7282.5,7299.95,642750
1248763500000,7300.5,7375.5,7270.0,7318.0,608350
1248774300000,7316.7,7332.05,7305.0,7314.45,67500
1248839100000,7299.0,7299.0,7090.0,7090.0,578100
1248849900000,7090.0,7260.0,7090.0,7236.0,600100
1248860700000,7236.0,7245.0,7215.5,7230.0,71700
1248925500000,7199.5,7274.0,7182.05,7264.15,518850
1248936300000,7264.0,7360.05,7261.0,7358.0,384500
1248947100000,7359.0,7390.0,7359.0,7387.6,58450
1249011900000,7540.0,7630.0,7500.0,7585.0,544550
1249022700000,7589.0,7625.0,7501.0,7565.0,511550
1249033500000,7564.0,7578.0,7557.05,7570.0,74250
1249271100000,7575.0,7610.5,7525.0,7560.0,341100
1249281900000,7561.0,7675.0,7510.0,7666.25,528300
1249292700000,7666.25,7701.0,7657.0,7698.0,97850
1249357500000,7695.0,7728.0,7605.0,7686.5,548050
1249368300000,7688.95,7722.0,7568.0,7617.0,598300
1249379100000,7618.0,7643.85,7615.0,7615.0,91050
1249443900000,7609.0,7653.95,7510.0,7533.0,444900
1249454700000,7535.0,7652.0,7525.1,7617.05,408950
1249465500000,7617.0,7622.9,7603.0,7615.0,54750
1249530300000,7590.0,7643.0,7545.0,7629.7,411700
1249541100000,7629.65,7703.5,7435.0,7463.7,905500
1249551900000,7465.5,7486.8,7437.0,7455.0,127100
1249616700000,7410.0,7464.0,7324.4,7344.7,449550
1249627500000,7344.0,7344.75,7231.4,7257.0,579750
1249638300000,7255.5,7259.0,7230.0,7252.0,97400
1249875900000,7390.0,7400.0,7126.25,7206.0,608050
1249886700000,7206.0,7295.0,7152.0,7166.5,694300
1249897500000,7164.0,7184.9,7130.0,7130.0,117750
1249962300000,7151.0,7254.9,7145.0,7245.0,519700
1249973100000,7242.0,7305.35,7130.05,7228.0,640750
1249983900000,7228.0,7235.0,7202.0,7227.8,55400
1250048700000,7150.0,7150.0,7020.0,7040.0,584650
1250059500000,7042.0,7184.0,6974.0,7166.0,690450
1250070300000,7167.0,7210.0,7162.25,7210.0,93400
1250135100000,7341.0,7390.0,7301.0,7383.3,423600
1250145900000,7385.55,7495.7,7348.35,7482.2,537600
1250156700000,7482.7,7506.0,7475.0,7505.0,95700
1250221500000,7521.0,7522.0,7410.0,7427.2,364800
1250232300000,7428.25,7470.0,7367.0,7410.0,546200
1250243100000,7405.0,7421.0,7393.15,7410.1,77850
1250480700000,7300.0,7300.0,7184.0,7192.0,461300
1250491500000,7192.6,7214.0,7065.5,7100.0,416200
1250502300000,7102.8,7118.0,7066.0,7103.0,103950
1250567100000,7076.0,7280.0,7076.0,7275.05,490650
1250577900000,7272.0,7300.0,7162.6,7215.3,595300
1250588700000,7216.35,7224.95,7200.5,7214.0,68700
1250653500000,7198.5,7244.9,6995.0,7012.0,678350
1250664300000,7007.1,7157.8,6985.0,7085.0,605200
1250675100000,7088.0,7140.0,7070.0,7130.0,93500
1250739900000,7230.0,7278.0,7221.6,7256.05,455900
1250750700000,7260.0,7325.0,7241.0,7260.0,534850
1250761500000,7260.0,7261.9,7227.6,7255.0,94550
1250826300000,7207.3,7256.0,7128.05,7243.5,571000
1250837100000,7245.0,7424.0,7221.25,7398.95,690800
1250847900000,7398.0,7406.35,7373.4,7385.0,85100
1251085500000,7506.1,7545.0,7501.0,7534.95,274450
1251096300000,7533.2,7560.0,7491.25,7527.5,379000
1251107100000,7530.0,7534.0,7495.0,7500.0,72450
1251171900000,7470.0,7474.0,7376.0,7456.05,551600
1251182700000,7456.5,7489.4,7405.0,7439.95,399000
1251193500000,7438.0,7446.0,7421.1,7436.9,59150
1251258300000,7450.0,7479.0,7414.0,7421.0,288950
1251269100000,7420.0,7456.0,7387.0,7440.0,351800
1251279900000,7441.9,7442.0,7421.05,7430.0,46750
1251344700000,7399.95,7430.0,7386.0,7422.8,218250
1251355500000,7422.0,7449.0,7370.0,7381.55,269850
1251366300000,7381.95,7386.9,7376.0,7386.9,71050
1251431100000,7405.5,7458.8,7405.25,7447.0,284900
1251441900000,7448.0,7548.0,7382.0,7515.0,605500
1251452700000,7515.0,7515.05,7491.0,7496.0,81550
1251690300000,7412.3,7480.0,7400.0,7425.0,325500
1251701100000,7424.8,7467.75,7387.0,7446.95,410600
1251711900000,7447.15,7463.0,7440.25,7459.05,74650
1251776700000,7486.0,7600.0,7481.0,7576.2,446850
1251787500000,7575.0,7589.5,7344.0,7386.85,848850
1251798300000,7388.0,7398.0,7371.5,7371.5,71000
1251863100000,7325.0,7419.0,7315.0,7405.0,416450
1251873900000,7406.0,7414.9,7350.0,7358.45,297050
1251884700000,7357.0,7364.55,7344.0,7359.0,65950
1251949500000,7395.0,7415.0,7332.0,7397.0,352750
1251960300000,7397.0,7434.9,7341.0,7346.5,335950
1251971100000,7343.65,7369.9,7343.65,7362.8,71350
1252035900000,7371.2,7400.0,7355.25,7362.1,219300
1252046700000,7363.7,7499.0,7359.95,7470.0,495750
1252057500000,7470.0,7487.0,7465.5,7487.0,43700
1252381500000,7700.0,7737.0,7660.0,7705.05,402000
1252392300000,7707.75,7795.0,7690.0,7748.1,641000
1252403100000,7748.9,7750.0,7710.0,7725.0,76650
1252467900000,7691.0,7758.0,7685.0,7758.0,297750
1252478700000,7756.0,7815.1,7711.0,7796.1,525750
1252489500000,7796.0,7803.0,7780.0,7795.0,92950
1252554300000,7891.0,7962.0,7849.0,7912.0,470800
1252565100000,7913.0,7935.0,7825.0,7835.0,567700
1252575900000,7831.2,7836.9,7805.1,7814.0,104550
1252640700000,7880.0,7895.0,7816.0,7848.45,420950
1252651500000,7845.5,7919.0,7810.0,7915.0,635400
1252662300000,7912.2,7964.0,7910.0,7960.0,160800
1252899900000,7891.0,7998.8,7891.0,7977.0,542350
1252910700000,7978.9,8018.0,7961.3,7987.5,420500
1252921500000,7988.0,8018.0,7988.0,8014.0,111200
1252986300000,8023.0,8168.7,8023.0,8164.95,558850
1252997100000,8165.0,8214.9,8136.5,8214.0,495150
1253007900000,8213.8,8230.0,8205.0,8215.0,129650
1253072700000,8270.0,8333.0,8270.0,8303.1,452250
1253083500000,8302.95,8378.5,8280.0,8370.9,408800
1253094300000,8370.0,8387.0,8362.0,8385.0,121250
1253159100000,8410.0,8493.0,8410.0,8436.3,502900
1253169900000,8437.45,8475.0,8395.0,8449.4,515450
1253180700000,8449.0,8449.0,8411.2,8411.2,112250
1253245500000,8411.1,8433.0,8345.4,8345.4,504200
1253256300000,8343.3,8394.8,8300.0,8370.0,526100
1253267100000,8372.9,8393.5,8361.3,8385.0,103000
1253591100000,8374.0,8453.9,8360.0,8421.0,302000
1253601900000,8422.0,8474.5,8411.65,8449.8,365350
1253612700000,8448.0,8485.0,8445.0,8476.0,88300
1253677500000,8448.0,8493.0,8432.2,8480.0,347850
1253688300000,8480.0,8546.95,8406.0,8432.0,581000
1253699100000,8432.8,8437.0,8417.5,8429.0,67750
1253763900000,8390.0,8428.0,8355.55,8427.05,417500
1253774700000,8426.0,8556.3,8393.25,8535.0,486050
1253785500000,8538.0,8548.8,8536.0,8545.05,84850
1253850300000,8500.0,8548.0,8470.0,8534.95,347700
1253861100000,8531.0,8555.0,8430.0,8471.0,635100
1253871900000,8470.6,8480.0,8463.0,8470.0,81600
1254195900000,8531.1,8559.0,8470.0,8503.2,349300
1254206700000,8505.0,8511.9,8471.0,8486.0,300900
1254217500000,8486.05,8495.0,8474.9,8482.0,63600
1254282300000,8484.0,8630.0,8471.0,8611.2,533900
1254293100000,8611.0,8768.4,8601.2,8768.4,1030450
1254303900000,8766.55,8789.0,8765.1,8786.0,159100
1254368700000,8750.5,8854.0,8750.5,8825.0,536000
1254379500000,8822.0,8875.0,8772.2,8815.0,715850
1254390300000,8817.0,8833.0,8803.5,8821.8,97000
1254714300000,8721.0,8789.0,8721.0,8765.1,438700
1254725100000,8765.0,8765.95,8672.0,8674.8,467850
1254735900000,8676.15,8679.0,8650.0,8670.0,133650
1254800700000,8721.0,8748.0,8555.0,8590.0,682300
1254811500000,8585.5,8833.9,8561.0,8828.9,902750
1254822300000,8826.95,8847.0,8817.0,8824.0,148400
1254887100000,8860.0,8963.0,8860.0,8926.5,498850
1254897900000,8924.0,8924.0,8743.55,8751.0,1019650
1254908700000,8749.95,8749.95,8713.95,8720.1,163750
1254973500000,8775.05,8890.0,8720.1,8878.0,687550
1254984300000,8877.2,8893.6,8825.0,8851.5,492150
1254995100000,8852.5,8860.0,8823.0,8826.0,115650
1255059900000,8880.0,8884.0,8686.1,8711.0,622700
1255070700000,8710.0,8739.0,8650.0,8684.0,655550
1255081500000,8686.0,8703.65,8676.55,8680.0,101800
1255319100000,8705.8,8791.0,8705.0,8769.0,380900
1255329900000,8769.0,8997.0,8735.7,8975.0,878200
1255340700000,8975.0,8990.1,8956.3,8990.1,103700
1255491900000,9035.0,9095.0,9035.0,9081.0,431050
1255502700000,9082.0,9154.5,9057.0,9127.0,548650
1255513500000,9127.0,9160.0,9126.0,9155.0,96900
1255578300000,9200.0,9231.05,9126.6,9221.2,544050
1255589100000,9224.9,9288.0,9160.0,9286.0,608900
1255599900000,9286.0,9295.0,9280.0,9286.0,115550
1255664700000,9280.0,9495.0,9242.05,9473.5,759900
1255675500000,9477.45,9538.0,9462.25,9522.0,539050
1255686300000,9523.0,9564.0,9508.0,9564.0,147650
1256010300000,9520.0,9596.0,9503.0,9575.0,455100
1256021100000,9575.0,9592.0,9400.0,9433.0,949950
1256031900000,9434.0,9467.0,9433.5,9455.65,79400
1256096700000,9425.0,9444.0,9335.0,9355.0,630850
1256107500000,9355.0,9384.0,9279.8,9281.65,650850
1256118300000,9282.0,9294.9,9273.5,9276.5,102400
1256183100000,9255.0,9268.0,9160.15,9187.0,584400
1256193900000,9184.95,9216.0,9070.0,9093.95,799050
1256204700000,9091.0,9150.0,9091.0,9150.0,133000
1256269500000,9220.0,9265.0,9201.0,9264.0,447850
1256280300000,9263.95,9278.9,9140.7,9205.0,669300
1256291100000,9201.0,9223.0,9197.0,9197.0,108100
1256528700000,9225.0,9225.0,9085.0,9132.75,611250
1256539500000,9135.8,9179.0,9032.1,9049.9,807550
1256550300000,9046.0,9065.0,9037.0,9065.0,100900
1256615100000,9011.1,9120.0,8785.1,8789.8,1228750
1256625900000,8785.0,8820.9,8685.1,8735.0,999350
1256636700000,8731.0,8735.0,8708.0,8722.0,144700
1256701500000,8690.2,8690.2,8425.05,8643.0,893650
1256712300000,8640.0,8684.9,8532.0,8612.3,619100
1256723100000,8615.0,8664.0,8615.0,8627.0,104350
1256787900000,8496.0,8554.0,8421.0,8470.7,398350
1256798700000,8470.7,8558.5,8390.0,8416.0,552900
1256809500000,8415.0,8431.85,8413.0,8418.0,49050
1256874300000,8531.1,8745.45,8531.1,8665.0,663500
1256885100000,8668.0,8676.85,8381.4,8433.0,1233700
1256895900000,8437.5,8446.0,8400.9,8406.0,111650
1257219900000,8350.0,8517.95,8338.55,8405.0,788100
1257230700000,8405.0,8445.0,8180.7,8200.0,736900
1257241500000,8197.25,8245.1,8186.0,8205.0,109300
1257306300000,8301.15,8422.95,8246.0,8375.0,793250
1257317100000,8376.0,8503.0,8325.0,8484.5,695050
1257327900000,8485.0,8509.0,8465.0,8485.0,115700
1257392700000,8465.0,8465.0,8327.85,8347.95,573800
1257403500000,8344.0,8581.0,8290.0,8563.05,1082850
1257414300000,8566.8,8581.2,8537.0,8555.0,83700
1257479100000,8697.0,8764.0,8617.45,8699.0,630050
1257489900000,8684.0,8766.0,8666.0,8688.65,685100
1257500700000,8685.0,8712.0,8665.25,8701.0,116000
1257738300000,8730.0,8845.0,8730.0,8840.0,510250
1257749100000,8840.9,9134.0,8828.0,9129.95,975900
1257759900000,9131.0,9142.0,9117.15,9134.9,142900
1257824700000,9200.0,9239.95,9141.0,9232.0,543900
1257835500000,9231.0,9231.0,9072.65,9135.0,814100
1257846300000,9135.0,9149.2,9116.0,9125.0,96600
1257911100000,9165.0,9224.0,9075.0,9185.0,514300
1257921900000,9180.0,9340.0,9175.15,9325.95,760700
1257932700000,9328.1,9354.0,9320.5,9350.0,106950
1257997500000,9290.0,9299.95,9161.2,9205.8,730250
1258008300000,9205.8,9237.0,9011.25,9047.5,768800
1258019100000,9047.8,9130.0,9044.95,9125.0,156800
1258083900000,9085.25,9224.0,9052.0,9220.0,588450
1258094700000,9220.0,9224.0,9118.65,9145.0,656600
1258105500000,9145.0,9172.0,9142.5,9160.0,70050
1258343100000,9225.0,9350.0,9212.0,9321.3,446000
1258353900000,9321.2,9336.6,9258.1,9279.0,430600
1258364700000,9279.0,9280.0,9264.0,9266.0,79450
1258429500000,9251.15,9251.15,9105.0,9117.95,477850
1258440300000,9118.0,9315.0,9096.05,9298.0,682800
1258451100000,9296.0,9315.0,9277.0,9280.0,115750
1258515900000,9249.9,9320.0,9223.0,9270.0,506600
1258526700000,9269.85,9286.0,9195.85,9212.0,457050
1258537500000,9213.0,9243.0,9210.25,9224.9,117950
1258602300000,9199.0,9199.0,9101.0,9160.15,582550
1258613100000,9160.0,9165.0,8962.6,9021.7,742350
1258623900000,9021.55,9047.0,9017.95,9027.0,125100
1258688700000,8972.6,9035.0,8940.0,8976.95,411650
1258699500000,8976.5,9244.95,8876.65,9203.05,1291200
1258710300000,9207.7,9250.1,9207.7,9242.2,152650
1258947900000,9307.0,9315.0,9283.0,9310.15,464450
1258958700000,9310.55,9345.0,9226.4,9290.0,701350
1258969500000,9290.55,9312.0,9263.8,9273.0,109900
1259034300000,9275.0,9284.5,9171.2,9173.0,543700
1259045100000,9173.0,9299.0,9146.0,9234.0,770750
1259055900000,9235.0,9242.5,9208.05,9212.3,98800
1259120700000,9221.35,9324.85,9213.15,9313.85,414014
1259131500000,9312.05,9360.0,9251.0,9309.0,574854
1259142300000,9307.0,9310.0,9295.25,9300.0,59600
1259207100000,9295.0,9295.0,9190.0,9200.25,315315
1259217900000,9200.15,9202.0,9059.95,9065.05,542164
1259228700000,9065.0,9075.0,9056.0,9069.0,69300
1259293500000,8901.0,8901.0,8640.0,8660.0,880868
1259304300000,8660.0,8987.0,8550.0,8967.8,1391074
1259315100000,8963.5,8995.0,8930.0,8945.0,145651
1259552700000,9031.5,9127.75,8972.0,9055.05,744813
1259563500000,9055.05,9124.5,9006.0,9048.0,698750
1259574300000,9048.0,9048.0,8982.0,8982.0,143050
1259639100000,9018.0,9177.0,9018.0,9174.0,572870
1259649900000,9172.0,9273.0,9136.05,9255.0,602111
1259660700000,9255.0,9272.9,9246.7,9250.0,102150
1259725500000,9289.3,9395.0,9280.0,9324.0,690722
1259736300000,9325.0,9378.4,9290.0,9316.75,590150
1259747100000,9317.3,9318.0,9300.0,9306.0,79450
1259811900000,9361.5,9429.35,9330.05,9404.0,515914
1259822700000,9404.0,9444.0,9285.5,9337.5,786910
1259833500000,9335.2,9348.0,9303.45,9305.0,88250
1259898300000,9276.0,9339.0,9230.0,9303.0,573112
1259909100000,9303.0,9328.45,9186.0,9255.0,772110
1259919900000,9255.0,9261.95,9236.0,9255.0,77500
1260157500000,9251.05,9298.8,9180.0,9248.0,498764
1260168300000,9246.0,9253.0,9130.0,9154.0,616512
1260179100000,9151.55,9177.5,9135.0,9135.0,86600
1260243900000,9153.0,9232.95,9136.0,9215.0,480711
1260254700000,9214.0,9328.0,9120.0,9315.75,1043521
1260265500000,9315.8,9324.9,9306.0,9324.0,118200
1260330300000,9248.8,9279.0,9184.0,9189.0,537012
1260341100000,9195.0,9208.5,9112.0,9162.25,900815
1260351900000,9163.3,9190.0,9156.3,9181.05,135100
1260416700000,9199.95,9199.95,9080.0,9165.0,581913
1260427500000,9164.7,9244.0,9153.0,9214.4,746155
1260438300000,9214.4,9217.95,9202.5,9205.0,98100
1260503100000,9269.0,9300.0,9125.4,9136.8,643523
1260513900000,9136.85,9180.0,9056.2,9109.0,825811
1260524700000,9109.0,9115.85,9082.0,9095.05,145150
1260762300000,9060.0,9148.0,9060.0,9092.2,659955
1260773100000,9092.0,9100.0,8989.5,9007.85,786661
1260783900000,9008.8,9019.6,8996.35,8998.0,123900
1260848700000,9018.0,9050.0,8870.5,8890.0,698683
1260859500000,8886.0,8900.0,8726.55,8747.0,1010828
1260870300000,8742.0,8747.95,8711.0,8720.0,133952
1260935100000,8725.0,8725.0,8651.0,8688.0,663810
1260945900000,8687.5,8769.2,8641.0,8682.0,981411
1260956700000,8683.0,8698.0,8678.25,8685.0,110350
1261021500000,8661.0,8679.95,8610.1,8620.0,629156
1261032300000,8621.0,8779.5,8590.1,8710.0,1256221
1261043100000,8709.0,8712.0,8690.2,8708.0,122850
1261107900000,8674.0,8707.75,8648.0,8680.0,466707
1261118700000,8681.0,8718.0,8580.0,8606.7,831314
1261129500000,8605.1,8609.85,8570.0,8580.0,160053
1261367100000,8584.0,8663.5,8561.55,8642.0,651610
1261377900000,8641.0,8654.0,8590.6,8603.5,575500
1261388700000,8605.0,8612.0,8590.0,8593.0,110200
1261453500000,8650.0,8732.0,8645.0,8716.5,548813
1261464300000,8715.5,8742.0,8660.0,8712.2,525800
1261475100000,8712.0,8742.0,8708.0,8742.0,132350
1261539900000,8747.0,8847.0,8747.0,8842.0,615114
1261550700000,8842.0,8939.9,8840.65,8931.0,607516
1261561500000,8933.0,8940.0,8928.0,8939.5,90500
1261626300000,8935.0,8984.8,8925.0,8960.0,436055
1261637100000,8961.8,9014.0,8892.5,8992.0,582413
1261647900000,8988.0,8990.0,8950.0,8951.0,135000
1262058300000,9000.0,9025.0,8961.5,9024.4,338057
1262069100000,9024.4,9050.0,8986.0,9006.5,471450
1262079900000,9006.5,9012.45,8996.25,9006.0,70150
1262144700000,8998.65,9019.0,8935.0,8954.0,393805
1262155500000,8953.0,9005.0,8941.35,8978.0,332550
1262166300000,8980.0,8995.0,8973.0,8984.0,82400
1262231100000,9035.0,9079.95,9030.0,9075.0,376507
1262241900000,9073.05,9094.75,9020.1,9033.05,392052
1262252700000,9037.95,9039.5,9030.05,9032.5,97950
1262576700000,9026.3,9090.0,9025.0,9067.5,315903
1262587500000,9067.0,9139.0,9063.0,9109.05,376611
1262598300000,9111.0,9124.0,9111.0,9120.0,49900
1262663100000,9172.0,9175.0,9131.2,9148.1,310000
1262673900000,9151.0,9203.0,9148.5,9171.1,368850
1262684700000,9171.55,9175.0,9163.0,9172.0,60700
1262749500000,9184.0,9249.0,9172.0,9222.0,661815
1262760300000,9222.0,9240.0,9181.35,9216.0,458400
1262771100000,9217.0,9226.1,9209.05,9210.0,88000
1262835900000,9170.0,9184.9,9145.25,9157.65,326951
1262846700000,9156.4,9194.0,9138.25,9182.0,319600
1262857500000,9182.0,9187.0,9172.0,9180.0,62600
1262922300000,9178.55,9186.0,9152.25,9165.0,205553
1262933100000,9165.0,9184.9,9128.35,9137.95,325252
1262943900000,9137.95,9170.0,9133.65,9168.0,101600
1263181500000,9213.0,9243.0,9213.0,9228.6,244200
1263192300000,9229.0,9240.0,9160.0,9180.0,389556
1263203100000,9180.0,9192.0,9180.0,9186.0,69150
1263267900000,9109.9,9114.0,9067.0,9076.0,472501
1263278700000,9080.0,9103.0,8976.5,8986.0,557163
1263289500000,8985.05,8989.9,8976.0,8978.0,87051
1263354300000,8900.05,8942.0,8848.0,8858.05,427555
1263365100000,8859.9,8952.0,8843.3,8946.0,524902
1263375900000,8947.0,8959.9,8945.0,8945.05,110901
1263440700000,9023.0,9055.0,9001.0,9017.45,406950
1263451500000,9018.0,9018.95,8890.0,8899.0,525265
1263462300000,8899.0,8941.85,8894.1,8930.0,101550
1263527100000,8949.25,8949.25,8875.1,8907.0,406106
1263537900000,8907.0,9000.0,8905.0,8914.9,609360
1263548700000,8913.5,8932.95,8900.0,8909.0,93050
1263786300000,8889.95,9084.9,8881.05,9081.0,734382
1263797100000,9079.05,9105.0,9038.0,9086.0,524755
1263807900000,9086.0,9119.0,9085.2,9110.0,154251
1263872700000,9113.0,9177.0,9108.1,9170.0,405813
1263883500000,9173.95,9196.65,9112.0,9123.1,627002
1263894300000,9123.0,9127.9,9115.0,9117.0,65300
1263959100000,9179.0,9183.0,9120.0,9136.95,342505
1263969900000,9139.0,9148.95,9081.3,9120.0,465452
1263980700000,9121.0,9126.0,9109.0,9125.8,54050
1264045500000,9070.0,9076.75,9006.0,9032.9,390809
1264056300000,9033.45,9034.95,8900.0,8908.95,767117
1264067100000,8908.95,8911.95,8895.0,8900.0,106400
1264131900000,8784.1,8888.55,8665.5,8857.0,818713
1264142700000,8856.55,8860.55,8735.35,8770.0,469900
1264153500000,8769.05,8774.8,8740.0,8760.0,83250
1264391100000,8755.5,8758.0,8661.2,8685.0,372700
1264401900000,8685.0,8748.5,8678.0,8682.0,327100
1264412700000,8682.0,8702.5,8675.1,8691.0,94100
1264563900000,8562.25,8575.0,8371.0,8402.0,715071
1264574700000,8404.95,8427.95,8325.0,8334.15,581403
1264585500000,8335.0,8335.0,8262.0,8270.0,131254
1264650300000,8370.0,8508.0,8370.0,8446.15,639454
1264661100000,8446.15,8467.0,8350.0,8419.0,491751
1264671900000,8419.0,8422.85,8413.0,8422.8,121200
1264736700000,8320.0,8475.0,8260.1,8308.0,1387512
1264747500000,8308.0,8684.0,8295.0,8647.0,1407783
1264758300000,8645.2,8646.75,8605.0,8623.9,141200
1264995900000,8562.0,8651.5,8455.0,8644.5,898768
1265006700000,8645.0,8700.0,8601.0,8637.5,664205
1265017500000,8636.95,8640.0,8620.5,8640.0,78700
1265082300000,8674.0,8674.8,8512.0,8520.25,741669
1265093100000,8524.0,8581.0,8415.15,8449.5,676218
1265103900000,8450.0,8450.0,8423.1,8439.0,116050
1265168700000,8488.0,8628.9,8460.0,8592.2,756270
1265179500000,8590.55,8655.0,8582.1,8632.0,577551
1265190300000,8632.85,8634.0,8600.0,8610.0,109450
1265255100000,8588.0,8589.8,8506.7,8527.0,655755
1265265900000,8529.55,8547.0,8425.05,8435.0,615513
1265276700000,8433.3,8466.0,8423.1,8452.1,128901
1265341500000,8191.0,8295.0,8175.0,8211.0,661403
1265352300000,8216.0,8270.0,8151.0,8217.0,819302
1265363100000,8215.0,8218.0,8191.0,8200.0,112750
1265600700000,8255.0,8370.0,8141.0,8168.0,892470
1265611500000,8168.25,8421.1,8156.0,8356.0,1122209
1265622300000,8357.5,8361.0,8331.0,8341.2,140750
1265687100000,8266.5,8389.0,8260.05,8350.0,576856
1265697900000,8350.0,8439.9,8338.0,8410.0,674758
1265708700000,8409.0,8411.0,8382.0,8383.0,87350
1265773500000,8418.3,8418.3,8311.25,8351.0,564859
1265784300000,8351.0,8426.0,8255.75,8279.8,888009
1265795100000,8279.8,8293.0,8273.0,8280.0,127950
1265859900000,8385.0,8455.0,8381.55,8405.0,635462
1265870700000,8407.0,8440.0,8380.05,8399.1,457450
1265881500000,8396.0,8412.4,8380.05,8390.0,114300
1266205500000,8373.0,8381.0,8272.5,8281.25,550615
1266216300000,8282.0,8348.0,8277.65,8309.8,339650
1266227100000,8308.0,8316.95,8292.6,8305.0,87100
1266291900000,8325.0,8336.0,8286.0,8308.0,293953
1266302700000,8310.0,8402.1,8306.1,8394.55,565211
1266313500000,8392.05,8452.0,8391.0,8450.0,177211
1266378300000,8480.0,8540.0,8462.0,8525.0,460714
1266389100000,8526.0,8554.9,8461.35,8536.5,717053
1266399900000,8536.0,8548.0,8528.0,8540.0,97550
1266464700000,8534.0,8579.95,8505.0,8577.0,584454
1266475500000,8576.5,8594.95,8519.0,8558.1,509802
1266486300000,8555.4,8564.8,8550.2,8560.0,86450
1266551100000,8471.2,8495.0,8416.1,8435.05,434950
1266561900000,8435.05,8538.95,8403.1,8486.0,700210
1266572700000,8484.8,8489.75,8472.0,8480.0,81150
1266810300000,8580.0,8596.0,8555.25,8576.5,345504
1266821100000,8574.0,8590.0,8481.5,8496.3,578214
1266831900000,8498.15,8501.0,8452.15,8470.0,125351
1266896700000,8505.0,8585.0,8500.2,8536.95,582317
1266907500000,8535.0,8578.5,8500.0,8514.75,413150
1266918300000,8515.0,8529.9,8506.05,8516.0,74300
1266983100000,8505.2,8519.9,8480.0,8490.0,416850
1266993900000,8489.95,8538.0,8462.7,8505.0,485451
1267004700000,8504.45,8504.45,8493.45,8496.0,73200
1267069500000,8506.0,8519.0,8475.0,8510.0,384502
1267080300000,8510.0,8560.0,8488.6,8537.5,358357
1267091100000,8536.1,8543.0,8535.0,8538.9,76750
1267155900000,8566.5,8705.0,8524.15,8705.0,657465
1267166700000,8714.0,8864.4,8700.0,8735.0,1385978
1267177500000,8733.0,8748.0,8718.0,8734.0,132900
1267501500000,8882.0,8910.0,8851.0,8880.55,350803
1267512300000,8881.25,8945.0,8871.25,8926.8,365901
1267523100000,8926.8,8948.9,8921.1,8945.25,96153
1267587900000,8973.0,9020.0,8960.0,9008.3,388955
1267598700000,9007.75,9042.0,8969.0,9019.0,438461
1267609500000,9018.05,9034.7,9015.5,9024.0,79500
1267674300000,9041.0,9050.0,8982.35,8986.0,333350
1267685100000,8986.0,9018.8,8966.5,8997.0,458304
1267695900000,8996.0,9024.0,8996.0,9012.0,86050
1267760700000,9075.1,9085.0,9000.1,9023.8,331955
1267771500000,9023.8,9092.0,8966.0,9055.0,839904
1267782300000,9055.0,9068.0,9050.0,9060.0,109400
1268019900000,9120.0,9130.9,9090.0,9099.0,297003
1268030700000,9099.45,9168.0,9080.0,9128.5,679655
1268041500000,9128.5,9138.0,9124.8,9130.0,80400
1268106300000,9123.0,9144.0,9059.1,9100.5,369355
1268117100000,9101.5,9155.0,9082.35,9122.0,593251
1268127900000,9122.95,9129.5,9111.0,9112.0,99350
1268192700000,9132.0,9152.0,9102.0,9108.5,320450
1268203500000,9108.95,9122.0,9070.0,9105.3,491854
1268214300000,9106.8,9124.0,9103.1,9110.0,106300
1268279100000,9104.0,9139.5,9075.0,9126.05,345407
1268289900000,9125.2,9183.9,9125.0,9162.0,515958
1268300700000,9162.0,9220.0,9160.0,9217.0,189865
1268365500000,9221.0,9228.0,9165.05,9174.9,409352
1268376300000,9175.8,9198.4,9153.7,9183.05,336352
1268387100000,9183.0,9189.9,9170.0,9174.5,98100
1268624700000,9106.0,9108.9,9061.05,9077.85,361106
1268635500000,9078.0,9134.0,9076.0,9078.0,395350
1268646300000,9078.0,9094.0,9072.1,9080.0,124450
1268711100000,9051.0,9058.0,9001.0,9019.0,467210
1268721900000,9019.9,9127.0,9005.85,9127.0,606502
1268732700000,9126.0,9142.0,9106.0,9110.0,150203
1268797500000,9144.1,9229.0,9144.1,9209.0,530360
1268808300000,9209.95,9228.0,9180.0,9200.95,411800
1268819100000,9200.0,9202.0,9181.0,9197.0,87850
1268883900000,9188.0,9244.5,9161.05,9214.55,422454
1268894700000,9215.1,9241.9,9202.15,9229.9,276200
1268905500000,9230.0,9281.95,9230.0,9276.0,196410
1268970300000,9259.0,9284.0,9240.1,9259.0,294603
1268981100000,9258.0,9288.0,9248.0,9287.5,273701
1268991900000,9286.05,9294.0,9270.0,9270.0,123651
1269229500000,9183.95,9243.8,9160.55,9227.0,498303
1269240300000,9228.9,9242.9,9190.9,9205.05,442350
1269251100000,9207.75,9207.75,9190.35,9191.5,98300
1269315900000,9243.0,9244.0,9205.0,9208.85,356102
1269326700000,9209.0,9249.0,9165.0,9227.75,578508
1269337500000,9228.0,9235.0,9224.2,9235.0,96500
1269488700000,9190.35,9204.0,9170.0,9190.0,287951
1269499500000,9189.0,9328.4,9186.2,9325.1,420669
1269510300000,9325.1,9329.0,9320.0,9320.0,82450
1269575100000,9358.2,9388.9,9331.65,9372.0,294354
1269585900000,9372.0,9517.5,9367.0,9485.0,789388
1269596700000,9485.0,9487.25,9457.0,9462.0,143850
1269834300000,9487.0,9554.95,9482.0,9533.0,396211
1269845100000,9533.0,9589.5,9518.0,9532.85,583656
1269855900000,9533.0,9538.0,9520.3,9531.0,91300
1269920700000,9545.0,9598.8,9543.5,9573.0,361257
1269931500000,9573.0,9588.0,9484.0,9498.0,654705
1269942300000,9498.25,9499.0,9481.1,9490.0,91000
1270007100000,9540.0,9544.0,9450.25,9477.0,467106
1270017900000,9476.8,9530.0,9470.15,9484.0,608900
1270028700000,9483.2,9495.0,9481.0,9482.0,81700
1270093500000,9503.85,9540.0,9475.05,9521.0,339801
1270104300000,9518.0,9549.0,9502.0,9540.25,320351
1270115100000,9540.3,9551.95,9532.5,9551.0,78152
1270439100000,9611.0,9644.5,9595.0,9624.4,251303
1270449900000,9625.0,9695.0,9590.5,9687.0,451114
1270460700000,9687.1,9698.7,9681.05,9698.0,85651
1270525500000,9724.0,9739.95,9663.1,9728.2,358255
1270536300000,9728.2,9774.8,9705.0,9712.1,386261
1270547100000,9717.0,9734.05,9717.0,9730.0,65950
1270611900000,9760.0,9787.0,9745.15,9765.0,274301
1270622700000,9766.5,9766.6,9641.5,9693.0,652165
1270633500000,9693.0,9694.0,9680.0,9687.0,51450
1270698300000,9661.1,9661.1,9604.0,9608.95,349451
1270709100000,9607.95,9620.0,9536.0,9542.3,656864
1270719900000,9545.0,9545.0,9501.05,9506.0,128360
1270784700000,9580.0,9640.0,9560.0,9624.0,351305
1270795500000,9624.9,9708.5,9624.3,9665.0,526323
1270806300000,9665.0,9682.65,9663.0,9675.0,82250
1271043900000,9629.0,9629.95,9572.0,9614.9,449654
1271054700000,9617.9,9645.0,9551.0,9587.0,437305
1271065500000,9586.8,9586.8,9570.5,9572.5,62150
1271130300000,9523.0,9539.0,9495.0,9502.5,401004
1271141100000,9502.0,9526.65,9476.0,9502.0,409352
1271151900000,9501.95,9508.0,9492.0,9501.25,85500
1271303100000,9554.0,9554.0,9461.1,9481.85,439611
1271313900000,9480.0,9480.0,9345.1,9355.7,541222
1271324700000,9355.0,9359.8,9346.5,9350.0,116100
1271389500000,9328.0,9428.0,9278.0,9383.5,703467
1271400300000,9383.0,9418.0,9336.1,9373.0,500350
1271411100000,9373.0,9373.0,9347.5,9350.0,114550
1271648700000,9222.0,9277.0,9220.0,9240.25,366854
1271659500000,9240.0,9354.9,9230.1,9311.5,753864
1271670300000,9315.0,9316.0,9285.05,9302.0,135500
1271735100000,9336.0,9506.9,9333.0,9502.0,1060636
1271745900000,9500.1,9505.0,9411.1,9454.7,683600
1271756700000,9454.85,9469.0,9447.05,9465.0,94350
1271821500000,9541.0,9561.0,9512.0,9545.0,446407
1271832300000,9542.0,9567.5,9504.5,9548.0,429401
1271843100000,9548.6,9558.9,9546.15,9554.0,92650
1271907900000,9506.2,9643.5,9505.0,9631.0,578530
1271918700000,9630.0,9736.0,9618.0,9634.0,767872
1271929500000,9634.0,9634.0,9551.15,9586.0,272100
1271994300000,9685.15,9772.7,9670.0,9759.0,621913
1272005100000,9759.0,9799.0,9715.25,9790.0,556553
1272015900000,9786.6,9819.95,9771.5,9813.0,153406
1272253500000,9870.0,9877.0,9818.0,9833.9,379202
1272264300000,9834.0,9873.95,9821.35,9841.95,376200
1272275100000,9841.0,9857.0,9836.15,9844.0,77050
1272339900000,9788.8,9804.0,9754.0,9768.25,371102
1272350700000,9768.0,9797.0,9750.0,9757.0,319351
1272361500000,9757.0,9773.0,9755.05,9760.0,94750
1272426300000,9675.35,9723.6,9657.0,9708.0,370150
1272437100000,9708.0,9735.0,9611.0,9630.0,667309
1272447900000,9630.0,9650.0,9628.0,9648.8,87600
1272512700000,9694.0,9744.95,9680.0,9720.5,342607
1272523500000,9720.5,9809.0,9706.0,9800.1,313453
1272534300000,9800.1,9807.8,9798.5,9805.0,87950
1272599100000,9857.0,9893.7,9846.05,9868.5,358582
1272609900000,9869.5,9881.0,9823.65,9836.7,323125
1272620700000,9837.85,9853.5,9835.0,9845.85,93425
1272858300000,9807.0,9846.4,9792.25,9820.0,300379
1272869100000,9819.0,9819.0,9737.05,9760.0,508431
1272879900000,9760.25,9784.9,9758.35,9780.0,95750
1272944700000,9798.1,9822.0,9755.55,9763.0,345350
1272955500000,9762.9,9795.5,9602.25,9622.0,874612
1272966300000,9620.0,9631.9,9605.5,9616.2,87250
1273031100000,9480.0,9549.0,9441.65,9524.0,571457
1273041900000,9523.0,9594.0,9450.0,9575.0,721835
1273052700000,9575.0,9627.95,9570.0,9623.0,152329
1273117500000,9580.0,9584.9,9464.0,9478.0,552000
1273128300000,9478.95,9620.0,9435.1,9562.0,979850
1273139100000,9564.95,9598.0,9564.95,9578.6,88675
1273203900000,9414.8,9429.0,9264.0,9267.0,760123
1273214700000,9265.1,9375.0,9235.0,9289.0,727586
1273225500000,9289.0,9313.0,9285.0,9297.0,114625
1273463100000,9405.0,9547.0,9400.8,9533.6,560845
1273473900000,9535.0,9657.7,9511.0,9656.0,703399
1273484700000,9656.65,9690.0,9651.0,9688.0,144361
1273549500000,9674.9,9715.0,9580.1,9605.95,672331
1273560300000,9606.0,9679.95,9572.5,9620.0,594401
1273571100000,9620.0,9625.0,9610.0,9611.25,75925
1273635900000,9634.0,9678.0,9580.0,9605.0,596365
1273646700000,9602.25,9743.0,9588.0,9691.0,763709
1273657500000,9692.35,9713.0,9692.35,9707.0,86600
1273722300000,9788.0,9838.1,9775.0,9819.0,473250
1273733100000,9818.0,9838.95,9740.05,9750.25,532400
1273743900000,9750.0,9765.0,9748.0,9761.0,74175
1273808700000,9738.25,9768.0,9672.0,9731.05,500550
1273819500000,9731.0,9732.5,9576.0,9600.0,855900
1273830300000,9600.0,9604.0,9540.0,9550.0,194675
1274067900000,9417.0,9427.0,9298.2,9318.1,707425
1274078700000,9319.8,9555.6,9315.25,9532.0,1025575
1274089500000,9532.0,9532.7,9505.0,9516.0,114650
1274154300000,9492.0,9520.2,9425.25,9494.0,588750
1274165100000,9492.5,9580.0,9470.1,9499.0,748350
1274175900000,9499.0,9510.0,9490.1,9502.7,74225
1274240700000,9328.0,9337.0,9264.05,9287.0,639475
1274251500000,9287.0,9325.0,9081.0,9122.25,1233525
1274262300000,9123.0,9139.0,9100.5,9126.0,150400
1274327100000,9192.1,9195.0,9120.0,9172.0,542725
1274337900000,9168.2,9260.0,9111.1,9167.5,786725
1274348700000,9167.5,9196.8,9161.5,9193.0,106550
1274413500000,9007.95,9105.0,9005.0,9104.0,498025
1274424300000,9103.0,9176.75,9056.0,9157.0,808375
1274435100000,9158.0,9158.55,9123.3,9150.0,108550
1274672700000,9220.0,9266.0,9204.0,9255.0,436375
1274683500000,9253.25,9277.0,9060.0,9079.9,909425
1274694300000,9078.5,9102.0,9038.05,9040.0,176250
1274759100000,8967.2,8984.0,8877.55,8904.0,702825
1274769900000,8903.0,8949.0,8815.0,8851.0,780200
1274780700000,8851.0,8869.0,8843.35,8853.25,89475
1274845500000,8977.2,9036.95,8933.0,8968.95,525225
1274856300000,8969.0,9023.6,8925.25,9014.0,466275
1274867100000,9014.0,9023.4,8990.05,9000.0,85125
1274931900000,8969.9,9054.0,8969.05,9048.0,323200
1274942700000,9045.5,9238.0,9040.0,9235.0,416300
1274953500000,9237.9,9262.9,9232.0,9260.0,73600
1275018300000,9230.0,9243.85,9111.05,9179.8,592475
1275029100000,9179.7,9255.0,9136.0,9215.0,640850
1275039900000,9215.0,9226.0,9203.0,9210.0,95250
1275277500000,9186.0,9273.0,9162.2,9229.9,473775
1275288300000,9229.8,9262.1,9171.0,9260.0,443300
1275299100000,9261.7,9270.0,9252.2,9259.0,91300
1275363900000,9225.0,9235.0,9142.0,9170.0,502350
1275374700000,9169.95,9178.0,8993.1,9026.0,1047800
1275385500000,9025.2,9028.8,8950.05,8963.0,287050
1275450300000,9006.0,9041.7,8975.0,9019.5,471900
1275461100000,9019.0,9109.8,8990.0,9107.0,730550
1275471900000,9107.0,9142.0,9097.0,9126.0,157225
1275536700000,9220.0,9289.0,9210.0,9281.0,596800
1275547500000,9281.0,9299.0,9253.05,9282.0,446575
1275558300000,9283.0,9297.0,9280.0,9297.0,125100
1275623100000,9267.0,9329.95,9259.4,9319.5,420225
1275633900000,9318.0,9389.9,9313.5,9346.5,555875
1275644700000,9346.5,9349.5,9335.0,9340.0,117450
1275882300000,9134.4,9170.0,9120.1,9145.0,408850
1275893100000,9145.3,9236.5,9138.0,9193.0,595675
1275903900000,9191.25,9212.0,9185.0,9210.0,90750
1275968700000,9241.0,9282.0,9235.0,9262.0,423525
1275979500000,9264.95,9279.0,9031.5,9076.0,1104550
1275990300000,9076.0,9097.0,9056.3,9092.0,131450
1276055100000,9146.0,9238.9,9121.0,9217.0,589775
1276065900000,9215.7,9248.9,9085.5,9140.0,1155425
1276076700000,9140.0,9178.6,9140.0,9171.0,134650
1276141500000,9208.0,9258.9,9201.95,9209.7,600200
1276152300000,9209.7,9341.95,9185.05,9321.0,1003075
1276163100000,9321.0,9344.05,9318.2,9331.15,128600
1276227900000,9405.0,9420.0,9370.0,9390.0,452725
1276238700000,9388.0,9410.0,9329.25,9397.5,608075
1276249500000,9396.0,9399.5,9385.0,9390.0,82050
1276487100000,9455.0,9507.5,9451.0,9464.95,376125
1276497900000,9463.0,9524.9,9435.1,9514.0,612325
1276508700000,9513.15,9529.5,9511.0,9522.0,100075
1276573500000,9484.55,9487.7,9411.1,9420.0,499725
1276584300000,9420.0,9559.0,9400.15,9538.0,823800
1276595100000,9536.75,9540.0,9518.0,9535.8,100900
1276659900000,9560.55,9578.0,9513.0,9550.0,449350
1276670700000,9547.0,9567.7,9481.2,9530.5,645325
1276681500000,9530.5,9538.9,9520.1,9521.0,99800
1276746300000,9509.0,9564.0,9480.0,9550.0,594375
1276757100000,9550.0,9596.95,9430.0,9588.0,1390925
1276767900000,9587.4,9591.85,9568.0,9580.0,99800
1276832700000,9539.5,9585.0,9507.0,9530.35,491150
1276843500000,9530.2,9575.0,9520.0,9545.0,561050
1276854300000,9545.0,9550.0,9523.0,9530.0,113425
1277091900000,9654.0,9775.0,9645.0,9772.5,540300
1277102700000,9774.0,9779.7,9736.0,9748.0,325250
1277113500000,9747.95,9762.0,9741.1,9752.0,131050
1277178300000,9729.95,9749.0,9703.25,9719.8,689350
1277189100000,9721.0,9737.8,9660.25,9683.0,848075
1277199900000,9683.05,9684.0,9651.35,9669.0,123400
1277264700000,9648.25,9676.5,9635.1,9666.0,405900
1277275500000,9666.4,9760.0,9651.0,9713.9,562400
1277286300000,9713.9,9740.0,9709.0,9740.0,97450
1277351100000,9709.45,9736.65,9702.0,9720.2,327950
1277361900000,9721.0,9726.15,9625.6,9672.8,606575
1277372700000,9671.9,9677.5,9660.5,9674.0,76600
1277437500000,9601.35,9605.0,9550.0,9578.0,472975
1277448300000,9576.85,9634.95,9475.0,9480.0,1059575
1277459100000,9476.1,9486.0,9459.35,9465.15,175325
1277696700000,9509.0,9510.0,9465.05,9505.0,369825
1277707500000,9504.15,9564.95,9477.0,9542.3,532400
1277718300000,9542.95,9565.0,9541.05,9543.3,104850
1277783100000,9480.0,9518.95,9436.9,9445.0,642500
1277793900000,9445.0,9454.45,9355.55,9418.0,820500
1277804700000,9417.55,9422.0,9384.0,9400.2,131075
1277869500000,9387.35,9447.0,9377.35,9432.0,567425
1277880300000,9431.0,9496.8,9373.0,9492.5,787500
1277891100000,9493.0,9510.0,9485.0,9505.0,127725
1277955900000,9393.5,9398.0,9325.1,9335.2,644325
1277966700000,9334.0,9375.0,9321.0,9360.2,536700
1277977500000,9360.0,9371.0,9355.0,9365.1,96175
1278042300000,9393.7,9414.0,9340.0,9389.9,486250
1278053100000,9390.0,9408.0,9365.0,9378.0,304400
1278063900000,9378.0,9382.0,9340.0,9347.0,132175
1278301500000,9371.0,9426.0,9369.0,9414.5,334825
1278312300000,9415.1,9435.0,9390.0,9399.0,286700
1278323100000,9399.0,9412.0,9399.0,9404.95,67775
1278387900000,9400.0,9471.95,9396.0,9458.0,398625
1278398700000,9458.0,9572.5,9458.0,9565.0,676250
1278409500000,9564.35,9582.0,9560.25,9569.0,120875
1278474300000,9505.0,9514.65,9470.1,9489.95,355800
1278485100000,9490.0,9520.0,9432.8,9447.0,638400
1278495900000,9447.5,9464.0,9445.0,9450.0,95100
1278560700000,9568.0,9631.0,9562.3,9616.1,479375
1278571500000,9617.0,9625.0,9571.8,9575.1,349150
1278582300000,9575.95,9582.5,9566.0,9572.5,92300
1278647100000,9622.0,9670.5,9621.0,9658.0,419475
1278657900000,9657.0,9689.2,9643.0,9689.2,421325
1278668700000,9689.2,9692.9,9682.2,9691.5,130950
1278906300000,9745.0,9770.2,9720.15,9736.0,444650
1278917100000,9736.3,9824.0,9730.2,9801.0,634250
1278927900000,9800.1,9809.0,9797.0,9808.0,90750
1278992700000,9816.9,9848.95,9802.1,9824.0,320575
1279003500000,9823.0,9929.0,9812.5,9914.1,665375
1279014300000,9916.0,9935.0,9912.0,9931.05,108550
1279079100000,9989.25,10025.0,9975.0,9991.05,429950
1279089900000,9993.5,10005.8,9901.0,9926.9,588100
1279100700000,9927.0,9935.0,9913.25,9919.0,101800
1279165500000,9952.3,9960.0,9922.25,9922.9,257275
1279176300000,9922.3,9978.9,9864.9,9926.0,876800
1279187100000,9926.5,9948.0,9922.25,9945.0,88550
1279251900000,9923.8,9977.9,9921.5,9966.0,346000
1279262700000,9963.0,9988.8,9948.0,9985.0,355075
1279273500000,9984.0,10007.0,9983.05,10006.0,157475
1279511100000,9965.45,10058.4,9963.15,10018.8,529525
1279521900000,10017.7,10034.9,9980.15,9996.0,451450
1279532700000,9998.1,10025.0,9988.2,10016.0,111000
1279597500000,10045.0,10047.35,10000.05,10031.0,349500
1279608300000,10031.0,10040.9,9956.0,9959.0,574525
1279619100000,9957.65,9960.0,9936.3,9936.6,190500
1279683900000,9980.0,9992.2,9943.25,9970.25,415425
1279694700000,9972.25,9984.9,9915.1,9980.25,628850
1279705500000,9980.1,9990.0,9973.0,9986.05,112725
1279770300000,9942.0,9953.8,9912.0,9932.75,405600
1279781100000,9932.75,10085.0,9926.25,10068.0,1004750
1279791900000,10067.6,10083.8,10056.1,10060.0,189125
1279856700000,10058.05,10094.5,10020.05,10042.9,452900
1279867500000,10043.6,10074.0,10013.5,10065.0,398225
1279878300000,10065.0,10069.95,10045.5,10062.2,94775
1280115900000,10043.95,10055.0,10000.15,10045.65,492025
1280126700000,10045.9,10065.0,9981.3,10008.0,567950
1280137500000,10010.0,10011.0,10000.0,10003.0,87650
1280202300000,9998.05,10089.7,9951.3,10057.0,1026450
1280213100000,10057.0,10129.9,10048.25,10077.3,777525
1280223900000,10075.25,10086.2,10071.0,10084.8,134800
1280288700000,10052.0,10122.0,10050.0,10105.0,398425
1280299500000,10105.2,10111.25,10005.05,10042.0,775025
1280310300000,10042.0,10057.0,10040.05,10043.0,79500
1280375100000,10057.0,10095.1,10043.0,10080.0,324925
1280385900000,10078.0,10198.0,10075.25,10191.9,623175
1280396700000,10192.0,10192.0,10174.0,10182.0,144700
1280461500000,10108.7,10178.0,10107.0,10149.0,471550
1280472300000,10150.0,10194.8,10110.35,10136.75,538875
1280483100000,10136.0,10137.0,10118.9,10126.0,124400
1280720700000,10245.0,10299.4,10234.25,10295.0,530000
1280731500000,10293.2,10354.0,10272.0,10352.0,568475
1280742300000,10352.0,10388.0,10348.2,10383.9,195825
1280807100000,10396.9,10473.0,10394.9,10450.0,587550
1280817900000,10450.15,10486.0,10420.0,10446.55,506050
1280828700000,10446.55,10459.0,10440.3,10455.0,106875
1280893500000,10436.6,10437.95,10383.0,10401.7,510825
1280904300000,10400.95,10439.0,10365.65,10437.0,590925
1280915100000,10438.2,10460.0,10436.0,10445.0,158500
1280979900000,10438.05,10498.7,10430.0,10458.0,446800
1280990700000,10455.0,10488.0,10434.9,10448.9,328950
1281001500000,10448.9,10459.9,10437.0,10448.0,97525
1281066300000,10442.0,10459.9,10427.25,10441.0,191075
1281077100000,10441.0,10451.5,10351.3,10377.0,652075
1281087900000,10375.0,10397.0,10375.0,10381.0,116800
1281325500000,10405.0,10468.0,10394.25,10456.0,364125
1281336300000,10455.2,10498.0,10450.0,10496.0,390075
1281347100000,10497.1,10510.0,10493.2,10500.3,155600
1281411900000,10467.0,10525.0,10460.0,10482.0,471350
1281422700000,10482.0,10524.0,10451.25,10484.2,603850
1281433500000,10485.0,10495.0,10469.5,10469.5,89750
1281498300000,10480.0,10490.0,10440.0,10468.2,442550
1281509100000,10468.2,10476.0,10380.0,10398.0,741950
1281519900000,10397.0,10403.5,10370.0,10373.0,184225
1281584700000,10349.45,10398.0,10335.1,10380.0,527325
1281595500000,10382.0,10574.0,10375.0,10565.0,1447800
1281606300000,10564.3,10590.0,10545.1,10580.0,146175
1281671100000,10655.5,10749.0,10654.7,10737.7,581400
1281681900000,10736.15,10758.2,10675.0,10718.0,568500
1281692700000,10718.0,10739.0,10711.0,10730.0,133825
1281930300000,10707.9,10750.0,10681.05,10733.0,308250
1281941100000,10732.55,10749.0,10632.3,10672.9,769000
1281951900000,10672.65,10679.15,10661.0,10675.05,86175
1282016700000,10714.0,10779.95,10710.4,10755.0,517750
1282027500000,10756.0,10797.9,10735.0,10765.0,513075
1282038300000,10764.9,10810.0,10763.95,10803.0,160375
1282103100000,10800.1,10816.0,10775.05,10788.1,349975
1282113900000,10790.0,10880.0,10736.0,10872.65,1027475
1282124700000,10873.0,10925.0,10872.5,10914.0,202650
1282189500000,10897.05,10990.0,10881.6,10980.2,576500
1282200300000,10980.65,11110.95,10936.6,11074.95,1040550
1282211100000,11074.5,11104.9,11071.0,11073.0,172975
1282275900000,11061.0,11086.0,11020.35,11020.35,421400
1282286700000,11021.0,11050.0,10988.35,11020.0,530075
1282297500000,11019.0,11027.0,11015.0,11018.0,110550
1282535100000,10981.2,11010.0,10956.6,11005.0,318450
1282545900000,11005.0,11098.0,10965.0,11096.8,726550
1282556700000,11096.8,11106.4,11072.0,11077.0,133850
1282621500000,11080.0,11099.0,10986.0,11008.0,955300
1282632300000,11008.0,11057.0,10971.1,11038.0,809425
1282643100000,11038.0,11044.75,11030.3,11030.3,81425
1282707900000,11009.0,11018.3,10941.1,10965.0,675875
1282718700000,10966.4,11024.0,10935.0,10939.0,577375
1282729500000,10939.9,10954.0,10926.1,10950.0,135750
1282794300000,10985.05,11035.3,10975.0,11022.95,518900
1282805100000,11022.95,11047.0,10964.1,10970.0,725550
1282815900000,10971.0,10984.5,10971.0,10983.4,198225
1282880700000,10940.0,10985.0,10925.0,10958.35,295100
1282891500000,10958.4,10964.95,10738.0,10738.0,1198000
1282902300000,10740.0,10744.0,10700.05,10718.0,295500
1283139900000,10844.25,10846.6,10761.05,10803.0,503100
1283150700000,10805.0,10814.0,10675.0,10725.0,814050
1283161500000,10725.05,10791.0,10725.0,10775.0,223375
1283226300000,10711.1,10750.0,10655.0,10656.35,713350
1283237100000,10660.0,10757.1,10643.05,10747.2,875675
1283247900000,10747.2,10767.0,10730.0,10734.0,160050
1283312700000,10766.4,10840.0,10762.9,10826.55,478650
1283323500000,10821.5,10898.0,10760.0,10878.8,869900
1283334300000,10878.8,10907.4,10872.05,10895.0,158650
1283399100000,10941.0,10981.95,10932.0,10949.55,474300
1283409900000,10949.55,10988.9,10928.0,10977.95,458525
1283420700000,10973.0,10977.55,10950.0,10955.0,80200
1283485500000,10962.25,10971.0,10920.1,10945.0,215350
1283496300000,10944.0,10999.0,10920.0,10984.0,443700
1283507100000,10985.0,10985.0,10963.4,10967.0,101975
1283744700000,11056.0,11137.7,11054.0,11119.0,466525
1283755500000,11119.0,11245.0,11106.0,11207.8,686275
1283766300000,11208.0,11230.0,11200.0,11204.55,154900
1283831100000,11208.0,11215.0,11141.0,11160.7,380900
1283841900000,11162.0,11205.95,11130.0,11161.1,553225
1283852700000,11161.5,11163.95,11130.0,11133.0,138225
1283917500000,11103.75,11228.8,11076.6,11203.0,692275
1283928300000,11203.0,11240.0,11108.35,11170.0,969400
1283939100000,11170.0,11178.0,11165.65,11171.0,116025
1284003900000,11235.0,11324.4,11234.0,11285.9,672325
1284014700000,11285.0,11404.8,11269.05,11402.0,785550
1284025500000,11402.0,11409.0,11365.0,11383.95,182175
1284349500000,11447.95,11768.0,11440.0,11760.0,1096425
1284360300000,11760.0,11874.0,11749.0,11865.85,763575
1284371100000,11864.15,11865.2,11838.0,11853.9,157325
1284435900000,11907.0,12024.0,11861.0,11926.0,1063875
1284446700000,11926.0,11963.0,11875.0,11920.0,505575
1284457500000,11918.0,11924.8,11904.0,11919.0,116075
1284522300000,11962.75,11994.0,11870.0,11893.0,730050
1284533100000,11891.0,11963.5,11867.95,11951.2,702400
1284543900000,11952.0,11975.0,11936.1,11966.0,137925
1284608700000,11950.35,12091.4,11935.0,11989.7,1208900
1284619500000,11986.15,12246.1,11985.0,12031.0,1788400
1284630300000,12032.9,12083.0,12025.05,12030.0,159050
1284695100000,12131.0,12189.0,12101.95,12131.0,648775
1284705900000,12130.1,12160.0,12030.25,12121.0,694200
1284716700000,12120.0,12152.0,12106.0,12150.0,148300
1284954300000,12091.0,12144.8,12068.1,12106.0,417000
1284965100000,12109.0,12265.6,12095.0,12265.0,700125
1284975900000,12265.6,12311.6,12261.4,12310.0,196850
1285040700000,12335.25,12345.5,12181.0,12286.5,918325
1285051500000,12286.0,12287.8,12201.1,12227.35,498325
1285062300000,12228.0,12250.0,12219.0,12240.5,123425
1285127100000,12281.85,12298.45,12147.0,12230.0,738975
1285137900000,12232.0,12338.65,12194.55,12303.0,1012350
1285148700000,12302.9,12322.0,12290.0,12297.0,145675
1285213500000,12247.3,12280.0,12209.8,12260.3,500075
1285224300000,12260.0,12275.1,12123.0,12167.0,851300
1285235100000,12167.0,12167.95,12137.0,12157.0,125900
1285299900000,12150.15,12252.0,12085.0,12209.0,729000
1285310700000,12207.0,12324.95,12207.0,12315.0,772225
1285321500000,12315.0,12319.0,12262.0,12264.0,133750
1285559100000,12329.5,12379.0,12326.5,12355.15,393275
1285569900000,12356.0,12371.0,12250.1,12286.0,544575
1285580700000,12285.25,12290.0,12270.25,12275.1,92500
1285645500000,12241.5,12315.0,12235.0,12247.5,410200
1285656300000,12247.5,12301.2,12180.2,12280.0,791775
1285667100000,12280.0,12325.0,12278.5,12323.35,133150
1285731900000,12323.0,12332.0,12272.0,12292.0,582325
1285742700000,12290.25,12312.0,12250.0,12270.0,582275
1285753500000,12272.0,12274.7,12250.0,12250.0,102725
1285818300000,12243.0,12264.45,12183.5,12214.95,429550
1285829100000,12214.5,12357.0,12213.0,12357.0,606500
1285839900000,12354.0,12369.5,12345.0,12369.4,140950
1285904700000,12400.15,12490.0,12400.1,12470.0,502550
1285915500000,12470.0,12596.0,12465.0,12576.0,663425
1285926300000,12578.75,12619.8,12576.0,12616.0,166725
1286163900000,12680.0,12787.95,12675.0,12733.15,613125
1286174700000,12736.3,12738.0,12674.0,12708.0,402575
1286185500000,12707.0,12710.0,12684.8,12687.45,113325
1286250300000,12716.0,12740.0,12650.1,12688.8,447325
1286261100000,12689.2,12748.0,12670.05,12679.95,311050
1286271900000,12679.95,12680.0,12628.7,12630.0,154325
1286336700000,12728.95,12749.9,12702.7,12720.0,286200
1286347500000,12720.0,12730.1,12636.35,12696.0,545700
1286358300000,12695.35,12704.7,12680.0,12690.5,91225
1286423100000,12643.9,12663.0,12600.0,12662.0,338375
1286433900000,12663.0,12679.0,12551.0,12581.35,629600
1286444700000,12581.35,12594.25,12555.0,12566.05,121525
1286509500000,12568.0,12635.0,12510.05,12524.9,440600
1286520300000,12522.05,12547.0,12465.5,12517.15,595975
1286531100000,12517.5,12545.5,12510.0,12534.0,90475
1286768700000,12615.0,12622.0,12551.0,12577.0,295625
1286779500000,12576.5,12594.7,12510.0,12564.0,390750
1286790300000,12562.15,12569.0,12541.0,12545.0,66525
1286855100000,12534.0,12540.0,12436.0,12464.0,489150
1286865900000,12461.15,12530.1,12422.5,12519.9,509025
1286876700000,12520.0,12525.0,12505.5,12506.0,72800
1286941500000,12525.9,12673.8,12508.0,12664.15,587175
1286952300000,12663.5,12838.85,12649.0,12827.1,644375
1286963100000,12827.1,12841.5,12808.55,12819.7,169725
1287027900000,12857.0,12857.0,12758.2,12785.0,350825
1287038700000,12790.7,12809.6,12580.0,12651.0,637325
1287049500000,12651.0,12662.0,12632.6,12632.65,106425
1287114300000,12603.25,12619.75,12510.0,12534.0,458050
1287125100000,12531.75,12587.8,12434.0,12451.0,699600
1287135900000,12447.3,12448.0,12404.5,12424.6,97325
1287373500000,12475.0,12475.0,12255.5,12309.0,626300
1287384300000,12310.1,12419.0,12236.0,12406.65,678675
1287395100000,12409.95,12464.0,12396.8,12458.0,128750
1287459900000,12470.0,12489.95,12341.0,12460.0,515225
1287470700000,12464.5,12620.0,12286.0,12296.35,1250400
1287481500000,12296.0,12315.6,12260.0,12264.9,168825
1287546300000,12250.0,12345.0,12221.0,12285.0,595300
1287557100000,12285.0,12383.7,12233.0,12245.6,675900
1287567900000,12246.0,12255.0,12210.15,12254.4,131475
1287632700000,12275.0,12368.8,12232.0,12332.0,470550
1287643500000,12333.0,12540.0,12289.9,12522.0,802600
1287654300000,12515.5,12522.0,12475.0,12475.0,121175
1287719100000,12528.0,12537.9,12456.0,12477.05,474100
1287729900000,12477.0,12514.0,12330.5,12421.0,761825
1287740700000,12421.0,12440.0,12415.0,12417.9,93250
1287978300000,12476.0,12635.0,12465.0,12569.0,658750
1287989100000,12569.0,12581.05,12450.0,12478.9,509200
1287999900000,12476.5,12508.0,12470.1,12493.1,89800
1288064700000,12500.0,12500.0,12386.0,12414.5,575400
1288075500000,12414.85,12461.65,12375.0,12399.7,568350
1288086300000,12399.0,12418.85,12384.0,12385.0,74850
1288151100000,12350.0,12397.8,12301.1,12304.2,637975
1288161900000,12301.0,12324.0,12161.05,12248.0,697325
1288172700000,12248.0,12266.75,12237.25,12252.0,91475
1288237500000,12259.0,12290.0,12161.0,12257.0,541725
1288248300000,12257.0,12318.0,12060.0,12106.0,645700
1288259100000,12105.0,12120.15,12094.0,12105.0,80000
1288323900000,12246.0,12250.0,12065.0,12142.0,636625
1288334700000,12140.2,12448.0,12005.0,12401.0,1265750
1288345500000,12400.0,12415.0,12375.0,12392.0,131800
1288583100000,12472.2,12789.8,12455.0,12758.0,834775
1288593900000,12759.0,12824.0,12750.0,12788.0,391275
1288604700000,12788.0,12800.5,12780.1,12800.0,90750
1288669500000,12800.0,12895.0,12736.2,12811.05,747025
1288680300000,12818.8,12873.45,12745.5,12828.0,647550
1288691100000,12828.0,12845.0,12822.35,12840.0,79775
1288755900000,12872.0,12958.9,12872.0,12915.0,444725
1288766700000,12915.0,12993.0,12890.0,12933.0,527500
1288777500000,12932.9,12964.9,12921.0,12963.0,78750
1288842300000,12998.9,13135.0,12980.4,13127.5,537225
1288853100000,13127.5,13225.0,13116.15,13206.0,414925
1288863900000,13207.0,13229.95,13203.5,13216.0,111575
1289187900000,13275.0,13320.0,13091.2,13158.85,452325
1289198700000,13159.0,13215.55,13115.65,13135.0,283175
1289209500000,13134.0,13164.9,13130.1,13155.0,69550
1289274300000,13090.0,13187.0,12996.55,13064.9,679000
1289285100000,13064.5,13235.0,13052.4,13185.0,526250
1289295900000,13187.9,13207.9,13176.0,13196.0,89275
1289360700000,13150.0,13171.0,13085.2,13123.7,333725
1289371500000,13123.25,13139.0,13050.25,13085.75,368025
1289382300000,13085.5,13095.0,13075.0,13090.0,68550
1289447100000,13100.0,13144.0,13052.5,13111.0,319075
1289457900000,13111.0,13118.65,12860.5,12874.0,796550
1289468700000,12870.55,12950.0,12870.55,12934.25,142125
1289533500000,12868.8,12919.0,12756.5,12771.5,673025
1289544300000,12774.0,12774.0,12501.0,12535.0,914375
1289555100000,12530.0,12554.85,12505.0,12520.0,149000
1289792700000,12510.0,12725.0,12490.2,12712.3,835125
1289803500000,12712.3,12813.0,12652.0,12809.5,709600
1289814300000,12809.9,12812.0,12765.0,12791.9,118100
1289879100000,12795.0,12840.0,12550.0,12593.85,984300
1289889900000,12590.0,12618.0,12455.5,12540.0,892900
1289900700000,12540.0,12563.9,12521.0,12549.0,127050
1290051900000,12589.0,12667.0,12091.0,12370.0,1831850
1290062700000,12373.0,12449.7,12225.0,12355.55,873375
1290073500000,12357.0,12415.0,12352.0,12385.0,101025
1290138300000,12329.85,12375.35,12117.0,12277.0,905925
1290149100000,12271.0,12300.0,12020.55,12063.3,795800
1290159900000,12060.0,12124.4,12051.0,12100.0,180500
1290397500000,12184.0,12265.9,12065.0,12178.1,778725
1290408300000,12176.0,12450.0,12135.0,12426.95,876625
1290419100000,12426.95,12426.95,12380.0,12405.0,119475
1290483900000,12299.0,12324.45,12123.0,12149.0,817725
1290494700000,12144.5,12278.0,11895.5,12217.5,1408700
1290505500000,12217.9,12230.0,12195.0,12201.0,77500
1290570300000,12245.0,12328.65,12155.0,12276.15,756500
1290581100000,12276.15,12303.95,11750.0,11773.95,1124875
1290591900000,11770.05,11894.95,11750.3,11870.0,201175
1290656700000,11915.0,12099.7,11791.0,11875.0,701250
1290667500000,11873.0,11877.0,11612.0,11644.0,727475
1290678300000,11641.0,11659.0,11625.0,11655.0,76000
1290743100000,11880.0,11880.0,11440.0,11702.4,1318900
1290753900000,11703.25,11927.0,11668.7,11676.0,1061425
1290764700000,11676.0,11742.0,11670.0,11730.15,100425
1291002300000,11799.95,11908.0,11751.5,11805.1,553525
1291013100000,11805.0,11918.0,11752.65,11850.0,428475
1291023900000,11847.6,11878.8,11826.0,11865.0,100650
1291088700000,11799.0,11900.0,11766.0,11871.65,650550
1291099500000,11876.0,12096.0,11876.0,11990.0,1041700
1291110300000,11989.95,12032.0,11979.55,12025.2,93250
1291175100000,12000.0,12260.0,11990.0,12204.0,695925
1291185900000,12204.0,12395.0,12185.5,12363.0,563450
1291196700000,12363.9,12380.0,12340.0,12359.95,114050
1291261500000,12460.0,12587.0,12411.5,12531.0,759325
1291272300000,12533.7,12574.4,12466.8,12535.0,661225
1291283100000,12533.7,12540.0,12520.0,12533.5,103350
1291347900000,12542.2,12550.0,12350.25,12355.5,531725
1291358700000,12354.7,12461.75,12271.0,12395.0,765350
1291369500000,12394.95,12448.0,12391.5,12440.0,77400
1291607100000,12465.0,12479.4,12351.0,12369.0,446900
1291617900000,12369.0,12380.75,12077.6,12083.4,784450
1291628700000,12083.4,12101.0,12046.15,12061.05,183200
1291693500000,12020.0,12050.0,11740.0,11790.0,1099550
1291704300000,11792.0,11826.0,11689.0,11770.0,944850
1291715100000,11770.0,11820.0,11760.05,11805.0,126325
1291779900000,11735.0,11735.0,11523.0,11585.05,1028325
1291790700000,11585.0,11586.95,11455.0,11492.45,828525
1291801500000,11492.45,11542.0,11491.0,11514.0,147225
1291866300000,11559.0,11614.9,11400.0,11457.0,1056850
1291877100000,11459.0,11470.35,11102.0,11161.0,1253550
1291887900000,11164.0,11230.0,11155.0,11201.0,180725
1291952700000,11099.0,11461.25,11041.65,11379.95,1027175
1291963500000,11379.95,11508.0,11275.0,11507.0,787450
1291974300000,11506.0,11545.0,11492.5,11532.0,202775
1292211900000,11509.0,11599.9,11321.5,11385.25,999900
1292222700000,11385.0,11583.3,11293.3,11563.6,833350
1292233500000,11567.0,11600.0,11544.55,11556.95,123350
1292298300000,11594.0,11644.4,11470.0,11600.0,799125
1292309100000,11600.0,11675.0,11515.3,11645.15,737375
1292319900000,11647.05,11649.45,11570.0,11574.0,128950
1292384700000,11590.0,11615.0,11292.0,11323.85,1039475
1292395500000,11325.0,11368.85,11177.0,11223.0,846325
1292406300000,11218.05,11233.35,11192.0,11195.0,136975
1292471100000,11221.0,11398.0,11180.1,11378.1,1216275
1292481900000,11375.0,11550.0,11252.5,11470.0,1337100
1292492700000,11470.0,11490.0,11426.4,11450.0,119400
1292816700000,11400.0,11400.0,11274.0,11358.6,594825
1292827500000,11358.55,11444.0,11291.0,11297.0,758050
1292838300000,11294.0,11306.9,11260.0,11260.0,140100
1292903100000,11331.0,11570.0,11329.65,11518.0,862925
1292913900000,11518.0,11613.0,11517.0,11582.0,603150
1292924700000,11584.0,11591.0,11560.0,11574.0,146300
1292989500000,11600.0,11679.8,11551.0,11615.0,759750
1293000300000,11614.0,11616.0,11435.15,11526.0,723825
1293011100000,11525.05,11529.65,11482.5,11489.0,95075
1293075900000,11530.0,11569.0,11470.0,11486.95,528975
1293086700000,11483.1,11558.0,11453.25,11498.8,465375
1293097500000,11496.1,11518.0,11495.0,11504.8,66200
1293162300000,11445.3,11484.0,11412.0,11474.25,394875
1293173100000,11476.0,11565.0,11471.6,11521.5,497375
1293183900000,11521.15,11550.0,11520.0,11545.0,103150
1293421500000,11551.0,11570.0,11499.4,11519.0,345825
1293432300000,11520.0,11536.0,11450.5,11484.5,435275
1293443100000,11479.35,11490.0,11465.0,11483.0,85275
1293507900000,11501.0,11510.0,11452.3,11473.0,505175
1293518700000,11472.0,11498.5,11430.05,11469.8,398000
1293529500000,11465.25,11479.1,11456.2,11472.0,59075
1293594300000,11480.0,11575.0,11455.0,11567.0,625400
1293605100000,11567.0,11634.7,11565.0,11620.1,510450
1293615900000,11621.0,11640.0,11620.0,11636.0,77325
1293680700000,11578.0,11664.0,11578.0,11600.65,430025
1293691500000,11603.0,11658.0,11570.15,11623.5,422650
1293702300000,11623.5,11636.65,11613.0,11629.0,141625
1293767100000,11701.0,11824.0,11680.0,11805.0,457275
1293777900000,11807.0,11876.7,11801.0,11850.0,503800
1293788700000,11850.8,11854.0,11823.0,11835.0,109725
1294026300000,11920.0,11955.55,11880.2,11903.25,466025
1294037100000,11902.15,11954.0,11885.95,11898.0,290550
1294047900000,11895.55,11909.4,11876.65,11882.0,70300
1294112700000,11950.2,11950.2,11662.0,11690.0,830950
1294123500000,11689.0,11753.9,11595.0,11622.0,696625
1294134300000,11624.0,11624.9,11595.0,11611.05,110950
1294199100000,11594.0,11600.0,11392.0,11411.0,793350
1294209900000,11411.0,11445.0,11325.5,11354.05,603100
1294220700000,11354.0,11384.65,11353.55,11370.0,102325
1294285500000,11422.0,11440.0,11275.0,11288.0,724250
1294296300000,11287.0,11316.0,11231.0,11264.0,539750
1294307100000,11268.9,11269.9,11222.0,11223.0,112850
1294371900000,11215.0,11250.0,11095.0,11194.0,1114675
1294382700000,11190.0,11324.0,11044.5,11071.05,1159200
1294393500000,11074.0,11099.0,11040.0,11050.0,163900
1294631100000,11100.0,11138.8,10868.1,10873.0,1185950
1294641900000,10876.05,10964.0,10706.35,10726.3,917975
1294652700000,10729.0,10735.0,10664.8,10679.0,179475
1294717500000,10739.5,10914.3,10631.15,10871.2,1210775
1294728300000,10870.0,10979.9,10701.4,10810.0,1168600
1294739100000,10810.0,10948.0,10803.6,10939.9,253600
1294803900000,10974.7,11015.05,10850.0,10870.0,960575
1294814700000,10874.0,11184.0,10725.0,11175.0,1535625
1294825500000,11173.0,11176.0,11124.2,11147.1,151625
1294890300000,11110.05,11144.9,10920.0,10979.0,838550
1294901100000,10975.0,10989.0,10680.0,10720.0,1244250
1294911900000,10720.0,10769.0,10715.6,10765.0,213250
1294976700000,10741.0,10838.5,10596.2,10825.1,1036600
1294987500000,10825.1,10956.0,10389.7,10407.0,1770650
1294998300000,10408.8,10469.0,10386.7,10461.0,184025
1295235900000,10400.0,10578.95,10384.0,10522.0,693250
1295246700000,10521.15,10598.0,10400.0,10493.5,725050
1295257500000,10492.0,10510.0,10476.0,10500.0,72250
1295322300000,10550.0,10699.8,10550.0,10645.0,863625
1295333100000,10646.0,10661.0,10532.6,10635.0,627575
1295343900000,10638.0,10654.0,10620.0,10650.0,88600
1295408700000,10664.9,10738.0,10616.95,10696.0,508900
1295419500000,10696.0,10745.0,10571.25,10622.0,615050
1295430300000,10623.0,10649.5,10622.0,10649.5,93075
1295495100000,10550.0,10585.0,10496.85,10535.0,515800
1295505900000,10535.0,10909.9,10520.0,10810.1,1208900
1295516700000,10810.05,10848.9,10791.15,10830.0,122775
1295581500000,10779.8,10929.8,10751.0,10925.0,776350
1295592300000,10920.0,10924.9,10800.0,10898.25,739450
1295603100000,10900.05,10903.9,10878.0,10892.5,95525
1295840700000,10935.0,11157.9,10912.1,11107.1,1024625
1295851500000,11107.0,11185.0,11065.0,11168.0,810925
1295862300000,11168.0,11168.0,11135.0,11139.0,120925
1295927100000,11170.0,11261.6,11025.5,11055.05,1333200
1295937900000,11055.0,11123.4,10862.35,10895.1,1207200
1295948700000,10899.0,10910.0,10885.9,10906.5,116950
1296099900000,10955.0,11040.0,10857.0,10890.0,623025
1296110700000,10887.0,10911.9,10655.0,10665.0,548550
1296121500000,10670.0,10688.2,10670.0,10678.8,66775
1296186300000,10735.0,10759.8,10548.0,10574.8,912925
1296197100000,10574.8,10648.0,10522.1,10595.6,854200
1296207900000,10595.25,10671.0,10595.25,10670.95,158600
1296445500000,10550.0,10560.65,10432.0,10490.0,922100
1296456300000,10493.8,10724.5,10486.0,10682.0,1298425
1296467100000,10688.0,10697.5,10649.95,10660.0,122300
1296531900000,10700.05,10720.0,10511.0,10585.0,724850
1296542700000,10585.0,10626.8,10480.0,10505.0,766625
1296553500000,10505.0,10505.65,10470.05,10491.0,167150
1296618300000,10600.0,10640.0,10491.5,10560.0,800575
1296629100000,10561.85,10634.45,10481.1,10484.0,789325
1296639900000,10482.15,10500.0,10452.0,10471.0,167050
1296704700000,10533.1,10679.0,10440.05,10645.5,908650
1296715500000,10647.0,10745.1,10640.6,10690.0,676250
1296726300000,10689.0,10710.0,10685.0,10700.0,112700
1296791100000,10622.0,10799.95,10595.0,10609.7,1023825
1296801900000,10605.0,10623.0,10412.0,10430.95,1008550
1296812700000,10430.0,10430.0,10379.05,10400.0,202425
1297050300000,10428.0,10491.4,10351.0,10463.0,605775
1297061100000,10464.9,10514.35,10341.3,10371.9,635775
1297071900000,10370.0,10399.0,10342.65,10399.0,98750
1297136700000,10425.0,10430.0,10183.1,10220.0,876350
1297147500000,10218.05,10285.0,10134.05,10164.0,633250
1297158300000,10167.0,10170.0,10127.1,10160.0,106375
1297223100000,10063.0,10272.0,10037.4,10215.0,959075
1297233900000,10215.0,10325.0,10064.0,10080.0,1083725
1297244700000,10086.0,10185.4,10086.0,10180.0,122225
1297309500000,10116.0,10199.0,10030.0,10080.0,764550
1297320300000,10081.35,10273.55,10052.9,10118.5,996700
1297331100000,10112.0,10119.0,10089.0,10095.1,87775
1297395900000,10100.0,10195.0,10080.0,10117.35,726250
1297406700000,10120.0,10504.0,10116.2,10458.0,1318850
1297417500000,10460.0,10501.25,10446.8,10465.0,195650
1297655100000,10505.0,10725.0,10481.0,10685.0,815350
1297665900000,10688.0,10796.45,10671.95,10785.6,605050
1297676700000,10785.3,10809.0,10785.0,10791.0,138800
1297741500000,10850.0,10995.0,10696.1,10985.0,1149700
1297752300000,10984.9,11010.0,10886.0,10924.0,840600
1297763100000,10925.0,10955.0,10921.1,10935.0,123500
1297827900000,10926.15,10998.9,10890.0,10968.9,628400
1297838700000,10968.9,11007.65,10916.0,10954.3,488100
1297849500000,10952.15,11005.0,10950.0,11005.0,95975
1297914300000,10997.0,11059.3,10911.25,11055.0,674125
1297925100000,11055.0,11174.0,11053.0,11118.0,746425
1297935900000,11118.95,11140.9,11117.0,11139.0,113875
1298000700000,11150.0,11279.7,11035.3,11080.05,1156025
1298011500000,11085.0,11129.0,10881.05,10915.0,1036250
1298022300000,10918.0,10975.0,10908.9,10966.95,143625
1298259900000,10941.0,10980.0,10807.05,10869.0,671350
1298270700000,10868.5,11089.5,10784.55,11087.0,1034975
1298281500000,11090.0,11099.0,11052.0,11080.15,152600
1298346300000,10925.0,11000.0,10835.0,10910.0,928025
1298357100000,10910.0,10919.0,10762.0,10840.0,807950
1298367900000,10840.0,10867.75,10832.1,10832.1,97950
1298432700000,10841.0,10877.6,10767.7,10808.9,625900
1298443500000,10806.0,10865.0,10640.2,10661.55,684500
1298454300000,10660.05,10682.0,10650.0,10668.0,105700
1298519100000,10635.0,10640.0,10462.0,10520.25,641375
1298529900000,10518.05,10528.7,10170.1,10184.8,912275
1298540700000,10180.15,10216.0,10176.0,10210.6,129250
1298605500000,10340.0,10455.0,10285.25,10430.0,831125
1298616300000,10429.35,10504.9,10260.0,10413.0,962350
1298627100000,10415.0,10510.0,10413.2,10498.85,177925
1298864700000,10465.0,10650.0,10405.0,10407.0,1045825
1298875500000,10406.65,10799.45,10371.0,10471.0,1908425
1298886300000,10470.0,10495.0,10419.5,10457.0,146225
1298951100000,10543.0,10750.0,10520.0,10725.0,913450
1298961900000,10726.5,10940.0,10723.6,10925.05,1008875
1298972700000,10929.95,10942.0,10908.35,10942.0,157025
1299123900000,10849.9,11120.0,10782.65,10966.15,1495200
1299134700000,10966.0,11048.0,10792.0,10950.25,1072475
1299145500000,10953.0,10974.9,10925.0,10940.05,88900
1299210300000,11032.0,11155.0,10975.0,11020.0,846875
1299221100000,11025.0,11078.7,10919.0,10961.0,853275
1299231900000,10960.9,11009.95,10960.05,10985.2,132225
1299469500000,10850.0,10888.85,10690.1,10721.05,877575
1299480300000,10721.05,10863.0,10649.15,10818.9,948125
1299491100000,10820.0,10823.0,10790.0,10807.0,121675
1299555900000,10795.0,10989.9,10792.0,10983.5,922550
1299566700000,10983.5,11024.0,10909.0,10978.25,754525
1299577500000,10977.1,11004.8,10960.15,10991.0,141125
1299642300000,11049.0,11090.5,10901.25,10978.0,897150
1299653100000,10979.8,11075.45,10952.0,11010.15,683425
1299663900000,11010.25,11018.9,10967.2,10973.0,127300
1299728700000,10925.25,10968.0,10775.0,10845.95,760575
1299739500000,10849.0,10904.0,10799.75,10860.0,591125
1299750300000,10860.25,10884.9,10856.1,10884.0,87475
1299815100000,10799.0,10925.0,10765.0,10812.0,890850
1299825900000,10814.4,10822.0,10710.0,10773.0,729175
1299836700000,10775.0,10790.0,10766.0,10790.0,96825
1300074300000,10750.0,10919.0,10750.0,10850.0,694175
1300085100000,10850.0,10959.9,10781.0,10950.0,771775
1300095900000,10950.0,10974.8,10928.0,10970.0,128875
1300160700000,10700.0,10798.0,10613.15,10745.0,1045050
1300171500000,10746.5,10805.0,10681.65,10736.0,809025
1300182300000,10740.0,10745.0,10717.1,10740.65,96900
1300247100000,10780.0,10969.0,10777.7,10968.8,718800
1300257900000,10966.5,11023.8,10930.0,10959.9,717450
1300268700000,10959.9,10985.0,10952.0,10985.0,130175
1300333500000,10879.0,11049.0,10866.1,10934.0,1153875
1300344300000,10936.3,10969.0,10861.0,10888.75,899600
1300355100000,10888.05,10925.0,10887.5,10914.0,176275
1300419900000,10940.0,10958.0,10786.0,10815.7,794400
1300430700000,10816.9,10846.0,10742.6,10756.0,561775
1300441500000,10758.0,10768.0,10739.0,10744.95,129400
1300679100000,10790.0,10840.0,10691.0,10800.0,596650
1300689900000,10802.0,10825.0,10740.0,10763.85,364400
1300700700000,10762.2,10794.0,10762.2,10793.0,86775
1300765500000,10794.5,10865.0,10760.5,10841.0,538275
1300776300000,10841.0,10862.8,10779.0,10812.0,349950
1300787100000,10810.0,10825.0,10804.3,10817.2,79325
1300851900000,10795.0,10974.9,10772.35,10955.05,807250
1300862700000,10955.95,10999.5,10932.2,10987.0,371100
1300873500000,10986.05,10992.0,10972.0,10992.0,90000
1300938300000,11000.0,11134.85,11000.0,11081.55,526325
1300949100000,11085.0,11127.0,11040.0,11119.0,473725
1300959900000,11119.0,11135.0,11110.0,11134.0,87400
1301024700000,11154.0,11230.0,11154.0,11194.0,389225
1301035500000,11190.55,11494.4,11180.0,11446.7,1036175
1301046300000,11449.8,11465.0,11415.55,11429.2,127550
1301283900000,11425.9,11589.9,11336.0,11547.0,727075
1301294700000,11548.9,11642.0,11522.0,11554.0,460200
1301305500000,11554.0,11571.0,11546.1,11559.95,87625
1301370300000,11520.5,11645.25,11520.5,11634.0,518725
1301381100000,11632.0,11699.5,11592.5,11630.0,573225
1301391900000,11627.0,11631.0,11600.0,11602.0,84300
1301456700000,11651.0,11750.0,11634.65,11713.0,458550
1301467500000,11714.75,11785.0,11695.0,11769.9,478725
1301478300000,11769.7,11837.95,11762.1,11825.0,116175
1301543100000,11807.85,11900.0,11807.85,11885.0,447975
1301553900000,11885.6,11897.9,11580.0,11722.0,758800
1301564700000,11720.0,11720.0,11691.6,11708.0,78125
1301629500000,11800.0,11800.0,11602.0,11659.0,725900
1301640300000,11659.0,11704.1,11610.0,11669.0,466850
1301651100000,11665.0,11692.1,11665.0,11690.0,106075
1301888700000,11703.95,11850.0,11684.0,11838.95,568850
1301899500000,11838.95,11919.0,11813.0,11875.0,513450
1301910300000,11875.3,11894.85,11871.8,11888.7,68525
1301975100000,11900.0,11925.0,11728.0,11770.0,791400
1301985900000,11771.5,11882.55,11742.0,11865.0,663050
1301996700000,11862.0,11879.4,11844.0,11845.1,72000
1302061500000,11866.1,11897.95,11733.8,11818.5,770150
1302072300000,11818.5,11845.0,11761.0,11804.9,373050
1302083100000,11804.95,11808.85,11752.0,11758.1,94650
1302147900000,11772.95,11832.0,11695.05,11797.0,570625
1302158700000,11797.0,11876.4,11760.0,11804.0,618950
1302169500000,11800.0,11818.0,11781.0,11800.0,79650
1302234300000,11780.0,11889.9,11695.4,11745.0,942975
1302245100000,11745.0,11785.0,11665.2,11715.6,577050
1302255900000,11715.6,11728.0,11701.1,11717.5,113425
1302493500000,11610.0,11700.0,11590.05,11601.0,545950
1302504300000,11601.7,11673.0,11601.55,11628.0,336975
1302515100000,11625.2,11631.8,11616.0,11620.0,93000
1302666300000,11540.6,11782.0,11531.0,11755.0,889100
1302677100000,11754.15,11917.75,11751.0,11896.5,612450
1302687900000,11897.0,11918.0,11890.0,11916.0,132450
1302839100000,11900.0,11996.85,11740.2,11778.8,1145475
1302849900000,11778.0,11833.0,11746.5,11782.9,392225
1302860700000,11780.1,11782.0,11755.55,11768.0,70850
1303098300000,11777.0,11941.9,11605.0,11679.1,1073650
1303109100000,11680.5,11704.0,11553.0,11566.2,645475
1303119900000,11566.05,11600.0,11560.0,11590.35,81175
1303184700000,11565.0,11670.0,11512.05,11632.8,786225
1303195500000,11630.0,11654.05,11546.8,11627.0,411800
1303206300000,11629.0,11649.75,11627.15,11647.0,85350
1303271100000,11722.1,11785.0,11679.95,11727.45,541350
1303281900000,11725.95,11849.0,11650.25,11844.0,794000
1303292700000,11842.0,11860.0,11835.1,11860.0,112050
1303357500000,11898.0,11960.0,11863.55,11917.95,586775
1303368300000,11912.4,11948.85,11872.0,11925.0,414025
1303379100000,11925.95,11938.0,11910.0,11915.5,83175
1303703100000,11890.0,12025.0,11890.0,11957.0,543225
1303713900000,11958.0,11982.0,11907.7,11930.5,302700
1303724700000,11932.75,11935.0,11906.0,11921.95,85200
1303789500000,11919.95,11921.6,11741.0,11753.9,725750
1303800300000,11753.25,11939.9,11723.0,11905.0,728375
1303811100000,11907.5,11910.0,11880.0,11890.1,68975
1303875900000,11943.0,11965.0,11810.0,11818.95,526400
1303886700000,11811.3,11859.9,11751.3,11809.0,568875
1303897500000,11808.0,11815.05,11789.7,11815.05,76300
1303962300000,11860.0,11870.0,11755.0,11777.55,410400
1303973100000,11776.55,11785.05,11670.15,11692.4,505925
1303983900000,11690.0,11694.5,11681.1,11684.25,82300
1304048700000,11740.1,11774.85,11615.0,11645.0,681075
1304059500000,11645.0,11649.85,11431.0,11519.4,801625
1304070300000,11519.4,11548.9,11499.05,11505.0,108200
1304307900000,11588.8,11588.8,11290.0,11322.2,848275
1304318700000,11325.0,11325.0,11229.0,11300.0,679000
1304329500000,11299.8,11299.8,11272.6,11284.75,79375
1304394300000,11224.75,11380.0,10978.5,10997.0,2011350
1304405100000,10997.0,11055.0,10866.15,10930.0,971900
1304415900000,10930.0,10940.0,10911.0,10932.0,121375
1304480700000,10882.35,10995.0,10832.1,10920.5,879125
1304491500000,10920.95,11046.85,10884.7,10939.7,715275
1304502300000,10938.0,10954.85,10925.0,10935.0,72500
1304567100000,10905.35,11006.95,10826.5,10907.0,763450
1304577900000,10910.0,10911.95,10710.5,10769.8,853950
1304588700000,10767.85,10773.7,10701.0,10709.0,118350
1304653500000,10983.9,11035.0,10972.3,11012.4,152150
1304664300000,11020.0,11186.8,10931.0,11160.0,877175
1304675100000,11160.0,11168.65,11114.8,11142.7,103225
1304912700000,11205.0,11240.0,10950.0,11045.0,623675
1304923500000,11044.0,11160.0,11017.35,11079.0,526450
1304934300000,11079.0,11092.15,11072.0,11081.5,45700
1304999100000,11084.95,11118.0,10952.65,11053.9,584075
1305009900000,11053.2,11080.0,10953.0,11027.0,546375
1305020700000,11027.0,11034.9,11010.0,11034.9,51350
1305085500000,11060.0,11069.95,10901.0,10978.0,717950
1305096300000,10979.0,11090.0,10941.1,11044.75,501625
1305107100000,11044.0,11045.0,11015.0,11038.05,83825
1305171900000,10989.0,11079.0,10935.0,10964.0,559050
1305182700000,10962.65,10995.0,10843.0,10876.0,597625
1305193500000,10877.0,10880.1,10860.0,10872.25,63575
1305258300000,10898.85,11150.0,10812.6,11082.0,872150
1305269100000,11082.0,11203.0,11000.2,11015.0,881200
1305279900000,11015.2,11084.0,11000.1,11063.95,107900
1305517500000,10970.0,10979.0,10871.8,10930.0,598475
1305528300000,10932.35,10941.95,10840.0,10872.55,374375
1305539100000,10872.05,10877.0,10863.0,10873.0,55900
1305603900000,10880.0,10938.0,10807.0,10851.0,508700
1305614700000,10851.0,10865.0,10587.7,10660.5,1169675
1305625500000,10662.0,10671.45,10650.0,10654.1,68700
1305690300000,10682.0,10682.0,10558.1,10596.0,593925
1305701100000,10596.0,10659.5,10533.0,10592.25,586325
1305711900000,10592.0,10611.0,10581.45,10593.0,57250
1305776700000,10640.05,10660.0,10558.5,10570.0,301400
1305787500000,10569.8,10602.0,10510.0,10526.85,315350
1305798300000,10525.1,10571.8,10525.1,10563.0,65625
1305863100000,10589.95,10720.0,10541.55,10604.0,559075
1305873900000,10601.35,10744.4,10580.0,10670.0,550150
1305884700000,10673.0,10683.5,10653.15,10665.0,59400
1306122300000,10598.8,10599.0,10372.6,10390.0,655000
1306133100000,10390.45,10409.7,10336.1,10364.0,445600
1306143900000,10364.5,10380.0,10330.0,10330.0,91975
1306208700000,10361.0,10468.6,10330.1,10457.95,945375
1306219500000,10458.0,10521.0,10378.05,10435.6,805150
1306230300000,10435.0,10446.0,10423.0,10442.5,58925
1306295100000,10350.0,10425.0,10350.0,10383.0,593725
1306305900000,10383.0,10439.0,10361.3,10373.3,570350
1306316700000,10372.3,10372.55,10351.0,10366.5,78925
1306381500000,10390.55,10498.0,10352.0,10471.75,513275
1306392300000,10471.75,10491.2,10367.1,10472.0,495150
1306403100000,10472.0,10476.0,10462.4,10469.95,92850
1306467900000,10437.8,10597.5,10435.1,10584.0,570050
1306478700000,10584.0,10660.0,10570.0,10640.5,400450
1306489500000,10640.0,10650.0,10634.15,10648.0,59825
1306727100000,10678.0,10739.0,10626.0,10674.6,426150
1306737900000,10674.0,10729.0,10670.0,10707.0,251075
1306748700000,10705.1,10708.8,10695.1,10700.25,54500
1306813500000,10737.9,10887.7,10730.0,10879.0,812975
1306824300000,10879.0,10933.8,10860.75,10930.0,368575
1306835100000,10930.0,10944.9,10911.0,10918.5,103200
1306899900000,10934.0,10984.0,10875.1,10915.0,485075
1306910700000,10908.5,10959.95,10851.05,10946.2,442850
1306921500000,10945.05,10959.95,10938.5,10955.0,70150
1306986300000,10851.0,10864.95,10800.0,10847.15,437950
1306997100000,10847.1,10878.0,10775.0,10816.0,375050
1307007900000,10815.0,10845.25,10814.15,10843.0,67025
1307072700000,10850.0,10940.0,10849.95,10877.7,324875
1307083500000,10878.0,10878.0,10722.0,10756.1,626550
1307094300000,10756.1,10790.0,10756.1,10782.65,74000
1307331900000,10724.9,10741.55,10650.0,10671.0,357750
1307342700000,10670.0,10861.0,10666.8,10838.15,515975
1307353500000,10840.0,10845.8,10815.0,10840.0,76475
1307418300000,10760.0,10904.2,10760.0,10892.0,489175
1307429100000,10891.0,10925.0,10873.0,10890.1,347775
1307439900000,10891.0,10891.0,10870.0,10881.0,67825
1307504700000,10829.95,10880.0,10798.3,10870.55,339250
1307515500000,10872.0,10894.8,10750.1,10792.55,593500
1307526300000,10792.55,10814.0,10786.0,10810.0,71375
1307591100000,10781.0,10847.8,10721.25,10736.0,497325
1307601900000,10737.0,10838.15,10726.55,10780.25,410700
1307612700000,10780.1,10798.0,10776.5,10790.0,61950
1307677500000,10784.85,10815.0,10684.9,10712.0,525175
1307688300000,10711.1,10720.0,10607.45,10689.9,498575
1307699100000,10687.7,10715.05,10685.0,10690.05,102100
1307936700000,10660.15,10725.0,10602.1,10720.0,467025
1307947500000,10719.8,10765.0,10692.2,10726.1,340875
1307958300000,10726.1,10748.0,10721.0,10748.0,83175
1308023100000,10760.0,10847.7,10760.0,10788.0,520550
1308033900000,10788.7,10839.0,10765.2,10820.0,357250
1308044700000,10822.6,10835.0,10820.0,10830.0,71275
1308109500000,10835.0,10835.0,10701.0,10717.0,474025
1308120300000,10718.0,10721.7,10607.0,10642.5,570925
1308131100000,10643.0,10650.0,10630.0,10630.0,71925
1308195900000,10554.9,10664.0,10535.0,10630.3,688650
1308206700000,10630.0,10735.0,10565.0,10574.5,968150
1308217500000,10572.65,10610.0,10572.65,10601.0,83950
1308282300000,10620.0,10650.0,10563.0,10621.0,396675
1308293100000,10621.0,10644.9,10571.0,10623.9,396100
1308303900000,10618.35,10625.0,10611.55,10624.95,63850
1308541500000,10617.95,10630.0,10335.85,10551.0,1119700
1308552300000,10551.35,10564.0,10466.0,10492.1,376750
1308563100000,10489.0,10520.2,10488.0,10519.0,83575
1308627900000,10549.95,10679.75,10519.95,10662.0,805050
1308638700000,10662.0,10668.5,10445.65,10472.95,712050
1308649500000,10473.5,10490.0,10465.0,10474.0,63775
1308714300000,10530.0,10561.0,10466.0,10519.1,389000
1308725100000,10521.7,10544.0,10445.1,10488.0,385125
1308735900000,10489.9,10506.5,10481.25,10485.2,59850
1308800700000,10475.0,10548.0,10445.95,10536.1,379925
1308811500000,10536.15,10569.0,10482.3,10536.35,377025
1308822300000,10532.6,10561.85,10529.0,10560.45,66550
1308887100000,10616.1,10825.0,10611.0,10791.0,883625
1308897900000,10791.0,10879.0,10780.05,10879.0,507350
1308908700000,10877.0,10897.5,10875.0,10896.55,156675
1309146300000,10830.0,10973.45,10810.0,10947.1,533950
1309157100000,10949.0,11094.0,10945.6,11055.0,688175
1309167900000,11055.0,11083.0,11042.35,11080.0,87250
1309232700000,11090.0,11134.6,10990.1,11081.8,653625
1309243500000,11081.9,11107.0,11046.0,11070.05,531475
1309254300000,11072.5,11073.0,11055.0,11059.75,66875
1309319100000,11099.0,11147.8,11099.0,11112.0,346375
1309329900000,11112.0,11174.0,11110.55,11160.5,417275
1309340700000,11160.5,11181.9,11155.0,11179.4,75500
1309405500000,11195.0,11239.9,11181.0,11225.0,312875
1309416300000,11224.75,11266.85,11146.45,11255.0,421525
1309427100000,11255.0,11260.0,11239.0,11247.75,68650
1309491900000,11299.9,11346.95,11212.25,11255.3,473250
1309502700000,11254.0,11315.0,11224.6,11292.0,444825
1309513500000,11291.0,11305.0,11283.25,11301.0,69450
1309751100000,11353.9,11406.25,11350.0,11397.85,444775
1309761900000,11396.0,11436.0,11372.0,11403.0,232975
1309772700000,11402.05,11426.0,11398.25,11426.0,84375
1309837500000,11415.0,11429.9,11325.0,11364.05,339275
1309848300000,11364.3,11480.0,11340.0,11452.0,494075
1309859100000,11448.0,11462.35,11437.05,11455.0,81675
1309923900000,11420.0,11444.0,11333.3,11356.3,485525
1309934700000,11357.0,11373.0,11281.0,11318.0,501175
1309945500000,11316.0,11319.0,11304.0,11315.0,85100
1310010300000,11335.0,11435.0,11270.0,11414.9,663825
1310021100000,11413.8,11495.0,11365.45,11468.0,454875
1310031900000,11470.0,11477.95,11452.0,11459.0,76550
1310096700000,11450.0,11490.0,11355.9,11435.0,510150
1310107500000,11435.0,11466.0,11303.0,11320.0,459400
1310118300000,11316.85,11325.1,11300.0,11321.0,96650
1310355900000,11281.5,11295.05,11170.4,11180.0,528100
1310366700000,11178.0,11179.15,11121.0,11135.55,377950
1310377500000,11145.0,11155.0,11131.45,11145.45,80600
1310442300000,11048.0,11170.0,10995.0,11096.0,675750
1310453100000,11095.0,11103.0,10975.0,11069.0,583700
1310463900000,11067.0,11068.0,11032.1,11035.0,61575
1310528700000,11100.0,11197.9,11086.4,11176.0,450550
1310539500000,11176.85,11188.0,11122.2,11164.95,277000
1310550300000,11164.75,11187.0,11161.9,11177.0,77525
1310615100000,11135.0,11282.3,11103.9,11249.05,637450
1310625900000,11251.85,11405.0,11235.5,11262.5,749000
1310636700000,11262.0,11269.95,11228.25,11245.5,100575
1310701500000,11280.0,11358.5,11205.0,11247.35,559300
1310712300000,11247.5,11292.45,11207.0,11255.9,283225
1310723100000,11255.5,11258.6,11231.55,11252.0,58775
1310960700000,11250.0,11303.0,11201.25,11255.7,314025
1310971500000,11255.7,11275.0,11204.15,11247.0,255450
1310982300000,11246.5,11250.0,11230.0,11245.0,48950
1311047100000,11249.5,11294.5,11221.5,11245.05,316475
1311057900000,11245.0,11379.8,11245.0,11357.0,550850
1311068700000,11357.0,11364.3,11330.0,11347.0,77550
1311133500000,11392.95,11403.1,11282.2,11335.0,457775
1311144300000,11333.0,11335.0,11165.0,11181.85,617400
1311155100000,11180.0,11184.0,11156.25,11171.0,78075
1311219900000,11152.4,11230.0,11110.2,11134.0,483475
1311230700000,11134.5,11137.05,11035.0,11074.9,449725
1311241500000,11075.0,11090.0,11071.1,11079.9,73125
1311306300000,11126.1,11247.9,11110.0,11213.2,511250
1311317100000,11215.0,11328.0,11210.45,11324.15,490300
1311327900000,11325.85,11330.0,11301.5,11320.0,106450
1311565500000,11297.0,11341.0,11240.0,11286.0,449300
1311576300000,11288.0,11445.0,11258.6,11398.0,569975
1311587100000,11395.1,11411.95,11392.7,11405.0,84350
1311651900000,11425.0,11435.0,11071.0,11109.95,1180400
1311662700000,11109.95,11146.3,11057.9,11115.75,631000
1311673500000,11115.0,11121.0,11095.0,11104.0,81450
1311738300000,11121.05,11128.45,10980.0,10986.1,602650
1311749100000,10986.1,11075.0,10960.5,11008.2,486950
1311759900000,11008.9,11025.4,11003.0,11020.05,46925
1311824700000,10925.0,10958.0,10856.1,10886.25,481325
1311835500000,10887.0,10946.0,10812.25,10819.0,400500
1311846300000,10816.2,10830.0,10816.2,10827.1,60450
1311911100000,10845.0,10940.0,10763.3,10854.0,616100
1311921900000,10855.0,10980.0,10791.0,10894.15,625975
1311932700000,10895.0,10928.8,10890.05,10925.0,65950
1312170300000,11011.0,11075.0,10980.0,10990.0,392925
1312181100000,10988.1,11012.15,10900.3,10973.55,451875
1312191900000,10972.0,10980.0,10936.15,10940.0,74550
1312256700000,10898.0,10913.6,10782.35,10796.0,464825
1312267500000,10798.0,10826.0,10741.5,10777.0,393375
1312278300000,10777.0,10790.0,10770.1,10779.9,71550
1312343100000,10699.9,10699.9,10575.0,10592.0,553000
1312353900000,10595.0,10677.8,10576.0,10654.85,468425
1312364700000,10655.95,10729.9,10655.95,10723.0,136150
1312429500000,10697.0,10788.5,10650.65,10662.0,500250
1312440300000,10662.0,10723.25,10540.6,10565.0,574825
1312451100000,10565.0,10574.85,10525.0,10532.0,102025
1312515900000,10344.9,10344.9,10201.0,10205.0,795025
1312526700000,10205.05,10379.0,10155.0,10334.2,818325
1312537500000,10334.2,10374.0,10334.2,10365.6,94325
1312775100000,10149.9,10274.75,10075.2,10239.0,615575
1312785900000,10237.0,10494.0,10210.0,10230.0,1001500
1312796700000,10230.0,10269.9,10229.2,10265.0,73200
1312861500000,10050.0,10249.0,9939.9,10239.3,845250
1312872300000,10240.1,10433.0,10055.0,10241.0,1118050
1312883100000,10240.0,10284.0,10224.0,10260.4,102575
1312947900000,10360.0,10498.85,10360.0,10431.75,596775
1312958700000,10431.75,10477.1,10365.0,10447.9,503325
1312969500000,10449.95,10471.0,10444.0,10465.0,72700
1313034300000,10399.0,10525.0,10353.55,10443.2,772225
1313045100000,10443.2,10494.0,10326.15,10335.0,545800
1313055900000,10335.55,10351.0,10329.0,10338.9,85075
1313120700000,10401.1,10445.0,10201.65,10227.0,727350
1313131500000,10225.0,10250.0,10141.0,10206.6,587225
1313142300000,10205.0,10207.95,10176.25,10176.25,81100
1313466300000,10306.0,10315.0,10166.0,10174.0,436275
1313477100000,10174.9,10204.85,10015.0,10054.5,520350
1313487900000,10053.5,10088.0,10042.05,10085.0,82525
1313552700000,10074.9,10191.05,9976.3,9992.5,962175
1313563500000,9998.45,10005.6,9855.15,9947.0,844050
1313574300000,9950.0,9990.0,9932.2,9985.3,77800
1313639100000,9965.05,9989.25,9640.0,9661.3,1005850
1313649900000,9664.0,9700.0,9542.0,9581.0,595425
1313660700000,9581.2,9605.0,9550.05,9552.9,128375
1313725500000,9450.0,9599.0,9357.0,9492.85,924050
1313736300000,9491.25,9538.0,9301.0,9435.35,801150
1313747100000,9435.5,9451.1,9402.0,9448.0,119575
1313984700000,9450.0,9479.4,9271.0,9279.0,681925
1313995500000,9276.5,9470.0,9234.75,9424.9,1139000
1314006300000,9424.9,9432.0,9397.95,9422.0,95875
1314071100000,9449.9,9479.9,9288.0,9444.0,951675
1314081900000,9443.95,9520.0,9406.6,9488.1,1054500
1314092700000,9489.95,9495.7,9470.0,9478.0,77800
1314157500000,9401.1,9567.2,9373.8,9424.0,1111875
1314168300000,9423.5,9455.7,9290.05,9297.9,861575
1314179100000,9297.9,9309.0,9275.05,9275.05,128425
1314243900000,9351.15,9417.15,9181.5,9265.0,738700
1314254700000,9263.1,9344.95,9137.0,9162.0,739450
1314265500000,9160.15,9179.95,9150.05,9176.15,116700
1314330300000,9210.0,9254.9,9119.2,9136.0,749250
1314341100000,9135.0,9180.0,8905.95,8954.15,774775
1314351900000,8956.0,8998.95,8940.95,8962.95,110375
1314589500000,9077.0,9288.85,9060.0,9268.95,711450
1314600300000,9268.7,9373.85,9240.0,9323.0,523950
1314611100000,9324.0,9370.0,9323.0,9368.0,90925
1314675900000,9400.0,9507.7,9340.5,9372.0,799275
1314686700000,9372.0,9531.9,9363.2,9520.95,695650
1314697500000,9519.05,9555.0,9507.2,9550.0,102550
1314935100000,9550.1,9656.0,9500.0,9604.9,623100
1314945900000,9605.0,9616.5,9456.35,9560.0,567975
1314956700000,9560.0,9579.0,9556.9,9576.0,71625
1315194300000,9455.0,9526.7,9426.0,9489.5,501550
1315205100000,9486.5,9614.0,9452.15,9590.85,560300
1315215900000,9590.5,9629.0,9587.0,9621.0,83075
1315280700000,9558.0,9579.95,9325.0,9382.0,940600
1315291500000,9382.0,9690.7,9382.0,9658.0,919525
1315302300000,9660.0,9689.0,9646.0,9683.65,130700
1315367100000,9701.05,9879.0,9701.05,9860.0,731025
1315377900000,9865.0,9894.0,9802.2,9845.3,465450
1315388700000,9846.6,9850.0,9821.0,9830.0,95800
1315453500000,9848.0,9858.0,9721.65,9787.0,685200
1315464300000,9786.35,9925.0,9776.0,9904.9,590275
1315475100000,9903.0,9928.0,9898.0,9926.9,90975
1315539900000,9921.0,9960.0,9850.0,9893.95,556225
1315550700000,9890.5,9927.5,9658.2,9665.0,938450
1315561500000,9665.0,9670.0,9635.5,9642.0,127550
1315799100000,9495.0,9540.0,9371.5,9406.0,757300
1315809900000,9408.0,9447.25,9336.0,9384.45,662375
1315820700000,9383.0,9403.0,9375.15,9387.7,92625
1315885500000,9443.0,9566.0,9443.0,9547.5,632175
1315896300000,9549.7,9553.0,9250.1,9348.0,1135750
1315907100000,9347.7,9352.0,9329.55,9345.0,71325
1315971900000,9331.1,9404.9,9256.7,9317.15,908575
1315982700000,9320.0,9499.0,9282.6,9468.45,894750
1315993500000,9468.45,9508.0,9468.45,9495.0,126450
1316058300000,9519.0,9559.35,9375.0,9432.0,830050
1316069100000,9432.0,9690.7,9416.0,9687.0,927100
1316079900000,9691.4,9740.0,9670.0,9725.0,147150
1316144700000,9738.0,9820.0,9593.6,9690.0,1128650
1316155500000,9687.0,9759.5,9620.0,9700.0,897950
1316166300000,9700.0,9735.05,9696.35,9725.0,102825
1316403900000,9655.55,9655.55,9526.0,9541.0,604200
1316414700000,9540.9,9634.35,9531.0,9549.8,478300
1316425500000,9549.8,9579.9,9549.8,9577.0,83975
1316490300000,9568.65,9708.0,9557.5,9675.0,515125
1316501100000,9675.0,9835.0,9624.9,9834.9,679100
1316511900000,9833.0,9859.95,9833.0,9859.0,119925
1316576700000,9826.0,9954.0,9798.05,9920.0,815675
1316587500000,9925.0,9932.8,9843.95,9922.35,441825
1316598300000,9924.0,9945.05,9880.0,9885.2,118200
1316663100000,9774.9,9774.9,9627.0,9651.0,814600
1316673900000,9651.0,9654.5,9465.05,9511.05,832175
1316684700000,9511.05,9520.0,9470.0,9500.0,160000
1316749500000,9444.9,9444.9,9262.25,9357.1,1068850
1316760300000,9359.0,9537.9,9342.0,9379.0,1020125
1316771100000,9379.0,9404.5,9358.0,9369.3,96650
1317008700000,9374.0,9374.0,9160.05,9214.0,1023625
1317019500000,9211.0,9479.5,9204.05,9374.85,1262575
1317030300000,9373.65,9395.05,9366.5,9395.05,92500
1317095100000,9521.1,9650.0,9501.1,9635.0,888425
1317105900000,9630.05,9675.0,9591.0,9629.95,719450
1317116700000,9629.95,9674.9,9626.0,9670.0,113250
1317181500000,9671.0,9688.0,9434.0,9484.8,767225
1317192300000,9484.8,9579.0,9420.0,9486.5,672975
1317203100000,9486.5,9529.85,9486.0,9520.0,111675
1317267900000,9456.1,9586.0,9396.25,9567.85,587250
1317278700000,9566.25,9684.0,9542.2,9643.0,501200
1317289500000,9643.0,9662.0,9643.0,9655.0,67050
1317354300000,9600.0,9633.15,9482.0,9591.0,754375
1317365100000,9588.1,9595.65,9386.75,9430.0,714275
1317375900000,9429.0,9438.0,9406.2,9430.0,95200
1317613500000,9320.0,9348.0,9116.05,9132.0,686150
1317624300000,9132.4,9225.0,9120.0,9169.0,497175
1317635100000,9171.0,9202.8,9164.4,9197.0,83000
1317699900000,9144.0,9270.1,9106.6,9247.0,703950
1317710700000,9249.0,9249.0,8799.95,8898.0,1327325
1317721500000,8895.0,8915.1,8875.4,8884.95,109575
1317786300000,8950.0,9000.0,8750.0,8825.0,846125
1317797100000,8826.0,8897.0,8637.95,8713.05,1214950
1317807900000,8712.35,8723.0,8685.1,8696.0,118700
1317959100000,8940.0,9141.95,8920.35,9085.25,886100
1317969900000,9083.0,9087.75,8974.9,9053.0,666850
1317980700000,9053.0,9058.95,9030.35,9050.0,80925
1318218300000,9081.1,9168.15,8986.0,9145.0,623725
1318229100000,9142.5,9200.0,9093.3,9198.0,495000
1318239900000,9198.0,9214.9,9186.35,9211.0,92200
1318304700000,9275.0,9373.0,9250.0,9252.0,678550
1318315500000,9253.0,9310.05,9140.0,9194.0,768250
1318326300000,9194.8,9194.8,9175.5,9185.05,71900
1318391100000,9250.0,9330.0,9185.0,9310.0,717350
1318401900000,9309.95,9504.7,9218.75,9490.0,1149225
1318412700000,9494.5,9538.0,9486.1,9528.0,144475
1318477500000,9600.55,9649.0,9535.45,9607.0,777125
1318488300000,9608.95,9665.0,9543.65,9557.0,577375
1318499100000,9556.9,9573.75,9525.1,9525.1,104525
1318563900000,9532.05,9645.0,9485.0,9625.0,495825
1318574700000,9626.55,9699.0,9542.4,9686.9,592575
1318585500000,9685.0,9694.9,9665.0,9680.0,104875
1318823100000,9701.1,9788.0,9656.0,9701.05,698525
1318833900000,9704.0,9759.9,9682.55,9721.0,394225
1318844700000,9722.0,9723.0,9686.05,9698.95,81100
1318909500000,9685.0,9685.0,9490.05,9495.0,629275
1318920300000,9494.8,9575.0,9481.5,9546.35,562575
1318931100000,9547.5,9620.0,9545.0,9614.2,115200
1318995900000,9665.0,9819.0,9639.9,9759.95,1055325
1319006700000,9759.5,9870.05,9755.05,9862.05,634050
1319017500000,9862.05,9877.0,9851.3,9865.0,106275
1319082300000,9785.0,9790.0,9616.0,9620.0,804625
1319093100000,9621.4,9794.8,9611.65,9773.35,801475
1319103900000,9772.6,9784.95,9752.25,9776.0,80400
1319168700000,9783.0,9826.0,9710.0,9804.0,470875
1319179500000,9803.95,9805.0,9665.0,9688.8,541700
1319190300000,9688.8,9700.0,9680.0,9688.0,95650
1319427900000,9799.7,9915.0,9799.7,9910.05,531250
1319438700000,9910.05,9928.25,9607.4,9655.1,792075
1319449500000,9656.1,9675.95,9651.1,9665.0,99625
1319514300000,9703.0,9890.0,9357.7,9357.7,1471075
1319525100000,9356.6,9507.35,9325.05,9503.0,676250
1319535900000,9500.0,9514.0,9498.0,9511.9,86300
1319773500000,9810.0,9997.0,9810.0,9938.0,687775
1319784300000,9938.05,9995.0,9905.1,9957.0,511275
1319795100000,9955.5,9975.0,9950.0,9956.0,115275
1320032700000,9955.0,9989.0,9856.65,9983.1,573475
1320043500000,9984.8,10125.55,9965.0,10013.7,893950
1320054300000,10011.0,10025.0,10005.0,10025.0,80400
1320119100000,9924.9,10019.95,9884.65,9900.0,653975
1320129900000,9900.0,9917.15,9812.0,9859.95,525375
1320140700000,9856.15,9885.0,9850.0,9858.0,81500
1320205500000,9750.0,9923.65,9740.15,9918.0,658050
1320216300000,9916.0,9938.6,9822.25,9838.0,598175
1320227100000,9838.0,9838.0,9801.05,9810.0,119925
1320291900000,9781.0,9845.0,9682.0,9700.9,755600
1320302700000,9700.0,9874.0,9679.95,9815.0,814525
1320313500000,9813.0,9847.15,9812.0,9843.0,66375
1320378300000,9899.0,9950.0,9870.0,9909.0,555275
1320389100000,9908.75,9932.5,9843.85,9882.05,416200
1320399900000,9880.5,9890.0,9865.05,9888.0,80575
1320723900000,9899.9,9924.8,9753.1,9789.0,564600
1320734700000,9789.1,9938.0,9772.25,9910.0,682975
1320745500000,9906.1,9906.5,9890.05,9894.0,87525
1320810300000,9886.0,9950.0,9732.35,9770.9,1174550
1320821100000,9767.1,9795.0,9575.0,9601.8,891100
1320831900000,9605.0,9621.1,9585.0,9593.5,113550
1320983100000,9575.55,9603.95,9330.7,9346.0,1231000
1320993900000,9347.0,9395.0,9283.25,9319.0,805000
1321004700000,9319.0,9337.75,9300.0,9320.9,123525
1321242300000,9410.0,9475.0,9357.0,9410.0,533850
1321253100000,9410.0,9419.8,9256.6,9264.95,567050
1321263900000,9264.8,9282.8,9255.1,9263.0,101600
1321328700000,9251.0,9325.0,9211.0,9226.7,687875
1321339500000,9225.0,9265.0,9072.0,9079.8,796250
1321350300000,9079.8,9087.7,9056.1,9065.4,107650
1321415100000,9054.0,9075.0,8956.65,9026.9,913900
1321425900000,9026.0,9154.0,8960.05,9036.0,1014625
1321436700000,9036.0,9168.15,9028.3,9165.1,183325
1321501500000,9050.0,9126.35,9001.45,9097.5,677025
1321512300000,9097.5,9125.0,8890.05,8893.55,1004400
1321523100000,8893.55,8905.4,8856.15,8865.0,249875
1321587900000,8826.15,8858.0,8703.1,8713.9,798775
1321598700000,8712.1,8881.9,8694.1,8868.0,998775
1321609500000,8868.0,8886.95,8855.75,8881.1,96350
1321847100000,8790.0,8800.0,8690.3,8730.0,833150
1321857900000,8729.95,8745.0,8561.25,8569.0,852250
1321868700000,8569.0,8574.75,8520.95,8550.0,151450
1321933500000,8599.0,8687.7,8526.4,8625.0,997925
1321944300000,8622.1,8710.75,8545.5,8617.95,1046500
1321955100000,8617.0,8620.0,8590.05,8606.0,80875
1322019900000,8544.85,8544.85,8335.0,8344.0,792000
1322030700000,8347.0,8423.7,8231.75,8393.0,1004850
1322041500000,8387.5,8420.0,8375.0,8406.0,100825
1322106300000,8415.0,8430.05,8271.0,8334.7,702975
1322117100000,8332.15,8506.0,8321.0,8472.0,699950
1322127900000,8475.0,8485.0,8466.3,8473.0,82800
1322192700000,8421.95,8546.4,8352.0,8467.9,729550
1322203500000,8469.05,8541.5,8416.95,8451.35,759350
1322214300000,8451.3,8516.9,8451.3,8480.0,130875
1322451900000,8585.0,8724.0,8576.25,8679.0,703100
1322462700000,8679.0,8822.5,8670.15,8810.0,746050
1322473500000,8810.0,8819.0,8800.0,8815.0,96875
1322538300000,8809.0,8848.0,8702.1,8792.0,763700
1322549100000,8792.0,8813.4,8563.05,8625.0,1006575
1322559900000,8625.0,8639.0,8604.0,8623.0,90825
1322624700000,8562.25,8670.15,8512.65,8637.0,941600
1322635500000,8639.6,8719.9,8470.0,8569.9,1143450
1322646300000,8569.95,8599.95,8558.25,8598.0,127875
1322711100000,8908.0,9025.0,8825.8,8936.0,828175
1322721900000,8936.0,8994.95,8845.05,8916.15,744550
1322732700000,8916.0,8943.9,8903.05,8913.0,118825
1322797500000,8904.0,9040.0,8877.0,9013.0,778925
1322808300000,9014.0,9211.7,9001.5,9196.55,919900
1322819100000,9199.0,9232.2,9190.0,9232.0,178875
1323056700000,9170.0,9179.9,9089.85,9126.25,701800
1323067500000,9131.95,9248.0,9119.3,9180.0,655350
1323078300000,9180.0,9233.9,9178.5,9232.0,117700
1323229500000,9249.9,9307.5,9175.05,9228.0,759300
1323240300000,9228.0,9290.0,9196.0,9196.0,519150
1323251100000,9192.65,9212.0,9158.65,9170.0,128375
1323315900000,9145.0,9184.5,8913.05,8999.0,1128825
1323326700000,8998.05,9034.0,8883.0,8940.0,733625
1323337500000,8935.8,8970.0,8912.0,8923.0,135800
1323402300000,8785.0,8884.0,8700.0,8764.0,900950
1323413100000,8764.0,8967.7,8749.0,8815.25,1015325
1323423900000,8815.6,8865.0,8808.0,8860.05,108975
1323661500000,8900.0,8945.75,8661.0,8673.5,926750
1323672300000,8679.75,8730.0,8580.45,8583.5,641625
1323683100000,8586.8,8588.0,8500.0,8501.2,173100
1323747900000,8485.9,8545.9,8426.2,8503.0,890650
1323758700000,8503.35,8583.0,8371.7,8581.95,1274525
1323769500000,8583.5,8644.0,8561.35,8635.0,196625
1323834300000,8550.0,8689.0,8490.45,8520.0,1303800
1323845100000,8518.6,8611.0,8454.0,8502.0,917125
1323855900000,8501.0,8539.55,8485.5,8530.0,122200
1323920700000,8449.95,8485.0,8362.9,8396.5,812750
1323931500000,8395.55,8523.8,8391.25,8450.6,876750
1323942300000,8451.9,8470.65,8420.2,8465.0,129625
1324007100000,8482.5,8625.65,8431.0,8482.0,1258550
1324017900000,8480.3,8580.0,8104.2,8139.0,1662775
1324028700000,8135.05,8175.5,8094.95,8103.0,214450
1324266300000,8070.1,8078.0,7841.0,7897.05,968675
1324277100000,7897.05,7944.0,7803.0,7922.0,951175
1324287900000,7922.0,7943.0,7900.0,7900.0,138025
1324352700000,7951.6,7965.0,7786.2,7861.85,836725
1324363500000,7861.85,7971.0,7750.0,7803.2,1136450
1324374300000,7804.8,7829.3,7786.0,7820.0,166225
1324439100000,7980.3,8048.0,7932.0,8007.0,1111925
1324449900000,8009.95,8182.0,7980.0,8178.0,1066750
1324460700000,8172.1,8248.0,8170.05,8244.0,245875
1324525500000,8119.8,8219.95,8079.0,8143.5,769800
1324536300000,8142.0,8412.0,8085.0,8404.0,1486000
1324547100000,8408.5,8419.0,8370.0,8396.7,187375
1324611900000,8424.0,8440.0,8311.55,8367.45,615600
1324622700000,8367.45,8465.0,8238.15,8318.0,1131125
1324633500000,8318.7,8323.95,8278.25,8300.0,158200
1324871100000,8327.9,8434.0,8280.35,8365.0,737500
1324881900000,8365.0,8417.0,8333.0,8373.55,469050
1324892700000,8371.2,8387.25,8365.4,8382.0,82650
1325043900000,8244.95,8245.0,8093.2,8132.95,548925
1325054700000,8132.95,8163.0,8058.1,8121.7,582500
1325065500000,8121.6,8134.5,8102.5,8102.5,98900
1325130300000,8066.15,8146.95,8036.2,8103.0,513925
1325141100000,8101.6,8130.25,8028.75,8039.5,619925
1325151900000,8037.5,8041.5,8025.35,8029.1,110725
1325216700000,8027.95,8112.0,8027.95,8078.0,414825
1325227500000,8080.0,8129.0,7905.5,7952.0,908725
1325238300000,7951.85,7953.9,7930.0,7940.8,82350
1325475900000,7964.0,8008.25,7890.1,7894.35,589500
1325486700000,7892.3,8015.35,7880.0,7999.0,640725
1325497500000,8000.0,8021.5,7998.05,8012.2,108925
1325562300000,8075.0,8249.75,8075.0,8239.0,784175
1325573100000,8239.5,8367.0,8230.0,8359.9,715450
1325583900000,8359.9,8370.0,8337.55,8347.6,128875
1325648700000,8370.0,8417.5,8295.3,8330.0,905550
1325659500000,8331.0,8463.5,8304.0,8396.0,909750
1325670300000,8390.0,8402.4,8374.4,8389.0,100325
1325735100000,8371.15,8491.0,8371.15,8468.35,545150
1325745900000,8469.5,8519.0,8362.1,8435.0,968250
1325756700000,8434.95,8455.0,8420.1,8423.0,104550
1325821500000,8400.0,8400.0,8275.25,8314.1,648325
1325832300000,8314.1,8598.0,8292.05,8474.0,1230000
1325843100000,8472.05,8515.0,8467.0,8510.0,92925
1326080700000,8420.15,8429.95,8301.0,8396.0,642400
1326091500000,8396.0,8516.0,8384.0,8444.0,814500
1326102300000,8444.65,8470.0,8432.05,8467.95,110875
1326167100000,8510.0,8680.0,8505.3,8678.8,811000
1326177900000,8678.0,8768.95,8635.55,8757.0,621875
1326188700000,8755.8,8775.0,8750.1,8773.0,116450
1326253500000,8740.0,8835.5,8728.05,8829.0,694550
1326264300000,8829.85,8881.5,8753.0,8838.2,900125
1326275100000,8838.2,8864.0,8830.1,8856.0,80225
1326339900000,8800.0,9048.9,8800.0,8861.55,1410725
1326350700000,8864.5,8988.0,8862.0,8933.0,682350
1326361500000,8933.0,8988.3,8928.35,8988.3,117000
1326426300000,8999.1,9009.85,8892.2,8939.5,677375
1326437100000,8939.0,9073.95,8916.1,8956.7,1174550
1326447900000,8956.7,8984.4,8947.0,8981.0,100675
1326685500000,8899.0,8924.05,8822.6,8844.9,674475
1326696300000,8847.4,8970.0,8830.0,8959.0,674050
1326707100000,8958.1,8991.0,8953.05,8988.0,118400
1326771900000,9000.0,9119.0,9000.0,9072.45,603575
1326782700000,9075.0,9140.0,9064.3,9078.0,574000
1326793500000,9077.95,9088.0,9062.35,9066.0,89875
1326858300000,9085.0,9090.1,8945.25,8946.25,608375
1326869100000,8948.1,9069.9,8912.55,9030.0,855250
1326879900000,9030.0,9030.1,9001.0,9002.0,89000
1326944700000,9097.0,9197.0,9097.0,9188.95,650725
1326955500000,9188.0,9214.0,9136.5,9187.8,554325
1326966300000,9187.0,9217.95,9185.95,9208.0,122275
1327031100000,9255.6,9419.95,9251.55,9392.0,991050
1327041900000,9390.6,9537.0,9366.35,9522.0,1350450
1327052700000,9524.95,9538.9,9498.0,9525.0,190125
1327290300000,9500.0,9659.85,9470.0,9570.15,868950
1327301100000,9571.8,9596.5,9505.0,9529.95,700425
1327311900000,9528.0,9544.0,9523.0,9528.0,94075
1327376700000,9540.0,9872.25,9461.65,9866.15,2097925
1327387500000,9865.7,9918.75,9816.2,9847.8,1006600
1327398300000,9847.8,9850.0,9795.0,9800.0,200050
1327463100000,9882.0,9911.0,9748.0,9813.0,764625
1327473900000,9810.0,9903.65,9806.55,9848.0,879825
1327484700000,9848.0,9863.0,9848.0,9859.0,148600
1327895100000,9740.0,9740.0,9613.0,9620.0,756900
1327905900000,9620.0,9675.65,9529.0,9536.0,753200
1327916700000,9535.0,9565.0,9527.85,9529.0,122450
1327981500000,9618.5,9776.0,9618.5,9752.05,748250
1327992300000,9752.5,9949.8,9752.0,9945.55,994900
1328003100000,9948.5,9980.0,9945.05,9972.0,162750
1328067900000,9960.0,9965.0,9756.1,9808.3,898275
1328078700000,9810.0,9987.0,9780.0,9968.95,946100
1328089500000,9969.95,9992.2,9965.0,9972.8,135100
1328154300000,9998.5,10090.0,9745.65,9942.0,1952875
1328165100000,9942.0,10017.55,9901.4,9979.0,909125
1328175900000,9980.1,9984.0,9960.55,9965.0,107525
1328240700000,9940.0,9980.0,9900.5,9925.0,607475
1328251500000,9925.0,10185.0,9920.0,10160.0,1042250
1328262300000,10162.65,10169.25,10138.1,10150.0,145550
1328499900000,10230.0,10338.9,10201.0,10220.5,919050
1328510700000,10221.3,10319.0,10151.0,10238.0,890225
1328521500000,10238.0,10260.0,10231.5,10242.5,90900
1328586300000,10311.55,10445.0,10239.6,10360.0,1106450
1328597100000,10360.0,10425.55,10266.0,10327.0,903800
1328607900000,10325.0,10355.0,10321.15,10350.0,132625
1328672700000,10340.0,10399.0,10208.0,10394.0,1005300
1328683500000,10394.0,10441.35,10230.0,10350.1,1129975
1328694300000,10350.0,10359.0,10333.0,10355.0,110225
1328759100000,10290.0,10399.0,10282.0,10349.9,647375
1328769900000,10349.0,10603.15,10342.0,10580.05,1197400
1328780700000,10580.0,10598.0,10555.95,10588.3,194300
1328845500000,10549.0,10590.0,10452.0,10465.0,921250
1328856300000,10463.0,10508.0,10346.1,10439.4,1039125
1328867100000,10440.0,10464.8,10435.0,10445.0,110375
1329104700000,10470.0,10498.7,10350.0,10410.1,781225
1329115500000,10410.0,10590.0,10401.1,10511.2,1013950
1329126300000,10511.3,10529.0,10504.55,10513.0,93700
1329191100000,10514.0,10638.2,10475.05,10586.95,699375
1329201900000,10586.0,10619.95,10520.0,10582.95,548500
1329212700000,10578.0,10610.0,10572.0,10610.0,117025
1329277500000,10652.0,10822.9,10652.0,10809.25,692075
1329288300000,10812.0,10998.0,10812.0,10962.4,1167275
1329299100000,10967.65,10975.4,10955.0,10968.9,138075
1329363900000,10885.2,10935.0,10810.0,10852.0,849325
1329374700000,10854.0,10968.3,10800.1,10955.0,808550
1329385500000,10954.95,10960.0,10930.0,10940.0,86600
1329450300000,11035.0,11221.0,11021.05,11110.0,952725
1329461100000,11109.0,11167.95,11045.0,11106.0,778525
1329471900000,11107.75,11160.0,11105.0,11145.0,172975
1329795900000,11086.0,11239.75,11072.05,11230.0,654575
1329806700000,11229.7,11244.85,11125.5,11215.0,496825
1329817500000,11215.0,11216.45,11180.9,11204.0,121750
1329882300000,11195.0,11249.8,10960.0,11000.0,987375
1329893100000,11000.0,11063.0,10732.7,10738.25,1204700
1329903900000,10737.05,10785.0,10731.0,10760.0,133325
1329968700000,10747.65,10870.0,10670.0,10710.0,783000
1329979500000,10711.85,10837.6,10635.05,10715.0,744575
1329990300000,10714.8,10730.0,10711.1,10714.0,101450
1330055100000,10760.0,10858.0,10555.25,10615.0,1030375
1330065900000,10615.05,10693.6,10510.55,10612.6,899450
1330076700000,10610.65,10615.0,10585.0,10601.0,117525
1330314300000,10600.0,10600.0,10335.7,10346.0,863525
1330325100000,10349.9,10374.0,10175.5,10180.0,1058175
1330335900000,10180.0,10218.45,10179.5,10184.0,166450
1330400700000,10285.0,10594.0,10248.0,10590.0,1210750
1330411500000,10588.9,10713.0,10513.65,10620.0,941075
1330422300000,10622.7,10648.7,10613.3,10626.0,113150
1330487100000,10716.0,10786.5,10468.0,10578.5,1283800
1330497900000,10578.8,10643.0,10438.0,10520.0,1000350
1330508700000,10515.0,10539.7,10500.0,10529.55,104775
1330573500000,10498.0,10499.0,10276.0,10341.0,875525
1330584300000,10343.4,10448.5,10250.1,10356.25,951850
1330595100000,10360.0,10383.9,10318.0,10344.0,140975
1330659900000,10443.0,10650.0,10268.6,10633.25,1392375
1330670700000,10635.0,10675.0,10423.6,10523.8,1049950
1330681500000,10523.8,10529.0,10495.0,10507.0,74250
1330919100000,10435.0,10494.0,10255.5,10268.8,765300
1330929900000,10270.0,10309.0,10200.0,10243.8,838400
1330940700000,10247.0,10259.4,10224.2,10230.0,103250
1331005500000,10185.0,10531.85,10100.0,10390.0,1948550
1331016300000,10388.35,10404.0,10105.0,10135.0,1290800
1331027100000,10133.1,10136.0,10060.0,10069.95,204250
1331091900000,10080.0,10237.85,10002.6,10130.0,1218375
1331102700000,10127.25,10257.0,10035.0,10206.7,1160500
1331113500000,10207.95,10242.0,10200.0,10240.0,115050
1331264700000,10410.0,10544.0,10361.0,10494.45,1005575
1331275500000,10491.0,10574.9,10456.5,10560.15,690950
1331286300000,10563.0,10596.95,10559.95,10585.0,175725
1331523900000,10758.0,10826.05,10570.0,10619.0,1228575
1331534700000,10617.8,10735.0,10613.0,10692.0,720225
1331545500000,10692.6,10699.0,10663.0,10675.0,97575
1331610300000,10752.0,10825.0,10732.55,10767.0,737575
1331621100000,10767.0,10804.0,10740.5,10775.0,416600
1331631900000,10775.0,10777.25,10755.25,10765.0,72725
1331696700000,10904.0,10925.6,10832.25,10872.4,909325
1331707500000,10872.4,10987.7,10858.1,10975.0,853850
1331718300000,10975.0,11014.75,10966.0,11010.0,153350
1331783100000,10970.0,10998.85,10621.15,10625.0,1678600
1331793900000,10620.35,10708.0,10608.5,10674.9,683350
1331804700000,10674.0,10674.95,10640.0,10645.35,84800
1331869500000,10685.0,10899.95,10640.05,10760.0,1133725
1331880300000,10760.8,10867.5,10404.85,10448.0,2147850
1331891100000,10448.0,10467.0,10385.0,10395.2,175775
1332128700000,10450.0,10495.0,10278.0,10315.6,946900
1332139500000,10318.0,10326.0,10182.0,10224.15,732675
1332150300000,10224.05,10235.0,10213.4,10233.3,93500
1332215100000,10195.0,10358.0,10162.8,10270.0,804475
1332225900000,10270.0,10439.0,10190.0,10327.0,1569325
1332236700000,10326.05,10343.95,10307.0,10311.0,162975
1332301500000,10286.0,10462.0,10266.0,10451.5,950850
1332312300000,10452.9,10608.6,10422.0,10587.0,918825
1332323100000,10587.0,10630.0,10587.0,10628.0,140300
1332387900000,10578.05,10645.0,10510.0,10515.35,925050
1332398700000,10517.0,10570.05,10170.0,10223.0,1597375
1332409500000,10220.0,10223.05,10160.1,10167.35,150850
1332474300000,10244.9,10340.5,10141.0,10213.6,1077575
1332485100000,10213.0,10439.7,10145.0,10319.55,1377975
1332495900000,10312.65,10357.0,10298.05,10355.0,161875
1332733500000,10288.5,10300.0,10053.0,10103.6,1021100
1332744300000,10100.0,10149.8,10036.75,10075.0,831000
1332755100000,10075.0,10078.35,10030.0,10060.0,172750
1332819900000,10181.0,10190.0,9972.5,10063.5,1243250
1332830700000,10065.0,10287.0,10038.0,10138.65,1378075
1332841500000,10137.0,10210.0,10136.0,10204.0,111650
1332906300000,10152.1,10152.1,10025.2,10064.3,744375
1332917100000,10065.45,10088.5,9911.0,9970.3,939025
1332927900000,9973.55,9985.0,9963.1,9965.0,108975
1332992700000,9879.9,9933.0,9840.0,9895.0,534900
1333003500000,9895.35,9993.0,9865.05,9925.0,762550
1333014300000,9925.0,9936.5,9925.0,9930.9,129525
1333079100000,10050.0,10213.4,10044.65,10189.95,921200
1333089900000,10186.55,10302.6,10185.0,10260.0,1003300
1333100700000,10259.95,10272.65,10240.0,10257.0,128175
1333338300000,10228.85,10348.8,10228.85,10331.95,581025
1333349100000,10332.25,10389.4,10288.0,10340.0,675150
1333359900000,10343.0,10367.7,10338.0,10367.7,81200
1333424700000,10425.55,10495.0,10403.6,10492.0,573475
1333435500000,10492.0,10518.0,10411.25,10452.85,678450
1333446300000,10452.85,10452.85,10435.0,10438.1,165100
1333511100000,10400.0,10400.0,10325.0,10340.1,450550
1333521900000,10340.1,10359.9,10281.6,10342.0,556675
1333532700000,10344.3,10390.0,10335.0,10382.8,223925
1333943100000,10296.0,10341.95,10156.0,10170.0,721175
1333953900000,10169.8,10236.85,10142.1,10147.4,491550
1333964700000,10147.95,10161.8,10141.1,10159.9,99675
1334029500000,10198.0,10198.0,10086.5,10147.05,736975
1334040300000,10146.95,10249.0,10096.0,10225.0,867100
1334051100000,10224.0,10249.9,10220.0,10240.0,109250
1334115900000,10179.9,10179.9,10060.0,10132.9,611025
1334126700000,10133.9,10362.75,10130.0,10259.0,1567150
1334137500000,10258.0,10300.0,10249.9,10299.0,134050
1334202300000,10305.0,10440.0,10297.95,10432.0,997425
1334213100000,10432.5,10469.0,10375.85,10434.0,684125
1334223900000,10434.0,10435.0,10411.15,10428.0,117800
1334288700000,10470.0,10620.0,10433.0,10600.0,645225
1334299500000,10603.4,10603.4,10250.05,10331.0,1352375
1334310300000,10333.5,10339.75,10303.45,10316.0,131275
1334547900000,10288.0,10465.5,10250.05,10429.95,751125
1334558700000,10429.95,10495.05,10355.0,10479.0,914950
1334569500000,10478.6,10500.0,10475.05,10500.0,138075
1334634300000,10538.8,10658.0,10256.5,10488.5,2766525
1334645100000,10488.3,10599.0,10380.0,10581.1,1283850
1334655900000,10581.0,10585.0,10556.0,10562.65,135175
1334720700000,10602.2,10674.8,10598.0,10635.1,672575
1334731500000,10637.9,10649.5,10547.0,10558.0,735275
1334742300000,10556.35,10562.0,10513.2,10521.0,139450
1334807100000,10590.2,10590.2,10467.1,10548.0,714750
1334817900000,10548.0,10624.5,10535.0,10620.0,777000
1334828700000,10620.0,10639.9,10605.4,10630.5,150575
1334893500000,10569.0,10610.5,10518.9,10580.05,780325
1334904300000,10580.05,10592.0,10385.95,10463.0,1306050
1334915100000,10464.0,10484.0,10449.1,10449.1,119875
1335152700000,10428.85,10532.55,10390.0,10407.0,837175
1335163500000,10400.0,10409.0,10232.55,10254.25,1048925
1335174300000,10251.55,10255.0,10210.0,10210.0,168250
1335239100000,10280.0,10369.0,10162.9,10266.0,1189700
1335249900000,10266.0,10287.8,10186.6,10227.0,782800
1335260700000,10227.0,10236.0,10221.3,10236.0,109925
1335325500000,10248.5,10287.0,10060.0,10087.25,1195875
1335336300000,10086.8,10217.65,10035.0,10159.0,1178275
1335347100000,10158.0,10178.0,10157.0,10172.0,77525
1335411900000,10200.0,10297.0,10112.35,10137.0,525200
1335422700000,10135.0,10165.0,10082.0,10120.0,596050
1335433500000,10121.0,10130.25,10118.0,10128.0,110900
1335498300000,10150.0,10270.0,10141.5,10216.0,824750
1335509100000,10216.5,10216.5,10043.1,10143.0,1446375
1335519900000,10142.1,10165.0,10121.0,10125.0,155925
1335757500000,10238.0,10360.0,10220.05,10325.6,766700
1335768300000,10328.0,10339.1,10225.0,10275.0,732300
1335779100000,10275.0,10279.0,10262.0,10266.0,78775
1335930300000,10280.0,10375.0,10280.0,10320.0,734175
1335941100000,10319.85,10344.0,10266.1,10276.0,660025
1335951900000,10276.75,10279.65,10242.0,10244.0,153825
1336016700000,10240.0,10240.0,10106.0,10131.0,883075
1336027500000,10131.2,10205.0,10084.0,10110.0,980150
1336038300000,10110.0,10130.05,10100.2,10125.5,124775
1336103100000,10075.0,10137.85,9916.0,9935.0,1100250
1336113900000,9935.0,9937.0,9762.0,9805.7,1229900
1336124700000,9807.0,9811.7,9767.5,9767.5,206700
1336362300000,9699.0,9699.0,9472.0,9521.75,1192425
1336373100000,9520.05,9904.35,9480.0,9877.0,1740650
1336383900000,9875.0,9905.0,9852.6,9903.1,235250
1336448700000,9914.0,9914.0,9727.0,9797.0,1223900
1336459500000,9794.5,9810.0,9551.1,9578.0,1421725
1336470300000,9576.0,9585.0,9489.7,9515.0,306350
1336535100000,9478.75,9560.8,9420.0,9489.9,1119825
1336545900000,9489.0,9520.0,9311.0,9363.85,1405450
1336556700000,9365.0,9407.0,9352.1,9371.6,144200
1336621500000,9424.85,9523.75,9387.05,9495.0,830850
1336632300000,9495.0,9544.95,9310.0,9370.5,1395075
1336643100000,9371.0,9390.0,9354.9,9384.0,145600
1336707900000,9311.0,9359.9,9251.0,9302.5,986975
1336718700000,9309.0,9510.9,9296.0,9381.0,1330100
1336729500000,9380.0,9396.0,9365.1,9385.0,106050
1336967100000,9424.0,9450.0,9188.2,9200.05,1294450
1336977900000,9202.2,9222.0,9132.0,9184.0,468775
1336988700000,9187.0,9188.0,9140.0,9155.0,57975
1337053500000,9100.1,9294.0,9100.1,9260.0,1057700
1337064300000,9260.0,9320.0,9230.1,9274.0,879875
1337075100000,9274.0,9286.85,9270.05,9273.0,80075
1337139900000,9179.85,9183.0,9021.55,9033.5,1017350
1337150700000,9036.5,9162.0,8985.0,9112.2,1229500
1337161500000,9110.15,9116.35,9086.0,9112.0,106475
1337226300000,9118.0,9284.5,9118.0,9182.45,931350
1337237100000,9184.0,9206.0,9039.5,9086.0,1180950
1337247900000,9087.0,9096.05,9069.45,9075.0,128700
1337312700000,8988.0,9045.0,8925.25,9035.0,965825
1337323500000,9035.1,9254.05,9007.2,9233.9,1405150
1337334300000,9228.1,9319.7,9226.15,9315.0,193950
1337571900000,9266.0,9391.0,9266.0,9363.15,784275
1337582700000,9362.1,9414.95,9333.5,9334.0,701325
1337593500000,9334.0,9350.0,9297.6,9299.6,178750
1337658300000,9390.0,9448.0,9342.0,9376.0,764100
1337669100000,9378.85,9395.0,9166.0,9177.0,1319450
1337679900000,9175.9,9199.9,9172.05,9175.0,141900
1337744700000,9102.0,9169.35,9072.25,9142.05,871450
1337755500000,9144.0,9221.0,9084.65,9138.0,1203600
1337766300000,9136.0,9145.0,9127.1,9134.0,106000
1337831100000,9168.0,9347.0,9136.15,9318.0,1228250
1337841900000,9318.4,9375.1,9206.0,9366.95,1342750
1337852700000,9366.6,9420.0,9365.3,9419.8,215075
1337917500000,9381.1,9404.75,9310.15,9380.0,818175
1337928300000,9380.0,9465.0,9366.0,9401.6,895350
1337939100000,9400.15,9448.8,9390.5,9445.0,113100
1338176700000,9461.1,9556.6,9455.05,9545.0,972575
1338187500000,9545.0,9651.5,9486.4,9645.0,951850
1338198300000,9645.0,9678.0,9645.0,9675.0,179775
1338263100000,9700.0,9721.0,9623.8,9653.75,1254400
1338273900000,9650.0,9726.0,9636.0,9660.0,925525
1338284700000,9659.1,9660.0,9636.05,9647.0,129775
1338349500000,9599.9,9599.9,9490.05,9535.95,890925
1338360300000,9536.0,9558.65,9450.2,9484.15,983075
1338371100000,9485.0,9486.55,9460.0,9473.9,148600
1338435900000,9170.0,9425.35,9170.0,9415.0,819400
1338446700000,9415.0,9485.0,9397.0,9444.2,737250
1338457500000,9444.4,9446.95,9440.0,9444.0,89925
1338522300000,9388.45,9442.6,9263.35,9268.0,1147800
1338533100000,9265.25,9303.0,9207.0,9230.0,829525
1338543900000,9230.05,9231.0,9192.0,9200.0,162250
1338781500000,9120.0,9167.65,9045.8,9095.0,1004200
1338792300000,9097.8,9330.0,9077.0,9324.3,1386925
1338803100000,9323.0,9369.85,9323.0,9359.5,215725
1338867900000,9390.1,9489.0,9376.85,9474.1,1045175
1338878700000,9474.0,9480.0,9312.25,9392.45,1200725
1338889500000,9392.45,9404.3,9381.0,9398.8,124175
1338954300000,9470.0,9589.3,9450.1,9568.0,1024650
1338965100000,9569.9,9693.0,9543.0,9661.15,1216150
1338975900000,9661.15,9686.9,9660.0,9681.4,188325
1339040700000,9750.1,9765.85,9691.25,9734.4,1047400
1339051500000,9731.45,9857.0,9725.15,9852.0,948300
1339062300000,9852.0,9874.8,9842.0,9857.6,161275
1339127100000,9820.1,9848.0,9710.0,9725.25,1204875
1339137900000,9726.45,9983.0,9703.0,9964.1,1540125
1339148700000,9967.2,9985.0,9956.0,9983.0,274450
1339386300000,10050.0,10091.35,10000.0,10049.6,785525
1339397100000,10050.0,10085.5,9851.0,9868.7,1295350
1339407900000,9869.0,9885.0,9845.0,9869.0,226175
1339472700000,9825.0,10040.0,9823.05,9995.0,1454950
1339483500000,9990.0,10122.75,9945.0,10078.6,1555875
1339494300000,10078.35,10113.0,10078.0,10092.75,159225
1339559100000,10105.0,10115.0,10006.0,10060.0,1096000
1339569900000,10060.0,10163.0,10040.25,10062.0,1273650
1339580700000,10062.0,10079.75,10060.0,10065.0,107000
1339645500000,10052.25,10095.5,9920.0,9949.0,1518600
1339656300000,9949.55,9967.95,9820.0,9823.0,1159800
1339667100000,9820.0,9837.45,9817.0,9820.0,185825
1339731900000,9875.0,10008.7,9860.0,10000.0,1082000
1339742700000,10000.0,10095.0,9951.25,10066.5,1168450
1339753500000,10065.1,10074.9,10050.0,10054.05,184300
1339991100000,10169.0,10185.0,9716.05,9737.9,2081900
1340001900000,9735.25,9793.75,9650.25,9708.95,1158800
1340012700000,9709.0,9723.8,9698.3,9715.0,211900
1340077500000,9715.15,9738.75,9584.3,9692.95,1230175
1340088300000,9692.9,9808.2,9635.5,9755.0,1756300
1340099100000,9753.75,9799.8,9753.75,9793.05,214925
1340163900000,9801.2,9858.0,9753.0,9798.0,899025
1340174700000,9798.0,9866.0,9735.0,9806.55,980925
1340185500000,9806.55,9839.4,9799.0,9830.7,115825
1340250300000,9761.0,9860.0,9746.0,9823.0,840750
1340261100000,9822.05,10057.0,9792.15,10034.35,1627075
1340271900000,10035.75,10045.6,10020.05,10035.0,217775
1340336700000,9929.9,10020.0,9876.75,9885.75,982625
1340347500000,9885.0,10079.0,9850.1,10027.0,1637300
1340358300000,10027.5,10049.5,10018.45,10025.95,173150
1340595900000,10050.1,10188.15,10050.1,10133.05,1034275
1340606700000,10137.4,10150.0,9875.55,9902.0,1560950
1340617500000,9903.05,9919.95,9867.2,9870.0,253850
1340682300000,9880.1,9999.8,9872.75,9973.15,1026400
1340693100000,9973.15,10024.85,9885.0,9966.0,1184800
1340703900000,9966.0,9993.25,9962.9,9990.0,155700
1340768700000,10025.0,10089.0,10025.0,10057.2,725250
1340779500000,10060.3,10099.0,9951.6,9983.65,1146825
1340790300000,9985.0,10000.9,9973.0,9988.5,112150
1340855100000,10025.0,10044.35,9991.35,10009.0,851275
1340865900000,10008.1,10040.0,9935.0,10022.0,997775
1340876700000,10021.8,10023.85,9992.05,10003.0,177450
1340941500000,10050.0,10298.9,10050.0,10288.0,1227425
1340952300000,10288.0,10374.0,10273.0,10352.0,704925
1340963100000,10352.0,10356.55,10325.0,10325.0,166500
1341200700000,10351.0,10384.95,10300.0,10339.8,572900
1341211500000,10339.8,10466.35,10311.0,10401.6,879550
1341222300000,10400.0,10416.75,10396.25,10411.05,102000
1341287100000,10470.0,10529.0,10445.05,10505.5,766050
1341297900000,10507.0,10538.0,10425.0,10488.75,892100
1341308700000,10487.95,10493.9,10480.0,10480.05,111450
1341373500000,10532.0,10542.0,10457.9,10487.05,579525
1341384300000,10486.0,10567.0,10470.05,10545.2,704600
1341395100000,10548.9,10548.9,10528.0,10531.95,138250
1341459900000,10530.0,10539.1,10413.35,10533.35,486450
1341470700000,10533.05,10659.5,10513.3,10638.2,901800
1341481500000,10637.0,10644.7,10623.05,10628.0,156200
1341546300000,10600.0,10629.95,10525.2,10605.1,782525
1341557100000,10606.0,10674.95,10565.55,10640.05,995000
1341567900000,10640.95,10656.0,10636.4,10651.0,127525
1341805500000,10582.0,10620.0,10530.0,10536.5,773900
1341816300000,10530.0,10585.0,10506.0,10569.8,736925
1341827100000,10567.55,10584.7,10555.05,10577.0,122125
1341891900000,10585.0,10670.0,10580.8,10653.3,678000
1341902700000,10653.3,10778.0,10636.0,10758.45,1010625
1341913500000,10758.45,10765.0,10751.2,10759.85,163675
1341978300000,10691.5,10788.0,10691.5,10765.0,491650
1341989100000,10764.0,10786.7,10706.0,10735.7,874500
1341999900000,10738.0,10741.0,10720.05,10732.65,108825
1342064700000,10691.0,10691.0,10606.0,10617.0,950650
1342075500000,10617.0,10670.0,10564.0,10642.3,1024875
1342086300000,10643.6,10643.6,10615.55,10625.9,134700
1342151100000,10630.0,10735.0,10629.95,10688.55,593675
1342161900000,10688.1,10734.0,10591.55,10621.8,969600
1342172700000,10621.8,10633.0,10612.0,10618.0,97875
1342410300000,10589.0,10694.7,10560.0,10683.3,905250
1342421100000,10684.65,10718.0,10573.35,10574.0,913425
1342431900000,10571.1,10583.65,10551.65,10582.95,171075
1342496700000,10633.75,10678.0,10589.45,10600.9,511700
1342507500000,10600.0,10622.45,10529.6,10568.0,960900
1342518300000,10565.0,10568.95,10552.5,10560.0,114350
1342583100000,10564.0,10593.55,10506.55,10574.75,730775
1342593900000,10574.75,10655.0,10543.0,10630.0,987000
1342604700000,10628.0,10639.35,10621.0,10635.0,157350
1342669500000,10675.6,10720.0,10658.1,10665.0,659100
1342680300000,10664.5,10691.95,10625.0,10648.0,795950
1342691100000,10648.95,10650.0,10632.0,10632.4,95150
1342755900000,10610.0,10634.0,10495.4,10538.0,890900
1342766700000,10536.0,10557.7,10483.0,10510.0,813850
1342777500000,10510.0,10520.0,10505.05,10516.0,138550
1343015100000,10419.9,10437.0,10350.15,10353.55,811675
1343025900000,10353.7,10374.2,10283.45,10314.85,842900
1343036700000,10314.5,10317.25,10301.1,10301.1,182550
1343101500000,10344.45,10378.0,10302.3,10354.0,635400
1343112300000,10355.2,10370.0,10254.65,10332.9,982325
1343123100000,10332.0,10339.8,10318.0,10336.0,105225
1343187900000,10374.95,10377.0,10245.0,10268.45,811650
1343198700000,10265.55,10337.95,10256.6,10285.5,750925
1343209500000,10285.0,10296.45,10278.35,10293.0,108625
1343274300000,10315.0,10324.0,10226.65,10244.0,710475
1343285100000,10241.8,10260.0,10055.85,10070.0,1018800
1343295900000,10070.95,10087.7,10069.6,10083.05,162175
1343360700000,10283.5,10467.0,10221.5,10413.4,1432075
1343371500000,10414.0,10444.0,10162.5,10226.0,1868775
1343382300000,10226.8,10245.0,10202.1,10237.0,140475
1343619900000,10300.1,10417.0,10261.0,10414.1,946500
1343630700000,10414.1,10486.95,10403.0,10477.05,907825
1343641500000,10475.05,10484.0,10465.15,10470.0,131100
1343706300000,10511.0,10513.9,10288.0,10331.5,1871575
1343717100000,10337.4,10450.0,10305.0,10426.0,1095525
1343727900000,10428.95,10448.5,10417.05,10442.0,186475
1343792700000,10430.0,10447.85,10378.0,10414.95,694500
1343803500000,10416.0,10509.95,10416.0,10465.0,990050
1343814300000,10465.0,10477.5,10460.0,10464.0,113100
1343879100000,10430.0,10462.75,10350.7,10367.45,758425
1343889900000,10364.55,10439.5,10364.55,10419.7,595050
1343900700000,10418.05,10435.0,10410.0,10433.0,112775
1343965500000,10375.0,10384.0,10255.0,10292.65,959675
1343976300000,10291.2,10408.65,10278.95,10391.35,955350
1343987100000,10389.45,10396.0,10365.1,10370.0,109550
1344224700000,10734.0,10734.0,10468.05,10520.0,624000
1344235500000,10517.15,10546.25,10470.0,10497.0,753125
1344246300000,10497.4,10512.0,10486.0,10492.9,126375
1344311100000,10506.6,10609.55,10493.25,10584.0,861500
1344321900000,10582.7,10650.0,10569.0,10621.75,862675
1344332700000,10621.6,10629.65,10611.25,10617.0,128225
1344397500000,10680.25,10680.3,10570.0,10593.0,755625
1344408300000,10595.0,10658.0,10535.0,10548.0,1019975
1344419100000,10548.0,10572.3,10546.0,10560.0,123625
1344483900000,10580.0,10640.1,10561.0,10579.0,859150
1344494700000,10579.0,10607.3,10480.2,10494.5,1140875
1344505500000,10493.6,10529.0,10491.25,10527.5,120650
1344570300000,10480.6,10489.55,10428.6,10467.95,572600
1344581100000,10466.0,10470.0,10341.1,10414.5,1383450
1344591900000,10414.45,10445.55,10413.0,10440.0,157925
1344829500000,10435.0,10435.0,10341.1,10365.4,528550
1344840300000,10367.2,10470.0,10341.15,10467.7,705325
1344851100000,10467.7,10479.95,10451.6,10458.4,152625
1344915900000,10460.0,10604.25,10431.0,10604.0,968125
1344926700000,10602.15,10614.0,10551.0,10581.0,688750
1344937500000,10581.0,10584.0,10567.55,10583.0,114225
1345088700000,10591.0,10611.0,10521.05,10573.0,525425
1345099500000,10574.9,10574.95,10455.0,10483.5,763900
1345110300000,10485.0,10489.9,10465.0,10467.0,122125
1345175100000,10510.0,10560.0,10475.0,10520.0,649975
1345185900000,10520.55,10544.0,10391.75,10456.0,1152925
1345196700000,10457.5,10469.8,10446.3,10446.3,133775
1345520700000,10465.0,10503.75,10390.0,10410.1,580525
1345531500000,10410.0,10528.05,10403.6,10527.0,779425
1345542300000,10526.8,10529.0,10501.5,10519.8,149075
1345607100000,10489.0,10510.9,10432.0,10490.5,633775
1345617900000,10490.75,10571.95,10485.0,10502.45,904700
1345628700000,10502.5,10524.85,10493.8,10524.0,106975
1345693500000,10542.5,10584.8,10542.5,10564.2,506525
1345704300000,10563.7,10593.0,10438.4,10483.05,1076925
1345715100000,10483.05,10487.25,10476.55,10486.0,139900
1345779900000,10439.85,10439.95,10369.3,10376.0,743225
1345790700000,10376.1,10403.0,10352.15,10373.0,635350
1345801500000,10372.4,10378.0,10351.2,10355.0,147625
1346039100000,10371.0,10371.0,10241.1,10244.85,688725
1346049900000,10244.05,10269.3,10173.0,10186.0,849400
1346060700000,10185.95,10188.8,10161.35,10161.35,180750
1346125500000,10160.0,10177.0,10076.5,10106.3,1029825
1346136300000,10105.0,10123.65,10040.05,10089.95,900850
1346147100000,10089.95,10094.8,10071.0,10076.9,134400
1346211900000,10108.0,10154.55,10060.5,10082.95,683950
1346222700000,10082.95,10105.0,10025.0,10038.0,851650
1346233500000,10038.0,10040.9,10030.0,10037.7,121500
1346298300000,9999.0,10022.0,9975.0,9998.55,667375
1346309100000,9998.55,10080.0,9963.5,10075.0,914700
1346319900000,10076.7,10087.0,10067.2,10085.05,187675
1346384700000,10088.0,10188.1,10072.0,10156.8,945250
1346395500000,10155.25,10170.0,10025.0,10068.5,1003075
1346406300000,10072.0,10079.35,10060.1,10070.0,126475
1346643900000,10097.0,10150.0,10041.0,10055.6,704525
1346654700000,10053.1,10120.0,10021.4,10038.3,763250
1346665500000,10039.2,10041.9,10009.1,10012.5,138900
1346730300000,10040.0,10047.95,9980.15,10012.0,626225
1346741100000,10012.0,10098.0,9982.0,10087.05,1055825
1346751900000,10087.0,10097.8,10076.0,10093.05,106500
1346816700000,10044.0,10059.0,9966.5,9972.5,748725
1346827500000,9972.5,9972.5,9883.0,9903.65,1147500
1346838300000,9903.0,9909.0,9891.5,9905.0,203325
1346903100000,9998.9,9998.9,9889.95,9921.0,490150
1346913900000,9922.0,10009.95,9918.0,9935.5,989775
1346924700000,9934.35,9943.8,9928.4,9943.45,103825
1346989500000,10082.55,10140.0,10020.0,10111.25,1193925
1347000300000,10112.0,10159.0,10095.0,10155.25,688900
1347011100000,10153.85,10157.25,10126.5,10139.0,160150
1347248700000,10188.0,10200.5,10125.0,10145.0,460050
1347259500000,10145.0,10160.5,10054.05,10097.0,904050
1347270300000,10097.15,10100.05,10082.0,10090.0,98375
1347335100000,10059.0,10115.0,10027.55,10110.5,656725
1347345900000,10112.95,10157.9,10095.55,10148.5,808425
1347356700000,10148.05,10174.0,10148.0,10174.0,199175
1347421500000,10191.0,10245.0,10191.0,10232.05,586075
1347432300000,10232.05,10233.85,10123.5,10219.7,1236550
1347443100000,10218.3,10224.95,10212.45,10222.05,120750
1347507900000,10225.0,10277.0,10201.0,10241.7,607800
1347518700000,10240.1,10244.5,10183.5,10230.0,661100
1347529500000,10231.95,10233.0,10218.0,10227.0,100600
1347594300000,10469.0,11000.0,10350.0,10603.2,2046925
1347605100000,10604.8,10682.55,10600.4,10668.0,1002950
1347615900000,10669.0,10675.0,10636.05,10645.0,182475
1347853500000,10781.55,11000.7,10781.55,10865.0,2534750
1347864300000,10865.0,11046.0,10825.0,10977.0,1542575
1347875100000,10975.1,10984.0,10968.1,10975.0,172175
1347939900000,10950.0,11039.0,10906.75,11032.1,854475
1347950700000,11033.35,11085.0,10990.9,11057.0,960375
1347961500000,11056.95,11089.0,11048.0,11084.7,205050
1348112700000,10969.0,11047.0,10910.1,10990.5,1128650
1348123500000,10992.0,11017.0,10948.5,10965.0,747425
1348134300000,10965.0,10968.65,10930.05,10937.9,172700
1348199100000,10990.0,11362.0,10985.0,11361.9,1479300
1348209900000,11357.9,11463.9,11329.3,11378.75,1426025
1348220700000,11378.75,11423.7,11378.05,11420.0,216825
1348458300000,11416.0,11539.0,11368.0,11494.05,1140100
1348469100000,11495.3,11512.85,11377.0,11427.65,1060500
1348479900000,11427.7,11435.95,11417.45,11435.0,127275
1348544700000,11450.0,11527.0,11327.1,11415.0,1168350
1348555500000,11414.85,11508.0,11395.15,11452.05,1143775
1348566300000,11453.4,11470.0,11446.55,11466.95,118375
1348631100000,11419.0,11424.0,11343.95,11401.0,730475
1348641900000,11401.85,11459.0,11328.1,11429.8,1001050
1348652700000,11428.0,11438.0,11426.7,11433.9,112925
1348717500000,11475.0,11497.0,11425.0,11480.95,721625
1348728300000,11480.95,11495.9,11393.0,11437.15,887300
1348739100000,11439.75,11440.2,11418.0,11421.0,154500
1348803900000,11568.0,11600.0,11535.55,11563.0,844650
1348814700000,11556.85,11563.0,11481.5,11508.5,718875
1348825500000,11510.0,11535.65,11497.0,11527.0,142300
1349063100000,11508.0,11531.0,11430.05,11465.9,534950
1349073900000,11466.0,11529.0,11431.1,11498.9,593500
1349084700000,11499.85,11525.0,11492.5,11520.0,110875
1349235900000,11456.5,11549.5,11456.5,11460.0,626650
1349246700000,11462.0,11493.45,11411.05,11490.55,776200
1349257500000,11490.55,11494.25,11478.0,11484.8,108525
1349322300000,11531.1,11734.0,11521.1,11721.05,1192450
1349333100000,11723.0,11739.95,11674.5,11708.95,721900
1349343900000,11709.0,11727.0,11704.75,11722.95,200125
1349408700000,11780.1,11803.0,11510.2,11540.25,1832950
1349419500000,11540.25,11610.5,11536.1,11577.0,735975
1349430300000,11575.35,11580.0,11557.3,11565.1,126400
1349667900000,11560.0,11584.95,11455.2,11486.25,557825
1349678700000,11485.0,11496.0,11402.0,11405.0,851575
1349689500000,11404.0,11424.0,11401.0,11418.0,123125
1349754300000,11680.0,11680.0,11498.0,11554.0,707425
1349765100000,11553.0,11559.75,11422.2,11503.5,1003425
1349775900000,11503.0,11509.3,11488.0,11490.0,111250
1349840700000,11438.0,11438.0,11346.05,11371.05,819275
1349851500000,11371.05,11425.0,11333.0,11348.05,793125
1349862300000,11346.05,11354.0,11336.15,11338.2,150925
1349927100000,11395.0,11400.0,11305.0,11365.0,799775
1349937900000,11365.0,11503.0,11344.05,11481.0,1110125
1349948700000,11482.95,11550.0,11480.0,11549.35,294800
1350013500000,11490.0,11579.0,11475.1,11505.0,1035375
1350024300000,11502.3,11517.0,11412.1,11430.0,862700
1350035100000,11432.0,11432.0,11407.75,11417.0,200050
1350272700000,11402.0,11402.05,11308.0,11382.0,749150
1350283500000,11381.85,11492.0,11357.05,11479.0,905175
1350294300000,11480.0,11490.0,11475.1,11488.0,157175
1350359100000,11515.0,11539.55,11478.1,11522.5,638100
1350369900000,11524.0,11547.9,11335.45,11359.05,1215825
1350380700000,11358.0,11375.0,11344.95,11345.0,142525
1350445500000,11415.0,11447.05,11331.0,11371.0,835300
1350456300000,11372.5,11408.75,11337.15,11397.95,610050
1350467100000,11397.9,11401.7,11373.35,11373.4,118875
1350531900000,11428.0,11549.0,11388.0,11533.05,1162025
1350542700000,11534.0,11636.6,11509.6,11626.0,1060800
1350553500000,11626.0,11630.0,11615.0,11623.4,171650
1350618300000,11593.95,11628.6,11531.55,11539.9,758875
1350629100000,11540.0,11540.0,11443.1,11510.0,1117250
1350639900000,11508.0,11510.65,11495.0,11506.5,105425
1350877500000,11465.4,11608.9,11445.85,11593.0,881525
1350888300000,11593.0,11634.4,11547.7,11620.0,593900
1350899100000,11620.0,11624.85,11613.0,11620.0,119900
1350963900000,11600.0,11667.35,11592.0,11618.0,672925
1350974700000,11618.0,11623.75,11541.0,11584.5,728325
1350985500000,11585.0,11589.95,11580.0,11589.95,173825
1351136700000,11570.0,11619.0,11550.05,11603.95,581650
1351147500000,11601.75,11617.5,11558.0,11606.0,613050
1351158300000,11605.0,11617.0,11604.0,11615.0,150250
1351223100000,11648.8,11698.0,11628.7,11646.3,617750
1351233900000,11646.0,11680.0,11540.0,11576.0,1111675
1351244700000,11571.0,11597.35,11565.35,11585.0,136200
1351482300000,11580.0,11660.0,11529.0,11608.95,900875
1351493100000,11609.0,11622.35,11517.5,11569.9,685875
1351503900000,11569.9,11572.3,11555.8,11572.3,111075
1351568700000,11550.0,11685.0,11256.0,11300.0,3015450
1351579500000,11300.0,11348.9,11257.0,11300.0,903050
1351590300000,11300.0,11302.8,11251.75,11260.1,268875
1351655100000,11255.3,11294.0,11202.2,11260.2,776025
1351665900000,11263.0,11365.5,11235.0,11348.0,818150
1351676700000,11343.85,11358.0,11320.05,11334.0,126250
1351741500000,11320.0,11412.65,11306.45,11396.0,842450
1351752300000,11393.85,11419.0,11365.0,11395.45,633600
1351763100000,11395.0,11395.45,11378.25,11388.0,108850
1351827900000,11485.0,11514.0,11455.0,11489.95,642750
1351838700000,11490.0,11546.0,11485.05,11543.7,734250
1351849500000,11541.0,11559.45,11533.9,11554.9,149450
1352087100000,11525.0,11554.0,11497.05,11498.0,448275
1352097900000,11497.95,11545.0,11465.1,11531.9,598750
1352108700000,11534.0,11547.5,11530.0,11541.75,121575
1352173500000,11508.0,11594.0,11496.25,11590.9,596825
1352184300000,11590.9,11624.0,11540.4,11621.55,569400
1352195100000,11623.0,11652.5,11620.0,11650.5,202975
1352259900000,11620.0,11788.05,11581.0,11783.55,1207375
1352270700000,11782.2,11795.0,11715.0,11733.0,786025
1352281500000,11732.0,11746.85,11723.0,11731.25,133200
1352346300000,11632.25,11690.5,11611.5,11650.05,703700
1352357100000,11651.1,11725.0,11615.0,11673.0,839650
1352367900000,11672.0,11700.0,11671.05,11696.0,117250
1352432700000,11682.05,11733.4,11651.55,11676.85,545850
1352443500000,11680.0,11696.85,11482.2,11515.0,1472325
1352454300000,11515.0,11541.15,11510.25,11540.0,135450
1352691900000,11549.0,11661.0,11512.6,11645.85,1057600
1352702700000,11645.85,11648.2,11556.0,11624.75,647525
1352713500000,11624.75,11662.75,11623.95,11661.05,166750
1352951100000,11502.15,11554.0,11460.0,11515.0,605500
1352961900000,11515.0,11580.0,11492.8,11562.35,535775
1352972700000,11562.3,11587.0,11558.1,11585.0,132850
1353037500000,11560.0,11580.0,11502.35,11514.0,601650
1353048300000,11512.2,11540.0,11336.8,11353.0,1029450
1353059100000,11353.0,11355.0,11324.4,11345.5,254550
1353296700000,11375.0,11399.7,11288.25,11338.0,686350
1353307500000,11340.2,11378.5,11297.3,11355.0,617125
1353318300000,11356.0,11378.0,11350.1,11372.6,103350
1353383100000,11420.0,11449.0,11328.6,11329.6,625525
1353393900000,11329.15,11362.0,11300.0,11360.0,662450
1353404700000,11360.0,11366.0,11347.0,11362.7,100125
1353469500000,11360.0,11463.35,11326.1,11416.3,881975
1353480300000,11416.35,11485.0,11391.85,11476.0,663400
1353491100000,11476.75,11498.0,11471.8,11486.9,176175
1353555900000,11499.0,11587.0,11499.0,11520.25,865425
1353566700000,11520.25,11599.7,11519.0,11543.0,626525
1353577500000,11543.95,11549.9,11530.05,11549.9,131800
1353642300000,11580.0,11580.0,11454.55,11457.0,616275
1353653100000,11457.05,11508.0,11422.5,11494.95,832800
1353663900000,11495.0,11502.35,11487.05,11492.0,108050
1353901500000,11055.0,11534.0,11055.0,11449.8,514825
1353912300000,11449.8,11497.55,11434.05,11463.4,491925
1353923100000,11460.05,11461.0,11440.15,11441.0,113550
1353987900000,11493.8,11643.0,11493.8,11624.0,1027000
1353998700000,11626.0,11686.0,11621.65,11675.7,566375
1354009500000,11676.4,11682.0,11668.0,11682.0,139250
1354160700000,11722.0,11864.6,11701.5,11851.55,831975
1354171500000,11851.55,11995.55,11826.55,11976.1,679975
1354182300000,11977.45,11999.0,11976.0,11995.8,201925
1354247100000,12155.0,12231.4,12071.0,12179.0,814900
1354257900000,12177.1,12229.95,12135.05,12196.55,700950
1354268700000,12198.0,12210.0,12193.05,12204.4,113250
1354506300000,12152.0,12220.0,11805.0,12147.3,564825
1354517100000,12150.0,12188.0,12116.35,12173.8,492875
1354527900000,12174.0,12190.0,12173.0,12176.05,85200
1354592700000,12120.65,12247.7,12120.65,12227.65,610225
1354603500000,12225.3,12291.0,12160.1,12286.05,706925
1354614300000,12286.05,12288.0,12256.2,12265.15,125600
1354679100000,12280.1,12375.5,12280.1,12322.9,678450
1354689900000,12320.5,12399.95,12314.5,12355.05,607125
1354700700000,12353.0,12374.9,12345.0,12370.0,127975
1354765500000,12408.55,12421.0,12212.0,12260.0,900950
1354776300000,12259.95,12551.9,12255.0,12542.15,1172575
1354787100000,12542.05,12589.9,12516.15,12584.8,236450
1354851900000,12600.0,12600.0,12458.0,12486.5,673575
1354862700000,12486.5,12524.75,12410.0,12477.65,964300
1354873500000,12476.55,12505.1,12401.05,12431.95,257400
1355111100000,12440.0,12499.0,12422.3,12474.0,534800
1355121900000,12473.85,12496.2,12440.0,12480.05,489700
1355132700000,12482.5,12484.0,12460.0,12465.0,110475
1355197500000,12503.25,12625.0,12502.5,12522.7,914550
1355208300000,12522.7,12535.0,12310.0,12406.0,1328800
1355219100000,12406.0,12439.85,12403.2,12411.0,141325
1355283900000,12450.0,12489.0,12360.0,12376.85,971950
1355294700000,12378.0,12487.0,12369.95,12408.0,870875
1355305500000,12409.0,12411.1,12371.0,12385.35,129850
1355370300000,12429.5,12521.65,12385.5,12477.0,827800
1355381100000,12477.0,12507.7,12321.1,12357.2,991200
1355391900000,12356.1,12360.5,12324.0,12335.0,153850
1355456700000,12256.65,12507.75,12256.65,12487.7,1078975
1355467500000,12487.0,12514.0,12412.65,12497.35,711650
1355478300000,12497.55,12539.9,12496.0,12528.0,239200
1355715900000,12480.0,12532.0,12464.0,12500.0,507000
1355726700000,12501.6,12519.0,12466.1,12482.0,400000
1355737500000,12483.0,12494.75,12477.0,12488.0,102975
1355802300000,12524.05,12524.05,12250.0,12393.4,1933425
1355813100000,12390.0,12599.0,12390.0,12549.25,1327400
1355823900000,12547.0,12554.9,12540.0,12550.0,132350
1355888700000,12570.0,12619.95,12476.65,12546.85,756725
1355899500000,12548.0,12580.0,12515.0,12546.5,393325
1355910300000,12546.0,12551.0,12515.85,12517.25,133400
1355975100000,12552.25,12552.25,12425.05,12465.0,666875
1355985900000,12465.0,12571.95,12450.0,12520.2,662175
1355996700000,12523.0,12529.6,12508.0,12510.0,117250
1356061500000,12474.45,12474.45,12400.0,12405.1,740150
1356072300000,12411.7,12457.5,12350.7,12350.7,757125
1356083100000,12350.85,12353.7,12326.6,12344.8,214975
1356320700000,12398.0,12398.0,12304.05,12323.1,483425
1356331500000,12321.5,12360.0,12285.1,12339.0,353500
1356342300000,12339.85,12349.9,12332.0,12347.0,84175
1356493500000,12351.65,12487.9,12317.05,12474.9,740600
1356504300000,12473.05,12546.0,12457.35,12515.05,599100
1356515100000,12514.0,12517.4,12501.5,12515.1,103275
1356579900000,12543.95,12543.95,12470.15,12473.7,461425
1356590700000,12476.25,12534.8,12450.0,12462.4,741150
1356601500000,12462.4,12468.65,12454.75,12460.0,144000
1356666300000,12581.55,12603.0,12533.0,12558.3,392775
1356677100000,12558.3,12574.85,12508.0,12571.0,439350
1356687900000,12569.9,12579.95,12562.45,12570.0,97625
1356925500000,12550.2,12615.0,12530.05,12581.9,396000
1356936300000,12581.9,12608.0,12563.25,12587.75,297025
1356947100000,12587.75,12588.7,12568.0,12575.0,95325
1357011900000,12627.0,12715.95,12627.0,12704.0,497675
1357022700000,12703.0,12776.0,12702.05,12760.0,516650
1357033500000,12760.0,12772.2,12756.2,12772.0,122575
1357098300000,12810.0,12899.0,12810.0,12888.5,666725
1357109100000,12890.0,12902.4,12853.0,12868.3,367300
1357119900000,12868.05,12884.95,12861.0,12875.0,105775
1357184700000,12908.4,12910.0,12804.0,12865.0,479550
1357195500000,12864.0,12892.0,12836.45,12855.9,290325
1357206300000,12856.0,12857.9,12840.0,12843.0,121700
1357271100000,12830.0,12830.0,12760.0,12811.9,481600
1357281900000,12809.0,12883.0,12781.5,12868.75,555825
1357292700000,12868.75,12881.9,12860.8,12870.15,107825
1357530300000,12890.0,12908.95,12825.0,12850.05,330725
1357541100000,12850.2,12859.9,12801.85,12802.0,310950
1357551900000,12802.0,12804.0,12771.0,12773.05,156350
1357616700000,12772.1,12809.45,12720.0,12739.25,543500
1357627500000,12739.95,12838.9,12718.0,12819.6,659500
1357638300000,12818.0,12835.0,12810.15,12830.0,102725
1357703100000,12830.1,12869.9,12795.0,12814.0,500375
1357713900000,12813.95,12856.0,12744.25,12772.95,607600
1357724700000,12773.95,12799.0,12772.95,12785.0,105200
1357789500000,12823.55,12848.8,12775.1,12822.0,443575
1357800300000,12820.75,12889.9,12775.0,12862.25,800000
1357811100000,12864.1,12869.0,12845.0,12857.15,102925
1357875900000,12885.05,12885.1,12750.0,12758.0,667475
1357886700000,12756.55,12774.8,12672.55,12707.0,702225
1357897500000,12705.0,12707.8,12646.2,12650.0,164850
1358135100000,12699.0,12837.8,12666.0,12790.0,999875
1358145900000,12790.0,12849.0,12787.05,12834.95,545900
1358156700000,12834.95,12857.6,12834.95,12850.0,157325
1358221500000,12850.0,12850.0,12791.0,12809.85,381750
1358232300000,12808.4,12975.0,12770.1,12903.45,1079125
1358243100000,12902.95,12920.0,12901.55,12918.0,121950
1358307900000,12895.25,12895.25,12800.15,12823.2,671525
1358318700000,12822.35,12831.45,12666.65,12669.0,948350
1358329500000,12666.25,12681.0,12652.0,12660.0,186850
1358394300000,12718.75,12734.0,12615.8,12668.0,781200
1358405100000,12668.25,12775.0,12661.0,12704.5,849150
1358415900000,12704.5,12705.0,12680.0,12684.0,89175
1358480700000,12729.45,12825.5,12725.1,12794.25,727075
1358491500000,12792.35,12797.55,12679.4,12721.0,718075
1358502300000,12723.5,12723.85,12693.0,12699.0,115675
1358739900000,12741.0,12743.55,12636.45,12655.0,501675
1358750700000,12656.8,12723.35,12630.8,12689.0,442225
1358761500000,12689.0,12692.0,12680.0,12690.0,75675
1358826300000,12689.8,12798.85,12661.1,12753.0,665700
1358837100000,12751.0,12765.6,12568.5,12613.1,1006025
1358847900000,12613.1,12616.6,12590.0,12600.0,169175
1358912700000,12625.1,12670.0,12601.05,12640.0,539100
1358923500000,12640.0,12656.9,12515.55,12635.4,884550
1358934300000,12634.0,12729.0,12633.25,12728.85,342750
1358999100000,12683.6,12683.6,12545.2,12625.5,833325
1359009900000,12625.0,12690.0,12559.0,12574.5,803950
1359020700000,12575.1,12585.0,12531.0,12575.0,212625
1359085500000,12560.0,12648.0,12546.7,12643.05,654025
1359096300000,12643.0,12728.0,12631.2,12690.0,806325
1359107100000,12690.0,12736.0,12687.95,12731.7,165925
1359344700000,12726.1,12774.95,12724.9,12740.0,392925
1359355500000,12739.9,12825.0,12710.0,12785.0,845825
1359366300000,12785.75,12802.0,12771.0,12797.0,122000
1359431100000,12798.3,12974.0,12670.3,12941.05,2471075
1359441900000,12941.05,12964.0,12710.3,12744.0,1430075
1359452700000,12746.9,12755.0,12715.0,12728.0,135575
1359517500000,12757.0,12811.0,12726.3,12736.95,779600
1359528300000,12737.0,12824.0,12735.0,12787.05,565275
1359539100000,12787.05,12787.15,12765.0,12768.45,105700
1359603900000,12771.0,12814.8,12734.3,12793.55,562500
1359614700000,12796.0,12848.8,12694.5,12715.0,1058200
1359625500000,12715.95,12719.8,12702.65,12707.9,138075
1359690300000,12774.0,12809.0,12733.0,12754.0,448075
1359701100000,12753.95,12763.85,12650.1,12686.0,745550
1359711900000,12688.0,12700.0,12678.0,12683.75,120875
1359949500000,12740.0,12765.0,12672.6,12685.05,529000
1359960300000,12685.0,12716.4,12581.1,12602.0,647100
1359971100000,12602.0,12602.25,12556.2,12556.2,168775
1360035900000,12518.0,12550.0,12475.05,12492.55,642625
1360046700000,12493.0,12561.8,12466.55,12524.4,646175
1360057500000,12522.05,12534.0,12515.05,12523.0,101575
1360122300000,12573.85,12573.9,12481.45,12495.9,512100
1360133100000,12494.1,12514.85,12451.0,12456.5,489750
1360143900000,12456.5,12475.0,12452.15,12465.0,132425
1360208700000,12448.0,12532.0,12404.1,12441.25,852375
1360219500000,12442.0,12453.0,12364.0,12422.0,730425
1360230300000,12424.9,12425.7,12412.0,12422.75,113600
1360295100000,12422.0,12449.0,12372.0,12411.3,558100
1360305900000,12413.8,12428.0,12361.0,12361.35,424750
1360316700000,12363.0,12368.45,12310.75,12340.0,251375
1360554300000,12350.0,12409.55,12318.5,12376.5,522450
1360565100000,12381.0,12419.0,12367.1,12384.95,369300
1360575900000,12384.7,12393.95,12380.0,12393.45,81325
1360640700000,12380.0,12450.0,12328.4,12372.0,704350
1360651500000,12372.0,12469.75,12372.0,12458.9,565025
1360662300000,12459.0,12469.95,12445.0,12467.9,116700
1360727100000,12474.0,12517.95,12460.2,12486.0,548400
1360737900000,12487.0,12495.0,12377.1,12402.0,640375
1360748700000,12400.5,12409.75,12396.0,12405.0,81475
1360813500000,12350.0,12461.85,12350.0,12385.0,679550
1360824300000,12385.95,12431.0,12312.35,12355.1,713500
1360835100000,12355.1,12357.8,12316.15,12330.0,107750
1360899900000,12316.25,12349.95,12283.0,12320.0,387525
1360910700000,12320.6,12411.0,12285.5,12387.0,675175
1360921500000,12385.0,12389.9,12354.3,12358.05,94825
1361159100000,12399.95,12432.9,12377.0,12415.0,374400
1361169900000,12416.9,12422.65,12356.5,12381.0,419225
1361180700000,12381.0,12383.9,12370.0,12371.95,68075
1361245500000,12390.65,12398.85,12351.4,12356.0,349550
1361256300000,12352.0,12460.0,12330.0,12446.0,715950
1361267100000,12447.95,12464.0,12443.9,12450.0,126625
1361331900000,12485.6,12492.0,12425.5,12435.0,300350
1361342700000,12434.5,12459.0,12401.0,12417.0,351750
1361353500000,12420.0,12420.0,12402.05,12410.0,91275
1361418300000,12364.0,12376.0,12240.3,12252.1,850275
1361429100000,12251.3,12259.95,12078.0,12091.25,1025025
1361439900000,12091.25,12091.35,12058.75,12064.0,202825
1361504700000,12059.9,12150.0,12059.85,12098.0,607400
1361515500000,12095.1,12177.45,12087.1,12092.0,595600
1361526300000,12092.0,12107.2,12090.0,12106.0,105000
1361763900000,12140.05,12140.05,12073.05,12080.0,539875
1361774700000,12080.0,12148.0,11964.1,12054.0,1070300
1361785500000,12054.0,12056.5,12040.0,12042.0,97325
1361850300000,11985.0,12004.4,11916.55,11940.0,758200
1361861100000,11939.0,11949.0,11835.0,11840.0,785950
1361871900000,11840.0,11860.0,11820.05,11853.0,165400
1361936700000,11884.0,11938.0,11855.1,11897.5,702600
1361947500000,11897.85,11969.0,11896.25,11935.0,663750
1361958300000,11936.3,11944.9,11925.2,11932.0,124450
1362023100000,12010.1,12034.95,11832.15,11841.15,1056850
1362033900000,11841.25,11912.35,11425.5,11470.0,2274725
1362044700000,11470.05,11489.9,11465.45,11488.0,282875
1362109500000,11601.1,11645.0,11511.2,11569.45,801950
1362120300000,11572.85,11644.9,11526.55,11584.05,890150
1362131100000,11587.5,11589.65,11560.1,11568.1,109375
1362368700000,11548.4,11627.0,11501.35,11570.05,617650
1362379500000,11572.0,11657.0,11565.25,11625.0,461600
1362390300000,11625.95,11642.0,11616.5,11639.95,75450
1362455100000,11685.0,11779.9,11655.2,11774.2,684525
1362465900000,11775.0,11859.5,11762.0,11845.25,627200
1362476700000,11845.25,11850.0,11827.5,11834.95,119975
1362541500000,11890.1,11943.75,11875.5,11911.95,613475
1362552300000,11910.55,11933.8,11865.1,11916.0,506300
1362563100000,11917.8,11939.9,11913.0,11935.25,102300
1362627900000,11891.5,11908.95,11860.25,11891.0,347225
1362638700000,11890.45,12033.0,11870.0,12028.0,626050
1362649500000,12029.7,12047.0,12019.8,12038.0,143500
1362714300000,12051.4,12163.5,12037.0,12105.25,633200
1362725100000,12105.25,12274.0,12075.1,12239.45,880375
1362735900000,12238.95,12262.9,12231.15,12239.95,123075
1362973500000,12240.55,12274.3,12168.0,12256.2,629825
1362984300000,12257.95,12294.25,12172.85,12210.0,534225
1362995100000,12209.95,12213.95,12176.5,12178.25,118375
1363059900000,12208.15,12222.25,12036.0,12044.0,810900
1363070700000,12045.0,12207.45,12005.2,12107.55,949625
1363081500000,12107.5,12109.9,12076.0,12093.0,125075
1363146300000,12047.95,12050.0,11951.0,11975.6,651750
1363157100000,11976.0,11989.0,11829.5,11835.0,834575
1363167900000,11835.0,11837.0,11802.05,11804.95,203625
1363232700000,11809.75,12017.95,11590.0,12017.95,2638500
1363243500000,12019.95,12133.75,11975.55,12095.0,1151925
1363254300000,12094.0,12099.0,12075.0,12089.7,131025
1363319100000,12099.9,12099.9,11838.5,11850.05,1184450
1363329900000,11852.9,11994.75,11807.6,11895.8,1241725
1363340700000,11895.15,11895.15,11855.0,11882.0,117900
1363578300000,11800.2,11808.0,11682.0,11732.0,744250
1363589100000,11732.0,11861.8,11728.65,11795.0,834200
1363599900000,11794.0,11809.1,11780.0,11785.0,110475
1363664700000,11818.0,11879.0,11451.3,11609.25,2693475
1363675500000,11606.15,11627.95,11520.0,11531.95,887175
1363686300000,11528.05,11542.0,11502.0,11540.0,177875
1363751100000,11525.15,11539.95,11333.0,11353.5,1303500
1363761900000,11350.0,11450.0,11262.5,11283.25,1064950
1363772700000,11283.0,11319.8,11283.0,11318.1,138550
1363837500000,11347.0,11509.0,11273.0,11471.95,1428425
1363848300000,11469.0,11527.9,11212.0,11260.0,1398800
1363859100000,11260.0,11289.55,11240.0,11243.0,120000
1363923900000,11261.2,11345.0,11240.1,11280.0,863700
1363934700000,11282.0,11362.65,11201.5,11210.0,1085225
1363945500000,11210.2,11239.0,11201.0,11217.95,130175
1364183100000,11340.0,11401.2,11320.0,11373.0,628525
1364193900000,11373.0,11381.2,11105.7,11148.95,1268700
1364204700000,11148.15,11168.0,11148.15,11162.1,152000
1364269500000,11101.15,11183.25,11064.65,11096.7,835025
1364280300000,11096.65,11198.95,11080.85,11145.05,878525
1364291100000,11141.6,11166.0,11134.55,11164.95,124725
1364442300000,11144.45,11170.0,11075.25,11126.5,641275
1364453100000,11126.5,11359.9,11105.95,11356.85,1158500
1364463900000,11357.0,11374.0,11355.0,11361.85,313450
1364787900000,11484.9,11507.85,11392.25,11455.0,483625
1364798700000,11455.0,11503.35,11375.55,11468.0,536375
1364809500000,11470.0,11490.0,11463.0,11473.8,74225
1364874300000,11480.0,11488.9,11408.0,11469.0,463025
1364885100000,11469.0,11595.0,11469.0,11570.0,682725
1364895900000,11569.95,11580.0,11565.8,11579.1,73975
1364960700000,11547.55,11630.05,11525.1,11630.0,576900
1364971500000,11630.0,11636.25,11368.75,11394.0,937850
1364982300000,11390.5,11395.0,11315.15,11365.5,180575
1365047100000,11311.0,11311.0,11215.75,11262.75,733275
1365057900000,11260.7,11300.0,11150.0,11171.1,983775
1365068700000,11174.5,11183.0,11160.0,11176.75,114450
1365133500000,11169.9,11220.0,11091.25,11120.0,770525
1365144300000,11120.1,11218.3,11066.0,11145.0,983475
1365155100000,11145.0,11170.45,11120.2,11135.5,152675
1365392700000,11121.0,11187.0,11121.0,11140.0,435575
1365403500000,11140.85,11167.7,11040.0,11056.5,574250
1365414300000,11055.0,11069.0,11035.0,11058.0,128050
1365479100000,11134.4,11231.95,11090.25,11220.0,784625
1365489900000,11220.0,11247.9,10940.0,10949.55,1233650
1365500700000,10950.0,10954.0,10930.5,10931.1,111025
1365565500000,10999.0,11040.7,10904.15,10980.15,659600
1365576300000,10977.55,11166.0,10930.0,11140.0,1248025
1365587100000,11140.0,11148.5,11115.0,11135.0,96525
1365651900000,11220.0,11278.0,11204.8,11245.0,778275
1365662700000,11245.0,11349.9,11151.0,11304.9,1210900
1365673500000,11304.9,11318.0,11292.0,11315.0,89350
1365738300000,11153.65,11373.0,11153.65,11315.0,777700
1365749100000,11313.0,11446.0,11283.4,11403.75,778225
1365759900000,11402.35,11415.4,11377.9,11390.0,136850
1365997500000,11360.0,11583.6,11326.0,11547.0,1013375
1366008300000,11548.0,11669.5,11503.0,11569.25,953625
1366019100000,11566.65,11568.95,11525.0,11528.1,135300
1366083900000,11550.0,11777.0,11525.4,11744.0,1078275
1366094700000,11742.0,11896.35,11719.05,11888.0,862400
1366105500000,11888.0,11894.0,11857.05,11870.0,158525
1366170300000,11924.55,12078.15,11852.4,12058.0,1095125
1366181100000,12055.65,12086.0,11888.1,11988.75,1264200
1366191900000,11987.5,11993.5,11959.5,11983.55,109400
1366256700000,11930.0,12080.0,11878.3,12065.0,877350
1366267500000,12064.05,12295.0,12031.25,12272.0,1360850
1366278300000,12272.45,12283.65,12245.05,12249.0,124800
1366602300000,12299.0,12529.4,12299.0,12510.4,1442400
1366613100000,12508.9,12585.85,12410.3,12547.65,1037800
1366623900000,12544.0,12633.35,12543.1,12630.85,173800
1366688700000,12601.6,12619.45,12363.6,12367.5,1277700
1366699500000,12366.05,12583.85,12345.5,12575.65,1313350
1366710300000,12575.05,12589.9,12533.45,12543.9,182000
1366861500000,12583.0,12719.0,12583.0,12684.0,973725
1366872300000,12684.0,12769.9,12604.55,12732.0,1339625
1366883100000,12732.15,12745.0,12722.05,12725.05,226725
1366947900000,12649.0,12659.5,12530.0,12577.0,679650
1366958700000,12575.5,12670.0,12471.0,12500.0,1058400
1366969500000,12498.85,12525.0,12497.55,12502.0,104025
1367207100000,12451.0,12569.75,12451.0,12517.1,513125
1367217900000,12518.05,12650.0,12497.1,12590.0,621400
1367228700000,12590.0,12596.0,12539.0,12540.0,137500
1367293500000,12600.0,12670.0,12405.5,12422.45,864600
1367304300000,12422.7,12520.0,12352.15,12480.0,1023425
1367315100000,12482.0,12510.0,12478.4,12489.0,92775
1367466300000,12500.15,12719.5,12500.15,12688.0,1006725
1367477100000,12689.0,12726.45,12651.0,12677.0,562700
1367487900000,12677.0,12684.6,12664.0,12675.0,134050
1367552700000,12610.0,12649.85,12330.4,12500.05,2437375
1367563500000,12503.0,12525.0,12320.7,12320.7,1032550
1367574300000,12321.3,12339.0,12310.1,12330.05,211950
1367811900000,12313.5,12335.0,12139.5,12260.0,1333900
1367822700000,12261.95,12339.9,12190.7,12324.0,653225
1367833500000,12321.0,12379.0,12314.65,12376.9,155250
1367898300000,12380.0,12490.3,12380.0,12465.0,643975
1367909100000,12461.05,12617.8,12461.05,12594.0,799575
1367919900000,12595.0,12603.75,12586.2,12600.95,112400
1367984700000,12632.5,12660.0,12466.6,12491.1,847875
1367995500000,12494.7,12608.5,12494.1,12584.6,629725
1368006300000,12585.55,12641.0,12575.7,12641.0,189975
1368071100000,12600.0,12629.0,12486.05,12563.9,887925
1368081900000,12563.0,12682.0,12492.55,12515.0,1105725
1368092700000,12510.5,12566.0,12500.9,12566.0,148825
1368157500000,12520.0,12625.75,12512.25,12557.5,687300
1368168300000,12557.25,12747.0,12544.0,12715.0,1143100
1368179100000,12715.0,12723.95,12707.0,12720.05,129100
1368416700000,12785.0,12835.5,12673.0,12697.75,1055875
1368427500000,12695.15,12700.0,12502.15,12506.5,1117275
1368438300000,12506.5,12543.0,12504.3,12526.4,102800
1368503100000,12547.0,12676.2,12482.2,12597.0,1176850
1368513900000,12598.0,12647.2,12469.8,12535.6,1061400
1368524700000,12537.95,12544.95,12521.0,12544.95,94625
1368589500000,12596.8,12888.7,12585.5,12864.0,1353100
1368600300000,12864.0,13056.2,12858.0,13046.95,1180400
1368611100000,13047.1,13065.15,13035.0,13040.0,208375
1368675900000,13005.8,13249.0,13000.0,13152.8,953475
1368686700000,13152.95,13230.0,13133.05,13174.8,619175
1368697500000,13173.95,13198.7,13173.5,13189.1,77275
1368762300000,13174.5,13188.6,13055.35,13156.9,730525
1368773100000,13156.95,13304.45,13128.0,13284.95,1045375
1368783900000,13284.95,13290.0,13246.0,13249.1,145725
1369021500000,13297.45,13348.7,13182.6,13204.0,758250
1369032300000,13202.2,13283.7,13101.3,13122.35,854500
1369043100000,13125.0,13154.0,13116.0,13153.0,105975
1369107900000,13150.0,13175.4,13021.0,13078.55,778100
1369118700000,13076.2,13232.3,12986.1,13022.95,1164550
1369129500000,13021.3,13027.8,13000.0,13010.0,139250
1369194300000,13033.0,13128.0,13000.0,13055.0,639100
1369205100000,13053.15,13073.0,12882.0,12965.0,985900
1369215900000,12963.0,12997.8,12952.0,12986.75,115900
1369280700000,12885.0,12890.0,12601.2,12646.3,1586625
1369291500000,12649.9,12729.9,12540.0,12572.6,1073975
1369302300000,12575.0,12615.5,12571.5,12602.0,144525
1369367100000,12672.3,12750.05,12510.0,12745.15,1341700
1369377900000,12744.8,12776.95,12652.1,12696.05,757800
1369388700000,12696.0,12732.15,12696.0,12724.05,116800
1369626300000,12716.5,12830.0,12678.0,12785.85,713250
1369637100000,12784.95,12963.85,12747.9,12903.05,775750
1369647900000,12900.9,12910.0,12872.0,12882.0,120425
1369712700000,12901.05,12955.3,12820.15,12892.8,704950
1369723500000,12891.5,12978.8,12852.9,12884.0,821575
1369734300000,12884.7,12922.8,12874.5,12895.0,116025
1369799100000,12898.85,12898.85,12731.55,12765.5,836525
1369809900000,12763.3,12825.0,12704.1,12808.65,875775
1369820700000,12808.85,12808.85,12782.0,12785.0,116075
1369885500000,12740.0,12834.75,12720.1,12794.0,586975
1369896300000,12794.0,12833.0,12737.15,12818.95,911750
1369907100000,12818.95,12820.0,12790.0,12808.2,204450
1369971900000,12740.0,12775.0,12591.0,12628.0,808125
1369982700000,12628.0,12640.7,12470.15,12476.0,760500
1369993500000,12475.15,12499.0,12461.0,12478.95,145300
1370231100000,12501.0,12529.95,12371.5,12422.95,815700
1370241900000,12416.45,12448.0,12321.1,12418.0,656450
1370252700000,12415.75,12428.95,12402.25,12415.0,112850
1370317500000,12421.0,12525.0,12399.95,12475.05,711400
1370328300000,12478.0,12514.0,12254.75,12285.65,998175
1370339100000,12286.0,12299.0,12275.15,12299.0,126800
1370403900000,12266.2,12348.0,12211.1,12255.0,949025
1370414700000,12254.9,12364.4,12215.55,12285.7,938825
1370425500000,12285.2,12328.0,12285.2,12325.0,118725
1370490300000,12245.0,12279.0,12191.1,12269.45,871300
1370501100000,12268.9,12484.0,12255.0,12380.2,1247375
1370511900000,12380.1,12426.6,12380.1,12398.95,131275
1370576700000,12355.0,12480.0,12301.0,12460.0,969125
1370587500000,12460.0,12494.4,12209.0,12222.0,1415225
1370598300000,12220.85,12237.0,12205.0,12229.95,183425
1370835900000,12305.0,12355.0,12122.0,12157.6,1010175
1370846700000,12157.0,12226.0,12007.1,12081.95,1129025
1370857500000,12081.3,12133.9,12075.0,12130.0,162250
1370922300000,12026.0,12074.95,11831.55,11873.95,1299775
1370933100000,11871.55,11955.0,11815.1,11820.0,1114525
1370943900000,11819.0,11820.0,11801.3,11810.0,219775
1371008700000,11798.8,11874.5,11721.8,11761.75,1227850
1371019500000,11760.0,11904.0,11743.4,11817.45,1079875
1371030300000,11816.8,11841.0,11801.05,11840.1,122700
1371095100000,11711.0,11829.0,11687.25,11765.0,1045050
1371105900000,11765.0,11811.1,11715.05,11723.9,706275
1371116700000,11723.95,11724.9,11704.05,11717.0,190400
1371181500000,11845.0,11929.0,11820.0,11917.0,874650
1371192300000,11915.1,11966.9,11878.15,11933.9,710025
1371203100000,11933.95,11935.65,11911.25,11916.2,139400
1371440700000,11934.7,11960.0,11732.0,11891.4,1652125
1371451500000,11891.55,11988.0,11861.0,11968.0,1062275
1371462300000,11966.95,12009.0,11966.4,12005.0,210975
1371527100000,11950.0,11977.8,11876.05,11895.2,695525
1371537900000,11896.6,11970.0,11806.1,11817.0,1052625
1371548700000,11817.0,11848.4,11810.0,11846.95,185675
1371613500000,11801.0,11844.0,11741.0,11831.9,857275
1371624300000,11835.0,11878.75,11781.0,11859.0,710075
1371635100000,11858.95,11879.0,11850.0,11872.0,151150
1371699900000,11700.0,11712.15,11452.25,11466.0,1368375
1371710700000,11465.55,11498.0,11360.15,11382.45,887750
1371721500000,11383.45,11389.95,11342.05,11345.0,225525
1371786300000,11359.95,11389.05,11255.0,11373.5,1011475
1371797100000,11374.0,11434.0,11212.25,11356.15,1210075
1371807900000,11355.0,11359.75,11331.55,11340.1,127600
1372045500000,11280.0,11287.0,11171.0,11182.95,782700
1372056300000,11184.15,11254.35,11132.0,11174.7,745725
1372067100000,11172.85,11212.5,11162.5,11205.0,178225
1372131900000,11200.0,11274.0,11118.5,11272.95,1115050
1372142700000,11272.95,11343.0,11180.1,11199.8,1163675
1372153500000,11196.75,11217.0,11166.0,11185.0,146775
1372218300000,11224.0,11258.45,11160.0,11218.85,873150
1372229100000,11220.0,11246.8,11058.3,11072.0,919100
1372239900000,11071.85,11079.25,11040.0,11055.85,221025
1372304700000,11205.5,11255.0,11160.0,11166.05,1056400
1372315500000,11167.0,11274.9,11158.05,11230.0,1202925
1372326300000,11228.35,11239.95,11227.95,11236.0,158550
1372391100000,11439.9,11505.6,11370.0,11489.35,787075
1372401900000,11490.0,11659.0,11485.25,11656.7,819300
1372412700000,11658.75,11669.4,11635.0,11644.55,169350
1372650300000,11616.5,11742.95,11600.0,11715.0,616625
1372661100000,11716.0,11750.0,11644.0,11733.0,574300
1372671900000,11735.45,11755.0,11732.15,11751.0,126450
1372736700000,11720.0,11767.7,11657.7,11710.6,686800
1372747500000,11712.6,11719.9,11602.0,11626.05,624575
1372758300000,11630.0,11654.45,11615.85,11650.0,113325
1372823100000,11559.0,11594.75,11351.15,11370.0,889675
1372833900000,11371.4,11404.75,11329.05,11360.0,659025
1372844700000,11356.6,11385.0,11350.25,11375.1,120400
1372909500000,11390.05,11492.0,11301.2,11473.0,1145625
1372920300000,11473.0,11490.05,11285.05,11414.55,1155050
1372931100000,11414.9,11435.0,11399.15,11435.0,106250
1372995900000,11515.1,11570.8,11475.0,11563.4,781400
1373006700000,11563.75,11579.0,11450.2,11488.35,682750
1373017500000,11485.9,11490.0,11468.0,11477.95,128075
1373255100000,11256.45,11405.0,11205.0,11274.05,921275
1373265900000,11275.25,11371.6,11250.0,11330.25,704100
1373276700000,11330.5,11349.95,11326.25,11349.0,123400
1373341500000,11390.0,11488.0,11390.0,11439.0,662575
1373352300000,11437.05,11495.0,11392.6,11473.3,733750
1373363100000,11474.95,11500.0,11471.0,11499.95,148925
1373427900000,11512.0,11573.55,11488.0,11522.9,700850
1373438700000,11521.95,11588.0,11392.5,11405.8,1017975
1373449500000,11405.8,11407.25,11348.1,11358.0,200125
1373514300000,11605.0,11743.0,11525.0,11727.0,1160175
1373525100000,11726.0,11732.95,11652.05,11680.0,648700
1373535900000,11679.15,11687.25,11661.0,11662.0,140125
1373600700000,11751.55,11854.75,11602.55,11647.45,714075
1373611500000,11647.8,11753.9,11605.05,11729.35,791600
1373622300000,11728.0,11761.0,11725.15,11756.0,165175
1373859900000,11682.35,11744.15,11650.0,11708.0,645275
1373870700000,11708.0,11820.25,11708.0,11802.2,675450
1373881500000,11802.2,11839.9,11802.0,11833.0,148025
1373946300000,11525.0,11570.0,11227.65,11283.95,1725275
1373957100000,11284.0,11310.0,11241.1,11265.05,648675
1373967900000,11267.0,11270.25,11241.45,11256.0,179800
1374032700000,11281.0,11297.7,11060.05,11075.9,1571750
1374043500000,11075.45,11107.8,10838.85,10952.85,1725650
1374054300000,10951.95,11004.7,10950.05,10998.0,192425
1374119100000,11050.0,11099.0,10842.4,10899.3,1381375
1374129900000,10900.0,11250.0,10861.35,11250.0,1796325
1374140700000,11249.8,11255.45,11177.0,11210.0,268025
1374205500000,11244.0,11260.0,11001.3,11036.3,1202000
1374216300000,11036.0,11100.0,10951.1,10994.25,1190250
1374227100000,10995.15,11010.0,10981.05,10994.0,181000
1374464700000,10987.0,11140.0,10960.0,11127.1,890300
1374475500000,11128.95,11150.0,11056.15,11100.65,826825
1374486300000,11099.8,11109.95,11085.35,11089.35,124550
1374551100000,11180.1,11299.0,11180.1,11287.05,1187025
1374561900000,11287.85,11308.65,11230.05,11251.5,878950
1374572700000,11251.6,11259.8,11231.0,11234.0,179700
1374637500000,10974.0,11020.0,10715.1,10717.1,1746175
1374648300000,10717.0,10778.2,10675.1,10745.0,912250
1374659100000,10744.85,10750.2,10719.1,10724.9,191500
1374723900000,10625.55,10773.0,10625.55,10729.1,877050
1374734700000,10730.9,10759.0,10590.0,10616.05,1272225
1374745500000,10619.0,10619.0,10607.5,10613.35,188025
1374810300000,10747.8,10805.0,10486.2,10519.45,1781575
1374821100000,10519.95,10657.85,10414.2,10535.6,1690650
1374831900000,10536.9,10550.0,10521.05,10549.0,156400
1375069500000,10500.0,10525.5,10444.45,10477.65,740275
1375080300000,10481.7,10530.0,10414.2,10436.65,886550
1375091100000,10436.5,10443.45,10407.35,10433.15,157350
1375155900000,10574.0,10574.0,10365.0,10442.1,2442925
1375166700000,10443.4,10452.0,10268.15,10307.0,1241250
1375177500000,10308.4,10309.3,10289.55,10298.25,159750
1375242300000,10279.95,10279.95,9955.0,10049.05,1864625
1375253100000,10053.0,10158.5,9985.15,10118.1,1338225
1375263900000,10119.3,10137.35,10066.65,10066.65,196350
1375328700000,10210.0,10232.0,9911.55,10126.0,2264200
1375339500000,10124.0,10289.0,10040.0,10187.95,1363475
1375350300000,10185.6,10229.0,10185.0,10213.0,157825
1375415100000,10220.0,10279.0,10070.0,10135.1,902700
1375425900000,10135.0,10141.5,10011.0,10078.95,1036225
1375436700000,10079.0,10080.4,10035.0,10040.0,154850
1375674300000,10090.65,10158.05,9870.05,10070.8,1336725
1375685100000,10073.25,10205.85,10037.0,10174.55,1002875
1375695900000,10175.0,10201.95,10170.65,10178.9,160900
1375760700000,10092.0,10092.0,9820.0,9824.9,1539550
1375771500000,9824.9,9866.15,9713.2,9775.1,1422675
1375782300000,9774.0,9778.45,9721.6,9725.0,280425
1375847100000,9784.4,9888.0,9721.0,9862.0,1865075
1375857900000,9860.0,9929.95,9754.95,9833.0,1369925
1375868700000,9832.95,9837.7,9794.15,9794.15,172925
1375933500000,9845.0,9898.45,9780.0,9884.0,967000
1375944300000,9885.0,9975.0,9837.3,9880.0,1270450
1375955100000,9878.6,9884.4,9850.0,9852.0,169250
1376279100000,9950.0,9950.0,9705.1,9822.7,1121950
1376289900000,9822.15,9895.0,9726.6,9756.35,1335150
1376300700000,9757.3,9757.5,9702.0,9705.0,260325
1376365500000,9718.45,9949.0,9612.8,9875.0,1988825
1376376300000,9875.45,10054.2,9875.45,10016.2,1134575
1376387100000,10016.0,10034.8,9998.8,10028.0,204200
1376451900000,10030.0,10097.9,9955.0,9979.0,1290275
1376462700000,9979.0,10066.05,9923.15,10046.55,1164600
1376473500000,10045.0,10058.4,10011.1,10012.15,180450
1376624700000,9905.05,9947.0,9530.0,9580.15,2454050
1376635500000,9578.45,9626.0,9451.6,9463.0,1407750
1376646300000,9462.0,9470.2,9415.6,9458.0,367100
1376883900000,9350.0,9389.0,9140.1,9226.65,2178925
1376894700000,9225.85,9238.0,9100.2,9170.0,1547675
1376905500000,9170.0,9188.7,9103.0,9112.2,238900
1376970300000,8960.0,9233.7,8855.0,9151.0,2244450
1376981100000,9152.45,9285.25,9097.1,9220.0,1538125
1376991900000,9220.0,9227.3,9156.7,9171.0,208500
1377056700000,9700.0,9799.0,9530.0,9630.0,2820200
1377067500000,9629.05,9636.05,9113.45,9242.5,3022575
1377078300000,9241.2,9349.0,9221.3,9324.2,348725
1377143100000,9152.3,9410.3,9011.0,9175.75,2725575
1377153900000,9178.0,9377.5,9139.8,9307.0,1972475
1377164700000,9307.5,9327.9,9300.0,9311.15,207425
1377229500000,9335.0,9468.0,9220.05,9366.75,1650425
1377240300000,9366.0,9480.0,9335.65,9460.45,1438050
1377251100000,9462.2,9479.0,9428.05,9447.9,207150
1377488700000,9475.0,9592.35,9355.7,9388.9,1633675
1377499500000,9388.75,9463.15,9283.5,9369.9,1628600
1377510300000,9367.55,9373.5,9320.15,9331.0,217175
1377575100000,9228.8,9228.8,8937.0,8957.0,2161950
1377585900000,8958.0,9030.0,8825.95,8866.35,1794775
1377596700000,8868.0,8887.0,8852.35,8855.55,244025
1377661500000,8725.0,8725.05,8349.4,8541.5,2674375
1377672300000,8540.3,8855.0,8490.0,8753.25,1798250
1377683100000,8752.1,8756.85,8698.05,8740.0,180400
1377747900000,8895.5,8951.5,8745.4,8890.05,1497075
1377758700000,8891.7,8936.0,8831.4,8904.0,1414375
1377769500000,8904.0,8907.0,8896.0,8903.0,233525
1377834300000,8920.0,9188.0,8852.0,9136.7,1641050
1377845100000,9138.95,9144.6,8898.9,9091.0,2188525
1377855900000,9094.95,9109.0,9026.35,9093.0,348700
1378093500000,9090.0,9275.0,9065.1,9215.0,1217475
1378104300000,9215.0,9290.0,9127.0,9185.0,1225950
1378115100000,9186.8,9205.0,9180.3,9195.0,157325
1378179900000,9221.0,9250.0,8925.0,8959.1,1741975
1378190700000,8961.0,8979.2,8675.5,8697.9,1960225
1378201500000,8698.9,8704.7,8646.7,8675.0,242325
1378266300000,8501.3,8968.95,8501.3,8914.7,1970325
1378277100000,8914.7,8948.8,8751.0,8875.15,1589725
1378287900000,8877.8,8910.0,8862.5,8905.45,194300
1378352700000,9225.0,9720.0,9225.0,9624.8,3093350
1378363500000,9624.95,9750.0,9535.0,9725.3,1984350
1378374300000,9725.25,9740.0,9698.05,9720.0,304500
1378439100000,9774.0,9898.8,9604.2,9825.25,1931450
1378449900000,9826.85,9983.4,9811.6,9979.45,1404375
1378460700000,9976.9,10012.65,9971.0,9977.0,300000
1378784700000,10144.0,10320.0,10125.0,10249.5,1916900
1378795500000,10247.45,10283.4,10136.7,10188.8,1506325
1378806300000,10187.8,10212.5,10150.25,10155.0,278800
1378871100000,10124.0,10254.9,10010.55,10224.0,1480600
1378881900000,10223.0,10460.5,10086.0,10427.0,1631550
1378892700000,10428.6,10431.0,10372.0,10381.0,183850
1378957500000,10399.95,10405.4,10160.0,10200.25,1530450
1378968300000,10201.2,10278.75,10072.05,10164.95,1344050
1378979100000,10161.25,10222.0,10159.2,10176.0,247100
1379043900000,10080.05,10293.0,10053.6,10290.0,1683350
1379054700000,10289.0,10310.0,10175.65,10190.7,992300
1379065500000,10190.65,10215.0,10183.0,10195.05,144775
1379303100000,10478.0,10566.9,10380.0,10403.0,1693750
1379313900000,10401.8,10475.6,10179.85,10376.0,2033700
1379324700000,10375.3,10404.4,10365.0,10390.05,152450
1379389500000,10298.0,10358.0,10241.0,10325.0,1071775
1379400300000,10325.0,10344.4,10266.1,10327.8,631000
1379411100000,10329.8,10350.0,10328.4,10340.0,133925
1379475900000,10365.0,10380.0,10285.0,10355.0,543025
1379486700000,10355.0,10511.55,10350.0,10484.95,955625
1379497500000,10483.55,10538.95,10480.0,10531.0,205375
1379562300000,11011.0,11247.0,10925.0,11181.35,2366250
1379573100000,11181.95,11287.0,11161.0,11205.55,1229375
1379583900000,11205.0,11223.95,11191.0,11201.55,211400
1379648700000,11165.55,11239.7,10435.0,10560.0,3679125
1379659500000,10559.7,10847.95,10506.2,10715.0,2424200
1379670300000,10713.0,10792.45,10713.0,10724.0,301275
1379907900000,10515.65,10550.0,10240.0,10256.6,2004025
1379918700000,10256.15,10333.0,10205.5,10270.0,1299450
1379929500000,10269.0,10273.45,10216.0,10235.0,253850
1379994300000,10100.0,10327.95,10039.95,10217.7,1818375
1380005100000,10219.65,10285.75,10171.0,10209.95,1007750
1380015900000,10210.05,10216.0,10195.0,10202.35,161775
1380080700000,10310.0,10320.0,9960.0,10007.7,1500425
1380091500000,10006.0,10133.0,9930.2,10105.75,1424450
1380102300000,10105.5,10113.95,10088.0,10110.0,144350
1380167100000,10108.75,10152.95,10077.6,10138.85,808975
1380177900000,10138.45,10194.5,10061.0,10108.0,1170125
1380188700000,10110.0,10110.65,10093.9,10098.0,192200
1380253500000,10227.85,10247.3,9991.5,10027.0,1169375
1380264300000,10025.05,10147.85,9967.95,10009.55,1176400
1380275100000,10007.45,10015.0,9984.05,9993.0,141550
1380512700000,9830.0,9908.95,9711.0,9758.55,1176825
1380523500000,9756.35,9798.0,9695.0,9710.2,989975
1380534300000,9706.0,9710.05,9675.15,9679.0,213000
1380599100000,9750.0,9917.9,9657.0,9903.95,1602250
1380609900000,9900.05,9959.35,9862.0,9946.35,982450
1380620700000,9945.15,9983.0,9944.1,9981.9,231800
1380771900000,10056.2,10239.95,9958.0,10225.8,1481625
1380782700000,10228.0,10332.95,10168.65,10321.0,946600
1380793500000,10321.0,10338.05,10301.65,10306.0,225600
1380858300000,10299.0,10499.0,10171.75,10289.0,1573525
1380869100000,10286.55,10380.5,10222.1,10250.95,1058225
1380879900000,10250.05,10281.5,10249.6,10267.0,118700
1381117500000,10201.0,10228.0,9930.55,9993.2,1466750
1381128300000,9993.2,10149.5,9948.0,10136.0,1146925
1381139100000,10138.3,10164.8,10129.7,10151.35,206500
1381203900000,10472.5,10530.6,10220.15,10252.4,1764975
1381214700000,10252.5,10307.45,10167.6,10215.25,984125
1381225500000,10215.45,10225.0,10150.1,10159.95,196950
1381290300000,10089.0,10303.0,10002.3,10265.0,1610575
1381301100000,10265.0,10406.0,10213.25,10387.0,1116650
1381311900000,10385.6,10422.25,10381.4,10415.1,238700
1381376700000,10375.0,10405.0,10253.1,10365.35,1262150
1381387500000,10368.0,10439.5,10264.05,10349.05,1138550
1381398300000,10350.0,10399.0,10336.2,10383.65,156700
1381463100000,10600.0,10638.0,10357.15,10611.95,1578925
1381473900000,10609.95,10708.55,10532.05,10688.0,1489050
1381484700000,10688.5,10692.0,10659.0,10668.0,219450
1381722300000,10638.0,10758.6,10592.6,10625.0,1523425
1381733100000,10623.8,10769.45,10623.8,10708.05,1031450
1381743900000,10708.0,10724.95,10706.15,10724.0,158250
1381808700000,10774.0,10789.0,10441.55,10564.1,2082625
1381819500000,10562.75,10612.3,10436.0,10444.0,1201925
1381830300000,10446.05,10448.0,10381.5,10399.4,293300
1381981500000,10427.0,10428.0,10311.5,10376.05,1354650
1381992300000,10377.55,10463.5,10295.0,10350.0,1437325
1382003100000,10351.2,10371.75,10347.1,10368.95,124650
1382067900000,10432.0,10694.7,10421.65,10658.1,1801675
1382078700000,10658.1,10845.5,10617.0,10796.75,1310025
1382089500000,10796.75,10811.0,10770.25,10793.9,227100
1382327100000,10809.0,10919.75,10733.05,10825.9,1510250
1382337900000,10827.05,10892.0,10752.1,10834.25,1028600
1382348700000,10831.0,10857.3,10823.8,10825.0,170175
1382413500000,10780.05,10949.95,10742.95,10876.25,1348725
1382424300000,10876.25,10907.45,10800.0,10844.15,976875
1382435100000,10847.25,10859.25,10840.0,10845.0,145875
1382499900000,10898.0,10943.3,10812.35,10826.0,1497650
1382510700000,10830.0,10933.0,10751.55,10925.55,1498500
1382521500000,10925.7,10935.0,10902.1,10905.05,149650
1382586300000,10899.85,11127.95,10895.05,11081.4,1507375
1382597100000,11080.6,11092.0,10852.65,10929.9,1853450
1382607900000,10930.0,10940.0,10902.0,10910.4,132750
1382672700000,10820.0,10947.95,10800.0,10879.95,900825
1382683500000,10877.0,10975.0,10805.35,10907.05,1302200
1382694300000,10906.05,10916.75,10890.4,10904.9,164350
1382931900000,10877.65,11018.6,10877.65,10913.5,919425
1382942700000,10915.0,10936.65,10756.25,10767.0,1197875
1382953500000,10769.3,10788.0,10759.6,10777.0,229350
1383018300000,10750.0,10989.0,10621.0,10942.95,2676200
1383029100000,10942.0,11254.2,10938.05,11237.05,2075075
1383039900000,11233.95,11270.0,11230.0,11265.0,235250
1383104700000,11441.0,11441.0,11242.5,11301.05,1180800
1383115500000,11298.7,11376.75,11200.0,11232.35,1304500
1383126300000,11231.9,11255.0,11219.35,11250.0,144050
1383191100000,11219.95,11248.05,11166.45,11205.0,909875
1383201900000,11204.1,11471.15,11202.5,11465.6,2091975
1383212700000,11467.0,11482.0,11462.3,11475.0,342875
1383277500000,10589.5,11763.95,10589.5,11694.85,1673400
1383288300000,11695.0,11799.0,11663.7,11720.85,1111975
1383299100000,11720.55,11740.7,11701.3,11705.0,178550
1383623100000,11630.0,11767.0,11562.65,11717.1,1223975
1383633900000,11717.0,11835.0,11595.4,11596.55,1312500
1383644700000,11597.95,11604.0,11560.0,11565.0,206750
1383709500000,11594.0,11618.85,11435.0,11474.2,1212825
1383720300000,11471.5,11493.0,11362.85,11375.0,1229300
1383731100000,11375.0,11389.0,11360.1,11386.75,198275
1383795900000,11351.2,11496.0,11255.5,11474.05,1778175
1383806700000,11472.05,11488.05,11142.1,11150.0,1812900
1383817500000,11151.1,11155.9,11120.0,11129.55,223050
1383882300000,11052.05,11155.95,11035.0,11080.95,1191825
1383893100000,11079.0,11079.0,10925.0,11010.9,1561625
1383903900000,11010.4,11013.6,10931.0,10960.6,200400
1384141500000,10862.0,10942.7,10761.1,10900.5,1482200
1384152300000,10898.9,11020.0,10805.0,10836.0,1524200
1384163100000,10839.0,10852.0,10820.05,10842.0,172250
1384227900000,10883.75,10945.5,10782.35,10881.45,1402025
1384238700000,10878.2,10935.75,10672.75,10698.0,1464250
1384249500000,10698.85,10700.0,10643.45,10655.45,208100
1384314300000,10505.55,10662.0,10505.55,10654.8,1501300
1384325100000,10650.5,10740.0,10481.1,10608.7,2445075
1384335900000,10608.0,10628.0,10575.0,10618.45,192850
1384400700000,10750.0,10939.75,10749.95,10884.45,1628250
1384411500000,10884.45,10938.0,10807.2,10854.5,1279025
1384422300000,10856.8,10882.0,10853.2,10871.6,171450
1384746300000,11005.5,11144.1,11000.0,11099.0,1095700
1384757100000,11098.2,11210.0,11050.1,11182.2,1135975
1384767900000,11182.1,11209.0,11175.7,11203.05,189975
1384832700000,11198.95,11247.95,11145.1,11184.3,1107300
1384843500000,11180.75,11265.55,11163.0,11233.8,858450
1384854300000,11233.85,11240.0,11230.0,11233.0,149300
1384919100000,11150.0,11189.95,11060.05,11133.05,1201925
1384929900000,11135.0,11213.0,11017.0,11019.95,1475025
1384940700000,11020.0,11025.0,10955.0,10965.0,360850
1385005500000,10899.8,10915.65,10765.05,10821.05,1363975
1385016300000,10820.7,10857.8,10685.1,10733.45,1479475
1385027100000,10734.0,10777.0,10725.05,10776.3,222275
1385091900000,10825.0,10848.0,10750.05,10830.05,1054500
1385102700000,10831.0,10838.2,10660.0,10702.1,1418350
1385113500000,10701.35,10759.95,10687.35,10759.95,250450
1385351100000,10820.0,11013.4,10810.75,10965.0,1409325
1385361900000,10965.75,11122.0,10944.25,11116.3,1299175
1385372700000,11115.0,11133.3,11110.0,11118.0,252825
1385437500000,11072.0,11158.5,11031.65,11066.5,1209750
1385448300000,11068.6,11098.9,10910.5,10943.8,1294125
1385459100000,10943.8,10944.0,10915.3,10936.1,161650
1385523900000,10955.0,11044.3,10845.4,10866.95,918025
1385534700000,10865.1,10960.9,10841.0,10919.6,1060125
1385545500000,10917.9,10936.1,10895.05,10931.0,183375
1385610300000,11125.65,11125.65,10952.6,10978.0,876450
1385621100000,10978.0,11002.2,10846.0,10892.0,1032150
1385631900000,10890.0,10910.0,10885.2,10906.7,317775
1385696700000,11080.0,11264.8,11031.85,11249.0,1273900
1385707500000,11247.05,11292.0,11202.0,11256.0,732725
1385718300000,11257.6,11292.0,11252.8,11290.0,257750
1385955900000,11299.0,11432.0,11271.15,11409.4,1034325
1385966700000,11410.95,11421.55,11335.5,11381.0,785050
1385977500000,11381.7,11389.4,11371.6,11378.2,142650
1386042300000,11375.0,11395.0,11272.75,11344.7,1047800
1386053100000,11340.4,11354.95,11250.2,11296.75,792100
1386063900000,11296.6,11318.0,11292.2,11310.0,130325
1386128700000,11252.45,11275.95,11193.5,11225.95,967925
1386139500000,11226.0,11308.0,11181.5,11212.5,1129600
1386150300000,11212.0,11272.0,11208.0,11272.0,228175
1386215100000,11511.1,11724.9,11475.0,11700.35,1723000
1386225900000,11700.4,11744.0,11660.0,11722.55,857450
1386236700000,11722.05,11747.0,11716.65,11720.0,256725
1386301500000,11740.0,11748.8,11650.0,11700.95,989075
1386312300000,11700.95,11804.0,11694.0,11800.75,828975
1386323100000,11803.3,11870.0,11799.05,11855.55,327150
1386560700000,12315.65,12349.8,12107.7,12158.0,1818725
1386571500000,12158.65,12185.0,12125.0,12141.95,673300
1386582300000,12142.0,12143.95,12061.0,12061.0,268050
1386647100000,12121.1,12173.7,11883.1,11896.0,1237425
1386657900000,11896.0,11970.95,11836.8,11905.8,1127750
1386668700000,11905.55,11926.0,11888.3,11917.0,180725
1386733500000,11825.25,11844.65,11701.0,11767.3,1152200
1386744300000,11769.65,11870.0,11752.5,11832.1,1101800
1386755100000,11834.6,11960.0,11830.25,11950.0,390050
1386819900000,11858.8,11858.8,11712.0,11748.05,1208225
1386830700000,11748.25,11784.9,11680.0,11690.6,985175
1386841500000,11692.8,11700.0,11678.05,11685.0,245900
1386906300000,11568.8,11579.95,11460.0,11474.0,1360025
1386917100000,11474.0,11495.0,11415.5,11429.0,957850
1386927900000,11429.0,11433.0,11414.6,11418.0,248050
1387165500000,11401.0,11479.75,11362.0,11419.0,1045425
1387176300000,11420.0,11474.0,11399.4,11411.05,779175
1387187100000,11411.05,11424.0,11403.15,11417.4,160550
1387251900000,11490.0,11490.0,11352.7,11356.95,1104300
1387262700000,11361.2,11373.8,11230.15,11250.0,1203900
1387273500000,11250.45,11267.15,11202.95,11210.0,272050
1387338300000,11189.0,11635.0,11148.55,11460.0,2829075
1387349100000,11458.5,11506.95,11334.65,11383.65,1086975
1387359900000,11380.1,11475.0,11380.0,11455.8,362125
1387424700000,11500.0,11549.9,11062.85,11130.1,2336300
1387435500000,11131.65,11209.85,11081.0,11107.05,1248175
1387446300000,11107.0,11130.75,11096.95,11122.75,186825
1387511100000,11137.0,11249.45,11081.0,11238.9,1258450
1387521900000,11238.45,11349.85,11213.05,11323.7,1408300
1387532700000,11322.25,11352.0,11321.3,11338.0,229700
1387770300000,11374.0,11489.95,11300.0,11473.95,1078850
1387781100000,11472.0,11500.0,11401.35,11412.8,1008875
1387791900000,11413.45,11417.4,11369.75,11409.9,243800
1387856700000,11427.85,11435.0,11311.0,11395.1,1208700
1387867500000,11395.05,11415.05,11338.45,11354.25,1008925
1387878300000,11355.0,11365.0,11347.05,11355.0,135475
1388029500000,11307.4,11392.0,11261.1,11364.35,713975
1388040300000,11364.35,11440.0,11349.8,11382.05,1490075
1388051100000,11380.1,11390.0,11378.6,11387.0,279000
1388115900000,11484.0,11625.0,11484.0,11597.0,752500
1388126700000,11597.35,11605.0,11543.05,11564.3,445725
1388137500000,11564.4,11573.55,11554.05,11558.0,134200
1388375100000,11620.0,11646.85,11452.0,11479.9,1027550
1388385900000,11479.9,11522.8,11445.5,11467.95,570150
1388396700000,11469.8,11471.8,11455.0,11457.9,130600
1388461500000,11465.0,11514.0,11411.0,11460.5,685700
1388472300000,11460.0,11480.95,11430.0,11480.85,369825
1388483100000,11480.95,11496.75,11473.25,11475.0,168425
1388547900000,11481.2,11515.0,11447.05,11483.05,305100
1388558700000,11483.05,11500.05,11456.0,11480.35,285375
1388569500000,11480.25,11535.0,11480.1,11529.0,180400
1388634300000,11495.0,11670.0,11467.0,11651.9,1236825
1388645100000,11652.0,11677.4,11220.55,11268.05,2279175
1388655900000,11268.0,11290.5,11225.0,11239.0,237475
1388720700000,11177.7,11255.0,11101.3,11198.0,1209125
1388731500000,11198.45,11290.0,11134.1,11275.0,1302200
1388742300000,11276.35,11302.95,11256.9,11302.0,220575
1388979900000,11252.05,11265.5,11107.9,11140.0,1025000
1388990700000,11134.9,11160.0,11055.25,11112.0,891850
1389001500000,11112.1,11130.0,11102.15,11126.35,179550
1389066300000,11166.0,11220.0,10951.25,10987.4,1674850
1389077100000,10986.25,11164.0,10937.8,11108.0,1687650
1389087900000,11109.7,11114.9,11090.5,11104.95,140050
1389152700000,11150.0,11181.0,11035.35,11134.45,1055775
1389163500000,11132.05,11167.75,11070.4,11092.15,998975
1389174300000,11093.7,11112.65,11090.05,11109.0,130125
1389239100000,11105.0,11133.65,10958.0,10972.0,1295925
1389249900000,10970.0,11070.0,10951.0,11006.35,1115600
1389260700000,11002.4,11024.5,10995.25,11019.65,155300
1389325500000,11044.0,11116.3,10881.1,11030.15,1787125
1389336300000,11034.4,11096.0,10810.0,10848.95,1700525
1389347100000,10849.0,10855.0,10829.0,10839.95,189125
1389584700000,10875.0,10990.0,10821.5,10928.9,1123800
1389595500000,10929.0,11054.0,10907.05,11051.0,1082100
1389606300000,11053.85,11100.0,11049.0,11097.0,342625
1389671100000,11045.0,11086.3,11002.05,11040.0,1033050
1389681900000,11040.0,11043.0,10931.05,10960.35,905450
1389692700000,10961.2,10985.0,10948.0,10982.0,165675
1389757500000,11015.0,11199.0,10991.1,11165.0,1749125
1389768300000,11165.0,11172.85,11054.2,11140.0,1195800
1389779100000,11140.0,11155.0,11135.35,11143.5,176425
1389843900000,11187.0,11200.0,11105.25,11132.0,895100
1389854700000,11134.15,11155.05,11075.0,11109.0,825000
1389865500000,11110.0,11125.55,11093.3,11094.0,147350
1389930300000,11080.0,11103.95,10986.1,10997.9,1067375
1389941100000,10997.9,11023.0,10902.6,10925.0,1030325
1389951900000,10925.0,10947.65,10910.0,10937.0,239425
1390189500000,10900.0,11050.0,10875.15,10986.0,1157175
1390200300000,10987.0,11046.0,10962.4,11028.0,680125
1390211100000,11028.0,11056.0,11026.5,11045.0,201175
1390275900000,11078.95,11187.0,11048.4,11124.75,1491950
1390286700000,11125.6,11195.0,11111.0,11188.35,795050
1390297500000,11188.0,11211.0,11185.35,11205.0,292050
1390362300000,11201.0,11250.0,11103.15,11191.7,1378400
1390373100000,11192.0,11264.7,11181.0,11215.4,977150
1390383900000,11214.5,11225.0,11189.0,11190.0,198875
1390448700000,11199.0,11223.3,11127.2,11163.1,756700
1390459500000,11163.25,11244.0,11161.2,11198.9,973400
1390470300000,11199.75,11211.0,11197.3,11200.0,122700
1390535100000,11111.0,11149.0,10987.4,11019.5,1489225
1390545900000,11017.5,11041.0,10970.1,11004.0,780175
1390556700000,11004.0,11008.0,10975.1,10975.1,224175
1390794300000,10810.2,10849.8,10612.0,10621.3,1503500
1390805100000,10620.15,10677.0,10542.3,10570.0,1208575
1390815900000,10570.05,10571.9,10536.15,10557.0,215600
1390880700000,10553.0,10724.45,10330.0,10420.15,3083075
1390891500000,10421.6,10544.0,10406.05,10514.75,1103900
1390902300000,10515.0,10545.75,10506.6,10542.95,173925
1390967100000,10590.0,10660.0,10532.3,10563.0,960150
1390977900000,10563.0,10575.0,10395.15,10444.85,1259600
1390988700000,10444.3,10463.4,10435.0,10437.65,232000
1391053500000,10274.0,10325.6,10181.1,10239.55,1139075
1391064300000,10238.25,10239.6,10103.0,10153.5,1201725
1391075100000,10153.15,10155.0,10141.5,10152.6,245800
1391139900000,10298.8,10310.0,10183.7,10225.1,1187850
1391150700000,10226.0,10288.0,10197.15,10273.0,858675
1391161500000,10272.1,10315.0,10260.0,10280.0,255550
1391399100000,10236.7,10262.5,10176.3,10180.0,858550
1391409900000,10179.1,10221.95,10135.15,10166.4,990625
1391420700000,10166.4,10172.5,10144.05,10158.1,164525
1391485500000,10011.0,10184.0,9967.2,10157.1,1562000
1391496300000,10155.45,10300.0,10141.0,10248.1,1225100
1391507100000,10248.1,10280.75,10241.5,10276.5,190625
1391571900000,10274.95,10282.8,10141.55,10224.95,1292250
1391582700000,10224.95,10297.0,10209.0,10269.9,936125
1391593500000,10269.9,10275.0,10255.0,10265.0,137850
1391658300000,10300.0,10358.9,10113.35,10169.3,1581125
1391669100000,10167.0,10248.75,10125.0,10215.05,974025
1391679900000,10216.95,10233.95,10209.0,10226.0,174775
1391744700000,10325.65,10348.0,10251.0,10297.9,797100
1391755500000,10296.05,10320.7,10182.0,10283.3,1244025
1391766300000,10283.0,10303.55,10280.0,10285.0,222075
1392003900000,10334.0,10334.0,10212.0,10257.0,800650
1392014700000,10257.9,10283.65,10204.0,10228.0,499100
1392025500000,10228.0,10233.45,10195.2,10209.0,208200
1392090300000,10264.65,10325.0,10215.0,10284.0,915450
1392101100000,10284.0,10305.0,10252.9,10264.85,636575
1392111900000,10264.85,10273.4,10251.1,10260.0,155950
1392176700000,10345.5,10421.0,10317.5,10387.85,1116350
1392187500000,10387.75,10406.55,10351.0,10379.6,601650
1392198300000,10379.0,10380.5,10363.4,10370.0,168025
1392263100000,10385.0,10399.0,10210.0,10230.0,1278050
1392273900000,10229.0,10248.5,10131.0,10158.75,1006700
1392284700000,10158.85,10167.4,10125.6,10130.0,248200
1392349500000,10199.0,10236.5,10079.1,10179.85,1351075
1392360300000,10180.0,10248.0,10080.7,10244.95,1452425
1392371100000,10244.95,10265.85,10229.0,10252.0,226075
1392608700000,10270.15,10323.5,10210.0,10297.95,1048625
1392619500000,10294.45,10344.0,10229.0,10335.35,780425
1392630300000,10337.85,10371.0,10331.05,10355.0,239300
1392695100000,10350.05,10598.0,10312.65,10582.0,1995600
1392705900000,10582.0,10620.0,10551.0,10583.8,1055775
1392716700000,10583.85,10587.4,10547.6,10557.0,293925
1392781500000,10552.05,10616.95,10514.4,10577.1,1027825
1392792300000,10579.05,10619.0,10551.15,10615.0,717850
1392803100000,10613.0,10644.0,10611.6,10632.0,281825
1392867900000,10550.0,10560.1,10435.5,10440.0,1111125
1392878700000,10440.0,10507.95,10430.1,10448.05,947875
1392889500000,10450.55,10458.95,10442.0,10448.0,174675
1392954300000,10460.0,10600.0,10460.0,10567.4,1089275
1392965100000,10567.25,10588.35,10520.15,10571.9,847450
1392975900000,10572.05,10579.0,10542.0,10542.1,188325
1393213500000,10520.05,10648.95,10477.0,10638.05,1336725
1393224300000,10638.0,10729.1,10608.3,10687.0,1253850
1393235100000,10688.15,10706.6,10684.0,10700.0,186650
1393299900000,11000.0,11000.0,10661.0,10670.0,1044300
1393310700000,10670.0,10714.0,10620.0,10676.4,999800
1393321500000,10678.5,10680.0,10656.05,10661.0,147100
1393386300000,10675.0,10750.05,10657.4,10702.3,751625
1393397100000,10705.65,10767.65,10702.55,10726.3,1100750
1393407900000,10726.9,10733.8,10721.6,10730.9,460250
1393818300000,10734.95,10864.0,10690.0,10766.95,1366050
1393829100000,10766.95,10769.75,10611.0,10665.9,1528775
1393839900000,10666.0,10673.9,10635.3,10635.3,180525
1393904700000,10675.0,10887.95,10656.95,10872.2,1415775
1393915500000,10872.15,10972.2,10858.1,10962.0,1401425
1393926300000,10962.0,10978.0,10959.35,10963.5,249325
1393991100000,10999.0,11026.15,10911.0,10935.0,1278825
1394001900000,10932.75,11149.05,10931.05,11133.0,1632925
1394012700000,11133.0,11135.0,11097.0,11097.0,205400
1394077500000,11125.0,11196.05,11105.0,11166.35,1017600
1394088300000,11166.35,11339.0,11163.0,11320.0,1627775
1394099100000,11319.95,11320.6,11287.05,11304.5,204675
1394163900000,11340.05,11992.9,11340.05,11866.5,4329150
1394174700000,11865.0,11975.65,11837.15,11928.0,1490125
1394185500000,11923.85,11950.0,11901.5,11948.95,228450
1394423100000,11874.0,12144.0,11821.15,12093.0,2067175
1394433900000,12093.0,12199.0,12025.05,12151.25,1389275
1394444700000,12153.9,12166.0,12135.0,12161.95,235575
1394509500000,12197.55,12335.0,12068.15,12129.95,2210425
1394520300000,12129.95,12172.0,12046.5,12088.0,1180900
1394531100000,12088.8,12145.0,12083.9,12135.1,228825
1394595900000,12050.05,12225.0,11942.35,12148.05,1635050
1394606700000,12148.05,12148.9,12011.35,12092.8,1520325
1394617500000,12091.15,12100.0,12080.85,12100.0,160250
1394682300000,12149.0,12365.15,12115.5,12316.05,1508875
1394693100000,12316.05,12379.5,12161.4,12199.8,1766125
1394703900000,12200.0,12201.6,12151.0,12190.0,251675
1394768700000,12030.0,12106.3,11952.8,11990.05,1498300
1394779500000,11990.0,12169.8,11926.3,12123.5,1550775
1394790300000,12123.8,12138.3,12109.1,12129.75,180400
1395114300000,12200.0,12335.0,12170.05,12262.35,945775
1395125100000,12262.35,12272.25,12105.55,12176.15,1296250
1395135900000,12176.1,12198.85,12158.2,12162.35,189150
1395200700000,12270.95,12315.0,12178.2,12249.0,1208725
1395211500000,12249.7,12289.0,12200.0,12248.95,700050
1395222300000,12249.0,12256.0,12244.55,12250.0,153800
1395287100000,12187.0,12220.0,12108.0,12134.65,976825
1395297900000,12134.65,12140.35,12033.45,12065.95,1122050
1395308700000,12066.0,12084.05,12057.75,12080.0,155525
1395373500000,12110.2,12180.0,12082.0,12122.0,1061500
1395384300000,12120.0,12159.45,12101.2,12127.9,662675
1395395100000,12128.25,12133.9,12115.0,12120.0,149550
1395632700000,12150.0,12444.4,12150.0,12420.0,1578000
1395643500000,12419.05,12468.95,12412.9,12450.0,779075
1395654300000,12450.45,12469.8,12442.0,12468.7,296575
1395719100000,12400.5,12574.75,12400.5,12488.0,1092650
1395729900000,12487.95,12520.0,12437.9,12485.25,951625
1395740700000,12485.25,12495.0,12480.0,12494.55,169100
1395805500000,12540.0,12590.5,12508.2,12571.3,891375
1395816300000,12574.0,12611.55,12501.0,12548.55,1200475
1395827100000,12548.35,12558.95,12546.0,12551.1,201225
1395891900000,12552.95,12709.95,12515.0,12690.1,1436625
1395902700000,12691.85,12786.15,12580.0,12611.45,1801575
1395913500000,12610.05,12611.45,12597.05,12604.7,277375
1395978300000,12798.0,12850.0,12725.0,12770.0,942525
1395989100000,12770.0,12828.0,12712.15,12819.15,984975
1395999900000,12822.0,12879.0,12818.3,12870.0,252150
1396237500000,12910.1,12949.95,12826.3,12852.65,924300
1396248300000,12851.7,12873.5,12750.2,12825.0,987500
1396259100000,12827.95,12828.7,12800.1,12817.0,165725
1396323900000,12853.7,12893.4,12705.5,12754.0,1903450
1396334700000,12748.85,12752.0,12565.0,12645.45,1756450
1396345500000,12645.95,12677.0,12635.75,12675.0,196750
1396410300000,12800.0,12800.0,12632.1,12670.0,1074675
1396421100000,12670.0,12817.0,12592.0,12780.1,1277025
1396431900000,12780.05,12834.5,12774.7,12831.0,249275
1396496700000,12810.1,12827.1,12635.65,12653.25,1149150
1396507500000,12651.5,12709.0,12602.0,12656.4,1001000
1396518300000,12656.95,12681.05,12646.1,12654.95,214700
1396583100000,12645.0,12758.0,12505.0,12685.05,1834875
1396593900000,12688.0,12721.0,12585.0,12644.0,848450
1396604700000,12644.0,12689.3,12644.0,12665.5,199025
1396842300000,12685.0,12719.7,12524.85,12576.3,1223650
1396853100000,12571.0,12644.1,12558.0,12611.85,749200
1396863900000,12613.9,12626.95,12592.0,12598.0,220425
1397015100000,12700.0,12744.4,12626.0,12703.0,949500
1397025900000,12702.5,13048.0,12697.0,13012.15,2007825
1397036700000,13012.5,13043.4,13010.55,13035.7,225650
1397101500000,13049.0,13142.4,12953.0,13113.1,1599700
1397112300000,13113.05,13134.25,13025.85,13032.25,850400
1397123100000,13033.0,13037.1,12936.0,12950.0,329450
1397187900000,12855.0,13024.0,12845.0,12915.45,1261150
1397198700000,12915.4,12997.2,12902.1,12903.0,888600
1397209500000,12903.0,12914.95,12874.0,12900.0,232725
1397533500000,12910.0,12920.0,12621.85,12706.25,1492800
1397544300000,12702.75,12721.95,12614.0,12618.7,915450
1397555100000,12618.25,12621.95,12575.0,12621.95,333825
1397619900000,12620.0,12768.35,12604.15,12702.0,1091375
1397630700000,12696.9,12722.65,12550.45,12601.6,1464875
1397641500000,12604.0,12614.85,12582.1,12614.85,178125
1397706300000,12641.85,12747.95,12555.0,12699.9,1586075
1397717100000,12698.95,12868.0,12640.4,12823.65,1539550
1397727900000,12821.4,12838.0,12815.9,12830.0,216950
1398051900000,12850.0,12957.6,12850.0,12911.35,999175
1398062700000,12911.45,13045.0,12892.0,13006.55,1147700
1398073500000,13008.6,13017.0,12971.4,12986.8,177000
1398138300000,13010.05,13024.9,12922.0,12968.1,1037525
1398149100000,12966.2,13059.9,12964.35,12998.0,1072600
1398159900000,12996.05,13025.7,12996.0,13020.0,166725
1398224700000,12978.0,13108.2,12955.25,13097.0,1265075
1398235500000,13096.95,13133.0,13056.0,13111.8,1270050
1398246300000,13111.8,13127.0,13107.65,13123.9,259650
1398397500000,13252.35,13328.9,13177.2,13233.7,1265175
1398408300000,13233.7,13259.1,13062.0,13147.95,1442400
1398419100000,13148.45,13165.0,13120.1,13135.55,230750
1398656700000,13134.4,13149.0,13014.05,13126.85,1111000
1398667500000,13125.0,13228.9,13090.0,13178.0,1163300
1398678300000,13178.0,13216.85,13175.0,13212.0,191200
1398743100000,13205.95,13249.0,12970.1,13093.55,1653025
1398753900000,13093.95,13130.0,12985.45,13022.0,1151825
1398764700000,13021.95,13022.0,13001.2,13017.0,170025
1398829500000,13022.35,13215.0,12987.05,13127.4,1650900
1398840300000,13127.0,13144.0,12822.0,12924.95,2112250
1398851100000,12922.9,13010.0,12918.2,12976.0,348075
1399002300000,13010.05,13086.65,12951.0,12985.0,1190450
1399013100000,12986.0,13017.9,12895.55,12940.05,934175
1399023900000,12940.0,12942.7,12922.75,12938.0,156075
1399261500000,12936.0,13058.0,12857.0,13033.0,1365575
1399272300000,13034.0,13086.9,12951.55,12978.1,1100275
1399283100000,12978.05,12987.9,12965.3,12982.0,142650
1399347900000,13030.0,13098.95,13000.45,13044.0,879525
1399358700000,13044.5,13069.0,13005.0,13046.0,619475
1399369500000,13045.1,13073.0,13036.25,13066.0,210500
1399434300000,13010.55,13116.3,12960.0,13047.1,1445925
1399445100000,13049.95,13089.0,12984.45,13015.0,899850
1399455900000,13012.5,13035.0,13000.3,13003.8,182025
1399520700000,13078.0,13163.0,13022.45,13089.0,1441950
1399531500000,13089.95,13135.85,13050.0,13114.15,990125
1399542300000,13115.0,13119.45,13093.5,13100.0,212925
1399607100000,13145.0,13528.8,13077.25,13484.85,2486325
1399617900000,13484.2,13829.85,13475.35,13822.0,2462725
1399628700000,13824.6,13905.0,13815.0,13900.0,406600
1399866300000,13900.0,14260.0,13900.0,14159.95,2640325
1399877100000,14159.65,14233.0,14115.35,14167.0,1326625
1399887900000,14167.3,14204.0,14161.0,14200.0,317650
1399952700000,14350.0,14488.7,14160.05,14405.1,2468125
1399963500000,14404.35,14413.15,14187.15,14278.95,1681800
1399974300000,14277.3,14281.8,14222.15,14225.95,270925
1400039100000,14220.55,14405.0,14131.6,14255.0,1607500
1400049900000,14256.6,14345.35,14233.0,14308.0,1018925
1400060700000,14308.95,14317.8,14296.9,14305.0,155075
1400125500000,14352.0,14390.0,14250.1,14270.35,1440150
1400136300000,14270.05,14352.0,14262.0,14324.0,1098625
1400147100000,14322.1,14322.1,14255.0,14270.0,278000
1400211900000,14679.0,15996.85,14679.0,15362.55,4961950
1400222700000,15363.95,15448.0,14546.05,14899.9,3368100
1400233500000,14899.9,14987.55,14891.1,14969.5,246325
1400471100000,15117.65,15299.4,15108.25,15233.95,1894000
1400481900000,15231.05,15380.0,15227.2,15283.0,1434650
1400492700000,15284.95,15318.7,15275.0,15294.0,236000
1400557500000,15375.4,15420.0,15171.1,15247.6,1685525
1400568300000,15244.5,15290.0,15197.85,15213.95,935475
1400579100000,15211.0,15213.95,15179.95,15196.0,227000
1400643900000,15244.0,15244.0,15070.0,15096.85,969350
1400654700000,15094.05,15112.0,14931.6,15054.0,1571125
1400665500000,15053.0,15054.0,15010.0,15010.0,197675
1400730300000,15087.8,15208.95,15006.1,15207.9,1390500
1400741100000,15206.15,15278.7,15090.85,15135.0,1449050
1400751900000,15135.0,15143.85,15100.0,15109.9,194875
1400816700000,15030.55,15245.0,15000.0,15125.25,1557575
1400827500000,15125.25,15368.95,15018.55,15361.6,1836425
1400838300000,15364.5,15390.0,15343.1,15379.9,320600
1401075900000,15452.65,15625.0,15427.4,15508.0,1602300
1401086700000,15506.75,15543.1,14969.9,15183.35,2854700
1401097500000,15185.2,15206.25,15146.05,15174.0,206200
1401162300000,15136.0,15214.95,14950.0,15039.0,1852250
1401173100000,15037.9,15190.0,14997.1,15107.0,1370750
1401183900000,15106.55,15110.3,15065.0,15075.0,170400
1401248700000,15075.0,15190.0,15021.55,15106.05,1381575
1401259500000,15107.0,15186.6,15086.0,15157.45,1001375
1401270300000,15157.45,15199.8,15154.45,15195.0,189775
1401335100000,15179.85,15273.9,15000.0,15215.0,1301050
1401345900000,15217.75,15221.1,15024.0,15037.8,1325075
1401356700000,15037.8,15044.05,15018.4,15027.0,258625
1401421500000,15071.0,15125.0,14788.05,14925.0,1521575
1401432300000,14925.2,14939.9,14741.0,14747.3,1076625
1401443100000,14743.25,14785.95,14675.0,14688.0,363550
1401680700000,14780.0,15214.9,14707.0,15198.05,1872175
1401691500000,15203.85,15316.7,15132.05,15297.0,1136225
1401702300000,15296.15,15298.95,15241.55,15260.0,204100
1401767100000,15312.2,15390.0,15111.0,15303.3,2493625
1401777900000,15305.95,15313.0,15160.2,15221.65,988175
1401788700000,15217.95,15228.9,15201.6,15202.0,152250
1401853500000,15199.0,15355.0,15126.65,15326.05,1331100
1401864300000,15326.1,15345.0,15225.1,15292.2,733050
1401875100000,15292.15,15314.7,15281.3,15312.0,164025
1401939900000,15244.95,15348.0,15178.25,15291.0,1175025
1401950700000,15291.0,15389.0,15248.0,15305.0,1175700
1401961500000,15306.25,15330.0,15305.0,15321.1,144600
1402026300000,15450.0,15571.3,15343.85,15517.25,1745825
1402037100000,15517.35,15609.9,15475.5,15567.4,976700
1402047900000,15567.8,15575.7,15550.0,15563.0,216375
1402285500000,15675.15,15750.0,15515.0,15592.85,1710500
1402296300000,15586.2,15666.0,15565.25,15586.1,715275
1402307100000,15585.0,15607.25,15552.0,15553.25,215600
1402371900000,15552.95,15595.0,15360.0,15412.95,1435125
1402382700000,15409.0,15496.9,15400.0,15470.0,756375
1402393500000,15472.95,15480.05,15458.95,15458.95,168550
1402458300000,15494.0,15699.0,15396.2,15490.0,2099950
1402469100000,15489.7,15563.6,15410.0,15492.7,1230350
1402479900000,15492.25,15509.9,15420.0,15424.4,251875
1402544700000,15450.0,15519.0,15322.45,15473.1,1217350
1402555500000,15476.8,15580.0,15451.05,15511.75,994075
1402566300000,15511.75,15561.95,15511.4,15550.9,233450
1402631100000,15570.15,15690.0,15432.0,15459.8,1374850
1402641900000,15458.9,15475.0,15125.1,15167.0,2340300
1402652700000,15167.05,15180.0,15138.0,15150.0,261025
1402890300000,15105.15,15163.4,14929.05,14998.45,1813900
1402901100000,14997.45,15149.6,14910.0,15095.05,1103900
1402911900000,15096.05,15107.95,15065.45,15075.45,158575
1402976700000,14942.35,15130.0,14942.35,15030.2,1008075
1402987500000,15030.2,15456.85,14991.3,15445.0,2128400
1402998300000,15444.85,15474.8,15432.05,15474.8,296750
1403063100000,15470.0,15491.0,15375.0,15427.0,1036950
1403073900000,15428.0,15443.0,15152.8,15239.95,2358850
1403084700000,15236.75,15238.75,15196.3,15230.0,229400
1403149500000,15345.0,15385.0,14986.0,15047.7,1788750
1403160300000,15048.95,15225.0,15042.8,15106.35,1335225
1403171100000,15106.35,15127.0,15075.0,15122.0,238150
1403235900000,15100.15,15243.0,15015.25,15215.0,1345200
1403246700000,15215.8,15218.25,15020.0,15061.05,1177725
1403257500000,15064.7,15075.0,15041.0,15066.0,190525
1403495100000,15096.0,15200.0,14970.9,15096.0,1613900
1403505900000,15096.95,15135.0,15015.0,15135.0,1074475
1403516700000,15135.0,15170.6,15122.0,15133.6,266025
1403581500000,15194.9,15359.8,15165.05,15322.35,1530575
1403592300000,15322.35,15384.0,15245.1,15335.05,1237425
1403603100000,15335.6,15359.35,15335.05,15343.6,196075
1403667900000,15335.0,15338.0,15239.0,15260.9,905900
1403678700000,15261.05,15317.05,15245.0,15256.1,777175
1403689500000,15257.85,15269.8,15245.0,15250.0,201550
1403754300000,15260.0,15335.0,15161.0,15191.35,1377925
1403765100000,15190.55,15226.4,15026.75,15051.05,1219925
1403775900000,15047.95,15052.0,15035.5,15048.9,218700
1403840700000,15277.3,15278.45,15084.0,15089.55,1055050
1403851500000,15088.7,15174.5,15075.35,15136.05,817900
1403862300000,15135.3,15167.8,15123.0,15155.0,160650
1404099900000,15189.0,15443.1,15189.0,15415.0,1392250
1404110700000,15415.0,15450.0,15364.65,15368.6,708475
1404121500000,15368.95,15379.85,15339.45,15364.8,244300
1404186300000,15395.0,15462.0,15363.2,15443.0,944500
1404197100000,15441.1,15475.0,15403.65,15434.0,674850
1404207900000,15433.05,15455.0,15420.0,15455.0,157475
1404272700000,15540.0,15630.05,15465.0,15606.4,1103150
1404283500000,15610.0,15644.0,15581.4,15598.0,608725
1404294300000,15598.0,15613.85,15591.05,15596.0,173750
1404359100000,15600.1,15659.0,15510.1,15585.8,1149600
1404369900000,15580.6,15596.0,15536.5,15547.0,549650
1404380700000,15546.0,15562.0,15534.0,15562.0,159225
1404445500000,15560.0,15599.0,15440.0,15443.1,898650
1404456300000,15445.0,15715.0,15390.3,15692.3,1891600
1404467100000,15691.05,15700.0,15665.05,15675.35,211325
1404704700000,15713.95,15725.0,15505.0,15513.2,1154875
1404715500000,15514.4,15547.7,15475.6,15481.4,823150
1404726300000,15483.95,15486.6,15455.1,15466.0,263800
1404791100000,15525.0,15550.0,15380.0,15425.0,1000475
1404801900000,15425.0,15455.0,15135.05,15139.3,1758050
1404812700000,15139.3,15139.3,14973.25,14990.0,494375
1404877500000,15026.0,15195.0,14912.0,15084.0,1760500
1404888300000,15084.0,15181.8,14951.0,15002.05,1145275
1404899100000,15002.05,15050.95,14990.0,14996.7,166525
1404963900000,15446.0,15446.0,14670.0,14800.0,2345600
1404974700000,14800.0,15450.95,14760.0,14785.0,4452100
1404985500000,14785.05,14869.95,14780.0,14786.0,382025
1405050300000,14840.0,14994.0,14700.0,14759.35,1721200
1405061100000,14759.35,14773.95,14501.0,14509.0,1923800
1405071900000,14509.0,14509.95,14460.1,14504.0,276950
1405309500000,14525.0,14610.0,14405.3,14525.0,1252125
1405320300000,14522.3,14628.5,14433.8,14559.2,1012650
1405331100000,14559.25,14573.75,14550.05,14568.0,110825
1405395900000,14588.8,14833.9,14588.8,14706.1,1696850
1405406700000,14710.25,14974.0,14665.0,14941.2,1707750
1405417500000,14939.25,14952.9,14914.0,14921.0,211075
1405482300000,15050.1,15150.0,15012.3,15092.85,1610850
1405493100000,15093.3,15328.0,15068.5,15281.4,1670375
1405503900000,15280.95,15344.9,15275.0,15339.0,331050
1405568700000,15325.0,15325.0,15177.0,15265.15,1311275
1405579500000,15266.05,15331.05,15221.0,15300.75,1074675
1405590300000,15300.7,15308.75,15275.0,15300.0,171375
1405655100000,15205.05,15296.8,15110.9,15290.5,1362575
1405665900000,15290.0,15498.75,15281.75,15424.9,1898075
1405676700000,15423.0,15440.5,15389.45,15417.0,227450
1405914300000,15510.0,15577.85,15452.0,15533.0,1205450
1405925100000,15531.4,15539.85,15403.0,15408.05,1023425
1405935900000,15406.0,15414.95,15378.05,15409.0,277325
1406000700000,15466.35,15499.35,15390.0,15439.9,1010800
1406011500000,15440.55,15477.0,15325.1,15447.0,1191400
1406022300000,15447.0,15470.0,15435.0,15463.8,178750
1406087100000,15535.95,15660.0,15475.2,15547.25,1725850
1406097900000,15547.95,15559.65,15405.3,15472.2,1106625
1406108700000,15477.9,15522.9,15468.1,15514.0,221250
1406173500000,15425.15,15559.0,15406.2,15495.55,1206525
1406184300000,15495.0,15589.9,15437.95,15546.0,1024250
1406195100000,15547.0,15568.95,15546.55,15568.8,185700
1406259900000,15515.0,15649.9,15428.0,15445.5,1343250
1406270700000,15447.0,15450.0,15293.0,15361.0,1808100
1406281500000,15360.0,15372.0,15340.15,15369.0,231175
1406519100000,15425.0,15425.0,15268.95,15283.95,1136700
1406529900000,15282.0,15289.8,15170.0,15226.1,1325575
1406540700000,15226.0,15257.0,15216.0,15256.0,212325
1406691900000,15274.0,15310.0,15184.85,15233.8,934175
1406702700000,15234.05,15469.0,15211.0,15449.0,1585550
1406713500000,15446.6,15465.7,15436.7,15444.0,250900
1406778300000,15447.0,15501.8,15371.7,15462.05,992675
1406789100000,15462.0,15474.15,15263.0,15285.0,1577800
1406799900000,15281.15,15285.0,15265.15,15266.0,186675
1406864700000,15250.15,15456.05,15190.0,15438.75,1567350
1406875500000,15440.9,15505.0,15160.0,15195.0,2194075
1406886300000,15198.35,15243.0,15191.45,15240.0,230050
1407123900000,15329.85,15409.9,15261.0,15280.0,1167775
1407134700000,15279.05,15345.0,15194.45,15335.0,1200775
1407145500000,15336.0,15365.0,15331.25,15340.0,230900
1407210300000,15374.0,15421.85,15206.3,15242.9,2407100
1407221100000,15242.85,15420.0,15175.0,15372.0,1781075
1407231900000,15371.95,15392.5,15368.9,15387.0,181500
1407296700000,15305.15,15340.0,15162.5,15186.95,1413025
1407307500000,15183.0,15236.15,15086.0,15090.1,1459875
1407318300000,15090.0,15104.0,15066.1,15104.0,312325
1407383100000,15075.0,15177.0,15026.1,15089.8,1342075
1407393900000,15089.8,15216.0,15030.0,15066.75,1655375
1407404700000,15066.7,15094.75,15064.0,15077.0,164650
1407469500000,14920.0,14949.9,14755.95,14799.95,1568700
1407480300000,14799.9,14858.0,14760.45,14836.05,1132675
1407491100000,14837.0,14838.35,14791.7,14807.45,223700
1407728700000,14952.0,14952.0,14869.0,14903.0,817800
1407739500000,14903.05,14948.0,14851.0,14905.0,812375
1407750300000,14905.0,14916.95,14883.3,14890.0,176400
1407815100000,15005.05,15028.8,14883.6,14914.7,837225
1407825900000,14914.8,15109.8,14904.6,15087.5,1289475
1407836700000,15086.0,15135.0,15083.3,15125.0,318725
1407901500000,15075.0,15115.9,14953.0,14978.6,1340700
1407912300000,14976.55,15004.9,14874.9,14935.0,1358600
1407923100000,14936.65,14943.8,14910.0,14934.0,206100
1407987900000,14963.0,15104.75,14960.05,15058.25,1223725
1407998700000,15060.0,15195.0,15056.6,15130.0,1121625
1408009500000,15130.0,15135.0,15101.05,15114.8,227925
1408333500000,15120.0,15299.9,15060.25,15293.0,1113850
1408344300000,15293.0,15460.0,15290.0,15436.3,1274425
1408355100000,15438.05,15468.85,15425.25,15453.25,282375
1408419900000,15577.0,15592.65,15476.5,15523.25,1119800
1408430700000,15523.2,15640.0,15518.0,15531.65,1251775
1408441500000,15530.05,15541.1,15520.0,15535.0,188925
1408506300000,15565.0,15574.0,15450.0,15512.0,992825
1408517100000,15513.0,15595.0,15482.0,15533.0,838750
1408527900000,15533.0,15535.8,15485.7,15501.0,214450
1408592700000,15485.4,15738.0,15466.0,15684.0,1815550
1408603500000,15681.0,15715.0,15570.0,15669.25,1304500
1408614300000,15668.0,15695.5,15656.0,15680.1,260525
1408679100000,15745.0,15865.2,15692.0,15834.0,1556325
1408689900000,15834.0,15878.0,15782.55,15834.0,1005125
1408700700000,15834.0,15849.0,15817.0,15842.0,305000
1408938300000,15805.0,15974.0,15799.0,15917.95,1257975
1408949100000,15916.05,15959.4,15640.0,15675.0,1723125
1408959900000,15675.0,15713.5,15670.0,15705.0,228700
1409024700000,15590.0,15693.6,15525.0,15589.9,1192625
1409035500000,15589.9,15655.25,15509.0,15642.35,1335075
1409046300000,15644.75,15665.0,15640.0,15660.0,214175
1409111100000,15725.5,15760.05,15672.35,15706.0,973925
1409121900000,15706.2,15747.5,15661.35,15713.85,764725
1409132700000,15711.95,15734.0,15711.0,15734.0,199825
1409197500000,15738.15,15797.5,15711.55,15714.9,976300
1409208300000,15714.9,15749.9,15682.0,15745.9,959550
1409219100000,15748.0,15758.7,15741.9,15741.9,338125
1409543100000,15852.7,16035.0,15812.75,16021.8,1131350
1409553900000,16019.0,16090.0,16003.05,16083.65,735400
1409564700000,16081.95,16169.0,16081.4,16161.65,331750
1409629500000,16144.0,16191.0,16115.0,16164.0,1172500
1409640300000,16165.1,16249.45,16142.5,16201.6,1020700
1409651100000,16205.85,16209.5,16191.15,16205.5,179275
1409715900000,16289.8,16294.95,16105.0,16150.0,1239475
1409726700000,16151.75,16257.5,16110.3,16188.6,1086800
1409737500000,16188.0,16199.95,16177.3,16192.0,180975
1409802300000,16169.95,16170.0,16025.25,16039.3,1195325
1409813100000,16036.75,16133.85,16011.5,16107.6,932225
1409823900000,16108.85,16135.0,16103.0,16135.0,166975
1409888700000,16105.0,16188.0,15976.1,16008.1,1249375
1409899500000,16012.05,16101.9,15962.05,16041.0,1059100
1409910300000,16044.0,16091.75,16044.0,16055.2,240050
1410147900000,16170.0,16186.4,16108.0,16139.0,692475
1410158700000,16139.0,16284.2,16119.25,16265.8,1078075
1410169500000,16265.8,16287.0,16250.0,16256.05,198475
1410234300000,16257.0,16279.0,16135.25,16196.4,934650
1410245100000,16196.0,16246.0,16172.15,16219.0,598700
1410255900000,16223.05,16239.0,16215.0,16238.55,170775
1410320700000,16160.0,16207.6,16105.15,16149.7,680500
1410331500000,16147.7,16233.4,16115.0,16204.1,998675
1410342300000,16207.95,16267.0,16199.55,16257.0,296775
1410407100000,16270.0,16364.25,16212.0,16265.05,1713075
1410417900000,16268.1,16314.65,16235.0,16283.75,811100
1410428700000,16283.8,16295.75,16271.55,16273.0,171350
1410493500000,16280.0,16305.05,16201.6,16245.9,709350
1410504300000,16243.1,16333.0,16212.0,16314.95,917325
1410515100000,16314.0,16337.9,16305.05,16327.45,194925
1410752700000,16244.0,16285.25,16151.4,16259.0,1390750
1410763500000,16259.0,16308.7,16225.0,16236.4,653200
1410774300000,16236.4,16242.3,16210.0,16214.95,202125
1410839100000,16209.3,16230.2,16113.0,16125.75,1055800
1410849900000,16123.05,16135.0,15881.35,15905.0,2001000
1410860700000,15907.6,15914.0,15870.55,15871.0,263675
1410925500000,15994.0,15994.0,15855.0,15885.95,1126075
1410936300000,15881.5,15949.0,15855.25,15913.35,800825
1410947100000,15914.75,15914.75,15884.0,15885.4,219350
1411011900000,15880.0,16109.0,15820.1,16095.5,1774375
1411022700000,16099.0,16219.3,16097.9,16209.0,1205175
1411033500000,16211.85,16222.45,16191.2,16199.0,218325
1411098300000,16101.5,16235.0,16073.4,16127.05,1242850
1411109100000,16127.0,16184.0,16096.75,16160.3,695825
1411119900000,16159.85,16170.0,16144.0,16144.0,186125
1411357500000,16050.0,16137.95,16015.0,16095.35,900150
1411368300000,16092.0,16288.8,16089.0,16201.9,1243550
1411379100000,16201.0,16219.45,16182.7,16187.0,168600
1411443900000,16200.05,16233.0,16111.3,16131.0,914525
1411454700000,16132.2,16132.2,15919.05,15933.75,1663625
1411465500000,15933.8,15937.0,15919.5,15930.0,217775
1411530300000,15915.95,15966.25,15820.15,15830.95,1144525
1411541100000,15830.15,15876.95,15640.15,15779.8,2184100
1411551900000,15780.0,15784.65,15736.0,15741.1,192025
1411616700000,15725.0,15764.3,15471.65,15501.0,1542125
1411627500000,15500.0,15523.8,15200.3,15260.0,1668775
1411638300000,15260.75,15298.0,15260.0,15297.1,363500
1411703100000,15433.35,15608.95,15321.1,15348.0,1763225
1411713900000,15347.05,15789.45,15275.45,15705.1,2652725
1411724700000,15704.1,15748.0,15698.05,15737.0,264775
1411962300000,15750.1,15750.1,15555.3,15597.7,1120575
1411973100000,15598.4,15674.0,15495.0,15550.0,835975
1411983900000,15549.0,15571.55,15540.4,15550.0,161375
1412048700000,15505.5,15639.9,15451.15,15555.0,1577325
1412059500000,15549.8,15689.0,15405.0,15475.0,1683400
1412070300000,15475.9,15494.95,15441.0,15455.0,207950
1412135100000,15431.7,15479.7,15353.0,15362.15,868600
1412145900000,15362.25,15458.0,15360.1,15392.0,579525
1412156700000,15393.05,15406.8,15365.0,15377.0,213575
1412653500000,15269.95,15415.0,15251.3,15323.15,1092450
1412664300000,15326.05,15395.0,15255.0,15279.65,857150
1412675100000,15281.0,15284.0,15233.0,15233.95,223950
1412739900000,15180.5,15429.8,15180.5,15365.0,1225750
1412750700000,15369.0,15468.0,15290.6,15440.0,1179150
1412761500000,15438.05,15471.5,15436.8,15445.0,205625
1412826300000,15555.0,15675.0,15480.0,15640.3,1291700
1412837100000,15644.65,15869.0,15641.3,15801.1,1547250
1412847900000,15805.0,15819.0,15783.05,15803.4,210250
1412912700000,15685.0,15735.0,15502.3,15572.05,1809500
1412923500000,15572.05,15678.0,15462.5,15484.95,1377625
1412934300000,15482.0,15515.0,15476.05,15514.75,220175
1413171900000,15395.0,15466.0,15340.0,15450.0,1041975
1413182700000,15453.35,15749.0,15450.0,15711.4,1892750
1413193500000,15711.0,15718.0,15699.0,15701.5,208550
1413258300000,15819.0,15859.0,15575.95,15781.3,2248100
1413269100000,15780.05,15899.0,15751.2,15802.15,1654650
1413279900000,15804.35,15811.95,15766.2,15801.1,240525
1413431100000,15734.75,15880.0,15677.0,15817.6,1291600
1413441900000,15817.6,15858.75,15550.0,15555.6,1856925
1413452700000,15552.05,15570.0,15500.0,15542.0,368975
1413517500000,15610.0,15884.7,15610.0,15850.35,1840500
1413528300000,15853.0,16032.0,15812.0,15993.7,1963925
1413539100000,15992.0,16024.9,15981.7,16022.0,289325
1413776700000,16300.15,16353.6,16210.0,16297.0,1826250
1413787500000,16298.15,16302.4,16190.0,16242.35,1164700
1413798300000,16242.2,16264.0,16233.85,16261.95,168000
1413863100000,16309.0,16490.9,16270.0,16386.0,2007575
1413873900000,16386.1,16470.0,16308.0,16455.0,1531875
1413884700000,16455.0,16479.25,16450.05,16475.0,256775
1413949500000,16610.25,16632.0,16469.0,16501.0,1304125
1413960300000,16501.0,16509.85,16401.1,16480.0,1150300
1413971100000,16480.0,16495.0,16470.0,16491.0,208000
1414381500000,16569.45,16699.0,16488.5,16624.0,1514750
1414392300000,16626.0,16676.45,16563.5,16583.0,1129100
1414403100000,16581.5,16595.0,16575.0,16584.0,191850
1414467900000,16624.0,16718.0,16610.25,16665.0,1273925
1414478700000,16668.7,16714.0,16652.0,16697.9,718700
1414489500000,16695.05,16700.65,16679.4,16700.0,164475
1414554300000,16780.15,16785.35,16608.0,16675.35,1242200
1414565100000,16675.25,16676.95,16590.0,16644.75,802850
1414575900000,16641.0,16667.7,16633.15,16650.4,211875
1414640700000,16610.0,16723.0,16560.0,16676.35,1296825
1414651500000,16676.3,16794.4,16610.0,16751.1,1412675
1414662300000,16748.7,16763.0,16743.95,16762.0,304800
1414727100000,16860.0,17100.0,16845.0,17069.8,1581925
1414737900000,17066.2,17187.0,17025.0,17158.1,1069125
1414748700000,17156.4,17160.0,17106.45,17145.0,209325
1414986300000,17157.65,17249.0,17029.0,17231.8,1297725
1414997100000,17232.3,17280.0,17190.0,17235.15,756500
1415007900000,17239.0,17240.8,17209.0,17220.25,199950
1415159100000,17219.1,17465.9,17219.1,17441.0,1472150
1415169900000,17441.3,17545.0,17391.3,17467.25,1137375
1415180700000,17465.15,17499.0,17462.15,17490.55,201475
1415331900000,17469.95,17490.0,17293.5,17411.3,1509475
1415342700000,17411.3,17447.6,17350.0,17433.45,625475
1415353500000,17437.0,17489.8,17431.05,17487.0,216050
1415591100000,17484.8,17520.05,17341.0,17361.0,1040875
1415601900000,17359.95,17414.95,17300.0,17355.4,1033750
1415612700000,17355.4,17390.0,17345.0,17382.3,170375
1415677500000,17389.0,17489.9,17322.15,17335.75,1311375
1415688300000,17335.0,17490.0,17307.25,17476.0,903450
1415699100000,17475.0,17549.8,17475.0,17547.7,379300
1415763900000,17614.9,17698.75,17528.0,17660.0,1466000
1415774700000,17659.2,17728.0,17625.6,17681.0,969925
1415785500000,17682.9,17690.05,17665.25,17673.4,224725
1415850300000,17729.4,17735.0,17513.0,17548.6,1481550
1415861100000,17542.75,17598.0,17464.95,17536.2,1087900
1415871900000,17535.0,17539.35,17511.0,17520.0,179975
1415936700000,17558.6,17648.0,17476.0,17629.4,1075200
1415947500000,17628.3,17700.0,17553.0,17694.9,1120900
1415958300000,17694.0,17694.0,17660.1,17670.0,216100
1416195900000,17649.95,17649.95,17540.0,17583.85,818900
1416206700000,17581.05,17747.0,17560.0,17730.0,1071425
1416217500000,17725.25,17731.75,17665.7,17675.0,244625
1416282300000,17710.0,17785.0,17647.1,17767.7,1034000
1416293100000,17772.75,17794.95,17686.0,17742.3,875025
1416303900000,17742.25,17762.45,17730.0,17750.35,172850
1416368700000,17777.0,17777.05,17635.0,17712.9,1014900
1416379500000,17715.0,17725.0,17606.1,17645.0,1146825
1416390300000,17643.3,17654.85,17624.85,17631.7,172500
1416455100000,17645.65,17690.0,17582.55,17614.75,1005825
1416465900000,17614.05,17677.75,17565.1,17672.0,777425
1416476700000,17672.0,17715.0,17668.25,17688.0,241850
1416541500000,17750.15,18161.0,17720.6,18080.05,2982050
1416552300000,18080.05,18154.0,18062.05,18092.8,1019100
1416563100000,18090.05,18114.0,18085.7,18110.0,258050
1416800700000,18170.0,18258.0,18135.2,18211.0,1393750
1416811500000,18210.35,18329.7,18205.25,18296.95,994950
1416822300000,18295.05,18318.95,18290.0,18317.85,195375
1416887100000,18301.25,18320.0,18030.0,18045.0,1891625
1416897900000,18046.0,18092.1,18015.05,18058.8,1121975
1416908700000,18059.05,18071.0,18042.65,18055.55,255100
1416973500000,17974.9,18044.4,17905.1,17966.15,1228675
1416984300000,17966.15,18154.95,17960.4,17991.1,1464550
1416995100000,17991.4,17995.0,17969.1,17986.0,146725
1417059900000,17979.25,18029.95,17931.0,17965.0,854625
1417070700000,17967.6,18049.0,17888.75,18021.0,1272625
1417081500000,18024.85,18028.0,18010.0,18021.9,248375
1417146300000,18278.0,18725.0,18200.0,18720.0,2036950
1417157100000,18720.0,18735.95,18643.0,18670.0,853850
1417167900000,18669.85,18675.0,18651.5,18675.0,271500
1417405500000,18705.25,18772.0,18627.05,18706.75,1094375
1417416300000,18709.95,18737.1,18610.35,18640.0,865550
1417427100000,18640.0,18662.5,18630.5,18644.05,187925
1417491900000,18565.05,18690.0,18404.0,18546.15,2736425
1417502700000,18549.7,18714.9,18516.05,18673.25,1022975
1417513500000,18673.25,18682.55,18647.5,18650.1,230825
1417578300000,18670.0,18785.0,18611.1,18768.95,992125
1417589100000,18765.2,18828.55,18682.0,18745.9,955450
1417599900000,18747.75,18749.1,18718.0,18730.05,171550
1417664700000,18820.1,18855.0,18634.0,18688.9,1173275
1417675500000,18687.0,18865.0,18666.2,18836.55,1102175
1417686300000,18835.6,18856.0,18816.3,18840.0,233175
1417751100000,18860.0,18929.5,18790.0,18885.0,976000
1417761900000,18885.0,18924.0,18832.05,18858.0,819600
1417772700000,18857.95,18857.95,18801.0,18805.0,270300
1418010300000,18839.85,18863.45,18765.15,18811.0,693500
1418021100000,18807.1,18810.95,18582.0,18647.3,1443475
1418031900000,18643.45,18647.4,18582.35,18624.0,277875
1418096700000,18562.15,18669.7,18520.85,18584.6,1142300
1418107500000,18581.2,18586.9,18346.3,18390.0,1607425
1418118300000,18387.1,18434.0,18375.0,18422.0,224750
1418183100000,18324.85,18564.9,18321.0,18562.8,1296075
1418193900000,18561.1,18650.9,18525.1,18595.0,1303475
1418204700000,18594.6,18625.0,18594.6,18615.3,226575
1418269500000,18615.3,18615.3,18306.0,18358.95,1671650
1418280300000,18355.35,18630.0,18355.35,18520.3,1844500
1418291100000,18524.0,18524.0,18465.55,18505.0,271075
1418355900000,18505.0,18620.0,18434.6,18485.05,1184100
1418366700000,18483.85,18538.0,18343.3,18403.25,1270675
1418377500000,18400.5,18450.0,18395.0,18411.0,246850
1418615100000,18295.5,18559.0,18295.5,18536.0,1534575
1418625900000,18535.35,18540.0,18402.0,18488.0,978700
1418636700000,18489.0,18524.95,18471.0,18520.0,230475
1418701500000,18398.5,18422.0,17954.4,18060.95,2806025
1418712300000,18056.45,18123.0,17912.0,17940.0,1612250
1418723100000,17940.0,17941.0,17863.3,17920.0,481350
1418787900000,17860.0,18034.95,17600.0,17973.95,3310725
1418798700000,17974.0,18136.7,17850.75,17959.75,1917700
1418809500000,17956.0,17975.0,17910.05,17974.9,265550
1418874300000,18349.9,18385.0,18158.0,18209.65,1681700
1418885100000,18209.65,18395.0,18200.0,18386.1,1278650
1418895900000,18386.15,18425.0,18377.9,18421.6,270800
1418960700000,18600.05,18600.05,18447.0,18533.0,1708750
1418971500000,18531.0,18582.95,18461.5,18499.15,1261900
1418982300000,18499.5,18519.95,18490.05,18514.0,239350
1419219900000,18575.0,18575.1,18410.0,18449.95,984950
1419230700000,18449.95,18772.0,18446.05,18765.0,1491175
1419241500000,18764.65,18819.95,18758.2,18807.3,316850
1419306300000,18815.1,18940.0,18702.0,18703.0,1824200
1419317100000,18702.0,18739.85,18570.0,18630.0,1753625
1419327900000,18628.0,18640.35,18606.6,18617.0,193100
1419392700000,18647.4,18683.85,18525.2,18576.0,1055125
1419403500000,18571.05,18716.6,18533.0,18539.15,1441925
1419414300000,18539.1,18545.0,18521.25,18537.0,301550
1419565500000,18825.0,18870.0,18715.0,18755.5,1001700
1419576300000,18752.2,18777.0,18615.0,18756.15,1018300
1419587100000,18759.5,18768.0,18740.0,18743.05,152400
1419824700000,18788.85,18870.0,18751.65,18795.0,824725
1419835500000,18794.0,18814.95,18668.6,18681.05,758550
1419846300000,18682.0,18694.75,18666.0,18670.05,165350
1419911100000,18702.5,18725.0,18582.25,18624.0,689600
1419921900000,18622.1,18810.0,18602.5,18803.0,1171075
1419932700000,18802.2,18843.0,18789.0,18839.65,291150
1419997500000,18828.95,18920.0,18806.7,18871.0,785375
1420008300000,18868.0,18960.0,18840.0,18905.0,693700
1420019100000,18907.7,18913.9,18880.0,18889.95,167175
1420083900000,18861.35,18889.9,18775.0,18875.0,612000
1420094700000,18875.0,18929.95,18850.0,18898.0,412125
1420105500000,18898.0,18920.0,18893.6,18915.0,114250
1420170300000,18940.0,19210.0,18917.0,19204.05,1390675
1420181100000,19203.0,19284.0,19163.0,19196.05,1122450
1420191900000,19194.0,19255.0,19192.0,19247.3,239425
1420429500000,19270.05,19281.0,19125.55,19172.75,1125600
1420440300000,19176.0,19213.7,19110.0,19146.0,839225
1420451100000,19146.0,19162.0,19140.0,19140.0,144025
1420515900000,19017.35,19025.0,18705.0,18705.0,2288400
1420526700000,18707.7,18817.0,18475.95,18508.0,1962450
1420537500000,18510.3,18540.05,18480.05,18482.05,311475
1420602300000,18475.0,18592.0,18312.15,18314.95,2071775
1420613100000,18312.15,18487.8,18306.0,18379.0,1490375
1420623900000,18378.8,18470.45,18361.0,18461.0,272700
1420688700000,18670.05,18732.6,18571.3,18654.05,1125675
1420699500000,18655.0,18825.0,18635.2,18778.7,1216350
1420710300000,18778.0,18780.0,18761.5,18779.0,197150
1420775100000,18925.0,18940.0,18605.5,18654.0,1565625
1420785900000,18651.2,18763.75,18522.0,18745.3,1728175
1420796700000,18745.0,18745.2,18644.6,18659.0,248925
1421034300000,18690.0,18864.15,18582.35,18757.05,1321775
1421045100000,18758.6,18919.8,18705.4,18878.9,1160225
1421055900000,18878.8,18905.0,18872.0,18900.0,218600
1421120700000,18965.0,18980.6,18855.5,18896.5,1112600
1421131500000,18895.9,18995.0,18675.0,18774.45,1738900
1421142300000,18775.0,18786.85,18756.0,18775.0,229950
1421207100000,18725.3,18850.0,18642.2,18651.0,1435300
1421217900000,18657.95,18748.85,18566.0,18670.4,1559675
1421228700000,18670.05,18724.0,18660.0,18718.1,223925
1421293500000,19400.15,19517.0,19115.0,19259.7,3476975
1421304300000,19259.95,19410.0,19235.8,19374.0,1196600
1421315100000,19371.5,19377.0,19190.0,19219.4,531325
1421379900000,19249.95,19335.35,19125.95,19262.5,1428775
1421390700000,19264.85,19344.9,19242.0,19290.05,857100
1421401500000,19290.0,19297.85,19271.65,19290.0,237900
1421639100000,19356.0,19469.8,19323.2,19427.0,1174375
1421649900000,19429.95,19479.75,19381.05,19451.0,691250
1421660700000,19453.0,19467.75,19439.7,19456.95,189825
1421725500000,19501.0,19609.95,19482.7,19588.0,1017050
1421736300000,19588.15,19870.95,19585.3,19800.55,1609050
1421747100000,19802.35,19840.0,19793.15,19815.0,263350
1421811900000,19854.95,20010.0,19830.25,19910.0,1639025
1421822700000,19910.0,19953.0,19860.0,19905.0,716800
1421833500000,19905.0,19905.0,19871.2,19875.0,221975
1421898300000,19934.0,19973.0,19830.05,19952.0,1151000
1421909100000,19952.0,19963.75,19871.0,19945.0,853850
1421919900000,19944.0,20007.9,19936.8,19990.0,358025
1421984700000,20149.95,20188.0,19990.3,20091.45,1820200
1421995500000,20091.45,20175.0,20085.1,20122.3,1148425
1422006300000,20122.3,20126.0,20080.0,20101.0,293850
1422330300000,20200.0,20269.0,20122.0,20224.75,1510425
1422341100000,20221.0,20650.0,20208.0,20624.2,1478650
1422351900000,20622.8,20622.8,20559.75,20575.0,369325
1422416700000,20548.85,20786.0,20491.0,20773.0,1780200
1422427500000,20776.6,20934.0,20426.0,20490.0,2532650
1422438300000,20488.7,20493.95,20439.45,20451.55,206625
1422503100000,20411.3,20489.4,20336.0,20472.65,1218125
1422513900000,20472.0,20600.25,20363.25,20544.75,1511600
1422524700000,20544.6,20544.6,20523.95,20530.0,269325
1422589500000,20740.0,20740.0,20140.0,20173.85,2006125
1422600300000,20168.85,20270.0,19891.3,20009.05,1789400
1422611100000,20012.95,20017.0,19965.1,20000.0,235700
1422848700000,19855.0,19926.35,19735.0,19782.8,1206825
1422859500000,19782.0,20172.4,19745.0,20039.9,1791425
1422870300000,20038.9,20091.0,20025.05,20085.1,232750
1422935100000,20114.45,20140.0,19575.0,19636.55,2745000
1422945900000,19636.6,19705.0,19516.0,19551.1,1603950
1422956700000,19554.7,19554.7,19423.7,19443.9,442725
1423021500000,19489.9,19538.85,19245.0,19371.85,1939925
1423032300000,19370.0,19509.95,19300.1,19300.1,1272675
1423043100000,19303.05,19305.0,19220.0,19260.0,347775
1423107900000,19343.3,19424.9,19225.55,19328.1,1431725
1423118700000,19328.3,19574.9,19061.6,19143.0,2123100
1423129500000,19143.0,19150.0,19071.05,19150.0,332225
1423194300000,19126.1,19210.0,18825.25,19035.0,2267050
1423205100000,19035.0,19130.0,18836.0,18865.0,1349725
1423215900000,18865.95,18902.0,18833.05,18875.75,291050
1423453500000,18702.0,18750.0,18576.1,18635.3,1407750
1423464300000,18637.2,18759.9,18486.1,18496.0,1296225
1423475100000,18493.5,18500.0,18456.75,18475.0,293375
1423539900000,18349.95,19025.0,18294.3,18841.9,2896775
1423550700000,18840.0,18886.85,18478.15,18790.0,2391925
1423561500000,18793.0,18910.0,18780.0,18900.2,240375
1423626300000,19015.15,19138.65,18950.0,19085.0,1300375
1423637100000,19085.0,19170.0,19010.0,19047.15,1195050
1423647900000,19050.85,19065.0,19025.0,19056.0,188625
1423712700000,19150.15,19155.95,18834.0,18873.0,1523000
1423723500000,18872.25,19285.0,18801.0,19272.2,1902300
1423734300000,19270.0,19280.05,19220.0,19256.35,298625
1423799100000,19400.15,19460.0,19221.0,19394.8,1538525
1423809900000,19395.0,19549.0,19334.9,19469.05,1316275
1423820700000,19468.0,19468.0,19416.25,19454.05,268650
1424058300000,19549.95,19610.0,19326.0,19361.3,1769850
1424069100000,19364.8,19492.0,19266.95,19271.95,1109425
1424079900000,19270.65,19270.65,19211.0,19244.95,371300
1424231100000,19260.0,19399.8,19222.45,19277.55,1189425
1424241900000,19277.05,19485.0,19271.0,19377.9,1313450
1424252700000,19377.9,19405.05,19340.55,19405.0,181150
1424317500000,19397.2,19450.0,19051.3,19106.0,2005550
1424328300000,19106.7,19300.0,18915.15,19294.3,2033775
1424339100000,19300.0,19346.0,19258.1,19290.0,437325
1424403900000,19249.0,19343.4,18926.0,19226.0,2538750
1424414700000,19223.2,19379.8,19116.3,19129.95,1729200
1424425500000,19130.0,19140.0,19049.85,19095.0,385325
1424663100000,19199.95,19252.0,19067.5,19150.0,1143100
1424673900000,19149.85,19186.0,18930.0,18938.0,1504400
1424684700000,18936.1,18939.9,18835.0,18842.1,409825
1424749500000,18879.9,18950.0,18723.6,18908.15,1774100
1424760300000,18907.0,19039.4,18782.0,18916.2,1853050
1424771100000,18918.7,18918.7,18861.15,18889.0,234750
1424835900000,18950.45,19090.8,18950.0,18981.0,1439950
1424846700000,18983.2,19022.0,18711.15,18762.0,1873300
1424857500000,18764.7,18770.0,18710.0,18740.0,244900
1424922300000,18762.65,18786.95,18628.0,18683.8,1272100
1424933100000,18683.8,18709.0,18480.0,18519.0,1967975
1424943900000,18522.95,18542.65,18519.0,18536.1,371900
1425008700000,18795.25,19049.0,18760.0,19040.0,1690900
1425019500000,19040.0,19245.0,18975.45,19237.0,1803550
1425030300000,19238.95,19250.0,19200.0,19250.0,306875
1425095100000,19460.55,19494.0,19109.2,19378.5,2449425
1425105900000,19379.75,19866.0,19150.3,19850.0,4169400
1425116700000,19850.0,19949.4,19835.0,19943.8,560000
1425267900000,20150.15,20200.0,19883.0,19953.7,2471075
1425278700000,19952.0,20245.0,19904.0,20190.0,1916750
1425289500000,20190.0,20204.15,20152.6,20175.0,263950
1425354300000,20055.0,20199.0,19955.0,20031.0,1595725
1425365100000,20035.0,20150.0,20012.05,20095.0,1050500
1425375900000,20097.85,20141.0,20086.0,20130.3,233000
1425440700000,20627.0,20740.0,20123.0,20206.05,3014250
1425451500000,20211.95,20319.85,19726.85,19775.1,2549725
1425462300000,19775.1,19775.1,19673.2,19718.95,449300
1425527100000,19701.55,19850.0,19640.0,19752.0,1716850
1425537900000,19754.95,19994.0,19512.0,19973.25,2393475
1425548700000,19970.15,19988.0,19876.5,19920.0,332225
1425872700000,19695.0,19746.0,19405.0,19471.95,1600525
1425883500000,19468.95,19485.85,19255.0,19269.9,1495675
1425894300000,19265.05,19272.0,19221.0,19227.5,304725
1425959100000,19275.15,19394.0,19155.0,19286.4,1569975
1425969900000,19286.95,19344.0,19001.0,19205.15,1889475
1425980700000,19204.9,19223.4,19156.75,19210.0,263275
1426045500000,19172.1,19290.5,19011.4,19160.55,1682625
1426056300000,19161.1,19321.0,19085.5,19180.0,1825350
1426067100000,19179.7,19216.95,19150.25,19216.95,217550
1426131900000,19350.0,19374.9,19226.45,19248.75,1094125
1426142700000,19250.0,19335.0,19211.0,19293.0,902525
1426153500000,19291.25,19299.0,19250.05,19259.0,201500
1426218300000,19390.0,19500.0,18925.0,19015.1,2469225
1426229100000,19017.4,19062.7,18820.0,18855.05,1666525
1426239900000,18856.0,18905.0,18846.15,18904.0,333650
1426477500000,18900.0,18989.0,18807.1,18886.95,1474225
1426488300000,18881.0,19040.0,18780.25,18946.25,1511000
1426499100000,18950.4,19025.35,18940.3,19020.1,268725
1426563900000,19135.05,19174.0,18953.0,18986.95,1952700
1426574700000,18980.15,19185.0,18859.25,19140.6,1871675
1426585500000,19142.05,19200.0,19131.1,19174.9,328575
1426650300000,19154.5,19320.0,19022.0,19288.0,1778150
1426661100000,19290.0,19347.7,19173.05,19285.65,1618650
1426671900000,19280.95,19292.7,19208.0,19210.95,241075
1426736700000,19440.0,19466.85,19285.1,19342.25,1581975
1426747500000,19334.9,19364.45,18805.0,18849.8,2146050
1426758300000,18848.0,18864.55,18772.0,18800.1,426225
1426823100000,18825.05,18860.0,18660.0,18749.5,1955425
1426833900000,18747.7,18828.0,18641.0,18675.1,1544950
1426844700000,18674.05,18708.95,18619.0,18703.9,360700
1427082300000,18774.95,18774.95,18595.2,18693.05,1294725
1427093100000,18693.1,18700.0,18507.25,18521.25,1564200
1427103900000,18523.65,18525.0,18455.2,18492.85,333425
1427168700000,18403.75,18579.0,18403.75,18473.0,1596075
1427179500000,18474.0,18619.9,18325.0,18400.1,2745600
1427190300000,18400.0,18403.4,18372.0,18390.0,199950
1427255100000,18420.05,18461.9,18339.6,18412.0,1264475
1427265900000,18411.95,18474.0,18311.1,18325.1,1179950
1427276700000,18329.1,18347.0,18290.0,18306.8,219625
1427341500000,18190.0,18250.0,18085.0,18121.5,1647500
1427352300000,18119.95,18135.0,17710.0,17824.95,2397725
1427363100000,17826.2,17834.0,17805.0,17830.0,446750
1427427900000,18150.05,18206.9,17966.35,18018.35,1569050
1427438700000,18020.0,18325.0,17935.0,18284.0,2230450
1427449500000,18285.0,18316.95,18271.25,18315.0,236400
1427687100000,18387.0,18419.0,18235.0,18265.0,1072750
1427697900000,18264.0,18550.0,18244.85,18538.85,1436450
1427708700000,18540.0,18549.0,18511.25,18542.0,201325
1427773500000,18694.75,18775.0,18405.55,18575.0,1106600
1427784300000,18577.95,18624.0,18256.0,18325.45,1739625
1427795100000,18325.05,18345.8,18283.75,18290.0,218575
1427859900000,18250.0,18430.0,18226.15,18358.0,1236100
1427870700000,18360.0,18724.0,18358.05,18701.0,1838900
1427881500000,18699.65,18775.0,18698.05,18745.0,327800
1428291900000,18767.75,18800.0,18524.0,18532.9,1354975
1428302700000,18533.85,18764.35,18530.1,18650.3,1337375
1428313500000,18651.95,18690.0,18650.0,18660.0,165525
1428378300000,18696.3,18729.9,18477.0,18515.0,2352900
1428389100000,18520.05,18575.65,18404.0,18570.65,1558325
1428399900000,18574.0,18625.0,18546.55,18625.0,287000
1428464700000,18675.15,18698.0,18460.1,18639.8,1479675
1428475500000,18636.2,18649.75,18465.1,18509.55,1168975
1428486300000,18506.0,18527.0,18495.65,18523.0,189150
1428551100000,18599.75,18869.9,18475.0,18826.1,2564150
1428561900000,18829.85,18979.9,18687.85,18961.75,2521825
1428572700000,18962.0,18985.25,18944.75,18947.0,310750
1428637500000,18910.0,18968.0,18849.25,18935.0,1165150
1428648300000,18934.9,18949.0,18809.0,18858.05,1003675
1428659100000,18855.25,18869.0,18836.35,18847.85,175300
1428896700000,18896.05,18925.0,18775.2,18919.0,945625
1428907500000,18919.0,18975.4,18820.0,18858.15,1062475
1428918300000,18858.15,18859.75,18837.1,18844.7,182850
1429069500000,18905.0,19084.0,18875.0,19044.6,1298250
1429080300000,19042.5,19109.65,18650.0,18680.0,1648900
1429091100000,18680.0,18733.75,18655.0,18715.0,365725
1429155900000,18731.35,18770.0,18540.0,18631.55,1607750
1429166700000,18633.0,18745.0,18550.85,18690.0,1695775
1429177500000,18695.0,18695.0,18627.0,18642.35,230400
1429242300000,18650.0,18650.0,18460.0,18530.05,1404300
1429253100000,18530.0,18574.0,18382.0,18391.45,1238425
1429263900000,18390.0,18420.0,18377.0,18415.0,283800
1429501500000,18441.05,18554.95,18334.95,18506.0,1518475
1429512300000,18506.0,18535.0,17992.4,18157.35,2230975
1429523100000,18158.1,18185.0,18125.0,18173.3,300975
1429587900000,18144.8,18359.95,18074.65,18262.9,1905250
1429598700000,18262.85,18348.0,18080.0,18125.3,1456925
1429609500000,18128.0,18242.7,18120.5,18229.95,312425
1429674300000,18253.35,18315.0,18130.1,18161.55,1246525
1429685100000,18161.55,18334.0,17840.25,18333.0,3224550
1429695900000,18334.0,18352.1,18290.05,18315.6,317875
1429760700000,18448.5,18470.0,18187.0,18252.2,2004600
1429771500000,18251.4,18415.0,18151.0,18275.0,1951950
1429782300000,18267.9,18284.75,18239.0,18262.0,211325
1429847100000,18288.35,18292.2,17980.0,18077.5,1664775
1429857900000,18077.5,18133.85,17926.0,18040.0,1319375
1429868700000,18039.45,18109.0,18025.5,18060.0,345250
1430106300000,18100.0,18150.0,17850.0,17903.45,1568025
1430117100000,17908.85,17964.9,17756.0,17806.0,1382925
1430127900000,17804.5,17822.0,17785.7,17796.05,262500
1430192700000,17790.05,18145.0,17771.4,18005.05,2187775
1430203500000,18005.0,18341.9,17970.0,18266.0,1790125
1430214300000,18265.1,18269.5,18175.0,18210.0,335550
1430279100000,18210.0,18388.0,18189.9,18314.9,1526525
1430289900000,18312.0,18425.0,18252.85,18289.05,1486025
1430300700000,18289.05,18348.9,18289.0,18348.9,187825
1430365500000,18283.2,18361.9,18255.1,18299.0,1260275
1430376300000,18299.0,18425.0,18150.0,18329.0,1836525
1430387100000,18326.05,18342.65,18318.8,18339.4,230975
1430711100000,18579.75,18714.7,18522.0,18632.0,1074375
1430721900000,18627.0,18645.0,18407.0,18595.0,1140025
1430732700000,18592.0,18620.0,18581.05,18607.0,175600
1430797500000,18580.0,18655.95,18500.0,18579.75,1128575
1430808300000,18575.0,18610.45,18471.0,18555.55,1092625
1430819100000,18556.0,18570.0,18540.0,18560.0,150025
1430883900000,18510.0,18548.8,17976.0,18046.1,2729350
1430894700000,18050.0,18073.75,17841.0,17862.45,1728275
1430905500000,17859.0,17874.9,17800.0,17817.95,372175
1430970300000,17762.1,17788.7,17573.1,17573.1,1942300
1430981100000,17577.2,17587.75,17286.1,17470.0,2347975
1430991900000,17472.85,17493.6,17380.0,17384.0,243475
1431056700000,17520.1,17790.9,17520.1,17674.8,1790050
1431067500000,17674.8,17966.0,17650.0,17789.7,1875225
1431078300000,17785.2,17822.0,17761.5,17799.0,219350
1431315900000,17930.0,18191.0,17861.0,18149.05,1846425
1431326700000,18155.15,18268.0,18105.0,18218.0,1011050
1431337500000,18219.0,18235.95,18185.2,18209.45,213150
1431402300000,18122.55,18187.15,17651.1,17691.05,2207150
1431413100000,17691.0,17757.95,17586.0,17595.1,1219250
1431423900000,17597.5,17639.7,17590.0,17601.1,255875
1431488700000,17725.5,18059.5,17648.0,17740.5,2933325
1431499500000,17739.5,18159.0,17725.05,18102.0,2002275
1431510300000,18112.55,18134.0,18083.0,18130.1,249175
1431575100000,18089.0,18094.0,17785.25,18015.0,1933300
1431585900000,18016.95,18185.0,17893.75,18149.15,1537125
1431596700000,18152.85,18167.85,18121.0,18160.05,208525
1431661500000,18180.0,18258.6,18101.0,18214.55,1257750
1431672300000,18214.95,18240.0,18060.0,18151.0,928150
1431683100000,18150.0,18168.45,18145.05,18160.0,183450
1431920700000,18247.0,18299.9,18176.1,18267.9,1036650
1431931500000,18267.95,18430.0,18230.9,18412.95,1160525
1431942300000,18411.7,18424.8,18384.0,18395.0,269700
1432007100000,18286.1,18480.0,18270.0,18471.0,1296625
1432017900000,18470.1,18545.0,18289.0,18368.05,1783500
1432028700000,18366.95,18373.55,18329.4,18358.0,152925
1432093500000,18420.0,18590.0,18375.0,18504.0,1380175
1432104300000,18506.05,18599.0,18466.0,18524.0,847650
1432115100000,18524.25,18534.9,18501.0,18515.0,222850
1432179900000,18550.0,18580.0,18358.35,18428.5,1416925
1432190700000,18426.0,18535.0,18412.0,18493.3,1071625
1432201500000,18493.0,18523.15,18490.25,18519.95,247650
1432266300000,18511.2,18685.0,18020.0,18668.35,1249300
1432277100000,18669.9,18725.0,18405.0,18409.8,2172125
1432287900000,18408.75,18416.0,18295.9,18340.0,485450
1432525500000,18340.0,18435.0,18280.1,18409.25,900575
1432536300000,18404.55,18414.4,18255.95,18300.0,1068650
1432547100000,18300.0,18303.0,18264.05,18269.9,177550
1432611900000,18417.65,18417.65,18180.0,18276.25,1060200
1432622700000,18275.0,18287.0,18189.05,18257.25,817025
1432633500000,18257.25,18324.95,18254.0,18322.6,303100
1432698300000,18279.9,18448.8,18196.3,18415.0,1667600
1432709100000,18414.95,18525.0,18390.85,18499.35,1275600
1432719900000,18502.65,18534.9,18499.35,18528.1,249675
1432784700000,18524.3,18644.0,18440.05,18446.0,1545425
1432795500000,18446.45,18487.0,18375.0,18443.3,1356625
1432806300000,18443.0,18454.0,18433.95,18447.6,228225
1432871100000,18525.5,18693.0,18478.0,18670.0,1377825
1432881900000,18669.0,18789.9,18605.35,18759.8,1110750
1432892700000,18759.0,18784.5,18740.0,18772.5,306100
1433130300000,18725.0,18870.0,18699.25,18743.0,1206775
1433141100000,18737.65,18771.1,18625.1,18659.45,870525
1433151900000,18657.0,18662.75,18621.05,18639.7,212325
1433216700000,18774.0,18774.0,18252.3,18335.0,2847900
1433227500000,18335.0,18363.0,17940.0,17940.0,2097475
1433238300000,17943.95,17949.95,17891.3,17920.1,367100
1433303100000,17851.0,17915.0,17555.0,17679.95,2202600
1433313900000,17675.05,17767.55,17573.05,17680.0,1370725
1433324700000,17680.0,17791.0,17677.2,17785.0,328450
1433389500000,17785.0,17828.7,17660.25,17720.0,1316675
1433400300000,17714.05,17817.05,17475.0,17745.05,2341675
1433411100000,17746.3,17772.65,17725.0,17747.0,189175
1433475900000,17688.3,17820.0,17633.3,17783.95,1210900
1433486700000,17783.35,17794.0,17540.4,17554.9,1614275
1433497500000,17553.65,17556.75,17490.25,17522.0,321350
1433735100000,17519.95,17580.0,17369.2,17407.0,1124425
1433745900000,17409.35,17520.65,17335.0,17423.0,1291575
1433756700000,17423.05,17429.0,17379.0,17398.0,231150
1433821500000,17352.0,17549.65,17352.0,17472.0,1387250
1433832300000,17471.0,17530.0,17390.25,17513.0,1014350
1433843100000,17513.0,17523.9,17471.0,17474.0,218775
1433907900000,17495.55,17719.5,17465.0,17697.7,1320825
1433918700000,17696.1,17775.0,17603.1,17676.0,1380450
1433929500000,17674.45,17697.0,17646.0,17671.0,246050
1433994300000,17800.1,17800.1,17370.0,17423.2,2237825
1434005100000,17427.15,17460.0,17262.5,17295.5,1666825
1434015900000,17293.5,17304.75,17236.2,17245.0,316450
1434080700000,17225.5,17397.0,17138.75,17361.5,1932725
1434091500000,17363.6,17539.95,17293.1,17486.0,1657300
1434102300000,17484.0,17518.0,17470.0,17502.8,221075
1434339900000,17480.0,17555.0,17340.0,17425.55,1512525
1434350700000,17425.0,17518.1,17320.05,17422.05,1294625
1434361500000,17421.6,17447.65,17389.1,17397.0,194875
1434426300000,17358.8,17389.95,17275.0,17332.1,1192075
1434437100000,17335.8,17599.9,17297.0,17578.0,1526275
1434447900000,17577.0,17632.0,17563.1,17621.05,264450
1434512700000,17677.45,17689.0,17534.4,17582.15,1029050
1434523500000,17582.15,17625.75,17475.0,17521.8,1478675
1434534300000,17520.0,17535.0,17507.75,17524.15,187350
1434599100000,17649.85,17750.0,17564.0,17708.05,1479375
1434609900000,17710.05,17736.95,17640.0,17684.0,1275725
1434620700000,17685.0,17694.9,17665.1,17690.0,201675
1434685500000,17979.9,17979.9,17650.0,17781.25,1219375
1434696300000,17786.7,17872.85,17726.05,17844.0,1054500
1434707100000,17841.1,17921.95,17841.1,17915.05,337000
1434944700000,18000.0,18350.0,17926.0,18338.0,2464775
1434955500000,18338.0,18399.0,18292.0,18304.2,1363325
1434966300000,18305.0,18345.0,18300.0,18345.0,310575
1435031100000,18400.0,18480.0,18255.25,18366.75,2045725
1435041900000,18362.0,18440.45,18342.55,18398.2,1247900
1435052700000,18399.05,18403.45,18370.0,18400.0,272800
1435117500000,18375.35,18438.2,18330.0,18410.0,1216150
1435128300000,18409.95,18490.0,18311.95,18311.95,1326100
1435139100000,18313.05,18329.6,18288.45,18309.8,397125
1435203900000,18300.0,18379.25,18269.55,18376.0,1078725
1435214700000,18376.0,18545.0,18344.1,18496.5,1721175
1435225500000,18493.3,18500.0,18485.1,18496.9,303800
1435290300000,18475.0,18475.0,18226.4,18244.8,1593625
1435301100000,18244.25,18409.9,18170.0,18347.9,1632050
1435311900000,18349.95,18369.95,18345.95,18357.2,179850
1435549500000,18003.5,18016.4,17791.1,17839.95,1650925
1435560300000,17836.9,18250.0,17825.0,18183.85,2150200
1435571100000,18180.0,18272.0,18180.0,18240.0,256825
1435635900000,18191.05,18337.75,18063.0,18180.3,1294050
1435646700000,18180.3,18349.9,18040.55,18304.95,1793875
1435657500000,18305.0,18316.75,18265.0,18280.0,214425
1435722300000,18284.5,18395.0,18230.15,18375.0,1467400
1435733100000,18374.95,18615.6,18351.6,18544.6,1953025
1435743900000,18540.5,18564.0,18537.0,18550.0,257775
1435808700000,18610.0,18627.75,18491.7,18565.0,1208750
1435819500000,18564.9,18620.0,18505.55,18557.2,977300
1435830300000,18561.95,18590.0,18546.05,18585.0,206125
1435895100000,18540.0,18699.9,18518.0,18660.0,1313075
1435905900000,18658.4,18725.0,18570.0,18691.05,1120975
1435916700000,18691.05,18750.0,18690.0,18750.0,319625
1436154300000,18549.0,18570.0,18412.2,18537.0,1560450
1436165100000,18535.7,18869.9,18518.0,18852.0,1995250
1436175900000,18850.55,18890.0,18843.0,18870.0,320000
1436240700000,18850.0,18996.3,18825.05,18879.05,1479875
1436251500000,18879.05,18917.9,18702.0,18814.0,1422775
1436262300000,18812.15,18829.45,18805.0,18820.6,180875
1436327100000,18594.7,18694.2,18409.0,18465.6,2329300
1436337900000,18465.0,18650.0,18415.0,18510.0,1725275
1436348700000,18510.2,18515.0,18480.0,18499.95,234825
1436413500000,18538.4,18607.65,18436.0,18519.55,1269150
1436424300000,18519.55,18650.0,18493.1,18561.5,1073400
1436435100000,18558.05,18585.65,18551.05,18581.0,178775
1436499900000,18629.0,18698.0,18581.0,18627.0,1145400
1436510700000,18626.05,18839.6,18613.0,18804.0,1717550
1436521500000,18803.7,18815.05,18775.05,18779.0,240000
1436759100000,18822.0,18847.7,18701.0,18745.0,1035000
1436769900000,18748.65,19019.75,18744.2,18973.0,2038150
1436780700000,18974.0,18979.9,18962.5,18974.85,177825
1436845500000,18939.0,19008.7,18815.0,18881.75,1760950
1436856300000,18880.0,18938.0,18840.0,18881.0,904375
1436867100000,18876.2,18884.0,18801.0,18808.0,291500
1436931900000,18858.0,18960.0,18819.75,18927.0,1061175
1436942700000,18926.45,18929.0,18825.2,18880.0,979800
1436953500000,18880.0,18900.0,18875.8,18895.0,190850
1437018300000,18937.45,19080.1,18886.35,19073.3,1470075
1437029100000,19076.55,19249.0,19056.3,19223.0,1762775
1437039900000,19224.0,19250.0,19215.05,19221.05,295950
1437104700000,19150.0,19280.0,19102.5,19193.0,1219450
1437115500000,19191.0,19242.7,19125.05,19140.0,877075
1437126300000,19144.85,19160.15,19130.0,19159.0,173375
1437363900000,19149.6,19190.0,18907.0,18927.7,1432200
1437374700000,18928.0,19151.5,18876.0,19085.0,1419825
1437385500000,19085.0,19098.65,19071.05,19088.0,163675
1437450300000,19075.0,19148.0,18980.0,19027.05,1212550
1437461100000,19029.85,19067.6,18735.85,18748.0,1620900
1437471900000,18748.0,18780.0,18744.4,18765.0,251575
1437536700000,18725.0,18947.6,18661.0,18930.0,1691900
1437547500000,18930.05,19114.2,18890.25,19045.05,1527575
1437558300000,19045.0,19072.0,19041.5,19057.55,221100
1437623100000,19042.2,19144.0,18876.1,18960.0,1605200
1437633900000,18960.0,19054.95,18852.6,18904.2,1344825
1437644700000,18904.2,18920.0,18894.5,18900.0,170275
1437709500000,18875.7,18907.8,18805.0,18860.95,882150
1437720300000,18860.55,18878.85,18646.8,18678.0,1446050
1437731100000,18678.95,18694.9,18664.0,18682.2,220550
1437968700000,18600.0,18600.0,18340.85,18360.45,1546100
1437979500000,18360.65,18364.95,18215.0,18223.05,1395325
1437990300000,18223.05,18276.45,18218.5,18265.0,295775
1438055100000,18338.75,18395.9,18230.65,18347.0,1384650
1438065900000,18345.05,18410.7,18191.1,18321.15,1568300
1438076700000,18320.1,18340.0,18300.15,18328.9,226775
1438141500000,18330.0,18405.0,18262.0,18286.0,1049900
1438152300000,18283.0,18380.0,18276.65,18333.9,961150
1438163100000,18330.3,18337.0,18319.45,18332.65,164825
1438227900000,18397.45,18509.7,18366.65,18491.95,1141200
1438238700000,18491.95,18519.0,18351.1,18435.7,1387025
1438249500000,18438.9,18443.5,18432.85,18439.15,240625
1438314300000,18586.0,18789.0,18545.0,18785.05,1406000
1438325100000,18785.3,18918.0,18750.2,18852.65,1294875
1438335900000,18850.1,18853.15,18802.0,18815.5,253050
1438573500000,18835.0,19070.0,18835.0,19044.0,1182475
1438584300000,19041.05,19057.7,18935.8,18982.45,915350
1438595100000,18982.45,18984.85,18931.1,18936.0,257150
1438659900000,18975.0,19139.0,18820.0,18976.0,2693850
1438670700000,18976.0,19049.45,18810.0,19030.95,1490375
1438681500000,19030.95,19093.15,19025.0,19080.0,271375
1438746300000,19125.15,19158.0,19000.9,19003.4,1179200
1438757100000,19000.55,19093.45,18931.0,19022.0,1047875
1438767900000,19021.65,19046.0,18990.05,19035.0,207225
1438832700000,19043.0,19043.0,18890.0,18954.6,912000
1438843500000,18956.0,19194.0,18949.1,19113.35,1512575
1438854300000,19115.0,19125.8,19076.5,19102.0,215925
1438919100000,19053.0,19079.0,18970.0,19005.0,897625
1438929900000,19005.0,19044.7,18920.1,18981.05,843650
1438940700000,18981.0,19010.0,18970.35,18997.0,199125
1439178300000,18900.55,19149.9,18900.55,19133.25,1012400
1439189100000,19135.0,19148.0,18911.5,18927.95,1153325
1439199900000,18928.0,18990.0,18845.0,18874.0,385700
1439264700000,18998.0,18999.0,18853.1,18897.95,1141750
1439275500000,18899.65,18935.0,18630.0,18675.0,2156650
1439286300000,18676.05,18706.95,18665.75,18700.0,198825
1439351100000,18550.5,18600.0,18425.95,18490.0,1688475
1439361900000,18490.05,18494.7,18094.4,18117.95,2104825
1439372700000,18117.95,18167.95,18105.0,18150.0,319475
1439437500000,18250.0,18410.0,18152.15,18155.0,1546425
1439448300000,18155.0,18362.6,18135.05,18242.0,1512450
1439459100000,18242.0,18318.0,18225.0,18318.0,229625
1439523900000,18349.0,18576.8,18222.0,18542.0,1983600
1439534700000,18542.85,18810.0,18522.25,18792.2,1933050
1439545500000,18792.2,18840.0,18792.2,18798.35,357475
1439783100000,18821.0,18939.4,18611.2,18830.25,1766100
1439793900000,18828.0,18914.8,18790.75,18861.0,1314450
1439804700000,18864.0,18868.0,18811.0,18825.0,210275
1439869500000,18878.3,18895.0,18635.4,18674.0,1577075
1439880300000,18674.15,18870.0,18614.0,18823.2,1558750
1439891100000,18823.45,18830.0,18802.05,18803.0,221700
1439955900000,18799.85,18837.15,18685.0,18780.0,1216525
1439966700000,18781.65,18792.0,18650.55,18715.35,924350
1439977500000,18713.15,18746.0,18713.0,18743.85,165650
1440042300000,18624.85,18743.0,18592.0,18649.95,1251700
1440053100000,18649.95,18659.95,18240.75,18311.2,2416825
1440063900000,18311.25,18333.0,18301.55,18325.0,241875
1440128700000,18055.35,18099.75,17855.0,17906.2,2158800
1440139500000,17906.1,18127.55,17870.0,18098.4,1722850
1440150300000,18095.8,18111.95,18031.3,18044.95,244725
1440387900000,17475.15,17499.7,17052.15,17132.05,3522100
1440398700000,17133.65,17170.0,16680.0,16820.0,2358975
1440409500000,16820.15,16835.0,16684.95,16699.95,333850
1440474300000,16974.0,17113.3,16642.6,16882.3,2474675
1440485100000,16882.05,17199.0,16861.1,17166.95,1949925
1440495900000,17169.0,17275.0,17154.0,17235.0,290350
1440560700000,16936.0,17172.0,16875.25,16957.0,2060100
1440571500000,16953.8,17118.5,16884.0,16935.0,1443675
1440582300000,16933.0,16972.4,16900.0,16901.0,175300
1440647100000,17149.85,17220.0,17057.0,17104.45,1720075
1440657900000,17107.9,17249.0,17090.05,17200.0,1716275
1440668700000,17200.0,17214.95,17195.55,17213.15,246900
1440733500000,17551.35,17660.9,17420.1,17597.25,1580925
1440744300000,17601.8,17649.85,17152.3,17298.0,2457600
1440755100000,17297.35,17307.0,17245.0,17249.7,196800
1440992700000,17201.05,17430.0,17090.35,17324.9,1685200
1441003500000,17324.85,17389.0,17150.0,17195.0,1220725
1441014300000,17193.0,17215.0,17185.0,17195.0,188150
1441079100000,17025.25,17025.25,16763.0,16781.0,2161175
1441089900000,16785.0,16794.0,16455.0,16557.05,2323450
1441100700000,16557.1,16619.95,16543.35,16545.25,300575
1441165500000,16748.0,16779.0,16283.0,16408.05,3029350
1441176300000,16410.0,16485.0,16230.0,16290.1,1823875
1441187100000,16292.0,16330.0,16275.0,16287.0,276825
1441251900000,16320.2,16549.9,16305.0,16510.0,1818300
1441262700000,16511.4,16630.0,16362.05,16567.0,2063800
1441273500000,16567.05,16600.15,16548.0,16572.0,208000
1441338300000,16455.35,16490.0,15917.35,16099.0,3178925
1441349100000,16099.35,16190.0,15970.05,16138.0,1571275
1441359900000,16136.05,16174.65,16132.5,16164.9,302875
1441597500000,16200.0,16318.0,16003.0,16165.0,1846625
1441608300000,16170.0,16187.65,15801.0,15830.0,1712375
1441619100000,15826.95,15844.8,15793.05,15801.65,277300
1441683900000,15888.0,16220.0,15833.8,16206.25,2522275
1441694700000,16204.95,16490.9,16170.05,16402.95,2399175
1441705500000,16400.0,16420.0,16381.5,16420.0,284100
1441770300000,16680.0,16759.75,16475.0,16747.3,2758125
1441781100000,16740.5,16788.0,16550.05,16662.0,1793375
1441791900000,16665.6,16667.0,16586.1,16605.0,237375
1441856700000,16315.5,16464.8,16187.35,16400.0,2362300
1441867500000,16401.95,16628.0,16350.35,16628.0,1895675
1441878300000,16628.05,16738.5,16625.0,16738.5,479100
1441943100000,16715.6,16798.6,16610.2,16664.0,1709925
1441953900000,16666.0,16720.8,16510.05,16571.25,1741600
1441964700000,16571.0,16620.0,16551.0,16600.0,254250
1442202300000,16600.3,16795.0,16522.0,16727.0,1611250
1442213100000,16723.05,16967.0,16702.0,16936.0,1671250
1442223900000,16935.15,16950.0,16881.35,16899.3,258725
1442288700000,16899.3,16930.0,16725.0,16742.1,1820400
1442299500000,16743.0,16895.55,16701.0,16762.0,1570300
1442310300000,16762.1,16767.0,16705.0,16723.65,229175
1442375100000,16875.0,16915.0,16780.8,16910.2,1355725
1442385900000,16910.0,17020.0,16910.0,16969.5,1713850
1442396700000,16966.1,16971.0,16941.35,16954.85,332050
1442547900000,17194.0,17642.5,17090.5,17601.25,3309475
1442558700000,17601.1,17623.3,17377.2,17431.2,2147200
1442569500000,17432.0,17447.35,17370.05,17382.0,374150
1442807100000,17200.0,17510.0,17181.65,17475.0,2069725
1442817900000,17480.0,17576.75,17405.25,17520.0,1637950
1442828700000,17518.0,17568.0,17517.25,17561.15,267375
1442893500000,17575.0,17640.0,17485.55,17528.0,1833875
1442904300000,17527.95,17543.0,16955.9,17049.95,3769450
1442915100000,17050.0,17050.0,16920.2,16922.3,442000
1442979900000,16800.0,17137.0,16750.5,17082.95,2805500
1442990700000,17082.95,17309.8,17061.55,17258.75,2614600
1443001500000,17260.0,17325.0,17251.15,17320.0,340425
1443066300000,17222.05,17277.85,17074.15,17175.5,1808300
1443077100000,17175.0,17263.35,17054.15,17185.35,1847200
1443087900000,17183.0,17200.0,17180.75,17196.05,286300
1443411900000,17345.0,17490.0,17252.0,17428.8,1628575
1443422700000,17430.0,17455.6,17152.0,17173.0,1703325
1443433500000,17174.0,17224.85,17168.0,17202.0,238025
1443498300000,16948.9,17349.0,16670.0,17302.05,5071050
1443509100000,17301.0,17569.95,17232.6,17417.9,3020575
1443519900000,17417.25,17424.8,17340.0,17352.9,355600
1443584700000,17485.0,17534.0,17228.9,17289.95,2502325
1443595500000,17289.25,17368.95,17181.95,17310.0,1914775
1443606300000,17309.95,17334.9,17306.1,17324.9,284800
1443671100000,17490.0,17490.0,17216.0,17300.3,1951300
1443681900000,17300.2,17339.5,17185.3,17226.25,1463950
1443692700000,17225.0,17248.0,17205.3,17236.0,258425
1444016700000,17440.05,17649.8,17356.2,17647.7,2310125
1444027500000,17646.3,17742.0,17586.0,17721.05,1557825
1444038300000,17723.95,17744.9,17710.05,17734.9,277375
1444103100000,17825.0,17860.0,17572.3,17596.45,1897600
1444113900000,17597.5,17750.0,17542.0,17661.5,1712950
1444124700000,17663.45,17692.0,17644.35,17675.0,213975
1444189500000,17632.0,17748.5,17557.0,17652.0,1588550
1444200300000,17650.0,17730.0,17585.15,17681.7,1348400
1444211100000,17682.0,17695.0,17680.05,17687.0,211450
1444275900000,17702.2,17702.2,17475.8,17494.0,1919125
1444286700000,17495.85,17580.0,17470.0,17543.95,1197400
1444297500000,17544.2,17568.7,17539.0,17545.0,229100
1444362300000,17700.0,17799.0,17650.0,17700.0,1833625
1444373100000,17699.1,17700.0,17550.05,17647.6,1670100
1444383900000,17647.4,17649.0,17606.0,17608.6,220900
1444621500000,17614.0,17814.95,17550.0,17746.0,1643625
1444632300000,17744.0,17800.0,17611.1,17627.1,1299775
1444643100000,17630.0,17645.0,17598.8,17605.0,246475
1444707900000,17550.0,17675.0,17540.5,17628.0,1338000
1444718700000,17635.0,17688.0,17510.05,17595.0,1500200
1444729500000,17591.65,17610.0,17585.4,17599.0,201200
1444794300000,17500.0,17645.0,17500.0,17598.5,1235900
1444805100000,17595.05,17608.95,17520.0,17573.75,929475
1444815900000,17574.9,17596.0,17573.75,17585.0,183600
1444880700000,17648.0,17820.0,17625.1,17784.75,1674450
1444891500000,17787.0,17793.5,17685.0,17720.0,1158650
1444902300000,17719.1,17761.0,17716.0,17760.0,276475
1444967100000,17765.0,17765.0,17626.0,17651.2,1071925
1444977900000,17652.4,17999.7,17640.1,17963.0,2134975
1444988700000,17963.05,18009.85,17960.0,18001.0,369650
1445226300000,18002.0,18002.0,17860.05,17904.75,1181500
1445237100000,17903.05,17957.1,17850.05,17880.2,923650
1445247900000,17881.0,17891.6,17859.2,17870.0,223100
1445312700000,17883.0,17968.0,17820.0,17915.0,1189775
1445323500000,17914.95,17944.0,17752.0,17815.7,1402850
1445334300000,17815.75,17859.7,17813.0,17820.5,221200
1445399100000,17830.0,17915.6,17730.7,17745.55,1224025
1445409900000,17749.9,17787.1,17560.0,17730.55,2737600
1445420700000,17730.6,17750.0,17697.6,17702.0,282075
1445571900000,17865.0,17950.0,17851.1,17929.0,1684550
1445582700000,17930.7,17996.0,17871.0,17930.0,1478450
1445593500000,17930.0,17949.9,17929.95,17947.05,269600
1445831100000,18025.65,18041.0,17786.0,17836.8,1601300
1445841900000,17835.0,17930.1,17805.0,17827.95,1034600
1445852700000,17829.0,17838.0,17801.0,17810.0,256375
1445917500000,17750.0,17860.0,17712.45,17855.05,1237200
1445928300000,17853.3,17880.0,17801.0,17843.3,921025
1445939100000,17843.3,17850.35,17808.05,17830.0,258050
1446003900000,17650.05,17722.0,17559.9,17584.05,1759275
1446014700000,17587.4,17593.9,17310.1,17412.6,2068150
1446025500000,17413.05,17450.0,17413.0,17443.1,377800
1446090300000,17375.0,17424.9,17265.3,17324.0,1338350
1446101100000,17324.0,17362.75,17210.1,17224.6,1420875
1446111900000,17220.15,17223.0,17199.3,17210.0,306150
1446176700000,17331.95,17488.0,17310.0,17442.15,1291560
1446187500000,17441.0,17460.1,17222.0,17415.0,1772730
1446198300000,17412.05,17440.0,17410.05,17412.0,195210
1446435900000,17396.35,17438.6,17281.0,17310.05,1255350
1446446700000,17310.0,17428.0,17256.0,17404.9,1137030
1446457500000,17405.0,17418.65,17386.45,17391.0,183030
1446522300000,17498.6,17522.0,17435.0,17475.25,1113420
1446533100000,17475.25,17483.1,17306.0,17380.0,1355910
1446543900000,17381.2,17389.85,17346.4,17351.0,250980
1446608700000,17525.0,17525.0,17381.0,17395.0,1081320
1446619500000,17397.75,17449.0,17280.0,17290.0,1111800
1446630300000,17289.95,17292.0,17243.0,17272.0,308730
1446695100000,17257.45,17257.45,17018.2,17136.05,1852140
1446705900000,17135.3,17147.0,17031.1,17055.15,880980
1446716700000,17059.0,17104.0,17056.0,17090.0,267090
1446781500000,17050.0,17220.0,16981.0,17169.15,1611030
1446792300000,17175.1,17240.0,17067.05,17154.85,1067790
1446803100000,17154.0,17200.0,17150.05,17164.7,230820
1447040700000,16698.0,16990.0,16625.0,16921.2,2052690
1447051500000,16922.3,17140.0,16892.05,17053.0,1254540
1447062300000,17053.0,17065.4,17024.35,17036.0,202380
1447127100000,16935.0,17089.0,16925.0,16999.9,1159380
1447137900000,16995.1,17004.8,16833.6,16851.55,1444200
1447148700000,16851.05,16880.0,16831.1,16880.0,238530
1447386300000,16844.85,16975.0,16758.25,16935.0,1237140
1447397100000,16932.15,16999.0,16916.05,16939.2,944430
1447407900000,16939.0,16978.0,16935.9,16965.0,197370
1447645500000,16905.0,17235.0,16893.85,17185.0,1727130
1447656300000,17186.0,17279.0,17125.5,17197.35,1104450
1447667100000,17196.0,17220.0,17195.0,17209.0,213660
1447731900000,17310.35,17317.65,17108.0,17130.0,1442370
1447742700000,17133.0,17244.05,17065.45,17200.0,1147890
1447753500000,17203.0,17203.0,17156.55,17168.0,197730
1447818300000,17150.0,17235.0,17134.0,17176.0,757590
1447829100000,17175.95,17181.9,16800.0,16814.25,2280480
1447839900000,16815.0,16823.75,16787.0,16790.0,306150
1447904700000,16950.1,17049.0,16882.6,17021.0,1366530
1447915500000,17021.5,17149.9,17006.0,17089.95,1191720
1447926300000,17087.15,17127.9,17075.0,17079.25,282120
1447991100000,17028.8,17349.7,16942.0,17273.35,2255130
1448001900000,17275.0,17297.8,17025.0,17040.9,1656720
1448012700000,17040.5,17065.0,17033.15,17059.0,223140
1448250300000,17080.1,17137.8,17030.5,17077.0,996360
1448261100000,17077.65,17115.9,16961.75,17050.0,1391160
1448271900000,17053.9,17067.0,17044.85,17056.1,170280
1448336700000,17018.0,17110.0,16985.4,17043.1,1084680
1448347500000,17043.1,17094.95,16950.0,16991.35,1293780
1448358300000,16991.35,17027.0,16985.0,17020.5,204210
1448509500000,17050.0,17105.0,17015.0,17071.5,1086810
1448520300000,17072.05,17085.0,16970.0,17031.0,1296780
1448531100000,17030.95,17038.0,17026.15,17035.5,252690
1448595900000,17152.0,17425.0,17120.9,17298.1,2033190
1448606700000,17300.0,17449.95,17288.15,17433.0,1155120
1448617500000,17430.05,17444.0,17403.35,17424.05,287070
1448855100000,17390.0,17522.0,17389.45,17490.9,947700
1448865900000,17490.0,17548.0,17455.45,17504.5,949500
1448876700000,17501.0,17508.0,17475.1,17483.0,227820
1448941500000,17510.0,17577.0,17410.55,17546.95,1507290
1448952300000,17544.0,17547.0,17420.0,17472.15,829530
1448963100000,17474.7,17485.0,17464.1,17483.0,182520
1449027900000,17510.05,17530.0,17232.0,17271.95,1640220
1449038700000,17271.9,17325.0,17233.15,17292.0,907590
1449049500000,17290.2,17293.95,17263.0,17283.0,203850
1449114300000,17217.7,17254.5,17168.0,17225.0,943230
1449125100000,17225.15,17314.9,17150.0,17164.4,1022340
1449135900000,17163.7,17170.0,17130.2,17170.0,225180
1449200700000,16968.55,17082.0,16940.0,16969.9,1161420
1449211500000,16969.9,17048.0,16951.95,16977.0,762030
1449222300000,16980.7,17019.0,16975.0,17015.0,288720
1449459900000,17125.0,17125.0,16991.0,17042.0,680160
1449470700000,17042.0,17089.5,16994.0,17026.0,655620
1449481500000,17025.75,17044.7,17020.1,17033.0,158070
1449546300000,16942.8,17030.0,16875.4,16909.0,1032270
1449557100000,16905.0,16965.95,16831.0,16850.0,946050
1449567900000,16850.0,16874.0,16838.2,16866.0,308850
1449632700000,16890.0,16935.0,16761.0,16805.05,1384230
1449643500000,16807.95,16833.35,16666.3,16710.0,1081950
1449654300000,16710.0,16755.0,16710.0,16753.05,215010
1449719100000,16790.0,16811.0,16651.0,16727.7,1113540
1449729900000,16727.0,16825.0,16663.05,16773.95,1162170
1449740700000,16775.9,16780.5,16755.15,16765.0,174870
1449805500000,16808.45,16808.45,16552.3,16555.0,1424670
1449816300000,16553.5,16572.5,16292.7,16384.8,2182530
1449827100000,16384.9,16408.85,16377.25,16399.0,281160
1450064700000,16269.85,16498.8,16255.0,16437.0,1450140
1450075500000,16440.0,16492.85,16289.05,16398.0,1146510
1450086300000,16397.95,16405.0,16363.05,16385.0,201390
1450151100000,16390.0,16405.45,16212.0,16308.0,1381710
1450161900000,16306.75,16444.0,16275.2,16430.4,1151370
1450172700000,16430.1,16431.9,16352.5,16364.0,249210
1450237500000,16450.0,16640.0,16385.65,16615.0,1412070
1450248300000,16615.6,16669.0,16505.0,16564.6,1237710
1450259100000,16559.95,16621.0,16553.2,16617.0,259470
1450323900000,16699.85,16767.0,16539.6,16617.55,1564320
1450334700000,16615.0,16825.0,16580.05,16771.95,1630830
1450345500000,16772.0,16791.8,16758.2,16765.0,278190
1450410300000,16710.0,16778.0,16635.0,16682.95,1320240
1450421100000,16679.0,16741.0,16608.0,16644.05,1183860
1450431900000,16645.0,16659.9,16631.35,16647.0,224520
1450669500000,16650.0,16849.95,16605.35,16785.0,1446270
1450680300000,16789.85,16863.3,16771.15,16827.0,724260
1450691100000,16826.35,16838.0,16791.95,16801.0,259830
1450755900000,16798.35,16883.0,16755.5,16859.15,1034910
1450766700000,16859.15,16937.5,16672.0,16719.0,1635690
1450777500000,16720.3,16727.5,16692.15,16725.55,198960
1450842300000,16770.0,16895.0,16770.0,16854.0,1082400
1450853100000,16853.25,16899.0,16826.0,16846.0,680940
1450863900000,16845.0,16862.65,16842.3,16860.0,185370
1450928700000,16901.0,16930.0,16754.0,16794.05,837270
1450939500000,16795.05,16832.4,16742.4,16818.35,589920
1450950300000,16819.0,16847.0,16814.1,16845.0,264720
1451274300000,16848.0,16925.0,16826.2,16895.5,815880
1451285100000,16895.05,16966.6,16865.0,16925.0,845820
1451295900000,16923.0,16939.95,16923.0,16929.65,183840
1451360700000,16948.7,16959.8,16900.0,16920.0,1193610
1451371500000,16918.2,17025.0,16886.7,17007.0,1226520
1451382300000,17009.3,17025.0,17007.05,17024.0,204570
1451447100000,17035.0,17035.0,16941.0,16962.3,712440
1451457900000,16961.95,16983.7,16885.0,16911.45,867210
1451468700000,16911.5,16936.45,16906.0,16936.45,183810
1451533500000,16903.05,16965.0,16900.0,16951.9,734460
1451544300000,16952.3,16963.5,16923.0,16929.35,802290
1451555100000,16930.0,16932.65,16912.05,16922.0,341550
1451619900000,16909.85,16978.0,16823.0,16903.05,580770
1451630700000,16907.0,17144.85,16870.0,17108.0,1257150
1451641500000,17106.0,17110.0,17081.1,17086.95,162810
1451879100000,16998.0,17000.0,16666.0,16719.75,2238810
1451889900000,16719.75,16723.95,16603.0,16616.2,1008780
1451900700000,16618.9,16643.95,16610.05,16625.0,252720
1451965500000,16695.0,16700.0,16516.65,16601.0,1470330
1451976300000,16604.9,16673.45,16564.15,16577.0,958020
1451987100000,16577.0,16593.0,16565.0,16565.0,182610
1452051900000,16550.0,16625.0,16465.0,16596.0,1374870
1452062700000,16595.15,16659.3,16376.0,16436.15,1488480
1452073500000,16439.0,16472.0,16431.3,16467.0,187260
1452138300000,16296.0,16344.4,16068.0,16091.75,1643610
1452149100000,16088.05,16193.2,16058.0,16103.8,1204200
1452159900000,16106.0,16106.0,16077.8,16080.0,290250
1452224700000,16161.0,16264.0,16126.05,16155.2,1078890
1452235500000,16155.0,16244.0,16127.8,16145.0,804750
1452246300000,16142.15,16172.0,16134.35,16163.0,179250
1452483900000,15932.35,16080.0,15841.4,15935.0,1860360
1452494700000,15934.0,16186.0,15912.0,16021.05,1385190
1452505500000,16020.0,16070.5,16000.35,16070.0,210690
1452570300000,16125.3,16125.3,15784.6,15799.9,1557000
1452581100000,15800.25,15883.2,15723.3,15770.9,1630650
1452591900000,15769.9,15810.0,15757.0,15810.0,249420
1452656700000,15879.8,15961.95,15572.0,15633.4,2278050
1452667500000,15640.0,15974.0,15536.0,15911.0,2407290
1452678300000,15911.0,15915.0,15845.0,15855.0,192330
1452743100000,15619.95,15687.0,15455.0,15658.9,2071620
1452753900000,15658.75,15808.7,15540.2,15609.85,1717320
1452764700000,15610.15,15614.85,15553.0,15560.0,193230
1452829500000,15570.0,15639.0,15510.0,15518.95,1044120
1452840300000,15514.5,15569.95,15161.5,15232.05,1848660
1452851100000,15230.0,15240.0,15184.15,15185.5,304470
1453088700000,15185.0,15347.0,14985.35,15176.25,2593200
1453099500000,15175.95,15293.9,15016.55,15030.0,1313640
1453110300000,15030.9,15074.8,15030.9,15074.8,249330
1453175100000,15083.65,15330.0,15083.65,15287.9,1704780
1453185900000,15287.65,15348.0,15177.9,15265.2,1349160
1453196700000,15268.0,15300.0,15250.0,15292.0,219930
1453261500000,15060.0,15060.0,14790.15,14898.0,2126190
1453272300000,14897.95,14924.0,14730.0,14922.0,1597290
1453283100000,14925.0,14954.95,14895.0,14930.0,262860
1453347900000,15080.0,15360.0,14985.4,15014.0,2799900
1453358700000,15012.45,15215.0,14901.0,15089.0,2203200
1453369500000,15090.0,15128.0,15085.0,15128.0,198870
1453434300000,15340.0,15607.8,15261.0,15536.25,2896560
1453445100000,15536.25,15562.35,15450.0,15493.1,1128570
1453455900000,15495.0,15513.0,15482.1,15506.85,312450
1453693500000,15660.0,15681.3,15526.0,15575.0,1463460
1453704300000,15575.5,15579.3,15460.0,15506.5,1312740
1453715100000,15506.45,15530.65,15495.5,15513.0,241260
1453866300000,15612.1,15612.1,15412.65,15554.15,1920990
1453877100000,15552.15,15629.2,15488.8,15519.0,1376100
1453887900000,15521.8,15533.55,15508.0,15519.55,192180
1453952700000,15549.7,15549.7,15452.0,15475.0,1113120
1453963500000,15475.0,15564.9,15363.0,15374.05,1837140
1453974300000,15376.0,15382.0,15355.0,15382.0,481110
1454039100000,15347.9,15424.1,15171.6,15377.0,2093670
1454049900000,15377.0,15562.9,15361.0,15530.0,1334910
1454060700000,15530.0,15578.0,15530.0,15539.0,280380
1454298300000,15583.75,15605.85,15402.55,15430.0,1530750
1454309100000,15429.0,15507.7,15322.0,15352.25,1287570
1454319900000,15354.9,15379.9,15332.0,15355.0,201840
1454384700000,15381.65,15516.95,15230.0,15455.9,2657520
1454395500000,15456.0,15472.8,15090.0,15111.0,1918230
1454406300000,15110.0,15112.0,15056.75,15079.5,293490
1454471100000,14905.35,14985.0,14800.0,14920.0,1935660
1454481900000,14925.0,15011.15,14863.75,14864.9,1533720
1454492700000,14864.9,14912.0,14848.1,14909.8,248070
1454557500000,15024.85,15077.0,14885.2,14976.9,1308120
1454568300000,14976.8,15046.0,14787.3,14915.0,1561590
1454579100000,14915.0,14977.0,14906.15,14977.0,285960
1454643900000,14981.95,15212.95,14905.05,15175.0,1828500
1454654700000,15176.0,15248.0,15075.9,15223.05,1322940
1454665500000,15226.6,15269.9,15220.0,15265.0,311400
1454903100000,15252.0,15390.0,15201.05,15357.05,1490190
1454913900000,15355.0,15412.0,15051.0,15061.0,1876200
1454924700000,15065.0,15094.25,14970.0,14975.2,343740
1454989500000,14810.65,14966.0,14796.2,14888.0,1604010
1455000300000,14893.5,15015.1,14879.95,14908.85,1483050
1455011100000,14908.8,14938.55,14907.05,14930.0,227820
1455075900000,14780.25,14837.3,14583.0,14641.6,2040360
1455086700000,14643.7,14771.25,14531.0,14626.5,1942380
1455097500000,14630.0,14670.0,14611.95,14651.25,240900
1455162300000,14619.0,14619.0,14431.1,14477.05,1533660
1455173100000,14478.0,14530.0,13956.55,14059.05,2750010
1455183900000,14055.4,14063.0,13978.5,14010.65,380610
1455248700000,14080.0,14098.0,13827.1,13892.95,2128800
1455259500000,13891.05,14169.75,13812.6,14000.0,2003340
1455270300000,14000.0,14035.0,13905.55,13930.0,268530
1455507900000,14088.65,14468.0,14069.95,14419.95,2121630
1455518700000,14422.0,14538.15,14414.0,14423.0,1270080
1455529500000,14425.05,14449.9,14401.0,14415.0,310410
1455594300000,14570.25,14588.0,14302.0,14331.95,1600200
1455605100000,14333.15,14338.95,14125.95,14142.75,1786230
1455615900000,14140.05,14145.0,14120.15,14121.55,239370
1455680700000,14119.95,14138.25,13890.95,14038.0,2179950
1455691500000,14037.55,14190.0,13926.05,14144.95,1708020
1455702300000,14145.8,14216.3,14142.6,14210.0,296880
1455767100000,14325.05,14387.95,14216.0,14231.0,1842690
1455777900000,14230.15,14325.0,14149.95,14313.0,1624470
1455788700000,14313.1,14317.9,14263.0,14263.0,200190
1455853500000,14249.0,14373.0,14210.0,14309.55,1310370
1455864300000,14307.95,14418.9,14226.0,14366.0,1423770
1455875100000,14365.05,14370.0,14335.3,14335.3,254280
1456112700000,14335.5,14474.0,14315.0,14362.35,1618020
1456123500000,14364.1,14442.0,14335.4,14380.25,1175760
1456134300000,14382.0,14414.45,14367.7,14404.9,219720
1456199100000,14361.45,14361.45,14085.75,14114.3,2189550
1456209900000,14116.45,14119.0,13952.0,14012.2,1732500
1456220700000,14014.75,14017.9,13991.0,14010.0,286650
1456285500000,13950.0,13950.0,13767.0,13837.85,1963230
1456296300000,13838.45,13979.95,13752.0,13784.9,1956720
1456307100000,13783.9,13808.0,13772.05,13804.95,222210
1456371900000,13801.1,13850.0,13665.75,13676.0,1542930
1456382700000,13679.6,13751.0,13556.4,13564.95,1941900
1456393500000,13562.4,13566.25,13541.25,13554.5,372090
1456458300000,13762.75,13798.5,13634.0,13718.0,1265640
1456469100000,13719.0,13945.0,13708.0,13829.55,1857660
1456479900000,13827.0,13880.0,13823.45,13853.0,263850
1456717500000,13887.45,14040.0,13650.05,13704.05,2575290
1456728300000,13705.9,14244.0,13406.4,13940.0,4677480
1456739100000,13937.95,14073.0,13925.9,14065.0,349290
1456803900000,14195.0,14360.0,14081.0,14324.0,1997520
1456814700000,14322.05,14447.7,14282.0,14441.8,1603650
1456825500000,14440.0,14478.0,14437.0,14475.45,299190
1456890300000,14701.05,15070.0,14701.05,15012.0,3171600
1456901100000,15011.65,15125.0,14934.9,15090.0,1727760
1456911900000,15091.0,15155.75,15086.25,15129.7,443040
1456976700000,15184.9,15198.0,14976.0,15069.95,1777230
1456987500000,15067.0,15174.0,15053.8,15173.0,1262100
1456998300000,15170.0,15192.0,15127.2,15140.0,274470
1457063100000,15201.05,15201.05,14962.0,15120.0,1607640
1457073900000,15120.0,15451.0,15072.4,15295.2,2608500
1457084700000,15295.0,15398.85,15294.85,15390.0,313770
1457408700000,15350.0,15350.0,15111.5,15184.8,1512900
1457419500000,15188.0,15255.0,15051.1,15140.25,1445070
1457430300000,15140.15,15168.0,15115.0,15151.0,176520
1457495100000,15020.0,15216.0,14980.45,15195.0,1659270
1457505900000,15195.9,15394.9,15195.5,15338.6,1816200
1457516700000,15339.0,15359.95,15315.95,15329.0,310530
1457581500000,15370.05,15401.0,15125.0,15176.6,1587810
1457592300000,15180.05,15325.05,15110.0,15226.95,1342500
1457603100000,15228.0,15249.9,15210.9,15242.0,210300
1457667900000,15205.0,15410.0,15060.5,15141.8,2651370
1457678700000,15141.85,15294.0,15130.0,15220.0,1495200
1457689500000,15221.35,15284.6,15218.05,15276.0,259110
1457927100000,15380.5,15477.0,15320.7,15336.0,1616760
1457937900000,15335.0,15404.25,15282.95,15346.3,1271040
1457948700000,15345.1,15352.0,15321.8,15326.05,183930
1458013500000,15350.0,15449.9,15305.0,15411.1,1391550
1458024300000,15409.05,15435.0,15334.1,15400.0,1023840
1458035100000,15400.05,15414.4,15377.5,15385.0,200700
1458099900000,15206.0,15433.0,15206.0,15235.85,1450260
1458110700000,15235.85,15534.4,15230.0,15526.85,2013960
1458121500000,15526.85,15555.0,15523.15,15553.35,365490
1458186300000,15661.0,15749.0,15575.0,15610.0,2208720
1458197100000,15610.0,15700.0,15451.0,15475.0,1596360
1458207900000,15473.0,15474.0,15326.5,15386.95,465360
1458272700000,15492.25,15599.75,15457.05,15532.0,1417290
1458283500000,15533.95,15695.95,15530.3,15674.05,1839480
1458294300000,15674.0,15693.0,15645.0,15680.0,337410
1458531900000,15745.0,15849.95,15740.0,15826.3,1476270
1458542700000,15825.1,15965.7,15757.0,15952.75,1658700
1458553500000,15956.0,15956.1,15935.1,15939.3,316260
1458618300000,15906.35,15949.6,15837.1,15913.0,1244190
1458629100000,15913.0,15988.45,15800.0,15979.65,1554690
1458639900000,15980.0,16005.0,15970.3,15978.05,288930
1458704700000,15952.65,15952.65,15810.0,15865.0,1359030
1458715500000,15864.0,15948.8,15826.15,15946.6,1161900
1458726300000,15947.0,15963.0,15921.0,15924.5,299580
1459136700000,15890.1,15909.6,15821.0,15862.0,852750
1459147500000,15862.05,15872.0,15569.95,15649.55,1965870
1459158300000,15647.0,15742.2,15640.5,15727.9,433110
1459223100000,15640.0,15789.0,15622.95,15712.3,1698240
1459233900000,15718.0,15827.0,15685.45,15711.05,1352250
1459244700000,15714.4,15724.05,15700.0,15712.95,190980
1459309500000,15879.0,15898.0,15784.25,15859.65,1259520
1459320300000,15859.6,16179.0,15856.35,16137.0,2236560
1459331100000,16139.0,16164.0,16135.0,16149.9,292890
1459395900000,16100.0,16284.0,16090.55,16207.7,1365120
1459406700000,16207.65,16293.95,16079.6,16149.8,1735050
1459417500000,16147.05,16153.35,16135.25,16144.0,288750
1459482300000,16200.0,16244.4,16100.2,16180.0,1169490
1459493100000,16179.75,16320.0,16088.0,16247.05,1539900
1459503900000,16249.0,16269.95,16236.0,16244.0,252870
1459741500000,16306.95,16341.65,16162.0,16187.05,1020870
1459752300000,16186.2,16275.05,16126.0,16256.0,1010490
1459763100000,16257.85,16265.05,16241.0,16261.8,184950
1459827900000,16143.0,16261.55,15863.3,15943.75,3578220
1459838700000,15944.0,15955.9,15700.1,15720.05,1788810
1459849500000,15718.0,15723.9,15692.2,15700.35,310410
1459914300000,15750.0,15819.0,15666.1,15731.2,1461930
1459925100000,15734.6,15758.0,15621.0,15691.0,1252830
1459935900000,15690.0,15749.8,15677.35,15738.9,236010
1460000700000,15755.9,15795.4,15509.0,15737.95,2377260
1460011500000,15738.0,15778.0,15565.25,15576.1,1288350
1460022300000,15576.35,15605.0,15563.0,15583.55,226170
1460087100000,15568.0,15720.0,15543.6,15655.0,1375680
1460097900000,15655.85,15710.15,15627.0,15635.1,1016400
1460108700000,15635.1,15673.7,15633.35,15669.95,172140
1460346300000,15682.0,15720.0,15520.0,15561.75,1186020
1460357100000,15561.8,15920.0,15480.0,15880.0,2538600
1460367900000,15880.0,15939.85,15873.3,15876.0,346860
1460432700000,15821.05,15968.0,15821.05,15920.05,1273800
1460443500000,15921.95,15998.0,15823.05,15936.95,1488090
1460454300000,15938.0,15950.0,15932.4,15945.05,181140
1460519100000,16131.0,16360.0,16085.1,16298.7,1935900
1460529900000,16298.95,16416.0,16290.35,16351.1,1191330
1460540700000,16351.0,16360.85,16292.1,16304.85,342540
1460951100000,16360.0,16400.0,16000.0,16189.95,1871070
1460961900000,16189.95,16280.85,16155.05,16236.3,872040
1460972700000,16238.9,16249.0,16225.0,16229.95,180990
1461123900000,16315.1,16360.0,16169.0,16260.1,1785480
1461134700000,16263.95,16394.0,16220.3,16366.2,1282500
1461145500000,16369.75,16415.0,16363.7,16410.0,296820
1461210300000,16576.0,16770.0,16564.9,16705.0,2325030
1461221100000,16705.0,16763.1,16592.1,16667.15,1463610
1461231900000,16666.1,16668.85,16600.1,16604.0,299940
1461296700000,16513.0,16725.0,16466.65,16714.65,1675590
1461307500000,16718.0,16758.0,16664.1,16729.0,1255320
1461318300000,16728.25,16756.0,16711.1,16750.0,318960
1461555900000,16767.0,16782.0,16622.0,16672.0,1386930
1461566700000,16672.0,16689.95,16591.3,16664.15,874140
1461577500000,16667.05,16735.75,16661.05,16728.0,222840
1461642300000,16650.0,16767.0,16575.05,16738.95,1595190
1461653100000,16740.0,17069.0,16730.0,17037.3,2255880
1461663900000,17037.0,17045.35,16995.05,17015.0,268860
1461728700000,16910.0,17005.1,16884.2,16971.55,1395000
1461739500000,16971.85,16986.0,16850.0,16900.15,1179210
1461750300000,16897.35,16910.25,16875.1,16908.0,162660
1461815100000,16860.0,17036.45,16801.0,16855.1,1777020
1461825900000,16855.0,16866.0,16713.75,16723.0,1623900
1461836700000,16723.0,16725.5,16706.0,16716.75,281400
1461901500000,16774.9,16890.0,16685.1,16791.1,2136600
1461912300000,16795.85,16946.25,16560.9,16905.05,2571720
1461923100000,16907.75,16917.0,16865.0,16870.0,226470
1462160700000,16720.45,16756.25,16611.0,16700.0,1738980
1462171500000,16700.0,16717.75,16590.6,16630.45,1213800
1462182300000,16630.45,16638.0,16602.1,16630.65,224130
1462247100000,16657.0,16820.0,16640.0,16757.95,1357560
1462257900000,16757.55,16770.0,16428.2,16441.8,2273280
1462268700000,16445.35,16498.0,16443.95,16477.15,261960
1462333500000,16410.0,16550.0,16370.0,16482.25,1505520
1462344300000,16483.8,16535.0,16342.0,16357.0,1295880
1462355100000,16350.0,16365.95,16333.1,16356.0,253260
1462419900000,16350.35,16458.0,16321.0,16423.65,1271790
1462430700000,16425.95,16495.0,16280.0,16380.35,1690260
1462441500000,16379.35,16400.0,16370.0,16392.0,162930
1462506300000,16343.0,16388.0,16261.0,16311.5,1011750
1462517100000,16314.85,16423.0,16281.25,16382.4,1034100
1462527900000,16382.0,16394.0,16370.0,16388.0,212820
1462765500000,16407.65,16688.0,16407.65,16670.0,1540800
1462776300000,16670.0,16794.95,16610.1,16770.0,1123020
1462787100000,16770.0,16788.0,16756.1,16768.0,289380
1462851900000,16772.35,16777.95,16685.75,16743.95,1191270
1462862700000,16743.95,16885.0,16731.2,16845.4,1212360
1462873500000,16848.25,16869.9,16835.05,16867.95,188580
1462938300000,16573.2,16928.0,16544.5,16873.0,2259870
1462949100000,16870.05,16876.2,16699.4,16795.0,1714050
1462959900000,16799.0,16815.0,16778.5,16785.0,172560
1463024700000,16890.5,16999.9,16851.6,16998.75,1783710
1463035500000,16999.0,16999.8,16820.25,16964.1,1411500
1463046300000,16965.0,17018.95,16962.0,17014.5,338010
1463111100000,16923.0,16959.95,16728.65,16755.0,1487250
1463121900000,16754.15,16758.9,16600.5,16740.0,1540050
1463132700000,16738.9,16757.65,16729.55,16740.0,205350
1463370300000,16753.35,16763.0,16480.0,16517.95,2031000
1463381100000,16517.0,16798.9,16450.05,16774.0,2065620
1463391900000,16772.75,16833.0,16772.75,16790.0,336960
1463456700000,16869.0,16935.0,16805.05,16906.0,1549170
1463467500000,16905.0,16942.0,16766.7,16825.3,1331640
1463478300000,16825.3,16834.1,16792.25,16802.85,243240
1463543100000,16675.0,16786.0,16575.0,16723.85,1630410
1463553900000,16720.2,16798.0,16664.35,16745.0,1212360
1463564700000,16745.95,16787.95,16741.0,16780.0,255450
1463629500000,17282.35,17282.35,16630.0,16723.0,980970
1463640300000,16724.65,16730.0,16552.3,16567.0,1453080
1463651100000,16566.75,16573.95,16538.0,16559.95,310110
1463715900000,16598.0,16668.8,16518.8,16612.0,1109280
1463726700000,16609.0,16657.0,16475.05,16506.0,1417230
1463737500000,16506.0,16532.0,16500.05,16509.95,188280
1463975100000,16625.0,16625.45,16491.1,16520.35,980310
1463985900000,16521.8,16638.0,16425.65,16445.7,1729710
1463996700000,16442.0,16448.45,16390.0,16395.0,314400
1464061500000,16424.7,16474.15,16379.0,16403.45,1016550
1464072300000,16403.0,16488.0,16391.0,16457.3,1060650
1464083100000,16454.15,16523.95,16454.0,16519.05,321840
1464147900000,16675.0,16899.9,16610.05,16894.0,2089320
1464158700000,16894.0,17019.55,16856.0,17009.3,1394820
1464169500000,17005.5,17045.0,16998.6,17006.05,342690
1464234300000,17065.0,17091.1,16968.55,17039.8,1041660
1464245100000,17038.8,17357.75,17030.0,17354.15,1786440
1464255900000,17368.0,17378.75,17349.15,17361.5,349770
1464320700000,17310.0,17474.9,17310.0,17418.5,1354860
1464331500000,17418.55,17495.95,17351.3,17482.05,1350600
1464342300000,17480.35,17533.0,17476.0,17495.0,316050
1464579900000,17540.0,17657.95,17466.1,17537.8,1305210
1464590700000,17537.0,17586.95,17495.1,17515.9,670410
1464601500000,17514.0,17520.0,17486.0,17492.05,142530
1464666300000,17584.7,17595.0,17445.3,17511.0,1121520
1464677100000,17511.85,17629.9,17458.35,17613.0,1322370
1464687900000,17615.0,17640.05,17600.0,17601.0,266460
1464752700000,17631.1,17644.0,17470.0,17497.1,1432650
1464763500000,17497.15,17537.85,17381.1,17405.05,1328070
1464774300000,17407.6,17454.95,17398.25,17451.0,262080
1464839100000,17400.0,17459.0,17334.0,17419.95,1158660
1464849900000,17419.95,17603.55,17390.25,17568.0,1502400
1464860700000,17567.1,17572.0,17558.0,17560.5,221550
1464925500000,17624.4,17726.5,17615.0,17680.0,1042710
1464936300000,17679.55,17738.5,17634.05,17660.95,1061550
1464947100000,17656.35,17665.0,17645.4,17650.0,210570
1465184700000,17675.05,17725.4,17650.0,17709.0,878790
1465195500000,17710.0,17745.0,17620.2,17668.0,1216110
1465206300000,17667.7,17686.15,17664.4,17667.0,189510
1465271100000,17773.15,17829.35,17660.5,17784.95,2002020
1465281900000,17784.85,17949.0,17783.0,17915.0,1890810
1465292700000,17917.0,17917.0,17880.65,17888.2,291720
1465357500000,17907.0,17959.7,17793.05,17934.95,1425030
1465368300000,17933.0,17940.0,17835.45,17899.9,940140
1465379100000,17898.95,17908.0,17885.0,17887.0,153840
1465443900000,17825.25,17937.85,17825.25,17880.0,1357200
1465454700000,17878.2,17918.0,17751.15,17852.0,1810380
1465465500000,17854.0,17870.0,17812.85,17827.6,283830
1465530300000,17800.0,18026.8,17751.15,17970.25,1542690
1465541100000,17971.05,17978.55,17760.55,17807.0,1751970
1465551900000,17806.0,17815.0,17785.0,17792.95,223920
1465789500000,17625.0,17643.3,17482.1,17492.95,1614990
1465800300000,17491.35,17598.1,17489.1,17562.95,1057170
1465811100000,17563.05,17588.8,17556.15,17568.85,236010
1465875900000,17664.0,17664.0,17527.2,17602.0,1020780
1465886700000,17604.9,17695.0,17527.0,17633.7,1444500
1465897500000,17632.6,17645.0,17626.05,17642.0,204300
1465962300000,17700.25,17724.0,17593.0,17635.5,1077810
1465973100000,17635.5,17905.85,17632.95,17871.6,2145240
1465983900000,17870.0,17879.95,17848.25,17859.5,262800
1466048700000,17780.0,17818.9,17535.5,17541.95,2505690
1466059500000,17542.45,17719.1,17532.85,17683.95,1695660
1466070300000,17684.6,17689.85,17652.0,17663.8,227430
1466135100000,17755.1,17860.0,17732.0,17778.0,1112100
1466145900000,17778.1,17795.8,17610.0,17688.95,1388670
1466156700000,17690.1,17707.0,17680.15,17690.0,214470
1466394300000,17465.25,17760.0,17420.15,17703.5,2003490
1466405100000,17703.5,17795.55,17690.0,17740.0,1527570
1466415900000,17740.0,17741.95,17715.0,17715.0,213750
1466480700000,17715.3,17754.85,17616.35,17655.5,1146990
1466491500000,17655.5,17689.0,17603.95,17627.15,831270
1466502300000,17627.1,17637.75,17603.0,17609.95,241890
1466567100000,17600.0,17765.65,17582.9,17695.0,1119780
1466577900000,17697.1,17716.25,17500.0,17589.0,1557690
1466588700000,17588.25,17614.9,17588.0,17595.15,234450
1466653500000,17585.05,17680.0,17585.05,17676.55,977760
1466664300000,17676.0,17919.55,17662.25,17884.0,2095230
1466675100000,17884.05,17898.0,17867.15,17895.0,288330
1466739900000,17330.25,17367.0,16910.0,16966.6,3395310
1466750700000,16966.85,17430.0,16927.0,17381.85,2876100
1466761500000,17380.0,17413.65,17357.4,17367.15,233790
1466999100000,17349.95,17537.6,17339.85,17517.0,1285020
1467009900000,17517.2,17583.9,17415.95,17498.7,1454010
1467020700000,17500.0,17501.8,17482.7,17492.95,161910
1467085500000,17455.15,17567.95,17455.15,17521.25,1033410
1467096300000,17520.6,17629.6,17512.55,17565.2,1286520
1467107100000,17565.0,17567.65,17536.7,17549.75,226050
1467171900000,17612.15,17684.0,17584.45,17661.15,1252500
1467182700000,17661.15,17748.85,17644.1,17696.0,1162710
1467193500000,17699.95,17699.95,17674.0,17681.15,221220
1467258300000,17802.5,17885.0,17781.1,17841.1,1044540
1467269100000,17841.25,17976.85,17813.0,17932.45,1544070
1467279900000,17932.0,17938.5,17929.05,17935.5,283890
1467344700000,18032.0,18134.95,18032.0,18128.55,1126320
1467355500000,18125.05,18147.0,18062.05,18064.15,905520
1467366300000,18067.7,18072.0,18025.0,18035.0,296600
1467603900000,18155.0,18193.0,18107.0,18170.0,994160
1467614700000,18170.05,18185.0,18086.15,18140.0,804720
1467625500000,18141.0,18156.0,18132.85,18149.95,203840
1467690300000,18050.0,18160.0,18050.0,18107.65,880280
1467701100000,18109.85,18124.0,18036.0,18075.0,1051640
1467711900000,18075.0,18079.0,18068.0,18070.7,207160
1467863100000,18100.0,18129.0,18050.1,18094.9,961600
1467873900000,18094.0,18225.65,18080.05,18128.95,1589440
1467884700000,18128.0,18160.35,18128.0,18139.95,232080
1467949500000,18130.0,18130.0,17963.0,17993.2,1257960
1467960300000,17991.7,18084.5,17983.0,18059.95,983200
1467971100000,18058.0,18075.0,18050.0,18071.0,201800
1468208700000,18275.0,18445.05,18252.3,18432.0,1516280
1468219500000,18431.95,18470.0,18418.0,18469.9,734680
1468230300000,18468.0,18497.0,18465.3,18483.0,331400
1468295100000,18540.0,18598.0,18509.8,18591.45,908280
1468305900000,18592.0,18704.0,18540.05,18702.55,1314440
1468316700000,18702.0,18712.45,18689.2,18699.4,251760
1468381500000,18695.3,18728.3,18582.0,18651.3,1294360
1468392300000,18654.75,18698.0,18620.25,18644.1,827920
1468403100000,18643.95,18657.35,18635.9,18643.9,181560
1468467900000,18630.1,18804.0,18598.15,18790.55,1283240
1468478700000,18791.0,18920.0,18788.55,18917.85,1453160
1468489500000,18918.0,18921.95,18874.0,18888.0,323640
1468554300000,18910.0,18964.8,18813.0,18849.0,1304520
1468565100000,18850.0,19045.1,18840.0,18978.2,1354280
1468575900000,18981.0,18989.1,18952.45,18986.95,199400
1468813500000,19025.0,19155.0,19002.0,19142.7,1100480
1468824300000,19142.65,19176.0,18962.0,18968.65,1380920
1468835100000,18968.65,18970.0,18921.05,18925.0,272280
1468899900000,18969.9,18997.55,18870.1,18953.0,1026480
1468910700000,18952.0,19075.05,18855.0,18980.05,1821200
1468921500000,18979.95,18986.1,18950.05,18977.85,223160
1468986300000,18911.25,19065.0,18911.25,19055.25,1032040
1468997100000,19055.25,19070.0,19002.0,19032.0,691200
1469007900000,19032.35,19037.7,19022.55,19034.0,222480
1469072700000,19025.0,19063.95,18863.0,18879.8,1304880
1469083500000,18879.8,18910.65,18713.35,18730.05,1825240
1469094300000,18730.05,18736.0,18690.0,18711.25,332440
1469159100000,18724.95,18776.95,18580.2,18754.95,1544600
1469169900000,18750.15,18775.0,18642.3,18723.0,996320
1469180700000,18722.0,18758.05,18710.0,18750.25,256440
1469418300000,18659.85,18869.85,18606.95,18834.2,1532920
1469429100000,18834.05,19080.0,18820.15,19034.55,1700240
1469439900000,19035.0,19035.0,18980.0,18995.2,302040
1469504700000,18955.0,19065.55,18901.5,19033.0,1260280
1469515500000,19034.0,19048.0,18820.0,18844.05,1065840
1469526300000,18846.6,18873.85,18828.05,18860.6,256840
1469591100000,18880.0,19129.6,18866.05,18898.55,2287240
1469601900000,18898.55,19055.3,18896.65,19040.0,1206360
1469612700000,19040.0,19040.0,19012.45,19018.05,206240
1469677500000,19084.75,19139.0,19033.6,19107.25,1048360
1469688300000,19107.2,19134.7,18995.1,19066.0,1775240
1469699100000,19068.0,19077.7,19066.0,19075.5,323680
1469763900000,19199.5,19199.5,19000.2,19060.0,1117760
1469774700000,19060.0,19074.85,19014.0,19051.1,634880
1469785500000,19050.05,19064.95,19042.2,19050.05,187240
1470023100000,19045.0,19180.0,18853.4,18892.55,1623520
1470033900000,18895.0,18895.0,18718.3,18829.15,1633360
1470044700000,18829.5,18884.0,18821.0,18862.95,265560
1470109500000,18898.5,18962.05,18809.4,18875.05,1111680
1470120300000,18875.3,18887.9,18755.25,18810.1,947000
1470131100000,18810.9,18850.95,18805.05,18847.0,165840
1470195900000,18795.0,18890.0,18701.55,18784.0,1559560
1470206700000,18782.95,18840.95,18640.0,18655.0,1029120
1470217500000,18656.0,18716.0,18632.2,18701.0,332480
1470282300000,18812.2,18812.2,18538.15,18669.15,1685280
1470293100000,18671.95,18698.7,18526.7,18657.45,1400080
1470303900000,18657.0,18776.75,18657.0,18745.0,395720
1470368700000,18775.0,18997.0,18355.0,18985.0,1454720
1470379500000,18982.2,19040.0,18912.1,19024.0,1009760
1470390300000,19023.0,19033.15,18976.65,19001.8,279520
1470627900000,19060.0,19104.25,18979.85,19032.4,958080
1470638700000,19029.1,19063.0,19006.0,19030.0,472160
1470649500000,19030.1,19032.0,18974.15,18992.0,246640
1470714300000,19000.0,19079.0,18900.45,18945.0,1600680
1470725100000,18945.1,19032.7,18905.05,19001.0,871720
1470735900000,19001.0,19023.5,19000.0,19008.0,159040
1470800700000,19020.0,19029.6,18710.5,18741.0,1812360
1470811500000,18741.75,18789.95,18702.0,18730.0,851480
1470822300000,18731.6,18732.0,18680.0,18691.5,304880
1470887100000,18612.0,18769.75,18593.0,18750.65,1282160
1470897900000,18753.95,18754.15,18607.35,18701.0,1169800
1470908700000,18700.0,18759.9,18700.0,18759.9,250600
1470973500000,18776.3,18850.0,18728.05,18819.35,1058080
1470984300000,18814.9,19024.9,18770.25,18980.95,1693560
1470995100000,18977.55,18997.0,18962.35,18969.0,242960
1471319100000,18982.0,19094.95,18841.85,18872.0,1539480
1471329900000,18872.0,19084.8,18864.55,19047.95,1122400
1471340700000,19048.0,19055.0,19021.0,19026.0,155440
1471405500000,19012.5,19125.0,18985.45,19123.05,1064720
1471416300000,19123.45,19169.0,18970.0,19045.0,1690400
1471427100000,19045.0,19067.25,19042.6,19053.0,184880
1471491900000,19100.0,19317.4,19081.8,19291.2,1914760
1471502700000,19291.2,19388.4,19282.3,19369.25,1401080
1471513500000,19369.25,19379.9,19325.65,19330.35,388680
1471578300000,19387.95,19461.5,19323.75,19447.5,1189280
1471589100000,19445.1,19448.9,19345.0,19419.0,1010200
1471599900000,19419.0,19434.7,19394.1,19429.5,203360
1471837500000,19451.1,19496.1,19252.15,19284.75,1549160
1471848300000,19284.75,19408.6,19274.7,19340.05,1196320
1471859100000,19339.0,19357.6,19320.0,19350.15,188960
1471923900000,19322.0,19377.5,19245.0,19306.9,941880
1471934700000,19306.9,19373.7,19273.95,19367.95,1184200
1471945500000,19368.0,19405.45,19361.15,19395.0,291600
1472010300000,19359.55,19377.0,19292.0,19296.75,929600
1472021100000,19298.05,19409.8,19281.0,19383.9,1257520
1472031900000,19382.0,19385.0,19359.0,19368.65,178280
1472096700000,19364.7,19438.0,19364.7,19404.6,931040
1472107500000,19404.8,19420.0,19291.95,19295.55,1714760
1472118300000,19295.55,19311.55,19291.05,19303.05,326840
1472183100000,19409.95,19475.9,19226.3,19244.95,1885000
1472193900000,19245.2,19322.3,19241.15,19307.55,1199040
1472204700000,19307.9,19339.5,19302.7,19315.0,253280
1472442300000,19315.0,19431.9,19227.0,19242.35,974280
1472453100000,19245.8,19344.9,19182.75,19309.8,1777600
1472463900000,19309.0,19332.4,19298.1,19327.4,200040
1472528700000,19405.0,19570.0,19370.15,19540.45,1776880
1472539500000,19538.5,19655.1,19525.0,19637.0,1198120
1472550300000,19638.0,19649.8,19626.1,19636.1,298760
1472615100000,19672.5,19794.5,19653.65,19738.0,1318120
1472625900000,19738.2,19925.0,19728.6,19856.35,1917040
1472636700000,19855.05,19870.8,19843.05,19852.05,420360
1472701500000,19879.85,19934.45,19815.05,19882.0,1145720
1472712300000,19881.95,19994.85,19790.75,19817.0,1800400
1472723100000,19817.7,19874.95,19814.2,19874.95,257360
1472787900000,19905.0,19959.0,19865.55,19902.45,914400
1472798700000,19906.5,19985.0,19852.5,19962.0,1093720
1472809500000,19960.0,19999.95,19956.15,19994.95,277720
1473133500000,20140.0,20350.0,20082.05,20350.0,1679800
1473144300000,20350.0,20509.15,20286.0,20490.05,1393440
1473155100000,20490.05,20531.3,20486.0,20519.95,425640
1473219900000,20570.0,20649.45,20452.3,20586.95,1865880
1473230700000,20582.05,20648.0,20463.3,20504.95,1347920
1473241500000,20506.3,20553.0,20475.0,20535.05,233960
1473306300000,20531.4,20568.5,20466.7,20508.0,1151240
1473317100000,20510.85,20546.55,20421.9,20512.0,1167200
1473327900000,20509.0,20518.85,20500.0,20512.95,193000
1473392700000,20375.55,20408.8,20236.6,20272.85,1635960
1473403500000,20275.85,20459.95,20250.0,20333.3,1431560
1473414300000,20333.25,20367.0,20322.4,20348.0,197240
1473651900000,20001.25,20001.25,19760.0,19925.0,1920480
1473662700000,19925.0,19934.95,19837.0,19882.45,1292680
1473673500000,19880.1,19919.75,19879.75,19915.0,304280
1473824700000,19900.0,19981.0,19851.1,19978.05,1239200
1473835500000,19979.1,20044.8,19936.0,20013.0,1224000
1473846300000,20012.65,20040.0,20010.15,20036.0,258360
1473911100000,20030.1,20075.0,19841.0,19870.0,1465120
1473921900000,19872.45,19957.9,19816.0,19912.0,1332680
1473932700000,19912.0,19965.0,19912.0,19955.45,292040
1473997500000,20030.5,20317.4,20021.05,20259.35,1787320
1474008300000,20259.8,20265.0,19874.75,19943.7,2657720
1474019100000,19943.05,19984.55,19925.0,19970.0,304160
1474256700000,20001.75,20090.35,19922.0,20005.0,1069240
1474267500000,20004.0,20029.0,19960.0,19982.0,812200
1474278300000,19980.05,20007.0,19976.0,19995.0,210920
1474343100000,20035.1,20035.1,19860.15,19901.0,877040
1474353900000,19900.3,19939.9,19875.25,19917.5,676680
1474364700000,19916.1,19925.0,19910.0,19917.0,173560
1474429500000,19965.05,20010.0,19903.95,19975.7,929120
1474440300000,19975.0,19985.0,19828.0,19903.3,1237240
1474451100000,19902.0,19915.0,19895.0,19910.0,208400
1474515900000,20225.3,20349.0,20044.05,20088.95,2631640
1474526700000,20088.0,20204.0,20040.6,20184.8,1269600
1474537500000,20186.2,20186.2,20117.1,20145.05,285560
1474602300000,20188.8,20195.0,20035.1,20109.95,1010200
1474613100000,20109.95,20112.5,19916.0,19925.0,1161280
1474623900000,19926.9,19959.9,19915.0,19928.85,317600
1474861500000,19811.0,19849.65,19721.55,19731.0,1418760
1474872300000,19728.9,19750.05,19623.4,19639.8,1281040
1474883100000,19639.9,19658.0,19633.0,19649.0,266520
1474947900000,19711.1,19740.0,19609.2,19676.05,1687800
1474958700000,19676.2,19688.0,19511.0,19544.4,1477320
1474969500000,19544.4,19591.05,19544.4,19588.6,265120
1475034300000,19557.45,19643.15,19534.0,19626.95,1111560
1475045100000,19628.0,19740.0,19620.0,19682.45,1883520
1475055900000,19682.45,19713.0,19682.45,19700.0,269960
1475120700000,19790.5,19840.0,19672.8,19677.75,1198760
1475131500000,19679.0,19679.0,19042.5,19159.95,4874760
1475142300000,19158.0,19184.25,19157.0,19182.0,471240
1475207100000,19271.75,19447.0,19100.0,19270.0,1921120
1475217900000,19269.0,19440.95,19263.0,19380.2,1383720
1475228700000,19383.95,19444.0,19381.7,19437.0,274240
1475466300000,19511.15,19665.7,19450.3,19613.65,1788560
1475477100000,19613.95,19699.95,19582.0,19690.1,872240
1475487900000,19692.05,19707.5,19661.45,19701.95,317600
1475552700000,19735.1,19735.1,19617.6,19648.85,877480
1475563500000,19649.7,19850.0,19625.05,19778.7,2338520
1475574300000,19777.9,19828.15,19765.0,19808.95,407440
1475639100000,19884.65,19904.9,19628.5,19647.95,1684320
1475649900000,19646.05,19718.95,19582.5,19655.0,1205080
1475660700000,19655.0,19656.0,19590.0,19600.15,394160
1475725500000,19605.5,19675.0,19530.0,19638.95,1247280
1475736300000,19639.4,19674.0,19406.75,19472.0,1909680
1475747100000,19472.0,19511.0,19470.0,19502.0,299200
1475811900000,19490.0,19545.0,19425.4,19457.0,1046280
1475822700000,19454.95,19535.0,19407.05,19477.9,1056960
1475833500000,19479.75,19496.1,19470.2,19493.95,203880
1476071100000,19575.45,19617.4,19489.4,19512.0,731440
1476081900000,19510.95,19518.7,19425.0,19450.0,790360
1476092700000,19450.0,19489.0,19444.6,19488.55,222200
1476330300000,19386.0,19399.6,19114.65,19126.35,1575760
1476341100000,19126.4,19152.0,18872.0,19030.7,2370240
1476351900000,19029.95,19042.6,19017.1,19022.1,337160
1476416700000,19060.05,19099.0,18983.1,19044.0,1009080
1476427500000,19043.1,19089.9,19010.0,19068.95,823440
1476438300000,19072.0,19113.35,19070.2,19100.0,247440
1476675900000,19180.0,19268.5,19056.0,19094.9,2184760
1476686700000,19091.5,19142.55,19015.0,19082.0,1196720
1476697500000,19081.4,19120.0,19081.4,19105.0,182880
1476762300000,19238.7,19368.0,19176.0,19227.15,1356320
1476773100000,19227.05,19534.6,19214.55,19523.1,2307400
1476783900000,19522.8,19552.45,19503.7,19509.85,446120
1476848700000,19570.0,19570.1,19426.0,19491.9,1053480
1476859500000,19491.9,19505.95,19352.0,19458.9,1401640
1476870300000,19455.2,19462.0,19435.05,19450.0,154560
1476935100000,19503.3,19734.0,19501.05,19677.75,2250280
1476945900000,19677.6,19696.0,19576.45,19672.0,1197960
1476956700000,19669.1,19685.0,19661.7,19684.55,233560
1477021500000,19651.1,19651.1,19521.2,19569.35,920640
1477032300000,19570.3,19743.35,19563.0,19707.55,1174280
1477043100000,19710.0,19753.0,19697.35,19730.0,237720
1477280700000,19770.05,19855.8,19752.4,19842.15,1054880
1477291500000,19845.3,19899.0,19801.0,19828.0,1044080
1477302300000,19828.25,19832.0,19801.0,19826.0,221960
1477367100000,19880.0,19905.25,19710.05,19790.05,1376600
1477377900000,19789.0,19872.4,19751.8,19828.0,922720
1477388700000,19828.0,19863.7,19825.85,19851.25,224720
1477453500000,19615.55,19674.3,19578.1,19632.15,1512800
1477464300000,19633.5,19635.95,19432.2,19487.7,1633520
1477475100000,19486.0,19504.55,19476.0,19499.9,308880
1477539900000,19450.0,19460.15,19245.15,19307.9,1537120
1477550700000,19307.9,19515.9,19291.1,19515.0,1861040
1477561500000,19515.4,19543.1,19507.05,19514.0,227960
1477626300000,19635.0,19690.7,19459.45,19623.0,1583040
1477637100000,19625.0,19650.0,19526.85,19635.35,980080
1477647900000,19636.55,19650.3,19582.75,19650.0,279280
1477971900000,19589.45,19619.7,19495.65,19594.1,801680
1477982700000,19594.95,19650.0,19478.0,19511.0,1034000
1477993500000,19511.0,19536.85,19507.6,19532.05,193720
1478058300000,19299.0,19325.0,19222.35,19258.6,1361400
1478069100000,19258.6,19389.9,19254.3,19298.75,1292880
1478079900000,19293.0,19326.45,19291.0,19322.0,195360
1478144700000,19275.0,19379.3,19223.85,19284.1,1178840
1478155500000,19285.05,19355.0,19193.6,19260.0,1423480
1478166300000,19260.0,19276.0,19244.35,19245.1,216280
1478231100000,19225.25,19285.0,19101.0,19202.0,1406600
1478241900000,19202.0,19243.95,19041.25,19118.1,1369480
1478252700000,19118.1,19151.0,19114.0,19145.05,233760
1478490300000,19400.0,19400.0,19285.75,19351.35,1100280
1478501100000,19352.0,19435.8,19350.05,19400.25,982600
1478511900000,19400.65,19415.0,19372.25,19374.2,257720
1478576700000,19513.3,19513.3,19380.05,19395.2,978960
1478587500000,19395.0,19619.95,19375.0,19594.8,1174200
1478598300000,19592.0,19601.15,19559.1,19575.0,326800
1478663100000,18325.0,19245.5,18200.0,18891.55,4440720
1478673900000,18888.05,19632.0,18870.6,19569.05,3061040
1478684700000,19568.95,19625.0,19557.05,19620.0,332720
1478749500000,19860.0,20289.0,19816.25,20236.55,3439560
1478760300000,20240.0,20315.0,20180.5,20252.0,1890920
1478771100000,20252.0,20279.7,20235.0,20275.0,401520
1478835900000,20149.7,20332.0,19960.0,19976.5,2381360
1478846700000,19977.1,20013.0,19777.0,19806.15,1863200
1478857500000,19807.35,19874.0,19789.95,19872.8,316640
1479181500000,19840.0,19898.85,19345.35,19507.9,2975040
1479192300000,19508.05,19535.95,19306.1,19365.0,1713280
1479203100000,19364.9,19387.95,19336.0,19370.1,290440
1479267900000,19550.0,19649.0,19216.0,19296.55,1867600
1479278700000,19297.0,19411.75,19123.7,19137.25,1655520
1479289500000,19137.25,19152.95,19120.6,19136.5,266480
1479354300000,19117.35,19366.0,19117.35,19265.05,2022240
1479365100000,19262.3,19263.0,19035.05,19134.95,1630880
1479375900000,19133.85,19215.0,19112.2,19215.0,333120
1479440700000,19213.25,19259.3,19044.3,19114.55,1367280
1479451500000,19110.95,19182.95,18925.55,18988.85,1502800
1479462300000,18985.0,19016.65,18971.0,18971.35,233040
1479699900000,19085.0,19096.85,18431.35,18482.4,3056600
1479710700000,18479.0,18569.25,18341.4,18457.8,1907880
1479721500000,18457.7,18513.7,18453.1,18493.0,298160
1479786300000,18620.15,18651.0,18370.1,18377.0,2063880
1479797100000,18379.2,18629.0,18351.75,18545.0,1760080
1479807900000,18547.0,18605.0,18545.0,18600.0,184440
1479872700000,18649.9,18650.0,18471.0,18525.0,1703960
1479883500000,18524.5,18625.0,18487.05,18545.05,1225680
1479894300000,18543.05,18550.0,18494.0,18501.1,242600
1479959100000,18460.0,18466.8,18349.05,18405.0,1259360
1479969900000,18405.0,18415.0,18229.6,18235.0,2590640
1479980700000,18235.0,18258.0,18234.5,18255.3,535440
1480045500000,18311.0,18519.0,18311.0,18476.0,1600160
1480056300000,18479.05,18620.0,18445.4,18592.05,1207920
1480067100000,18594.45,18594.45,18547.35,18553.05,209280
1480304700000,18390.0,18541.5,18251.0,18519.05,2144560
1480315500000,18521.05,18529.05,18321.0,18369.45,1216120
1480326300000,18365.0,18393.0,18355.15,18373.0,167480
1480391100000,18359.8,18504.15,18325.95,18438.0,1188640
1480401900000,18437.75,18474.0,18253.25,18281.65,1437760
1480412700000,18282.05,18321.85,18272.0,18314.25,220960
1480477500000,18350.45,18499.95,18318.45,18423.1,1641400
1480488300000,18423.95,18744.0,18385.15,18718.95,2241960
1480499100000,18715.1,18735.9,18661.1,18682.0,359640
1480563900000,18718.45,18761.9,18522.05,18533.35,1738560
1480574700000,18533.15,18615.0,18448.1,18486.0,1473320
1480585500000,18486.95,18495.0,18475.0,18478.0,226880
1480650300000,18378.0,18380.0,18221.1,18277.95,1530720
1480661100000,18275.1,18560.0,18229.0,18326.05,2754560
1480671900000,18325.25,18347.95,18314.45,18335.05,184920
1480909500000,18319.9,18349.0,18246.1,18277.65,1064720
1480920300000,18278.95,18480.0,18262.0,18473.1,1613880
1480931100000,18468.35,18498.0,18464.05,18481.5,251200
1480995900000,18516.75,18558.45,18416.25,18501.75,1205000
1481006700000,18499.0,18567.5,18466.0,18485.0,895120
1481017500000,18482.0,18484.45,18455.5,18482.45,212040
1481082300000,18560.0,18600.0,18502.35,18575.3,934760
1481093100000,18578.0,18645.0,17980.0,18237.4,3271840
1481103900000,18236.05,18305.95,18202.3,18276.55,488520
1481168700000,18377.0,18550.0,18358.25,18533.0,1664720
1481179500000,18532.85,18608.0,18500.65,18563.3,1516560
1481190300000,18561.05,18570.0,18535.0,18535.0,263200
1481255100000,18592.0,18734.15,18457.8,18709.0,2041080
1481265900000,18706.9,18770.0,18665.0,18725.6,1277160
1481276700000,18728.0,18734.05,18702.75,18720.0,263440
1481514300000,18649.7,18654.95,18515.45,18536.05,1219960
1481525100000,18538.2,18549.65,18388.45,18420.25,1227640
1481535900000,18417.85,18431.5,18406.65,18422.0,211200
1481600700000,18405.0,18428.95,18320.0,18409.0,869840
1481611500000,18408.2,18514.6,18343.0,18493.5,1369480
1481622300000,18492.0,18498.0,18474.2,18490.0,194120
1481687100000,18490.05,18496.8,18401.0,18432.0,796760
1481697900000,18433.0,18476.75,18350.0,18367.9,1292240
1481708700000,18368.0,18415.0,18360.7,18414.95,251800
1481773500000,18189.8,18557.25,18160.6,18367.25,3409320
1481784300000,18365.05,18471.25,18350.05,18431.0,1273680
1481795100000,18433.95,18458.0,18424.0,18458.0,223000
1481859900000,18455.0,18455.0,18321.15,18340.35,1058880
1481870700000,18340.1,18365.45,18286.3,18332.0,1015760
1481881500000,18332.0,18353.55,18331.1,18339.9,235480
1482119100000,18299.45,18360.0,18251.0,18324.5,945720
1482129900000,18324.5,18352.2,18296.2,18301.65,553080
1482140700000,18302.75,18307.75,18283.3,18297.5,219160
1482205500000,18275.05,18313.2,18045.65,18088.1,1947720
1482216300000,18090.0,18160.0,18057.25,18090.0,1097240
1482227100000,18090.2,18132.95,18088.6,18131.05,232440
1482291900000,18162.3,18206.95,18088.3,18132.15,1087600
1482302700000,18133.05,18192.5,18096.1,18104.8,760160
1482313500000,18104.9,18114.95,18095.0,18100.0,189040
1482378300000,18038.8,18064.3,17881.3,17929.3,1716680
1482389100000,17928.05,17943.55,17873.45,17921.1,1148240
1482399900000,17921.25,17956.95,17916.15,17948.0,323440
1482464700000,17889.0,17977.0,17847.05,17925.0,1422720
1482475500000,17928.0,17988.0,17860.65,17900.1,897480
1482486300000,17901.0,17923.65,17898.2,17918.9,149040
1482723900000,17825.25,17849.8,17617.0,17675.0,1213480
1482734700000,17674.8,17735.75,17650.7,17668.5,875520
1482745500000,17667.9,17693.0,17662.1,17678.05,213520
1482810300000,17694.0,17732.0,17631.4,17714.55,1230400
1482821100000,17711.45,17913.0,17676.05,17895.45,1290160
1482831900000,17895.45,17915.0,17866.25,17875.0,288320
1482896700000,17925.0,18042.6,17830.0,18020.95,1758800
1482907500000,18020.95,18058.95,17840.25,17853.35,1736440
1482918300000,17850.0,17879.9,17847.0,17866.0,151960
1482983100000,17870.0,17929.3,17815.2,17873.15,1066760
1482993900000,17873.0,18049.3,17826.95,18036.0,1809680
1483004700000,18036.0,18040.2,18030.0,18035.75,367160
1483069500000,18060.0,18255.8,18043.95,18230.0,1388320
1483080300000,18232.95,18285.0,18165.0,18197.95,950800
1483091100000,18197.9,18200.7,18170.0,18185.85,264320
1483328700000,18210.05,18261.2,17886.7,17970.0,2086680
1483339500000,17970.0,18124.95,17940.75,18036.0,1343000
1483350300000,18036.0,18051.0,18023.45,18031.0,204680
1483415100000,18050.5,18158.0,17855.5,18102.4,2408880
1483425900000,18104.6,18130.95,17976.0,18058.1,1471920
1483436700000,18059.85,18075.15,18045.95,18071.15,222480
1483501500000,18150.0,18150.0,17975.4,17992.8,1662720
1483512300000,17992.9,18036.9,17923.5,17944.7,1180120
1483523100000,17944.55,17952.0,17932.0,17951.65,253760
1483587900000,18050.0,18145.0,18019.1,18138.9,1708360
1483598700000,18138.95,18190.0,18102.5,18127.55,1565200
1483609500000,18129.0,18147.2,18113.5,18144.0,284400
1483674300000,18178.0,18365.5,18161.25,18329.0,1853960
1483685100000,18328.25,18356.5,18268.45,18305.95,898520
1483695900000,18306.0,18325.0,18298.0,18316.0,288880
1483933500000,18343.0,18393.0,18265.0,18340.05,1076560
1483944300000,18340.1,18379.0,18320.7,18338.0,479560
1483955100000,18337.05,18342.65,18314.05,18320.75,198280
1484019900000,18380.0,18432.65,18318.75,18360.0,1060720
1484030700000,18360.0,18415.0,18354.0,18414.0,674320
1484041500000,18413.0,18458.0,18410.15,18457.45,365720
1484106300000,18525.0,18733.6,18520.0,18730.0,2331080
1484117100000,18729.1,18904.9,18716.1,18826.0,2045600
1484127900000,18826.25,18848.3,18821.0,18826.0,329000
1484192700000,18865.05,18974.8,18828.8,18880.0,1691600
1484203500000,18881.95,18943.35,18852.05,18898.05,1141640
1484214300000,18898.05,18906.7,18882.25,18896.6,232360
1484279100000,18955.0,18975.0,18801.75,18925.0,1494320
1484289900000,18921.2,18962.85,18890.3,18935.1,842040
1484300700000,18937.85,18979.25,18928.35,18970.5,255480
1484538300000,18950.15,19049.8,18895.55,19021.05,1227040
1484549100000,19021.95,19168.15,19014.0,19135.0,1503360
1484559900000,19134.8,19149.5,19132.0,19145.15,285720
1484624700000,19132.2,19216.75,19041.0,19053.9,1681600
1484635500000,19054.95,19148.0,19025.55,19120.0,979920
1484646300000,19123.95,19124.55,19075.0,19076.9,212760
1484711100000,19085.25,19297.4,19085.25,19196.95,1590600
1484721900000,19194.55,19219.7,19139.1,19205.15,1123640
1484732700000,19207.0,19208.0,19187.35,19198.65,206400
1484797500000,19163.1,19196.1,19074.0,19148.0,1234040
1484808300000,19149.9,19190.0,19115.15,19152.95,964720
1484819100000,19149.0,19156.9,19139.0,19143.05,201480
1484883900000,19050.4,19100.0,18994.25,19038.0,1437280
1484894700000,19038.0,19041.9,18822.55,18854.0,2165120
1484905500000,18857.6,18867.0,18838.1,18857.6,351880
1485143100000,18802.95,18949.15,18742.15,18852.0,1926160
1485153900000,18852.55,18859.75,18770.55,18854.0,1201040
1485164700000,18855.0,18918.25,18851.5,18918.0,299480
1485229500000,18970.15,19023.0,18942.3,18982.0,1345960
1485240300000,18981.8,19065.0,18936.45,19037.8,1349080
1485251100000,19037.7,19102.0,19032.15,19065.5,272400
1485315900000,19124.65,19189.1,19118.2,19180.5,1072040
1485326700000,19182.0,19473.45,19174.05,19466.15,2080440
1485337500000,19466.9,19486.25,19460.75,19473.15,509840
1485488700000,19599.9,19824.7,19599.9,19802.95,1866000
1485499500000,19800.0,19874.8,19721.3,19797.35,1259880
1485510300000,19797.35,19804.0,19773.05,19800.0,199800
1485747900000,19761.55,19825.0,19678.85,19700.0,1329200
1485758700000,19700.0,19730.0,19633.0,19645.05,840440
1485769500000,19648.0,19656.25,19635.0,19641.95,189080
1485834300000,19599.4,19633.6,19500.3,19512.0,1318160
1485845100000,19511.0,19710.0,19492.55,19595.45,1265480
1485855900000,19603.0,19603.95,19560.0,19590.0,266680
1485920700000,19550.0,19735.0,19510.0,19560.0,1697040
1485931500000,19556.65,20123.0,19535.15,20108.9,4047320
1485942300000,20108.9,20125.0,20087.2,20113.0,417800
1486007100000,20076.75,20127.75,19970.05,20005.95,1959200
1486017900000,20005.05,20208.4,20001.1,20129.0,1924120
1486028700000,20128.95,20129.9,20055.0,20059.95,321560
1486093500000,20073.45,20205.0,20057.0,20194.15,1351520
1486104300000,20193.2,20288.0,20176.45,20259.0,1433240
1486115100000,20258.55,20262.9,20232.6,20260.15,231920
1486352700000,20339.95,20504.65,20333.05,20465.9,1528200
1486363500000,20463.0,20476.0,20351.6,20417.25,1087880
1486374300000,20414.45,20432.5,20412.5,20432.5,213920
1486439100000,20398.15,20415.0,20330.55,20380.55,974960
1486449900000,20383.9,20458.85,20335.0,20383.65,1237560
1486460700000,20379.2,20389.95,20364.0,20375.0,220120
1486525500000,20350.35,20417.1,20343.05,20360.1,715320
1486536300000,20360.1,20382.8,20141.0,20348.65,2993120
1486547100000,20348.15,20455.0,20346.0,20396.1,728440
1486611900000,20455.0,20470.0,20055.55,20118.0,3381120
1486622700000,20116.2,20259.3,20116.0,20216.05,1695920
1486633500000,20216.05,20229.0,20201.4,20225.0,235120
1486698300000,20289.9,20360.0,20262.0,20335.9,1121360
1486709100000,20336.7,20349.55,20216.0,20254.1,1296360
1486719900000,20257.8,20290.45,20242.1,20285.0,246320
1486957500000,20310.0,20358.9,20217.05,20223.9,1049080
1486968300000,20224.9,20320.0,20131.25,20284.4,1605040
1486979100000,20284.75,20297.8,20276.0,20296.0,190080
1487043900000,20328.0,20337.4,20216.1,20231.35,1012160
1487054700000,20231.35,20316.05,20194.4,20294.0,975760
1487065500000,20295.3,20309.2,20286.6,20296.95,228920
1487130300000,20318.9,20398.2,20153.05,20199.65,2114400
1487141100000,20199.9,20263.55,20157.0,20202.0,1348320
1487151900000,20202.0,20215.7,20190.0,20215.7,258600
1487216700000,20270.0,20313.9,20119.65,20287.05,1861680
1487227500000,20286.0,20326.0,20235.95,20283.25,1090320
1487238300000,20283.0,20306.0,20275.05,20302.45,292880
1487303100000,20750.35,20873.8,20420.3,20688.0,3715640
1487313900000,20688.85,20729.25,20440.3,20520.0,2633200
1487324700000,20518.05,20540.5,20512.05,20540.05,269520
1487562300000,20498.85,20597.95,20492.2,20587.1,901000
1487573100000,20587.0,20649.9,20560.45,20642.0,804080
1487583900000,20641.7,20689.8,20641.7,20667.95,382000
1487648700000,20660.0,20699.1,20595.8,20648.8,1095360
1487659500000,20646.05,20877.15,20630.0,20848.95,1516000
1487670300000,20848.9,20857.8,20827.0,20855.0,268880
1487735100000,20901.55,20927.0,20835.8,20891.4,1520080
1487745900000,20890.85,20913.5,20816.2,20859.9,1288000
1487756700000,20859.85,20863.0,20846.85,20858.7,247240
1487821500000,20879.0,20917.9,20832.5,20883.75,1201320
1487832300000,20883.8,21024.55,20858.05,20875.5,2567640
1487843100000,20875.5,20884.9,20871.95,20878.0,326800
1488167100000,20863.0,20879.95,20716.05,20740.05,1365920
1488177900000,20739.9,20789.9,20666.0,20693.85,880200
1488188700000,20693.65,20698.35,20670.0,20678.0,253320
1488253500000,20680.1,20746.6,20635.1,20676.55,1010640
1488264300000,20676.6,20709.0,20641.15,20680.0,629040
1488275100000,20681.3,20700.8,20670.0,20695.0,180560
1488339900000,20755.05,20900.4,20725.05,20840.95,1402840
1488350700000,20841.4,20890.0,20813.05,20849.9,757480
1488361500000,20850.0,20854.9,20835.0,20837.95,235480
1488426300000,20925.35,20957.9,20852.45,20880.0,1584160
1488437100000,20880.75,20889.0,20588.4,20617.55,2296400
1488447900000,20614.95,20635.0,20581.45,20623.0,345160
1488512700000,20511.1,20619.85,20494.6,20518.2,1083840
1488523500000,20519.6,20598.5,20500.0,20562.65,814800
1488534300000,20562.65,20605.0,20560.0,20605.0,227560
1488771900000,20625.75,20803.4,20610.2,20734.0,1242760
1488782700000,20734.0,20745.0,20645.55,20736.2,908360
1488793500000,20736.2,20741.8,20725.5,20735.1,239480
1488858300000,20735.1,20767.35,20672.5,20687.7,789400
1488869100000,20688.0,20724.9,20660.0,20717.95,543120
1488879900000,20718.55,20725.0,20715.0,20720.2,197360
1488944700000,20699.9,20779.25,20588.1,20627.5,1795720
1488955500000,20628.0,20787.7,20613.05,20746.95,1459440
1488966300000,20746.0,20780.8,20745.0,20776.1,255040
1489031100000,20680.0,20799.0,20649.0,20755.1,977720
1489041900000,20755.3,20864.3,20703.2,20794.0,1261800
1489052700000,20795.8,20803.1,20760.25,20795.0,278680
1489117500000,20889.4,20933.4,20750.8,20785.2,1520560
1489128300000,20787.0,20820.3,20703.3,20787.0,954800
1489139100000,20787.0,20801.0,20786.2,20795.0,224720
1489463100000,21246.0,21326.3,21100.0,21166.65,2168640
1489473900000,21170.0,21198.0,21122.0,21146.15,780400
1489484700000,21145.25,21158.0,21132.0,21132.1,191040
1489549500000,21152.65,21265.8,21116.65,21245.6,1231760
1489560300000,21242.65,21285.0,21207.2,21225.0,818440
1489571100000,21227.95,21235.85,21211.9,21215.0,197720
1489635900000,21278.65,21347.1,21250.05,21281.5,1187080
1489646700000,21281.2,21342.45,21273.0,21305.0,794680
1489657500000,21304.8,21325.0,21304.2,21323.6,253920
1489722300000,21678.5,21678.5,21190.95,21204.3,1337040
1489733100000,21205.0,21262.1,21200.0,21231.6,635840
1489743900000,21232.5,21243.5,21216.85,21237.5,247160
1489981500000,21206.0,21235.95,21140.0,21193.95,795720
1489992300000,21194.0,21204.65,21173.15,21186.0,324000
1490003100000,21185.0,21188.0,21177.85,21188.0,168400
1490067900000,21153.7,21213.0,21070.0,21088.9,1122160
1490078700000,21089.0,21116.0,21037.55,21085.0,819640
1490089500000,21086.25,21120.0,21080.0,21113.35,242560
1490154300000,21017.35,21017.35,20878.05,20918.6,1113880
1490165100000,20918.0,20967.0,20841.0,20850.95,1097440
1490175900000,20848.95,20859.7,20827.3,20846.95,307960
1490240700000,20870.15,20905.9,20822.5,20872.95,884960
1490251500000,20872.95,20990.0,20825.0,20947.4,1171400
1490262300000,20947.4,20967.45,20935.1,20941.0,267920
1490327100000,20989.75,21189.45,20962.95,21173.5,1628800
1490337900000,21174.0,21206.6,21128.65,21139.05,858240
1490348700000,21139.75,21148.6,21128.0,21145.45,269160
1490586300000,21001.5,21175.0,21001.5,21040.0,1066920
1490597100000,21038.95,21152.85,20992.25,21097.0,1248360
1490607900000,21093.45,21099.25,21085.0,21094.0,160040
1490672700000,21225.25,21244.95,21150.0,21224.0,1204840
1490683500000,21224.0,21265.0,21194.0,21217.0,1026200
1490694300000,21219.0,21250.7,21217.0,21249.95,267080
1490759100000,21277.85,21399.0,21256.65,21375.35,1328160
1490769900000,21375.0,21414.0,21353.35,21397.0,866720
1490780700000,21397.0,21422.6,21396.95,21411.55,362840
1490845500000,21370.85,21496.25,21370.2,21471.25,1011720
1490856300000,21471.05,21654.0,21436.9,21617.65,1915600
1490867100000,21617.65,21637.5,21615.0,21624.0,419480
1490931900000,21512.25,21603.4,21491.0,21529.0,826880
1490942700000,21526.0,21579.1,21465.5,21486.95,907560
1490953500000,21486.0,21498.9,21481.85,21482.8,173440
1491191100000,21519.9,21569.95,21451.0,21518.5,763680
1491201900000,21519.8,21586.0,21503.0,21570.4,739240
1491212700000,21573.75,21588.7,21570.1,21582.1,180600
1491363900000,21596.15,21685.0,21535.1,21650.45,1040520
1491374700000,21651.25,21729.65,21648.4,21694.05,837880
1491385500000,21694.0,21698.0,21655.95,21666.05,301000
1491450300000,21594.0,21642.7,21576.7,21616.0,922600
1491461100000,21619.4,21723.25,21501.0,21654.05,1996840
1491471900000,21658.65,21658.7,21611.0,21615.0,256360
1491536700000,21555.35,21620.0,21525.0,21571.95,799400
1491547500000,21570.0,21617.5,21411.0,21426.5,1337920
1491558300000,21422.0,21450.0,21415.1,21445.0,274040
1491795900000,21355.5,21494.85,21355.5,21479.5,826720
1491806700000,21479.1,21585.95,21449.95,21551.05,1034960
1491817500000,21551.05,21572.95,21550.0,21566.6,228360
1491882300000,21498.3,21679.7,21498.3,21647.2,1147360
1491893100000,21646.9,21783.75,21638.05,21757.95,1239160
1491903900000,21758.0,21775.45,21751.95,21758.0,294440
1491968700000,21735.2,21779.95,21556.85,21700.75,1904640
1491979500000,21703.35,21813.05,21670.1,21716.0,1518240
1491990300000,21715.05,21717.5,21700.95,21713.55,210400
1492055100000,21700.25,21790.0,21661.0,21763.0,1058360
1492065900000,21763.3,21778.0,21708.0,21716.0,918680
1492076700000,21717.7,21758.0,21710.4,21750.0,263200
1492400700000,21750.1,21756.95,21621.0,21681.0,1060200
1492411500000,21682.15,21715.0,21651.4,21696.1,427240
1492422300000,21697.9,21712.7,21686.8,21708.35,180160
1492487100000,21745.0,21973.5,21718.0,21955.15,1767560
1492497900000,21958.0,21966.0,21670.9,21695.0,1893640
1492508700000,21695.0,21710.0,21677.0,21710.0,239920
1492573500000,21700.25,21740.15,21531.5,21603.6,1767320
1492584300000,21600.1,21655.7,21525.0,21592.2,1053680
1492595100000,21592.35,21662.7,21590.0,21650.0,302320
1492659900000,21525.5,21599.9,21492.05,21583.5,1750600
1492670700000,21584.05,21584.25,21505.1,21549.7,829440
1492681500000,21550.0,21574.0,21549.4,21574.0,283400
1492746300000,21610.0,21660.4,21514.05,21529.0,930680
1492757100000,21525.1,21550.0,21381.0,21530.0,1964000
1492767900000,21530.8,21561.05,21522.55,21554.0,279320
1493005500000,21590.05,21717.7,21567.6,21693.2,1437760
1493016300000,21694.9,21847.25,21691.75,21826.15,1391640
1493027100000,21825.15,21845.0,21812.5,21844.35,250960
1493091900000,21965.0,21965.0,21860.1,21922.1,1458200
1493102700000,21922.1,21989.85,21875.05,21984.0,1076720
1493113500000,21982.05,22023.85,21982.05,22001.95,206160
1493178300000,22050.15,22215.0,22027.55,22191.45,1640800
1493189100000,22187.15,22244.0,22080.5,22225.05,1478680
1493199900000,22224.2,22236.6,22212.7,22224.35,244680
1493264700000,22245.95,22309.2,22163.25,22264.0,1312160
1493275500000,22263.95,22374.9,22236.25,22328.0,1546520
1493286300000,22326.8,22335.0,22320.55,22328.9,324120
1493351100000,22275.0,22299.85,22203.8,22246.15,1058600
1493361900000,22247.0,22391.9,22247.0,22370.95,1106000
1493372700000,22370.95,22384.95,22358.4,22369.95,264440
1493696700000,22369.95,22485.3,22291.9,22356.35,1612120
1493707500000,22358.35,22423.0,22335.15,22396.4,705360
1493718300000,22396.55,22402.0,22385.0,22395.0,159720
1493783100000,22487.8,22487.8,22313.0,22320.0,960400
1493793900000,22318.95,22404.7,22301.2,22346.4,936720
1493804700000,22349.85,22359.8,22332.0,22337.15,172160
1493869500000,22618.0,22636.0,22460.0,22601.1,1872880
1493880300000,22600.0,22749.0,22580.95,22706.95,1515120
1493891100000,22706.35,22768.25,22705.25,22760.1,436080
1493955900000,22799.5,22818.0,22642.0,22700.15,1476320
1493966700000,22700.0,22736.95,22555.0,22645.9,1860160
1493977500000,22647.0,22663.5,22640.0,22647.1,227040
1494215100000,22709.95,22838.35,22642.25,22775.25,1252720
1494225900000,22779.0,22816.3,22752.05,22788.65,552360
1494236700000,22794.0,22795.5,22778.5,22785.9,201760
1494301500000,22750.55,22830.0,22691.4,22750.0,1062400
1494312300000,22749.7,22813.0,22720.3,22762.0,694840
1494323100000,22762.0,22773.75,22757.0,22764.65,182200
1494387900000,22800.0,22878.5,22770.3,22856.25,1245320
1494398700000,22856.25,22877.05,22811.1,22845.05,631920
1494409500000,22845.0,22877.8,22844.2,22867.55,242840
1494474300000,22900.1,22981.95,22870.15,22969.95,1120480
1494485100000,22969.05,22985.8,22844.0,22864.75,1056600
1494495900000,22864.35,22869.8,22802.35,22812.1,311440
1494560700000,22847.0,22847.0,22715.0,22716.05,1141560
1494571500000,22715.4,22748.95,22582.3,22657.0,1433080
1494582300000,22656.25,22690.0,22656.25,22684.15,241920
1494819900000,22741.05,22856.4,22722.2,22836.95,1212400
1494830700000,22835.0,22853.55,22786.65,22827.05,552400
1494841500000,22827.7,22837.0,22821.15,22829.05,214320
1494906300000,22825.05,22874.0,22751.55,22814.05,1098920
1494917100000,22815.0,22950.0,22815.0,22934.8,1338840
1494927900000,22935.0,22954.35,22928.95,22944.35,246240
1494992700000,22912.75,22949.0,22870.0,22901.0,849520
1495003500000,22900.4,22959.95,22856.0,22929.8,805680
1495014300000,22929.8,22942.35,22918.3,22918.5,181960
1495079100000,22765.0,22839.0,22725.55,22784.0,1527560
1495089900000,22783.05,22824.8,22686.0,22725.0,1005600
1495100700000,22722.15,22730.0,22679.45,22679.95,261480
1495165500000,22775.35,22899.0,22652.0,22694.8,2183560
1495176300000,22694.95,22789.4,22640.0,22766.25,1322240
1495187100000,22765.0,22839.0,22756.0,22835.0,391400
1495424700000,22920.0,22920.0,22762.95,22790.55,1054680
1495435500000,22788.0,22799.2,22657.2,22670.0,1160480
1495446300000,22670.0,22688.9,22660.0,22685.0,220000
1495511100000,22695.0,22710.0,22500.0,22577.95,1713160
1495521900000,22575.1,22740.0,22511.05,22563.1,1746960
1495532700000,22564.7,22595.6,22556.4,22575.0,168440
1495597500000,22630.05,22659.6,22548.05,22594.0,1126560
1495608300000,22594.0,22617.15,22460.0,22522.7,1452360
1495619100000,22523.0,22560.0,22515.0,22544.95,203240
1495683900000,22531.15,22726.0,22517.85,22690.75,1780960
1495694700000,22687.1,23238.0,22687.05,23225.0,3456120
1495705500000,23225.0,23225.0,23183.55,23188.95,400080
1495770300000,23020.0,23157.5,23000.0,23133.0,1329400
1495781100000,23133.0,23320.0,23113.15,23258.5,1384080
1495791900000,23260.0,23271.95,23226.05,23245.0,185000
1496029500000,23220.05,23380.0,23102.0,23198.55,1703800
1496040300000,23199.7,23270.9,23103.65,23131.0,1044160
1496051100000,23134.0,23172.5,23117.05,23125.0,197520
1496115900000,23102.05,23273.75,23050.55,23211.35,1378200
1496126700000,23208.0,23261.95,23151.0,23240.0,567200
1496137500000,23237.1,23271.9,23233.65,23252.5,153400
1496202300000,23255.0,23312.0,23180.0,23216.0,1138560
1496213100000,23214.0,23338.7,23206.05,23330.05,1056160
1496223900000,23330.0,23342.3,23322.0,23335.0,246840
1496288700000,23300.25,23341.6,23232.6,23248.0,1123080
1496299500000,23244.15,23334.0,23185.1,23300.9,1303120
1496310300000,23300.8,23307.0,23283.35,23288.75,172440
1496375100000,23389.5,23399.0,23280.0,23329.45,1064960
1496385900000,23326.25,23389.8,23326.0,23345.0,644920
1496396700000,23342.0,23350.0,23325.0,23337.55,201080
1496634300000,23315.05,23425.0,23292.0,23398.0,755480
1496645100000,23396.0,23448.7,23370.55,23423.0,625960
1496655900000,23423.05,23431.0,23421.0,23428.0,164920
1496720700000,23548.0,23778.5,23372.2,23408.0,842000
1496731500000,23408.0,23436.6,23380.2,23427.35,642360
1496742300000,23425.25,23444.0,23425.1,23435.8,190720
1496807100000,23458.95,23504.05,23425.05,23464.4,613560
1496817900000,23465.05,23590.0,23404.0,23555.0,1495840
1496828700000,23554.0,23608.0,23549.55,23605.0,337560
1496893500000,23650.0,23650.0,23538.1,23604.5,1071160
1496904300000,23605.1,23640.9,23525.3,23533.0,757000
1496915100000,23533.95,23549.0,23524.0,23524.0,182080
1496979900000,23520.0,23550.05,23475.35,23523.9,874040
1496990700000,23524.0,23660.0,23501.25,23644.45,1121760
1497001500000,23644.1,23654.45,23628.05,23634.0,210280
1497239100000,23549.25,23594.8,23505.0,23525.0,937160
1497249900000,23526.0,23539.0,23415.95,23453.55,952600
1497260700000,23453.7,23465.0,23445.0,23459.45,198720
1497325500000,23461.0,23559.5,23456.95,23554.15,792000
1497336300000,23558.4,23559.65,23425.0,23461.0,769360
1497347100000,23460.0,23465.0,23430.0,23436.25,187240
1497411900000,23511.0,23518.0,23361.85,23415.0,1014160
1497422700000,23415.0,23525.0,23391.5,23487.95,855120
1497433500000,23486.05,23492.4,23475.0,23490.0,148240
1497498300000,23460.0,23460.0,23370.0,23378.95,990360
1497509100000,23377.0,23409.85,23308.05,23390.0,1146320
1497519900000,23390.0,23400.0,23372.95,23390.05,251200
1497584700000,23424.95,23469.9,23385.05,23421.0,866560
1497595500000,23421.0,23479.95,23379.7,23460.0,653800
1497606300000,23462.5,23470.0,23442.0,23445.9,181280
1497843900000,23502.65,23570.0,23486.55,23559.8,768840
1497854700000,23563.8,23783.65,23557.8,23711.25,1348960
1497865500000,23711.05,23711.75,23660.35,23674.9,269680
1497930300000,23690.55,23754.35,23660.15,23718.3,732720
1497941100000,23725.0,23735.0,23677.0,23696.65,649200
1497951900000,23696.9,23699.9,23670.0,23677.0,181200
1498016700000,23640.0,23680.0,23609.7,23670.0,683800
1498027500000,23668.6,23749.7,23614.4,23694.05,891240
1498038300000,23694.05,23704.0,23680.0,23685.0,197640
1498103100000,23702.05,23891.0,23694.0,23863.5,1512320
1498113900000,23861.95,23863.9,23709.3,23750.5,1124520
1498124700000,23750.25,23754.7,23703.6,23716.2,255520
1498189500000,23750.0,23750.0,23522.85,23585.0,1453560
1498200300000,23584.2,23652.4,23530.0,23545.0,877280
1498211100000,23545.0,23550.0,23525.0,23537.05,211320
1498535100000,23601.05,23625.0,23305.0,23360.15,1627360
1498545900000,23360.4,23362.2,23041.35,23235.1,2120960
1498556700000,23233.4,23245.0,23210.0,23219.8,241320
1498621500000,23175.0,23295.95,23066.0,23260.0,1738480
1498632300000,23259.95,23269.75,23102.3,23228.3,1163840
1498643100000,23229.0,23265.95,23228.05,23252.05,213920
1498707900000,23298.0,23478.2,23298.0,23413.15,1687480
1498718700000,23413.15,23419.0,23114.55,23215.0,2385080
1498729500000,23215.15,23237.15,23206.5,23229.8,382320
1498794300000,23149.55,23161.1,23007.05,23143.0,1351120
1498805100000,23144.9,23206.6,23093.45,23175.0,885920
1498815900000,23177.7,23226.9,23177.7,23210.0,255240
1499053500000,23250.0,23368.0,23133.35,23316.0,1494920
1499064300000,23316.05,23329.7,23223.45,23287.75,824640
1499075100000,23291.7,23336.3,23285.0,23325.15,252760
1499139900000,23365.0,23365.0,23179.7,23208.95,1317480
1499150700000,23208.0,23299.0,23152.2,23262.45,942880
1499161500000,23261.9,23263.05,23245.0,23246.2,203040
1499226300000,23251.05,23419.9,23226.3,23358.9,1463640
1499237100000,23359.8,23398.0,23305.1,23395.0,689640
1499247900000,23394.7,23425.0,23393.2,23407.05,282240
1499312700000,23419.8,23534.85,23410.0,23526.0,1290440
1499323500000,23527.9,23570.0,23469.05,23479.95,950040
1499334300000,23483.2,23490.5,23463.15,23470.0,264120
1499399100000,23449.0,23496.75,23405.5,23476.0,688320
1499409900000,23472.25,23508.5,23442.85,23465.2,508560
1499420700000,23467.85,23467.85,23450.1,23456.0,182480
1499658300000,23530.0,23638.0,23475.0,23568.0,682400
1499669100000,23568.0,23723.0,23565.45,23673.8,1056480
1499679900000,23674.85,23693.4,23641.1,23661.4,285120
1499744700000,23713.0,23739.85,23668.6,23725.0,960200
1499755500000,23725.0,23759.0,23605.5,23635.15,1193920
1499766300000,23636.05,23638.0,23599.7,23603.2,226760
1499831100000,23625.05,23665.65,23553.35,23585.0,1100680
1499841900000,23586.0,23708.0,23580.0,23703.35,901360
1499852700000,23704.0,23747.5,23700.0,23747.5,394080
1499917500000,23826.0,23927.0,23810.1,23874.95,1592280
1499928300000,23872.4,23920.0,23830.0,23873.15,1101360
1499939100000,23874.0,23892.45,23858.05,23867.55,341040
1500003900000,23901.1,23994.9,23785.0,23965.0,1532040
1500014700000,23961.75,24004.0,23913.0,23978.05,968080
1500025500000,23977.05,23980.1,23956.35,23965.0,208920
1500263100000,24025.0,24042.3,23927.1,23968.0,1020080
1500273900000,23969.95,24050.0,23960.3,24003.0,766480
1500284700000,24004.0,24046.6,24001.75,24039.0,221240
1500349500000,23953.0,24137.0,23950.05,24106.0,1368480
1500360300000,24107.0,24184.9,24040.5,24071.3,1294800
1500371100000,24068.0,24070.1,24050.0,24059.0,230720
1500435900000,24085.0,24168.7,24051.0,24154.95,853320
1500446700000,24155.35,24222.0,24112.65,24198.9,889600
1500457500000,24199.95,24227.05,24198.7,24222.8,285680
1500522300000,24222.0,24289.0,24206.3,24254.65,1121200
1500533100000,24255.95,24265.7,24181.45,24220.05,1239560
1500543900000,24220.05,24250.4,24219.0,24243.0,230640
1500608700000,24260.0,24294.95,24177.4,24202.9,857600
1500619500000,24201.0,24248.85,24062.2,24238.0,1667800
1500630300000,24238.0,24265.7,24227.05,24258.85,278160
1500867900000,24249.9,24388.0,24220.0,24341.75,1036160
1500878700000,24335.1,24414.0,24330.0,24365.0,1124320
1500889500000,24365.2,24390.15,24360.6,24377.0,284960
1500954300000,24575.0,24575.0,24443.65,24483.35,1282480
1500965100000,24483.0,24536.0,24474.2,24516.0,595480
1500975900000,24516.0,24533.0,24515.0,24525.0,223120
1501040700000,24527.05,24567.4,24491.75,24552.0,849240
1501051500000,24552.0,24708.0,24522.0,24695.0,1230840
1501062300000,24695.0,24718.0,24682.1,24702.0,337160
1501127100000,24785.15,25027.1,24740.05,24982.1,2226040
1501137900000,24986.0,25037.5,24895.1,24903.1,2000000
1501148700000,24904.0,24929.9,24903.1,24922.0,445240
1501213500000,24870.0,24962.1,24820.0,24930.05,1223960
1501224300000,24931.0,24958.0,24810.0,24935.75,1348560
1501235100000,24935.0,24956.25,24930.0,24934.0,189840
1501472700000,24985.0,25062.0,24897.25,25047.6,1199600
1501483500000,25046.15,25148.9,25027.4,25129.4,917520
1501494300000,25128.95,25150.9,25124.1,25129.95,239520
1501559100000,25157.95,25220.0,25113.05,25166.65,1217280
1501569900000,25166.6,25195.0,25130.1,25190.0,673440
1501580700000,25191.8,25224.0,25180.85,25197.0,256040
1501645500000,25229.0,25233.75,25165.45,25174.0,732960
1501656300000,25172.75,25260.0,25080.0,25191.7,2090160
1501667100000,25192.0,25195.5,25030.0,25030.3,403760
1501731900000,25060.55,25060.55,24858.05,24906.2,1999320
1501742700000,24906.95,24935.95,24726.35,24824.45,1943520
1501753500000,24824.1,24829.2,24774.0,24785.0,418440
1501818300000,24769.0,24818.6,24698.9,24782.2,1342480
1501829100000,24780.0,24995.0,24762.0,24966.1,1582600
1501839900000,24964.95,24966.85,24940.15,24958.0,207400
1502077500000,24940.0,25061.0,24921.1,25026.0,908120
1502088300000,25026.5,25059.95,24980.1,25012.45,524680
1502099100000,25013.0,25020.0,24968.4,24980.1,209960
1502163900000,25009.9,25019.8,24593.7,24726.65,2496240
1502174700000,24727.75,24766.75,24577.3,24628.0,1175280
1502185500000,24628.0,24759.45,24627.65,24705.0,620760
1502250300000,24525.5,24634.9,24470.55,24542.0,1305960
1502261100000,24540.5,24620.6,24452.3,24487.0,1646720
1502271900000,24485.15,24496.8,24430.0,24430.5,325920
1502336700000,24398.0,24441.2,24277.1,24347.45,2364320
1502347500000,24348.75,24379.35,24180.0,24277.4,1657160
1502358300000,24280.05,24382.65,24277.5,24363.8,422120
1502423100000,24300.0,24880.45,24021.0,24228.15,1813000
1502433900000,24231.8,24242.45,23956.1,24096.3,2101160
1502444700000,24098.7,24118.0,24070.0,24087.25,373720
1502682300000,24160.0,24288.65,24125.15,24249.0,1300720
1502693100000,24249.0,24272.0,24200.7,24221.0,689880
1502703900000,24222.45,24229.0,24172.0,24190.35,253720
1502855100000,24241.0,24248.8,23990.0,24073.5,1525080
1502865900000,24075.05,24497.65,24065.0,24470.55,3007800
1502876700000,24470.1,24496.5,24465.0,24495.0,313280
1502941500000,24512.25,24520.0,24292.3,24315.0,1812320
1502952300000,24316.05,24417.3,24181.1,24181.1,1468320
1502963100000,24191.95,24318.0,24143.7,24294.95,636000
1503027900000,24151.55,24179.9,23933.05,24054.7,1710560
1503038700000,24055.0,24137.55,24010.35,24117.8,1168280
1503049500000,24114.8,24125.0,24077.7,24094.5,240640
1503287100000,24137.85,24264.0,24112.0,24148.0,1293200
1503297900000,24147.0,24173.0,23959.7,23973.8,1221280
1503308700000,23974.3,23980.0,23935.0,23951.85,315520
1503373500000,24080.0,24152.8,23882.1,24078.95,2272040
1503384300000,24082.25,24132.0,23961.2,24036.8,1101960
1503395100000,24034.05,24080.5,24025.25,24080.05,245040
1503459900000,24144.9,24237.4,24110.0,24217.05,1473240
1503470700000,24219.2,24364.7,24122.75,24337.0,2383160
1503481500000,24337.0,24359.0,24306.95,24320.0,340360
1503546300000,24347.0,24357.85,24233.0,24273.1,1065400
1503557100000,24273.0,24400.0,24268.0,24337.85,1451800
1503567900000,24335.0,24340.0,24301.1,24339.95,259880
1503891900000,24381.0,24434.7,24328.0,24430.25,897200
1503902700000,24432.0,24455.0,24353.75,24380.05,872000
1503913500000,24380.0,24388.75,24354.7,24360.7,196400
1503978300000,24258.0,24297.25,24151.55,24234.6,1652440
1503989100000,24235.15,24248.0,24092.2,24116.05,1139880
1503999900000,24116.05,24124.2,24083.1,24100.05,298080
1504064700000,24253.0,24383.6,24218.1,24346.9,1504800
1504075500000,24347.05,24362.5,24273.05,24300.0,804960
1504086300000,24300.0,24318.9,24292.0,24312.0,261440
1504151100000,24310.0,24312.05,24183.25,24268.6,1284320
1504161900000,24268.0,24325.0,24229.1,24314.0,1273520
1504172700000,24317.75,24325.8,24311.85,24317.0,260600
1504237500000,24354.0,24528.0,24307.35,24493.65,1379800
1504248300000,24490.4,24525.0,24461.25,24495.0,618680
1504259100000,24495.95,24495.95,24456.0,24483.0,227520
1504496700000,24461.9,24473.0,24219.7,24255.1,1445560
1504507500000,24256.7,24315.7,24207.3,24307.0,880400
1504518300000,24307.15,24308.35,24268.8,24273.7,256640
1504583100000,24312.0,24428.0,24287.0,24359.2,1071720
1504593900000,24355.0,24420.0,24323.3,24391.3,789600
1504604700000,24391.0,24400.0,24380.85,24389.0,164800
1504669500000,24252.0,24307.7,24197.45,24281.25,1443840
1504680300000,24280.2,24350.0,24263.2,24296.1,861800
1504691100000,24298.25,24323.0,24295.0,24316.3,195760
1504755900000,24360.0,24444.9,24340.0,24386.15,1024400
1504766700000,24385.5,24422.95,24306.0,24360.0,922960
1504777500000,24360.0,24365.0,24337.6,24364.9,272320
1504842300000,24427.0,24430.0,24333.0,24363.15,798800
1504853100000,24363.6,24399.95,24266.15,24378.0,1307600
1504863900000,24378.1,24382.0,24356.2,24370.05,240520
1505101500000,24499.8,24694.7,24461.0,24659.55,2055720
1505112300000,24657.0,24719.0,24640.0,24663.05,896360
1505123100000,24663.05,24669.0,24644.55,24651.5,244600
1505187900000,24750.0,24795.0,24665.4,24789.85,1259000
1505198700000,24789.05,24805.0,24755.0,24782.55,694360
1505209500000,24781.8,24791.15,24771.0,24780.0,191160
1505274300000,24780.35,24889.45,24734.5,24869.7,1292040
1505285100000,24869.7,24937.0,24805.0,24807.95,1127160
1505295900000,24805.05,24833.15,24801.4,24824.8,205640
1505360700000,24850.0,24962.95,24816.5,24889.65,1274440
1505371500000,24891.0,24959.0,24881.0,24919.0,875280
1505382300000,24919.0,24942.0,24914.15,24941.95,297240
1505447100000,24850.0,24917.2,24822.7,24878.95,986360
1505457900000,24877.95,24913.7,24830.1,24852.05,787000
1505468700000,24854.65,24858.3,24840.0,24845.0,199720
1505706300000,24960.35,25089.9,24947.5,25081.0,1019320
1505717100000,25080.0,25104.85,25048.0,25060.0,471440
1505727900000,25060.0,25066.85,25044.1,25052.95,201720
1505792700000,25052.0,25060.0,24996.6,25025.15,659920
1505803500000,25025.2,25084.1,25015.0,25059.0,753280
1505814300000,25059.0,25067.5,25055.0,25062.0,111280
1505879100000,25005.0,25080.35,24985.05,25045.0,789880
1505889900000,25045.0,25075.0,25011.2,25033.0,560600
1505900700000,25033.0,25035.9,25005.0,25010.0,259000
1505965500000,24997.9,25015.0,24717.6,24802.9,2136680
1505976300000,24803.35,24870.0,24780.0,24835.1,853080
1505987100000,24834.9,24858.0,24827.15,24849.0,258560
1506051900000,24725.0,24765.0,24492.1,24525.9,1880400
1506062700000,24526.15,24553.0,24410.0,24425.0,1371280
1506073500000,24425.0,24431.0,24403.4,24417.25,361960
1506311100000,24418.5,24458.0,23915.5,24187.0,1729240
1506321900000,24184.95,24235.0,24090.9,24198.1,1033000
1506332700000,24197.9,24215.0,24187.0,24204.2,216240
1506397500000,24159.0,24199.0,24060.0,24149.0,1181280
1506408300000,24149.05,24290.0,24119.05,24224.0,1198440
1506419100000,24223.95,24230.4,24185.0,24197.35,230400
1506483900000,24308.0,24342.8,23985.0,24014.05,1956440
1506494700000,24014.3,24023.65,23790.95,23803.95,1874680
1506505500000,23803.9,23844.05,23776.5,23817.45,300160
1506570300000,23929.45,23929.45,23700.0,23792.55,1784480
1506581100000,23795.5,23980.8,23609.1,23967.25,3406520
1506591900000,23971.1,24025.0,23970.0,24012.95,679680
1506656700000,24135.7,24267.0,24120.0,24236.0,1144720
1506667500000,24233.8,24248.15,24016.0,24048.0,1151680
1506678300000,24048.0,24081.2,24038.5,24078.85,257320
1507002300000,24580.0,24580.0,24003.0,24101.0,1373880
1507013100000,24100.35,24134.95,24015.2,24114.05,779680
1507023900000,24110.2,24134.95,24101.05,24134.95,183120
1507088700000,24160.0,24180.0,24072.05,24153.3,701400
1507099500000,24153.3,24260.0,24066.0,24119.95,2099640
1507110300000,24120.0,24169.0,24092.35,24159.95,315840
1507175100000,24146.05,24236.65,24016.0,24112.0,1261800
1507185900000,24112.0,24156.95,24084.05,24084.05,734320
1507196700000,24088.0,24115.0,24087.0,24113.0,187560
1507261500000,24135.7,24290.0,24135.7,24236.95,1369880
1507272300000,24236.0,24249.45,24161.25,24230.0,710520
1507283100000,24230.0,24246.0,24222.25,24244.0,200600
1507520700000,24176.05,24347.0,24176.05,24268.65,1340240
1507531500000,24268.35,24322.5,24251.1,24299.0,574360
1507542300000,24298.1,24312.1,24292.6,24309.5,186480
1507607100000,24340.0,24390.0,24310.0,24360.0,859800
1507617900000,24360.0,24385.0,24325.0,24372.05,489680
1507628700000,24373.7,24380.25,24365.0,24376.0,169520
1507693500000,24420.0,24478.9,24410.0,24455.75,913800
1507704300000,24456.15,24467.25,24080.0,24112.0,2786680
1507715100000,24114.9,24120.0,24080.1,24085.1,349480
1507779900000,24170.0,24173.55,24005.0,24160.0,1379920
1507790700000,24160.05,24391.6,24090.05,24380.25,1814560
1507801500000,24380.3,24419.0,24380.05,24386.0,329960
1507866300000,24420.0,24719.75,24406.0,24689.0,2140640
1507877100000,24689.85,24798.0,24675.0,24724.0,1316480
1507887900000,24724.0,24754.45,24711.0,24734.35,304360
1508125500000,24838.1,24891.55,24520.2,24688.4,2355280
1508136300000,24691.55,24780.0,24622.1,24733.0,781920
1508147100000,24733.0,24759.2,24724.05,24756.75,184400
1508211900000,24740.25,24824.0,24671.25,24729.0,1002280
1508222700000,24730.0,24730.0,24580.5,24652.0,1160720
1508233500000,24652.0,24670.75,24640.0,24667.2,143360
1508298300000,24553.35,24553.35,24302.25,24333.0,2020080
1508309100000,24333.0,24435.0,24325.5,24340.0,1155360
1508319900000,24337.45,24400.4,24331.2,24391.3,238360
1508730300000,24000.0,24166.05,23902.0,23986.0,2134000
1508741100000,23985.25,24130.0,23980.1,24116.05,822760
1508751900000,24116.05,24169.9,24098.25,24169.9,223880
1508816700000,24126.0,24306.95,24032.7,24247.2,1562200
1508827500000,24246.5,24299.0,24156.0,24243.25,1259040
1508838300000,24246.5,24249.85,24228.6,24235.95,195840
1508903100000,24701.15,24974.65,24548.05,24784.0,3779480
1508913900000,24780.65,25111.0,24755.0,25010.05,2506680
1508924700000,25009.55,25010.9,24968.05,24988.1,278080
1508989500000,24945.0,25117.9,24866.65,25013.3,1910720
1509000300000,25013.35,25138.9,24945.0,25031.8,1342360
1509011100000,25030.0,25036.45,25017.65,25024.0,367760
1509075900000,24966.1,25085.0,24920.05,24992.1,1345280
1509086700000,24995.05,25071.0,24957.0,24969.0,664680
1509097500000,24968.0,24999.9,24963.15,24990.0,170560
1509335100000,24975.5,25125.0,24935.65,25090.6,887560
1509345900000,25090.4,25109.0,25051.05,25067.7,457520
1509356700000,25066.9,25077.2,25057.9,25074.85,153360
1509421500000,25112.05,25112.05,24963.0,25057.0,1054680
1509432300000,25057.05,25089.35,25026.25,25048.0,522720
1509443100000,25047.95,25074.65,25045.1,25071.7,146360
1509507900000,25225.0,25523.9,25193.05,25517.0,1875560
1509518700000,25515.5,25573.4,25481.25,25533.95,903160
1509529500000,25531.95,25544.75,25526.0,25535.0,208720
1509594300000,25507.95,25610.0,25438.65,25474.0,1310200
1509605100000,25474.15,25539.6,25413.0,25478.9,995880
1509615900000,25478.1,25481.5,25460.55,25465.0,214600
1509680700000,25550.0,25560.8,25427.2,25527.3,939560
1509691500000,25526.4,25685.0,25503.3,25661.65,1121040
1509702300000,25661.65,25688.85,25660.7,25677.55,284200
1509939900000,25556.5,25665.05,25556.5,25632.0,811600
1509950700000,25632.0,25715.0,25608.0,25641.9,782640
1509961500000,25642.0,25645.95,25583.3,25585.5,240920
1510026300000,25650.05,25690.15,25460.0,25553.95,1651760
1510037100000,25553.95,25580.0,25337.0,25390.6,1727880
1510047900000,25394.2,25416.75,25377.0,25389.95,264400
1510112700000,25427.85,25519.95,25295.6,25448.0,1583760
1510123500000,25450.9,25500.05,25237.0,25319.0,1443520
1510134300000,25319.95,25344.95,25290.85,25338.4,222400
1510199100000,25362.35,25460.0,25301.0,25322.05,1356040
1510209900000,25325.0,25410.0,25256.55,25400.05,1120560
1510220700000,25400.1,25473.25,25395.7,25464.95,354520
1510285500000,25447.0,25488.0,25370.0,25423.8,939600
1510296300000,25422.5,25667.6,25330.25,25553.05,2453120
1510307100000,25555.0,25559.15,25513.0,25522.2,300440
1510544700000,25535.1,25604.8,25466.35,25560.0,981440
1510555500000,25560.0,25595.45,25445.0,25486.1,761840
1510566300000,25480.05,25480.9,25442.0,25457.0,253360
1510631100000,25380.25,25486.95,25357.2,25374.0,955040
1510641900000,25374.85,25523.55,25320.2,25391.6,1239080
1510652700000,25391.55,25410.0,25372.15,25401.65,176800
1510717500000,25345.0,25395.0,25310.0,25346.9,938160
1510728300000,25343.15,25409.35,25260.0,25314.85,1545440
1510739100000,25314.25,25337.15,25300.05,25327.2,224040
1510803900000,25360.15,25458.4,25351.4,25443.7,1207440
1510814700000,25442.0,25509.8,25432.35,25491.05,846280
1510825500000,25494.75,25550.5,25490.05,25550.0,305960
1510890300000,25800.0,25974.65,25752.2,25929.7,2216920
1510901100000,25926.95,25965.0,25821.0,25821.0,997880
1510911900000,25822.0,25829.3,25772.75,25786.1,345240
1511149500000,25825.0,25853.3,25745.15,25820.0,697720
1511160300000,25817.1,25867.0,25783.4,25833.9,511560
1511171100000,25835.0,25840.0,25819.75,25829.15,191280
1511235900000,26200.0,26200.0,25872.0,25896.25,894080
1511246700000,25895.95,25915.0,25802.0,25832.05,938880
1511257500000,25831.75,25842.0,25785.0,25792.95,234080
1511322300000,25864.95,25873.95,25705.0,25811.9,1164840
1511333100000,25809.0,25848.0,25760.05,25790.0,770200
1511343900000,25789.8,25805.6,25778.3,25803.0,195040
1511408700000,25820.0,25835.1,25755.05,25775.75,711360
1511419500000,25775.0,25783.0,25652.05,25760.0,1553240
1511430300000,25764.9,25816.95,25761.15,25787.8,335560
1511495100000,25781.0,25885.65,25770.05,25842.0,872240
1511505900000,25847.0,25869.2,25821.8,25845.0,478040
1511516700000,25844.45,25848.0,25835.15,25844.5,231080
1511754300000,25774.4,25794.3,25710.0,25775.0,912800
1511765100000,25775.0,25957.0,25743.45,25945.0,1027960
1511775900000,25945.05,25969.95,25942.65,25951.95,226720
1511840700000,25862.0,25988.9,25862.0,25942.95,797440
1511851500000,25940.5,25982.6,25816.65,25879.9,1098360
1511862300000,25879.9,25888.95,25858.2,25858.8,162880
1511927100000,25840.0,25913.1,25812.0,25870.0,888880
1511937900000,25871.95,25897.2,25792.0,25835.0,735200
1511948700000,25835.0,25839.95,25781.25,25789.0,227880
1512013500000,25875.0,25875.0,25530.6,25559.95,1615360
1512024300000,25559.8,25603.0,25273.05,25314.05,1944520
1512035100000,25314.5,25333.0,25311.15,25330.1,623080
1512099900000,25510.0,25540.0,25350.0,25407.0,1230720
1512110700000,25406.0,25484.4,25211.3,25269.2,1442040
1512121500000,25269.2,25275.0,25236.0,25256.05,251240
1512359100000,25300.0,25374.0,25167.0,25262.0,942800
1512369900000,25263.9,25289.95,25086.0,25154.2,1037440
1512380700000,25155.0,25245.0,25154.15,25245.0,207320
1512445500000,25297.0,25297.0,25023.0,25081.55,1157000
1512456300000,25081.95,25283.55,24980.2,25210.7,1825440
1512467100000,25210.7,25249.7,25201.25,25246.7,238640
1512531900000,25240.0,25240.0,25061.6,25095.0,1043040
1512542700000,25096.1,25120.0,24891.25,24904.95,1925680
1512553500000,24903.25,24961.9,24885.9,24940.6,464920
1512618300000,25001.25,25156.0,24940.35,25068.0,1644960
1512629100000,25067.6,25204.2,25054.2,25198.9,1013160
1512639900000,25198.0,25209.0,25173.0,25188.0,268920
1512704700000,25242.35,25374.9,25232.35,25344.8,1481480
1512715500000,25343.35,25389.85,25316.0,25362.55,823640
1512726300000,25364.9,25374.35,25358.1,25369.3,229480
1512963900000,25450.9,25488.0,25381.0,25393.05,897320
1512974700000,25394.2,25454.7,25364.6,25425.15,571640
1512985500000,25425.1,25433.05,25411.15,25420.0,147480
1513050300000,25399.0,25399.0,25180.8,25240.0,1608840
1513061100000,25239.25,25248.95,25166.0,25185.0,796160
1513071900000,25187.55,25192.3,25160.45,25165.45,266440
1513136700000,25140.0,25348.0,25078.45,25303.85,1841240
1513147500000,25302.9,25326.0,24962.1,25039.9,1984480
1513158300000,25042.35,25063.6,25030.45,25048.45,196560
1513223100000,25072.35,25109.05,24956.0,24996.35,1317520
1513233900000,24995.15,25218.15,24944.05,25202.6,1768160
1513244700000,25200.0,25244.2,25198.45,25219.0,372160
1513309500000,25549.6,25590.0,25439.15,25517.0,2100120
1513320300000,25520.0,25540.95,25466.35,25507.9,665960
1513331100000,25507.25,25528.0,25504.25,25525.0,268480
1513568700000,25111.05,25764.0,24000.0,25738.05,4891320
1513579500000,25736.0,25773.0,25524.7,25626.0,1324560
1513590300000,25623.2,25646.7,25570.45,25646.3,232560
1513655100000,25680.1,25739.7,25631.15,25662.05,821880
1513665900000,25662.0,25740.4,25615.35,25718.1,861760
1513676700000,25718.1,25721.25,25706.0,25716.1,138680
1513741500000,25739.9,25795.7,25646.4,25747.95,1119600
1513752300000,25747.9,25769.3,25631.7,25656.55,912880
1513763100000,25656.95,25663.65,25640.0,25649.95,218360
1513827900000,25655.35,25695.0,25555.15,25613.1,939480
1513838700000,25613.85,25644.95,25568.0,25616.0,582880
1513849500000,25617.2,25626.8,25610.0,25619.0,183120
1513914300000,25655.0,25720.0,25601.0,25668.0,890920
1513925100000,25668.0,25684.9,25608.5,25678.35,554520
1513935900000,25680.0,25682.0,25659.9,25670.0,186880
1514259900000,25652.0,25669.0,25593.7,25624.9,630240
1514270700000,25625.0,25685.0,25613.65,25658.95,501520
1514281500000,25656.1,25706.8,25656.0,25693.0,218600
1514346300000,25670.0,25755.0,25611.0,25686.0,990720
1514357100000,25688.0,25721.0,25488.55,25541.05,1517960
1514367900000,25541.5,25542.3,25443.45,25445.8,309520
1514432700000,25475.35,25529.15,25404.4,25453.4,1091120
1514443500000,25453.4,25538.1,25435.75,25496.0,1535400
1514454300000,25492.15,25499.1,25484.4,25491.1,371640
1514519100000,25538.0,25598.2,25484.45,25551.7,900960
1514529900000,25551.35,25567.5,25500.05,25557.0,604840
1514540700000,25559.05,25590.05,25556.4,25585.0,264960
1514778300000,25570.0,25622.0,25535.95,25584.05,388840
1514789100000,25584.0,25598.0,25419.0,25458.95,778320
1514799900000,25458.2,25459.7,25411.8,25427.5,319520
1514864700000,25490.0,25491.95,25316.95,25370.7,1347480
1514875500000,25375.3,25426.65,25287.55,25385.1,1112200
1514886300000,25386.55,25396.05,25363.95,25380.0,163240
1514951100000,25440.0,25499.0,25426.05,25454.5,983160
1514961900000,25454.5,25466.8,25370.0,25377.4,973240
1514972700000,25380.0,25393.5,25377.2,25384.15,191920
1515037500000,25394.75,25484.8,25379.55,25476.1,1111920
1515048300000,25475.45,25515.0,25431.85,25488.9,1095680
1515059100000,25488.0,25524.0,25485.9,25522.95,336000
1515123900000,25534.0,25594.75,25520.65,25546.5,1059640
1515134700000,25547.2,25630.5,25542.2,25619.0,685760
1515145500000,25618.0,25668.3,25615.4,25659.25,333120
1515383100000,25699.85,25779.9,25685.1,25749.25,919120
1515393900000,25749.8,25762.4,25712.05,25730.0,544520
1515404700000,25730.0,25738.0,25708.95,25720.2,215800
1515469500000,25750.0,25769.25,25641.05,25675.35,728880
1515480300000,25675.25,25737.35,25644.1,25712.0,677320
1515491100000,25712.0,25718.9,25696.55,25710.0,181480
1515555900000,25696.2,25714.8,25565.65,25598.95,1244960
1515566700000,25595.15,25633.0,25586.9,25617.0,511720
1515577500000,25616.1,25645.45,25616.1,25624.95,215560
1515642300000,25602.4,25652.45,25550.0,25648.0,1082600
1515653100000,25645.45,25706.95,25638.65,25671.1,1030320
1515663900000,25671.25,25678.9,25650.0,25660.15,263200
1515728700000,25710.0,25764.75,25691.95,25696.1,893440
1515739500000,25695.85,25762.0,25568.0,25748.95,1883280
1515750300000,25748.95,25754.95,25730.1,25734.95,168960
1515987900000,25774.75,26013.95,25762.45,25989.95,2124440
1515998700000,25986.0,26063.55,25963.05,26046.55,740480
1516009500000,26043.0,26054.85,26034.15,26041.05,301360
1516074300000,26121.0,26121.0,25960.6,26012.0,1229120
1516085100000,26013.45,26035.0,25937.05,25976.95,968840
1516095900000,25978.0,25995.25,25972.05,25989.7,163800
1516160700000,25989.95,26080.0,25912.0,26045.0,1401640
1516171500000,26046.0,26312.05,26043.05,26281.05,1576320
1516182300000,26281.05,26313.0,26275.0,26305.0,353240
1516247100000,26610.25,26767.95,26504.0,26692.05,3095320
1516257900000,26692.0,26747.35,26385.0,26518.05,1937200
1516268700000,26523.15,26529.8,26506.0,26529.0,238880
1516333500000,26551.05,26713.0,26429.95,26657.75,2180200
1516344300000,26656.0,26947.75,26585.0,26913.05,1712880
1516355100000,26911.25,26927.7,26889.4,26890.25,299240
1516592700000,26889.9,26993.0,26801.7,26913.0,1145040
1516603500000,26914.0,27045.4,26869.45,26992.1,938120
1516614300000,26990.0,27025.0,26988.0,26988.0,174760
1516679100000,27044.4,27196.2,27030.0,27173.9,1057160
1516689900000,27178.5,27405.85,27163.5,27397.1,1398000
1516700700000,27397.45,27415.0,27370.1,27381.8,316560
1516765500000,27310.05,27474.7,27219.2,27322.3,1823680
1516776300000,27326.9,27465.0,27308.45,27434.5,1233400
1516787100000,27434.15,27451.45,27420.1,27445.0,308040
1516851900000,27474.65,27476.0,27290.6,27348.3,1347720
1516862700000,27345.2,27512.5,27126.3,27455.0,2425000
1516873500000,27454.9,27460.05,27440.0,27449.0,456360
1517197500000,27382.0,27639.65,27382.0,27597.8,1172440
1517208300000,27597.85,27630.0,27475.0,27523.0,828040
1517219100000,27525.0,27525.0,27480.0,27497.0,239920
1517283900000,27451.05,27479.85,27318.6,27366.0,1246480
1517294700000,27363.75,27429.85,27312.2,27369.0,797120
1517305500000,27367.0,27379.0,27338.0,27347.8,158040
1517370300000,27222.0,27415.05,27210.35,27302.0,1091640
1517381100000,27300.35,27582.5,27228.85,27494.95,1456680
1517391900000,27495.0,27495.0,27436.0,27468.0,292960
1517456700000,27430.35,27612.0,27320.0,27410.0,1401120
1517467500000,27401.05,27661.0,27078.6,27234.95,4203320
1517478300000,27232.4,27237.4,27184.2,27185.4,345400
1517543100000,26994.95,26994.95,26701.0,26740.0,2353600
1517553900000,26739.0,26867.7,26512.6,26529.05,1626200
1517564700000,26529.0,26532.5,26425.5,26435.75,385000
1517802300000,26094.95,26296.0,25903.3,26214.85,1791600
1517813100000,26210.2,26317.35,26082.9,26194.6,1239520
1517823900000,26195.0,26234.95,26185.05,26210.0,206600
1517888700000,25201.1,25407.7,25000.0,25267.9,2934520
1517899500000,25267.95,26213.05,25248.75,25796.65,3805280
1517910300000,25796.9,25973.5,25788.2,25920.0,309120
1517975100000,26111.35,26111.35,25591.8,25733.55,1876120
1517985900000,25738.0,25859.9,25655.2,25669.0,1756920
1517996700000,25665.65,25665.65,25572.0,25633.2,432320
1518061500000,25741.0,26110.5,25622.05,25996.95,2267000
1518072300000,25998.05,26148.0,25853.0,25947.05,1789240
1518083100000,25948.95,25980.0,25932.0,25980.0,222920
1518147900000,25510.15,25610.0,25356.0,25513.55,2120400
1518158700000,25513.55,25650.0,25425.0,25521.1,1692760
1518169500000,25521.0,25552.8,25518.95,25530.0,276200
1518407100000,25602.5,25708.95,25530.0,25635.7,1138360
1518417900000,25637.55,25759.4,25562.0,25695.2,1121840
1518428700000,25694.25,25729.1,25681.65,25715.45,211240
1518579900000,25760.0,25830.0,25512.0,25569.65,1628960
1518590700000,25568.0,25635.0,25400.25,25400.25,1451160
1518601500000,25402.6,25415.0,25250.0,25305.05,565080
1518666300000,25325.0,25567.2,25308.05,25496.0,1746120
1518677100000,25498.75,25613.0,25281.2,25422.05,2213600
1518687900000,25422.1,25456.0,25422.1,25436.0,218040
1518752700000,25475.1,25590.0,25301.1,25347.4,1930720
1518763500000,25348.45,25399.0,25128.6,25177.35,1595880
1518774300000,25179.0,25226.95,25174.1,25200.05,282080
1519011900000,25300.05,25323.95,24930.2,24970.95,2290880
1519022700000,24972.75,25054.1,24840.15,25035.7,1827880
1519033500000,25035.8,25116.5,25035.8,25072.25,341520
1519098300000,25061.1,25149.8,24960.0,25022.5,1734440
1519109100000,25021.95,25140.0,24816.0,24828.45,2080000
1519119900000,24825.9,24880.0,24811.8,24838.05,280160
1519184700000,24980.0,25010.5,24830.1,24874.05,1261400
1519195500000,24872.9,24973.4,24776.1,24924.5,1700480
1519206300000,24920.1,24951.75,24909.0,24920.0,199800
1519271100000,24785.0,24883.4,24785.0,24845.95,1124320
1519281900000,24844.15,24955.0,24752.8,24950.0,2094320
1519292700000,24954.85,24956.95,24940.0,24953.05,340240
1519357500000,25002.0,25357.75,24950.0,25292.15,1994720
1519368300000,25292.05,25385.0,25273.0,25363.0,1002320
1519379100000,25363.0,25409.95,25361.5,25404.7,382520
1519616700000,25530.0,25627.5,25452.0,25613.0,1358680
1519627500000,25612.1,25777.95,25596.1,25749.95,1169440
1519638300000,25747.2,25753.6,25713.0,25715.3,259640
1519703100000,25700.0,25780.0,25483.1,25526.7,1964160
1519713900000,25526.7,25564.75,25391.3,25414.25,1465040
1519724700000,25407.0,25414.0,25385.0,25410.0,259520
1519789500000,24600.0,25210.85,24600.0,25083.05,1972760
1519800300000,25082.0,25270.0,24993.6,25186.0,2250280
1519811100000,25186.0,25189.7,25145.0,25178.55,260840
1519875900000,25069.4,25280.0,25069.4,25128.95,1946760
1519886700000,25125.25,25198.7,24903.0,24935.0,1726360
1519897500000,24938.35,24950.05,24870.0,24878.3,417400
1520221500000,24749.65,24888.3,24683.1,24813.45,1795440
1520232300000,24818.85,24905.0,24726.25,24865.95,1547160
1520243100000,24867.1,24877.4,24847.65,24868.9,278280
1520307900000,24990.0,25085.0,24814.1,24917.3,2178240
1520318700000,24915.35,24948.7,24505.0,24506.9,2146800
1520329500000,24510.0,24518.5,24412.0,24420.45,520720
1520394300000,24370.0,24439.0,24207.4,24258.75,2645000
1520405100000,24262.95,24366.95,24160.6,24198.35,2017720
1520415900000,24195.35,24255.7,24185.05,24237.65,259400
1520480700000,24364.0,24380.0,24085.7,24300.0,2548880
1520491500000,24298.1,24570.0,24237.0,24472.35,2644440
1520502300000,24472.4,24503.95,24460.0,24490.1,269680
1520567100000,24549.8,24580.0,24362.3,24449.25,1770720
1520577900000,24446.35,24540.0,24285.15,24304.05,1793120
1520588700000,24305.95,24330.0,24300.05,24315.4,258200
1520826300000,24505.65,24567.85,24402.0,24481.95,1750920
1520837100000,24485.0,24794.0,24459.1,24768.95,1835080
1520847900000,24772.0,24798.0,24748.0,24763.55,352480
1520912700000,24710.0,25045.0,24680.0,25006.2,2382760
1520923500000,25000.05,25090.0,24636.0,24724.1,3519880
1520934300000,24735.85,24820.0,24723.9,24809.2,237200
1520999100000,24690.0,24734.65,24551.1,24637.0,1907600
1521009900000,24632.5,24960.55,24582.65,24909.8,2603840
1521020700000,24910.0,24970.0,24903.65,24952.25,347640
1521085500000,24922.05,24970.0,24812.0,24880.3,1745960
1521096300000,24878.4,25007.95,24811.0,24863.0,2093960
1521107100000,24863.0,24875.5,24791.0,24795.0,437040
1521171900000,24750.85,24869.9,24692.0,24799.5,2029680
1521182700000,24799.65,24848.7,24566.0,24588.0,2166720
1521193500000,24593.4,24639.9,24586.6,24639.85,296120
1521431100000,24630.0,24670.0,24405.2,24457.25,1931120
1521441900000,24458.0,24463.0,24256.55,24332.05,2094000
1521452700000,24331.65,24351.5,24322.0,24335.0,243120
1521517500000,24210.0,24430.0,24201.1,24411.05,1855600
1521528300000,24411.05,24419.0,24135.3,24200.0,1985840
1521539100000,24199.95,24279.0,24182.0,24278.0,302800
1521603900000,24375.05,24528.0,24351.05,24414.95,2016920
1521614700000,24415.15,24430.0,24251.0,24326.2,1773240
1521625500000,24326.75,24346.15,24306.65,24340.0,255080
1521690300000,24352.35,24368.55,24226.25,24238.85,1680640
1521701100000,24238.8,24334.8,24150.1,24168.15,1935360
1521711900000,24170.0,24199.25,24110.1,24123.7,324840
1521776700000,23832.0,23860.0,23631.2,23650.0,2038880
1521787500000,23649.8,23792.2,23634.45,23712.05,1695880
1521798300000,23712.8,23730.85,23663.45,23675.0,291920
1522035900000,23670.0,23899.8,23668.45,23869.75,1681600
1522046700000,23869.0,24320.0,23863.1,24302.4,2229080
1522057500000,24302.3,24319.0,24264.95,24307.45,326520
1522122300000,24424.0,24518.6,24280.25,24419.95,2270360
1522133100000,24421.0,24478.95,24335.3,24391.0,2216920
1522143900000,24393.5,24424.2,24386.65,24406.0,217760
1522208700000,24300.0,24375.0,24226.0,24324.0,1531920
1522219500000,24325.0,24367.9,24234.8,24248.8,1572520
1522230300000,24249.45,24270.8,24245.85,24262.95,357920
1522640700000,24355.5,24439.95,24155.0,24265.1,1464360
1522651500000,24260.05,24446.0,24207.9,24435.0,1354600
1522662300000,24435.75,24465.0,24422.05,24432.1,264560
1522727100000,24380.0,24534.0,24355.0,24459.75,1385240
1522737900000,24460.0,24612.0,24446.35,24599.05,1158720
1522748700000,24598.7,24621.75,24585.0,24605.0,268400
1522813500000,24621.75,24699.0,24541.05,24595.9,1633840
1522824300000,24596.1,24605.7,24126.15,24177.4,2986160
1522835100000,24175.3,24180.6,24115.75,24125.0,403720
1522899900000,24422.0,24577.6,24410.0,24545.0,2213120
1522910700000,24543.0,24811.0,24502.8,24809.05,2216480
1522921500000,24810.95,24878.4,24805.0,24842.25,444120
1522986300000,24820.1,24821.9,24675.35,24773.85,1490040
1522997100000,24770.05,24974.0,24770.0,24929.5,1732680
1523007900000,24928.0,24940.0,24855.1,24865.0,266120
1523245500000,24860.0,25085.85,24860.0,25066.1,1744120
1523256300000,25066.05,25164.0,25015.0,25107.95,1529120
1523267100000,25108.5,25113.45,25065.0,25071.75,219360
1523331900000,25149.0,25238.0,25102.0,25195.0,1672960
1523342700000,25192.0,25258.4,25137.05,25198.7,1343720
1523353500000,25198.35,25221.75,25196.0,25215.0,268680
1523418300000,25201.2,25209.7,24933.85,25010.0,2068960
1523429100000,25010.0,25150.0,25004.35,25107.05,1254680
1523439900000,25107.05,25109.0,25082.0,25092.3,225920
1523504700000,25099.65,25120.95,24956.05,25079.0,1599040
1523515500000,25077.2,25230.0,25054.45,25187.0,1700560
1523526300000,25189.8,25194.0,25169.5,25178.9,220360
1523591100000,25249.65,25388.0,25190.1,25377.15,1534800
1523601900000,25380.0,25394.95,25075.0,25195.05,2310960
1523612700000,25194.0,25243.9,25194.0,25235.0,224600
1523850300000,25098.6,25250.0,25050.2,25170.0,1292720
1523861100000,25171.4,25343.5,25156.35,25322.2,1367480
1523871900000,25322.15,25347.9,25320.05,25339.4,253560
1523936700000,25385.05,25422.0,25251.25,25274.8,1353480
1523947500000,25274.45,25388.1,25210.0,25327.5,1525080
1523958300000,25327.5,25343.1,25317.05,25334.95,180720
1524023100000,25410.1,25448.5,25271.05,25327.6,1292920
1524033900000,25325.65,25366.0,25080.0,25150.0,2110880
1524044700000,25148.2,25163.15,25126.55,25142.85,225960
1524109500000,25199.9,25199.9,25041.45,25115.0,1581520
1524120300000,25115.0,25170.0,25071.0,25138.7,1095400
1524131100000,25138.7,25177.65,25135.0,25175.0,270640
1524195900000,25111.05,25111.05,24910.45,24953.0,1610360
1524206700000,24947.3,24982.0,24862.55,24976.0,1298240
1524217500000,24976.0,25074.8,24966.2,25055.0,391160
1524455100000,25135.0,25148.15,24811.7,25015.0,1777600
1524465900000,25013.55,25035.0,24908.0,24952.8,917600
1524476700000,24953.65,24968.4,24925.0,24955.9,178480
1524541500000,24963.0,25085.95,24931.7,24996.2,1362440
1524552300000,24996.2,25063.95,24904.6,25011.45,1195480
1524563100000,25016.7,25023.65,25007.0,25019.0,177760
1524627900000,24949.8,24975.8,24840.1,24906.2,1259960
1524638700000,24906.2,24960.0,24705.0,24775.25,1812800
1524649500000,24779.0,24789.25,24767.55,24785.1,203520
1524714300000,24801.05,24855.0,24753.25,24808.0,1750720
1524725100000,24808.85,25000.0,24788.0,24992.55,1477160
1524735900000,24993.75,25021.05,24991.1,25014.5,318200
1524800700000,25040.65,25383.3,25035.1,25344.05,2072880
1524811500000,25343.0,25447.0,25331.0,25428.05,1185080
1524822300000,25431.0,25477.85,25425.5,25468.05,383360
1525059900000,25401.0,25654.6,25401.0,25650.9,1126760
1525070700000,25651.5,25678.0,25560.0,25629.1,797960
1525081500000,25630.0,25652.15,25625.0,25645.0,154480
1525232700000,25675.0,25698.9,25570.5,25692.1,1188640
1525243500000,25691.15,25744.0,25561.0,25659.0,1528560
1525254300000,25656.95,25668.0,25645.0,25658.0,169800
1525319100000,25611.05,25619.0,25523.0,25585.0,1220480
1525329900000,25583.0,25753.7,25573.6,25706.0,1328240
1525340700000,25706.0,25723.7,25700.0,25704.25,237400
1525405500000,25679.25,25717.75,25602.0,25645.35,1098120
1525416300000,25647.6,25737.95,25626.6,25691.0,915320
1525427100000,25692.0,25725.0,25680.05,25723.05,217000
1525664700000,25760.0,25821.5,25737.1,25795.5,708400
1525675500000,25794.65,25859.0,25793.0,25842.0,1133560
1525686300000,25842.0,25900.0,25835.25,25893.0,276920
1525751100000,26035.0,26050.4,25933.0,26020.6,1491920
1525761900000,26022.7,26067.0,25951.0,26034.0,1125040
1525772700000,26030.0,26070.0,26028.3,26032.1,204360
1525837500000,25967.85,26093.7,25956.3,26078.95,951560
1525848300000,26078.95,26186.6,26070.0,26133.05,1296880
1525859100000,26132.05,26155.6,26128.3,26135.0,220280
1525923900000,26133.05,26220.0,26120.0,26141.0,1116760
1525934700000,26141.0,26195.95,26075.0,26092.35,1138560
1525945500000,26097.35,26097.35,26031.0,26053.75,363320
1526010300000,26115.0,26208.0,26060.35,26168.65,982240
1526021100000,26170.8,26429.9,26139.8,26366.95,1469520
1526031900000,26368.0,26428.65,26368.0,26416.95,334120
1526269500000,26411.95,26565.0,26322.7,26377.8,1237640
1526280300000,26375.9,26495.0,26340.3,26461.1,879000
1526291100000,26469.0,26475.0,26421.0,26430.0,169680
1526355900000,26470.0,26926.65,26380.0,26730.15,2822280
1526366700000,26730.45,26756.95,26390.0,26525.0,1977600
1526377500000,26520.45,26531.15,26472.0,26500.0,212520
1526442300000,26319.4,26408.3,26150.0,26320.45,2343480
1526453100000,26315.9,26462.4,26136.75,26233.0,1810040
1526463900000,26232.9,26243.45,26205.0,26217.5,192480
1526528700000,26260.0,26284.85,26106.8,26121.75,1253840
1526539500000,26120.7,26214.0,26060.0,26070.0,1277960
1526550300000,26067.45,26097.1,26023.0,26065.0,412000
1526615100000,26033.35,26048.0,25858.9,25885.95,1253600
1526625900000,25883.0,25947.95,25810.1,25877.95,1024200
1526636700000,25875.0,25934.45,25862.05,25920.7,267520
1526874300000,25952.1,26070.0,25737.4,25755.0,1754600
1526885100000,25755.0,25838.0,25722.45,25805.0,1035040
1526895900000,25805.0,25810.2,25791.2,25809.85,190360
1526960700000,25775.9,25958.65,25740.05,25800.0,1630720
1526971500000,25800.0,25910.9,25751.0,25810.0,1129000
1526982300000,25810.7,25838.0,25805.05,25835.0,178520
1527047100000,25770.0,25840.0,25703.85,25816.0,1300240
1527057900000,25816.9,25830.0,25593.05,25598.0,1411320
1527068700000,25594.5,25615.8,25550.0,25555.0,389360
1527133500000,25640.0,25711.2,25601.15,25692.15,1108360
1527144300000,25694.0,25940.0,25687.6,25935.1,1862200
1527155100000,25938.85,25969.25,25931.75,25969.25,374200
1527219900000,25968.95,26160.35,25951.2,26128.25,1405840
1527230700000,26128.2,26292.9,26101.0,26225.0,1164200
1527241500000,26225.4,26281.95,26217.05,26249.95,227480
1527479100000,26240.0,26495.15,26239.95,26487.45,1169680
1527489900000,26487.45,26635.55,26481.45,26531.3,1122600
1527500700000,26532.9,26542.0,26497.7,26508.9,236040
1527565500000,26490.05,26509.8,26348.0,26360.0,1444080
1527576300000,26360.0,26388.0,26143.8,26203.0,1735040
1527587100000,26203.95,26204.0,26160.05,26171.9,205320
1527651900000,25981.55,26136.8,25921.05,26103.95,2039120
1527662700000,26105.0,26356.75,26051.3,26259.05,2459680
1527673500000,26257.65,26286.65,26252.05,26270.0,269640
1527738300000,26510.15,26576.05,26338.0,26471.75,1664200
1527749100000,26476.7,27058.2,26451.1,26906.35,2648120
1527759900000,26917.25,26976.45,26913.65,26957.7,606320
1527824700000,26726.0,26887.0,26620.0,26660.8,2418320
1527835500000,26658.85,26782.25,26632.05,26695.5,1365640
1527846300000,26693.35,26694.25,26641.0,26645.1,320240
1528083900000,26890.0,26899.0,26375.6,26482.75,2347000
1528094700000,26488.6,26513.75,26136.1,26210.85,2204360
1528105500000,26206.05,26228.0,26181.5,26215.0,260400
1528170300000,26140.0,26329.0,26079.05,26259.05,2274120
1528181100000,26259.15,26298.95,26120.0,26240.4,1528720
1528191900000,26240.45,26270.55,26240.45,26260.15,203600
1528256700000,26277.95,26349.8,26184.2,26317.8,1257560
1528267500000,26317.8,26450.0,26133.55,26384.95,3109360
1528278300000,26388.0,26413.65,26363.45,26370.25,378600
1528343100000,26563.0,26737.85,26511.2,26727.0,2239080
1528353900000,26728.0,26798.0,26550.0,26550.15,2538280
1528364700000,26550.05,26569.0,26505.0,26560.0,425400
1528429500000,26481.05,26488.4,26282.75,26320.0,1746360
1528440300000,26318.95,26477.85,26295.1,26435.1,1335000
1528451100000,26439.0,26439.8,26405.95,26432.6,224800
1528688700000,26449.95,26654.7,26426.2,26594.3,1315760
1528699500000,26593.05,26659.05,26438.25,26455.0,1363200
1528710300000,26457.95,26502.6,26446.3,26489.75,253520
1528775100000,26575.55,26618.0,26451.0,26582.0,1273280
1528785900000,26580.0,26641.0,26462.0,26584.15,1485200
1528796700000,26583.0,26648.0,26583.0,26628.2,327880
1528861500000,26700.05,26732.6,26583.95,26680.1,1483960
1528872300000,26680.1,26724.0,26573.0,26638.95,1195000
1528883100000,26636.55,26660.0,26625.0,26660.0,197200
1528947900000,26600.0,26600.05,26476.4,26510.6,1384240
1528958700000,26510.0,26647.55,26500.0,26587.95,1653240
1528969500000,26585.55,26588.6,26559.7,26570.55,226800
1529034300000,26545.0,26569.45,26482.4,26485.85,1106400
1529045100000,26485.5,26490.6,26301.0,26410.0,2121280
1529055900000,26409.65,26432.65,26396.15,26405.0,310160
1529293500000,26339.95,26436.5,26293.6,26404.1,1218640
1529304300000,26405.0,26432.55,26336.5,26380.0,662280
1529315100000,26380.0,26404.1,26374.7,26392.0,157920
1529379900000,26349.95,26349.95,26250.0,26258.0,1484920
1529390700000,26258.9,26322.15,26205.0,26259.35,1394560
1529401500000,26259.8,26273.65,26225.0,26258.0,355640
1529466300000,26286.4,26520.9,26281.2,26490.0,1834640
1529477100000,26492.0,26608.7,26453.15,26590.0,1461960
1529487900000,26592.0,26622.2,26588.1,26614.1,382480
1529552700000,26677.9,26677.9,26491.5,26512.1,1391680
1529563500000,26514.45,26655.0,26418.1,26493.4,1923920
1529574300000,26494.95,26497.65,26460.0,26470.0,250560
1529639100000,26470.0,26491.3,26360.15,26478.0,1145120
1529649900000,26480.0,26810.0,26450.45,26794.95,1875480
1529660700000,26794.75,26830.0,26776.7,26793.45,500440
1529898300000,26110.8,26797.7,26110.8,26712.05,1372280
1529909100000,26712.1,26726.95,26572.0,26606.05,1236560
1529919900000,26609.9,26611.4,26590.0,26605.1,182640
1529984700000,26511.1,26645.0,26484.8,26636.0,1349880
1529995500000,26636.0,26709.0,26531.3,26600.6,1492600
1530006300000,26601.85,26608.0,26580.1,26600.0,173200
1530071100000,26593.35,26597.85,26413.2,26424.0,1917560
1530081900000,26424.0,26497.65,26321.0,26414.0,2111680
1530092700000,26414.0,26432.2,26373.3,26429.9,291760
1530157500000,26417.6,26474.9,26305.0,26330.65,1557080
1530168300000,26331.3,26415.3,26141.05,26329.0,2405480
1530179100000,26332.5,26336.35,26309.7,26324.0,333640
1530243900000,26255.6,26425.0,26255.6,26392.8,1597840
1530254700000,26389.45,26437.0,26297.4,26367.05,1203640
1530265500000,26369.9,26369.9,26321.65,26330.9,210480
1530503100000,26349.95,26349.95,26160.25,26178.9,1211440
1530513900000,26178.0,26300.0,26065.35,26245.0,1843720
1530524700000,26245.0,26258.8,26230.0,26240.0,160560
1530589500000,26181.0,26344.5,26165.2,26285.0,1536640
1530600300000,26286.0,26342.9,26205.0,26242.55,1287640
1530611100000,26241.85,26278.1,26234.05,26274.0,281400
1530675900000,26244.95,26249.95,26121.0,26206.9,1431400
1530686700000,26212.0,26467.0,26194.2,26440.5,2051760
1530697500000,26440.0,26453.0,26420.95,26425.0,283080
1530762300000,26436.55,26533.0,26403.0,26481.7,1436240
1530773100000,26474.8,26596.0,26460.0,26500.05,1664360
1530783900000,26502.0,26506.75,26475.0,26483.9,237360
1530848700000,26427.85,26583.95,26402.15,26520.0,1188040
1530859500000,26520.0,26570.0,26475.15,26505.2,873320
1530870300000,26505.35,26513.75,26483.0,26485.1,249120
1531107900000,26620.0,26730.0,26606.1,26723.5,1347160
1531118700000,26721.05,26740.05,26688.15,26716.8,818960
1531129500000,26717.95,26724.9,26706.0,26710.0,272960
1531194300000,26775.05,26891.0,26756.75,26883.0,1162480
1531205100000,26883.0,26925.0,26829.05,26878.15,929840
1531215900000,26878.25,26892.3,26873.0,26877.0,216560
1531280700000,26870.0,26888.4,26754.9,26790.0,1496400
1531291500000,26790.0,26829.95,26733.4,26780.5,969440
1531302300000,26780.25,26804.0,26772.65,26782.0,187400
1531367100000,26879.95,27153.1,26873.05,27113.5,2050800
1531377900000,27115.85,27125.0,27007.2,27020.15,1444680
1531388700000,27020.1,27024.5,26983.0,27000.0,306760
1531453500000,27039.95,27069.9,26920.0,26988.9,1476720
1531464300000,26990.0,27038.9,26923.3,26968.35,929160
1531475100000,26968.75,26980.05,26956.5,26962.05,174640
1531712700000,26912.7,26949.95,26762.4,26812.2,1516000
1531723500000,26810.15,26864.0,26728.3,26759.0,1019880
1531734300000,26759.0,26762.95,26705.0,26722.3,269320
1531799100000,26689.95,26872.3,26689.95,26844.05,1334120
1531809900000,26844.2,27113.95,26830.9,27089.0,1688960
1531820700000,27090.0,27107.1,27063.0,27066.45,249040
1531885500000,27149.95,27233.0,27110.0,27164.95,1600800
1531896300000,27160.0,27160.0,26886.0,26930.0,2628960
1531907100000,26928.9,26980.95,26911.9,26967.9,201400
1531971900000,26967.95,27064.05,26840.0,26984.75,1802400
1531982700000,26984.0,27037.0,26800.15,26833.85,1558600
1531993500000,26832.45,26854.5,26830.55,26852.85,194040
1532058300000,26825.05,26940.0,26763.1,26908.95,1078080
1532069100000,26909.0,26992.25,26835.9,26930.0,1091680
1532079900000,26930.0,26941.3,26919.25,26930.0,174600
1532317500000,26805.15,27007.0,26766.0,26930.95,1469200
1532328300000,26931.0,27094.0,26890.0,27082.0,1101000
1532339100000,27080.05,27098.95,27053.0,27055.8,227480
1532403900000,27053.05,27173.0,27053.05,27125.45,1183520
1532414700000,27124.5,27124.5,26910.5,27034.25,1725240
1532425500000,27035.0,27045.55,27013.05,27016.0,156200
1532490300000,27077.7,27107.05,26980.25,27094.95,1111120
1532501100000,27098.85,27121.1,27024.0,27073.0,893720
1532511900000,27071.9,27072.0,27028.8,27034.5,187280
1532576700000,27090.0,27309.0,27062.05,27306.65,1728240
1532587500000,27317.95,27398.0,27242.1,27378.8,1337680
1532598300000,27381.85,27407.55,27377.05,27405.6,332040
1532663100000,27503.3,27627.7,27475.0,27602.25,1187960
1532673900000,27603.7,27660.0,27537.7,27636.6,857320
1532684700000,27637.65,27659.25,27626.65,27629.8,245080
1532922300000,27724.8,27763.8,27615.25,27756.0,1494840
1532933100000,27755.0,27862.25,27752.3,27853.0,942400
1532943900000,27853.45,27872.05,27843.3,27854.6,260560
1533008700000,27814.85,27839.75,27725.0,27757.9,1308560
1533019500000,27760.2,27835.0,27735.0,27805.5,835520
1533030300000,27808.9,27819.95,27802.9,27811.2,175680
1533095100000,27778.7,27843.05,27685.0,27723.9,1241800
1533105900000,27724.7,27809.5,27585.1,27705.85,1938680
1533116700000,27708.0,27714.75,27552.4,27560.75,493240
1533181500000,27510.15,27550.0,27415.3,27509.55,1542560
1533192300000,27510.0,27548.0,27430.0,27465.0,1032080
1533203100000,27465.05,27467.85,27430.05,27437.0,274640
1533267900000,27510.0,27679.65,27475.25,27651.45,1350000
1533278700000,27655.0,27777.9,27646.0,27770.9,997000
1533289500000,27771.2,27800.0,27759.05,27790.0,249880
1533527100000,27825.6,28015.0,27825.05,27971.45,1348800
1533537900000,27971.95,28019.95,27913.15,27956.05,755440
1533548700000,27956.05,27966.9,27951.1,27956.0,202480
1533613500000,27979.0,28010.8,27873.7,27938.0,1158160
1533624300000,27938.4,27975.0,27921.95,27942.0,602120
1533635100000,27942.4,27968.5,27936.0,27967.5,158920
1533699900000,27975.0,28145.95,27914.65,28130.5,1526200
1533710700000,28131.95,28159.95,28018.75,28130.0,1226240
1533721500000,28130.0,28158.0,28126.05,28140.4,239240
1533786300000,28224.85,28335.0,28177.85,28307.1,1752040
1533797100000,28307.95,28386.0,28270.45,28363.5,990560
1533807900000,28363.5,28368.4,28335.65,28345.85,246720
1533872700000,28342.95,28346.05,28225.15,28251.95,940320
1533883500000,28252.0,28380.0,28155.85,28176.95,1619080
1533894300000,28176.5,28179.85,28150.05,28155.1,217160
1534131900000,27890.0,27990.55,27827.0,27909.35,1735360
1534142700000,27909.15,27978.75,27829.1,27870.0,1112480
1534153500000,27870.45,27895.0,27865.0,27893.7,236560
1534218300000,27905.0,28087.05,27904.3,28040.0,1553800
1534229100000,28037.0,28094.0,28030.95,28081.95,739280
1534239900000,28081.95,28097.85,28075.1,28085.0,203680
1534391100000,27889.55,28049.3,27869.55,28010.5,1652920
1534401900000,28010.5,28014.25,27836.8,27889.45,1337120
1534412700000,27886.4,27940.05,27884.4,27940.0,214880
1534477500000,28011.35,28171.35,28005.05,28140.0,1466760
1534488300000,28140.0,28209.9,28089.95,28174.0,919840
1534499100000,28172.0,28178.5,28150.0,28173.0,266440
1534736700000,28290.0,28373.6,28220.4,28355.0,877120
1534747500000,28355.1,28377.6,28286.2,28335.0,669800
1534758300000,28335.0,28342.95,28316.05,28320.7,203600
1534823100000,28340.2,28360.65,28189.5,28212.6,1030800
1534833900000,28212.55,28290.15,28196.0,28270.45,787080
1534844700000,28270.65,28292.9,28269.75,28289.0,211120
1534995900000,28336.4,28336.4,28092.35,28129.85,1522240
1535006700000,28125.25,28134.8,28016.0,28107.35,1463440
1535017500000,28105.1,28114.9,28100.0,28112.0,235680
1535082300000,28010.4,28176.0,27916.05,27916.25,1544520
1535093100000,27916.3,27953.2,27861.25,27906.0,1021040
1535103900000,27905.95,27917.2,27900.25,27916.0,198000
1535341500000,28034.75,28264.75,28025.25,28258.35,1722440
1535352300000,28261.0,28290.9,28236.0,28249.95,748720
1535363100000,28250.0,28287.75,28247.0,28275.0,255440
1535427900000,28360.55,28408.8,28160.0,28203.45,1808280
1535438700000,28204.0,28330.4,28178.8,28328.6,975000
1535449500000,28328.75,28340.0,28309.1,28313.3,224920
1535514300000,28249.95,28363.7,28205.0,28295.65,1220000
1535525100000,28295.65,28397.7,28190.3,28238.95,1215920
1535535900000,28235.05,28242.85,28208.0,28226.6,203200
1535600700000,28233.3,28233.3,28019.1,28075.0,1557680
1535611500000,28076.35,28120.7,27966.45,28104.2,1437560
1535622300000,28104.2,28112.8,28093.2,28105.5,264240
1535687100000,28160.0,28309.15,28107.95,28153.75,1885720
1535697900000,28158.05,28239.7,28130.05,28225.5,862960
1535708700000,28228.0,28235.0,28205.0,28218.25,153800
1535946300000,28285.15,28299.95,28130.0,28189.7,953080
1535957100000,28187.05,28195.95,28011.65,28025.9,1294680
1535967900000,28025.85,28027.0,27961.55,27965.0,314760
1536032700000,27969.0,28039.0,27737.1,27800.0,1827320
1536043500000,27800.0,27860.0,27550.1,27595.0,2023880
1536054300000,27599.6,27644.9,27590.0,27634.6,266360
1536119100000,27594.95,27649.75,27405.6,27425.5,1844280
1536129900000,27422.05,27562.0,27307.3,27549.85,2108640
1536140700000,27545.15,27580.25,27500.3,27504.0,271480
1536205500000,27555.05,27606.8,27432.6,27511.1,1818160
1536216300000,27516.25,27669.85,27384.95,27577.65,2309480
1536227100000,27577.85,27587.85,27525.1,27533.2,339080
1536291900000,27560.05,27560.05,27338.3,27480.95,1920240
1536302700000,27481.0,27636.0,27452.4,27610.0,1224880
1536313500000,27612.75,27613.85,27565.55,27570.0,219880
1536551100000,27485.0,27494.4,27282.05,27295.1,1917520
1536561900000,27293.5,27408.65,27270.0,27347.05,1410040
1536572700000,27347.15,27353.3,27305.35,27335.0,320680
1536637500000,27365.55,27444.05,27281.75,27366.15,1511640
1536648300000,27365.95,27418.95,26950.0,26962.1,2447040
1536659100000,26959.35,26962.1,26914.7,26935.0,386960
1536723900000,26980.05,26998.65,26743.4,26830.0,2101760
1536734700000,26831.55,27028.45,26706.05,26957.75,2522080
1536745500000,26957.75,27025.0,26955.1,26990.3,477800
1536896700000,27202.0,27230.0,27063.2,27138.0,1278160
1536907500000,27138.0,27290.0,27122.0,27227.2,1370320
1536918300000,27226.0,27235.0,27198.0,27211.9,257680
1537155900000,27049.75,27050.0,26809.0,26926.85,1929920
1537166700000,26925.05,26974.3,26864.7,26901.25,1222400
1537177500000,26898.0,26912.0,26880.0,26880.0,237520
1537242300000,26819.9,26998.0,26700.1,26781.95,2326240
1537253100000,26782.05,26810.0,26531.0,26531.0,1842200
1537263900000,26530.0,26559.0,26514.0,26544.0,399440
1537328700000,26585.05,26670.0,26511.3,26562.0,1891000
1537339500000,26565.0,26574.6,26333.35,26372.05,2172360
1537350300000,26372.0,26404.5,26366.05,26383.7,238360
1537501500000,26442.95,26710.4,26401.6,26461.9,1919160
1537512300000,26458.95,26483.95,25228.05,25731.6,5260120
1537523100000,25728.4,25728.4,25601.0,25674.9,318680
1537760700000,25749.9,25749.95,25130.4,25131.8,3157880
1537771500000,25135.8,25244.6,24963.0,25006.8,2281720
1537782300000,25007.35,25014.95,24941.0,24977.55,285600
1537847100000,24952.4,25265.0,24706.75,25085.0,4428120
1537857900000,25087.95,25340.0,24762.0,25332.95,3746480
1537868700000,25328.0,25429.95,25326.05,25397.35,557680
1537933500000,25619.95,25619.95,25278.0,25381.85,2486720
1537944300000,25380.1,25462.75,25200.45,25393.8,2016440
1537955100000,25394.55,25418.0,25303.25,25354.9,227640
1538019900000,25155.55,25444.0,25125.1,25204.85,1652840
1538030700000,25204.9,25230.0,25000.0,25019.6,2076040
1538041500000,25021.15,25045.0,25014.15,25044.95,444040
1538106300000,25325.2,25530.55,25050.15,25391.3,3073480
1538117100000,25395.3,25451.15,25060.5,25279.35,2693160
1538127900000,25280.2,25303.9,25211.35,25235.0,240680
1538365500000,25085.0,25400.0,24861.35,24970.5,2464600
1538376300000,24972.05,25529.9,24910.25,25505.0,2936760
1538387100000,25506.8,25560.15,25490.0,25520.0,325320
1538538300000,25400.0,25530.0,25270.05,25519.9,2154520
1538549100000,25519.95,25577.0,25109.85,25151.9,2907320
1538559900000,25148.85,25167.0,25122.9,25148.0,270280
1538624700000,24780.0,24957.65,24751.0,24788.1,2762320
1538635500000,24788.6,24967.0,24620.05,24928.05,3298280
1538646300000,24928.65,24928.65,24735.0,24737.15,432080
1538711100000,24700.0,24980.0,24699.0,24851.45,2070840
1538721900000,24852.3,25150.0,24482.0,24518.05,3744520
1538732700000,24517.3,24517.3,24272.4,24364.9,682600
1538970300000,24444.7,24691.7,24350.1,24640.0,2573120
1538981100000,24640.0,24816.8,24285.0,24785.0,2558600
1538991900000,24783.0,24811.55,24691.35,24708.65,265000
1539056700000,24762.4,24778.95,24583.55,24644.05,1641080
1539067500000,24643.0,24842.0,24510.0,24550.0,2168920
1539078300000,24553.5,24582.7,24514.3,24575.0,251520
1539143100000,24609.95,25188.7,24586.0,25120.65,3043760
1539153900000,25115.0,25361.25,25079.1,25279.85,2730680
1539164700000,25281.55,25333.95,25277.6,25300.0,389840
1539229500000,24600.35,24910.0,24510.0,24871.05,3580640
1539240300000,24875.1,24997.2,24649.45,24787.0,2625960
1539251100000,24782.6,24891.95,24781.9,24850.0,261840
1539315900000,25037.0,25514.55,25000.05,25402.3,2442680
1539326700000,25400.8,25488.3,25290.2,25407.4,1724360
1539337500000,25408.0,25416.6,25350.0,25353.0,242080
1539575100000,25399.0,25407.05,25130.55,25275.0,1676680
1539585900000,25273.1,25446.0,25191.95,25357.7,2031920
1539596700000,25359.95,25391.35,25346.1,25376.05,177120
1539661500000,25356.25,25684.9,25317.65,25592.75,2145000
1539672300000,25590.9,25704.75,25551.05,25635.0,1296280
1539683100000,25637.75,25642.95,25589.8,25601.0,253000
1539747900000,25875.0,25892.9,25575.6,25653.75,2301240
1539758700000,25645.25,25678.6,25080.4,25146.0,2513320
1539769500000,25145.0,25205.0,25120.6,25147.1,324600
1539920700000,24960.25,25319.7,24860.1,25122.0,2932760
1539931500000,25121.2,25146.0,24932.65,25063.0,1711120
1539942300000,25060.4,25096.0,25047.0,25096.0,212720
1540179900000,25475.0,25495.3,25108.0,25394.9,2336360
1540190700000,25394.95,25429.55,24966.7,24998.55,2061720
1540201500000,24996.55,25073.25,24985.6,25057.3,260880
1540266300000,24799.8,25069.9,24770.0,24945.85,2013800
1540277100000,24947.8,25001.55,24790.05,24980.0,1936600
1540287900000,24979.9,25062.0,24943.0,25062.0,292840
1540352700000,25350.05,25350.05,25067.0,25164.9,2249000
1540363500000,25161.25,25185.0,24840.0,25132.1,2524280
1540374300000,25135.35,25137.2,25081.3,25105.1,270360
1540439100000,24860.0,25011.2,24737.05,24821.95,1798720
1540449900000,24822.05,24870.0,24686.0,24801.0,2029320
1540460700000,24801.0,24819.5,24791.8,24818.0,308200
1540525500000,24875.0,24889.0,24691.7,24805.55,1703960
1540536300000,24803.05,24906.2,24511.0,24545.4,2020780
1540547100000,24548.0,24548.0,24444.0,24467.0,359280
1540784700000,24683.65,24775.0,24471.25,24738.0,1821960
1540795500000,24741.7,25064.0,24656.0,25053.95,2092640
1540806300000,25053.95,25089.0,25037.75,25085.0,281460
1540871100000,25050.35,25214.0,24910.0,25045.0,2085040
1540881900000,25047.0,25094.0,24767.35,24929.65,1697420
1540892700000,24934.15,24947.55,24907.4,24918.45,169560
1540957500000,24874.95,24950.0,24625.0,24904.95,2434420
1540968300000,24908.25,25258.05,24815.05,25219.3,2366240
1540979100000,25217.95,25235.75,25137.55,25148.4,265880
1541043900000,25249.95,25364.7,25178.95,25242.85,1951420
1541054700000,25238.3,25450.0,25206.55,25367.1,1779500
1541065500000,25367.05,25392.95,25366.2,25385.0,204100
1541130300000,25548.0,25818.2,25515.4,25801.95,2151680
1541141100000,25800.1,25898.0,25703.85,25743.4,1616560
1541151900000,25743.4,25784.05,25714.45,25784.05,285880
1541389500000,25700.2,25749.6,25573.0,25715.0,1540140
1541400300000,25715.0,25783.0,25665.7,25772.8,966880
1541411100000,25775.0,25873.0,25773.45,25819.7,407020
1541475900000,25824.7,25930.5,25806.0,25875.0,1235520
1541486700000,25874.0,25939.65,25616.9,25680.4,1838460
1541497500000,25675.95,25708.9,25657.0,25708.9,251200
1541735100000,25730.0,25865.95,25630.1,25824.7,1029220
1541745900000,25821.8,25880.0,25712.25,25855.05,978100
1541756700000,25857.95,25868.2,25836.05,25845.3,151000
1541994300000,25850.25,25980.0,25745.1,25776.3,1403000
1542005100000,25775.35,25805.05,25600.1,25610.0,1266300
1542015900000,25612.8,25615.0,25567.55,25585.95,260360
1542080700000,25479.95,25614.1,25429.15,25610.15,1664500
1542091500000,25611.0,25845.0,25545.5,25845.0,1838260
1542102300000,25844.5,25855.1,25827.4,25831.9,246420
1542167100000,25984.5,26080.0,25852.0,26042.0,2372380
1542177900000,26040.0,26068.6,25811.2,25978.4,1897100
1542188700000,25978.3,25986.85,25950.0,25951.75,200300
1542253500000,25960.0,26094.45,25905.5,26056.95,1449420
1542264300000,26061.35,26255.95,26034.35,26209.25,1823980
1542275100000,26209.8,26211.15,26170.0,26172.15,310100
1542339900000,26202.15,26333.7,26145.0,26205.0,1713380
1542350700000,26204.0,26302.8,26162.15,26241.7,1217500
1542361500000,26240.5,26263.6,26237.7,26255.4,182160
1542599100000,26355.1,26384.65,26220.95,26280.0,1070000
1542609900000,26280.25,26395.0,26207.7,26299.0,1294580
1542620700000,26299.0,26353.85,26292.0,26345.2,199360
1542685500000,26240.0,26262.8,26156.1,26225.35,1375120
1542696300000,26222.0,26260.0,26080.75,26161.95,1279840
1542707100000,26161.4,26166.2,26122.25,26122.25,210180
1542771900000,26050.0,26234.55,26050.0,26218.9,1324680
1542782700000,26216.0,26409.7,26210.65,26341.4,1759060
1542793500000,26340.45,26345.5,26309.2,26338.85,259180
1542858300000,26310.1,26339.25,26225.0,26270.0,1377460
1542869100000,26270.0,26325.0,25965.9,25990.0,2108660
1542879900000,25992.0,26010.0,25956.9,25998.35,256440
1543203900000,26075.0,26146.0,26025.05,26084.0,1269600
1543214700000,26080.75,26375.0,26080.0,26372.55,1802660
1543225500000,26370.6,26385.95,26356.4,26384.55,303360
1543290300000,26300.2,26447.95,26255.0,26328.9,1550720
1543301100000,26325.55,26469.9,26239.75,26403.15,1681780
1543311900000,26402.0,26435.0,26392.5,26420.0,190040
1543376700000,26467.8,26533.0,26450.6,26503.8,999820
1543387500000,26503.8,26548.0,26381.0,26432.75,1496640
1543398300000,26432.8,26437.45,26383.8,26408.0,173400
1543463100000,26602.05,26696.4,26530.9,26648.0,1071240
1543473900000,26650.0,27009.1,26630.0,26916.85,2252880
1543484700000,26915.35,26942.6,26908.0,26940.0,436640
1543549500000,26957.45,27034.1,26875.25,26899.85,1202040
1543560300000,26899.45,26970.9,26841.0,26911.0,1057420
1543571100000,26911.0,26929.25,26902.3,26914.0,170260
1543808700000,27055.5,27065.5,26891.15,26908.55,1060320
1543819500000,26906.95,26995.0,26883.4,26962.25,745640
1543830300000,26961.0,26969.8,26952.55,26965.05,173300
1543895100000,26903.0,26924.95,26760.1,26817.25,1061620
1543905900000,26817.25,26864.8,26751.25,26813.7,859580
1543916700000,26813.6,26827.95,26801.95,26815.0,178920
1543981500000,26670.0,26718.75,26613.1,26676.0,1011160
1543992300000,26675.05,26745.0,26561.3,26640.0,1453980
1544003100000,26638.55,26670.0,26635.0,26648.35,214940
1544067900000,26485.5,26494.4,26250.85,26260.0,1401060
1544078700000,26262.95,26460.0,26234.1,26273.6,1560860
1544089500000,26273.9,26298.95,26264.8,26288.25,273640
1544154300000,26380.0,26519.7,26335.15,26465.0,1388220
1544165100000,26465.1,26682.05,26408.9,26674.95,1354140
1544175900000,26680.0,26735.9,26669.75,26726.65,313640
1544413500000,26251.25,26453.5,26230.55,26335.0,1347500
1544424300000,26335.1,26380.0,26180.1,26227.9,967720
1544435100000,26227.7,26227.7,26191.05,26196.25,180140
1544499900000,25800.0,26240.9,25706.4,26012.0,3210180
1544510700000,26013.95,26295.0,25963.6,26214.9,1520860
1544521500000,26215.0,26289.9,26215.0,26264.0,285360
1544586300000,26349.85,26580.0,26297.0,26549.0,1656740
1544597100000,26546.9,26774.0,26517.0,26760.0,1238220
1544607900000,26760.0,26779.45,26735.3,26740.0,227360
1544672700000,26867.65,26997.5,26844.0,26925.5,1411060
1544683500000,26927.25,27029.0,26785.75,26893.5,1365540
1544694300000,26890.5,26919.9,26876.35,26904.0,212060
1544759100000,26853.0,26948.0,26792.05,26865.0,895600
1544769900000,26865.55,26925.85,26770.0,26885.65,830220
1544780700000,26885.05,26900.0,26859.6,26862.25,198180
1545018300000,26988.8,27110.0,26912.15,27096.2,817940
1545029100000,27097.1,27129.15,26994.0,27086.85,879780
1545039900000,27087.65,27097.95,27063.75,27085.0,165700
1545104700000,26950.0,26999.75,26926.35,26979.35,684240
1545115500000,26977.5,27275.0,26965.15,27271.0,1471380
1545126300000,27271.5,27278.8,27251.45,27264.2,237200
1545191100000,27301.0,27404.65,27271.0,27342.35,1053460
1545201900000,27340.3,27425.0,27337.4,27361.0,845840
1545212700000,27361.0,27366.8,27326.45,27334.0,196340
1545277500000,27189.4,27304.0,27155.0,27227.35,1285340
1545288300000,27228.1,27353.0,27216.55,27346.3,1108360
1545299100000,27345.05,27371.55,27326.65,27366.85,215560
1545363900000,27300.0,27399.0,27031.0,27052.0,1871780
1545374700000,27052.0,27160.0,26888.6,26931.85,1213560
1545385500000,26931.85,26976.3,26916.0,26970.45,231520
1545623100000,26925.0,26982.6,26781.55,26825.3,1010660
1545633900000,26825.0,26960.0,26737.1,26792.0,1023780
1545644700000,26792.0,26814.8,26780.0,26810.0,156740
1545795900000,26700.0,26724.85,26439.6,26550.5,1362100
1545806700000,26555.7,27049.0,26536.2,27015.0,2088880
1545817500000,27012.05,27070.0,27012.05,27062.1,230940
1545882300000,27198.0,27260.0,26950.3,27113.6,1621900
1545893100000,27112.0,27138.9,26863.0,26872.35,1577880
1545903900000,26873.15,26884.4,26860.0,26877.6,239300
1545968700000,27155.0,27336.15,27051.05,27286.65,1304700
1545979500000,27286.65,27350.0,27256.0,27274.0,666500
1545990300000,27270.05,27288.8,27266.0,27285.0,170160
1546227900000,27400.0,27429.5,27270.0,27300.05,762400
1546238700000,27301.9,27338.0,27242.1,27314.0,533480
1546249500000,27315.0,27328.0,27311.1,27318.0,159960
1546314300000,27300.2,27368.1,27156.6,27234.4,726680
1546325100000,27234.75,27514.0,27135.0,27498.6,1336020
1546335900000,27498.0,27532.0,27496.0,27530.0,265920
1546400700000,27410.3,27523.0,27349.0,27486.6,1195540
1546411500000,27487.15,27487.15,27175.1,27266.95,2009940
1546422300000,27266.95,27276.4,27242.75,27271.65,182620
1546487100000,27260.0,27319.4,27121.0,27157.85,1309920
1546497900000,27157.85,27225.5,27062.3,27105.15,1242520
1546508700000,27103.2,27107.4,27076.0,27076.0,224800
1546573500000,27169.0,27328.7,27058.0,27285.0,1836700
1546584300000,27285.0,27431.0,27209.3,27357.1,1720500
1546595100000,27351.0,27380.9,27344.55,27376.0,235080
1546832700000,27555.0,27586.75,27472.55,27531.9,1032720
1546843500000,27530.0,27555.0,27381.55,27405.7,922940
1546854300000,27409.1,27424.75,27375.0,27379.6,154480
1546919100000,27388.4,27463.8,27292.0,27424.0,1171560
1546929900000,27424.0,27614.25,27388.7,27608.15,1405100
1546940700000,27610.05,27632.65,27606.15,27609.9,253160
1547005500000,27752.2,27761.8,27624.4,27675.0,1218780
1547016300000,27677.45,27779.9,27451.4,27770.0,2254960
1547027100000,27770.0,27784.4,27744.8,27753.5,176960
1547091900000,27720.3,27740.0,27587.1,27624.25,1182100
1547102700000,27624.25,27696.05,27598.9,27643.3,898000
1547113500000,27643.3,27651.55,27625.1,27632.2,194340
1547178300000,27675.0,27700.0,27510.1,27552.85,1125840
1547189100000,27554.75,27620.0,27502.55,27594.2,886080
1547199900000,27588.45,27592.3,27520.25,27533.0,212280
1547437500000,27465.0,27489.95,27300.95,27331.95,1160320
1547448300000,27331.95,27416.15,27325.05,27358.9,637120
1547459100000,27359.75,27363.0,27343.05,27347.6,193180
1547523900000,27410.6,27532.55,27392.1,27490.0,1072540
1547534700000,27488.0,27522.75,27436.0,27516.15,734400
1547545500000,27516.15,27539.0,27508.0,27520.0,263160
1547610300000,27534.0,27640.0,27502.5,27605.95,936080
1547621100000,27601.55,27636.9,27556.05,27574.95,635020
1547631900000,27573.85,27575.0,27523.5,27529.95,202900
1547696700000,27562.3,27635.8,27491.2,27508.05,739460
1547707500000,27508.05,27667.35,27377.0,27587.0,1862180
1547718300000,27587.0,27592.95,27568.0,27574.8,162580
1547783100000,27649.9,27676.0,27505.0,27541.15,895280
1547793900000,27544.45,27633.0,27513.45,27538.5,787820
1547804700000,27539.9,27564.15,27537.7,27560.05,168220
1548042300000,27560.05,27674.95,27449.05,27578.0,1064920
1548053100000,27578.0,27650.5,27567.85,27579.0,557620
1548063900000,27578.95,27583.75,27560.0,27565.0,182460
1548128700000,27521.25,27543.95,27435.35,27455.15,868280
1548139500000,27455.2,27560.0,27446.05,27524.1,658380
1548150300000,27523.0,27525.6,27501.95,27510.0,139420
1548215100000,27462.0,27600.0,27462.0,27581.3,667060
1548225900000,27583.65,27610.85,27288.0,27300.0,1348860
1548236700000,27300.0,27314.85,27274.45,27300.0,276460
1548301500000,27300.0,27343.75,27216.05,27256.9,1021780
1548312300000,27256.2,27364.0,27186.2,27347.05,1145660
1548323100000,27350.1,27375.1,27323.1,27348.2,198420
1548387900000,27378.0,27480.0,27338.9,27415.75,817780
1548398700000,27417.9,27430.0,27067.0,27120.0,1379240
1548409500000,27118.6,27176.9,27115.0,27153.1,213220
1548647100000,27090.0,27177.0,26720.0,26801.95,1770680
1548657900000,26800.0,26826.95,26646.9,26681.15,1131700
1548668700000,26681.15,26771.05,26670.0,26760.0,236440
1548733500000,26620.25,26790.25,26611.15,26748.3,1000260
1548744300000,26752.9,26849.0,26520.0,26589.95,1421940
1548755100000,26589.7,26760.9,26585.45,26739.05,334960
1548819900000,26888.0,26900.15,26686.5,26731.05,1152860
1548830700000,26731.2,26917.5,26700.4,26809.0,1283500
1548841500000,26810.0,26856.3,26786.75,26817.2,212540
1548906300000,26972.0,27040.0,26873.65,27016.95,1022660
1548917100000,27016.75,27314.9,26966.0,27295.0,1585520
1548927900000,27295.9,27304.95,27295.0,27299.85,366040
1548992700000,27331.0,27441.9,27274.75,27344.85,1026760
1549003500000,27345.0,27599.95,26950.0,27113.0,3128240
1549014300000,27112.45,27146.0,27094.75,27126.6,172680
1549251900000,26991.0,27090.0,26885.45,27063.05,1039540
1549262700000,27064.75,27318.1,26952.75,27275.5,1256060
1549273500000,27275.0,27293.1,27260.05,27261.1,141440
1549338300000,27270.1,27393.0,27236.3,27373.1,800620
1549349100000,27373.2,27407.45,27252.3,27334.95,826800
1549359900000,27332.65,27357.7,27325.1,27335.0,142020
1549424700000,27400.05,27469.0,27373.0,27435.1,820200
1549435500000,27438.0,27480.0,27353.9,27444.0,820680
1549446300000,27444.0,27473.05,27437.0,27466.0,188900
1549511100000,27350.0,27646.95,27300.0,27519.95,1466580
1549521900000,27518.95,27595.0,27370.05,27457.65,1206880
1549532700000,27455.9,27463.95,27394.7,27419.9,239420
1549597500000,27376.6,27376.6,27285.2,27337.0,716200
1549608300000,27337.45,27535.45,27294.45,27315.0,1597400
1549619100000,27317.5,27327.25,27267.55,27309.95,262000
1549856700000,27300.05,27316.85,27208.2,27277.55,863420
1549867500000,27277.0,27349.95,27218.75,27282.0,807120
1549878300000,27282.05,27330.0,27270.3,27325.95,143360
1549943100000,27238.7,27383.7,27238.7,27330.0,703980
1549953900000,27330.0,27355.15,27086.0,27126.0,1452960
1549964700000,27122.95,27135.0,27100.2,27111.6,197120
1550029500000,27200.0,27273.75,27100.0,27135.9,686560
1550040300000,27142.0,27188.8,26983.0,26987.8,1118880
1550051100000,26984.15,26989.25,26950.0,26957.0,227600
1550115900000,26967.5,27070.0,26912.0,27060.0,997900
1550126700000,27060.0,27146.7,26962.7,27059.25,995300
1550137500000,27059.4,27092.15,27055.0,27084.15,176800
1550202300000,27070.05,27089.75,26744.0,26786.4,1375960
1550213100000,26789.95,26929.0,26721.0,26885.05,1218560
1550223900000,26885.0,26920.0,26840.0,26845.0,178980
1550461500000,26780.0,26907.55,26780.0,26846.55,625720
1550472300000,26843.2,26904.45,26751.0,26776.0,760160
1550483100000,26776.0,26778.7,26722.0,26722.35,173840
1550547900000,26750.0,26980.5,26730.0,26945.9,997820
1550558700000,26945.5,27083.95,26714.0,26740.15,1665900
1550569500000,26745.4,26745.8,26700.0,26714.3,253020
1550634300000,26804.0,26960.4,26730.15,26882.55,832060
1550645100000,26885.5,27052.35,26825.0,27015.6,1104700
1550655900000,27015.8,27044.85,27014.15,27025.0,176440
1550720700000,27059.9,27142.0,27038.45,27107.95,885540
1550731500000,27107.95,27169.9,27069.25,27101.25,830120
1550742300000,27101.25,27120.0,27097.7,27115.0,164560
1550807100000,27049.9,27074.1,26931.95,26969.9,974200
1550817900000,26969.8,27016.3,26915.05,26932.5,620620
1550828700000,26932.0,26948.65,26926.5,26928.0,164200
1551066300000,26975.3,27065.0,26950.1,27044.0,548380
1551077100000,27043.0,27208.9,27031.05,27195.0,1005000
1551087900000,27195.0,27197.0,27158.1,27162.0,211580
1551152700000,26830.0,27026.8,26740.0,26934.1,1828700
1551163500000,26934.1,27144.0,26884.25,26948.65,1415180
1551174300000,26947.1,26980.85,26938.25,26961.7,152440
1551239100000,27049.85,27195.0,26723.35,26751.45,1824440
1551249900000,26759.05,26941.0,26740.0,26827.05,1087320
1551260700000,26826.85,26837.0,26777.0,26795.2,184560
1551325500000,26884.0,26932.55,26825.1,26843.05,697000
1551336300000,26843.05,26904.95,26751.0,26775.1,985040
1551347100000,26775.8,26795.0,26775.1,26793.1,250540
1551411900000,27061.05,27170.0,27051.0,27151.6,912360
1551422700000,27151.75,27248.9,27090.7,27202.75,718780
1551433500000,27202.85,27205.0,27180.0,27189.8,166980
1551757500000,27053.25,27288.6,27053.25,27284.9,865980
1551768300000,27283.45,27674.55,27264.45,27640.15,1313000
1551779100000,27640.15,27659.85,27629.65,27641.95,216280
1551843900000,27655.55,27760.0,27608.1,27668.95,1098500
1551854700000,27665.1,27720.0,27560.25,27676.0,946980
1551865500000,27674.05,27712.2,27671.2,27700.0,143000
1551930300000,27740.0,27745.0,27626.0,27681.15,783400
1551941100000,27681.2,27879.6,27651.0,27838.95,1240640
1551951900000,27842.55,27847.35,27816.45,27823.6,221900
1552016700000,27774.9,27891.4,27710.0,27868.8,895500
1552027500000,27868.8,27920.0,27741.8,27878.8,834440
1552038300000,27878.6,27898.15,27876.2,27886.0,167680
1552275900000,28018.5,28133.25,27891.2,28090.0,820500
1552286700000,28089.8,28146.1,28035.0,28080.0,638600
1552297500000,28080.0,28089.35,28070.05,28077.85,144080
1552362300000,28240.0,28399.8,28210.6,28320.6,1441500
1552373100000,28324.75,28578.2,28316.05,28541.4,1102540
1552383900000,28537.0,28543.8,28495.15,28500.0,220020
1552448700000,28511.5,28714.95,28436.0,28636.1,1477240
1552459500000,28640.9,28998.1,28638.05,28930.0,2093260
1552470300000,28930.95,28965.9,28927.45,28949.6,217320
1552535100000,29055.55,29094.8,28890.15,28930.5,1269060
1552545900000,28935.0,29134.7,28862.25,29000.05,1259100
1552556700000,29002.4,29025.0,28995.35,29021.0,181300
1552621500000,29078.75,29450.0,29040.25,29408.0,1604140
1552632300000,29409.9,29658.3,29392.5,29416.6,1859180
1552643100000,29416.55,29509.0,29412.85,29509.0,256640
1552880700000,29605.05,29863.65,29371.9,29460.0,2159040
1552891500000,29464.0,29704.35,29463.2,29656.0,1143340
1552902300000,29653.7,29740.0,29645.0,29731.0,228120
1552967100000,29800.0,29835.7,29502.9,29784.0,1071040
1552977900000,29790.0,29884.0,29715.0,29862.0,1114200
1552988700000,29860.35,29898.8,29834.7,29850.0,246980
1553053500000,29819.95,29844.0,29704.0,29768.95,1065040
1553064300000,29768.0,29986.45,29751.95,29920.95,1169260
1553075100000,29919.8,29960.35,29919.3,29960.1,221200
1553226300000,30000.4,30092.0,29720.0,29782.95,1798860
1553237100000,29781.85,29920.0,29572.0,29647.0,1384800
1553247900000,29647.95,29684.0,29635.5,29660.6,244740
1553485500000,29410.0,29419.85,29251.0,29287.5,1274160
1553496300000,29284.0,29380.1,29211.3,29300.0,845920
1553507100000,29300.05,29340.0,29296.25,29322.0,154100
1553571900000,29321.0,29560.0,29300.0,29460.6,1155900
1553582700000,29462.0,29989.0,29459.5,29986.15,1691600
1553593500000,29986.9,30025.0,29968.05,30018.0,417640
1553658300000,30109.95,30250.0,30011.15,30155.0,1670940
1553669100000,30155.0,30275.0,29780.55,30052.9,2439700
1553679900000,30053.9,30053.9,30010.0,30021.0,156220
1553744700000,30055.0,30197.25,29928.85,30185.0,1308200
1553755500000,30184.95,30493.0,30160.0,30424.3,2011560
1553766300000,30424.3,30436.45,30414.85,30424.9,219200
1553831100000,30600.0,30915.65,30408.55,30517.95,1219500
1553841900000,30514.9,30613.0,30418.15,30523.0,964900
1553852700000,30520.95,30537.05,30495.0,30498.75,187320
1554090300000,30594.9,30762.45,30594.9,30644.9,902020
1554101100000,30648.3,30811.95,30456.35,30484.95,1252380
1554111900000,30475.45,30475.45,30380.0,30405.0,284320
1554176700000,30501.1,30557.0,30300.05,30481.0,1249420
1554187500000,30481.0,30534.0,30285.15,30493.05,1054220
1554198300000,30499.0,30638.55,30499.0,30620.0,344780
1554263100000,30626.35,30729.0,30581.7,30658.25,890380
1554273900000,30659.05,30710.0,30291.85,30300.0,1321240
1554284700000,30299.0,30335.15,30260.75,30319.5,319060
1554349500000,30349.95,30389.8,30124.15,30218.8,1446500
1554360300000,30221.0,30494.0,30028.9,30127.35,1991240
1554371100000,30127.3,30191.6,30120.05,30180.0,148660
1554435900000,30205.25,30330.0,30069.55,30140.0,1034360
1554446700000,30140.0,30282.0,30055.0,30282.0,885940
1554457500000,30282.0,30402.0,30279.0,30358.0,328080
1554695100000,30405.85,30434.65,30225.0,30256.0,733100
1554705900000,30255.65,30308.2,29875.45,30016.2,1488860
1554716700000,30020.0,30030.35,29986.1,30021.0,154400
1554781500000,30030.05,30129.5,29890.1,29932.1,996680
1554792300000,29932.0,30339.0,29891.0,30336.65,1505320
1554803100000,30336.6,30359.25,30324.3,30359.25,217380
1554867900000,30200.35,30335.0,30121.05,30208.75,1225040
1554878700000,30208.0,30308.4,29919.25,29978.4,1581140
1554889500000,29974.95,29994.7,29950.0,29968.3,204680
1554954300000,29948.85,29978.9,29815.15,29910.55,947160
1554965100000,29908.25,30009.0,29772.0,29937.7,1376640
1554975900000,29933.0,29964.3,29930.0,29956.0,167780
1555040700000,29925.0,29997.1,29833.55,29870.0,776720
1555051500000,29871.35,30150.0,29859.2,30076.85,1167880
1555062300000,30077.45,30092.1,30014.0,30037.5,192480
1555299900000,30098.1,30239.0,30043.1,30224.5,831500
1555310700000,30224.75,30249.0,30091.05,30193.0,723200
1555321500000,30193.0,30201.25,30171.15,30188.7,163300
1555386300000,30300.75,30480.0,30278.1,30437.55,986280
1555397100000,30440.0,30678.0,30420.8,30580.6,1256400
1555407900000,30577.0,30642.9,30577.0,30623.1,238500
1555559100000,30675.0,30722.25,30350.0,30370.0,1527200
1555569900000,30371.9,30485.0,30222.8,30282.15,1314660
1555580700000,30283.75,30290.95,30210.0,30230.0,293000
1555904700000,30200.0,30244.9,29910.5,29971.65,1283920
1555915500000,29975.6,29975.8,29736.0,29763.15,1406280
1555926300000,29768.3,29774.9,29715.3,29724.85,188220
1555991100000,29784.9,29928.0,29651.45,29814.05,1434220
1556001900000,29807.05,29861.1,29492.0,29541.35,1431400
1556012700000,29541.3,29552.0,29511.0,29549.55,190180
1556077500000,29549.4,29630.0,29501.25,29565.0,989560
1556088300000,29564.55,29958.0,29426.6,29911.4,1876100
1556099100000,29915.7,29923.65,29836.7,29882.65,238080
1556163900000,29889.95,30060.0,29846.0,29996.9,1196240
1556174700000,29996.9,30046.95,29511.0,29561.65,1738340
1556185500000,29560.15,29568.85,29543.6,29561.35,246340
1556250300000,29851.1,29916.5,29734.9,29880.0,969320
1556261100000,29878.9,30229.7,29758.05,30186.5,1719420
1556271900000,30190.0,30204.9,30130.9,30136.0,185260
1556595900000,30049.95,30062.0,29750.15,29837.05,1539700
1556606700000,29840.0,29946.75,29662.8,29909.0,1368280
1556617500000,29911.95,29917.2,29850.55,29850.55,131200
1556768700000,29785.0,30047.1,29741.15,29933.35,1085120
1556779500000,29937.8,29970.95,29730.05,29813.85,1324540
1556790300000,29813.55,29814.0,29792.6,29807.6,175680
1556855100000,29878.75,30080.0,29810.0,30048.6,1016960
1556865900000,30049.95,30237.0,30020.0,30054.95,1169380
1556876700000,30055.0,30090.0,30043.85,30055.0,167180
1557114300000,29689.4,29848.0,29649.0,29822.95,975940
1557125100000,29817.0,29880.0,29725.2,29799.15,886340
1557135900000,29800.0,29808.7,29775.05,29807.0,142220
1557200700000,29915.0,29945.85,29801.0,29903.3,997960
1557211500000,29907.65,29922.0,29370.0,29404.85,1691400
1557222300000,29403.95,29424.0,29380.0,29410.0,214620
1557287100000,29349.85,29374.9,29212.1,29296.25,1034160
1557297900000,29296.25,29418.6,29115.0,29130.6,1487220
1557308700000,29130.5,29157.5,29120.0,29145.0,155240
1557373500000,29030.0,29153.95,28986.05,29045.85,1092440
1557384300000,29045.9,29129.75,28902.0,28995.45,1367660
1557395100000,28997.0,29026.55,28980.0,28990.0,169980
1557459900000,28975.0,29215.0,28946.55,29140.0,1333500
1557470700000,29142.75,29258.8,29025.0,29115.0,1607540
1557481500000,29113.85,29116.5,29024.15,29050.2,233020
1557719100000,29029.9,29080.0,28927.0,29012.1,986720
1557729900000,29019.55,29062.3,28712.4,28749.95,1254280
1557740700000,28747.3,28782.7,28725.0,28766.6,191040
1557805500000,28751.0,28856.5,28700.0,28799.9,873660
1557816300000,28797.9,29198.0,28737.1,28978.0,2143460
1557827100000,28980.0,29011.65,28943.6,28990.0,152280
1557891900000,29060.05,29079.0,28951.45,29002.45,707180
1557902700000,29002.55,29047.4,28621.75,28660.65,1753760
1557913500000,28661.0,28665.0,28594.65,28606.1,229760
1557978300000,28639.95,28695.0,28581.7,28660.0,769800
1557989100000,28660.0,28992.9,28571.0,28980.6,1805560
1557999900000,28987.15,29050.0,28979.9,28980.05,258660
1558064700000,28934.95,29191.4,28880.1,29179.6,1065640
1558075500000,29183.4,29489.0,29137.9,29460.0,1944280
1558086300000,29460.05,29590.0,29460.05,29564.95,321960
1558323900000,30185.05,30489.0,30060.5,30478.1,1925300
1558334700000,30480.0,30885.45,30456.4,30811.8,2034620
1558345500000,30816.65,30848.8,30778.0,30793.85,242360
1558410300000,30860.0,30970.3,30685.9,30785.0,1229740
1558421100000,30782.0,30790.0,30315.1,30386.35,1941240
1558431900000,30389.25,30420.0,30376.0,30400.0,167440
1558496700000,30425.05,30618.0,30350.0,30503.25,1179840
1558507500000,30503.25,30769.9,30411.2,30580.0,1623340
1558518300000,30579.45,30675.0,30563.1,30655.5,215280
1558583100000,30900.0,31780.0,30884.95,30982.2,4219220
1558593900000,30971.7,31165.0,30355.15,30401.35,3034240
1558604700000,30408.95,30652.8,30332.75,30614.95,389520
1558669500000,30750.05,30879.85,30580.05,30826.95,1608260
1558680300000,30820.4,31315.0,30785.05,31236.15,2263300
1558691100000,31239.45,31271.85,31200.0,31215.0,235580
1558928700000,31229.95,31537.7,31175.1,31494.85,1383220
1558939500000,31490.35,31649.95,31385.1,31580.0,1453880
1558950300000,31581.05,31595.0,31553.5,31579.7,189560
1559015100000,31676.75,31676.8,31406.55,31461.1,1460980
1559025900000,31461.05,31676.0,31319.0,31634.15,1666560
1559036700000,31635.05,31699.15,31592.5,31697.0,253800
1559101500000,31565.05,31578.5,31386.75,31430.05,1023760
1559112300000,31430.1,31480.0,31276.55,31319.95,1208080
1559123100000,31320.0,31332.95,31300.0,31315.0,186660
1559187900000,31280.0,31499.5,31250.0,31476.95,956480
1559198700000,31486.9,31642.0,31393.6,31527.7,1564060
1559209500000,31526.7,31542.45,31524.0,31542.45,186220
1559274300000,31710.05,31815.45,30562.1,31289.0,2427680
1559285100000,31285.0,31487.0,31169.95,31312.85,1841900
1559295900000,31314.65,31360.0,31311.0,31326.95,188320
1559533500000,31326.85,31578.7,31250.0,31551.95,1108220
1559544300000,31555.0,31718.75,31364.65,31680.0,1457820
1559555100000,31679.8,31700.0,31659.95,31688.35,163700
1559619900000,31597.95,31753.45,31571.0,31617.0,919320
1559630700000,31615.0,31793.95,31576.2,31627.3,1335060
1559641500000,31627.4,31696.0,31626.1,31683.55,179940
1559792700000,31599.95,31599.95,31327.0,31332.3,1526660
1559803500000,31340.0,31355.0,30883.0,30925.55,2168500
1559814300000,30928.0,30987.0,30922.5,30980.25,218320
1559879100000,31018.0,31154.0,30670.35,31000.8,1870460
1559889900000,31005.9,31187.95,30817.85,31085.0,1598420
1559900700000,31085.0,31117.8,31080.0,31099.0,174800
1560138300000,31296.3,31391.65,30901.9,30926.55,1655940
1560149100000,30929.3,31092.25,30866.0,31026.85,1046800
1560159900000,31022.8,31084.7,31005.95,31068.0,174240
1560224700000,31200.0,31230.0,30974.9,31201.8,1181240
1560235500000,31205.8,31374.9,31141.8,31246.0,1359860
1560246300000,31240.3,31265.0,31233.0,31245.0,149440
1560311100000,31220.0,31240.0,30944.35,30981.15,1178440
1560321900000,30981.0,31049.6,30906.2,30990.0,915220
1560332700000,30990.1,31033.3,30982.65,31030.0,168060
1560397500000,30888.0,30956.6,30665.0,30707.65,1314100
1560408300000,30703.9,31090.7,30693.3,31040.0,1617440
1560419100000,31037.0,31044.5,30990.0,31010.0,146380
1560483900000,30955.1,31042.0,30710.2,30764.0,1120460
1560494700000,30764.0,30886.25,30510.5,30541.0,1480260
1560505500000,30540.0,30606.0,30503.15,30586.5,354480
1560743100000,30599.0,30614.45,30368.25,30398.0,1153420
1560753900000,30397.8,30439.05,30310.0,30331.1,862660
1560764700000,30329.55,30360.0,30306.0,30360.0,233940
1560829500000,30349.95,30560.0,30256.0,30514.0,1507300
1560840300000,30515.0,30584.0,30200.0,30339.2,1814920
1560851100000,30342.05,30369.3,30341.15,30362.9,147920
1560915900000,30506.35,30663.05,30460.05,30500.0,1622140
1560926700000,30496.7,30560.85,30213.9,30337.7,1510580
1560937500000,30339.0,30410.0,30314.6,30409.8,204760
1561002300000,30377.85,30580.0,30276.0,30510.1,1501320
1561013100000,30510.1,30809.0,30492.05,30793.15,1631700
1561023900000,30791.0,30800.0,30741.05,30774.0,255740
1561088700000,30699.95,30799.9,30575.0,30676.35,1143760
1561099500000,30675.0,30741.7,30515.0,30659.25,1312260
1561110300000,30660.0,30679.4,30631.75,30664.0,191840
1561347900000,30675.05,30768.0,30580.0,30718.5,981860
1561358700000,30718.9,30726.0,30533.65,30615.0,871700
1561369500000,30615.95,30670.6,30608.1,30666.05,132540
1561434300000,30589.95,30658.55,30480.0,30644.1,1098700
1561445100000,30647.05,30950.0,30647.05,30886.3,1596680
1561455900000,30890.85,30893.9,30833.05,30853.85,216500
1561520700000,30790.0,31016.0,30779.35,30977.4,1018640
1561531500000,30976.9,31209.15,30963.0,31187.4,1224600
1561542300000,31190.95,31194.7,31153.05,31172.25,175260
1561607100000,31250.05,31407.8,31190.0,31364.1,999540
1561617900000,31360.95,31480.0,31139.25,31285.0,2049720
1561628700000,31285.9,31288.25,31265.35,31270.0,183140
1561693500000,31333.4,31400.0,31207.6,31299.0,1072580
1561704300000,31299.2,31422.1,31230.0,31263.45,984920
1561715100000,31262.3,31281.7,31253.15,31255.0,146960
1561952700000,31400.25,31500.0,31351.15,31440.85,890320
1561963500000,31442.4,31559.85,31426.3,31502.25,666500
1561974300000,31503.85,31509.8,31486.85,31491.9,138500
1562039100000,31530.05,31530.05,31176.75,31286.95,1384000
1562049900000,31284.55,31445.8,31250.4,31400.0,1006860
1562060700000,31400.0,31409.5,31383.0,31388.0,144280
1562125500000,31410.0,31514.0,31357.6,31462.1,839620
1562136300000,31461.3,31570.25,31459.4,31501.85,842660
1562147100000,31502.0,31504.85,31482.2,31495.0,140160
1562211900000,31525.6,31686.0,31500.05,31658.0,1097600
1562222700000,31656.95,31689.75,31533.35,31562.35,873960
1562233500000,31561.55,31563.8,31519.15,31524.95,218120
1562298300000,31568.95,31635.0,31424.3,31532.0,921900
1562309100000,31537.85,31727.6,31353.55,31510.45,2140580
1562319900000,31513.65,31522.0,31485.0,31486.2,164400
1562557500000,31310.0,31373.0,30701.05,30866.85,2047860
1562568300000,30869.0,30871.7,30606.0,30687.9,1158480
1562579100000,30689.6,30713.0,30675.6,30706.0,201820
1562643900000,30606.0,30780.0,30451.0,30706.0,1661460
1562654700000,30709.95,30733.0,30564.0,30651.45,769900
1562665500000,30642.5,30655.0,30628.35,30645.0,125040
1562730300000,30669.95,30793.85,30475.0,30495.15,1280840
1562741100000,30495.0,30632.8,30412.0,30505.0,1071680
1562751900000,30501.85,30522.0,30475.4,30516.0,143360
1562816700000,30699.0,30718.65,30600.05,30679.35,903240
1562827500000,30679.9,30831.7,30660.0,30729.0,1049020
1562838300000,30732.95,30735.0,30680.1,30705.1,172700
1562903100000,30747.95,30789.95,30562.0,30608.1,864400
1562913900000,30606.35,30848.8,30571.85,30587.8,1392240
1562924700000,30586.55,30622.5,30580.75,30616.0,151680
1563162300000,30697.5,30699.95,30337.5,30383.5,1129120
1563173100000,30389.8,30494.15,30323.6,30440.0,782020
1563183900000,30436.6,30487.0,30434.75,30483.2,167460
1563248700000,30483.2,30645.0,30428.25,30608.0,935040
1563259500000,30608.0,30650.0,30471.2,30588.0,885740
1563270300000,30585.1,30602.0,30582.0,30600.0,125040
1563335100000,30574.0,30778.0,30542.0,30722.0,1156960
1563345900000,30720.1,30765.75,30641.85,30737.0,719120
1563356700000,30737.05,30758.95,30721.55,30758.95,179780
1563421500000,30686.95,30745.0,30560.25,30595.0,876620
1563432300000,30595.05,30596.9,30410.55,30432.4,995720
1563443100000,30431.2,30470.0,30421.0,30443.0,240060
1563507900000,30520.0,30534.65,30075.85,30099.0,1607880
1563518700000,30099.9,30116.0,29726.05,29764.9,1524580
1563529500000,29765.0,29833.0,29761.75,29833.0,231900
1563767100000,29650.0,29698.65,29305.25,29362.0,1684860
1563777900000,29364.0,29462.0,29265.0,29408.8,1072400
1563788700000,29402.75,29413.0,29363.0,29374.0,218360
1563853500000,29414.9,29430.0,29180.0,29304.45,1545660
1563864300000,29299.0,29439.35,29127.65,29195.4,1504540
1563875100000,29196.05,29209.2,29172.3,29187.05,189380
1563939900000,29150.75,29292.0,28943.8,28990.0,1552760
1563950700000,28989.0,29175.85,28928.0,28967.65,1261840
1563961500000,28968.55,28980.0,28962.1,28973.35,171240
1564026300000,28998.45,29237.8,28920.0,28989.3,1344840
1564037100000,28985.9,29168.9,28920.35,29020.7,1381980
1564047900000,29022.25,29048.0,29020.4,29044.0,189920
1564112700000,29265.5,29454.6,29125.6,29425.6,1424620
1564123500000,29426.9,29495.0,29331.35,29451.9,818820
1564134300000,29450.0,29510.0,29450.0,29494.5,245460
1564371900000,29645.9,29680.0,29200.0,29249.8,1386940
1564382700000,29249.8,29455.95,29196.0,29361.2,1095080
1564393500000,29365.6,29399.85,29352.6,29381.3,133720
1564458300000,29500.05,29588.15,29295.1,29412.0,1430940
1564469100000,29412.0,29422.7,28801.1,28860.75,1901680
1564479900000,28860.8,28864.15,28810.5,28850.0,256400
1564544700000,28685.0,28934.75,28655.85,28835.2,1891900
1564555500000,28837.1,29077.95,28736.55,28993.75,1435000
1564566300000,28990.0,28994.95,28965.1,28970.0,171280
1564631100000,28805.65,28924.0,28551.1,28599.2,1800820
1564641900000,28599.05,28657.55,28140.55,28572.4,2210920
1564652700000,28570.0,28595.0,28520.3,28567.85,279500
1564717500000,28244.4,28397.9,28050.9,28313.15,2130520
1564728300000,28314.0,28684.95,28148.0,28342.25,2481040
1564739100000,28342.65,28358.85,28295.25,28349.0,167540
1564976700000,27825.0,28015.6,27510.0,27785.0,2509120
1564987500000,27785.0,27952.1,27675.0,27799.65,1623440
1564998300000,27794.9,27841.0,27762.5,27774.0,203140
1565063100000,27651.1,28044.0,27651.0,27950.0,1527880
1565073900000,27945.6,28240.0,27933.3,28122.05,1662960
1565084700000,28122.05,28128.95,28096.3,28111.5,173620
1565149500000,28098.9,28242.0,27961.35,28198.0,1814340
1565160300000,28197.75,28224.05,27690.3,27723.65,1897060
1565171100000,27732.2,27748.8,27695.25,27700.0,185060
1565235900000,27813.1,27899.9,27611.4,27742.5,1514840
1565246700000,27743.5,28233.45,27677.6,28199.25,2249220
1565257500000,28200.0,28370.0,28194.2,28342.0,455320
1565322300000,28400.05,28577.0,28330.55,28569.4,1471840
1565333100000,28569.75,28625.0,28375.85,28483.2,1367560
1565343900000,28486.4,28502.9,28466.0,28495.25,189500
1565667900000,28399.95,28490.0,28076.05,28132.25,1467900
1565678700000,28131.5,28167.15,27682.5,27765.0,1742880
1565689500000,27763.6,27763.6,27720.8,27730.0,234040
1565754300000,27850.15,28128.1,27759.0,27992.95,1733020
1565765100000,27989.05,28149.0,27925.05,28011.75,1175980
1565775900000,28011.7,28021.35,27948.15,27952.0,191360
1565927100000,27950.0,28223.6,27750.0,28201.4,1672420
1565937900000,28206.4,28310.0,28077.65,28262.95,1344720
1565948700000,28260.0,28280.0,28252.25,28270.0,180180
1566186300000,28335.1,28485.3,28264.0,28419.85,1325740
1566197100000,28411.05,28465.0,28122.05,28182.3,1372680
1566207900000,28182.4,28238.95,28166.05,28218.75,158420
1566272700000,28220.25,28220.4,27836.95,27909.85,1521220
1566283500000,27904.05,28079.0,27822.0,27974.15,1473600
1566294300000,27978.0,28026.0,27968.75,28020.0,190560
1566359100000,28050.3,28129.95,27850.65,27888.05,1629060
1566369900000,27888.05,27955.95,27668.2,27738.0,1449580
1566380700000,27737.95,27760.85,27721.0,27760.0,193980
1566445500000,27715.0,27746.05,27424.2,27525.0,1421180
1566456300000,27523.0,27569.0,26977.1,27038.9,1985440
1566467100000,27036.05,27049.0,26971.0,27010.05,253580
1566531900000,26895.0,27147.55,26615.6,26929.95,2781900
1566542700000,26935.0,27250.0,26912.0,27018.05,1848760
1566553500000,27018.0,27038.6,26980.0,27034.0,186040
1566791100000,27624.4,27624.4,26822.0,27306.0,3194000
1566801900000,27300.55,27985.0,27296.75,27913.4,2908900
1566812700000,27912.7,27945.15,27905.05,27937.0,272220
1566877500000,28090.0,28245.85,27917.0,28110.0,2252360
1566888300000,28113.95,28224.25,27932.4,28123.0,1560300
1566899100000,28123.0,28159.0,28111.45,28142.25,169920
1566963900000,28085.25,28118.15,27853.2,27914.1,1480500
1566974700000,27910.35,27937.1,27621.05,27836.5,1814560
1566985500000,27840.0,27864.45,27830.35,27836.2,172400
1567050300000,27749.9,27750.0,27368.0,27403.85,1747060
1567061100000,27403.95,27540.05,27240.0,27280.55,2122680
1567071900000,27286.65,27308.0,27285.1,27303.1,254500
1567136700000,27501.15,27686.0,27151.5,27245.85,2427620
1567147500000,27249.25,27549.0,27212.3,27498.05,1918800
1567158300000,27496.35,27577.45,27491.15,27575.8,287000
1567482300000,27321.05,27333.0,27010.0,27070.0,1641260
1567493100000,27069.3,27094.5,26885.95,26898.25,1600120
1567503900000,26899.45,26905.0,26802.0,26810.0,298860
1567568700000,26824.35,27218.0,26712.0,27169.0,2607320
1567579500000,27168.6,27380.9,27120.1,27249.95,1726440
1567590300000,27250.0,27250.0,27175.0,27187.0,179040
1567655100000,27160.05,27335.0,26930.0,26964.85,2453240
1567665900000,26963.0,27075.0,26862.05,26990.0,1530280
1567676700000,26991.0,27012.95,26981.8,26990.05,231640
1567741500000,27025.05,27370.0,27025.05,27355.35,1982580
1567752300000,27352.0,27398.0,27265.0,27319.05,1116500
1567763100000,27323.0,27331.05,27279.8,27293.85,224340
1568000700000,27200.0,27598.0,27035.0,27561.05,2151020
1568011500000,27557.5,27609.0,27467.3,27545.3,1022040
1568022300000,27546.55,27560.0,27542.25,27556.9,181660
1568173500000,27660.55,27843.7,27594.4,27783.95,1467500
1568184300000,27780.05,27897.0,27751.4,27844.4,1023700
1568195100000,27843.2,27846.9,27787.9,27789.7,295060
1568259900000,27855.65,28094.9,27828.4,27962.05,1942940
1568270700000,27964.0,28056.0,27770.5,27803.15,1358640
1568281500000,27802.85,27824.0,27785.3,27797.45,179880
1568346300000,27749.95,27943.4,27585.4,27777.2,2144360
1568357100000,27779.6,28190.0,27714.65,28182.0,1847420
1568367900000,28182.1,28200.0,28151.65,28174.0,239300
1568605500000,27801.55,28095.0,27801.55,28008.3,1936300
1568616300000,28010.0,28035.0,27838.45,27885.0,1608460
1568627100000,27889.3,27892.0,27873.1,27885.0,239960
1568691900000,27799.9,27882.0,27621.0,27651.45,1755500
1568702700000,27650.0,27686.0,27079.0,27108.3,2605440
1568713500000,27110.0,27184.25,27103.35,27175.0,339920
1568778300000,27325.05,27423.0,27130.15,27235.0,1864040
1568789100000,27238.75,27470.0,27160.1,27204.75,1854960
1568799900000,27201.95,27201.95,27127.15,27180.0,258720
1568864700000,27175.0,27175.85,26810.1,26859.95,1881600
1568875500000,26856.0,26894.15,26683.1,26804.0,1573580
1568886300000,26800.95,26847.5,26737.0,26800.0,402740
1568951100000,26859.95,28879.05,26750.6,28824.95,6860280
1568961900000,28828.4,29424.95,28492.15,29039.85,4121420
1568972700000,29044.7,29049.4,28947.05,29007.85,315560
1569210300000,29996.5,30490.0,29591.0,30389.0,4594220
1569221100000,30384.25,30734.95,30316.4,30509.9,2431320
1569231900000,30504.75,30630.05,30490.0,30535.1,148100
1569296700000,30514.0,30674.95,29923.25,30115.0,3060080
1569307500000,30111.1,30491.0,29980.1,30240.05,1969380
1569318300000,30239.85,30250.8,30186.0,30237.0,158000
1569383100000,30073.95,30080.9,29664.0,29758.0,1982640
1569393900000,29755.0,29939.35,29511.0,29649.0,1817920
1569404700000,29649.0,29650.0,29615.05,29620.0,181480
1569469500000,29678.65,30974.8,29676.4,29897.3,3899320
1569480300000,29901.95,30207.55,29828.15,29995.0,2094880
1569491100000,29995.0,30007.15,29980.6,30006.5,151220
1569555900000,30201.0,30280.0,29882.95,30102.0,2099080
1569566700000,30102.05,30340.0,30022.05,30072.05,1604960
1569577500000,30065.5,30102.85,30060.0,30061.3,214040
1569815100000,29890.05,29955.6,29301.0,29363.85,2425600
1569825900000,29360.0,29568.85,29103.5,29320.15,2234900
1569836700000,29320.55,29350.0,29299.5,29318.0,221760
1569901500000,29440.0,29724.0,28982.0,29278.85,3192460
1569912300000,29278.85,29398.5,28218.0,28797.15,3823740
1569923100000,28790.0,28955.0,28789.1,28917.2,306100
1570074300000,28655.1,28919.8,28433.1,28774.15,2772680
1570085100000,28775.3,28879.05,28368.6,28568.95,1978740
1570095900000,28568.9,28596.1,28552.4,28579.95,205020
1570160700000,28801.05,28860.0,28161.0,28253.2,2528100
1570171500000,28258.1,28464.0,27778.0,27853.8,3036040
1570182300000,27849.4,27878.95,27803.0,27809.85,271580
1570419900000,27950.0,28277.0,27652.2,28231.0,2530200
1570430700000,28228.15,28240.0,27810.0,27865.0,1563000
1570441500000,27862.9,27915.0,27854.05,27861.95,202060
1570592700000,27870.0,28483.55,27774.0,28405.35,2910740
1570603500000,28405.0,28989.95,28376.0,28861.05,2737880
1570614300000,28860.0,28898.0,28841.2,28894.6,252780
1570679100000,28690.0,28690.0,28120.0,28170.0,2719960
1570689900000,28167.1,28356.95,27980.0,28088.05,1954120
1570700700000,28093.2,28175.0,28090.55,28167.0,253320
1570765500000,28300.0,28723.0,27805.0,27985.0,3714960
1570776300000,27979.25,28396.55,27960.1,28150.25,2135660
1570787100000,28150.15,28162.95,28103.65,28138.85,183980
1571024700000,28317.95,28790.0,28105.0,28440.3,2224560
1571035500000,28444.9,28636.0,28112.1,28120.9,2148900
1571046300000,28117.0,28218.0,28082.85,28210.0,306080
1571111100000,28300.0,28529.0,28251.0,28476.3,1845780
1571121900000,28480.0,28775.0,28322.9,28623.95,2218240
1571132700000,28620.0,28645.95,28600.0,28621.0,196480
1571197500000,28720.25,28807.0,28574.0,28708.05,1806500
1571208300000,28714.0,28745.0,28321.15,28616.8,2396100
1571219100000,28616.85,28649.9,28595.0,28622.25,219080
1571283900000,28530.5,28830.0,28530.5,28750.3,2012820
1571294700000,28754.3,29150.0,28706.0,29081.15,2355100
1571305500000,29080.0,29095.0,29040.0,29084.85,268520
1571370300000,29029.6,29217.6,28903.05,29108.0,1989140
1571381100000,29109.95,29299.95,29016.05,29162.0,1603440
1571391900000,29161.0,29166.5,29131.0,29140.0,255280
1571715900000,29397.0,29724.0,28851.4,29685.0,2400180
1571726700000,29683.45,29747.0,29372.0,29495.0,1806020
1571737500000,29484.1,29510.0,29465.05,29490.0,165840
1571802300000,29400.0,29690.55,29122.0,29675.9,2349400
1571813100000,29672.3,29725.0,29367.55,29498.0,1521760
1571823900000,29492.5,29529.95,29485.3,29526.15,179720
1571888700000,29625.0,29742.55,29304.0,29550.0,2507360
1571899500000,29549.2,29598.95,29020.95,29160.0,2681800
1571910300000,29160.0,29220.0,29148.15,29215.0,194580
1571975100000,29280.1,29350.0,29090.05,29205.15,1724800
1571985900000,29204.9,29480.0,28912.6,29416.85,2572660
1571996700000,29416.3,29448.9,29390.0,29431.1,247520
1572179400000,29638.0,29760.0,29460.6,29473.0,430220
1572320700000,29550.4,29998.7,29355.1,29923.4,2290420
1572331500000,29926.15,30040.0,29855.35,29902.35,1169200
1572342300000,29906.25,29910.85,29888.3,29896.2,217120
1572407100000,30015.4,30151.4,29740.05,30069.8,2015140
1572417900000,30068.15,30149.5,29881.3,29971.55,1404140
1572428700000,29966.35,30013.9,29957.7,30007.45,196080
1572493500000,30100.15,30299.0,29752.25,30175.05,1570120
1572504300000,30176.85,30399.1,30012.1,30088.0,1797300
1572515100000,30092.0,30095.5,30056.7,30063.95,151280
1572579900000,30200.05,30380.0,30063.1,30373.55,1764100
1572590700000,30369.1,30449.45,30213.75,30358.85,1307940
1572601500000,30355.0,30408.0,30350.0,30408.0,222700
1572839100000,30457.95,30658.0,30267.0,30365.95,2160220
1572849900000,30366.0,30477.95,30299.3,30377.95,1029540
1572860700000,30377.0,30420.95,30375.15,30407.35,255760
1572925500000,30420.05,30519.9,30281.0,30326.95,1630660
1572936300000,30325.15,30365.0,30155.1,30296.95,1602620
1572947100000,30297.0,30308.0,30281.55,30286.5,172160
1573011900000,30260.3,30600.0,30052.0,30551.9,2621800
1573022700000,30555.0,30780.0,30502.1,30672.6,1796240
1573033500000,30670.05,30705.5,30667.6,30675.0,265680
1573098300000,30801.0,30848.95,30555.0,30695.95,1846720
1573109100000,30690.05,30794.0,30463.0,30650.05,1869560
1573119900000,30651.0,30699.0,30630.05,30699.0,230640
1573184700000,30630.0,30984.0,30493.55,30912.2,2359280
1573195500000,30913.95,31099.0,30755.0,30765.0,2061980
1573206300000,30765.0,30789.25,30690.0,30784.2,301620
1573443900000,30700.0,30950.0,30610.05,30839.0,1693440
1573454700000,30838.95,31140.0,30806.0,31131.2,1279340
1573465500000,31130.0,31222.85,31120.0,31160.8,401680
1573616700000,31083.95,31167.25,30780.55,30856.7,2033040
1573627500000,30857.95,30955.0,30538.8,30556.4,1789280
1573638300000,30562.9,30605.2,30542.9,30594.8,271160
1573703100000,30580.0,30790.0,30361.35,30530.0,2443320
1573713900000,30532.9,30830.0,30464.2,30765.15,1598940
1573724700000,30761.95,30812.0,30761.95,30790.0,244960
1573789500000,30902.2,31165.0,30859.6,31019.95,2407640
1573800300000,31017.65,31185.0,30982.05,31047.1,1365660
1573811100000,31050.0,31075.0,31026.4,31075.0,248580
1574048700000,31152.0,31182.0,30900.1,30957.75,1490560
1574059500000,30955.0,31090.7,30940.65,31010.95,946820
1574070300000,31009.6,31040.0,31000.65,31035.0,172880
1574135100000,31059.95,31315.85,30950.0,31238.05,1925700
1574145900000,31238.0,31288.6,31150.35,31221.4,1023220
1574156700000,31221.4,31307.3,31215.0,31301.0,270720
1574221500000,31350.0,31400.0,31184.55,31390.05,1356120
1574232300000,31391.05,31434.4,31230.0,31322.0,1252360
1574243100000,31318.55,31336.95,31295.05,31295.05,205360
1574307900000,31299.95,31420.9,31223.6,31386.5,1475480
1574318700000,31387.0,31444.9,31300.0,31324.9,1017240
1574329500000,31325.35,31330.0,31300.0,31315.0,184340
1574394300000,31248.2,31329.7,31103.4,31140.0,1447580
1574405100000,31140.0,31178.0,31023.35,31100.5,1112880
1574415900000,31102.25,31127.8,31097.5,31127.65,206340
1574653500000,31080.1,31370.0,31049.05,31356.1,1370320
1574664300000,31358.85,31578.5,31348.3,31572.65,1392140
1574675100000,31572.65,31590.0,31561.35,31576.0,231100
1574739900000,31620.1,31791.85,31577.05,31647.8,1455260
1574750700000,31650.0,31747.7,31411.0,31637.75,1476960
1574761500000,31639.1,31723.1,31639.1,31698.35,215460
1574826300000,31738.6,31834.0,31705.0,31747.05,1155740
1574837100000,31749.65,31880.0,31723.9,31869.1,971080
1574847900000,31869.15,31898.0,31867.3,31891.0,213100
1574912700000,31874.25,32121.8,31874.25,32086.75,1432000
1574923500000,32087.25,32143.3,31982.35,32121.2,1102520
1574934300000,32126.55,32130.0,32110.55,32122.5,177940
1574999100000,32100.5,32148.0,31842.6,31923.0,1550180
1575009900000,31922.9,32039.95,31820.0,31999.4,1053140
1575020700000,32001.9,32014.75,31990.0,31990.0,191560
1575258300000,32079.95,32080.0,31782.0,31840.0,1447100
1575269100000,31843.3,31960.05,31762.3,31913.1,851060
1575279900000,31920.0,31937.95,31904.05,31925.0,152660
1575344700000,31949.9,31949.9,31622.25,31647.0,1379180
1575355500000,31647.0,31720.0,31580.6,31708.0,850660
1575366300000,31707.75,31735.0,31693.4,31730.0,230780
1575431100000,31624.95,31924.6,31511.25,31851.85,1876200
1575441900000,31853.25,32114.9,31619.35,32086.05,2000780
1575452700000,32086.0,32125.0,32076.55,32090.15,226160
1575517500000,32110.0,32179.95,31782.8,31840.0,2000080
1575528300000,31837.7,32023.85,31705.0,31805.0,1808360
1575539100000,31810.95,31825.0,31714.95,31725.0,297820
1575603900000,31799.95,31925.0,31625.0,31674.0,1722500
1575614700000,31672.0,31740.6,31323.0,31414.4,1914300
1575625500000,31417.75,31429.1,31381.55,31398.95,213200
1575863100000,31374.9,31569.85,31201.0,31458.4,1620380
1575873900000,31465.95,31612.1,31349.35,31390.0,1257740
1575884700000,31394.95,31426.9,31385.25,31395.3,150860
1575949500000,31440.1,31445.0,31257.5,31334.7,1224400
1575960300000,31335.9,31439.1,31188.35,31220.0,1253820
1575971100000,31221.6,31244.9,31221.6,31244.4,204580
1576035900000,31208.3,31395.75,31169.45,31225.0,1372780
1576046700000,31225.6,31372.8,31065.3,31340.45,1355760
1576057500000,31337.1,31390.15,31330.5,31350.0,237520
1576122300000,31406.3,31537.05,31405.0,31492.05,1265360
1576133100000,31493.0,31740.0,31477.0,31700.0,1370760
1576143900000,31698.5,31745.0,31695.2,31720.4,271600
1576208700000,31860.45,32045.0,31805.35,32029.35,1389600
1576219500000,32030.0,32230.0,32029.65,32133.6,1272940
1576230300000,32135.2,32138.95,32058.6,32095.6,300000
1576467900000,32197.65,32205.0,31848.15,31967.2,1300920
1576478700000,31969.05,32108.25,31927.95,32012.35,836240
1576489500000,32013.9,32045.2,31995.0,32025.4,169120
1576554300000,32100.1,32285.0,32055.05,32218.15,1218420
1576565100000,32222.0,32261.2,32156.7,32209.0,687820
1576575900000,32209.95,32221.65,32192.8,32214.95,203000
1576640700000,32310.05,32343.95,32055.0,32145.0,1127520
1576651500000,32147.0,32300.55,32118.0,32259.45,1003360
1576662300000,32260.0,32314.85,32251.3,32309.9,177120
1576727100000,32300.0,32345.4,32123.35,32305.0,1233420
1576737900000,32305.1,32326.85,32197.0,32252.85,704040
1576748700000,32250.35,32277.25,32247.2,32262.0,202540
1576813500000,32227.0,32365.75,32180.0,32339.35,1061180
1576824300000,32340.0,32440.0,32279.9,32365.1,726280
1576835100000,32365.0,32398.3,32362.0,32380.0,181860
1577072700000,32349.95,32425.0,32271.2,32377.0,814740
1577083500000,32377.0,32394.2,32220.0,32322.5,1027720
1577094300000,32329.15,32355.3,32323.55,32336.65,138940
1577159100000,32304.95,32384.0,32281.0,32343.95,746920
1577169900000,32343.1,32383.3,32270.45,32302.0,675760
1577180700000,32302.55,32315.75,32292.2,32305.1,153600
1577331900000,32269.95,32339.0,32157.6,32177.0,989500
1577342700000,32177.0,32203.25,31945.0,32009.1,1164460
1577353500000,32010.0,32021.95,31996.5,31998.5,182080
1577418300000,32250.1,32550.0,32246.5,32529.75,1511760
1577429100000,32533.0,32619.95,32507.0,32591.65,768060
1577439900000,32592.55,32633.75,32592.0,32616.0,228120
1577677500000,32632.45,32773.85,32470.0,32501.0,1429860
1577688300000,32500.95,32588.0,32431.0,32542.1,985020
1577699100000,32545.0,32570.35,32533.1,32552.6,158020
1577763900000,32478.7,32521.9,32326.65,32460.0,1329840
1577774700000,32457.15,32479.5,32350.05,32366.0,751360
1577785500000,32371.9,32392.7,32320.0,32379.95,250680
1577850300000,32417.3,32495.75,32250.0,32322.7,1159600
1577861100000,32321.5,32344.95,32225.0,32275.25,592420
1577871900000,32280.0,32303.4,32268.1,32300.0,167800
1577936700000,32299.0,32440.0,32281.55,32440.0,1281720
1577947500000,32434.25,32598.0,32377.2,32594.95,1102500
1577958300000,32591.0,32606.05,32558.6,32575.3,273260
1578023100000,32445.5,32489.05,32143.7,32160.0,1878860
1578033900000,32159.0,32208.0,32060.2,32149.0,1085540
1578044700000,32152.8,32202.15,32145.2,32177.4,254520
1578282300000,32000.0,32023.85,31449.05,31482.5,2235680
1578293100000,31483.05,31510.0,31286.0,31372.85,1462260
1578303900000,31374.05,31377.7,31345.0,31350.0,260820
1578368700000,31551.1,31915.8,31200.0,31555.0,2783320
1578379500000,31558.9,31560.85,31290.1,31499.95,1754760
1578390300000,31495.9,31531.95,31488.55,31500.0,221200
1578455100000,31185.0,31458.4,30971.8,31151.9,2702320
1578465900000,31150.0,31541.2,31121.0,31445.3,1633160
1578476700000,31441.25,31459.15,31424.65,31426.05,221120
1578541500000,31801.0,32112.3,31760.15,32096.55,2285420
1578552300000,32099.0,32200.0,32033.25,32142.15,1288580
1578563100000,32143.0,32168.95,32135.4,32149.75,284040
1578627900000,32263.95,32384.95,32112.15,32340.15,1610060
1578638700000,32345.05,32350.0,31980.0,32118.0,1783360
1578649500000,32119.9,32142.45,32100.0,32112.05,177440
1578887100000,32159.65,32380.0,32159.65,32286.05,1255280
1578897900000,32286.05,32310.0,32123.75,32236.6,1012500
1578908700000,32238.25,32254.8,32230.0,32250.0,165980
1578973500000,32240.0,32240.0,32031.8,32165.1,1292680
1578984300000,32170.0,32260.0,32090.4,32170.9,1138620
1578995100000,32170.0,32180.8,32151.0,32160.0,180560
1579059900000,32089.0,32105.5,31786.6,31846.75,1622780
1579070700000,31846.8,31933.0,31765.8,31926.9,1035960
1579081500000,31930.0,31968.95,31927.65,31950.0,327240
1579146300000,31900.0,32054.05,31744.95,31820.85,1575760
1579157100000,31824.7,32034.35,31805.0,31935.0,1112620
1579167900000,31939.0,31949.15,31927.0,31940.0,189320
1579232700000,31660.25,31874.3,31540.0,31769.4,1920460
1579243500000,31772.0,31820.0,31679.5,31734.0,778160
1579254300000,31730.5,31737.95,31692.05,31699.95,228020
1579491900000,31997.65,31997.65,31392.1,31440.75,1792160
1579502700000,31442.25,31464.0,31126.1,31175.55,1619800
1579513500000,31179.8,31197.7,31160.15,31194.0,243560
1579578300000,31049.9,31200.0,30920.95,31075.0,2053460
1579589100000,31069.65,31113.5,30955.15,31039.75,1050100
1579599900000,31040.0,31058.05,31025.05,31055.0,168820
1579664700000,31150.0,31230.0,30797.3,30820.55,1922060
1579675500000,30820.65,30921.4,30705.0,30808.65,1245260
1579686300000,30804.25,30816.95,30775.6,30816.5,213620
1579751100000,30800.0,31008.5,30680.0,30928.55,1910420
1579761900000,30919.3,31170.0,30919.3,31080.35,1605300
1579772700000,31080.35,31117.0,31065.45,31117.0,219540
1579837500000,31100.55,31369.0,30924.0,31286.65,2084320
1579848300000,31281.0,31438.0,31252.65,31327.8,990760
1579859100000,31328.45,31342.6,31306.1,31331.05,201300
1580096700000,31050.1,31239.9,30950.25,31130.0,1788660
1580107500000,31127.0,31157.95,30860.0,30890.95,1331300
1580118300000,30893.95,30899.0,30851.1,30854.0,261260
1580183100000,30929.95,31051.25,30775.0,30976.95,1741120
1580193900000,30978.1,31070.0,30675.15,30808.05,1633580
1580204700000,30811.1,30824.95,30790.35,30801.0,153540
1580269500000,30960.0,31109.05,30880.05,31051.8,1575120
1580280300000,31050.1,31097.9,30866.0,30913.0,1308700
1580291100000,30913.0,30934.95,30902.65,30905.0,158780
1580355900000,31280.0,31280.0,30563.6,30620.95,1402160
1580366700000,30622.3,30714.1,30513.45,30660.15,1359500
1580377500000,30664.6,30666.75,30641.85,30646.05,196220
1580442300000,30940.0,31104.0,30780.5,30821.65,2074400
1580453100000,30825.0,31125.7,30786.0,30915.7,1975060
1580463900000,30917.6,30935.4,30890.0,30918.0,147540
1580528700000,30794.95,30990.0,30500.0,30701.1,1337140
1580539500000,30710.0,30895.0,29802.2,29852.05,4142500
1580550300000,29852.1,29889.9,29770.0,29782.55,352020
1580701500000,29729.9,30110.0,29530.0,29880.7,2723440
1580712300000,29878.95,30104.0,29825.0,30010.85,1313520
1580723100000,30009.95,30064.0,30001.65,30062.25,148560
1580787900000,30300.0,30798.8,30191.05,30720.75,2872680
1580798700000,30720.0,30790.0,30587.55,30716.3,1325020
1580809500000,30716.4,30732.1,30705.0,30705.0,198280
1580874300000,30760.05,30948.0,30631.2,30690.0,1866200
1580885100000,30687.05,31116.6,30670.2,31040.95,1623660
1580895900000,31038.0,31064.95,31033.75,31056.45,184500
1580960700000,31200.0,31315.0,30956.65,31247.7,2169260
1580971500000,31247.15,31530.9,31247.15,31340.0,1939900
1580982300000,31335.95,31347.75,31280.0,31280.0,225080
1581047100000,31339.9,31339.9,31110.05,31161.65,1404220
1581057900000,31165.9,31363.85,31151.8,31237.85,1267280
1581068700000,31243.85,31251.7,31220.6,31226.5,154880
1581306300000,31215.2,31259.85,31003.9,31118.85,1332440
1581317100000,31116.2,31165.1,31011.2,31099.7,746400
1581327900000,31103.1,31140.0,31092.05,31132.75,170060
1581392700000,31271.5,31516.4,31265.0,31414.0,1552980
1581403500000,31414.85,31475.0,31350.5,31408.1,782360
1581414300000,31407.9,31409.5,31373.0,31380.0,158040
1581479100000,31516.5,31599.0,31458.4,31532.1,1283160
1581489900000,31532.1,31619.8,31492.55,31555.0,768540
1581500700000,31555.05,31569.8,31554.0,31563.25,166760
1581565500000,31565.1,31626.7,31261.0,31281.1,1328760
1581576300000,31279.7,31304.6,31188.85,31230.9,916940
1581587100000,31231.5,31244.0,31202.05,31202.05,190760
1581651900000,31280.0,31470.85,30774.5,31049.75,2855280
1581662700000,31045.9,31062.2,30850.1,30899.85,1024160
1581673500000,30899.0,30910.7,30883.3,30899.3,162060
1581911100000,30894.25,31014.9,30640.0,30811.0,1543640
1581921900000,30810.75,30820.0,30681.0,30755.0,870920
1581932700000,30755.55,30818.0,30755.0,30810.0,165900
1581997500000,30655.85,30707.15,30358.0,30372.0,1607860
1582008300000,30370.0,30645.05,30282.55,30645.05,1345460
1582019100000,30645.0,30653.75,30590.0,30625.0,269920
1582083900000,30875.0,30940.0,30652.0,30777.05,1609020
1582094700000,30778.45,30888.35,30734.95,30840.0,972460
1582105500000,30844.2,30883.55,30840.0,30862.45,204420
1582170300000,30784.0,31098.4,30698.6,31059.85,1839880
1582181100000,31060.0,31093.0,30885.9,30955.1,1106900
1582191900000,30956.25,30982.35,30938.65,30938.65,177600
1582515900000,30615.0,30674.4,30443.0,30596.95,1548080
1582526700000,30598.0,30688.8,30393.35,30426.95,1360000
1582537500000,30427.05,30449.0,30404.0,30447.8,216720
1582602300000,30500.05,30633.35,30365.0,30614.45,1625180
1582613100000,30613.1,30620.0,30351.5,30483.7,1186480
1582623900000,30486.0,30510.7,30469.05,30509.2,114780
1582688700000,30230.0,30364.0,30207.4,30255.0,1168160
1582699500000,30256.6,30517.1,30125.5,30309.7,1751700
1582710300000,30309.1,30389.0,30306.1,30375.0,173560
1582775100000,30265.0,30265.0,29951.15,29988.95,1503660
1582785900000,29984.25,30209.95,29958.25,30200.0,1515220
1582796700000,30201.9,30201.9,30180.15,30186.2,151120
1582861500000,29625.0,29665.25,29223.2,29251.1,2143940
1582872300000,29250.4,29430.05,28970.15,29067.65,2139220
1582883100000,29069.2,29108.65,29067.3,29091.0,274520
1583120700000,29355.55,29648.0,29267.0,29496.5,2047320
1583131500000,29494.95,29632.0,28600.05,28652.95,2452360
1583142300000,28652.9,28988.9,28603.5,28925.85,421500
1583207100000,29080.0,29328.2,28752.6,28929.1,2654640
1583217900000,28932.2,29270.0,28825.5,29205.0,2343340
1583228700000,29205.0,29307.7,29195.5,29286.1,223700
1583293500000,29115.0,29299.9,28768.0,28824.0,2336640
1583304300000,28830.0,28890.0,28158.3,28816.15,3139700
1583315100000,28814.3,28859.0,28710.1,28758.35,276000
1583379900000,28839.95,29180.0,28547.05,29102.2,3390160
1583390700000,29105.0,29177.4,28745.1,28833.0,2000900
1583401500000,28833.0,28863.9,28759.3,28788.0,212280
1583466300000,27710.15,27866.85,27280.0,27580.0,2873260
1583477100000,27576.1,28063.65,27525.35,27796.05,2369180
1583487900000,27799.0,27805.0,27735.0,27753.3,206440
1583725500000,27111.1,27244.0,26620.05,26802.95,2413400
1583736300000,26798.1,26878.8,25935.05,26533.9,3588940
1583747100000,26544.2,26552.5,26392.15,26482.0,206860
1583898300000,26349.95,26818.0,26215.45,26515.25,3118780
1583909100000,26515.05,26740.1,26376.0,26458.05,2339840
1583919900000,26458.45,26485.95,26447.75,26459.25,186200
1583984700000,25190.0,25344.0,24010.0,24336.7,4389440
1583995500000,24339.2,24751.95,23381.0,23793.35,3678380
1584006300000,23794.55,24149.35,23794.55,24024.95,335500
1584071100000,22600.0,24566.95,21000.0,24409.15,4114880
1584081900000,24400.0,25591.9,24065.3,25088.15,3969020
1584092700000,25088.65,25258.3,24988.5,25250.35,246480
1584330300000,24311.3,24434.0,23218.2,23377.6,2591420
1584341100000,23367.65,23700.25,22766.25,22915.15,2528440
1584351900000,22913.35,23030.5,22877.7,22900.0,282260
1584416700000,23193.3,23448.0,22380.0,22953.3,3027040
1584427500000,22950.0,23199.75,21840.0,21912.3,2516800
1584438300000,21905.1,22046.0,21892.85,21946.3,241700
1584503100000,22198.95,22351.0,20438.7,20500.75,3587540
1584513900000,20500.0,20817.45,20150.0,20377.65,3148980
1584524700000,20385.1,20912.25,20340.05,20540.35,294180
1584589500000,19499.0,20520.0,18787.65,19743.0,4429320
1584600300000,19755.6,20971.15,19748.85,20061.65,3566300
1584611100000,20074.0,20075.0,19850.1,19960.0,284720
1584675900000,19959.95,20244.95,19217.75,20121.85,3779360
1584686700000,20136.3,20933.0,19654.95,20200.7,4302160
1584697500000,20195.85,20399.95,20179.55,20260.0,262200
1584935100000,18264.95,19200.0,17251.0,17430.6,2047580
1584945900000,17430.4,17737.95,16741.5,16772.7,1725520
1584956700000,16770.05,17004.1,16752.0,16960.0,201500
1585021500000,17550.0,17949.95,16020.55,16942.05,3122200
1585032300000,16943.95,17672.8,16658.2,17038.9,2704420
1585043100000,17030.45,17201.0,16940.0,17201.0,230380
1585107900000,16799.95,17344.9,16600.25,17252.4,2178720
1585118700000,17241.75,18735.55,17183.35,18468.45,2322100
1585129500000,18472.55,18537.45,18424.85,18510.0,127020
1585194300000,18700.0,20165.0,18335.5,20128.5,2854680
1585205100000,20135.0,20279.8,18925.0,19590.0,2243520
1585215900000,19595.0,19629.0,19583.1,19621.0,147360
1585280700000,20251.0,21272.8,19616.3,20115.45,4201600
1585291500000,20109.4,20325.8,19350.35,19778.15,2499160
1585302300000,19773.0,19913.45,19771.15,19799.95,141920
1585539900000,19086.0,19820.0,19020.0,19380.5,2754700
1585550700000,19387.4,19480.05,18676.0,18860.0,2256020
1585561500000,18864.4,18878.95,18750.0,18765.0,157300
1585626300000,19284.7,19299.0,18817.65,19239.9,2741760
1585637100000,19242.8,19500.0,19053.4,19120.35,2432840
1585647900000,19118.35,19120.15,18990.0,18999.95,256240
1585712700000,18900.0,18996.05,18125.0,18249.2,2601700
1585723500000,18240.05,18370.1,17962.65,18179.25,2011780
1585734300000,18174.1,18205.9,18114.65,18129.0,216020
1585885500000,18226.1,18226.1,17428.1,17496.5,2514940
1585896300000,17497.1,17664.7,17075.0,17141.15,2383320
1585907100000,17148.55,17235.5,17144.1,17225.0,192960
1586231100000,18254.55,18400.0,17921.0,18232.95,3246080
1586241900000,18230.0,19250.0,18225.0,19209.1,3331220
1586252700000,19209.95,19226.85,19121.55,19196.4,191900
1586317500000,18816.0,20599.0,18495.0,19208.9,5904460
1586328300000,19211.65,19300.0,18570.05,18833.45,3441540
1586339100000,18829.4,18920.0,18816.4,18890.0,179580
1586403900000,19488.75,19800.0,19071.0,19457.45,3955740
1586414700000,19463.95,19888.0,19371.5,19794.85,2771900
1586425500000,19792.9,19800.95,19687.35,19721.0,208580
1586749500000,19680.0,19826.3,19184.95,19690.0,3196040
1586760300000,19695.95,19720.0,19250.1,19466.4,2146280
1586771100000,19463.65,19553.3,19459.7,19534.85,151920
1586922300000,19986.0,20219.0,19711.0,20001.35,3117600
1586933100000,19998.0,20037.8,18661.4,18973.4,3885840
1586943900000,18972.35,19046.1,18970.1,19046.0,194500
1587008700000,18905.35,19400.0,18601.0,19358.8,3670020
1587019500000,19355.05,19498.0,19063.75,19420.35,3125400
1587030300000,19423.9,19554.85,19414.65,19508.95,256880
1587095100000,20350.0,20452.4,19624.3,19808.85,4669420
1587105900000,19813.65,20934.2,19711.5,20814.85,3766160
1587116700000,20818.8,20880.85,20779.05,20840.0,382960
1587354300000,21086.85,21099.85,20517.25,20741.45,3402760
1587365100000,20738.7,20979.0,20374.0,20480.65,3141120
1587375900000,20481.05,20550.7,20456.0,20456.0,251080
1587440700000,19825.0,19880.0,19466.0,19559.5,2831760
1587451500000,19560.0,19576.55,19166.95,19337.8,3077640
1587462300000,19335.45,19370.0,19245.05,19250.0,204940
1587527100000,19240.0,19590.0,19002.0,19424.55,3808520
1587537900000,19421.0,19837.8,19184.35,19689.6,3491880
1587548700000,19688.0,19725.0,19653.15,19725.0,241760
1587613500000,19797.95,20117.1,19539.9,20083.8,2883240
1587624300000,20080.0,20299.85,19856.75,20178.2,3063620
1587635100000,20180.0,20192.85,20106.2,20109.0,189040
1587699900000,19734.8,19760.75,19433.9,19600.95,2709080
1587710700000,19609.15,19860.0,19381.0,19495.15,3186740
1587721500000,19492.1,19584.6,19492.1,19580.0,227640
1587959100000,19690.0,20227.7,19690.0,20110.0,2928220
1587969900000,20108.0,20240.0,19995.4,20104.95,2218900
1587980700000,20105.6,20126.0,20085.05,20121.5,222400
1588045500000,20399.45,20490.8,20242.0,20372.1,2615460
1588056300000,20372.1,20684.9,20329.1,20665.05,2288240
1588067100000,20669.25,20749.0,20655.0,20745.9,260900
1588131900000,20540.05,20795.0,20401.05,20752.5,2206860
1588142700000,20750.0,21359.85,20710.45,21119.65,2716720
1588153500000,21123.05,21150.0,20974.35,21000.0,243660
1588218300000,21550.2,21981.8,21510.05,21957.95,2104120
1588229100000,21956.25,21984.85,21342.9,21537.95,2824320
1588239900000,21536.95,21546.35,21522.8,21535.2,121580
1588563900000,20600.0,20600.0,19760.0,19871.15,3008080
1588574700000,19871.1,19949.85,19505.0,19600.0,2109840
1588585500000,19599.95,19690.9,19599.95,19666.05,228400
1588650300000,19906.05,20098.0,19575.15,19636.75,3086400
1588661100000,19636.8,19958.1,19164.35,19244.05,3806360
1588671900000,19243.9,19302.95,19239.9,19289.4,253940
1588736700000,19219.2,19788.0,18900.0,19668.75,4831700
1588747500000,19673.9,19819.0,19301.0,19675.05,3523340
1588758300000,19674.9,19777.0,19650.55,19759.9,230200
1588823100000,19470.0,19743.35,19300.0,19439.0,3146020
1588833900000,19441.75,19628.9,19333.35,19513.05,2424720
1588844700000,19513.05,19559.6,19479.5,19541.0,195620
1588909500000,19825.0,19950.0,19664.1,19720.0,2634120
1588920300000,19721.6,19762.95,19210.0,19248.05,2863560
1588931100000,19250.0,19340.0,19245.25,19279.0,313280
1589168700000,19489.85,19700.0,19162.65,19310.0,3377080
1589179500000,19303.7,19393.0,18855.0,18944.75,2820560
1589190300000,18944.75,18959.0,18910.0,18910.0,239740
1589255100000,18696.0,18696.0,18209.0,18343.1,3469900
1589265900000,18343.7,18991.0,18250.1,18716.65,4863620
1589276700000,18716.65,18904.95,18716.15,18864.0,280280
1589341500000,19950.0,20199.0,19455.65,19741.2,4279020
1589352300000,19743.8,19799.95,19423.0,19609.1,3656980
1589363100000,19610.0,19649.95,19604.85,19618.55,278280
1589427900000,19225.65,19340.5,19065.05,19199.55,3048880
1589438700000,19199.65,19324.85,18957.25,19022.3,2900420
1589449500000,19020.0,19065.0,19000.0,19054.0,243540
1589514300000,19079.6,19079.65,18651.0,18703.35,2866260
1589525100000,18703.0,18939.0,18671.9,18794.3,2799960
1589535900000,18795.9,18814.35,18761.65,18762.95,222480
1589773500000,18705.1,18711.1,17458.3,17597.65,5178440
1589784300000,17599.5,17788.0,17485.5,17536.75,3105700
1589795100000,17543.85,17589.65,17498.5,17589.65,315900
1589859900000,17735.0,18165.0,17465.0,17948.35,5021340
1589870700000,17943.8,17989.05,17318.0,17440.0,3974380
1589881500000,17441.05,17475.0,17434.65,17440.05,248000
1589946300000,17390.0,17750.0,17351.7,17559.8,3600660
1589957100000,17559.2,18026.95,17466.95,17801.05,4101620
1589967900000,17803.45,17940.0,17800.7,17938.45,337460
1590032700000,17923.3,18175.0,17796.65,18018.0,3146440
1590043500000,18018.0,18119.0,17565.6,17662.35,3466820
1590054300000,17659.85,17663.7,17626.0,17630.0,240160
1590119100000,17499.5,17899.95,17036.1,17144.45,6594560
1590129900000,17147.5,17287.1,17005.95,17183.75,3117480
1590140700000,17187.05,17295.0,17186.45,17295.0,383260
1590464700000,17525.0,17645.0,17423.1,17580.0,3245400
1590475500000,17580.0,17690.0,17261.6,17427.7,3375900
1590486300000,17427.15,17514.9,17415.55,17513.95,235460
1590551100000,17556.75,17877.0,17484.6,17856.25,4231680
1590561900000,17851.95,18863.3,17850.0,18698.4,6017720
1590572700000,18689.3,18732.55,18650.0,18663.05,295040
1590637500000,18816.55,19436.0,18748.55,19253.95,4458340
1590648300000,19255.0,19291.95,18975.5,19155.0,3195420
1590659100000,19155.5,19181.0,19148.2,19170.2,192640
1590723900000,18918.0,19183.2,18655.8,18902.5,4617460
1590734700000,18903.55,19155.0,18844.45,19115.0,3256120
1590745500000,19117.75,19119.95,19033.2,19046.65,275060
1590983100000,19490.35,20097.0,19450.0,20066.95,3609460
1590993900000,20067.25,20179.8,19707.0,19906.5,3457080
1591004700000,19903.0,19907.0,19851.05,19857.25,252440
1591069500000,19880.0,20155.0,19750.0,20087.0,3516260
1591080300000,20086.9,20487.0,20036.85,20443.35,3563860
1591091100000,20442.55,20584.0,20435.95,20575.0,425260
1591155900000,20935.0,21152.95,20802.05,21100.1,3980540
1591166700000,21101.4,21611.55,20771.0,20788.5,4850100
1591177500000,20790.0,20874.0,20739.2,20865.0,529860
1591242300000,20862.65,21080.0,20425.0,20465.0,4644800
1591253100000,20461.35,20591.5,20233.3,20366.8,4390580
1591263900000,20367.2,20395.35,20345.0,20345.0,319640
1591328700000,20431.0,20817.05,20388.0,20727.4,4348440
1591339500000,20727.05,21038.0,20588.75,20978.0,3917500
1591350300000,20976.95,21192.45,20965.25,21185.0,399980
1591587900000,21685.35,21775.0,21450.0,21529.4,3573840
1591598700000,21533.05,21557.65,20870.4,21145.5,4530140
1591609500000,21147.7,21210.0,21107.2,21181.0,240920
1591674300000,21201.05,21590.0,20960.0,21489.95,3943340
1591685100000,21487.8,21513.9,20615.0,20687.15,4536820
1591695900000,20694.8,20714.0,20576.0,20585.5,343800
1591760700000,20685.0,21039.0,20640.0,20827.3,4347600
1591771500000,20832.75,21195.0,20709.8,21194.4,3700460
1591782300000,21192.1,21300.0,21156.25,21285.0,606960
1591847100000,20917.65,21239.65,20756.0,20806.7,3669680
1591857900000,20804.45,20951.7,20443.0,20474.85,4162240
1591868700000,20471.15,20544.55,20445.0,20518.6,311740
1591933500000,19555.0,20400.0,19555.0,19994.0,5163820
1591944300000,19997.75,20728.0,19821.0,20635.0,5013500
1591955100000,20637.95,20660.0,20550.0,20580.1,338580
1592192700000,20405.7,20430.2,19655.0,19688.15,4429380
1592203500000,19691.65,20117.85,19670.0,19898.0,3897760
1592214300000,19905.4,19931.55,19850.0,19911.15,315540
1592279100000,20503.0,20635.0,20210.45,20237.95,3881820
1592289900000,20236.9,20308.25,19435.8,20236.4,6500840
1592300700000,20239.0,20273.65,20197.75,20204.0,269680
1592365500000,20048.6,20480.9,19916.95,20419.5,4675260
1592376300000,20420.95,20620.5,20080.05,20142.2,4153280
1592387100000,20136.85,20163.75,20101.0,20135.05,253720
1592451900000,20080.0,20344.65,19977.2,20333.55,3225860
1592462700000,20336.95,20975.0,20228.0,20895.0,4622880
1592473500000,20892.45,20962.95,20880.0,20897.2,361320
1592538300000,20890.0,21464.2,20826.0,21387.9,4058960
1592549100000,21387.85,21399.0,20972.0,21358.0,4103460
1592559900000,21358.0,21360.0,21256.5,21312.6,349940
1592797500000,21450.0,21954.6,21351.25,21679.0,4186820
1592808300000,21675.05,22126.85,21596.6,21699.6,3900380
1592819100000,21703.1,21758.0,21662.1,21744.4,237480
1592883900000,21779.25,21940.0,21622.15,21855.55,3249660
1592894700000,21855.9,22313.3,21774.15,22270.05,3748840
1592905500000,22265.55,22360.0,22250.0,22359.25,329840
1592970300000,22494.85,22494.85,21915.0,22051.65,3611400
1592981100000,22051.8,22332.05,21340.0,21399.95,4747140
1592991900000,21402.95,21422.0,21300.3,21385.05,302700
1593056700000,21174.9,21598.0,20906.4,21260.0,3802060
1593067500000,21264.4,21717.7,21044.0,21494.0,3863680
1593078300000,21496.0,21513.65,21490.0,21505.4,214940
1593143100000,21599.95,21717.0,21239.3,21460.0,4126600
1593153900000,21451.2,21488.85,21167.05,21395.95,3782900
1593164700000,21398.4,21553.5,21393.05,21511.15,455950
1593402300000,21251.0,21251.0,20886.35,21000.0,3548325
1593413100000,21000.05,21286.0,20901.0,21264.1,3595250
1593423900000,21264.3,21325.9,21235.5,21249.95,482175
1593488700000,21443.0,21553.2,21280.05,21333.8,3301300
1593499500000,21328.9,21410.2,21036.0,21214.95,3281075
1593510300000,21212.6,21260.0,21210.95,21245.05,331075
1593575100000,21190.0,21697.55,21155.0,21679.25,4042550
1593585900000,21680.0,22014.0,21606.0,21943.65,3882650
1593596700000,21945.0,21945.0,21851.0,21864.25,359375
1593661500000,22080.8,22289.65,21827.05,22109.75,4537500
1593672300000,22114.2,22246.85,21945.45,21955.3,3449925
1593683100000,21952.35,22014.0,21922.15,22014.0,320075
1593747900000,22149.0,22162.05,21772.1,21960.0,3359650
1593758700000,21960.3,22064.2,21750.0,21840.9,2686550
1593769500000,21843.8,21874.6,21830.0,21832.2,286600
1594007100000,22201.0,22444.0,22141.05,22245.0,3084900
1594017900000,22242.05,22423.0,22170.0,22219.0,2711575
1594028700000,22219.0,22253.45,22212.05,22241.1,269650
1594093500000,22209.95,22242.85,22000.9,22115.4,2923750
1594104300000,22117.0,22656.0,22100.0,22610.0,5072575
1594115100000,22609.45,22635.0,22535.0,22538.0,422525
1594179900000,22618.0,22895.0,22615.5,22850.0,3556025
1594190700000,22848.4,23118.25,22567.9,22622.5,4422550
1594201500000,22621.7,22622.4,22532.85,22577.0,343425
1594266300000,22719.25,22880.0,22665.4,22825.5,2885450
1594277100000,22825.9,22958.85,22650.0,22891.0,2817425
1594287900000,22891.0,22980.0,22884.1,22975.75,306100
1594352700000,22755.65,22820.0,22510.35,22548.85,3158300
1594363500000,22545.15,22572.0,22325.4,22396.85,3567650
1594374300000,22394.2,22445.0,22375.3,22420.0,323850
1594611900000,22625.0,22664.4,22146.65,22150.0,3328050
1594622700000,22158.95,22267.5,22028.0,22145.8,2707700
1594633500000,22152.95,22189.95,22147.0,22175.0,271675
1594698300000,21942.5,21944.0,21417.0,21499.0,3928350
1594709100000,21495.7,21543.7,21212.9,21395.65,3523700
1594719900000,21395.05,21434.55,21395.05,21406.0,305700
1594784700000,21645.2,21940.0,21471.1,21720.5,3865200
1594795500000,21720.0,21852.5,21212.1,21297.85,3996475
1594806300000,21296.2,21415.6,21265.55,21409.0,338000
1594871100000,21400.0,21458.4,21025.05,21266.0,3991150
1594881900000,21266.3,21647.5,21169.0,21566.75,3413150
1594892700000,21562.0,21568.95,21496.25,21500.0,349300
1594957500000,21459.45,21837.0,21459.45,21685.55,3630100
1594968300000,21686.0,21984.65,21533.25,21968.5,3455975
1594979100000,21970.0,22080.0,21964.4,22079.0,511400
1595216700000,22230.95,22474.0,22122.35,22341.05,3713500
1595227500000,22341.05,22437.45,22149.9,22314.95,2812000
1595238300000,22307.7,22311.5,22240.05,22263.0,279925
1595303100000,22620.0,22774.9,22512.0,22690.05,2858500
1595313900000,22690.0,22899.7,22615.2,22833.0,2793850
1595324700000,22831.75,22831.75,22788.0,22824.95,321500
1595389500000,23124.95,23148.55,22625.0,22823.0,3219950
1595400300000,22823.35,22962.65,22573.7,22824.6,3696850
1595411100000,22826.25,22866.45,22807.15,22835.0,254575
1595475900000,22765.35,22991.8,22703.5,22975.4,2549375
1595486700000,22976.05,23140.0,22931.0,23082.45,2824375
1595497500000,23081.5,23121.6,23062.75,23113.6,300550
1595562300000,22850.0,22901.05,22380.1,22435.0,3395625
1595573100000,22435.05,22725.0,22321.0,22618.75,3108300
1595583900000,22624.2,22625.0,22594.15,22607.85,226725
1595821500000,22620.2,22647.55,21904.0,22100.0,3532725
1595832300000,22100.0,22163.0,21820.0,21850.0,3274775
1595843100000,21847.85,21865.9,21818.8,21840.75,381550
1595907900000,21921.5,22090.0,21630.05,21932.95,4108475
1595918700000,21931.25,22306.95,21893.25,22196.1,3575750
1595929500000,22195.0,22196.9,22089.45,22135.0,295100
1595994300000,22086.95,22421.6,22043.75,22356.8,3336075
1596005100000,22356.85,22440.0,21964.15,22140.85,3387275
1596015900000,22145.0,22180.0,22100.0,22103.3,205850
1596080700000,22090.0,22259.8,22090.0,22214.15,2161575
1596091500000,22210.5,22233.1,21562.2,21670.0,3570575
1596102300000,21669.55,21676.35,21632.25,21650.0,401425
1596167100000,21647.85,21827.6,21400.65,21602.7,4224700
1596177900000,21603.9,21784.65,21484.8,21675.0,3306700
1596188700000,21672.0,21710.35,21652.0,21695.0,223225
1596426300000,21480.0,21549.7,21250.0,21308.05,3069800
1596437100000,21311.65,21325.0,21085.35,21155.0,2834100
1596447900000,21157.6,21197.95,21150.0,21187.15,333550
1596512700000,21299.95,21495.0,21106.05,21467.25,3790075
1596523500000,21469.9,21633.0,21361.0,21557.0,3187400
1596534300000,21559.25,21562.05,21533.2,21552.45,275700
1596599100000,21699.0,21999.9,21464.05,21639.7,4861150
1596609900000,21640.65,21748.0,21482.0,21562.85,2889725
1596620700000,21566.95,21615.6,21555.1,21607.65,247900
1596685500000,21685.0,21735.0,21370.0,21481.35,3249425
1596696300000,21486.2,21969.0,21475.0,21649.0,4808250
1596707100000,21649.0,21680.0,21617.5,21665.0,223925
1596771900000,21600.0,21795.95,21435.5,21742.85,3566800
1596782700000,21742.85,21835.0,21614.75,21775.1,2449775
1596793500000,21770.05,21796.95,21761.2,21796.95,271725
1597031100000,21851.0,22099.0,21841.9,21995.0,2751875
1597041900000,21994.9,22075.8,21802.0,21941.9,2427575
1597052700000,21943.3,21989.1,21930.05,21970.0,246275
1597117500000,21900.0,22250.0,21900.0,22112.4,2549575
1597128300000,22112.45,22345.0,22073.5,22293.8,2533550
1597139100000,22293.8,22320.05,22285.9,22311.0,335975
1597203900000,22122.35,22276.7,22000.6,22244.65,2824375
1597214700000,22243.7,22385.0,22240.0,22335.5,2459850
1597225500000,22333.25,22335.0,22280.0,22290.85,313000
1597290300000,22401.0,22443.95,22202.05,22264.9,2342150
1597301100000,22265.0,22306.3,22122.5,22170.2,2306525
1597311900000,22171.45,22219.35,22166.5,22217.15,278550
1597376700000,22300.1,22318.0,22110.0,22260.8,2104150
1597387500000,22260.1,22280.0,21436.0,21683.85,4648225
1597398300000,21684.05,21714.45,21662.25,21673.95,367425
1597635900000,21900.0,21925.0,21499.0,21649.35,2734100
1597646700000,21645.0,21783.45,21394.0,21736.9,2753100
1597657500000,21735.0,21789.95,21735.0,21785.0,269525
1597722300000,21745.0,21843.9,21627.2,21773.9,2434950
1597733100000,21767.25,22272.95,21751.3,22199.1,3529175
1597743900000,22201.95,22205.55,22175.0,22200.0,268375
1597808700000,22293.0,22433.9,22237.05,22324.75,2404425
1597819500000,22328.3,22466.15,22212.7,22298.1,2207325
1597830300000,22300.0,22334.25,22292.55,22313.0,186100
1597895100000,22022.0,22090.0,21923.5,22031.2,2139750
1597905900000,22030.0,22045.4,21765.3,21969.85,2901900
1597916700000,21967.65,21970.0,21911.75,21911.75,356925
1597981500000,22155.55,22318.0,22118.05,22250.0,1883125
1597992300000,22250.1,22378.0,22225.0,22277.0,1691475
1598003100000,22276.35,22316.55,22273.1,22307.0,293175
1598240700000,22327.25,22814.45,22327.2,22775.95,2513700
1598251500000,22776.0,22944.85,22766.05,22850.0,2030200
1598262300000,22844.6,22846.6,22796.55,22806.95,453425
1598327100000,22965.0,23119.5,22825.0,23038.0,3237350
1598337900000,23039.05,23168.65,22880.75,23070.0,2881150
1598348700000,23070.0,23104.8,23065.05,23095.5,215400
1598413500000,23150.0,23285.0,23070.0,23210.0,2297925
1598424300000,23207.35,23420.0,23139.4,23391.0,2256625
1598435100000,23391.05,23451.8,23390.0,23445.3,267875
1598499900000,23490.0,23675.0,23473.5,23655.0,1757150
1598510700000,23655.7,23716.15,23560.35,23601.95,1944550
1598521500000,23600.0,23606.35,23591.35,23603.15,316275
1598586300000,23679.9,24430.85,23601.5,24365.0,4610200
1598597100000,24372.3,24540.0,24160.0,24508.95,3294525
1598607900000,24505.0,24658.7,24494.8,24622.1,568350
1598845500000,24900.05,25270.0,23930.2,24176.25,6786650
1598856300000,24181.7,24285.0,23371.0,23795.5,5378700
1598867100000,23797.95,23906.95,23639.45,23657.5,439975
1598931900000,23850.0,24178.3,23508.0,23724.0,5294700
1598942700000,23727.4,24200.0,23594.0,23985.0,4466775
1598953500000,23991.25,23999.85,23937.6,23960.6,298025
1599018300000,23855.0,23897.5,23500.9,23652.4,3576925
1599029100000,23646.7,23974.0,23507.0,23903.75,3364775
1599039900000,23899.4,23954.0,23883.1,23920.75,239850
1599104700000,23938.8,24079.8,23607.5,23640.0,2788525
1599115500000,23635.6,23810.0,23510.0,23516.0,2228800
1599126300000,23514.0,23586.1,23452.95,23580.0,518750
1599191100000,23300.0,23300.0,22881.6,23144.0,3350800
1599201900000,23144.0,23440.0,22853.9,23071.45,4541025
1599212700000,23073.0,23090.0,23017.0,23082.05,293175
1599450300000,23016.35,23125.9,22758.0,22979.9,3445075
1599461100000,22980.0,23110.0,22721.0,22978.05,2684600
1599471900000,22984.25,23046.0,22981.9,23023.7,308325
1599536700000,22900.0,23050.0,22805.0,22978.0,2492600
1599547500000,22978.6,23092.95,22722.3,22770.0,3176000
1599558300000,22770.0,22784.0,22655.15,22657.45,404200
1599623100000,22500.0,22575.0,22206.15,22224.7,3418375
1599633900000,22220.2,22376.1,22128.95,22365.5,3345000
1599644700000,22370.0,22400.0,22338.6,22375.0,403250
1599709500000,22485.0,22725.0,22385.1,22655.95,3508325
1599720300000,22655.6,22680.0,22253.45,22518.2,3841575
1599731100000,22520.8,22551.95,22483.75,22533.5,296225
1599795900000,22450.55,22676.0,22340.0,22432.95,3431600
1599806700000,22430.0,22574.65,22226.0,22550.1,3384850
1599817500000,22551.85,22580.2,22520.15,22570.0,317550
1600055100000,22664.35,22820.5,22621.0,22667.4,2635900
1600065900000,22666.3,22696.0,22105.0,22200.4,4364275
1600076700000,22202.9,22204.25,22110.85,22155.65,522825
1600141500000,22195.0,22410.0,22084.05,22266.0,3583275
1600152300000,22265.0,22594.0,22183.45,22535.65,3533550
1600163100000,22530.7,22597.0,22520.0,22590.0,342000
1600227900000,22538.0,22580.4,22280.0,22345.3,2796575
1600238700000,22345.05,22748.0,22314.6,22670.55,3572125
1600249500000,22669.1,22685.0,22640.0,22645.0,293250
1600314300000,22340.0,22560.05,22300.05,22405.0,3220675
1600325100000,22405.8,22506.95,22334.0,22400.05,2587525
1600335900000,22400.05,22411.8,22380.8,22393.8,325925
1600400700000,22391.35,22520.0,22315.0,22388.35,2498150
1600411500000,22387.6,22457.5,21808.1,22102.35,4236900
1600422300000,22103.45,22147.25,22050.2,22121.0,412375
1600659900000,22025.0,22125.0,21872.0,22005.95,2994875
1600670700000,22009.4,22061.4,21374.8,21434.15,4543100
1600681500000,21438.3,21447.7,21290.0,21290.5,441375
1600746300000,21389.0,21516.65,21190.0,21293.05,4093575
1600757100000,21291.0,21475.95,20967.5,21214.0,4773775
1600767900000,21214.0,21258.65,21172.0,21222.0,379675
1600832700000,21350.9,21383.65,21127.0,21152.2,2977750
1600843500000,21150.05,21277.25,20830.0,21251.55,4428800
1600854300000,21253.1,21308.05,21232.5,21306.0,299625
1600919100000,20931.15,20979.8,20751.25,20797.3,2558325
1600929900000,20798.6,20852.9,20465.6,20472.7,3204825
1600940700000,20474.6,20480.0,20442.5,20455.1,427675
1601005500000,20710.0,20740.0,20431.0,20690.25,3710950
1601016300000,20715.85,21089.0,20667.9,20996.9,4750625
1601027100000,20990.95,21006.5,20934.0,20935.9,306250
1601264700000,21100.1,21648.15,21050.0,21575.3,4180125
1601275500000,21577.0,21763.3,21453.85,21705.0,3211150
1601286300000,21704.0,21765.9,21682.0,21753.0,398275
1601351100000,21763.0,21839.8,21326.0,21400.5,4197375
1601361900000,21401.65,21645.95,21312.65,21475.45,3408200
1601372700000,21480.0,21524.4,21460.0,21487.65,243375
1601437500000,21423.25,21519.0,21141.2,21291.05,4546500
1601448300000,21290.0,21580.6,21255.1,21467.0,3498825
1601459100000,21466.05,21496.8,21433.8,21435.0,275250
1601523900000,21676.0,22149.45,21665.0,22107.55,4152325
1601534700000,22111.8,22367.25,22060.0,22362.5,3567950
1601545500000,22358.75,22362.0,22283.85,22292.25,493950
1601869500000,22319.5,22840.0,22319.5,22615.0,4414575
1601880300000,22614.0,22656.6,22267.55,22430.0,3625475
1601891100000,22430.0,22449.8,22415.05,22443.35,284175
1601955900000,22723.0,22838.7,22542.8,22715.0,3243900
1601966700000,22715.0,22939.0,22575.0,22906.95,3631750
1601977500000,22905.8,22940.1,22894.45,22909.95,326875
1602042300000,22850.0,23064.85,22656.9,22886.65,3952075
1602053100000,22888.05,23109.0,22850.0,23002.65,2994225
1602063900000,23002.0,23037.35,22998.45,22999.8,308500
1602128700000,23179.95,23418.5,23113.0,23377.45,2960875
1602139500000,23375.0,23480.0,23060.0,23177.5,3624375
1602150300000,23175.7,23204.95,23157.55,23161.25,264975
1602215100000,23250.95,23860.95,23151.0,23676.65,5454975
1602225900000,23673.5,23942.2,23561.65,23890.0,3691475
1602236700000,23889.95,23965.0,23871.05,23956.0,435825
1602474300000,23935.4,24217.0,23752.0,23775.0,3792200
1602485100000,23773.05,23938.45,23588.4,23759.8,3241400
1602495900000,23760.0,23780.0,23745.05,23765.0,235150
1602560700000,23699.0,23840.0,23450.0,23711.45,3403875
1602571500000,23715.0,23717.0,23508.5,23580.0,2619200
1602582300000,23585.0,23589.95,23496.5,23500.0,294225
1602647100000,23369.1,23414.7,23212.0,23278.0,2533700
1602657900000,23280.0,23968.0,23256.95,23940.25,4185875
1602668700000,23942.0,24023.05,23917.5,23946.5,614225
1602733500000,23970.0,24140.0,23683.25,23924.95,4011100
1602744300000,23923.5,23973.15,23022.8,23033.0,4545225
1602755100000,23017.9,23091.85,22995.5,23033.0,498350
1602819900000,23201.2,23580.95,23183.0,23507.2,4004150
1602830700000,23507.2,23717.0,23442.45,23595.1,3229950
1602841500000,23600.65,23602.95,23525.5,23561.0,265125
1603079100000,23894.95,24269.25,23786.05,24145.0,4020475
1603089900000,24145.15,24409.8,24127.5,24359.45,3029475
1603100700000,24356.55,24367.35,24315.1,24322.0,398350
1603165500000,24165.0,24460.55,24086.35,24390.0,3504000
1603176300000,24390.0,24434.35,24248.3,24362.75,2474325
1603187100000,24354.95,24358.5,24325.0,24347.0,267525
1603251900000,24484.0,24870.0,24470.5,24830.2,3388575
1603262700000,24830.2,24880.65,24102.4,24703.7,5828250
1603273500000,24705.0,24746.5,24693.0,24698.45,458575
1603338300000,24500.0,24740.0,24383.3,24567.95,3397450
1603349100000,24566.7,24671.0,24307.85,24532.95,3787450
1603359900000,24532.25,24597.5,24532.25,24563.0,258550
1603424700000,24660.0,24789.0,24379.25,24435.0,3426475
1603435500000,24430.4,24652.3,24422.5,24543.6,2666100
1603446300000,24525.9,24539.0,24501.0,24527.9,268125
1603683900000,24519.95,24550.0,24140.0,24187.15,3353675
1603694700000,24192.0,24214.35,23850.1,24093.0,3773425
1603705500000,24099.0,24162.45,24079.9,24122.0,352675
1603770300000,24311.0,24520.0,23894.85,24457.15,4115775
1603781100000,24460.7,24797.0,24360.0,24734.0,3406000
1603791900000,24731.6,24759.15,24712.0,24756.0,328350
1603856700000,23698.0,24795.0,23698.0,24516.45,3462650
1603867500000,24510.45,24613.0,24024.4,24183.25,3948100
1603878300000,24179.3,24271.25,24179.3,24250.1,261725
1603943100000,23999.7,24341.3,23850.9,24262.0,3208475
1603953900000,24260.65,24307.5,23791.0,24111.55,3307000
1603964700000,24112.75,24114.0,24092.5,24095.8,214375
1604029500000,24049.95,24277.0,23633.5,23690.0,4964975
1604040300000,23685.95,23961.2,23565.0,23924.95,3740700
1604051100000,23924.95,23960.3,23905.05,23930.1,342250
1604288700000,24245.2,24628.0,24100.5,24541.0,5026650
1604299500000,24538.2,25163.45,24480.0,24849.15,4664775
1604310300000,24844.0,24948.9,24811.0,24899.95,494175
1604375100000,25110.0,25545.05,25070.45,25500.0,4219600
1604385900000,25506.0,25680.65,25422.5,25642.05,3261875
1604396700000,25636.1,25735.0,25619.9,25687.0,437625
1604461500000,25588.0,25788.35,25333.0,25429.0,4095825
1604472300000,25423.65,25913.7,25091.75,25800.6,5378075
1604483100000,25801.3,25807.3,25675.05,25690.0,395650
1604547900000,26177.15,26254.1,26001.0,26206.15,3374475
1604558700000,26210.0,26363.15,26135.45,26309.95,3217550
1604569500000,26309.95,26318.55,26290.35,26304.7,296150
1604634300000,26249.85,26535.95,26115.25,26480.0,3459450
1604645100000,26479.95,26845.0,26465.0,26747.8,4048825
1604655900000,26747.2,26790.9,26731.4,26738.0,415050
1604893500000,27050.0,27460.0,27021.6,27200.0,4174000
1604904300000,27200.0,27563.2,27175.0,27517.4,2919550
1604915100000,27522.8,27594.35,27497.6,27590.0,366750
1604979900000,28000.0,28449.0,27832.3,28392.25,4953625
1604990700000,28391.0,28796.65,28291.4,28603.75,4836650
1605001500000,28602.0,28665.65,28585.3,28647.0,339425
1605066300000,28698.25,28999.0,28423.0,28684.35,6019025
1605077100000,28689.25,28871.9,28165.0,28804.3,4681100
1605087900000,28801.0,28857.0,28797.3,28848.0,322075
1605152700000,28655.35,28680.25,28285.0,28377.05,3478300
1605163500000,28376.55,28536.55,28085.6,28320.8,3963675
1605174300000,28320.35,28349.5,28307.55,28310.75,294700
1605239100000,28127.75,28274.6,27712.4,28110.0,4154475
1605249900000,28114.0,28567.95,28037.0,28528.15,3165575
1605260700000,28525.05,28535.0,28480.0,28490.0,378975
1605357000000,28500.0,28744.95,28451.0,28520.0,972950
1605584700000,28750.0,29091.0,28707.0,28890.0,4089400
1605595500000,28894.95,29154.95,28759.5,29125.6,2818875
1605606300000,29124.8,29213.0,29120.1,29210.0,314450
1605671100000,29049.95,29439.5,29037.0,29350.0,3451075
1605681900000,29347.0,29790.0,29281.2,29763.95,3456225
1605692700000,29760.1,29764.9,29728.05,29757.0,320000
1605757500000,29375.5,29608.0,29327.35,29536.75,3194325
1605768300000,29532.0,29575.05,28820.0,28929.0,4670025
1605779100000,28934.8,28940.0,28851.3,28858.0,368800
1605843900000,28949.2,29090.0,28562.15,28738.95,4884850
1605854700000,28734.55,29412.0,28606.0,29287.15,4765725
1605865500000,29285.1,29295.4,29150.0,29155.0,343950
1606103100000,29430.0,29641.0,28802.2,29018.3,4603500
1606113900000,29011.25,29362.65,28955.45,29020.1,3828050
1606124700000,29024.0,29032.0,28968.65,29015.0,297900
1606189500000,29200.0,29625.05,29151.15,29540.4,3380800
1606200300000,29545.0,29730.0,29404.95,29706.75,2909150
1606211100000,29707.4,29783.0,29700.0,29783.0,382775
1606275900000,29953.0,30190.0,29564.75,29648.0,4915225
1606286700000,29647.85,29850.0,29148.2,29214.0,4680575
1606297500000,29215.0,29261.4,29178.05,29185.0,313875
1606362300000,29300.05,29367.0,28901.1,28925.0,3253700
1606373100000,28921.6,29626.8,28906.05,29553.15,3843125
1606383900000,29550.45,29562.3,29534.95,29554.8,252925
1606448700000,29649.95,29740.0,29381.85,29660.5,3337225
1606459500000,29662.65,29780.0,29458.75,29674.25,3061550
1606470300000,29669.55,29691.55,29628.45,29635.0,300150
1606794300000,29785.15,29915.0,29525.95,29830.0,2159700
1606805100000,29830.05,29990.0,29699.5,29872.8,1852075
1606815900000,29877.3,29923.8,29832.15,29860.55,279100
1606880700000,29865.55,29912.0,29601.0,29669.0,2379500
1606891500000,29665.0,29769.95,29202.0,29602.75,3504200
1606902300000,29606.5,29608.2,29536.6,29542.1,238800
1606967100000,29543.05,29890.0,29543.05,29730.0,2582625
1606977900000,29724.0,29758.75,29436.65,29521.5,2495825
1606988700000,29520.0,29579.8,29507.55,29570.0,225275
1607053500000,29350.0,30067.95,29350.0,29832.35,3191100
1607064300000,29833.35,30189.0,29558.85,30163.0,3283500
1607075100000,30163.0,30276.95,30152.3,30267.95,440650
1607312700000,30165.2,30330.0,30021.0,30300.8,2353600
1607323500000,30309.15,30443.95,30147.05,30283.25,2308275
1607334300000,30280.0,30320.0,30251.5,30270.0,231425
1607399100000,30339.95,30385.3,30104.25,30188.15,2774725
1607409900000,30178.45,30449.9,30139.5,30304.95,2130975
1607420700000,30301.6,30341.55,30285.0,30310.1,259775
1607485500000,30400.0,30578.0,30355.0,30534.0,1901450
1607496300000,30533.0,30877.0,30512.95,30782.05,2196575
1607507100000,30779.1,30792.1,30744.95,30765.9,334250
1607571900000,30580.0,30677.9,30308.0,30331.1,2321875
1607582700000,30327.7,30690.0,30255.0,30580.0,2544150
1607593500000,30577.2,30629.4,30577.2,30602.3,235800
1607658300000,30674.95,30865.0,30533.25,30685.0,2447400
1607669100000,30688.6,30789.95,30337.0,30620.0,2915525
1607679900000,30616.25,30660.0,30600.0,30625.0,368675
1607917500000,30702.35,30890.0,30700.0,30818.15,2088450
1607928300000,30823.35,30886.55,30656.1,30783.5,1781125
1607939100000,30787.9,30798.0,30777.0,30781.0,203625
1608003900000,30700.0,30769.15,30343.95,30497.35,2508500
1608014700000,30497.45,30780.6,30418.15,30706.0,1953025
1608025500000,30702.05,30719.95,30686.1,30689.65,221325
1608090300000,30823.6,30925.0,30750.0,30837.6,1753550
1608101100000,30837.65,30865.0,30526.6,30786.0,2084075
1608111900000,30781.8,30789.85,30734.05,30743.05,271325
1608176700000,30841.85,30976.7,30652.25,30923.3,1772275
1608187500000,30925.55,30998.0,30808.25,30855.8,1652800
1608198300000,30852.45,30854.85,30819.05,30830.0,271225
1608263100000,30797.95,30849.95,30380.1,30564.0,2691675
1608273900000,30564.0,30865.45,30461.05,30768.0,2152475
1608284700000,30766.75,30768.55,30675.1,30690.0,275225
1608522300000,30375.0,30597.75,30281.25,30404.8,2242400
1608533100000,30404.3,30435.9,29222.0,29480.05,5155650
1608543900000,29480.05,29503.7,29285.2,29290.0,550175
1608608700000,29515.0,29689.0,29034.55,29149.0,3591350
1608619500000,29145.0,29760.0,29000.1,29673.5,3367150
1608630300000,29667.7,29682.75,29617.25,29670.0,255450
1608695100000,29580.25,29878.0,29472.3,29774.85,2356925
1608705900000,29776.2,29927.0,29750.6,29891.5,1672450
1608716700000,29891.5,29950.0,29880.0,29945.0,355200
1608781500000,30041.05,30482.05,30021.6,30363.0,2566475
1608792300000,30360.05,30576.9,30295.5,30445.0,2026425
1608803100000,30445.0,30445.0,30387.3,30420.4,337050
1609127100000,30552.05,30849.0,30552.05,30830.75,1405550
1609137900000,30833.75,30975.4,30825.7,30903.0,1430425
1609148700000,30901.35,30966.0,30900.0,30960.0,263150
1609213500000,31060.05,31362.1,31022.0,31176.65,2323075
1609224300000,31176.75,31417.0,31163.3,31347.6,1574075
1609235100000,31351.0,31377.75,31344.0,31370.0,215150
1609299900000,31489.0,31549.45,31122.0,31211.7,1913950
1609310700000,31211.0,31396.25,31030.0,31340.0,1939900
1609321500000,31337.9,31348.8,31276.7,31284.5,250150
1609386300000,31283.95,31398.55,31079.05,31172.0,1561825
1609397100000,31167.0,31427.9,31146.55,31268.0,1621175
1609407900000,31271.5,31277.7,31251.9,31265.0,201575
1609472700000,31250.0,31425.0,31250.0,31325.55,1222825
1609483500000,31329.0,31419.5,31261.55,31311.85,957525
1609494300000,31311.0,31329.6,31280.0,31285.0,223025
1609731900000,31450.25,31599.0,30930.8,31231.35,3377975
1609742700000,31232.1,31381.35,31102.75,31286.9,1694325
1609753500000,31287.0,31380.75,31275.25,31371.6,290575
1609818300000,31130.0,31465.6,31011.1,31425.05,2484775
1609829100000,31429.5,31844.0,31345.8,31795.2,2581600
1609839900000,31792.0,31817.1,31764.1,31800.0,309675
1609904700000,31875.0,31971.9,31798.25,31951.9,1782500
1609915500000,31951.9,32089.7,31662.5,31930.0,2984150
1609926300000,31930.0,31952.45,31820.0,31830.0,257375
1609991100000,32106.05,32229.95,32040.15,32165.0,2095500
1610001900000,32165.0,32294.95,32034.05,32074.05,1713900
1610012700000,32071.35,32110.0,32044.75,32089.0,241875
1610077500000,32305.1,32337.95,32131.0,32223.85,1566975
1610088300000,32223.85,32285.45,32080.2,32165.8,1591175
1610099100000,32165.0,32205.0,32146.85,32170.0,259200
1610336700000,32480.0,32480.0,31888.0,32105.0,2568900
1610347500000,32106.0,32180.0,31982.25,32088.8,1298900
1610358300000,32088.0,32124.0,32074.0,32115.0,221625
1610423100000,31849.95,32250.0,31810.0,32229.6,1974100
1610433900000,32233.5,32508.9,32230.0,32461.15,2019350
1610444700000,32463.0,32463.0,32406.4,32458.0,328725
1610509500000,32603.0,32758.15,32377.1,32548.7,2873775
1610520300000,32547.75,32743.6,32251.85,32722.55,2631725
1610531100000,32725.05,32727.15,32640.0,32658.0,264300
1610595900000,32600.0,32861.4,32573.4,32750.0,1785025
1610606700000,32747.15,32774.6,32562.1,32625.9,1341200
1610617500000,32628.0,32711.9,32617.4,32710.0,211100
1610682300000,32600.0,32610.0,32150.0,32363.15,2608800
1610693100000,32362.8,32490.0,32105.0,32315.0,2132575
1610703900000,32314.0,32351.25,32300.05,32300.05,216600
1610941500000,32315.65,32467.85,31888.0,31970.0,3026500
1610952300000,31968.45,32230.0,31830.0,31869.5,2122700
1610963100000,31869.95,31902.95,31691.7,31708.95,486750
1611027900000,32085.5,32299.0,31919.0,32281.0,2391075
1611038700000,32280.5,32569.75,32211.5,32535.3,1734700
1611049500000,32535.55,32545.0,32484.05,32532.6,313325
1611114300000,32426.25,32649.0,32354.3,32560.0,1972075
1611125100000,32555.45,32664.85,32412.7,32590.1,1576200
1611135900000,32591.0,32605.0,32557.0,32557.0,200400
1611200700000,32749.0,32798.0,32673.75,32768.0,1319325
1611211500000,32760.5,32899.0,32001.5,32180.0,3154225
1611222300000,32180.0,32350.4,32167.1,32320.0,462350
1611287100000,32200.2,32226.95,31542.2,31652.0,3395525
1611297900000,31651.5,31724.7,31123.05,31187.75,3839425
1611308700000,31192.4,31242.5,31160.95,31183.0,337075
1611546300000,31469.95,31700.0,30989.9,31425.2,3682200
1611557100000,31429.35,31608.0,31011.45,31220.0,2290675
1611567900000,31220.0,31243.95,31100.05,31188.0,310950
1611719100000,31165.35,31249.9,30755.1,30795.25,3228625
1611729900000,30792.7,30863.05,30177.1,30325.0,2877925
1611740700000,30327.0,30379.0,30312.0,30349.55,317400
1611805500000,29886.1,30140.0,29686.05,29995.85,2434475
1611816300000,29986.0,30386.95,29661.0,30374.75,2886675
1611827100000,30362.2,30410.75,30354.45,30363.8,295375
1611891900000,30639.5,30760.0,30291.2,30464.0,2801900
1611902700000,30467.0,31238.0,30450.0,30672.05,4000175
1611913500000,30669.4,30769.0,30601.5,30715.7,319475
1612151100000,30994.85,31680.0,30942.5,31371.7,3476700
1612161900000,31337.8,33258.45,31268.1,33209.5,6451575
1612172700000,33201.35,33484.95,33180.0,33414.25,548300
1612237500000,33610.0,34740.5,33601.0,34191.05,6140725
1612248300000,34199.0,34567.0,33934.0,34331.05,2614250
1612259100000,34336.05,34449.3,34276.35,34441.35,291875
1612323900000,34675.0,34867.0,34097.5,34685.0,3040650
1612334700000,34689.4,34998.9,34658.25,34858.25,2213675
1612345500000,34849.9,34889.0,34780.0,34788.2,281400
1612410300000,34551.05,34975.0,34343.55,34941.5,2808925
1612421100000,34945.0,35488.0,34882.25,35310.2,2998825
1612431900000,35306.3,35347.0,35296.5,35339.9,312025
1612496700000,35575.9,36640.0,35555.05,36150.4,5319700
1612507500000,36157.75,36178.9,35527.0,35615.15,3232275
1612518300000,35617.75,35789.55,35581.0,35785.0,306425
1612755900000,36140.0,36503.5,35975.0,36052.05,3244725
1612766700000,36050.0,36274.9,35860.0,36036.65,2178400
1612777500000,36035.25,36075.0,35978.4,36041.0,235825
1612842300000,36580.0,36580.0,35639.0,36344.7,3186125
1612853100000,36345.0,36500.0,35905.45,36080.0,2369800
1612863900000,36068.2,36133.45,35984.95,35990.0,239250
1612928700000,35960.0,36253.0,35750.0,35958.0,2792350
1612939500000,35959.85,36028.75,35462.75,35839.0,2676675
1612950300000,35843.0,36005.5,35831.25,35994.0,383475
1613015100000,35750.0,36067.0,35718.65,35800.1,1920375
1613025900000,35807.0,35983.15,35630.0,35813.0,2001150
1613036700000,35817.95,35869.45,35806.6,35855.0,224075
1613101500000,35770.0,36267.8,35720.15,36119.6,2516400
1613112300000,36111.1,36347.75,35955.0,36106.45,2340325
1613123100000,36105.5,36188.95,36105.5,36159.45,302275
1613360700000,36455.0,36918.65,36423.45,36844.1,2319850
1613371500000,36850.7,37395.1,36805.8,37351.55,2077675
1613382300000,37351.6,37543.95,37330.0,37538.9,543800
1613447100000,37550.0,37770.0,37141.3,37206.4,3337400
1613457900000,37205.6,37330.0,36832.6,37187.1,2858475
1613468700000,37189.05,37279.9,37157.4,37245.0,271500
1613533500000,37050.05,37395.0,36820.0,37250.0,2774375
1613544300000,37250.0,37400.55,36850.4,36996.85,2413550
1613555100000,36995.2,37018.1,36924.2,36930.0,240900
1613619900000,37075.0,37125.15,36676.1,36691.75,2288550
1613630700000,36698.45,36701.3,36352.0,36614.5,2628800
1613641500000,36610.15,36630.0,36582.5,36600.0,245025
1613706300000,36402.0,36680.0,36120.15,36410.0,2832175
1613717100000,36407.6,36432.8,35570.25,35939.9,3206800
1613727900000,35945.8,35998.15,35815.15,35927.0,401300
1613965500000,35622.35,36116.0,35402.0,35491.65,2715100
1613976300000,35491.0,35606.7,35075.0,35274.85,2895350
1613987100000,35278.05,35310.8,35152.9,35162.2,302650
1614051900000,35580.0,35714.95,34988.75,35140.0,3495375
1614062700000,35145.3,35387.95,35035.0,35172.55,2060175
1614073500000,35166.35,35176.8,35087.5,35149.65,250800
1614138300000,35090.0,35821.4,35035.0,35544.05,2752525
1614159900000,35502.1,36553.8,35502.1,36537.2,2162600
1614224700000,36502.0,37243.4,36502.0,36756.5,2780975
1614235500000,36769.0,36990.2,36482.35,36559.7,2048375
1614246300000,36560.0,36571.2,36540.05,36548.3,176925
1614311100000,36000.0,36080.0,34801.05,34855.0,4846525
1614321900000,34854.65,35309.05,34660.0,34928.4,3312775
1614332700000,34925.75,34925.75,34746.6,34889.0,384550
1614570300000,35350.0,35615.0,35009.0,35240.35,2445050
1614581100000,35242.2,35499.0,34983.05,35336.05,1804300
1614591900000,35334.05,35401.0,35310.85,35370.0,181200
1614656700000,35460.05,35754.8,35005.2,35220.0,2889375
1614667500000,35221.3,35545.7,34983.05,35521.3,2034550
1614678300000,35529.45,35555.25,35483.45,35504.2,372400
1614743100000,35750.0,36220.0,35666.8,36211.6,2544925
1614753900000,36215.45,36580.95,36170.0,36516.5,1953575
1614764700000,36505.95,36524.95,36472.6,36490.0,247925
1614829500000,35726.25,36160.0,35530.0,36071.35,3394425
1614840300000,36071.75,36421.25,35780.25,35905.4,2183600
1614851100000,35901.6,35905.0,35840.0,35885.2,241600
1614915900000,35500.0,35660.0,35140.0,35301.0,3239400
1614926700000,35301.0,35499.0,34887.9,35320.05,2605500
1614937500000,35321.9,35385.45,35264.75,35380.0,273850
1615175100000,35501.05,35888.5,35155.25,35330.05,2821250
1615185900000,35330.65,35613.0,35100.0,35361.05,2328825
1615196700000,35360.05,35408.6,35346.65,35365.05,208925
1615261500000,35668.0,36154.0,35625.0,36070.0,2871975
1615272300000,36075.95,36106.6,35604.0,36002.6,2419625
1615283100000,36004.25,36016.85,35910.25,35948.2,282175
1615347900000,36244.0,36244.0,35845.0,35900.0,1742000
1615358700000,35900.0,36120.0,35816.0,36007.7,1512350
1615369500000,36008.75,36025.0,35980.0,35995.25,250350
1615520700000,36505.25,36554.0,36166.0,36183.25,1668275
1615531500000,36185.15,36189.95,35206.55,35550.1,3716750
1615542300000,35554.05,35592.0,35442.1,35447.5,328575
1615779900000,35485.5,35544.0,34475.05,34595.05,2847200
1615790700000,34598.5,35345.4,34455.0,35294.45,2471825
1615801500000,35296.0,35392.0,35291.25,35335.3,366075
1615866300000,35425.0,35494.0,34975.35,35160.0,2436250
1615877100000,35159.8,35299.0,34790.0,34895.0,2088100
1615887900000,34900.0,34963.6,34885.0,34934.95,218775
1615952700000,34900.0,35184.15,34651.05,34871.85,2624050
1615963500000,34871.85,34911.25,34258.0,34278.3,2404500
1615974300000,34282.75,34336.5,34230.25,34245.0,373975
1616039100000,34579.8,34820.0,34462.0,34693.4,2315125
1616049900000,34696.35,34713.2,33668.55,33975.0,3438500
1616060700000,33978.75,33983.6,33891.45,33959.0,255825
1616125500000,33600.3,34144.85,33380.05,33575.35,3536650
1616136300000,33574.85,34450.0,33499.35,34201.9,3099825
1616147100000,34200.0,34212.9,33994.9,34140.0,415400
1616384700000,34035.3,34189.9,33754.6,33856.55,2330875
1616395500000,33857.25,33857.25,33413.0,33727.8,2438450
1616406300000,33736.0,33762.8,33640.4,33735.0,287100
1616471100000,33760.0,34367.4,33635.0,33829.8,3829950
1616481900000,33820.9,34424.9,33737.6,34241.85,2357450
1616492700000,34232.3,34300.0,34191.1,34290.05,265175
1616557500000,33888.85,34016.7,33387.4,33567.6,2473075
1616568300000,33570.0,33729.85,33254.9,33357.6,1929075
1616579100000,33359.0,33449.95,33342.0,33407.0,265750
1616643900000,33408.45,33498.0,32391.65,32534.5,2170325
1616654700000,32540.0,33590.0,32468.5,32972.4,2786950
1616665500000,32986.1,33011.05,32916.65,33007.9,280650
1616730300000,33750.0,33834.4,33372.15,33676.7,2651450
1616741100000,33682.35,33781.15,33336.75,33469.05,1897225
1616751900000,33465.05,33743.1,33400.55,33698.25,475000
1617075900000,33915.2,34180.0,33795.05,33890.1,2433800
1617086700000,33881.0,34154.35,33693.6,34046.25,1908550
1617097500000,34049.95,34088.8,34030.05,34075.05,272400
1617162300000,33939.65,33945.85,33266.3,33509.05,2628600
1617173100000,33502.1,33667.65,33346.85,33451.8,1603275
1617183900000,33452.7,33549.95,33450.0,33538.0,356425
1617248700000,33693.0,33750.0,33390.05,33525.0,1905400
1617259500000,33526.0,34204.15,33432.6,34183.25,2902800
1617270300000,34186.2,34250.0,34153.0,34185.2,407075
1617594300000,33925.0,33999.0,32412.0,32708.4,3934675
1617605100000,32710.0,32966.7,32603.1,32798.85,1769925
1617615900000,32800.2,32878.8,32754.55,32840.7,300625
1617680700000,33021.0,33175.0,32461.65,32961.0,2707925
1617691500000,32959.25,33015.1,32551.75,32687.6,1835225
1617702300000,32684.25,32748.2,32677.1,32711.15,196100
1617767100000,32560.35,33288.0,32298.3,33264.05,3696850
1617777900000,33254.05,33370.0,33025.95,33175.0,1858775
1617788700000,33171.7,33185.0,33115.1,33131.3,220750
1617853500000,33331.0,33489.95,33056.8,33061.1,2012025
1617864300000,33061.6,33415.6,32851.5,32907.4,2355050
1617875100000,32911.35,32977.95,32911.0,32940.0,241150
1617939900000,32312.0,33174.0,32251.25,32840.0,2701175
1617950700000,32839.7,33006.85,32565.0,32616.05,1540175
1617961500000,32616.1,32650.0,32602.85,32612.6,186900
1618199100000,31821.0,31900.0,30682.55,30826.9,3986925
1618209900000,30827.1,30942.0,30610.0,30822.85,1845175
1618220700000,30832.65,30987.85,30832.65,30953.4,357425
1618285500000,31002.05,31439.95,30779.15,31206.55,2531950
1618296300000,31206.8,32019.9,31179.0,31861.1,2929850
1618307100000,31858.85,31886.0,31813.9,31831.45,288400
1618458300000,31950.2,32210.0,31450.0,31973.4,3617925
1618469100000,31973.8,32236.95,31766.3,32195.5,2246175
1618479900000,32199.0,32294.6,32178.9,32255.0,336850
1618544700000,32260.0,32439.2,31986.45,32180.0,1832450
1618555500000,32185.0,32326.9,32006.05,32070.75,1965550
1618566300000,32070.0,32129.95,32023.0,32023.0,274125
1618803900000,31105.25,31200.0,30451.6,30634.0,3532875
1618814700000,30630.05,31297.75,30590.0,31281.45,2172050
1618825500000,31280.45,31337.5,31240.1,31267.4,314900
1618890300000,31589.0,31784.3,31431.45,31503.2,2161650
1618901100000,31500.55,31519.25,30917.0,31182.6,2650225
1618911900000,31190.05,31198.0,31102.0,31115.45,199875
1619063100000,30798.55,31468.2,30588.95,31451.9,3123575
1619073900000,31446.45,31823.75,31352.6,31779.9,2481375
1619084700000,31785.75,31790.0,31690.0,31725.05,311375
1619149500000,31505.0,32169.9,31376.4,32040.55,3025075
1619160300000,32042.3,32095.5,31554.45,31732.1,2539275
1619171100000,31732.1,31760.1,31600.05,31602.85,282225
1619408700000,32221.2,32624.95,32150.55,32496.25,2380550
1619419500000,32505.0,32540.25,32189.2,32284.05,2016925
1619430300000,32275.2,32325.5,32274.7,32290.15,216375
1619495100000,32238.0,32669.7,32150.05,32651.95,1949425
1619505900000,32652.45,32769.9,32537.95,32749.95,1284625
1619516700000,32745.25,32784.7,32738.7,32765.0,393700
1619581500000,32874.0,33180.0,32833.9,33170.8,1808250
1619592300000,33172.3,33764.9,33140.5,33733.35,2180525
1619603100000,33733.0,33735.0,33633.45,33671.05,359750
1619667900000,33902.25,34298.85,33271.8,33712.05,2787150
1619678700000,33718.05,33967.05,33465.8,33720.15,1857925
1619689500000,33720.15,33733.45,33703.15,33712.0,148375
1619754300000,33197.65,33599.65,33074.6,33315.2,2583625
1619765100000,33316.6,33454.9,32820.05,32952.45,2346925
1619775900000,32951.0,32955.0,32812.1,32824.9,325125
1620013500000,32350.0,32695.15,31625.0,32436.95,2399875
1620024300000,32428.95,32725.0,32007.0,32616.05,2840675
1620035100000,32620.9,32757.65,32590.3,32735.35,330050
1620099900000,32755.05,33206.0,32642.0,33094.05,2359400
1620110700000,33099.85,33180.0,32316.5,32480.0,2951075
1620121500000,32477.65,32485.7,32392.6,32430.0,234200
1620186300000,32730.0,32890.0,32134.7,32726.35,2880325
1620197100000,32731.2,33025.9,32637.0,32954.65,1965325
1620207900000,32959.75,33060.3,32932.0,33053.0,427600
1620272700000,33107.85,33144.4,32655.0,32850.85,2016650
1620283500000,32850.0,33062.0,32817.05,32943.0,1546450
1620294300000,32941.3,33037.65,32941.3,32997.15,247350
1620359100000,33203.35,33367.65,32940.0,32985.9,2057725
1620369900000,32982.6,33104.75,32861.7,33042.85,1276200
1620380700000,33043.35,33077.0,33002.15,33005.05,262200
1620618300000,33250.0,33500.0,33165.0,33332.6,1764200
1620629100000,33327.0,33410.6,33223.15,33279.0,952175
1620639900000,33280.0,33359.7,33262.7,33343.35,223000
1620704700000,32755.0,33288.95,32700.0,33186.0,2474175
1620715500000,33185.0,33233.0,32820.5,32973.95,1767725
1620726300000,32973.6,32975.0,32920.5,32928.75,197550
1620791100000,32775.0,32817.0,32448.95,32742.35,2422100
1620801900000,32745.0,32788.0,32423.05,32529.25,1572350
1620812700000,32534.45,32551.7,32505.5,32515.0,236625
1620963900000,32500.05,32698.65,32205.6,32280.0,2146850
1620974700000,32285.15,32416.0,32184.0,32281.0,1335050
1620985500000,32279.95,32285.95,32210.0,32210.0,269325
1621223100000,32452.0,33220.0,32366.05,33195.7,3069225
1621233900000,33192.3,33575.0,33111.2,33530.5,1820900
1621244700000,33530.85,33605.15,33501.0,33580.0,435875
1621309500000,33944.75,34244.0,33801.05,34054.3,2459575
1621320300000,34054.3,34160.0,33904.5,33991.85,1173425
1621331100000,33993.25,34094.35,33991.65,34086.4,296200
1621395900000,33810.0,34030.0,33705.0,33922.0,1885100
1621406700000,33921.95,33933.6,33655.0,33790.55,1406750
1621417500000,33791.75,33825.0,33761.0,33815.2,265200
1621482300000,33779.0,33913.75,33674.4,33778.0,1030050
1621493100000,33779.9,33780.7,33387.0,33446.2,1666600
1621503900000,33440.7,33493.75,33405.0,33485.2,252400
1621568700000,33600.15,34265.4,33589.9,34168.0,2304000
1621579500000,34166.0,34799.4,34026.8,34796.65,2405950
1621590300000,34795.3,34855.0,34730.65,34850.0,451125
1621827900000,34900.0,35126.9,34556.0,34931.2,2095900
1621838700000,34933.2,35348.0,34680.85,35002.3,1928600
1621849500000,35002.3,35032.5,34850.0,34881.85,345625
1621914300000,35149.0,35193.95,34606.65,34715.1,1869475
1621925100000,34718.0,34798.8,34434.0,34701.1,1839450
1621935900000,34703.9,34845.25,34700.0,34810.0,269375
1622000700000,34810.0,34955.0,34502.15,34889.5,2168300
1622011500000,34890.0,34989.9,34684.15,34730.0,1354575
1622022300000,34729.7,34765.65,34686.85,34694.0,240250
1622087100000,34605.6,34895.0,34522.05,34833.0,1465900
1622097900000,34833.0,35062.0,34706.05,35056.55,1707250
1622108700000,35060.0,35110.3,35054.35,35095.0,229525
1622173500000,35499.0,35670.0,35225.0,35332.65,1940350
1622184300000,35332.65,35439.65,35150.0,35305.0,1473375
1622195100000,35304.75,35425.0,35288.25,35378.0,377700
1622432700000,35280.0,35549.0,35063.15,35430.0,1963375
1622443500000,35430.0,35639.85,35390.2,35633.9,1328125
1622454300000,35632.2,35650.0,35561.0,35575.05,256225
1622519100000,35677.95,35797.45,35313.95,35438.2,2071775
1622529900000,35435.25,35647.75,35355.0,35464.9,1370450
1622540700000,35463.4,35475.0,35449.05,35470.5,198475
1622605500000,35380.0,35387.0,35180.0,35286.6,1397050
1622616300000,35282.15,35548.9,35265.65,35502.65,1217425
1622627100000,35504.95,35560.0,35503.0,35538.25,224400
1622691900000,35662.2,35739.8,35577.75,35700.0,1316125
1622702700000,35699.15,35890.0,35553.0,35783.1,1495950
1622713500000,35780.0,35795.2,35750.35,35777.0,230975
1622778300000,35770.0,35960.8,35480.0,35511.5,2168300
1622789100000,35510.5,35645.25,35350.0,35479.65,1303125
1622799900000,35476.55,35559.45,35465.95,35535.0,308625
1623037500000,35540.05,35725.0,35494.0,35650.0,1193250
1623048300000,35649.5,35740.0,35542.65,35613.25,887325
1623059100000,35612.95,35660.0,35594.85,35598.05,240475
1623123900000,35536.8,35569.8,35123.0,35183.25,1873350
1623134700000,35188.7,35380.4,35172.05,35255.6,1084875
1623145500000,35255.6,35281.55,35226.95,35279.0,217050
1623210300000,35281.0,35547.6,35062.45,35460.0,1805350
1623221100000,35460.0,35530.0,34757.65,34933.7,2784450
1623231900000,34930.1,34973.4,34907.0,34935.0,254225
1623296700000,34980.0,35125.0,34830.0,35034.75,1398275
1623307500000,35040.25,35320.0,34906.45,35261.4,1465150
1623318300000,35261.3,35300.0,35252.95,35300.0,215325
1623383100000,35420.0,35474.95,34977.7,35031.65,1523600
1623393900000,35030.0,35259.05,35017.95,35173.95,906025
1623404700000,35175.0,35183.65,35159.85,35164.0,170375
1623642300000,35024.0,35044.95,34455.0,34743.55,1811450
1623653100000,34741.35,35130.0,34712.0,35055.8,1374600
1623663900000,35060.0,35092.35,35035.45,35048.1,168925
1623728700000,35035.0,35359.8,34960.6,35259.35,1321150
1623739500000,35259.35,35425.95,35196.45,35340.95,1071425
1623750300000,35340.95,35346.5,35294.55,35296.05,165750
1623815100000,35233.0,35463.9,35098.35,35182.95,1619575
1623825900000,35179.6,35226.45,35005.0,35099.85,958150
1623836700000,35091.35,35118.75,35062.7,35098.6,256750
1623901500000,34699.95,34970.05,34699.9,34790.0,1295825
1623912300000,34789.95,34936.95,34486.4,34746.85,1809750
1623923100000,34748.25,34762.95,34568.7,34568.7,284950
1623987900000,34800.0,34837.85,33937.0,34163.9,2493850
1623998700000,34168.3,34617.15,34116.1,34568.4,1549450
1624009500000,34572.0,34718.7,34572.0,34718.7,293475
1624247100000,34388.0,34410.0,33955.1,34320.0,1622450
1624257900000,34320.3,34928.6,34302.15,34910.65,1986775
1624268700000,34907.25,34949.0,34891.05,34944.4,255575
1624333500000,35110.0,35286.75,35040.65,35158.05,1671700
1624344300000,35163.3,35175.0,34760.4,34804.3,1732200
1624355100000,34804.35,34808.8,34719.1,34757.85,327950
1624419900000,34949.7,34972.0,34632.2,34820.0,1602100
1624430700000,34823.55,34923.15,34555.1,34596.15,1385900
1624441500000,34605.6,34655.0,34590.0,34604.25,235250
1624506300000,34699.25,34815.0,34579.3,34770.0,1046300
1624517100000,34771.65,34970.0,34709.25,34837.5,1647450
1624527900000,34835.95,34843.1,34809.7,34825.0,388025
1624592700000,35050.15,35381.0,35001.1,35375.6,1582500
1624603500000,35372.0,35665.5,35340.0,35541.0,1616550
1624614300000,35541.0,35541.0,35425.0,35467.4,364200
1624851900000,35698.95,35990.0,35350.0,35470.9,1617775
1624862700000,35471.95,35599.6,35396.4,35506.05,1375450
1624873500000,35506.05,35574.3,35489.65,35534.65,318725
1624938300000,35250.5,35467.1,35210.0,35231.4,1392375
1624949100000,35233.0,35383.0,35090.05,35166.0,1270275
1624959900000,35161.7,35229.75,35161.7,35202.35,214425
1625024700000,35227.85,35392.3,35050.0,35286.9,1786050
1625035500000,35286.05,35306.55,34909.25,34909.35,1518225
1625046300000,34905.0,34955.0,34892.5,34930.0,347600
1625111100000,34975.75,34996.95,34810.85,34905.0,1136750
1625121900000,34905.3,35086.35,34825.0,34848.0,1259150
1625132700000,34847.0,34890.05,34827.8,34888.0,239350
1625197500000,34934.0,35099.0,34760.0,34906.2,1438150
1625208300000,34905.0,35037.2,34794.95,34921.15,1476825
1625219100000,34923.15,34985.1,34923.15,34971.05,262175
1625456700000,35080.0,35262.85,35055.6,35229.8,1294675
1625467500000,35229.0,35350.0,35150.0,35345.05,1103200
1625478300000,35345.0,35366.0,35327.0,35360.0,262550
1625543100000,35273.95,35805.05,35273.95,35774.6,1706625
1625553900000,35772.5,35925.0,35650.75,35664.05,1586200
1625564700000,35663.65,35693.0,35601.0,35618.1,306825
1625629500000,35599.7,35823.95,35470.1,35790.0,1403300
1625640300000,35790.0,35890.0,35739.2,35879.0,859900
1625651100000,35887.7,35895.0,35860.55,35890.05,218125
1625715900000,35712.0,35944.25,35655.95,35680.15,1538775
1625726700000,35676.05,35712.7,35261.6,35430.25,2212550
1625737500000,35430.0,35460.0,35401.0,35424.9,277150
1625802300000,35326.3,35372.0,34980.0,35240.0,2346250
1625813100000,35241.0,35364.5,35110.0,35263.9,1194275
1625823900000,35264.95,35305.6,35242.25,35269.9,221950
1626061500000,35386.0,35569.35,35348.25,35501.15,1309875
1626072300000,35501.55,35525.0,35152.05,35291.35,1594825
1626083100000,35290.75,35331.9,35285.0,35320.0,165475
1626147900000,35530.0,35736.0,35461.15,35727.15,1906925
1626158700000,35730.0,35815.0,35667.0,35769.15,1128675
1626169500000,35769.85,35774.0,35740.6,35744.0,376325
1626234300000,35650.0,35807.7,35555.15,35739.85,1574975
1626245100000,35746.7,35885.0,35706.5,35788.05,926950
1626255900000,35789.3,35791.35,35712.6,35726.2,241275
1626320700000,35760.05,36067.95,35718.65,36028.2,1416525
1626331500000,36031.45,36057.6,35891.25,35970.2,917875
1626342300000,35972.5,36013.25,35971.95,36003.0,237400
1626407100000,36049.9,36075.9,35762.1,35825.05,1378475
1626417900000,35824.05,35898.55,35737.0,35855.15,800350
1626428700000,35857.55,35875.9,35832.9,35861.75,164325
1626666300000,35222.2,35449.95,35150.0,35285.75,1862300
1626677100000,35288.25,35288.25,34965.5,35155.0,1964200
1626687900000,35158.35,35220.0,35150.0,35179.15,344900
1626752700000,34955.65,35000.75,34460.0,34492.0,2189250
1626763500000,34490.0,34681.2,34447.05,34476.4,1472275
1626774300000,34481.15,34521.3,34440.0,34492.0,333825
1626925500000,34802.0,35049.0,34687.65,34978.0,1932925
1626936300000,34980.0,34998.0,34599.95,34716.95,1716875
1626947100000,34715.15,34750.0,34703.1,34736.0,208775
1627011900000,34800.0,34955.7,34405.5,34783.3,2759000
1627022700000,34783.9,35129.9,34760.05,35077.75,1332750
1627033500000,35074.8,35077.4,35001.65,35022.35,295625
1627271100000,34889.0,35155.0,34731.85,34960.2,1683650
1627281900000,34958.95,35082.75,34905.2,34968.35,783175
1627292700000,34971.3,34996.95,34946.9,34947.0,154250
1627357500000,35039.95,35188.0,34974.95,35075.0,1188425
1627368300000,35074.95,35085.9,34710.3,34800.0,1528050
1627379100000,34797.0,34839.0,34792.0,34817.2,222200
1627443900000,34768.5,34829.0,34118.2,34304.35,1951050
1627454700000,34306.25,34592.4,34281.1,34533.85,1481850
1627465500000,34533.85,34589.2,34525.15,34570.0,179900
1627530300000,34675.25,34772.75,34537.8,34575.0,1088100
1627541100000,34575.0,34777.05,34482.9,34678.65,1258450
1627551900000,34677.6,34696.8,34677.0,34692.4,152950
1627616700000,34800.0,34850.0,34545.05,34643.85,1417000
1627627500000,34640.8,34830.25,34606.95,34658.5,1079300
1627638300000,34649.35,34709.0,34649.35,34692.5,181075
1627875900000,34820.5,34987.15,34805.0,34899.0,1388550
1627886700000,34899.0,34939.75,34678.25,34825.35,876375
1627897500000,34822.3,34842.95,34811.0,34842.95,211875
1627962300000,34825.05,34954.95,34782.05,34922.95,1300225
1627973100000,34925.0,35347.0,34913.0,35295.4,1640100
1627983900000,35294.15,35311.45,35266.9,35290.0,411225
1628048700000,35425.1,36057.8,35413.0,35982.0,3211125
1628059500000,35989.0,36275.0,35891.45,36134.0,1733500
1628070300000,36133.1,36135.6,36011.8,36090.0,330575
1628135100000,36116.45,36159.95,35751.0,35969.1,1743350
1628145900000,35976.35,36174.65,35864.95,35940.1,1350000
1628156700000,35940.2,35964.45,35872.85,35907.1,323650
1628221500000,35953.6,36182.5,35813.75,35969.35,1771400
1628232300000,35967.1,36025.0,35787.05,35876.35,958575
1628243100000,35876.15,36017.8,35876.15,36001.8,313700
1628480700000,35900.0,36278.0,35804.05,36081.15,1673375
1628491500000,36075.2,36144.0,35850.35,36113.55,1349275
1628502300000,36114.05,36160.0,36114.05,36135.0,357550
1628567100000,36039.95,36395.15,36039.95,36329.0,1572000
1628577900000,36330.0,36373.0,36012.0,36130.25,1698150
1628588700000,36137.3,36149.0,36110.1,36121.0,239075
1628653500000,36250.25,36274.95,35670.0,35763.4,2416175
1628664300000,35761.0,36016.2,35761.0,35926.0,1570500
1628675100000,35926.2,35938.0,35889.6,35902.3,221125
1628739900000,35825.4,36049.0,35793.1,35954.95,1331125
1628750700000,35951.0,36048.05,35868.9,36020.15,984200
1628761500000,36022.35,36127.45,36020.2,36126.8,353300
1628826300000,36100.0,36246.4,36056.75,36148.55,1255975
1628837100000,36143.5,36269.15,35960.0,36200.95,1318675
1628847900000,36199.9,36230.0,36190.2,36200.0,188675
1629085500000,36151.1,36296.35,36070.95,36198.0,1124450
1629096300000,36205.0,36209.75,36081.0,36151.45,634650
1629107100000,36154.0,36164.95,36107.75,36107.75,182400
1629171900000,35988.7,36060.0,35690.75,35745.75,1768100
1629182700000,35745.6,35955.0,35700.1,35950.2,1038050
1629193500000,35950.0,35993.1,35932.45,35968.65,311450
1629258300000,36275.0,36280.0,35937.35,35952.55,1343550
1629269100000,35947.05,35996.0,35477.0,35661.95,2140025
1629279900000,35658.6,35669.8,35500.0,35507.9,290650
1629431100000,35012.2,35329.0,34946.65,35114.9,2247375
1629441900000,35112.25,35165.55,34902.0,35068.35,1160625
1629452700000,35069.7,35086.1,35030.35,35044.0,258375
1629690300000,35401.0,35401.0,34850.0,35041.2,1713525
1629701100000,35043.85,35255.65,34970.0,35158.9,1096850
1629711900000,35161.0,35161.0,35115.05,35125.0,232575
1629776700000,35152.1,35583.9,35085.0,35566.7,1923025
1629787500000,35568.35,35817.55,35512.1,35715.05,1292550
1629798300000,35715.05,35743.85,35688.85,35708.65,262450
1629863100000,35761.05,35909.95,35531.05,35595.4,1722300
1629873900000,35587.5,35699.0,35520.0,35587.55,707100
1629884700000,35593.4,35659.9,35585.0,35595.0,332100
1629949500000,35520.0,35760.0,35425.0,35735.05,1376725
1629960300000,35731.0,35787.95,35572.9,35602.3,1164975
1629971100000,35602.15,35635.0,35602.15,35618.0,153425
1630035900000,35677.65,35787.95,35470.8,35730.3,1664050
1630046700000,35730.05,35817.25,35632.3,35727.2,1017325
1630057500000,35726.85,35730.0,35699.2,35720.0,198875
1630295100000,35825.2,36266.35,35820.0,36180.0,1888700
1630305900000,36183.5,36529.95,36146.0,36447.6,1558275
1630316700000,36448.95,36532.35,36441.45,36521.7,475700
1630381500000,36498.0,36632.0,36355.75,36565.75,1870275
1630392300000,36569.95,36690.0,36321.85,36520.1,1910225
1630403100000,36514.3,36537.7,36490.15,36490.15,251425
1630467900000,36625.05,37085.0,36558.0,36739.0,2761225
1630478700000,36737.75,36934.9,36660.85,36663.75,1126725
1630489500000,36665.35,36715.0,36652.35,36662.2,253775
1630554300000,36511.0,36914.95,36511.0,36892.0,1339375
1630565100000,36892.35,36973.85,36822.0,36931.75,917200
1630575900000,36934.05,37033.85,36934.05,37023.0,304550
1630640700000,37038.95,37249.0,36740.0,36902.6,2124000
1630651500000,36902.65,36968.8,36670.05,36858.2,1031250
1630662300000,36860.95,36962.25,36845.0,36913.9,342825
1630899900000,36995.0,37037.0,36690.05,36790.05,1325875
1630910700000,36792.35,36886.45,36710.0,36742.85,659450
1630921500000,36742.85,36797.75,36724.7,36725.0,270500
1630986300000,36700.05,36735.0,36251.2,36643.9,2411975
1630997100000,36651.35,36838.5,36517.8,36567.0,1572325
1631007900000,36568.05,36602.7,36545.25,36573.0,172975
1631072700000,36619.0,36937.6,36502.0,36910.0,1643050
1631083500000,36907.5,36918.95,36628.4,36850.0,1271100
1631094300000,36848.4,36945.0,36848.4,36941.0,318125
1631159100000,36725.25,36963.4,36700.0,36790.95,1171550
1631169900000,36784.7,36792.05,36651.0,36758.6,935775
1631180700000,36760.5,36802.15,36756.7,36765.95,262300
1631504700000,36730.6,36744.9,36412.0,36555.5,1503750
1631515500000,36557.55,36667.0,36529.05,36559.05,876350
1631526300000,36560.95,36607.0,36555.0,36592.0,204300
1631591100000,36701.0,36839.0,36652.55,36729.2,1157650
1631601900000,36728.55,36773.4,36616.2,36699.5,926100
1631612700000,36699.95,36729.0,36699.95,36710.0,145525
1631677500000,36761.1,36809.0,36590.35,36749.0,1129475
1631688300000,36747.05,37064.75,36718.4,36944.0,1408825
1631699100000,36943.25,37004.05,36943.25,36972.0,208025
1631763900000,37020.0,37484.0,36984.1,37440.05,2443900
1631774700000,37445.0,37795.0,37401.25,37727.5,1497200
1631785500000,37730.95,37855.65,37725.65,37820.2,427875
1631850300000,37990.0,38224.7,37555.55,37625.0,2915950
1631861100000,37628.0,37846.15,37466.0,37841.55,1622000
1631871900000,37844.0,37951.3,37827.4,37907.05,392175
1632109500000,37525.0,37885.0,37378.05,37617.85,1960100
1632120300000,37610.1,37720.0,37145.4,37242.35,1659100
1632131100000,37245.2,37276.9,37160.4,37169.95,372925
1632195900000,37300.0,37362.55,36609.35,36836.95,2624850
1632206700000,36826.1,37325.85,36757.25,37291.55,1770250
1632217500000,37291.95,37435.0,37290.25,37414.9,389000
1632282300000,37349.0,37440.0,37005.95,37180.3,1689675
1632293100000,37180.35,37320.0,36990.0,37035.0,1049200
1632303900000,37044.2,37155.75,37035.65,37110.95,324475
1632368700000,37350.0,37798.0,37273.0,37789.0,2258900
1632379500000,37789.0,37910.2,37663.05,37865.5,1389900
1632390300000,37867.9,37899.75,37832.1,37895.0,288350
1632455100000,38051.5,38174.9,37737.4,37808.35,1824600
1632465900000,37800.0,37911.05,37720.0,37900.4,959800
1632476700000,37898.95,37904.4,37813.55,37819.45,232725
1632714300000,37994.0,38395.6,37974.4,38241.95,1812425
1632725100000,38244.05,38290.0,38125.9,38221.0,711250
1632735900000,38220.75,38230.0,38205.15,38227.05,99100
1632800700000,38350.1,38377.0,37954.15,37990.85,1442400
1632811500000,37990.25,38163.3,37351.0,38150.75,2567875
1632822300000,38151.4,38173.05,37997.5,38000.0,397275
1632887100000,37675.65,37769.4,37392.65,37645.5,1642200
1632897900000,37645.05,38048.85,37637.7,37864.3,1436625
1632908700000,37870.85,37908.4,37842.05,37880.05,236775
1632973500000,37810.05,37913.15,37610.0,37886.0,1363075
1632984300000,37886.0,37889.25,37384.4,37466.5,1510925
1632995100000,37466.5,37470.3,37395.9,37423.0,418225
1633059900000,37321.0,37424.95,36950.15,37213.85,2111650
1633070700000,37215.0,37417.7,37166.5,37332.15,845025
1633081500000,37335.0,37374.05,37285.35,37359.95,224025
1633319100000,37445.0,37778.4,37445.0,37726.1,1536750
1633329900000,37730.0,37785.0,37594.65,37726.0,932275
1633340700000,37729.25,37760.0,37713.0,37751.3,174125
1633405500000,37600.0,37672.5,37472.15,37576.95,1214250
1633416300000,37576.8,37912.0,37560.95,37872.1,1468875
1633427100000,37873.3,37880.0,37849.1,37861.0,230625
1633491900000,37887.85,38182.0,37750.0,38160.0,1763625
1633502700000,38157.5,38190.0,37560.0,37602.25,2036525
1633513500000,37613.3,37647.9,37571.65,37571.85,312475
1633578300000,37912.0,38014.7,37768.1,37971.3,1724725
1633589100000,37970.05,38049.9,37862.5,37880.0,1111375
1633599900000,37884.05,37909.0,37864.55,37907.6,189200
1633664700000,38029.95,38200.0,37857.0,37886.7,2205625
1633675500000,37889.95,37970.0,37788.45,37904.0,1084750
1633686300000,37905.0,37957.5,37897.7,37938.05,261675
1633923900000,38000.0,38359.7,37859.15,38270.7,1759475
1633934700000,38271.2,38569.65,38264.1,38378.95,1513825
1633945500000,38374.55,38393.25,38330.9,38363.7,298925
1634010300000,38259.0,38476.25,38180.0,38315.5,1552900
1634021100000,38316.0,38668.0,38278.65,38590.15,1533700
1634031900000,38585.15,38608.1,38562.0,38590.0,252325
1634096700000,38750.05,38836.8,38554.95,38680.0,1343350
1634107500000,38684.6,38809.0,38679.15,38717.4,1018450
1634118300000,38722.75,38729.0,38699.0,38711.95,211775
1634183100000,38726.25,38962.4,38702.0,38914.5,1420275
1634193900000,38914.9,39425.0,38880.0,39416.25,1732850
1634204700000,39413.35,39420.0,39390.35,39408.3,323875
1634528700000,39785.0,39963.7,39612.2,39870.8,1714250
1634539500000,39875.4,40001.95,39708.0,39790.8,1203275
1634550300000,39794.0,39796.15,39755.0,39756.05,235425
1634615100000,39959.95,40040.45,39409.0,39916.45,2085825
1634625900000,39916.5,39964.0,39575.0,39575.7,980025
1634636700000,39581.0,39696.65,39525.0,39651.05,326550
1634701500000,39512.5,39850.0,39394.85,39599.0,1919675
1634712300000,39588.0,39806.1,39483.35,39651.95,1421475
1634723100000,39650.05,39677.3,39635.45,39677.3,133400
1634787900000,39733.0,39830.0,39506.0,39646.85,1677600
1634798700000,39647.95,40068.1,39482.35,40067.85,1885275
1634809500000,40068.45,40326.85,40066.4,40312.95,417525
1634874300000,40251.15,40582.45,40201.85,40408.35,2321650
1634885100000,40402.05,40495.45,40195.85,40376.2,1502800
1634895900000,40379.05,40438.95,40364.3,40412.2,255000
1635133500000,40806.0,41820.8,40455.05,41560.0,2786925
1635144300000,41556.15,41668.5,41085.75,41220.05,1594625
1635155100000,41223.0,41347.0,41215.0,41342.0,247000
1635219900000,41214.9,41424.0,40876.05,41240.05,1679225
1635230700000,41240.0,41373.1,40945.65,41343.5,1132600
1635241500000,41351.3,41405.4,41341.55,41390.0,233575
1635306300000,41305.0,41364.4,41130.0,41232.65,944550
1635317100000,41238.0,41318.8,40958.2,41018.3,1272700
1635327900000,41020.7,41025.35,40840.4,40860.0,387475
1635392700000,40877.0,40949.0,40050.95,40256.85,2118325
1635403500000,40258.05,40384.75,39504.15,39535.65,1888775
1635414300000,39539.35,39573.35,39476.0,39514.95,234875
1635479100000,39644.95,39890.85,38606.9,39523.25,3326200
1635489900000,39520.4,39579.7,38928.8,39250.0,2058500
1635500700000,39253.85,39445.5,39210.15,39443.2,358650
1635738300000,39555.0,39680.0,39254.15,39544.7,1618875
1635749100000,39540.0,39990.0,39481.8,39974.0,1518825
1635759900000,39972.8,40116.0,39952.15,40083.1,347050
1635824700000,40075.0,40244.4,39725.0,40232.9,1986500
1635835500000,40228.9,40250.0,39900.0,40101.45,1215050
1635846300000,40104.45,40144.8,40029.35,40043.7,164575
1635911100000,40106.0,40295.0,39782.65,39827.9,1511575
1635921900000,39824.45,40111.5,39412.45,39471.1,3006450
1635932700000,39467.95,39509.0,39419.95,39505.0,327200
1636029000000,39600.55,39780.0,39574.0,39621.1,630225
1636343100000,39615.05,39750.95,39051.0,39298.15,2264900
1636353900000,39307.1,39694.9,39253.0,39614.9,1749300
1636364700000,39620.35,39719.75,39606.0,39701.9,419725
1636429500000,39675.0,39708.0,39421.65,39586.6,1259725
1636440300000,39589.7,39669.95,39351.75,39479.9,848175
1636451100000,39487.0,39634.0,39485.0,39557.95,314450
1636515900000,39337.0,39350.0,38985.95,39088.0,1516700
1636526700000,39088.8,39335.0,39049.9,39111.5,1200525
1636537500000,39111.25,39143.4,39098.5,39100.9,147875
1636602300000,39044.0,39044.0,38700.0,38702.65,1604425
1636613100000,38691.0,38775.0,38442.95,38655.1,1487550
1636623900000,38656.75,38723.5,38656.75,38680.0,273800
1636688700000,38171.05,38891.0,38171.05,38685.0,1329075
1636699500000,38685.05,38948.95,38671.05,38865.25,1179725
1636710300000,38863.65,38887.0,38847.85,38860.0,153875
1636947900000,38950.0,39179.7,38740.0,38769.25,1601950
1636958700000,38770.4,38904.45,38712.05,38854.0,672575
1636969500000,38858.4,38888.3,38814.15,38814.15,206250
1637034300000,38800.0,38849.8,38428.75,38600.0,1335075
1637045100000,38603.6,38666.95,38292.45,38409.05,1247600
1637055900000,38416.0,38425.0,38325.95,38325.95,290375
1637120700000,38150.0,38562.85,38055.0,38300.0,1817150
1637131500000,38303.0,38383.75,38130.5,38139.85,938175
1637142300000,38135.75,38168.0,38100.05,38101.05,226775
1637207100000,38102.35,38314.9,37834.9,37921.05,1680775
1637217900000,37918.4,38241.45,37821.3,38067.95,1620175
1637228700000,38071.0,38101.95,38035.95,38048.55,215675
1637552700000,38199.9,38214.1,37041.55,37141.0,2202300
1637563500000,37140.1,37306.7,36680.05,37137.6,1676875
1637574300000,37146.0,37295.7,37146.0,37270.0,305300
1637639100000,36921.65,37354.25,36682.0,37253.05,1972550
1637649900000,37254.95,37474.95,37059.45,37306.2,1391425
1637660700000,37302.0,37319.0,37253.1,37270.0,174450
1637725500000,37401.0,37837.0,37239.45,37819.4,1859275
1637736300000,37821.0,37895.5,37458.6,37460.0,1638300
1637747100000,37459.2,37502.05,37366.2,37370.0,235450
1637811900000,37324.0,37488.0,37115.0,37384.35,1553325
1637822700000,37391.45,37538.7,37190.8,37348.05,1541300
1637833500000,37348.05,37368.65,37318.7,37365.8,230900
1637898300000,37055.25,37093.75,36373.15,36464.65,2812975
1637909100000,36463.3,36531.0,36095.35,36172.1,1561875
1637919900000,36186.95,36247.8,36025.05,36050.0,436625
1638157500000,36230.0,36334.2,35459.0,36305.0,2908825
1638168300000,36309.65,36471.0,36069.05,36125.05,1525250
1638179100000,36124.0,36159.0,36064.25,36064.4,241025
1638243900000,36144.75,36849.0,35844.0,36149.0,3459600
1638254700000,36145.0,36318.0,35814.4,35847.15,1604500
1638265500000,35847.45,35852.6,35645.7,35700.0,463525
1638330300000,35790.0,36468.0,35790.0,36352.6,2598625
1638341100000,36345.1,36542.95,36130.0,36470.65,1575875
1638351900000,36471.3,36497.8,36438.05,36496.15,234650
1638416700000,36401.0,36616.85,36282.0,36407.5,1499600
1638427500000,36405.5,36638.0,36340.0,36603.0,1203325
1638438300000,36605.0,36689.95,36600.05,36657.9,218600
1638503100000,36645.0,36966.0,36567.35,36753.8,1953250
1638513900000,36755.0,36775.95,36175.0,36330.0,1947625
1638524700000,36337.0,36437.9,36319.75,36353.5,328975
1638762300000,36484.95,36489.1,36011.25,36251.4,1957925
1638773100000,36251.0,36361.45,35839.15,35853.75,1518175
1638783900000,35855.4,35921.4,35855.05,35891.0,262825
1638848700000,36100.0,36819.95,36100.0,36795.5,2799525
1638859500000,36807.0,36963.95,36627.35,36720.15,1577075
1638870300000,36720.85,36777.35,36704.95,36777.35,251575
1638935100000,37049.0,37340.0,37006.6,37272.0,2320400
1638945900000,37268.15,37475.0,37200.0,37400.0,1267700
1638956700000,37400.0,37410.4,37375.25,37395.0,262150
1639021500000,37452.5,37590.0,37017.25,37240.9,1824200
1639032300000,37239.6,37437.1,37115.0,37210.0,1543825
1639043100000,37210.0,37228.9,37195.0,37203.0,176525
1639107900000,37103.7,37271.15,36940.0,37065.0,1391500
1639118700000,37070.0,37275.0,36927.45,37265.0,1297575
1639129500000,37267.45,37296.0,37210.0,37237.95,222875
1639367100000,37500.0,37717.0,37385.3,37614.75,1496075
1639377900000,37613.15,37632.0,37025.0,37110.3,2157625
1639388700000,37117.2,37215.0,37114.0,37150.45,266275
1639453500000,36922.25,37129.8,36648.95,37092.8,2271550
1639464300000,37104.05,37200.0,36907.0,37040.0,1238600
1639475100000,37035.0,37065.05,37012.95,37025.0,189850
1639539900000,37000.05,37218.0,36901.0,37077.1,1336750
1639550700000,37081.45,37154.85,36930.7,36941.7,918025
1639561500000,36936.3,36965.9,36907.6,36907.6,266125
1639626300000,37199.0,37279.0,36684.25,36756.1,1924475
1639637100000,36759.15,36885.05,36545.0,36713.4,1297300
1639647900000,36711.55,36760.35,36709.1,36747.2,251325
1639712700000,36639.75,36680.15,35851.0,35912.85,2136000
1639723500000,35914.0,36067.15,35642.55,35736.15,1298175
1639734300000,35743.7,35835.95,35713.1,35810.0,329750
1639971900000,35300.05,35350.0,34362.0,34421.5,2688750
1639982700000,34418.0,34594.35,34123.1,34525.2,1811825
1639993500000,34536.1,34614.9,34505.85,34511.15,293825
1640058300000,34848.7,35123.2,34672.1,35093.75,1785850
1640069100000,35087.0,35092.85,34429.25,34655.0,1878400
1640079900000,34657.1,34740.05,34650.05,34740.05,189425
1640144700000,34849.7,35060.0,34746.0,34884.25,1688950
1640155500000,34881.25,35116.75,34768.3,35067.35,1331150
1640166300000,35065.8,35169.5,35050.0,35159.3,291975
1640231100000,35377.0,35410.0,35142.75,35352.95,1526350
1640241900000,35354.95,35550.0,35258.65,35314.35,1764150
1640252700000,35314.75,35314.75,35090.1,35126.55,424375
1640317500000,35249.95,35314.95,34614.0,34843.0,2119925
1640328300000,34846.95,35134.7,34696.05,34891.9,1918200
1640339100000,34899.8,34920.0,34843.95,34881.05,278025
1640576700000,34550.0,34887.2,34264.35,34837.3,2140250
1640587500000,34836.1,35198.4,34819.6,35087.95,1670450
1640598300000,35082.05,35150.0,35070.05,35150.0,245850
1640663100000,35324.0,35375.0,35050.0,35284.05,1540100
1640673900000,35290.1,35334.3,35081.15,35224.2,1076075
1640684700000,35227.35,35233.1,35201.0,35211.0,221375
1640749500000,35201.25,35398.0,35045.0,35174.25,1425175
1640760300000,35173.65,35282.4,35114.95,35131.15,752425
1640771100000,35132.95,35144.9,34906.15,34921.95,506250
1640835900000,34955.05,35065.0,34743.95,34937.95,1322325
1640846700000,34940.0,35164.25,34907.6,35058.9,1250000
1640857500000,35056.3,35072.55,35050.3,35069.35,216925
1640922300000,35256.0,35750.0,35200.0,35634.45,1754925
1640933100000,35635.5,35712.0,35555.5,35618.55,747300
1640943900000,35618.6,35672.0,35604.9,35672.0,219125
1641181500000,36621.0,36621.0,35650.3,36129.7,1852850
1641192300000,36129.7,36600.0,36129.7,36564.95,1633625
1641203100000,36566.8,36642.0,36557.9,36635.0,330750
1641267900000,36700.0,37000.0,36492.1,36928.8,2334175
1641278700000,36930.05,36977.0,36638.15,36944.0,1458350
1641289500000,36944.5,37023.4,36940.05,36981.2,286900
1641354300000,37000.5,37630.2,36850.4,37607.0,2816750
1641365100000,37609.95,37987.95,37590.3,37826.3,2106575
1641375900000,37824.45,37829.95,37750.0,37770.1,249725
1641440700000,37410.0,37563.0,37179.1,37362.25,2170050
1641451500000,37358.75,37909.7,37305.0,37592.6,2106675
1641462300000,37588.05,37678.95,37569.95,37581.0,259225
1641527100000,37775.0,38250.0,37690.05,37766.75,2907850
1641537900000,37760.0,37846.75,37504.0,37800.7,1825175
1641548700000,37809.85,37952.0,37761.35,37850.0,477775
1641786300000,38025.0,38400.0,38000.15,38212.5,2430525
1641797100000,38203.0,38474.8,38181.95,38464.1,1273275
1641807900000,38469.3,38520.0,38463.0,38516.0,274175
1641872700000,38477.85,38599.0,38180.0,38429.55,1906850
1641883500000,38428.05,38634.95,38382.05,38539.3,1253900
1641894300000,38538.75,38598.95,38505.0,38555.0,275500
1641959100000,38800.0,38957.0,38745.05,38848.85,1686725
1641969900000,38843.45,38929.8,38721.0,38873.25,995075
1641980700000,38876.2,38876.25,38826.6,38834.9,196675
1642045500000,38898.0,38898.0,38528.5,38675.95,1691275
1642056300000,38676.0,38684.2,38502.0,38610.0,958775
1642067100000,38619.8,38623.0,38573.4,38577.0,217425
1642131900000,38349.0,38487.6,38109.95,38215.0,2039775
1642142700000,38217.65,38566.3,38195.0,38490.45,1231975
1642153500000,38495.0,38503.0,38424.95,38445.0,171800
1642391100000,38283.0,38714.9,38283.0,38353.9,1293300
1642401900000,38342.6,38417.75,38251.0,38350.0,821525
1642412700000,38353.7,38398.95,38350.0,38373.95,243600
1642477500000,38425.0,38590.0,38337.9,38568.05,1587025
1642488300000,38567.65,38965.65,38149.0,38224.45,2879200
1642499100000,38207.25,38309.9,38185.65,38267.95,353050
1642563900000,38178.45,38408.55,37982.65,38081.1,2038825
1642574700000,38076.0,38242.1,37850.0,38175.95,1906125
1642585500000,38178.85,38193.35,38071.95,38179.05,275850
1642650300000,38222.25,38264.9,37937.35,38020.2,1533025
1642661100000,38025.4,38176.4,37688.0,37991.6,2028025
1642671900000,37992.4,38060.7,37940.0,37997.05,368600
1642736700000,37700.15,37700.15,37276.0,37600.55,2324625
1642747500000,37598.6,37814.45,37284.75,37574.6,2199125
1642758300000,37571.9,37757.7,37570.75,37748.0,281900
1642995900000,37599.85,39255.0,37100.0,37130.35,2200475
1643006700000,37131.9,37157.25,36410.05,37079.35,2524700
1643017500000,37083.35,37104.55,36857.3,36870.95,318400
1643082300000,36545.0,37370.0,36470.8,37296.35,2457950
1643093100000,37306.0,37737.65,37171.65,37735.5,2009100
1643103900000,37732.25,37808.9,37719.05,37756.55,305500
1643255100000,37000.0,37422.7,37000.0,37057.5,1774225
1643265900000,37060.0,38050.0,37009.7,37998.0,2034100
1643276700000,37999.95,38015.65,37935.0,37984.55,170775
1643341500000,38469.7,38540.0,38155.75,38475.9,1991750
1643352300000,38469.15,38550.0,37716.65,37816.15,2717550
1643363100000,37817.2,37897.9,37792.15,37800.0,296625
1643600700000,38150.0,38296.0,37757.0,38123.15,2248875
1643611500000,38129.85,38255.0,37981.0,38144.45,1786900
1643622300000,38143.6,38189.05,38083.95,38085.0,285075
1643687100000,38505.15,38914.95,38300.05,38711.0,3587350
1643697900000,38711.0,38796.45,37767.0,38569.95,4393325
1643708700000,38569.95,38707.65,38568.35,38700.0,371800
1643773500000,39888.7,39888.7,38877.75,39285.0,2632025
1643784300000,39282.6,39482.5,39193.15,39441.55,1384450
1643795100000,39442.8,39456.5,39425.0,39456.5,287425
1643859900000,39401.05,39511.3,39240.05,39260.0,1538200
1643870700000,39257.15,39540.0,39151.0,39181.0,1822525
1643881500000,39172.5,39177.1,38920.0,38930.0,541775
1643946300000,38999.75,39365.0,38795.05,38830.25,2685725
1643957100000,38827.3,39001.35,38655.55,38897.15,1810125
1643967900000,38905.0,38905.0,38810.6,38811.0,259100
1644205500000,38625.0,38934.0,38335.0,38370.25,1983400
1644216300000,38372.05,38462.5,37891.0,38102.8,2105175
1644227100000,38105.75,38153.7,38047.25,38080.0,262400
1644291900000,38201.05,38275.0,37386.05,37772.15,2856925
1644302700000,37769.35,38227.3,37681.55,38165.95,2404400
1644313500000,38167.7,38185.0,38031.1,38059.95,306975
1644378300000,38309.95,38603.3,38250.25,38535.75,1955075
1644389100000,38538.0,38727.9,38441.05,38706.0,1322825
1644399900000,38701.9,38733.65,38680.05,38724.0,287050
1644464700000,38890.0,39207.95,38591.95,39117.0,2696625
1644475500000,39120.0,39254.9,39027.15,39027.15,1253650
1644486300000,39023.45,39105.9,38993.35,39020.0,390825
1644551100000,38700.05,38800.0,38405.55,38560.0,2334575
1644561900000,38554.95,38826.6,38500.0,38595.0,1740825
1644572700000,38600.0,38603.05,38442.55,38451.35,296900
1644810300000,37725.25,37999.0,37246.05,37356.1,3155050
1644821100000,37353.95,37470.0,36864.1,36916.05,1987625
1644831900000,36922.9,36975.5,36807.6,36813.3,423675
1644896700000,36990.0,37320.15,36646.9,37254.1,2667575
1644907500000,37251.5,38225.75,37132.4,38217.0,3183725
1644918300000,38214.9,38240.0,38164.35,38200.1,318500
1644983100000,38300.0,38386.75,37771.25,37915.0,2373975
1644993900000,37922.45,38475.0,37877.4,37955.95,2905800
1645004700000,37956.1,37956.1,37805.65,37820.0,413100
1645069500000,38002.05,38109.0,37490.0,37800.0,2939250
1645080300000,37796.6,37924.05,37460.0,37468.35,1885600
1645091100000,37465.1,37503.6,37413.2,37424.05,358075
1645155900000,37350.0,37736.15,37203.55,37714.8,1966150
1645166700000,37716.0,37835.0,37484.8,37592.8,1572700
1645177500000,37591.0,37620.85,37525.15,37596.0,234750
1645415100000,37430.0,38028.8,37174.3,37972.65,2802100
1645425900000,37980.4,38059.45,37567.45,37623.6,1816100
1645436700000,37619.3,37698.0,37590.25,37698.0,211100
1645501500000,36935.35,37360.0,36906.55,37196.05,2339050
1645512300000,37190.05,37638.8,37046.2,37362.75,2129975
1645523100000,37363.8,37388.95,37290.05,37320.0,213400
1645587900000,37600.25,37757.05,37474.0,37648.0,1652950
1645598700000,37648.85,37670.0,37372.0,37382.25,1539900
1645609500000,37376.8,37449.1,37350.1,37415.0,241400
1645674300000,36150.0,36761.0,35900.0,36121.15,2468775
1645685100000,36127.8,36147.25,35287.75,35293.45,1872150
1645695900000,35302.85,35321.45,35201.05,35229.9,298825
1645760700000,35699.0,36729.75,35699.0,36459.85,3224125
1645771500000,36450.0,36641.9,36222.5,36408.65,1838000
1645782300000,36406.6,36483.0,36343.9,36473.15,325250
1646019900000,36076.0,36330.0,35655.2,36217.2,2883525
1646030700000,36212.85,36344.4,35965.15,36276.9,1722975
1646041500000,36265.15,36300.0,36226.4,36231.0,228400
1646192700000,35548.0,35643.7,35089.0,35113.65,3004600
1646203500000,35114.45,35508.05,34935.7,35493.1,2336125
1646214300000,35496.45,35655.0,35496.45,35559.3,654000
1646279100000,35749.0,35867.8,35161.6,35321.0,2468775
1646289900000,35320.0,35331.75,34811.5,35184.05,2478750
1646300700000,35195.1,35281.95,34955.05,35050.0,578775
1646365500000,34666.6,34695.0,34153.5,34405.5,2831625
1646376300000,34400.6,35172.3,34378.3,34518.1,3289575
1646387100000,34523.85,34523.85,34356.65,34425.0,402550
1646624700000,33678.0,33678.0,32703.6,33038.0,3833300
1646635500000,33036.0,33132.05,32450.2,33008.35,2784125
1646646300000,33003.05,33120.0,32979.15,32985.0,499450
1646711100000,32575.6,32999.0,32321.55,32447.0,3599900
1646721900000,32451.05,33283.2,32251.35,33278.2,3766150
1646732700000,33289.0,33361.55,33238.5,33289.95,476125
1646797500000,33300.0,33414.05,33052.1,33236.45,2719300
1646808300000,33241.6,34025.0,33241.6,33905.0,3655025
1646819100000,33900.0,33957.0,33850.05,33950.0,339125
1646883900000,35000.0,35424.25,34703.35,35141.05,4229675
1646894700000,35144.75,35240.0,34230.45,34624.35,4185875
1646905500000,34621.15,34639.15,34432.75,34433.1,356775
1646970300000,34320.0,34936.0,34153.25,34655.05,3242325
1646981100000,34655.0,34734.65,34373.1,34575.9,2080150
1646991900000,34574.2,34626.25,34563.95,34605.0,243300
1647229500000,34615.05,35139.95,34615.05,35041.05,2607975
1647240300000,35041.45,35464.95,35011.0,35340.6,2024550
1647251100000,35328.75,35389.9,35171.85,35386.25,472375
1647315900000,35400.0,35675.0,35261.15,35601.0,2478125
1647326700000,35601.0,35610.0,34703.6,35045.05,3436525
1647337500000,35044.35,35106.85,34903.15,34954.5,386225
1647402300000,35532.0,35840.7,35506.0,35715.0,2361600
1647413100000,35712.35,35861.05,35532.35,35808.2,1822800
1647423900000,35808.2,35808.2,35748.0,35751.3,257700
1647488700000,36340.0,36595.25,36322.15,36485.65,2303675
1647499500000,36487.25,36612.3,36385.75,36426.05,1648700
1647510300000,36426.2,36463.95,36395.9,36395.9,336825
1647834300000,36510.0,36599.95,36117.15,36179.55,1928075
1647845100000,36172.0,36225.0,35941.55,36117.25,1672150
1647855900000,36113.45,36148.8,36091.1,36125.05,278350
1647920700000,35816.1,36040.0,35511.1,35575.35,2233250
1647931500000,35579.5,36467.1,35475.0,36463.6,3165875
1647942300000,36460.0,36590.0,36446.0,36580.0,413975
1648007100000,36820.0,36858.5,36246.8,36330.5,3101875
1648017900000,36327.95,36454.3,36113.3,36246.95,1945625
1648028700000,36242.75,36261.7,36139.2,36139.2,362750
1648093500000,35700.0,36056.95,35645.45,35700.15,2880850
1648104300000,35702.65,35813.7,35502.0,35631.65,2371000
1648115100000,35631.65,35648.8,35600.05,35607.55,322150
1648179900000,35699.95,35787.95,35373.0,35393.1,1888550
1648190700000,35389.05,35561.45,35259.0,35412.4,1537875
1648201500000,35422.0,35698.15,35409.95,35650.0,622975
1648439100000,35575.0,35694.95,35080.05,35305.55,1930700
1648449900000,35312.2,35870.0,35312.2,35812.6,2532025
1648460700000,35811.8,35908.8,35798.05,35908.8,344075
1648525500000,36070.0,36070.0,35700.0,35779.8,1676300
1648536300000,35779.2,35948.4,35543.0,35921.2,1688550
1648547100000,35925.0,36060.0,35917.6,36040.4,495275
1648611900000,36350.05,36433.2,36084.0,36293.35,1983050
1648622700000,36296.0,36375.0,36174.4,36355.05,1282800
1648633500000,36359.0,36382.95,36322.0,36322.0,249625
1648698300000,36899.0,36899.0,36265.2,36405.0,1280275
1648709100000,36404.95,36535.75,36296.8,36375.3,1057400
1648719900000,36378.3,36382.0,36353.4,36373.0,229800
1648784700000,36407.0,36875.9,36337.05,36852.85,2512200
1648795500000,36852.8,37228.75,36825.0,37172.9,2466350
1648806300000,37172.95,37250.0,37150.0,37250.0,441175
1649043900000,37855.0,38744.35,37565.05,38187.0,4756525
1649054700000,38188.55,38718.0,38182.4,38662.1,2431500
1649065500000,38662.1,38697.95,38617.65,38635.0,249975
1649130300000,38750.0,38750.0,38175.0,38450.0,2303125
1649141100000,38451.45,38780.0,38105.75,38121.05,2273975
1649151900000,38113.55,38161.85,38010.0,38019.9,512150
1649216700000,37738.0,37928.5,37642.05,37875.0,2459375
1649227500000,37877.7,38036.6,37675.6,37765.05,1894625
1649238300000,37761.25,37774.95,37707.0,37719.0,262250
1649303100000,37499.95,38180.0,37400.0,38110.85,2838700
1649313900000,38119.9,38175.0,37650.0,37730.0,2259325
1649324700000,37730.05,37804.3,37710.05,37804.3,207350
1649389500000,37731.0,37975.0,37566.65,37790.0,2817075
1649400300000,37786.0,38089.5,37771.15,37939.05,2132425
1649411100000,37940.85,38042.0,37940.85,38042.0,316650
1649648700000,37749.8,38048.0,37681.15,37974.95,2046350
1649659500000,37975.0,38096.95,37689.0,37765.0,1594750
1649670300000,37760.0,37796.05,37742.05,37769.85,197725
1649735100000,37499.95,37698.5,37400.0,37627.9,2124850
1649745900000,37628.7,38030.0,37470.0,37877.05,2323675
1649756700000,37877.0,37905.95,37838.75,37898.05,203175
1649821500000,38000.0,38093.75,37662.25,37669.95,2010525
1649832300000,37643.4,37834.75,37540.0,37560.0,1789675
1649843100000,37560.0,37587.8,37521.6,37544.9,389250
1650253500000,36900.3,37084.25,36751.0,36840.0,2077800
1650264300000,36835.6,36893.85,36555.55,36893.85,1556650
1650275100000,36901.3,37055.95,36901.3,36922.8,451475
1650339900000,36990.0,37043.75,36733.45,37031.55,1639775
1650350700000,37027.35,37229.35,36344.65,36451.25,2786975
1650361500000,36436.0,36470.0,35970.15,36098.9,774725
1650426300000,36399.8,36545.3,36284.3,36423.85,2170825
1650437100000,36423.85,36619.1,36175.55,36394.9,2218875
1650447900000,36394.85,36462.75,36368.0,36450.05,192825
1650512700000,36599.9,36720.0,36477.95,36670.0,1620325
1650523500000,36670.0,36929.95,36636.0,36905.6,1700850
1650534300000,36907.55,37050.0,36894.0,37050.0,419450
1650599100000,36650.0,36699.95,36312.05,36419.95,1968925
1650609900000,36415.0,36457.0,36045.7,36117.85,1788950
1650620700000,36120.65,36135.0,36031.0,36031.0,343375
1650858300000,35750.0,36248.0,35501.05,36028.3,2983500
1650869100000,36031.1,36295.5,35881.0,36079.1,1728625
1650879900000,36091.15,36247.75,36063.2,36235.35,344125
1650944700000,36573.2,36628.95,36459.05,36534.95,1649150
1650955500000,36532.55,36585.0,36287.3,36465.0,1817875
1650966300000,36469.4,36508.95,36436.0,36440.0,262700
1651031100000,36011.0,36194.25,35925.0,35966.8,1419975
1651041900000,35966.8,36157.75,35761.05,36083.5,1753525
1651052700000,36084.9,36150.5,36057.15,36119.95,271525
1651117500000,36190.0,36201.1,35934.25,36119.65,1173575
1651128300000,36121.6,36499.95,36109.15,36360.25,1427800
1651139100000,36360.25,36440.1,36355.05,36422.0,177725
1651203900000,36675.0,36770.6,36390.15,36699.95,2168975
1651214700000,36703.0,36740.4,36111.45,36139.45,2341150
1651225500000,36149.95,36168.0,36039.55,36085.0,425350
1651463100000,35629.0,36099.85,35629.0,36017.9,1822925
1651473900000,36007.1,36279.5,35876.85,36216.25,1677650
1651484700000,36223.3,36254.0,36170.55,36205.0,272350
1651635900000,36280.05,36340.0,35916.6,35974.05,1696375
1651646700000,35962.85,36199.95,35145.95,35384.95,4109250
1651657500000,35393.4,35404.0,35290.1,35349.6,364325
1651722300000,35674.0,35989.9,35568.0,35726.0,2497200
1651733100000,35725.6,35875.1,35180.9,35290.0,2344675
1651743900000,35293.6,35347.0,35161.8,35175.0,324425
1651808700000,34650.0,34777.8,34405.0,34660.0,2538650
1651819500000,34661.7,34833.75,34383.0,34631.8,2196825
1651830300000,34636.95,34706.25,34610.0,34691.0,319175
1652067900000,34205.25,34429.95,33956.9,34420.0,2411325
1652078700000,34419.25,34582.15,34113.25,34369.05,2412900
1652089500000,34361.9,34412.15,34307.2,34339.35,241550
1652154300000,34222.1,34595.95,34218.0,34584.8,1796950
1652165100000,34586.75,34817.0,34455.15,34492.95,2484875
1652175900000,34495.1,34550.2,34450.0,34489.0,321500
1652240700000,34666.0,34747.6,34326.2,34488.5,2314925
1652251500000,34493.85,34766.75,34172.45,34712.6,2878975
1652262300000,34710.2,34797.05,34697.0,34790.0,349125
1652327100000,34301.15,34404.8,33678.15,33819.6,3269900
1652337900000,33830.0,33873.5,33307.05,33619.5,2437525
1652348700000,33622.15,33627.55,33556.85,33564.0,298675
1652413500000,33950.0,34011.7,33601.0,33789.85,2146600
1652424300000,33783.3,34023.0,33025.0,33125.85,2669000
1652435100000,33126.7,33263.3,33070.65,33083.9,361325
1652672700000,33232.3,33822.65,33005.15,33470.0,2927725
1652683500000,33468.1,33849.2,33360.75,33541.95,2157325
1652694300000,33542.5,33639.0,33515.0,33625.0,223800
1652759100000,33754.0,34163.1,33670.3,34062.5,2490475
1652769900000,34060.7,34375.45,34002.05,34265.0,1796300
1652780700000,34269.0,34349.6,34260.0,34349.6,270950
1652845500000,34450.0,34620.0,34299.3,34434.1,1599425
1652856300000,34420.0,34420.0,34092.45,34126.0,2213375
1652867100000,34132.9,34152.1,34112.7,34150.0,216025
1652931900000,33510.0,33600.0,33311.75,33342.9,2099175
1652942700000,33337.45,33420.2,33160.0,33236.0,1474325
1652953500000,33227.35,33315.7,33227.35,33295.0,231600
1653018300000,33620.0,34170.0,33606.0,33953.05,2252325
1653029100000,33952.85,34341.75,33911.8,34260.15,1744650
1653039900000,34255.95,34312.05,34155.95,34309.9,310025
1653277500000,34305.0,34760.0,34265.0,34735.3,1866575
1653288300000,34735.3,34815.45,34160.0,34185.0,2099575
1653299100000,34181.7,34229.2,34071.9,34110.9,327475
1653363900000,34146.05,34506.65,34080.85,34380.0,1765150
1653374700000,34383.95,34567.0,34118.1,34183.9,1781450
1653385500000,34182.7,34257.0,34155.05,34234.15,273800
1653450300000,34395.95,34686.9,34373.65,34514.45,1850350
1653461100000,34509.9,34575.5,34301.15,34337.0,1530300
1653471900000,34340.0,34364.85,34280.0,34302.55,221275
1653536700000,34551.0,34716.0,34410.0,34525.1,1243950
1653547500000,34525.05,35124.9,34447.15,35055.05,2084625
1653558300000,35056.8,35105.45,35056.8,35099.85,186325
1653623100000,35398.0,35635.0,35308.0,35447.6,1955450
1653633900000,35452.1,35725.0,35431.2,35610.0,1562200
1653644700000,35614.9,35660.0,35608.0,35643.2,242950
1653882300000,35976.0,36132.75,35906.05,35982.8,1594875
1653893100000,35984.55,35994.0,35791.0,35869.95,1295975
1653903900000,35871.75,35889.55,35856.2,35880.15,183250
1653968700000,35675.0,35938.65,35636.95,35856.0,1570050
1653979500000,35855.0,35896.0,35459.95,35466.35,1419925
1653990300000,35456.5,35499.4,35335.1,35394.0,437350
1654055100000,35290.0,35799.8,35290.0,35708.85,1799775
1654065900000,35708.85,35720.0,35321.35,35695.0,1911725
1654076700000,35697.0,35803.35,35693.15,35759.55,421125
1654141500000,35594.0,35700.0,35454.65,35551.6,1447975
1654152300000,35555.7,35766.0,35494.45,35736.65,1514775
1654163100000,35739.95,35769.35,35656.0,35700.0,274025
1654227900000,36000.25,36333.0,35750.5,35809.8,1648750
1654238700000,35801.35,35820.5,35260.0,35345.3,2530350
1654249500000,35345.9,35495.9,35326.95,35362.4,348400
1654487100000,35203.3,35469.0,35141.0,35429.15,1801300
1654497900000,35429.2,35527.0,35307.3,35444.5,1322100
1654508700000,35447.95,35486.7,35372.0,35408.7,193025
1654573500000,35149.15,35270.0,34983.95,35025.7,2354250
1654584300000,35025.45,35132.05,34916.0,35093.45,1098500
1654595100000,35099.35,35125.8,35071.9,35080.0,257575
1654659900000,35199.95,35555.6,34920.0,35403.9,2863400
1654670700000,35400.6,35422.65,34891.05,35012.75,2124950
1654681500000,35012.0,35045.0,34961.0,34963.6,216300
1654746300000,34810.0,34959.0,34735.0,34896.9,1553600
1654757100000,34895.0,35149.0,34813.75,35146.95,1591325
1654767900000,35143.0,35196.4,35126.65,35189.95,326475
1654832700000,34800.0,34862.05,34570.0,34645.15,1773900
1654843500000,34650.0,34650.0,34401.3,34589.2,1271225
1654854300000,34599.2,34599.2,34500.95,34540.0,244775
1655091900000,33850.0,33888.65,33325.45,33402.95,2075450
1655102700000,33398.75,33450.0,33234.0,33422.6,1229625
1655113500000,33428.35,33479.0,33428.35,33464.0,321950
1655178300000,33390.0,33701.05,33185.15,33594.75,2223800
1655189100000,33592.35,33598.4,33213.45,33357.0,1579550
1655199900000,33354.35,33476.5,33347.45,33380.6,284450
1655264700000,33400.0,33552.95,33301.0,33463.0,1343025
1655275500000,33463.0,33586.2,33347.25,33400.1,1282775
1655286300000,33400.15,33430.0,33392.0,33405.0,216625
1655351100000,33685.0,33798.0,33066.8,33152.7,2527375
1655361900000,33148.15,33254.25,32611.0,32634.95,2212100
1655372700000,32637.2,32650.0,32561.0,32573.05,301275
1655437500000,32499.85,32897.5,32335.0,32714.35,2248325
1655448300000,32714.35,32942.0,32579.6,32723.85,1858725
1655459100000,32715.0,32892.0,32656.0,32892.0,332625
1655696700000,32879.95,32977.0,32497.0,32754.0,1991625
1655707500000,32755.7,32890.0,32447.0,32730.0,1457700
1655718300000,32725.75,32798.0,32706.0,32730.0,346500
1655783100000,32956.0,33321.75,32841.6,33251.6,2604750
1655793900000,33250.0,33641.15,33205.0,33219.45,2224300
1655804700000,33205.5,33262.85,33188.75,33238.0,330050
1655869500000,33050.0,33099.95,32810.0,32908.75,1822925
1655880300000,32906.95,33005.7,32750.0,32860.4,1502575
1655891100000,32859.45,32872.75,32795.0,32809.0,241975
1655955900000,32894.95,33444.85,32838.8,33144.65,2518950
1655966700000,33136.2,33297.75,32656.25,33160.15,3104100
1655977500000,33169.05,33225.0,33154.35,33215.0,229100
1656042300000,33433.95,33694.55,33374.3,33470.25,1901100
1656053100000,33470.0,33738.0,33453.0,33675.05,1546750
1656063900000,33669.4,33708.95,33616.7,33703.25,303750
1656301500000,34180.0,34180.0,33802.5,33828.05,1962675
1656312300000,33829.95,34007.7,33761.0,33864.45,1279125
1656323100000,33872.95,33939.4,33850.0,33850.0,231050
1656387900000,33610.05,33723.5,33542.3,33651.3,1433525
1656398700000,33651.3,33772.0,33546.0,33658.2,1434550
1656409500000,33655.55,33700.0,33645.6,33699.0,212325
1656474300000,33368.6,33380.0,33216.7,33317.3,1279050
1656485100000,33325.0,33441.95,33255.35,33266.1,1001000
1656495900000,33271.5,33294.6,33238.9,33240.95,316050
1656560700000,33202.05,33666.0,33195.0,33364.85,1612725
1656571500000,33368.25,33572.0,33294.0,33428.65,1393025
1656582300000,33422.7,33433.65,33415.7,33420.0,159350
1656647100000,33244.7,33375.0,33131.55,33347.9,1787775
1656657900000,33354.05,33619.75,33318.0,33600.0,1732900
1656668700000,33599.4,33740.0,33590.2,33726.2,415125
1656906300000,33666.05,33889.0,33601.65,33849.15,1499825
1656917100000,33845.45,34055.0,33740.7,34036.5,1251625
1656927900000,34044.85,34054.0,34005.1,34048.05,242775
1656992700000,34149.95,34399.85,34059.3,34380.0,1486425
1657003500000,34373.55,34397.8,33778.0,33829.05,2175100
1657014300000,33830.0,33873.95,33762.7,33770.75,325000
1657079100000,33900.0,34290.0,33800.95,34204.2,2251200
1657089900000,34200.0,34427.9,34160.35,34375.7,2271250
1657100700000,34371.4,34421.85,34363.65,34420.85,395800
1657165500000,34625.0,34815.0,34620.0,34750.0,1782875
1657176300000,34746.65,34998.0,34683.8,34949.9,2229875
1657187100000,34951.75,35028.0,34948.15,35020.0,360675
1657251900000,35150.0,35300.0,35066.0,35103.15,1559800
1657262700000,35105.0,35215.0,35016.0,35196.95,1069875
1657273500000,35203.8,35210.0,35122.2,35191.0,290050
1657511100000,35075.6,35399.25,35050.0,35307.05,1415525
1657521900000,35307.4,35599.45,35266.3,35500.5,1719675
1657532700000,35500.0,35527.8,35419.05,35486.0,301550
1657597500000,35299.65,35462.15,35267.85,35325.0,1341325
1657608300000,35323.75,35471.5,35153.0,35159.75,1445900
1657619100000,35152.3,35180.0,35093.35,35112.0,463775
1657683900000,35265.55,35350.0,35057.0,35118.6,1554475
1657694700000,35125.15,35168.0,34825.0,34910.0,1737400
1657705500000,34914.6,34977.9,34907.75,34931.65,267325
1657770300000,34890.05,35091.45,34733.85,34781.0,1922500
1657781100000,34772.0,34832.8,34623.6,34729.2,1277425
1657791900000,34733.8,34739.55,34709.5,34727.0,181550
1657856700000,34803.3,34944.05,34562.0,34605.65,1498425
1657867500000,34604.1,34805.3,34541.0,34766.95,1442250
1657878300000,34770.0,34808.9,34733.1,34808.9,279125
1658115900000,35690.0,35690.0,34887.1,35100.4,1494625
1658126700000,35104.55,35466.4,35097.05,35395.7,1502650
1658137500000,35399.85,35439.9,35380.0,35435.0,296500
1658202300000,35194.0,35700.0,35194.0,35643.2,1896175
1658213100000,35641.3,35795.25,35452.55,35745.0,1653550
1658223900000,35741.8,35760.0,35685.1,35740.0,235250
1658288700000,36075.0,36268.65,35950.0,36158.95,1698775
1658299500000,36161.4,36190.0,35954.25,35959.65,1520900
1658310300000,35957.6,35999.55,35900.0,35920.0,285800
1658375100000,35960.0,36339.8,35905.0,36273.0,1847800
1658385900000,36272.95,36327.0,36058.25,36166.15,1493275
1658396700000,36177.0,36253.15,36161.6,36240.25,290775
1658461500000,36155.55,36685.0,36155.55,36669.3,1634050
1658472300000,36672.45,36828.95,36612.15,36755.75,1469925
1658483100000,36755.65,36758.7,36675.1,36720.1,425075
1658720700000,36689.75,36988.25,36451.25,36504.0,1879150
1658731500000,36504.55,36878.0,36480.2,36701.5,1330825
1658742300000,36710.0,36728.85,36650.05,36675.0,198250
1658807100000,36550.0,36690.95,36351.2,36522.0,1735275
1658817900000,36521.15,36588.35,36373.6,36377.85,1041150
1658828700000,36377.65,36381.9,36318.2,36339.5,258350
1658893500000,36346.3,36660.0,36250.0,36611.25,1737550
1658904300000,36610.1,36800.35,36547.0,36762.05,1171450
1658915100000,36764.2,36779.65,36735.65,36779.65,202450
1658979900000,37055.0,37341.0,37050.0,37309.0,1542800
1658990700000,37309.0,37419.8,37247.0,37367.15,1096200
1659001500000,37368.15,37384.3,37367.6,37381.2,193100
1659066300000,37740.5,37800.0,37282.5,37605.0,2178250
1659077100000,37600.6,37624.35,37396.05,37587.15,1035725
1659087900000,37592.15,37615.0,37558.1,37581.5,232250
1659325500000,37647.85,37870.0,37483.0,37805.8,1641175
1659336300000,37802.25,37982.95,37800.5,37915.1,1043875
1659347100000,37917.1,37945.0,37902.0,37935.05,240050
1659411900000,37752.05,38110.0,37667.7,38060.3,2166125
1659422700000,38068.15,38232.0,37854.8,38102.15,1554300
1659433500000,38100.25,38117.4,37892.35,37936.85,390700
1659498300000,37930.0,38122.0,37743.95,37793.15,2018600
1659509100000,37796.45,38076.5,37746.0,38072.0,1361275
1659519900000,38077.0,38078.8,37992.65,38049.65,266600
1659584700000,38162.3,38270.65,37288.3,37686.7,3316150
1659595500000,37681.05,37851.0,37522.8,37735.15,1845275
1659606300000,37729.05,37769.6,37674.05,37725.45,294075
1659671100000,37849.7,38185.7,37804.5,38140.0,2302975
1659681900000,38140.2,38155.0,37850.0,37943.95,1356750
1659692700000,37940.0,37991.4,37913.7,37979.0,200025
1659930300000,37890.0,38240.0,37751.0,38240.0,1972375
1659941100000,38243.6,38363.0,38212.45,38277.95,1347600
1659951900000,38272.7,38320.0,38235.85,38305.0,257025
1660103100000,38330.25,38451.0,38205.15,38375.45,1558425
1660113900000,38379.3,38435.85,38254.95,38357.35,906450
1660124700000,38359.95,38374.55,38339.1,38365.5,178400
1660189500000,38751.05,38927.0,38694.0,38883.0,1825000
1660200300000,38884.45,38982.1,38873.0,38901.0,1048500
1660211100000,38900.95,38959.95,38899.6,38953.5,263875
1660275900000,38880.0,39065.0,38790.0,39045.4,1405750
1660286700000,39044.35,39096.9,38996.15,39058.0,773325
1660297500000,39057.4,39114.9,39055.65,39104.75,349725
1660621500000,39310.25,39473.0,39230.0,39275.55,1424250
1660632300000,39275.35,39339.7,39155.0,39318.75,913475
1660643100000,39319.85,39328.0,39300.0,39322.0,196775
1660707900000,39427.15,39435.8,39260.0,39380.0,954175
1660718700000,39380.0,39548.9,39360.0,39499.0,864350
1660729500000,39500.0,39518.65,39484.95,39499.35,164825
1660794300000,39399.8,39678.1,39330.1,39425.0,1686000
1660805100000,39420.4,39730.4,39393.3,39702.0,1158150
1660815900000,39699.75,39782.0,39692.3,39765.9,245775
1660880700000,39760.0,39794.1,39040.15,39129.95,2468200
1660891500000,39126.75,39225.4,38862.45,39054.1,1860475
1660902300000,39051.45,39079.45,38922.8,38933.6,311350
1661139900000,38698.9,38817.3,38329.1,38417.4,2317425
1661150700000,38420.0,38525.0,38268.0,38378.95,1469125
1661161500000,38386.65,38409.55,38318.2,38336.45,251000
1661226300000,38099.95,38610.0,38000.0,38297.05,2346950
1661237100000,38300.45,38713.2,38230.0,38689.2,1538100
1661247900000,38685.9,38918.0,38683.05,38906.8,451350
1661312700000,38650.0,38993.55,38622.25,38815.3,1742300
1661323500000,38815.65,39107.5,38640.25,39105.35,1521475
1661334300000,39104.4,39150.0,39069.95,39110.7,382650
1661399100000,39243.3,39467.2,39153.65,39442.6,1461325
1661409900000,39446.85,39489.95,38933.6,38959.9,1494750
1661420700000,38964.0,38964.1,38918.8,38954.35,229975
1661485500000,39272.0,39525.0,39141.0,39404.5,2339200
1661496300000,39402.6,39448.4,39037.2,39205.55,1599175
1661507100000,39221.15,39445.0,39221.15,39290.0,480875
1661744700000,38315.0,38559.9,38129.0,38442.2,2515400
1661755500000,38445.0,38560.0,38380.45,38419.0,1042200
1661766300000,38419.0,38485.4,38415.0,38471.75,219550
1661831100000,38607.1,39121.2,38606.25,39105.3,1967875
1661841900000,39107.35,39786.65,39090.5,39700.3,2425025
1661852700000,39700.6,39746.0,39655.4,39720.0,392725
1662003900000,39006.0,39828.1,38952.15,39600.0,3110900
1662014700000,39604.0,39621.0,39100.0,39487.3,2309825
1662025500000,39491.45,39515.0,39450.6,39499.4,258150
1662090300000,39519.95,39714.95,39311.3,39473.55,1775600
1662101100000,39476.45,39698.5,39415.8,39578.85,1585325
1662111900000,39583.4,39630.8,39507.35,39530.1,324800
1662349500000,39499.95,39940.0,39456.8,39920.95,1866700
1662360300000,39916.1,39999.0,39842.2,39931.45,1244725
1662371100000,39930.0,39934.95,39880.9,39915.1,263650
1662435900000,39980.0,40174.4,39654.5,40020.0,2455850
1662446700000,40025.2,40111.55,39729.35,39812.0,1594050
1662457500000,39814.5,39832.5,39767.25,39791.2,204100
1662522300000,39440.0,39663.05,39340.0,39635.2,2310725
1662533100000,39636.7,39713.35,39504.6,39565.45,1123100
1662543900000,39566.1,39647.25,39558.0,39599.75,241300
1662608700000,39905.0,40199.0,39820.05,40163.85,1971250
1662619500000,40170.0,40360.05,40057.0,40281.2,1721400
1662630300000,40281.85,40375.0,40281.85,40373.0,377125
1662695100000,40601.15,40753.1,40525.0,40551.45,1545825
1662705900000,40545.55,40616.35,40362.55,40540.9,1321325
1662716700000,40537.25,40543.25,40465.35,40490.0,273900
1662954300000,40642.0,40750.0,40459.3,40722.7,1573975
1662965100000,40722.0,40770.0,40638.9,40675.2,766300
1662975900000,40679.95,40685.0,40654.05,40680.0,228475
1663040700000,40850.0,40916.8,40783.0,40871.2,1290150
1663051500000,40870.1,40986.3,40836.25,40921.15,831900
1663062300000,40924.95,40945.0,40920.0,40942.0,193900
1663127100000,40332.0,41324.2,40250.0,41249.0,2810025
1663137900000,41243.05,41680.0,41237.1,41373.7,2414775
1663148700000,41377.1,41452.0,41352.7,41427.25,373600
1663213500000,41519.0,41855.4,41190.1,41297.45,3067250
1663224300000,41295.2,41598.0,41232.0,41290.35,1753225
1663235100000,41279.65,41327.0,41244.8,41287.6,334225
1663299900000,40980.0,41211.25,40883.3,41084.9,2233725
1663310700000,41082.9,41164.2,40567.6,40893.0,2314075
1663321500000,40892.85,40918.65,40816.6,40850.0,310625
1663559100000,40839.85,41267.0,40591.05,41112.1,2062225
1663569900000,41121.55,41174.15,40770.0,40989.5,1331900
1663580700000,40989.0,41028.0,40956.85,41025.0,193325
1663645500000,41399.6,41609.65,41255.15,41567.45,1681000
1663656300000,41571.05,41724.25,41471.55,41478.0,1298225
1663667100000,41471.4,41539.75,41450.0,41470.0,278825
1663731900000,41299.75,41550.0,40983.4,41046.3,2109675
1663742700000,41046.3,41375.0,40940.0,41238.55,1700175
1663753500000,41242.9,41279.95,41212.6,41251.05,239125
1663818300000,40978.0,41218.0,40560.0,40579.4,2786450
1663829100000,40588.25,40997.0,40413.0,40680.0,2322625
1663839900000,40684.0,40725.15,40630.2,40714.95,286875
1663904700000,40520.0,40568.2,39705.0,39752.25,3056825
1663915500000,39755.85,39780.4,39477.3,39626.15,2037950
1663926300000,39629.25,39744.7,39570.2,39614.0,532300
1664163900000,39138.0,39319.8,38544.3,38799.95,2808850
1664174700000,38800.25,39055.15,38600.95,38692.85,1776150
1664185500000,38683.7,38757.75,38665.0,38710.0,238625
1664250300000,38888.0,39079.0,38401.0,38698.8,2206700
1664261100000,38690.0,38775.85,38270.0,38425.0,1574150
1664271900000,38430.0,38607.0,38430.0,38599.0,303250
1664336700000,38100.0,38410.0,37855.0,38325.1,2460025
1664347500000,38319.0,38348.8,37800.0,37837.05,1726925
1664358300000,37828.35,37855.55,37672.0,37689.95,250975
1664423100000,38224.0,38460.0,37862.65,37964.9,1547250
1664433900000,37964.9,38054.85,37711.6,37921.65,1877500
1664444700000,37918.75,37930.0,37856.25,37911.75,332900
1664509500000,37859.0,38650.0,37580.4,38592.5,4201350
1664520300000,38596.0,38988.1,38578.55,38761.05,2659550
1664531100000,38768.75,38945.0,38756.9,38855.0,394625
1664768700000,38705.3,38810.0,38290.45,38358.55,2337475
1664779500000,38356.1,38483.9,38086.4,38174.85,1547600
1664790300000,38173.6,38199.2,38117.3,38124.0,228300
1664855100000,38776.0,39278.0,38720.1,39192.45,2921675
1664865900000,39192.0,39348.25,39134.95,39268.9,1377225
1664876700000,39268.9,39295.0,39250.0,39290.0,261800
1665027900000,39499.95,39696.65,39387.05,39582.0,1697850
1665038700000,39583.0,39750.0,39351.3,39399.0,1811825
1665049500000,39396.0,39396.8,39340.1,39350.0,237775
1665114300000,39228.0,39239.95,38893.4,38928.1,1957200
1665125100000,38923.4,39374.7,38910.5,39273.0,1704175
1665135900000,39272.95,39319.95,39260.0,39304.0,205850
1665373500000,38743.0,39299.0,38610.0,39286.75,2592325
1665384300000,39287.35,39447.0,38930.65,39242.25,2173900
1665395100000,39243.7,39257.0,39196.5,39221.1,225650
1665459900000,39188.0,39271.7,38896.05,39223.3,2394875
1665470700000,39228.55,39250.35,38780.0,38790.0,1740225
1665481500000,38790.55,38807.6,38733.3,38756.95,287925
1665546300000,38825.05,39040.0,38716.95,39000.0,1863275
1665557100000,39003.0,39239.55,38875.15,39220.3,1780850
1665567900000,39220.0,39270.0,39190.95,39270.0,302100
1665632700000,39001.05,39166.5,38520.55,38637.0,2821725
1665643500000,38636.3,38996.0,38550.0,38734.45,2377750
1665654300000,38731.35,38799.35,38713.05,38770.0,342375
1665719100000,39500.0,39652.5,39320.0,39606.95,2760550
1665729900000,39600.7,39677.2,39323.0,39364.7,2006550
1665740700000,39356.65,39458.35,39354.9,39445.1,383075
1665978300000,39350.0,39900.0,39223.85,39817.0,2828775
1665989100000,39810.0,39992.0,39746.05,39952.7,1414800
1665999900000,39950.15,40045.0,39935.0,40043.0,390100
1666064700000,40300.0,40448.0,40213.95,40410.0,1687450
1666075500000,40404.2,40496.8,40294.45,40366.15,1225050
1666086300000,40372.95,40388.4,40358.05,40358.05,198200
1666151100000,40500.05,40668.4,40392.4,40414.8,1733400
1666161900000,40414.8,40559.5,40245.15,40380.0,1777450
1666172700000,40385.0,40455.0,40362.3,40422.0,247950
1666237500000,40198.15,40247.7,39903.25,39940.2,2220625
1666248300000,39942.9,40210.0,39940.05,40209.85,1500900
1666259100000,40205.0,40259.0,40204.0,40239.0,285925
1666323900000,40493.3,40872.15,40396.5,40840.05,2178625
1666334700000,40845.6,41030.0,40601.05,40725.0,1983100
1666345500000,40729.0,40850.0,40721.15,40850.0,422050
1666615500000,41250.0,41392.1,41110.0,41321.0,1006400
1666669500000,41530.8,41540.0,41114.65,41212.0,1565175
1666680300000,41210.0,41378.4,41084.05,41084.05,974925
1666691100000,41081.05,41134.95,41035.6,41053.15,305300
1666842300000,41475.0,41500.0,41267.05,41295.0,1465225
1666853100000,41295.15,41370.0,41175.0,41273.35,1491675
1666863900000,41274.75,41304.4,41274.15,41300.0,148700
1666928700000,41450.0,41636.85,41103.45,41225.05,2330275
1666939500000,41220.7,41246.35,41015.0,41173.15,1301950
1666950300000,41175.0,41189.0,41135.75,41160.0,284475
1667187900000,41399.0,41522.1,41270.0,41424.45,1825825
1667198700000,41425.0,41497.1,41371.1,41472.2,830250
1667209500000,41477.0,41480.0,41435.1,41451.05,187175
1667274300000,41650.0,41825.1,41554.85,41663.85,1551950
1667285100000,41665.4,41675.85,41330.55,41491.55,1830500
1667295900000,41495.55,41513.9,41446.4,41459.95,185275
1667360700000,41580.0,41598.3,41384.15,41424.9,1302525
1667371500000,41430.8,41449.45,41232.5,41312.25,1256050
1667382300000,41318.0,41337.95,41270.0,41270.0,193350
1667447100000,41000.1,41600.0,40990.0,41438.0,2442300
1667457900000,41436.1,41563.6,41364.45,41431.0,1248250
1667468700000,41431.9,41469.95,41420.4,41465.0,337150
1667533500000,41505.0,41646.8,41220.05,41307.35,1892825
1667544300000,41301.05,41438.6,41203.9,41429.0,1033875
1667555100000,41429.0,41470.0,41403.25,41465.0,311775
1667792700000,41869.0,41880.6,41555.1,41624.0,1935225
1667803500000,41615.6,41831.5,41489.65,41824.05,1274950
1667814300000,41825.9,41900.0,41815.65,41875.05,456775
1667965500000,42010.15,42040.0,41841.1,41859.0,1305325
1667976300000,41854.75,42098.6,41851.2,41967.0,1374725
1667987100000,41969.7,41970.5,41868.55,41879.55,284500
1668051900000,41550.0,41794.95,41505.0,41526.55,1713400
1668062700000,41522.75,41746.15,41469.0,41732.0,1372150
1668073500000,41730.8,41757.75,41716.4,41751.0,312675
1668138300000,42350.0,42350.0,42053.4,42295.0,2392200
1668149100000,42291.25,42438.7,42232.0,42283.15,1651500
1668159900000,42284.0,42306.65,42250.05,42292.6,253950
1668397500000,42325.1,42332.05,42100.0,42148.0,1380150
1668408300000,42146.75,42371.0,42139.9,42203.0,1094675
1668419100000,42200.35,42220.05,42175.55,42205.7,181725
1668483900000,42305.05,42365.0,42237.4,42251.0,861725
1668494700000,42249.85,42487.45,42226.0,42466.05,1422450
1668505500000,42466.0,42560.0,42460.0,42559.65,297850
1668570300000,42465.05,42619.95,42421.0,42539.05,1635275
1668581100000,42537.85,42666.0,42480.85,42577.15,1131825
1668591900000,42587.85,42597.95,42535.75,42566.0,212300
1668656700000,42472.25,42598.7,42410.2,42532.0,843025
1668667500000,42537.0,42660.0,42514.0,42520.0,1083750
1668678300000,42516.75,42550.0,42486.65,42500.0,254750
1668743100000,42598.0,42614.1,42317.1,42387.95,1490150
1668753900000,42390.0,42538.0,42293.95,42520.7,1116950
1668764700000,42520.7,42525.3,42473.25,42514.95,243800
1669002300000,42349.8,42419.95,42255.0,42295.15,993775
1669013100000,42298.1,42385.0,42260.0,42372.15,705275
1669023900000,42379.95,42383.4,42350.55,42382.0,185625
1669088700000,42449.0,42460.0,42380.0,42443.2,792875
1669099500000,42440.9,42486.95,42411.1,42485.85,657975
1669110300000,42485.65,42516.55,42471.65,42515.0,174175
1669175100000,42555.55,42695.0,42552.4,42668.45,932500
1669185900000,42666.05,42866.0,42650.65,42738.05,991150
1669196700000,42738.0,42738.0,42703.45,42708.05,199950
1669261500000,42850.0,42975.5,42750.0,42973.2,866150
1669272300000,42972.25,43051.9,42871.7,43045.0,950650
1669283100000,43044.95,43090.0,43044.95,43077.55,247225
1669347900000,43339.95,43566.1,43190.0,43221.45,1730725
1669358700000,43221.0,43344.0,43140.0,43299.0,1032950
1669369500000,43301.6,43320.9,43251.0,43272.0,147075
1669607100000,43050.05,43363.1,43050.05,43354.85,1089325
1669617900000,43357.35,43400.0,43266.15,43279.05,771175
1669628700000,43280.0,43305.25,43236.05,43250.0,180900
1669693500000,43205.0,43492.45,43205.0,43425.0,1057025
1669704300000,43422.0,43444.95,43280.0,43300.0,741575
1669715100000,43300.35,43318.55,43262.1,43299.0,220575
1669779900000,43344.4,43450.0,43152.75,43200.0,1340600
1669790700000,43197.0,43482.0,43185.0,43476.3,1166450
1669801500000,43483.35,43525.0,43450.2,43492.85,323825
1669866300000,43680.4,43699.0,43526.0,43582.5,1059550
1669877100000,43584.8,43644.9,43323.0,43478.35,1700475
1669887900000,43474.95,43500.0,43435.0,43460.0,227475
1669952700000,43245.0,43387.75,43161.95,43203.55,1238950
1669963500000,43203.9,43373.8,43182.15,43337.3,838225
1669974300000,43338.0,43352.55,43320.0,43320.8,167375
1670211900000,43412.35,43440.7,43211.05,43432.35,990025
1670222700000,43431.1,43574.75,43387.2,43549.75,1169500
1670233500000,43543.15,43562.25,43513.9,43562.1,176675
1670298300000,43380.0,43561.95,43380.0,43421.0,1080050
1670309100000,43419.3,43490.0,43320.0,43461.15,788425
1670319900000,43471.0,43472.0,43441.3,43453.3,162025
1670384700000,43341.6,43541.0,43177.2,43335.0,1640325
1670395500000,43335.4,43385.0,43252.6,43329.65,738475
1670406300000,43330.05,43347.9,43305.35,43331.05,157300
1670471100000,43225.05,43610.15,43225.05,43552.1,1617050
1670481900000,43557.75,43750.0,43505.05,43733.0,1174850
1670492700000,43736.95,43797.0,43736.9,43795.0,382975
1670557500000,43855.55,43986.65,43827.65,43884.5,1237150
1670568300000,43882.4,43894.8,43551.0,43802.0,1739600
1670579100000,43808.0,43843.95,43751.65,43759.0,242600
1670816700000,43625.0,43935.9,43561.0,43875.85,1418975
1670827500000,43874.05,43921.0,43755.25,43873.05,685625
1670838300000,43879.85,43900.0,43859.95,43871.0,156075
1670903100000,43927.0,44081.1,43900.3,44067.6,1065250
1670913900000,44066.9,44080.0,43987.8,44063.8,591750
1670924700000,44065.05,44092.0,44041.05,44083.95,227350
1670989500000,44199.9,44243.75,44125.25,44235.0,1066650
1671000300000,44232.55,44248.55,44130.0,44171.1,935500
1671011100000,44170.0,44184.8,44136.9,44149.9,200775
1671075900000,44050.0,44197.0,44000.0,44024.15,1198900
1671086700000,44030.75,44047.95,43560.0,43566.45,1756025
1671097500000,43566.85,43604.9,43482.35,43503.8,416075
1671162300000,43400.0,43654.7,43201.45,43313.1,2206025
1671173100000,43310.0,43544.6,43185.0,43275.0,1505525
1671183900000,43273.0,43344.95,43250.65,43309.0,274350
1671421500000,43375.25,43520.0,43235.6,43463.85,1195050
1671432300000,43460.0,43557.45,43341.1,43537.0,863425
1671443100000,43533.75,43567.25,43495.0,43563.0,205875
1671507900000,43390.0,43448.8,43045.8,43173.6,1973100
1671518700000,43170.9,43488.0,43129.1,43471.0,1316250
1671529500000,43471.25,43486.0,43439.0,43460.5,284300
1671594300000,43529.95,43687.95,43321.05,43341.9,1935200
1671605100000,43333.8,43333.8,42445.95,42758.5,3490925
1671615900000,42757.05,42824.25,42704.45,42784.0,267275
1671680700000,42929.95,43084.0,42331.05,42346.9,2022875
1671691500000,42343.25,42736.85,42330.0,42520.0,1730650
1671702300000,42515.05,42532.0,42410.15,42412.05,227850
1671767100000,42100.0,42330.0,41902.05,41981.4,1887450
1671777900000,41982.9,42056.2,41657.45,41764.7,1472775
1671788700000,41765.15,41794.25,41716.3,41746.55,211075
1672026300000,41800.05,42364.0,41640.15,42345.2,2040350
1672037100000,42346.95,42845.0,42260.9,42577.65,1658650
1672047900000,42570.05,42669.65,42569.55,42650.0,195175
1672112700000,42805.3,42926.55,42393.45,42551.1,1900075
1672123500000,42547.4,42840.0,42373.05,42839.25,1388550
1672134300000,42837.7,42914.75,42827.95,42880.0,258350
1672199100000,42750.0,43013.65,42716.15,42979.7,1194200
1672209900000,42978.85,43034.4,42810.95,42833.45,980925
1672220700000,42826.0,42847.9,42758.75,42793.0,209425
1672285500000,42709.95,42725.0,42486.4,42644.35,1034750
1672296300000,42644.95,43259.45,42604.1,43246.3,1311625
1672307100000,43244.75,43264.95,43232.35,43255.0,165525
1672371900000,43501.05,43606.15,43236.5,43304.15,1650675
1672382700000,43305.0,43415.0,43002.0,43154.65,1357450
1672393500000,43150.7,43283.7,43120.95,43240.0,296325
1672631100000,43248.1,43535.0,43136.05,43432.25,1784575
1672641900000,43439.55,43455.0,43216.4,43390.0,989000
1672652700000,43390.0,43430.7,43387.15,43424.85,156700
1672717500000,43388.75,43600.0,43352.75,43436.1,1368300
1672728300000,43431.0,43661.0,43348.3,43616.3,1325400
1672739100000,43619.0,43651.0,43600.0,43630.0,216250
1672803900000,43595.2,43710.0,43060.0,43065.0,2502500
1672814700000,43073.05,43355.9,43031.0,43148.05,1748500
1672825500000,43145.65,43156.9,43107.8,43145.0,212100
1672890300000,43255.3,43300.0,42738.05,42798.2,2269550
1672901100000,42798.5,42839.6,42473.6,42775.0,1777850
1672911900000,42770.35,42812.35,42710.0,42760.0,272250
1672976700000,42755.3,42839.8,42416.0,42480.0,1661275
1672987500000,42476.8,42497.55,42052.0,42390.45,1995625
1672998300000,42395.25,42406.65,42305.0,42368.0,263625
1673235900000,42496.4,42908.5,42353.0,42864.6,2059375
1673246700000,42858.15,42880.0,42508.8,42769.75,1259600
1673257500000,42771.0,42800.0,42724.0,42742.0,196175
1673322300000,42700.0,42774.8,42195.0,42285.3,2157150
1673333100000,42289.95,42348.85,42005.1,42247.6,1799150
1673343900000,42242.5,42264.7,42210.0,42236.0,248575
1673408700000,42250.0,42475.4,41880.0,42387.65,2766650
1673419500000,42390.7,42492.8,42201.15,42405.0,1238800
1673430300000,42408.0,42424.95,42356.0,42380.0,188100
1673495100000,42350.0,42500.9,42010.8,42102.9,1848975
1673505900000,42101.55,42277.75,41910.0,42187.6,1561175
1673516700000,42183.7,42234.0,42171.0,42215.0,278625
1673581500000,42250.0,42328.25,42022.95,42177.7,1511950
1673592300000,42184.05,42595.0,42181.65,42502.35,2056925
1673603100000,42494.1,42522.0,42451.65,42470.05,181925
1673840700000,42633.0,42805.0,42410.05,42415.85,1825050
1673851500000,42410.0,42559.85,42192.0,42290.0,1652875
1673862300000,42291.25,42344.0,42285.0,42296.25,184675
1673927100000,42205.0,42489.8,42151.2,42348.6,1446475
1673937900000,42348.0,42365.8,41972.9,42365.8,1908525
1673948700000,42368.95,42417.0,42341.1,42390.0,310325
1674013500000,42401.0,42610.95,42216.0,42561.9,1777800
1674024300000,42559.6,42594.95,42425.65,42487.55,1036325
1674035100000,42490.0,42540.0,42486.05,42527.05,207025
1674099900000,42450.0,42558.3,42315.0,42401.1,1480575
1674110700000,42400.0,42449.0,42281.0,42351.2,981725
1674121500000,42342.2,42357.95,42315.35,42323.65,167850
1674186300000,42455.1,42709.0,42335.35,42577.6,1741275
1674197100000,42571.7,42666.65,42510.0,42544.8,1013875
1674207900000,42538.45,42564.0,42527.5,42550.6,175525
1674445500000,42824.4,42995.0,42725.0,42840.0,1391325
1674456300000,42835.1,42905.1,42776.55,42868.45,664250
1674467100000,42871.0,42875.0,42844.3,42846.8,154000
1674531900000,43000.0,43072.0,42760.5,42796.05,1248825
1674542700000,42796.3,42847.25,42653.6,42779.9,642800
1674553500000,42782.0,42791.45,42741.2,42745.2,144050
1674618300000,42700.05,42705.65,41550.0,41789.05,1863925
1674629100000,41787.9,41934.85,41589.95,41641.4,1075050
1674639900000,41643.1,41654.75,41636.6,41645.2,230100
1674791100000,41739.95,41800.05,40785.0,40815.0,3659725
1674801900000,40811.0,40835.0,40421.55,40661.0,2191000
1674812700000,40663.7,40738.95,40633.9,40683.65,318425
1675050300000,40267.75,41129.0,39943.9,40385.2,4120400
1675061100000,40383.4,40809.7,39736.2,40809.7,2885475
1675071900000,40791.0,40802.95,40721.0,40770.0,278950
1675136700000,40855.6,41017.75,40470.0,40862.1,3393700
1675147500000,40861.35,41111.0,40789.05,41083.0,1629500
1675158300000,41088.0,41169.35,41040.7,41142.0,370000
1675223100000,41500.0,41598.8,41192.0,41450.0,2812950
1675233900000,41452.2,42251.95,39718.7,40727.4,7876775
1675244700000,40726.8,40835.35,40710.85,40711.25,315775
1675309500000,40289.0,40929.0,40005.55,40688.5,3339550
1675320300000,40697.45,41040.9,40292.4,40900.0,2671850
1675331100000,40902.8,40987.8,40882.45,40980.0,273600
1675395900000,41255.0,41444.0,40766.0,41054.0,2823975
1675406700000,41050.75,41670.5,41004.0,41649.05,2207550
1675417500000,41649.4,41684.8,41615.95,41680.0,237725
1675655100000,41660.05,41863.0,41405.0,41492.95,2244950
1675665900000,41492.95,41675.0,41455.1,41504.95,1054875
1675676700000,41508.75,41526.95,41486.45,41490.0,191200
1675741500000,41605.3,41685.0,41502.85,41528.8,1202400
1675752300000,41527.05,41749.4,41242.3,41640.2,3525450
1675763100000,41641.8,41650.0,41607.0,41650.0,151700
1675827900000,41555.55,41921.35,41520.0,41646.15,2047225
1675838700000,41643.95,41745.0,41583.05,41691.75,940550
1675849500000,41688.15,41707.5,41650.0,41650.0,169350
1675914300000,41600.0,41704.45,41365.0,41444.1,2174525
1675925100000,41436.85,41724.2,41415.35,41700.0,1270425
1675935900000,41704.85,41752.3,41700.05,41750.0,288275
1676000700000,41510.0,41738.55,41510.0,41627.05,1434250
1676011500000,41625.0,41695.0,41581.8,41649.6,717575
1676022300000,41649.55,41657.95,41632.8,41645.0,183950
1676259900000,41644.85,41733.0,41309.0,41354.55,1596450
1676270700000,41353.0,41453.7,41230.0,41380.05,1043050
1676281500000,41381.2,41391.6,41350.1,41360.0,167775
1676346300000,41500.15,41500.15,41277.0,41455.3,1134600
1676357100000,41456.6,41788.4,41426.65,41688.15,2155850
1676367900000,41688.25,41711.0,41685.05,41703.95,154875
1676432700000,41625.85,41768.35,41522.85,41635.0,1412150
1676443500000,41636.0,41806.55,41535.15,41784.35,1379925
1676454300000,41792.05,41849.9,41775.4,41836.6,304250
1676519100000,41977.05,42036.75,41850.75,41871.0,1530975
1676529900000,41865.0,41925.0,41712.75,41740.4,1317875
1676540700000,41740.7,41754.0,41665.0,41683.4,307650
1676605500000,41549.95,41574.85,41303.05,41322.4,2476050
1676616300000,41320.0,41329.0,40950.0,41230.15,3060975
1676627100000,41230.05,41257.8,41201.65,41204.15,251175
1676864700000,41250.15,41317.65,40975.0,40986.0,2073900
1676875500000,40987.0,41042.45,40636.15,40783.95,1333925
1676886300000,40784.35,40832.95,40781.8,40793.1,179900
1676951100000,40820.0,40985.8,40550.7,40790.75,2417950
1676961900000,40785.9,40818.95,40615.35,40707.65,1437275
1676972700000,40714.0,40738.0,40690.0,40737.9,158125
1677037500000,40545.0,40584.55,40129.0,40176.0,1913100
1677048300000,40172.0,40204.95,39919.65,40056.9,1815575
1677059100000,40067.45,40068.8,40000.25,40001.7,294300
1677123900000,40038.0,40165.0,39597.85,39817.1,2133625
1677134700000,39818.35,40168.9,39792.75,39961.1,1734200
1677145500000,39961.85,40004.65,39961.65,39997.3,201750
1677210300000,40455.3,40622.0,40192.8,40279.45,2962100
1677221100000,40289.45,40330.0,40061.65,40204.75,1215850
1677231900000,40207.75,40214.0,40145.0,40145.0,160100
1677469500000,40075.05,40513.35,39982.45,40374.0,2407600
1677480300000,40365.0,40571.0,40307.7,40559.15,1143400
1677491100000,40562.9,40600.0,40526.55,40600.0,249275
1677555900000,40599.95,40651.0,40450.0,40522.4,1221950
1677566700000,40525.0,40575.7,40280.0,40470.0,1293700
1677577500000,40466.95,40510.4,40440.0,40490.0,179000
1677642300000,40600.05,40870.0,40522.4,40775.0,1835325
1677653100000,40773.0,40935.95,40745.0,40900.0,1034500
1677663900000,40903.9,40942.95,40900.0,40942.95,307025
1677728700000,40820.05,40970.0,40755.6,40835.0,1368600
1677739500000,40837.1,40837.1,40601.0,40660.2,1454025
1677750300000,40661.0,40663.5,40550.0,40550.0,288325
1677815100000,40785.45,41485.0,40755.35,41441.4,2954250
1677825900000,41441.5,41560.0,41342.0,41406.85,1345125
1677836700000,41408.0,41427.7,41400.0,41416.0,250325
1678074300000,41599.7,41799.0,41490.05,41554.15,1702225
1678085100000,41562.4,41590.15,41425.3,41526.7,935000
1678095900000,41525.9,41547.2,41511.35,41531.0,140075
1678247100000,41348.8,41512.95,41242.6,41432.8,1740200
1678257900000,41440.55,41726.0,41425.9,41706.2,2147025
1678268700000,41708.5,41749.05,41702.05,41747.1,261125
1678333500000,41721.15,41765.0,41535.05,41633.4,1210950
1678344300000,41635.2,41635.2,41399.3,41400.0,1269575
1678355100000,41398.2,41430.0,41368.7,41380.0,323675
1678419900000,40944.95,41050.0,40511.3,40619.45,2932250
1678430700000,40610.0,40691.65,40462.5,40621.05,1484575
1678441500000,40622.5,40646.95,40599.15,40608.05,193275
1678679100000,40500.0,40834.55,40268.25,40313.6,3202650
1678689900000,40317.7,40318.0,39586.65,39644.15,3389925
1678700700000,39660.0,39799.6,39657.0,39780.0,370075
1678765500000,39735.7,39949.8,39314.85,39425.0,2722250
1678776300000,39428.0,39889.5,39415.4,39690.95,2312725
1678787100000,39695.6,39700.0,39548.3,39689.35,319775
1678851900000,39980.0,40056.35,39662.0,39707.05,2038325
1678862700000,39707.05,39738.5,39200.0,39220.0,2383625
1678873500000,39229.7,39242.55,39108.0,39194.5,411325
1678938300000,39179.9,39478.0,38831.5,39024.0,3420300
1678949100000,39031.55,39598.8,38952.0,39348.85,2509700
1678959900000,39355.55,39484.2,39350.0,39475.05,380350
1679024700000,39660.0,39799.95,39180.75,39218.4,2596025
1679035500000,39215.0,39825.0,39136.85,39782.6,2347275
1679046300000,39771.5,39847.3,39752.25,39834.35,369775
1679283900000,39760.15,39760.15,39171.1,39204.05,2727750
1679294700000,39205.0,39527.85,39077.35,39499.4,2029850
1679305500000,39494.4,39536.9,39487.4,39513.6,264225
1679370300000,39655.55,39749.5,39490.0,39580.0,1563100
1679381100000,39572.2,40129.45,39572.2,40023.9,2305425
1679391900000,40018.85,40068.05,39991.05,40048.15,196900
1679456700000,40187.3,40198.0,39971.0,40058.5,1640825
1679467500000,40055.95,40176.55,39980.0,40145.95,1120200
1679478300000,40146.85,40169.9,40093.05,40093.05,295800
1679543100000,39955.2,40240.0,39844.0,40144.95,2174150
1679553900000,40144.7,40273.0,39631.0,39664.3,2416450
1679564700000,39660.25,39700.0,39619.65,39634.65,414750
1679629500000,39619.4,39834.0,39521.0,39788.9,2486675
1679640300000,39794.95,39825.0,39453.7,39477.1,2051600
1679651100000,39480.3,39488.8,39348.0,39398.65,455075
1679888700000,39449.0,39646.1,39337.2,39515.0,2109750
1679899500000,39517.85,39750.0,39385.65,39505.6,1958075
1679910300000,39503.2,39503.9,39393.55,39434.85,486975
1679975100000,39586.0,39605.55,39411.0,39485.45,1340375
1679985900000,39485.0,39630.0,39383.35,39559.8,1533450
1679996700000,39563.05,39645.65,39552.9,39632.0,223150
1680061500000,39625.55,39914.95,39619.2,39707.0,1585200
1680072300000,39708.2,39957.4,39668.7,39910.0,1599725
1680083100000,39908.85,39927.25,39897.05,39913.95,249900
1680234300000,40497.95,40792.0,40446.0,40719.9,2262125
1680245100000,40719.9,40912.9,40691.2,40851.1,1417200
1680255900000,40850.35,40857.1,40754.6,40840.0,290575
1680493500000,40899.9,40968.95,40769.9,40924.15,1670825
1680504300000,40921.9,41050.0,40875.15,41008.65,1062925
1680515100000,41012.1,41047.35,41003.6,41022.0,158725
1680666300000,41125.1,41139.6,40967.0,41070.0,1324925
1680677100000,41068.65,41238.95,41042.2,41110.2,1457600
1680687900000,41113.85,41159.8,41112.35,41141.0,126825
1680752700000,41001.0,41425.0,40990.0,41265.0,1839000
1680763500000,41260.0,41342.35,41106.1,41173.95,1390550
1680774300000,41169.05,41179.5,41135.5,41162.7,212500
1681098300000,41239.6,41239.65,40977.3,41138.3,1209675
1681109100000,41139.0,41216.6,40866.4,40966.3,1220825
1681119900000,40971.3,41000.0,40945.65,40946.4,135425
1681184700000,41305.0,41493.5,41075.0,41406.55,1997325
1681195500000,41417.75,41517.65,41365.0,41499.0,872600
1681206300000,41495.0,41502.25,41483.3,41500.0,200575
1681271100000,41501.2,41587.0,41459.6,41521.15,804375
1681281900000,41519.4,41665.0,41514.0,41630.0,746825
1681292700000,41634.3,41662.9,41630.0,41644.95,268500
1681357500000,41721.1,41867.85,41580.0,41725.95,1297450
1681368300000,41725.95,42229.1,41665.65,42225.6,1658050
1681379100000,42230.0,42230.0,42182.0,42197.1,349025
1681703100000,42639.95,42639.95,41858.25,42193.0,2089625
1681713900000,42198.95,42384.45,42168.0,42365.65,1031275
1681724700000,42365.0,42371.0,42298.9,42303.0,164950
1681789500000,42449.0,42511.4,42310.0,42474.85,1177525
1681800300000,42476.85,42538.0,42156.0,42320.0,1390175
1681811100000,42320.0,42355.35,42306.0,42320.0,158250
1681875900000,42297.5,42375.85,42127.0,42182.05,1071800
1681886700000,42190.3,42305.0,42064.85,42192.3,1109675
1681897500000,42192.25,42202.15,42162.6,42167.05,151125
1681962300000,42229.3,42381.7,42150.75,42292.25,1131250
1681973100000,42291.5,42338.6,42126.15,42287.7,941425
1681983900000,42288.45,42289.75,42265.95,42270.0,150075
1682048700000,42200.0,42390.65,42118.9,42140.5,1168925
1682059500000,42144.45,42223.0,41961.25,42200.0,1208150
1682070300000,42191.9,42197.65,42090.3,42128.0,199275
1682307900000,42355.45,42462.3,42280.0,42382.25,1208300
1682318700000,42382.85,42712.5,42380.2,42645.0,1598525
1682329500000,42645.05,42671.5,42635.15,42666.0,175200
1682394300000,42700.5,42852.0,42615.0,42768.45,1049275
1682405100000,42771.6,42825.0,42644.45,42693.0,1099225
1682415900000,42693.0,42698.9,42650.2,42659.0,175875
1682480700000,42595.0,42706.5,42450.0,42636.75,1419425
1682491500000,42633.4,42858.25,42631.4,42836.1,883825
1682502300000,42834.4,42848.5,42810.6,42845.0,126275
1682567100000,42820.45,42928.0,42748.05,42854.2,853450
1682577900000,42859.0,43036.15,42785.55,43012.4,1081025
1682588700000,43010.65,43019.6,42995.0,43005.0,198300
1682653500000,43039.9,43140.0,42875.05,42999.0,1282050
1682664300000,42990.0,43273.05,42978.25,43245.5,1027325
1682675100000,43240.0,43265.15,43216.9,43230.1,264650
1682999100000,43360.0,43479.0,43255.65,43454.95,1252925
1683009900000,43454.95,43470.0,43343.65,43360.4,544100
1683020700000,43355.0,43380.0,43318.0,43347.4,181075
1683085500000,43152.0,43309.9,43116.95,43154.5,1139950
1683096300000,43157.95,43348.0,43150.75,43324.9,780450
1683107100000,43330.0,43335.0,43307.05,43320.0,185250
1683171900000,43212.7,43395.0,43212.7,43339.15,813575
1683182700000,43337.15,43695.0,43336.25,43679.8,1300275
1683193500000,43687.95,43688.05,43633.45,43640.0,313900
1683258300000,43225.0,43584.35,43011.15,43185.0,3092675
1683269100000,43187.35,43279.0,42630.0,42704.5,2140650
1683279900000,42724.55,42745.0,42650.0,42720.0,323950
1683517500000,42789.95,43364.7,42750.05,43307.0,1930225
1683528300000,43307.0,43450.0,43214.1,43320.45,977325
1683539100000,43320.6,43375.0,43306.7,43330.0,176400
1683603900000,43405.0,43508.2,43290.8,43479.95,915750
1683614700000,43474.15,43514.95,43127.85,43225.3,1268975
1683625500000,43231.85,43232.65,43143.3,43201.0,239300
1683690300000,43190.0,43342.0,42849.1,43206.1,2009075
1683701100000,43200.1,43350.0,43051.2,43331.05,1288725
1683711900000,43331.7,43342.0,43294.1,43315.0,197725
1683776700000,43489.95,43625.0,43360.0,43455.6,1543050
1683787500000,43449.5,43644.85,43422.0,43463.8,1089500
1683798300000,43457.9,43506.6,43439.45,43504.35,200950
1683863100000,43455.35,43557.65,43331.05,43498.2,1066425
1683873900000,43497.75,43871.95,43480.15,43753.85,1488400
1683884700000,43750.0,43774.25,43725.0,43750.35,246200
1684122300000,43757.2,43990.0,43630.05,43975.0,1155625
1684133100000,43975.0,44075.0,43929.9,43984.3,800175
1684143900000,43979.85,44045.0,43970.55,43999.65,207725
1684208700000,44050.05,44114.7,43867.0,44027.35,1002775
1684219500000,44027.35,44113.6,43861.05,43880.25,845650
1684230300000,43880.0,43901.0,43842.9,43889.3,214150
1684295100000,43880.6,43955.0,43580.0,43597.0,1473900
1684305900000,43600.0,43710.8,43465.0,43703.0,1233600
1684316700000,43710.95,43767.3,43708.45,43745.0,260450
1684381500000,43792.0,44057.85,43792.0,43998.65,1257125
1684392300000,43998.6,44023.95,43712.65,43789.95,1586150
1684403100000,43783.25,43810.0,43756.8,43807.75,184775
1684467900000,43900.0,43921.6,43524.3,43679.0,1408750
1684478700000,43682.2,44013.9,43569.6,43970.1,1264325
1684489500000,43980.0,44016.8,43964.3,43992.05,234000
1684727100000,43989.9,44020.0,43775.0,43897.25,1014650
1684737900000,43903.85,43979.95,43701.2,43899.95,1402975
1684748700000,43900.2,43942.0,43872.1,43884.0,155350
1684813500000,43953.15,44063.75,43902.0,44011.35,929750
1684824300000,44015.95,44080.0,43961.1,43981.0,703025
1684835100000,43977.0,43995.0,43941.0,43946.55,165775
1684899900000,43825.4,44014.55,43758.25,43880.7,1187850
1684910700000,43880.0,43908.35,43679.15,43723.85,1128375
1684921500000,43730.3,43731.55,43701.6,43707.0,148900
1684986300000,43713.0,43713.0,43461.35,43550.75,1022100
1684997100000,43553.45,43750.0,43385.55,43698.85,1223875
1685007900000,43697.3,43706.55,43672.0,43680.0,190750
1685072700000,43784.95,43881.9,43658.0,43867.0,1060000
1685083500000,43870.9,44149.0,43852.75,44079.95,1456900
1685094300000,44075.0,44078.7,44050.0,44074.0,218850
1685331900000,44225.0,44525.0,44200.0,44460.0,1264325
1685342700000,44463.8,44504.35,44300.0,44355.0,689675
1685353500000,44355.9,44375.0,44350.65,44375.0,114050
1685418300000,44325.0,44454.95,44280.1,44313.0,817500
1685429100000,44313.0,44492.0,44307.9,44464.8,676575
1685439900000,44458.55,44496.5,44458.55,44492.0,136125
1685504700000,44377.7,44425.0,44011.05,44080.35,1672500
1685515500000,44082.8,44288.0,43986.25,44249.55,1139875
1685526300000,44253.3,44290.0,44230.05,44243.5,299625
1685591100000,44226.0,44290.0,44100.05,44209.4,757875
1685601900000,44208.0,44284.25,43922.25,43922.25,1118350
1685612700000,43917.0,43985.95,43861.0,43985.95,465650
1685677500000,44115.0,44181.6,43950.0,44130.0,1146750
1685688300000,44125.55,44271.45,44000.0,44131.35,1186275
1685699100000,44134.65,44157.9,44017.2,44068.9,253825
1685936700000,44242.0,44392.8,44202.7,44361.75,1043500
1685947500000,44361.55,44411.0,44261.4,44310.0,686775
1685958300000,44310.0,44335.95,44262.45,44288.0,155650
1686023100000,44282.0,44349.95,44149.95,44207.0,838675
1686033900000,44209.85,44333.0,44184.4,44329.9,669500
1686044700000,44331.45,44337.5,44305.0,44325.95,203225
1686109500000,44400.0,44424.8,44300.0,44334.35,782400
1686120300000,44332.1,44415.0,44301.15,44406.3,629575
1686131100000,44402.05,44408.2,44380.05,44389.6,182675
1686195900000,44399.0,44545.5,44325.0,44365.55,1285250
1686206700000,44370.0,44492.8,44125.0,44128.75,1395050
1686217500000,44128.4,44169.45,44069.7,44160.0,413325
1686282300000,44178.15,44308.95,44042.4,44274.45,1173500
1686293100000,44274.95,44325.9,44075.0,44135.3,817125
1686303900000,44125.35,44143.0,44099.15,44113.0,155000
1686541500000,44160.0,44174.55,44031.2,44132.5,924800
1686552300000,44125.15,44150.0,43991.6,44101.6,697825
1686563100000,44101.85,44101.85,44072.0,44085.0,75525
1686627900000,44050.0,44247.0,44048.0,44181.0,1488350
1686638700000,44185.2,44226.15,44069.9,44224.2,751675
1686649500000,44225.1,44241.95,44217.0,44233.75,315400
1686714300000,44310.1,44310.1,44055.0,44142.95,907250
1686725100000,44143.0,44196.7,44105.3,44142.0,477150
1686735900000,44145.0,44153.85,44121.15,44125.0,140650
1686800700000,44150.0,44180.0,43821.0,43860.05,1511925
1686811500000,43859.35,43872.0,43526.0,43534.5,1469625
1686822300000,43542.1,43574.75,43533.55,43571.0,287325
1686887100000,43657.05,43900.0,43600.0,43880.75,1194150
1686897900000,43877.3,44234.9,43784.8,44040.0,1416875
1686908700000,44040.0,44065.55,43914.0,44020.0,271600
1687146300000,44086.1,44124.4,43703.0,43783.0,1423275
1687157100000,43780.0,43904.15,43625.25,43816.0,1066650
1687167900000,43833.0,43844.05,43770.0,43801.0,141550
1687232700000,43750.0,43757.75,43450.05,43530.0,1078250
1687243500000,43535.0,43914.95,43513.8,43898.25,1435125
1687254300000,43889.95,43904.0,43863.35,43875.1,241225
1687319100000,43900.5,44026.7,43775.0,43853.35,1411925
1687329900000,43854.8,44004.75,43834.0,43945.5,1011000
1687340700000,43954.8,43954.8,43916.3,43944.9,122075
1687405500000,43944.9,44022.8,43844.25,43894.4,860550
1687416300000,43892.3,44082.1,43713.55,43755.9,2118175
1687427100000,43756.7,43791.9,43739.7,43775.0,267850
1687491900000,43710.0,43801.0,43563.1,43748.85,1167175
1687502700000,43746.3,43850.0,43644.0,43691.95,790300
1687513500000,43692.0,43700.0,43633.0,43680.35,190675
1687751100000,43313.3,43770.0,43313.3,43653.0,854250
1687761900000,43660.7,43723.0,43566.85,43703.15,676625
1687772700000,43705.1,43706.3,43631.0,43695.85,137100
1687837500000,43769.25,43820.0,43701.0,43807.55,843600
1687848300000,43809.05,44155.0,43727.15,44140.0,1386625
1687859100000,44133.05,44148.9,44100.0,44130.0,230950
1687923900000,44226.25,44398.0,44134.1,44300.2,1391400
1687934700000,44304.95,44520.0,44210.85,44278.5,1095975
1687945500000,44273.05,44340.5,44258.75,44339.9,539050
1688096700000,44625.5,44797.0,44551.1,44789.0,952875
1688107500000,44793.55,44893.15,44735.0,44854.2,643125
1688118300000,44858.9,44865.0,44840.1,44855.05,165375
1688355900000,44989.0,45445.0,44906.25,45265.0,1253925
1688366700000,45270.0,45389.2,45230.0,45262.0,564390
1688377500000,45262.0,45292.0,45260.0,45286.0,142995
1688442300000,45366.55,45525.4,45092.3,45498.95,1270290
1688453100000,45500.65,45747.8,45312.0,45381.5,1131375
1688463900000,45380.2,45385.0,45330.0,45375.0,215220
1688528700000,45299.8,45480.0,45209.05,45306.6,899100
1688539500000,45306.6,45340.0,45175.0,45265.0,637845
1688550300000,45272.65,45274.85,45230.05,45271.0,102090
1688615100000,45190.0,45412.35,45130.1,45367.0,961140
1688625900000,45363.35,45460.55,45253.25,45420.0,803340
1688636700000,45422.95,45457.0,45390.0,45390.5,200820
1688701500000,45225.0,45299.5,44920.0,45004.15,1662210
1688712300000,45013.5,45199.0,44942.5,45024.85,869775
1688723100000,45032.0,45057.5,44945.4,45001.0,240915
1688960700000,45045.0,45249.6,44825.05,44892.9,1248570
1688971500000,44896.75,45008.6,44814.5,44955.5,711270
1688982300000,44956.75,44984.0,44933.35,44960.0,130485
1689047100000,45051.1,45180.0,45005.05,45145.0,958335
1689057900000,45145.0,45150.0,44786.55,44833.25,1219095
1689068700000,44832.4,44936.15,44829.95,44914.35,196935
1689133500000,44955.55,45017.7,44803.0,44920.0,983385
1689144300000,44921.0,44973.1,44750.0,44779.6,933135
1689155100000,44779.6,44833.5,44773.9,44815.0,250740
1689219900000,45098.9,45133.7,44873.0,45053.7,1477575
1689230700000,45055.55,45099.5,44728.25,44787.7,1969140
1689241500000,44782.9,44810.55,44745.0,44810.55,168930
1689306300000,44882.2,44964.95,44724.75,44799.95,885390
1689317100000,44802.2,44930.0,44674.55,44925.9,1279995
1689327900000,44929.65,44952.4,44908.4,44950.0,279090
1689565500000,44960.05,45006.2,44777.9,44865.0,1009605
1689576300000,44866.65,45581.8,44852.2,45580.05,2303430
1689587100000,45588.0,45588.2,45520.65,45557.5,320010
1689651900000,45750.0,45925.0,45380.0,45440.0,2281155
1689662700000,45440.0,45678.0,45356.0,45453.0,1333440
1689673500000,45457.45,45496.45,45445.15,45461.2,132075
1689738300000,45650.0,45700.0,45486.35,45557.85,944220
1689749100000,45561.0,45748.75,45560.05,45713.6,1052955
1689759900000,45703.6,45738.9,45700.0,45738.9,135510
1689824700000,45774.05,45839.0,45668.75,45799.85,813945
1689835500000,45791.95,46209.0,45776.0,46175.0,1661595
1689846300000,46175.0,46200.0,46141.85,46151.0,180810
1689911100000,46075.0,46360.0,46020.15,46074.8,1257195
1689921900000,46076.05,46310.4,45982.8,46131.65,1138830
1689932700000,46130.25,46174.0,46128.5,46169.0,144585
1690170300000,46099.0,46222.0,45863.4,45921.2,1163370
1690181100000,45919.3,46108.0,45903.65,45944.25,805860
1690191900000,45947.3,46035.85,45945.0,45971.95,166125
1690256700000,46110.0,46119.5,45800.0,45845.85,952545
1690267500000,45847.3,45968.6,45650.0,45905.8,1183065
1690278300000,45901.6,45957.95,45901.6,45927.0,118215
1690343100000,45989.9,46035.0,45846.8,45969.95,828015
1690353900000,45969.9,46090.0,45944.55,46050.0,1184985
1690364700000,46050.0,46068.8,46036.9,46057.85,104115
1690429500000,46201.05,46500.0,45832.1,45868.1,1364910
1690440300000,45871.9,45899.95,45541.65,45674.8,1505280
1690451100000,45676.45,45687.0,45660.0,45685.65,183180
1690515900000,45940.0,46000.0,45580.0,45609.1,1223805
1690526700000,45610.0,45736.4,45484.65,45712.25,1291170
1690537500000,45707.15,45727.0,45661.3,45663.0,149865
1690775100000,45744.9,45806.85,45600.0,45777.0,821340
1690785900000,45776.15,45897.0,45705.9,45857.0,857115
1690796700000,45853.7,45869.1,45841.25,45868.9,136185
1690861500000,45903.05,45944.0,45700.05,45718.75,846915
1690872300000,45718.75,45792.1,45615.25,45733.0,903015
1690883100000,45733.0,45775.0,45730.0,45750.0,119730
1690947900000,45500.0,45575.0,45140.0,45209.4,1585575
1690958700000,45209.35,45254.5,44877.55,45146.45,1518075
1690969500000,45147.5,45203.5,45117.7,45125.6,235410
1691034300000,45000.0,45185.0,44882.9,44886.0,1171200
1691045100000,44880.35,44895.35,44487.55,44741.4,2372550
1691055900000,44738.95,44770.0,44700.0,44721.9,283950
1691120700000,44805.55,45227.95,44621.0,45176.8,2032740
1691131500000,45178.0,45196.6,44717.05,45038.0,1468665
1691142300000,45033.0,45055.8,44969.05,44970.05,159570
1691379900000,45048.95,45132.95,44885.3,44966.95,994620
1691390700000,44967.05,45123.7,44921.05,44970.55,900315
1691401500000,44970.05,44979.05,44940.0,44940.0,105615
1691466300000,44972.3,45250.0,44945.5,45132.8,1217925
1691477100000,45134.15,45171.9,45025.3,45049.95,721605
1691487900000,45051.95,45066.2,45044.8,45063.95,140925
1691552700000,45062.95,45073.05,44685.95,44788.1,1439250
1691563500000,44785.0,45058.75,44752.05,45049.05,1203840
1691574300000,45049.15,45056.9,44996.7,45018.45,201060
1691639100000,44943.95,45142.15,44667.0,44797.4,1994940
1691649900000,44794.7,44896.9,44625.95,44795.05,1561605
1691660700000,44795.0,44795.0,44731.25,44751.15,186390
1691725500000,44759.0,44759.0,44492.0,44600.9,1262250
1691736300000,44600.1,44722.0,44392.4,44434.95,1314045
1691747100000,44428.45,44544.6,44425.1,44477.0,240990
1691984700000,44319.95,44398.95,43982.4,44176.7,1226415
1691995500000,44192.3,44349.5,44072.3,44218.3,1269435
1692006300000,44219.95,44223.9,44169.2,44205.1,165180
1692157500000,43975.0,44054.0,43818.65,43978.8,1417425
1692168300000,43980.4,44147.7,43968.05,44065.0,1663845
1692179100000,44063.0,44074.0,44025.65,44032.5,127140
1692243900000,43994.6,44224.8,43976.8,44059.95,2277750
1692254700000,44063.75,44078.5,43925.0,44045.5,1380165
1692265500000,44045.0,44059.35,44030.5,44044.0,179805
1692330300000,43905.5,44071.15,43785.05,43991.5,1050690
1692341100000,43991.5,44056.95,43898.8,43980.5,1015575
1692351900000,43980.2,43991.9,43926.95,43935.0,127380
1692589500000,43900.0,44150.0,43900.0,44092.9,1243215
1692600300000,44092.85,44215.9,44080.0,44120.0,810690
1692611100000,44117.45,44124.7,44090.1,44114.85,131880
1692675900000,44159.0,44196.05,44096.0,44148.0,701985
1692686700000,44145.0,44171.7,44050.0,44078.85,516885
1692697500000,44086.0,44118.9,44076.2,44088.0,138150
1692762300000,44077.05,44310.55,44016.15,44295.2,1432965
1692773100000,44299.0,44573.65,44272.1,44515.0,1598175
1692783900000,44515.0,44553.5,44478.15,44553.5,155865
1692848700000,44705.3,45009.95,44648.3,44706.75,1680765
1692859500000,44702.2,44760.6,44531.6,44578.95,1723170
1692870300000,44576.1,44581.65,44525.0,44525.0,286125
1692935100000,44350.0,44399.7,43987.7,44260.25,1521330
1692945900000,44265.95,44353.0,44185.0,44240.0,878910
1692956700000,44239.5,44271.8,44151.0,44170.0,161400
1693194300000,44299.0,44480.0,44217.2,44422.6,921045
1693205100000,44420.2,44614.95,44406.4,44478.9,1025460
1693215900000,44475.85,44504.2,44468.35,44500.0,76515
1693280700000,44605.55,44688.0,44443.15,44547.65,735930
1693291500000,44540.7,44585.0,44453.55,44499.0,1015590
1693302300000,44505.35,44516.55,44498.0,44512.05,82095
1693367100000,44636.4,44781.15,44580.5,44635.3,955785
1693377900000,44635.05,44649.95,44116.85,44163.45,1234035
1693388700000,44158.0,44225.0,44136.65,44190.0,200205
1693453500000,44219.45,44388.0,43921.05,43978.35,1513200
1693464300000,43974.95,44078.35,43872.95,43955.0,1541025
1693475100000,43961.15,43990.0,43945.0,43985.35,266505
1693539900000,44268.7,44340.0,44061.0,44265.9,1251420
1693550700000,44265.5,44746.15,44233.0,44611.0,1974570
1693561500000,44610.8,44640.4,44524.9,44639.25,202815
1693799100000,44160.05,44885.0,44160.05,44675.0,1160385
1693809900000,44672.0,44813.7,44672.0,44773.45,681300
1693820700000,44770.9,44799.0,44765.0,44791.0,141030
1693885500000,44750.0,44870.0,44644.0,44678.2,890100
1693896300000,44677.6,44787.9,44606.9,44745.0,891645
1693907100000,44742.0,44792.15,44741.05,44767.95,129030
1693971900000,44710.0,44759.95,44551.1,44610.0,1076340
1693982700000,44610.1,44657.6,44470.05,44627.95,1700730
1693993500000,44626.8,44699.0,44626.8,44691.8,266790
1694058300000,44605.3,44883.3,44538.25,44657.8,1145925
1694069100000,44657.55,45099.95,44595.95,45044.05,1393560
1694079900000,45041.1,45058.5,45002.85,45045.0,323295
1694144700000,45151.0,45348.9,44976.45,45320.7,1077210
1694155500000,45330.0,45563.15,45183.1,45283.9,1288050
1694166300000,45280.1,45378.7,45275.0,45332.05,198495
1694403900000,45458.8,45620.0,45380.9,45545.0,826575
1694414700000,45547.3,45710.95,45542.55,45664.35,963540
1694425500000,45664.0,45765.0,45661.75,45755.0,227640
1694490300000,45899.0,45929.7,45521.55,45713.9,1470735
1694501100000,45714.5,45714.5,45413.1,45595.0,1207350
1694511900000,45590.1,45680.0,45590.1,45638.05,129150
1694576700000,45578.0,45845.75,45460.15,45809.35,1425015
1694587500000,45815.0,46045.4,45780.0,46009.8,1829340
1694598300000,46009.5,46025.05,45980.05,45998.95,306510
1694663100000,46041.95,46210.0,45910.0,46072.0,1106175
1694673900000,46084.0,46145.0,45874.0,46097.7,627345
1694684700000,46095.0,46119.15,46093.7,46100.0,118620
1694749500000,46115.0,46375.9,46115.0,46340.0,809595
1694760300000,46339.5,46345.6,46114.55,46258.0,836130
1694771100000,46262.0,46295.0,46255.0,46255.0,124800
1695008700000,46194.95,46307.0,46127.8,46182.05,688080
1695019500000,46176.2,46239.0,46018.3,46028.8,900735
1695030300000,46018.05,46087.15,45986.3,46030.0,254025
1695181500000,45705.4,45839.9,45501.0,45560.2,1637535
1695192300000,45553.0,45627.95,45440.0,45550.0,1206735
1695203100000,45550.65,45603.45,45544.0,45581.15,222255
1695267900000,45394.8,45394.8,44968.25,45001.0,1247295
1695278700000,44999.55,45020.0,44720.0,44765.0,1489815
1695289500000,44765.0,44812.0,44671.5,44675.0,230955
1695354300000,44725.0,45099.0,44589.55,45027.7,1757910
1695365100000,45027.9,45058.5,44622.0,44635.0,886305
1695375900000,44633.95,44717.0,44630.0,44717.0,158865
1695613500000,44680.0,44740.0,44469.0,44684.0,867030
1695624300000,44685.1,44990.95,44595.5,44805.85,1245225
1695635100000,44797.95,44841.0,44791.7,44813.0,93255
1695699900000,44700.0,44812.65,44617.7,44679.3,581700
1695710700000,44687.8,44703.9,44523.3,44673.6,565230
1695721500000,44670.0,44712.3,44654.0,44657.45,117165
1695786300000,44549.9,44576.6,44149.05,44364.05,1145985
1695797100000,44365.6,44730.0,44350.1,44588.0,928650
1695807900000,44585.0,44620.0,44578.55,44612.0,90540
1695872700000,44509.4,44745.0,44342.55,44435.7,981360
1695883500000,44436.2,44470.0,44290.05,44298.7,937305
1695894300000,44300.0,44320.0,44297.0,44298.55,216630
1695959100000,44780.0,44950.0,44620.3,44907.0,1423335
1695969900000,44906.9,44998.0,44815.9,44821.0,1008945
1695980700000,44820.0,44879.85,44812.55,44860.05,178680
1696304700000,44712.5,44747.0,44500.0,44601.9,894210
1696315500000,44609.55,44683.65,44541.6,44619.0,482025
1696326300000,44619.7,44629.35,44601.0,44606.35,127200
1696391100000,44372.2,44390.0,44050.25,44096.0,1530885
1696401900000,44096.0,44205.1,44072.45,44188.25,931230
1696412700000,44189.95,44255.45,44178.0,44240.0,483945
1696477500000,44350.0,44550.0,44280.0,44468.55,1174605
1696488300000,44468.7,44495.15,44365.0,44405.4,639690
1696499100000,44402.9,44452.45,44400.0,44400.0,147045
1696563900000,44503.0,44664.55,44400.05,44449.75,1166160
1696574700000,44444.15,44635.0,44415.0,44518.85,606555
1696585500000,44505.75,44536.05,44490.95,44510.75,130620
1696823100000,44205.0,44287.95,43935.0,44113.75,1127295
1696833900000,44114.5,44116.95,43955.1,44021.5,581400
1696844700000,44022.0,44022.0,43970.7,43972.15,135300
1696909500000,44210.05,44396.2,44080.0,44391.4,849510
1696920300000,44399.7,44620.0,44360.0,44525.85,1066140
1696931100000,44525.0,44549.25,44522.7,44545.0,157515
1696995900000,44683.4,44808.0,44552.15,44642.35,1265250
1697006700000,44644.1,44695.65,44550.1,44677.9,675660
1697017500000,44677.15,44708.0,44667.3,44702.95,171045
1697082300000,44725.0,44820.85,44690.0,44765.0,569820
1697093100000,44760.35,44772.9,44682.2,44749.0,333630
1697103900000,44748.35,44760.0,44737.75,44737.75,86910
1697168700000,44449.5,44574.65,44318.05,44390.0,947565
1697179500000,44385.05,44720.0,44385.05,44408.15,1093950
1697190300000,44408.25,44437.8,44341.65,44346.95,231255
1697427900000,44299.75,44455.0,44150.0,44409.35,923535
1697438700000,44414.5,44428.5,44305.2,44331.75,400530
1697449500000,44337.95,44355.0,44323.0,44355.0,120270
1697514300000,44642.25,44703.6,44528.0,44597.05,692835
1697525100000,44597.0,44630.45,44410.0,44474.95,742530
1697535900000,44472.7,44499.0,44468.25,44484.2,179280
1697600700000,44475.1,44510.0,44000.0,44045.2,1674900
1697611500000,44044.0,44124.85,44019.4,44078.55,791700
1697622300000,44076.6,44082.0,44035.0,44035.0,170490
1697687100000,43770.0,44069.7,43684.1,44016.3,1250040
1697697900000,44019.9,44117.0,43805.5,43808.1,762480
1697708700000,43802.1,43856.95,43785.0,43842.0,127770
1697773500000,43650.0,43829.9,43622.05,43730.0,767715
1697784300000,43730.0,43919.95,43692.4,43740.3,764145
1697795100000,43741.65,43756.5,43730.0,43744.05,145695
1698032700000,43790.0,43839.8,43567.0,43677.05,802815
1698043500000,43677.05,43697.4,42996.8,43089.65,1266750
1698054300000,43090.85,43178.55,43088.55,43139.25,278175
1698205500000,43261.05,43399.0,43083.05,43126.05,1009275
1698216300000,43135.0,43147.9,42767.0,42800.0,878790
1698227100000,42801.85,42858.1,42755.25,42850.0,156300
1698291900000,42730.0,42730.0,42067.0,42140.15,1109910
1698302700000,42139.95,42355.0,42138.0,42271.55,985350
1698313500000,42275.0,42285.0,42263.4,42277.35,195255
1698378300000,42755.3,43070.0,42730.2,42998.95,1057020
1698389100000,43000.0,43086.65,42884.0,43009.75,533460
1698399900000,43005.15,43100.0,43005.05,43099.95,132150
1698637500000,42994.35,43243.8,42623.0,43200.0,1866045
1698648300000,43200.0,43311.45,43140.0,43275.05,693525
1698659100000,43274.8,43350.0,43270.0,43335.0,178680
1698723900000,43603.05,43603.05,43020.4,43070.8,1261425
1698734700000,43069.6,43342.95,43025.05,43082.45,1010850
1698745500000,43078.05,43106.1,43035.2,43040.0,217845
1698810300000,42981.05,43062.4,42860.2,42989.65,1110240
1698821100000,42990.0,43031.5,42849.0,42932.0,987075
1698831900000,42931.1,42954.7,42911.1,42939.2,207570
1698896700000,43155.55,43554.85,42978.1,43063.1,1884765
1698907500000,43068.85,43395.75,43046.95,43251.95,962550
1698918300000,43249.95,43335.0,43243.3,43319.25,141480
1698983100000,43525.0,43598.85,43430.0,43515.0,1017135
1698993900000,43518.2,43604.1,43467.0,43499.8,624765
1699004700000,43499.8,43527.4,43492.1,43507.35,110445
1699242300000,43598.85,43778.25,43598.85,43700.2,862305
1699253100000,43702.4,43861.9,43683.4,43840.0,626040
1699263900000,43840.0,43868.0,43827.0,43860.0,142980
1699328700000,43855.3,43875.0,43517.35,43555.0,1108830
1699339500000,43555.0,43938.0,43526.75,43910.0,1162980
1699350300000,43909.25,43979.0,43905.0,43941.1,208050
1699415100000,43901.0,43996.15,43751.0,43844.75,1103385
1699425900000,43850.1,43907.85,43792.8,43838.3,938640
1699436700000,43837.55,43853.65,43806.65,43845.0,219900
1699501500000,43780.0,44075.0,43746.7,44034.9,1262295
1699512300000,44031.4,44042.95,43901.0,43905.8,552330
1699523100000,43905.8,43930.0,43901.15,43909.9,182775
1699587900000,43741.2,43938.95,43355.55,43860.95,928815
1699598700000,43860.0,43979.65,43773.4,43917.7,902505
1699609500000,43916.95,44017.0,43916.95,44015.4,250725
1699793100000,44055.55,44145.0,43952.4,44042.0,515820
1699847100000,44019.9,44019.9,43801.0,43990.0,1049235
1699857900000,43987.8,44085.0,43965.5,44023.8,526485
1699868700000,44020.1,44035.4,43990.95,43999.05,152760
1700019900000,44450.0,44454.65,44290.05,44360.25,1475910
1700030700000,44360.0,44429.5,44336.3,44379.95,1591095
1700041500000,44378.35,44429.85,44366.0,44411.55,228120
1700106300000,44390.85,44552.95,44260.55,44435.4,884775
1700117100000,44430.85,44518.65,44205.0,44242.5,744090
1700127900000,44245.1,44288.0,44241.1,44273.0,191700
1700192700000,43894.8,44066.2,43649.85,43797.6,1847280
1700203500000,43797.6,43842.0,43703.2,43740.0,553755
1700214300000,43740.0,43764.0,43662.15,43688.25,253845
1700451900000,43724.6,43900.0,43559.8,43741.4,1059375
1700462700000,43750.7,43837.7,43718.1,43740.05,350295
1700473500000,43739.35,43758.3,43714.75,43720.05,82965
1700538300000,43840.0,43890.9,43763.55,43861.4,617775
1700549100000,43860.25,43897.45,43655.25,43789.0,705540
1700559900000,43789.4,43803.15,43782.75,43800.0,102015
1700624700000,43791.0,43795.3,43439.0,43439.0,1325940
1700635500000,43435.45,43605.6,43375.0,43563.85,1540470
1700646300000,43571.25,43627.5,43551.1,43623.0,216195
1700711100000,43614.2,43740.0,43562.0,43610.0,583485
1700721900000,43610.0,43758.35,43608.35,43686.4,338220
1700732700000,43689.8,43709.0,43668.25,43705.0,88170
1700797500000,43693.15,43839.9,43586.0,43777.3,842115
1700808300000,43782.55,43845.0,43625.35,43819.3,528585
1700819100000,43819.2,43830.0,43786.8,43794.0,115170
1701143100000,43867.95,43969.0,43791.1,43886.95,658365
1701153900000,43886.95,44048.4,43872.05,43981.65,771345
1701164700000,43979.55,44008.75,43971.3,44005.95,121665
1701229500000,44100.0,44409.75,44022.1,44380.6,1258320
1701240300000,44378.3,44713.0,44301.1,44700.3,862545
1701251100000,44692.7,44721.6,44660.05,44720.0,147135
1701315900000,44745.0,44785.3,44219.55,44323.15,1712175
1701326700000,44324.25,44505.0,44210.0,44475.2,698295
1701337500000,44473.45,44489.9,44447.4,44478.75,148980
1701402300000,44522.35,45230.6,44522.35,45079.35,1227930
1701413100000,45070.8,45191.5,45015.95,45058.2,782340
1701423900000,45058.85,45097.9,45050.1,45060.0,172530
1701661500000,45750.5,46080.0,45602.05,46039.0,2093700
1701672300000,46054.5,46724.05,46039.0,46636.55,1600125
1701683100000,46623.0,46725.0,46620.0,46713.0,248175
1701747900000,46854.45,47493.95,46749.15,46987.75,2516655
1701758700000,46983.65,47248.75,46967.1,47151.0,1004745
1701769500000,47155.55,47173.0,47133.4,47133.4,179475
1701834300000,47302.05,47367.95,46845.0,47033.95,1509675
1701845100000,47029.55,47048.0,46863.45,46928.15,932175
1701855900000,46929.1,46946.15,46887.05,46900.15,240180
1701920700000,46898.0,47120.0,46600.0,47025.0,1254765
1701931500000,47020.2,47125.05,46970.0,47034.0,461505
1701942300000,47031.0,47090.75,47015.55,47075.0,135225
1702007100000,47050.05,47311.9,46991.75,47191.9,1172700
1702017900000,47194.65,47537.55,46961.3,47514.7,1307775
1702028700000,47513.4,47599.0,47492.0,47580.9,254235
1702266300000,47500.2,47769.95,47368.15,47531.65,1201605
1702277100000,47532.0,47645.95,47438.85,47528.0,408255
1702287900000,47527.75,47544.8,47427.55,47446.0,155685
1702352700000,47574.8,47600.0,47300.1,47459.7,713985
1702363500000,47459.15,47479.95,47259.95,47294.9,761310
1702374300000,47294.35,47325.75,47237.75,47269.5,188535
1702439100000,47350.0,47360.9,47111.55,47226.4,832905
1702449900000,47233.9,47447.2,47183.25,47397.0,879030
1702460700000,47397.2,47412.75,47376.8,47390.0,193215
1702525500000,47652.2,48199.95,47650.3,47980.45,1545315
1702536300000,47980.15,48115.0,47914.7,47989.0,513705
1702547100000,47989.0,48092.65,47989.0,48070.15,162105
1702611900000,48249.7,48250.0,47780.0,47865.85,909840
1702622700000,47869.0,48375.0,47837.1,48286.45,1125360
1702633500000,48290.7,48300.9,48171.25,48225.0,270090
1702871100000,48020.0,48206.35,47955.7,48072.0,928275
1702881900000,48065.0,48095.15,47945.65,47986.2,575805
1702892700000,47988.0,47990.0,47890.4,47914.15,175380
1702957500000,48000.0,48114.4,47784.8,48028.95,884940
1702968300000,48027.9,48228.0,47961.15,48017.25,721500
1702979100000,48005.6,48036.6,47986.55,48004.95,158730
1703043900000,48111.55,48265.0,48042.45,48095.3,876945
1703054700000,48090.0,48172.0,47460.0,47469.1,1873230
1703065500000,47456.05,47494.95,47316.6,47348.3,382815
1703130300000,47245.0,47621.05,46964.7,47443.9,1714665
1703141100000,47449.0,48207.95,47435.05,48202.4,2010765
1703151900000,48201.95,48205.5,48022.0,48091.95,244530
1703216700000,48105.0,48280.15,47822.0,48083.2,1188570
1703227500000,48087.55,48100.35,47533.4,47620.75,1617915
1703238300000,47618.5,47649.85,47470.8,47514.2,317910
1703562300000,47596.6,47905.0,47450.45,47778.3,1111830
1703573100000,47771.25,47971.95,47681.0,47786.75,841695
1703583900000,47789.5,47909.1,47785.25,47872.0,119085
1703648700000,47904.75,48316.25,47856.05,48260.45,961245
1703659500000,48260.45,48443.0,47911.65,48381.3,1058730
1703670300000,48371.85,48380.9,48312.0,48355.65,154140
1703735100000,48456.35,48679.0,48357.9,48524.95,778710
1703745900000,48514.9,48629.1,48432.4,48521.0,790185
1703756700000,48520.0,48530.0,48498.1,48515.0,131520
1703821500000,48750.0,48805.0,48495.0,48634.15,959385
1703832300000,48634.2,48759.95,48404.75,48619.35,835245
1703843100000,48617.3,48639.0,48530.0,48570.65,153735
1704080700000,48580.0,48725.0,48431.45,48709.6,687090
1704091500000,48714.75,48869.0,48515.8,48535.25,771930
1704102300000,48539.0,48566.15,48389.4,48405.0,347160
1704167100000,48375.0,48489.95,48025.4,48117.6,1528755
1704177900000,48120.3,48209.25,47893.3,47958.85,812040
1704188700000,47958.85,47999.0,47877.45,47882.55,329910
1704253500000,47849.85,48086.85,47763.75,47960.05,1362450
1704264300000,47961.9,48078.0,47844.95,47916.5,1018485
1704275100000,47920.0,48032.75,47900.0,48013.8,204030
1704339900000,48062.3,48470.4,47995.65,48395.85,1268640
1704350700000,48399.4,48500.0,48310.95,48452.75,751980
1704361500000,48450.0,48581.3,48440.55,48560.0,298710
1704426300000,48502.05,48625.0,48222.5,48280.9,1068720
1704437100000,48282.6,48538.35,47982.0,48385.95,1373175
1704447900000,48379.0,48379.0,48242.2,48320.0,205800
1704685500000,48490.0,48490.0,47939.15,47983.1,1264335
1704696300000,47985.0,48094.6,47586.2,47600.0,1402095
1704707100000,47613.15,47653.0,47567.0,47630.0,217185
1704771900000,47811.1,48146.9,47766.2,47999.65,1328700
1704782700000,47995.65,48093.25,47351.0,47396.9,1373325
1704793500000,47399.75,47428.85,47341.05,47406.15,238665
1704858300000,47280.0,47572.35,47201.0,47465.2,1182315
1704869100000,47476.35,47666.0,47321.25,47567.0,928695
1704879900000,47567.0,47652.25,47560.05,47638.0,170430
1704944700000,47767.4,47822.65,47550.0,47606.0,707550
1704955500000,47609.6,47740.0,47340.55,47556.6,839745
1704966300000,47562.55,47594.05,47552.0,47580.0,138825
1705031100000,47656.8,47945.0,47568.6,47812.0,1284960
1705041900000,47814.0,48047.0,47741.15,47814.45,890325
1705052700000,47804.65,47923.45,47787.65,47900.2,158220
1705290300000,48002.25,48220.5,47933.2,48176.3,992505
1705301100000,48176.3,48332.9,48131.4,48260.0,736785
1705311900000,48260.0,48380.0,48255.0,48369.0,249165
1705376700000,48255.35,48440.0,48192.0,48316.1,961680
1705387500000,48318.0,48367.75,48078.85,48227.7,933795
1705398300000,48226.05,48243.2,48190.65,48203.15,97050
1705463100000,47015.2,47600.0,46402.0,46529.4,3592065
1705473900000,46535.85,46625.0,46050.7,46216.65,2011035
1705484700000,46208.85,46221.9,46142.0,46200.3,343410
1705549500000,45699.95,46358.4,45600.0,46333.4,2237865
1705560300000,46335.0,46352.0,45634.35,45850.0,1649670
1705571100000,45849.05,45930.0,45824.0,45880.4,115560
1705635900000,46155.55,46337.85,45870.0,45963.9,1714785
1705646700000,45972.1,46020.45,45584.35,45791.15,1294785
1705657500000,45799.6,45839.45,45785.0,45835.0,143205
1705722300000,46050.0,46059.15,45800.2,45965.0,767175
1705733100000,45958.0,46190.0,45760.0,46141.55,884595
1705743900000,46156.0,46210.0,46140.05,46190.0,128880
1705981500000,46506.05,46525.5,45026.65,45085.0,2306940
1705992300000,45087.45,45383.65,44835.25,44906.35,1239525
1706003100000,44901.9,44962.7,44877.4,44940.0,163695
1706067900000,44500.0,45550.0,44499.85,44654.15,2484075
1706078700000,44658.8,45233.15,44553.85,45179.25,1970130
1706089500000,45163.5,45222.95,45111.7,45132.0,132195
1706154300000,45096.9,45138.8,44472.95,44534.35,1267530
1706165100000,44540.0,44805.0,44404.0,44796.3,1287285
1706175900000,44787.6,44869.0,44787.6,44861.95,256260
1706499900000,45500.0,46039.0,45453.95,45846.5,2495670
1706510700000,45845.05,45907.55,45464.75,45841.35,1441800
1706521500000,45832.35,45898.95,45832.35,45851.55,229065
1706586300000,45850.25,45930.0,45550.0,45748.55,1226880
1706597100000,45747.05,45818.9,45422.35,45727.9,1111965
1706607900000,45733.65,45749.95,45559.75,45592.7,167430
1706672700000,45579.0,46444.5,45405.55,46311.0,2473005
1706683500000,46313.75,46400.0,46122.0,46322.0,1193805
1706694300000,46320.6,46347.0,46270.0,46326.0,227955
1706759100000,46351.15,46444.4,45882.25,46338.45,2238165
1706769900000,46329.5,46581.0,46160.0,46391.1,1666740
1706780700000,46386.2,46508.1,46386.2,46458.5,233055
1706845500000,46725.0,47145.5,46688.05,46993.5,1969920
1706856300000,46994.1,47030.75,46202.0,46221.25,2124885
1706867100000,46225.0,46246.7,46160.0,46181.45,306975
1707104700000,46100.0,46295.0,45867.05,46156.1,1573290
1707115500000,46154.0,46348.95,45917.3,46036.25,1213590
1707126300000,46055.5,46059.15,45958.35,45958.35,147435
1707191100000,45959.55,46165.0,45740.0,46078.85,1579470
1707201900000,46078.3,46085.15,45857.85,45923.15,797850
1707212700000,45926.7,46030.0,45901.0,46030.0,154110
1707277500000,46201.05,46296.0,45901.0,45969.05,1395615
1707288300000,45967.25,46125.0,45944.1,46123.5,906960
1707299100000,46122.5,46249.85,46092.25,46230.0,406485
1707363900000,46276.25,46475.7,45463.2,45700.0,2605665
1707374700000,45691.0,45761.0,45053.2,45185.0,1203405
1707385500000,45195.3,45333.9,45140.25,45278.75,249495
1707450300000,45179.85,45699.0,45110.15,45583.4,1663695
1707461100000,45580.15,45975.0,45452.0,45860.2,1429185
1707471900000,45860.05,45964.85,45859.2,45958.65,205905
1707709500000,45949.9,45999.9,45142.0,45217.7,1656840
1707720300000,45216.95,45250.0,44803.75,45030.9,1506180
1707731100000,45030.15,45106.0,44995.8,45087.55,178215
1707795900000,45205.35,45688.0,45011.3,45224.65,2049225
1707806700000,45234.95,46012.0,45126.0,45817.05,2140260
1707817500000,45818.45,45830.05,45618.1,45670.0,292080
1707882300000,45199.95,45665.5,45021.1,45576.4,2531685
1707893100000,45585.45,46350.0,45580.85,45977.3,2888550
1707903900000,45971.4,46188.85,45939.85,46170.0,336810
1707968700000,46250.0,46250.0,45678.9,46160.0,1897185
1707979500000,46159.85,46397.8,45981.8,46350.65,1097070
1707990300000,46350.9,46465.25,46287.2,46439.4,289185
1708055100000,46580.0,46624.6,46350.0,46570.25,1001220
1708065900000,46568.35,46885.75,46436.35,46483.35,1406760
1708076700000,46490.4,46517.0,46452.8,46475.0,198405
1708314300000,46599.0,46882.3,46403.0,46798.35,1171440
1708325100000,46795.8,46885.0,46545.95,46640.0,989430
1708335900000,46634.7,46718.75,46620.4,46652.0,134445
1708400700000,46648.0,47078.0,46464.35,47014.15,1490295
1708411500000,47014.25,47210.0,46842.0,47176.1,1189875
1708422300000,47170.1,47225.2,47161.45,47224.05,205680
1708487100000,47400.05,47400.05,46964.0,47155.0,1711860
1708497900000,47156.45,47330.0,47010.0,47112.0,1304805
1708508700000,47111.75,47123.4,46900.85,46920.0,328470
1708573500000,46999.9,47089.0,46506.0,46681.55,1737990
1708584300000,46679.05,47020.4,46570.5,46987.35,1285260
1708595100000,46982.5,47020.0,46965.05,46989.25,214680
1708659900000,47100.0,47399.0,46936.45,47082.55,1695645
1708670700000,47079.3,47210.0,46783.65,46894.0,1099515
1708681500000,46892.1,46904.55,46764.55,46798.2,258435
1708919100000,46694.7,46934.6,46567.0,46615.4,1147155
1708929900000,46615.4,46895.0,46526.0,46605.1,1172520
1708940700000,46605.1,46619.0,46565.05,46565.05,152145
1709005500000,46545.0,46670.0,46310.3,46469.25,1129155
1709016300000,46470.0,46745.0,46384.9,46564.25,1082700
1709027100000,46568.1,46630.0,46550.6,46596.35,124545
1709091900000,46602.05,46767.1,45980.0,46213.3,2034795
1709102700000,46213.7,46262.7,45792.3,45858.05,1158255
1709113500000,45859.15,45859.8,45774.45,45777.0,293775
1709178300000,45827.9,46140.5,45616.65,45856.75,1104300
1709189100000,45858.05,46387.85,45770.05,46116.95,1409805
1709199900000,46114.6,46151.0,46087.45,46119.5,153000
1709264700000,46675.0,47269.6,46629.8,47201.75,1858215
1709275500000,47208.5,47637.4,47178.05,47617.25,1384440
1709286300000,47611.3,47623.75,47510.0,47598.85,270195
1709351100000,47625.0,47700.0,47355.55,47656.0,335745
1709361900000,47656.0,47677.4,47650.0,47665.0,55920
1709523900000,47625.0,47780.0,47424.1,47514.75,1231665
1709534700000,47514.1,47749.0,47475.7,47707.4,728955
1709545500000,47702.0,47734.1,47582.7,47689.0,123615
1709610300000,47535.05,47714.0,47487.0,47635.0,917055
1709621100000,47639.25,48048.2,47609.0,47910.7,1307580
1709631900000,47913.3,47929.55,47879.05,47903.9,107460
1709696700000,47705.3,48344.95,47705.3,48193.1,1915260
1709707500000,48190.25,48324.0,48035.3,48090.05,1712220
1709718300000,48097.4,48166.25,48074.55,48115.0,265380
1709783100000,48200.0,48202.35,47905.0,48000.0,1083855
1709793900000,48002.1,48182.95,47934.0,47995.5,758085
1709804700000,47999.95,48002.5,47880.3,47900.0,254250
1710128700000,47898.0,47978.4,47488.0,47514.0,1155225
1710139500000,47520.85,47606.25,47403.3,47502.35,1036365
1710150300000,47502.75,47507.85,47449.0,47465.05,126645
1710215100000,47499.9,48034.0,47162.55,47460.0,2810400
1710225900000,47465.4,47738.9,47443.0,47503.6,923970
1710236700000,47506.85,47539.9,47497.1,47523.0,123840
1710301500000,47600.0,47684.3,47261.0,47295.75,1379355
1710312300000,47294.35,47375.0,47003.7,47007.4,1448775
1710323100000,47008.0,47083.8,46947.55,47011.95,270750
1710387900000,47000.0,47447.0,46791.0,47368.8,1535340
1710398700000,47369.35,47420.0,46918.0,47017.15,984495
1710409500000,47020.0,47061.0,46942.5,47008.8,133890
1710474300000,46825.0,46987.2,46440.25,46551.4,1441980
1710485100000,46547.25,46940.0,46515.0,46647.3,1159215
1710495900000,46648.2,46731.0,46640.0,46681.35,172965
1710733500000,46649.95,46808.9,46210.0,46728.4,1433745
1710744300000,46733.8,46900.0,46652.0,46709.05,838800
1710755100000,46710.25,46792.85,46710.25,46785.0,104970
1710819900000,46679.55,46777.0,46450.0,46569.75,1076145
1710830700000,46563.65,46638.9,46364.0,46417.05,685995
1710841500000,46414.45,46450.0,46407.15,46416.6,106275
1710906300000,46475.0,46699.0,46002.0,46420.0,1673535
1710917100000,46420.0,46789.55,46376.5,46456.9,1620840
1710927900000,46458.5,46490.65,46411.6,46460.0,178560
1710992700000,46726.25,47142.0,46675.0,46685.5,1677585
1711003500000,46682.5,46888.5,46629.85,46793.8,660765
1711014300000,46793.0,46811.0,46783.05,46805.0,138600
1711079100000,46719.7,47025.0,46610.0,46918.0,1355385
1711089900000,46921.7,47075.0,46865.0,46903.6,639105
1711100700000,46905.8,46950.0,46902.55,46930.0,97065
1711424700000,46805.4,46878.1,46610.3,46769.0,891720
1711435500000,46769.9,46837.15,46650.55,46710.0,673845
1711446300000,46710.0,46730.0,46705.0,46722.5,151515
1711511100000,46708.3,46960.9,46705.35,46764.0,1078140
1711521900000,46764.7,46799.0,46649.05,46755.0,741525
1711532700000,46754.35,46804.65,46753.45,46783.35,285855
1711597500000,47549.5,47755.0,47264.8,47612.3,1883265
1711608300000,47620.0,47763.0,47405.75,47491.85,931125
1711619100000,47495.1,47608.0,47475.0,47600.0,229545
1711943100000,47702.95,47944.7,47647.65,47865.0,1661220
1711953900000,47865.0,47898.0,47790.05,47897.75,1049685
1711964700000,47885.0,47947.25,47882.6,47940.0,245025
1712029500000,47805.4,48051.0,47750.15,47984.55,1025910
1712040300000,47985.7,48024.95,47838.3,47894.15,500580
1712051100000,47899.8,47903.1,47880.0,47885.0,76125
1712115900000,47699.0,47936.0,47580.0,47935.75,1082295
1712126700000,47928.75,47967.0,47838.1,47902.95,621510
1712137500000,47895.15,47940.0,47895.15,47931.1,163845
1712202300000,48185.0,48323.5,47920.0,48022.15,1403850
1712213100000,48017.9,48288.0,48015.85,48178.0,961005
1712223900000,48179.6,48269.4,48177.05,48268.45,170565
1712288700000,48170.0,48400.0,48014.05,48351.4,1019910
1712299500000,48361.45,48725.0,48281.4,48680.5,1027470
1712310300000,48680.4,48707.4,48651.0,48685.75,245715
1712547900000,48705.1,48783.95,48567.05,48693.75,739320
1712558700000,48697.25,48847.0,48616.85,48708.95,600420
1712569500000,48701.55,48708.95,48677.0,48678.1,72060
1712634300000,48857.0,49074.95,48715.0,49013.25,974760
1712645100000,49015.0,49031.95,48622.05,48794.6,873210
1712655900000,48794.65,48825.0,48785.0,48805.05,82935
1712720700000,48901.1,49028.0,48760.05,48975.8,813315
1712731500000,48971.5,49086.0,48912.0,49009.5,882570
1712742300000,49009.9,49016.85,48968.0,48975.0,195030
1712893500000,48751.0,48914.75,48666.1,48882.05,1009845
1712904300000,48885.75,48888.7,48670.1,48715.0,652260
1712915100000,48718.25,48743.0,48680.6,48700.0,127065
1713152700000,47573.75,48449.85,47573.75,48243.4,1346310
1713163500000,48240.0,48258.7,47820.65,47861.75,862110
1713174300000,47862.5,47894.8,47824.8,47829.0,111735
1713239100000,47750.0,47750.0,47422.0,47596.0,1109550
1713249900000,47598.95,47660.7,47530.0,47659.35,534645
1713260700000,47660.75,47734.9,47660.0,47710.5,198150
1713411900000,47750.0,47953.85,47551.05,47700.0,1001595
1713422700000,47700.0,47793.0,47040.0,47067.0,1503315
1713433500000,47074.55,47297.55,47074.0,47180.05,242250
1713498300000,46865.0,47125.0,46611.2,47013.75,1233405
1713509100000,47010.2,47682.35,46991.25,47600.0,1387980
1713519900000,47601.15,47645.0,47561.0,47631.0,135735
1713757500000,47990.0,48000.0,47596.45,47794.4,1244355
1713768300000,47798.95,48020.05,47685.05,48013.2,872970
1713779100000,48010.05,48037.85,47968.25,48033.0,170895
1713843900000,48175.55,48175.55,47925.0,48075.35,822300
1713854700000,48078.35,48092.0,47895.05,48008.3,610500
1713865500000,48006.0,48023.9,47962.05,47962.2,89925
1713930300000,48102.1,48232.25,48000.0,48182.3,746205
1713941100000,48174.4,48236.7,48164.4,48192.0,678420
1713951900000,48199.05,48199.05,48185.85,48196.1,140925
1714016700000,48005.4,48527.5,47999.9,48340.0,1206960
1714027500000,48336.55,48732.6,48317.25,48635.25,853620
1714038300000,48639.25,48657.2,48572.6,48643.15,143040
1714103100000,48660.0,48798.9,48483.1,48541.95,935535
1714113900000,48548.45,48660.0,48265.15,48335.8,722130
1714124700000,48337.55,48499.95,48337.55,48490.0,166275
1714362300000,48555.0,49126.1,48497.5,49090.0,1466505
1714373100000,49090.0,49581.45,49068.0,49570.05,1604370
1714383900000,49568.0,49570.0,49525.0,49563.85,222630
1714448700000,49600.0,49675.8,49421.0,49543.0,1162800
1714459500000,49543.0,49927.45,49422.0,49447.15,1984140
1714470300000,49432.2,49432.2,49380.0,49398.95,299445
1714621500000,49300.2,49588.0,49170.85,49333.7,1133445
1714632300000,49349.25,49448.45,49260.8,49374.05,422205
1714643100000,49374.4,49434.95,49368.9,49400.0,113055
1714707900000,49506.05,49650.0,49007.0,49101.2,1447590
1714718700000,49102.95,49329.85,48870.0,49113.65,1180350
1714729500000,49115.0,49166.0,49045.45,49055.0,204585
1714967100000,49240.0,49420.0,49034.0,49268.15,1313190
1714977900000,49259.1,49269.1,48885.0,49049.1,867315
1714988700000,49049.3,49064.2,49031.35,49059.95,61260
1715053500000,49075.05,49099.4,48311.2,48411.0,1717650
1715064300000,48407.55,48575.5,48285.5,48369.5,736650
1715075100000,48372.6,48422.0,48320.0,48330.05,169710
1715139900000,48299.0,48354.1,48011.4,48250.25,1303350
1715150700000,48258.0,48345.2,48111.2,48179.35,837975
1715161500000,48176.25,48230.0,48157.85,48221.0,268050
1715226300000,48235.0,48367.25,47787.0,48006.6,1153710
1715237100000,48008.05,48050.8,47636.0,47636.0,1130730
1715247900000,47644.95,47702.0,47636.0,47668.0,172440
1715312700000,47706.0,48090.0,47605.0,47852.55,1124100
1715323500000,47850.0,47874.0,47479.85,47586.85,800040
1715334300000,47590.05,47624.1,47580.1,47607.95,101475
1715571900000,47600.0,47644.0,47200.0,47539.15,1308990
1715582700000,47538.25,48061.0,47383.9,47965.15,1395660
1715593500000,47961.95,48075.0,47955.05,48063.0,131955
1715658300000,48075.0,48123.15,47825.1,47992.1,882930
1715669100000,47996.55,48225.0,47954.1,48082.0,709770
1715679900000,48080.05,48126.65,48072.3,48074.95,133530
1715744700000,48091.65,48145.15,47770.05,47864.0,1116360
1715755500000,47854.8,47944.4,47731.0,47924.35,671730
1715766300000,47920.0,47929.6,47887.0,47905.75,189585
1715831100000,48047.9,48175.0,47063.65,48019.95,1718775
1715841900000,48020.0,48104.8,47525.0,48079.0,1317345
1715852700000,48067.9,48164.85,48065.15,48148.95,270135
1715917500000,48140.05,48348.0,47930.0,48133.1,1102095
1715928300000,48131.05,48275.0,48088.7,48197.65,512415
1715939100000,48191.65,48252.0,48191.65,48221.0,109665
1716003900000,48299.0,48300.05,48163.55,48285.4,158475
1716014700000,48286.2,48299.0,48280.0,48280.9,34620
1716263100000,48174.1,48347.5,48054.0,48304.1,745425
1716273900000,48301.3,48420.0,48116.9,48139.45,675390
1716284700000,48151.25,48179.85,48094.25,48110.3,433155
1716349500000,48190.0,48193.0,47778.65,47871.0,1980075
1716360300000,47869.0,47983.95,47611.1,47983.95,1198275
1716371100000,47978.95,48104.55,47975.25,48088.3,411225
1716435900000,48055.3,48619.95,48000.0,48599.0,1718250
1716446700000,48600.1,48924.45,48570.55,48878.7,1239840
1716457500000,48879.3,48888.0,48804.05,48866.8,377250
1716522300000,48838.65,49017.95,48702.05,48880.3,1360530
1716533100000,48881.3,49115.9,48832.0,49067.35,704400
1716543900000,49063.9,49078.75,49030.15,49032.35,135420
1716781500000,49124.0,49703.6,49073.05,49688.5,1050270
1716792300000,49684.2,49840.0,49050.0,49348.9,1177890
1716803100000,49347.6,49386.95,49260.0,49335.0,155250
1716867900000,49400.0,49537.4,49164.0,49194.2,960765
1716878700000,49194.2,49376.45,49106.3,49190.0,764400
1716889500000,49190.0,49209.95,49118.0,49131.35,212040
1716954300000,48948.9,49054.65,48525.0,48598.65,1315605
1716965100000,48596.0,48660.2,48423.8,48501.55,1119645
1716975900000,48500.25,48508.65,48481.95,48507.95,273690
1717040700000,48990.0,49317.5,48810.0,49035.0,1653795
1717051500000,49035.1,49480.0,48877.05,49028.6,1630575
1717062300000,49035.35,49188.4,49020.0,49144.45,241635
1717127100000,49200.0,49340.0,48850.25,48964.0,1541325
1717137900000,48956.1,49440.0,48936.75,49294.75,1477515
1717148700000,49295.6,49444.0,49295.6,49398.85,303195
1717386300000,50606.05,51145.0,50352.0,51099.9,2785230
1717397100000,51093.4,51225.0,50938.4,51222.75,1200090
1717407900000,51222.0,51486.0,51222.0,51475.0,374175
1717472700000,50800.0,51098.0,46322.15,46922.3,6483405
1717483500000,46961.3,48222.0,46184.95,47148.05,3537255
1717494300000,47173.35,47295.0,47088.95,47275.05,273750
1717559100000,47400.0,48224.1,46781.7,47915.2,4059255
1717569900000,47911.95,49473.75,47897.55,49161.55,3718725
1717580700000,49167.85,49194.95,48921.55,48992.9,410325
1717645500000,49335.3,49751.5,49140.25,49357.95,2037135
1717656300000,49344.95,49538.25,49060.0,49472.0,1276005
1717667100000,49468.85,49477.0,49324.45,49435.25,217875
1717731900000,49130.0,50025.0,48547.0,49920.25,2090520
1717742700000,49921.65,50005.7,49742.5,49878.3,1085460
1717753500000,49878.65,49946.75,49863.45,49930.0,239085
1717991100000,49995.5,50289.75,49680.0,49895.95,1585860
1718001900000,49893.1,50158.15,49722.35,49802.5,885045
1718012700000,49803.0,49803.6,49616.9,49649.95,216690
1718077500000,49639.9,50020.0,49572.0,49882.7,1193895
1718088300000,49882.0,50080.0,49777.0,49780.15,797460
1718099100000,49780.0,49780.15,49716.95,49735.0,245985
1718163900000,49791.95,50289.95,49739.8,50059.8,1486110
1718174700000,50059.8,50080.0,49881.0,49941.7,1066395
1718185500000,49942.3,49955.0,49850.0,49860.0,332385
1718250300000,50101.0,50155.8,49900.0,49991.9,879240
1718261100000,49991.6,50045.55,49850.4,49882.6,449580
1718271900000,49880.85,49950.0,49880.85,49927.3,94095
1718336700000,50000.0,50175.0,49750.0,50040.05,1129515
1718347500000,50041.6,50100.0,49968.0,50049.0,479625
1718358300000,50045.0,50057.1,50005.0,50029.0,93510
1718682300000,50190.85,50382.8,49990.0,50345.0,1269240
1718693100000,50345.0,50449.0,50302.2,50406.0,548460
1718703900000,50408.0,50439.45,50405.0,50430.0,157635
1718768700000,50462.25,51184.25,50444.1,51048.0,2757810
1718779500000,51075.0,51885.55,50988.65,51356.7,2789115
1718790300000,51356.05,51467.8,51315.65,51467.8,298110
1718855100000,51630.9,51730.5,51212.0,51594.85,1535070
1718865900000,51600.0,51800.0,51516.35,51724.0,723645
1718876700000,51730.0,51786.8,51711.0,51762.0,131775
1718941500000,51821.0,51821.0,51436.15,51518.0,1003545
1718952300000,51514.0,51748.9,51273.5,51578.0,1475025
1718963100000,51575.95,51628.85,51532.0,51594.0,134850
1719200700000,51294.7,51775.0,51150.0,51665.0,1495410
1719211500000,51663.65,51864.75,51608.75,51744.0,707085
1719222300000,51745.7,51796.85,51732.1,51791.95,134655
1719287100000,51799.95,52220.0,51768.8,52138.55,1116030
1719297900000,52141.55,52691.7,52107.3,52596.9,1293780
1719308700000,52605.0,52718.25,52584.95,52626.3,137895
1719373500000,52626.85,52990.0,52255.55,52920.7,1075335
1719384300000,52919.6,52978.7,52737.75,52885.0,947010
1719395100000,52888.0,52901.6,52865.1,52879.0,195270
1719459900000,52800.0,53221.0,52670.0,53057.5,1483485
1719470700000,53068.0,53082.3,52806.65,52918.75,616680
1719481500000,52911.45,52948.2,52867.75,52870.0,156675
1719546300000,52899.95,53050.0,52741.15,52790.05,947355
1719557100000,52790.0,52880.0,52490.25,52512.4,1300545
1719567900000,52505.05,52555.0,52438.15,52527.55,217275
1719805500000,52524.0,52779.9,52301.0,52694.65,1099890
1719816300000,52703.8,52813.65,52647.35,52726.85,459675
1719827100000,52723.75,52743.5,52670.0,52714.9,110520
1719891900000,52850.05,52924.85,52284.3,52355.0,1502040
1719902700000,52350.45,52466.65,52184.2,52351.8,870225
1719913500000,52346.0,52395.0,52340.7,52372.35,134280
1719978300000,52855.3,53249.0,52594.2,53085.0,2726355
1719989100000,53090.7,53193.15,53066.25,53074.6,1014120
1719999900000,53074.6,53106.2,53074.6,53085.0,258525
1720064700000,53251.05,53301.1,52831.0,52986.55,1165155
1720075500000,52990.0,53271.3,52955.0,53169.1,645240
1720086300000,53161.45,53190.0,53140.2,53180.0,80505
1720151100000,52998.6,52998.6,52300.0,52639.5,2017680
1720161900000,52638.0,52789.25,52521.0,52738.4,545640
1720172700000,52737.05,52760.0,52680.4,52700.5,105180
1720410300000,52611.0,52802.85,52352.0,52380.0,1316445
1720421100000,52372.3,52630.0,52350.1,52550.0,530325
1720431900000,52535.25,52596.7,52530.0,52580.0,114210
1720496700000,52500.0,52743.7,52500.0,52676.4,709410
1720507500000,52679.4,52693.0,52591.1,52631.95,325695
1720518300000,52641.7,52659.0,52568.15,52570.1,156720
1720583100000,52542.05,52606.55,52204.9,52270.75,1454910
1720593900000,52265.0,52371.0,52214.8,52321.0,768060
1720604700000,52323.35,52344.6,52300.15,52325.0,136740
1720669500000,52399.95,52470.0,51860.0,52024.0,1464735
1720680300000,52015.35,52495.0,52005.3,52450.05,1095750
1720691100000,52459.25,52465.0,52422.1,52450.6,128880
1720755900000,52466.4,52847.15,52280.0,52625.0,1613040
1720766700000,52630.0,52698.0,52303.95,52303.95,628890
1720777500000,52311.2,52401.0,52270.0,52397.25,199845
1721015100000,52394.0,52548.5,52238.05,52456.05,1137960
1721025900000,52437.05,52721.35,52362.0,52629.3,845805
1721036700000,52627.8,52651.1,52612.0,52641.0,112500
1721101500000,52650.0,52719.75,52448.3,52527.6,705135
1721112300000,52517.9,52595.65,52451.05,52535.6,465375
1721123100000,52530.25,52561.05,52488.9,52540.0,118755
1721274300000,52431.95,52780.0,52282.15,52530.0,1573560
1721285100000,52530.0,52835.0,52461.0,52670.0,929145
1721295900000,52671.7,52705.0,52645.0,52657.25,97410
1721360700000,52535.0,52640.0,52131.95,52345.0,1406970
1721371500000,52346.35,52377.0,52201.0,52287.0,618495
1721382300000,52287.1,52295.4,52230.0,52250.0,190290
1721619900000,52100.0,52435.35,51932.25,52238.0,1146180
1721630700000,52232.0,52335.9,52182.0,52298.0,360435
1721641500000,52294.6,52316.3,52270.0,52307.55,86670
1721706300000,52405.3,52462.75,51900.0,52200.15,1142655
1721717100000,52190.0,52222.05,51411.0,51780.0,2634540
1721727900000,51780.0,51820.0,51717.0,51770.0,131505
1721792700000,51611.15,51974.85,51151.3,51205.0,1864455
1721803500000,51201.0,51550.15,50921.0,51366.95,1687545
1721814300000,51365.95,51500.0,51356.95,51485.0,195315
1721879100000,50966.0,51104.95,50601.0,50907.9,1220490
1721889900000,50919.55,50999.95,50806.0,50940.85,394335
1721900700000,50943.45,50954.9,50905.0,50920.0,72210
1721965500000,50650.0,51029.5,50605.0,50924.35,967425
1721976300000,50924.35,51389.0,50907.2,51310.1,948705
1721987100000,51315.0,51315.0,51221.2,51310.0,114990
1722224700000,51557.5,52381.75,51380.1,51931.4,1407630
1722235500000,51916.0,51946.4,51240.25,51368.7,1390170
1722246300000,51366.15,51419.95,51345.05,51400.15,82290
1722311100000,51349.0,51750.0,51226.7,51640.45,875175
1722321900000,51634.5,51938.0,51429.45,51502.7,823665
1722332700000,51500.0,51537.0,51460.05,51470.0,81480
1722397500000,51520.35,51657.0,51355.0,51463.2,619845
1722408300000,51464.95,51565.0,51307.3,51530.6,646005
1722419100000,51531.95,51557.0,51531.95,51550.7,99975
1722483900000,51990.0,52080.0,51868.1,51900.1,818775
1722494700000,51901.15,51910.0,51635.0,51740.95,725115
1722505500000,51742.35,51809.0,51742.35,51773.0,166125
1722570300000,51405.0,51727.9,51151.6,51624.5,1439130
1722581100000,51614.0,51736.9,51400.5,51430.0,767940
1722591900000,51430.0,51466.0,51412.55,51436.0,143370
1722829500000,50678.0,50976.95,49843.25,50133.85,2475420
1722840300000,50148.0,50345.8,49954.7,50234.5,1036320
1722851100000,50232.25,50254.0,50155.25,50166.1,151920
1722915900000,50499.9,50767.8,50080.8,50316.0,1425990
1722926700000,50335.7,50341.45,49815.8,49917.9,1027485
1722937500000,49925.0,49934.1,49893.2,49920.05,158445
1723002300000,50391.7,50391.7,49950.0,50045.4,1452045
1723013100000,50043.35,50375.0,50015.0,50361.55,1167165
1723023900000,50361.4,50400.0,50337.4,50400.0,231840
1723088700000,50240.0,50500.0,49980.0,50500.0,1368555
1723099500000,50511.0,50531.9,50186.95,50207.75,672540
1723110300000,50216.3,50235.0,50175.9,50190.0,159360
1723175100000,50635.5,50795.1,50479.05,50595.1,1163805
1723185900000,50598.05,50699.0,50534.9,50565.95,457065
1723196700000,50571.05,50581.65,50550.0,50570.0,108630
1723434300000,50499.95,50986.2,50341.5,50811.25,1503210
1723445100000,50819.45,50998.0,50652.3,50724.95,746835
1723455900000,50729.95,50750.0,50718.05,50750.0,161250
1723520700000,50600.0,50746.1,50421.2,50474.1,1044795
1723531500000,50465.2,50474.7,50005.7,50012.85,1497015
1723542300000,50015.0,50085.0,50012.0,50085.0,151185
1723607100000,50099.0,50300.0,49865.9,49978.05,939240
1723617900000,49978.0,50015.0,49911.65,49956.05,473970
1723628700000,49955.0,49964.7,49942.85,49960.0,181845
1723779900000,50250.25,50977.0,49960.05,50478.2,1771470
1723790700000,50480.0,50733.0,50411.0,50641.85,1155450
1723801500000,50636.95,50645.9,50595.2,50632.0,173895
1724039100000,50705.55,50814.75,50451.0,50535.8,1103865
1724049900000,50544.35,50589.3,50427.0,50470.0,474090
1724060700000,50471.75,50520.0,50471.75,50496.0,93585
1724125500000,50554.95,51018.4,50506.2,50997.3,1346730
1724136300000,50997.3,51080.95,50872.0,50874.8,745080
1724147100000,50873.9,50903.3,50865.0,50868.0,178335
1724211900000,50832.0,50890.0,50463.0,50680.6,1730370
1724222700000,50673.25,50810.0,50476.75,50786.85,1092990
1724233500000,50786.3,50849.45,50782.05,50840.0,237735
1724298300000,50955.6,51142.45,50851.05,51034.55,941700
1724309100000,51032.1,51132.75,50946.0,51043.9,668430
1724319900000,51036.15,51045.05,51025.0,51027.25,99420
1724384700000,51049.95,51154.45,50889.0,51038.0,777105
1724395500000,51035.0,51068.0,50919.9,50968.45,437430
1724406300000,50965.4,50984.95,50960.0,50979.6,132000
1724643900000,51148.0,51378.5,51020.0,51250.5,1026780
1724654700000,51250.0,51330.2,51184.0,51219.0,648855
1724665500000,51219.0,51250.0,51209.65,51209.65,101325
1724730300000,51247.7,51370.0,50931.5,51274.65,1472940
1724741100000,51270.15,51388.55,51235.0,51260.5,651675
1724751900000,51260.5,51276.2,51210.3,51215.6,88905
1724816700000,51421.0,51421.0,51065.0,51185.2,947835
1724827500000,51192.8,51252.25,51130.0,51157.95,770025
1724838300000,51157.95,51157.95,51135.6,51143.7,218655
1724903100000,51395.15,51610.0,51311.6,51566.8,896775
1724913900000,51569.95,51670.0,51346.4,51477.05,997785
1724924700000,51470.75,51500.0,51469.0,51492.0,102585
1724989500000,51500.5,51715.0,51500.5,51686.85,750495
1725000300000,51686.85,51729.0,51642.7,51677.3,517125
1725011100000,51670.05,51675.3,51640.0,51650.0,201225
1725248700000,51755.05,51820.0,51540.9,51588.35,687765
1725259500000,51583.7,51733.3,51519.35,51648.05,765420
1725270300000,51648.05,51657.35,51627.0,51651.0,102915
1725335100000,51646.0,51692.0,51525.0,51640.65,484710
1725345900000,51646.3,51885.0,51600.0,51858.6,934920
1725356700000,51860.1,51863.8,51821.3,51849.95,244455
1725421500000,51535.35,51703.95,51535.35,51665.0,954720
1725432300000,51674.9,51689.55,51590.6,51620.2,530340
1725443100000,51621.0,51627.0,51595.0,51606.3,137535
1725507900000,51675.0,51760.0,51641.05,51718.05,519660
1725518700000,51725.0,51775.0,51700.0,51743.8,260550
1725529500000,51744.3,51747.8,51709.9,51720.0,100050
1725594300000,51530.0,51670.0,51033.05,51125.0,1681890
1725605100000,51121.3,51169.75,50610.0,50763.35,960075
1725615900000,50763.8,50855.8,50763.8,50770.0,193095
1725853500000,50761.0,51077.0,50255.55,50865.85,1093800
1725864300000,50866.4,51330.0,50770.85,51261.0,932880
1725875100000,51270.0,51300.0,51236.0,51293.8,190275
1725939900000,51403.2,51427.4,51135.05,51359.0,859710
1725950700000,51355.0,51496.0,51259.2,51380.1,718050
1725961500000,51380.0,51400.0,51368.1,51385.0,113070
1726026300000,51300.0,51519.0,51200.0,51319.0,1034805
1726037100000,51322.55,51340.0,51086.7,51101.6,817185
1726047900000,51107.5,51150.0,51098.35,51135.0,103680
1726112700000,51320.0,51397.0,51150.0,51318.6,737805
1726123500000,51311.55,51880.0,51252.75,51827.25,1520550
1726134300000,51824.3,51824.3,51650.0,51711.0,215880
1726199100000,51944.7,51973.8,51692.0,51930.0,874845
1726209900000,51925.0,52044.0,51851.0,51945.0,654750
1726220700000,51945.05,51952.5,51907.25,51917.0,107820
1726458300000,51970.0,52276.95,51970.0,52160.0,799815
1726469100000,52151.0,52299.0,52101.65,52255.0,421890
1726479900000,52253.45,52270.0,52253.1,52265.0,85245
1726544700000,52271.5,52350.0,52185.0,52299.95,597510
1726555500000,52298.6,52357.5,52290.0,52305.0,317430
1726566300000,52305.05,52308.35,52271.95,52271.95,112590
1726631100000,52205.15,52832.0,52205.15,52811.55,1161960
1726641900000,52810.2,52999.0,52701.0,52795.65,1253100
1726652700000,52801.0,52808.0,52686.05,52718.65,317085
1726717500000,52849.0,53447.05,52833.15,53026.35,1458465
1726728300000,53024.5,53207.1,52985.0,53193.35,450870
1726739100000,53192.05,53200.0,53135.0,53198.0,103725
1726803900000,53325.15,53600.0,53091.0,53532.3,1065405
1726814700000,53535.0,53640.0,53145.05,53640.0,1126290
1726825500000,53635.2,53643.95,53522.9,53596.0,223020
1727063100000,53900.05,53987.8,53661.0,53938.8,822450
1727073900000,53933.5,54252.1,53906.35,54049.05,767445
1727084700000,54052.65,54109.9,54052.25,54071.0,100350
1727149500000,54058.0,54194.0,53954.0,54084.4,740700
1727160300000,54080.0,54200.0,53968.35,54022.6,551250
1727171100000,54022.5,54067.4,54015.6,54017.1,79425
1727235900000,53897.3,54109.0,53871.05,54025.05,603375
1727246700000,54028.25,54115.25,54015.75,54108.3,839010
1727257500000,54108.3,54109.95,54093.8,54109.15,116625
1727322300000,54280.0,54494.05,54280.0,54478.0,535200
1727333100000,54478.0,54640.0,54381.0,54545.0,666990
1727343900000,54546.2,54552.5,54490.0,54498.0,120540
1727408700000,54503.0,54587.1,54422.65,54460.5,623115
1727419500000,54459.15,54471.45,54125.0,54207.4,895770
1727430300000,54215.8,54254.6,54200.0,54210.0,113910
1727667900000,54000.0,54042.4,53451.15,53529.45,1384230
1727678700000,53529.3,53570.0,53366.0,53452.0,687900
1727689500000,53452.0,53470.95,53423.35,53423.35,147840
1727754300000,53388.95,53645.0,53252.0,53446.55,1003365
1727765100000,53463.2,53489.7,53330.25,53379.65,621705
1727775900000,53366.1,53391.85,53364.9,53391.85,121710
1727927100000,52905.4,53050.0,52630.0,52683.15,1300695
1727937900000,52675.0,52687.0,52190.0,52390.0,1092210
1727948700000,52390.0,52410.0,52341.7,52405.9,156510
1728013500000,52264.8,52740.0,52162.0,52735.75,1368570
1728024300000,52737.95,52741.0,51771.2,51884.55,1269975
1728035100000,51884.6,51935.75,51867.15,51900.0,143670
1728272700000,51999.0,52140.0,51460.1,51566.0,1177845
1728283500000,51561.0,51778.25,50696.2,50900.0,2430780
1728294300000,50908.7,51110.0,50894.7,51047.15,264690
1728359100000,51132.05,51528.0,50878.05,51390.0,1245450
1728369900000,51396.7,51559.0,51252.8,51390.0,632700
1728380700000,51380.05,51439.2,51375.0,51435.0,76470
1728445500000,51460.0,52037.0,51311.3,51450.0,2081715
1728456300000,51455.1,51584.8,51316.75,51383.0,896685
1728467100000,51387.7,51419.25,51371.7,51409.0,166650
1728531900000,51510.0,51778.95,51431.0,51722.65,748725
1728542700000,51722.65,51930.0,51680.05,51791.5,592320
1728553500000,51790.35,51810.0,51750.5,51794.0,84690
1728618300000,51897.0,51897.0,51219.1,51331.2,1100790
1728629100000,51337.95,51513.05,51307.3,51353.85,394605
1728639900000,51363.7,51405.15,51351.0,51402.95,127290
1728877500000,51469.95,52055.0,51426.4,51960.0,1127865
1728888300000,51969.0,52089.0,51880.6,52012.05,469740
1728899100000,52022.0,52098.5,52006.5,52080.35,177750
1728963900000,52176.0,52241.0,51910.2,52084.6,904155
1728974700000,52071.7,52145.0,52002.0,52098.05,310215
1728985500000,52099.05,52150.0,52088.0,52145.0,89160
1729050300000,51944.7,52250.0,51944.7,52079.3,674025
1729061100000,52075.1,52141.7,52012.5,52037.05,402495
1729071900000,52053.55,52053.55,52023.0,52028.0,88650
1729136700000,52099.95,52160.0,51314.65,51478.65,1347165
1729147500000,51486.0,51537.85,51350.0,51474.5,344190
1729158300000,51474.0,51570.0,51470.05,51470.05,125415
1729223100000,51400.0,52073.05,51185.5,51974.1,1301760
1729233900000,51981.2,52420.0,51980.0,52275.0,1065375
1729244700000,52272.95,52360.0,52264.95,52360.0,183180
1729482300000,52462.05,52665.0,51986.0,51994.4,1321755
1729493100000,51980.0,52250.0,51936.05,52060.2,538710
1729503900000,52060.2,52070.0,51990.05,52003.5,97875
1729568700000,52105.3,52350.0,51680.3,51763.75,1101105
1729579500000,51755.15,51880.0,51365.65,51389.95,853695
1729590300000,51395.45,51438.95,51385.0,51412.8,168720
1729655100000,51305.35,51644.0,51218.4,51310.0,965430
1729665900000,51321.15,51410.0,51270.0,51349.0,504630
1729676700000,51340.0,51362.05,51316.6,51348.0,103530
1729741500000,51399.9,51896.9,51271.0,51691.95,1210455
1729752300000,51693.15,51726.1,51460.0,51624.15,632580
1729763100000,51624.15,51688.0,51617.85,51680.0,74340
1729827900000,51544.7,51633.7,50513.0,50687.5,1833780
1729838700000,50675.6,50888.8,50374.75,50836.2,741315
1729849500000,50856.55,50931.55,50856.55,50885.0,190500
1730087100000,51105.3,51597.7,51014.5,51563.2,1466895
1730097900000,51570.0,51588.0,51216.7,51377.75,688860
1730108700000,51374.95,51419.95,51347.0,51400.0,87075
1730173500000,51405.05,51775.45,51297.55,51770.0,954150
1730184300000,51774.4,52332.95,51712.2,52310.05,1089285
1730195100000,52316.65,52319.3,52273.3,52305.1,380985
1730259900000,52149.95,52244.0,51712.1,51951.0,954090
1730270700000,51948.0,52189.0,51775.0,51793.95,637890
1730281500000,51790.75,51806.4,51785.1,51805.25,220455
1730346300000,52201.85,52440.0,52060.0,52064.35,910035
1730357100000,52064.0,52085.25,51704.0,51916.5,813720
1730367900000,51917.0,52035.6,51917.0,52034.2,171450
1730464200000,51995.0,52075.0,51903.0,51925.8,274650
1730691900000,51950.0,51993.9,51288.1,51327.2,1156440
1730702700000,51327.2,51594.95,51302.9,51559.95,405795
1730713500000,51560.0,51569.9,51522.0,51540.0,65475
1730778300000,51500.0,51766.0,51217.9,51370.0,922410
1730789100000,51371.55,52465.8,51295.0,52390.0,1690230
1730799900000,52382.15,52397.95,52325.6,52345.0,157650
1730864700000,52588.0,52737.0,52437.5,52650.0,954960
1730875500000,52650.0,52739.9,52567.75,52630.0,587220
1730886300000,52630.0,52680.0,52623.0,52678.0,122310
1730951100000,52544.7,52630.0,52035.05,52173.0,1160460
1730961900000,52171.7,52375.0,52115.05,52161.05,345345
1730972700000,52157.65,52224.95,52157.65,52176.0,88890
1731037500000,52110.05,52275.0,51705.0,51751.1,949935
1731048300000,51750.65,52120.0,51723.6,51777.0,580995
1731059100000,51779.0,51820.0,51737.35,51750.0,110400
1731296700000,51605.4,52388.0,51519.35,52285.6,1156365
1731307500000,52288.65,52315.0,51976.3,52138.95,509310
1731318300000,52140.0,52152.7,52054.4,52075.0,64755
1731383100000,52162.1,52349.0,51811.55,51915.0,845835
1731393900000,51909.9,51948.95,51275.55,51339.0,1242885
1731404700000,51339.0,51410.0,51335.05,51350.0,156795
1731469500000,51199.9,51464.0,50792.3,50838.0,1267005
1731480300000,50839.0,51018.85,50164.05,50322.85,1315845
1731491100000,50325.0,50564.95,50322.35,50496.05,258240
1731555900000,50386.4,50732.55,50066.25,50505.65,1096125
1731566700000,50500.05,50500.35,50185.0,50299.4,579720
1731577500000,50289.8,50339.5,50282.0,50337.0,86580
1731901500000,50299.95,50488.0,50125.0,50461.5,710220
1731912300000,50474.3,50560.0,50344.3,50436.6,422835
1731923100000,50429.1,50507.0,50404.0,50408.0,70170
1731987900000,50555.55,51063.0,50520.2,50968.0,1045905
1731998700000,50968.0,51070.25,50558.9,50579.3,916590
1732009500000,50579.8,50613.05,50465.1,50471.4,267915
1732160700000,50500.05,50605.4,49817.3,50504.7,1554315
1732171500000,50517.95,50598.0,50181.55,50375.0,616920
1732182300000,50375.0,50492.35,50350.0,50470.0,116910
1732247100000,50580.0,51090.0,50523.2,50984.1,1248285
1732257900000,50986.7,51280.0,50913.85,51098.4,978255
1732268700000,51087.3,51130.7,51002.6,51124.0,132180
1732506300000,52000.0,52290.0,51720.0,52227.85,1352385
1732517100000,52234.0,52235.0,51938.8,52166.95,585840
1732527900000,52160.6,52219.0,52148.0,52198.15,237810
1732592700000,52399.0,52400.15,51980.1,52130.4,746505
1732603500000,52130.4,52320.35,52081.05,52241.9,500265
1732614300000,52250.0,52250.0,52188.0,52195.0,93930
1732679100000,52217.95,52417.0,52029.75,52374.95,750975
1732689900000,52373.75,52465.0,52293.55,52305.15,822000
1732700700000,52305.15,52310.95,52296.95,52304.0,133665
1732765500000,52689.95,53093.0,52380.45,52503.0,1685670
1732776300000,52486.25,52573.25,52200.0,52335.6,810420
1732787100000,52336.0,52374.65,52325.0,52340.0,132240
1732851900000,52389.85,52486.45,52035.45,52192.55,910830
1732862700000,52180.6,52439.5,52102.0,52350.0,520110
1732873500000,52343.4,52385.0,52343.4,52364.65,89250
1733111100000,52340.0,52399.0,52000.0,52086.35,725145
1733121900000,52085.0,52499.0,52085.0,52427.5,590565
1733132700000,52425.05,52430.0,52330.0,52382.55,86655
1733197500000,52515.0,52959.75,52452.2,52838.0,1117305
1733208300000,52835.0,52992.0,52775.0,52855.2,606360
1733219100000,52854.3,52888.85,52841.35,52888.85,98340
1733283900000,52855.3,53339.6,52850.0,53140.85,1044180
1733294700000,53138.9,53533.0,53100.0,53375.75,706875
1733305500000,53388.25,53408.0,53361.15,53393.2,124710
1733370300000,53459.95,53637.2,53060.05,53615.05,1037955
1733381100000,53635.0,53950.0,53480.0,53721.0,1117470
1733391900000,53725.95,53730.6,53681.0,53700.0,102525
1733456700000,53700.0,53995.0,53203.0,53783.95,2031570
1733467500000,53784.0,53848.8,53661.75,53736.05,342435
1733478300000,53730.0,53786.7,53690.0,53690.0,97410
1733715900000,53599.95,53900.0,53465.0,53772.8,854070
1733726700000,53765.05,53800.0,53480.0,53502.05,449880
1733737500000,53513.95,53580.0,53507.95,53542.85,99060
1733802300000,53605.3,53734.0,53475.0,53652.35,486090
1733813100000,53652.4,53749.0,53409.2,53694.4,545250
1733823900000,53680.0,53708.9,53667.2,53704.0,103125
1733888700000,53605.0,53799.0,53456.0,53741.35,751065
1733899500000,53746.3,53751.25,53512.9,53569.65,393540
1733910300000,53579.0,53599.0,53550.0,53550.0,68160
1733975100000,53399.55,53699.0,53399.55,53437.55,543840
1733985900000,53418.0,53482.0,53360.5,53437.2,383670
1733996700000,53440.05,53475.0,53425.0,53427.25,84120
1734061500000,53344.0,53350.0,52380.1,53085.05,2057310
1734072300000,53108.35,53664.0,53026.85,53640.0,1193220
1734083100000,53640.0,53675.0,53591.05,53657.5,197280
1734320700000,53600.0,53825.0,53460.4,53487.6,849045
1734331500000,53486.25,53800.0,53480.0,53691.5,477345
1734342300000,53691.0,53729.75,53650.05,53660.0,63540
1734407100000,53484.0,53657.95,52934.0,52981.6,1331040
1734417900000,52967.3,53144.0,52850.45,52976.0,736155
1734428700000,52985.0,53040.0,52952.0,52964.7,133500
1734493500000,52900.0,52976.0,52285.0,52341.6,1359630
1734504300000,52337.25,52455.0,52112.3,52219.1,788355
1734515100000,52225.0,52377.1,52225.0,52319.5,175335
1734579900000,51670.3,51932.0,51400.0,51829.9,1269540
1734590700000,51833.1,51840.0,51586.5,51753.85,378345
1734601500000,51757.3,51790.0,51715.8,51763.4,112380
1734666300000,51621.0,51721.25,51200.0,51420.7,1041120
1734677100000,51425.0,51425.0,50622.4,50680.0,1046070
1734687900000,50695.0,50853.0,50691.85,50849.0,174930
1734925500000,51002.1,51483.85,51000.15,51322.25,989700
1734936300000,51330.85,51349.95,51153.25,51300.9,555420
1734947100000,51300.9,51318.4,51281.65,51300.3,83250
1735011900000,51333.35,51347.7,51118.5,51223.05,560160
1735022700000,51223.85,51300.0,51201.15,51220.15,702105
1735033500000,51220.15,51238.0,51220.15,51229.8,134835
1735184700000,51850.05,52185.95,51430.35,51535.0,1015950
1735195500000,51524.1,51588.0,51335.0,51570.8,357270
1735206300000,51571.2,51607.2,51570.05,51599.0,86685
1735271100000,51601.6,52018.0,51520.0,51709.0,714930
1735281900000,51700.0,51775.0,51601.0,51699.15,272340
1735292700000,51708.0,51765.25,51691.0,51760.0,64230
1735530300000,51660.0,52295.0,51480.05,52227.65,841275
1735541100000,52242.15,52251.8,51082.1,51369.85,1377270
1735551900000,51365.3,51488.55,51365.3,51420.3,178140
1735616700000,51084.8,51350.0,51003.4,51158.75,598725
1735627500000,51158.2,51370.0,51151.25,51306.9,307665
1735638300000,51305.4,51316.2,51269.5,51300.8,104220
1735703100000,51289.95,51575.8,50850.0,51447.95,970530
1735713900000,51430.55,51698.0,51350.0,51429.1,419205
1735724700000,51428.9,51490.6,51406.0,51480.0,56400
1735789500000,51439.95,51642.15,51329.95,51412.75,531075
1735800300000,51406.35,51938.0,51381.0,51857.0,785400
1735811100000,51857.0,51875.75,51840.0,51875.75,108360
1735875900000,51825.45,51928.75,51360.0,51559.35,920760
1735886700000,51560.0,51571.0,51158.75,51238.4,667875
1735897500000,51241.2,51320.0,51219.85,51246.0,125205
1736135100000,51184.9,51286.75,50222.0,50433.15,1447035
1736145900000,50432.4,50444.7,50000.0,50094.45,738570
1736156700000,50110.0,50210.0,50103.35,50150.5,112500
1736221500000,50150.0,50720.0,50150.0,50575.0,935520
1736232300000,50575.05,50694.9,50370.1,50411.1,383175
1736243100000,50433.4,50433.4,50386.0,50403.95,71235
1736307900000,50389.8,50462.0,49730.2,49731.0,1027200
1736318700000,49730.0,50249.9,49625.0,50100.0,780885
1736329500000,50091.55,50141.95,50080.0,50100.1,57090
1736394300000,49960.3,50018.6,49501.0,49605.0,776760
1736405100000,49600.4,49800.0,49455.55,49782.3,500535
1736415900000,49780.25,49828.9,49770.0,49794.15,100575
1736480700000,49421.6,49716.05,49025.0,49258.5,1329345
1736491500000,49255.75,49340.1,48789.0,48822.5,669675
1736502300000,48840.0,48955.55,48840.0,48886.65,137760
1736739900000,48430.0,48822.0,48232.2,48493.7,1181745
1736750700000,48486.85,48555.0,48102.0,48250.0,606030
1736761500000,48257.5,48341.3,48241.0,48241.0,138360
1736826300000,48424.0,48995.0,48351.1,48719.7,962535
1736837100000,48721.95,49250.0,48604.85,48961.7,710670
1736847900000,48959.75,49113.45,48931.45,49095.55,104370
1736912700000,49120.0,49237.45,48800.05,49071.25,563055
1736923500000,49082.45,49100.0,48630.15,48867.45,540300
1736934300000,48874.95,48913.25,48850.0,48909.0,44130
1736999100000,49300.1,49602.2,49134.75,49488.55,877260
1737009900000,49481.85,49670.0,49289.95,49430.0,555045
1737020700000,49433.0,49519.65,49430.0,49501.0,84855
1737085500000,49201.0,49288.4,48425.0,48661.1,1348245
1737096300000,48661.1,48756.65,48500.0,48654.45,431025
1737107100000,48655.0,48730.0,48653.0,48704.35,126675
1737344700000,48902.1,49499.95,48774.9,49461.55,1039740
1737355500000,49461.6,49815.0,49440.0,49564.45,784755
1737366300000,49567.8,49568.15,49436.0,49499.0,144540
1737431100000,49555.05,49699.95,48805.55,49054.75,1196535
1737441900000,49060.9,49074.1,48606.05,48762.35,770760
1737452700000,48752.95,48822.15,48752.95,48778.9,113850
1737517500000,48860.15,48885.85,48366.0,48409.0,736785
1737528300000,48405.0,48950.0,48185.0,48939.6,1061085
1737539100000,48932.9,48947.9,48831.4,48872.15,95820
1737603900000,48900.0,49022.65,48586.45,48694.15,790620
1737614700000,48689.8,48884.75,48649.55,48686.65,422370
1737625500000,48686.7,48720.0,48670.0,48670.05,74055
1737690300000,48750.0,48950.0,48375.0,48850.85,976620
1737701100000,48850.0,48900.05,48252.0,48362.75,800625
1737711900000,48372.05,48423.85,48340.0,48347.9,105930
1737949500000,47994.7,48349.9,47722.25,48188.8,906390
1737960300000,48190.0,48344.65,47992.65,48126.0,596730
1737971100000,48126.0,48126.0,48038.8,48049.0,96885
1738035900000,48610.0,49114.85,48417.7,49098.35,1233510
1738046700000,49099.9,49213.95,48728.05,48847.75,770235
1738057500000,48844.55,48907.35,48804.7,48865.0,102030
1738122300000,48926.05,49128.0,48812.1,49003.15,712995
1738133100000,49010.0,49128.0,48912.0,49082.8,489210
1738143900000,49090.0,49120.0,49032.5,49120.0,97050
1738208700000,49080.0,49337.95,49031.4,49220.0,618540
1738219500000,49218.0,49377.7,49193.35,49291.0,492975
1738230300000,49290.5,49314.35,49284.0,49309.0,116280
1738295100000,49700.0,49759.9,49364.5,49748.15,945660
1738305900000,49748.9,49995.0,49589.85,49845.0,983100
1738316700000,49847.0,49900.0,49835.0,49882.45,91860
1738381500000,49720.0,50250.0,49510.0,49510.0,1353570
1738392300000,49527.65,49980.0,49151.3,49770.45,1452960
1738403100000,49770.45,49805.0,49732.0,49751.6,138150
1738554300000,49294.7,49566.0,49200.0,49470.0,949980
1738565100000,49469.25,49645.0,49401.0,49517.7,405810
1738575900000,49524.0,49524.9,49480.15,49505.05,53130
1738640700000,49702.05,50200.0,49700.0,50020.05,1191600
1738651500000,50023.1,50360.95,50020.0,50355.05,1070280
1738662300000,50360.95,50360.95,50280.0,50325.0,157620
1738727100000,50455.3,50672.8,50380.0,50506.9,715200
1738737900000,50496.55,50688.6,50482.0,50554.75,407460
1738748700000,50540.0,50549.15,50490.1,50500.0,83580
1738813500000,50500.0,50710.05,50351.0,50500.0,587040
1738824300000,50500.0,50652.0,50408.0,50590.0,485340
1738835100000,50585.2,50635.0,50571.05,50634.0,73500
1738899900000,50630.5,50798.7,50215.05,50313.0,1547280
1738910700000,50310.0,50419.95,50070.3,50360.0,914820
1738921500000,50365.0,50423.0,50345.0,50386.25,119820
1739159100000,50280.0,50347.0,49902.25,50005.8,709380
1739169900000,50015.2,50288.4,49970.05,50240.0,408000
1739180700000,50235.6,50252.6,50216.0,50220.0,62640
1739245500000,50190.0,50190.0,49710.0,49780.0,832710
1739256300000,49780.0,49833.95,49425.0,49699.0,903270
1739267100000,49699.0,49716.6,49577.95,49581.1,104910
1739331900000,49550.0,49687.95,48966.0,49600.75,1255500
1739342700000,49608.75,49930.0,49432.25,49748.4,841020
1739353500000,49745.0,49780.0,49714.0,49735.0,95100
1739418300000,49735.0,50025.0,49660.0,49845.9,662670
1739429100000,49850.0,49898.95,49451.05,49574.55,623220
1739439900000,49574.4,49609.0,49531.0,49531.0,79770
1739504700000,49705.3,49767.65,49044.75,49056.0,932400
1739515500000,49061.85,49490.0,48908.1,49344.45,766770
1739526300000,49361.3,49365.0,49267.15,49278.0,75780
1739763900000,49179.95,49233.6,48709.0,48970.0,987210
1739774700000,48980.0,49491.05,48916.55,49467.95,559860
1739785500000,49450.0,49517.75,49431.35,49501.5,93030
1739850300000,49460.0,49460.0,48940.8,49130.15,846870
1739861100000,49141.3,49282.8,49025.0,49192.05,361440
1739871900000,49194.55,49220.0,49176.3,49176.3,71820
1739936700000,49099.7,49750.0,48930.05,49617.2,1122690
1739947500000,49608.3,49665.0,49362.75,49645.0,406170
1739958300000,49631.75,49643.65,49609.0,49615.05,106320
1740023100000,49444.7,49563.2,49300.0,49396.2,565680
1740033900000,49386.0,49540.0,49370.8,49472.4,307260
1740044700000,49472.75,49482.0,49425.05,49425.05,76380
1740109500000,49299.95,49387.9,48852.0,49017.8,990990
1740120300000,49025.35,49159.15,48874.55,49097.9,585180
1740131100000,49099.0,49099.0,48960.05,48980.0,143370
1740368700000,48644.7,48813.75,48305.45,48629.2,939480
1740379500000,48628.3,48913.95,48615.15,48800.0,539580
1740390300000,48791.0,48813.0,48750.05,48793.0,87630
1740455100000,48806.85,48917.75,48635.0,48739.75,568020
1740465900000,48739.95,48792.0,48707.8,48731.25,458190
1740476700000,48740.0,48740.0,48672.45,48675.1,82440
1740627900000,48749.95,48984.65,48740.05,48899.25,749610
1740638700000,48903.8,48932.2,48730.0,48780.0,779130
1740649500000,48781.95,48781.95,48737.0,48741.0,123330
1740714300000,48734.0,48943.65,48430.0,48650.75,1023840
1740725100000,48663.8,48775.0,48318.3,48665.2,641130
1740735900000,48660.8,48662.7,48584.95,48600.0,110160
1740973500000,48775.75,48856.4,48116.7,48350.2,822810
1740984300000,48355.95,48545.0,48288.35,48394.1,498150
1740995100000,48400.0,48418.8,48350.05,48410.0,74760
1741059900000,48250.0,48619.85,48110.3,48374.05,829380
1741070700000,48379.25,48585.65,48355.15,48426.65,423030
1741081500000,48425.05,48540.0,48425.05,48492.0,105990
1741146300000,48492.0,48879.95,48433.15,48797.2,786510
1741157100000,48787.35,48808.0,48577.1,48713.55,339000
1741167900000,48716.1,48729.95,48677.05,48729.95,63270
1741232700000,48894.7,49099.9,48526.0,48735.0,805110
1741243500000,48730.0,48821.95,48723.7,48790.35,385650
1741254300000,48794.95,48795.0,48772.0,48786.55,88830
1741319100000,48626.0,48896.35,48536.05,48657.5,800430
1741329900000,48654.4,48774.75,48510.0,48700.0,458220
1741340700000,48699.8,48700.0,48625.0,48626.05,78900
1741578300000,48489.9,48702.95,48489.9,48567.05,430110
1741589100000,48565.2,48685.0,48220.0,48332.05,610980
1741599900000,48336.95,48360.0,48250.0,48260.0,77100
1741664700000,47999.95,48150.0,47751.6,47969.8,784890
1741675500000,47973.95,48150.0,47900.0,47979.95,397320
1741686300000,47980.0,48059.4,47978.3,48059.4,142140
1741751100000,48055.05,48330.0,47960.0,48064.15,747060
1741761900000,48064.4,48265.0,47939.7,48219.8,431130
1741772700000,48210.0,48233.0,48177.9,48230.0,60930
1741837500000,48300.0,48461.0,48150.35,48269.95,606630
1741848300000,48269.95,48332.95,48128.0,48181.65,345210
1741859100000,48194.0,48196.1,48100.0,48109.85,85950
1742183100000,48250.05,48589.6,48241.15,48543.6,691500
1742193900000,48548.4,48548.5,48375.9,48475.65,256770
1742204700000,48473.0,48504.95,48473.0,48500.0,66540
1742269500000,48751.05,49156.0,48664.1,49141.15,1082370
1742280300000,49141.05,49399.0,49010.05,49380.35,554460
1742291100000,49378.2,49481.1,49371.7,49481.1,263970
1742355900000,49600.05,49824.0,49435.2,49762.95,696960
1742366700000,49764.75,49878.95,49756.95,49810.15,332580
1742377500000,49800.0,49825.0,49791.85,49817.4,99900
1742442300000,50000.05,50087.95,49830.0,49914.1,563250
1742453100000,49914.1,50174.1,49890.95,50090.0,491220
1742463900000,50092.45,50110.0,50070.05,50080.0,60720
1742528700000,50010.3,50570.0,49980.0,50462.85,697950
1742539500000,50462.0,50630.0,50307.0,50584.0,524550
1742550300000,50571.05,50630.0,50555.0,50610.85,111630
1742787900000,51001.25,51793.0,50800.0,51596.5,1171530
1742798700000,51595.1,51810.9,51560.3,51700.0,460800
1742809500000,51700.0,51839.4,51700.0,51835.0,151320
1742874300000,51950.1,52050.0,51654.55,51770.0,923730
1742885100000,51770.0,51832.55,51603.0,51722.0,516060
1742895900000,51712.1,51739.0,51567.0,51568.6,172080
1742960700000,51649.85,51958.85,51473.9,51528.75,774360
1742971500000,51525.0,51545.95,51161.0,51299.4,702240
1742982300000,51306.0,51306.0,51259.3,51266.7,64920
1743047100000,51160.0,51688.0,51068.1,51657.65,562230
1743057900000,51642.75,51701.9,51558.05,51565.0,387600
1743068700000,51563.1,51592.0,51551.2,51585.9,86670
1743133500000,52050.0,52125.0,51711.55,51856.0,851010
1743144300000,51855.2,52048.0,51631.05,51862.5,662430
1743155100000,51863.45,51869.55,51813.95,51850.0,113820
1743479100000,51683.95,51920.0,51050.0,51166.0,1117530
1743489900000,51168.2,51273.0,51082.0,51190.0,612330
1743500700000,51191.05,51220.0,51175.25,51185.4,80190
1743565500000,51116.25,51575.0,51055.55,51504.8,685920
1743576300000,51504.7,51606.0,51390.05,51581.0,370560
1743587100000,51580.15,51647.95,51555.1,51644.95,102300
1743651900000,51299.9,51779.8,51200.0,51720.0,782520
1743662700000,51714.55,51865.3,51620.0,51801.85,436980
1743673500000,51800.0,51822.35,51775.0,51803.35,67470
1743738300000,51710.0,51993.0,51565.6,51789.0,1031940
1743749100000,51789.0,51826.6,51459.15,51650.0,593670
1743759900000,51650.0,51654.3,51580.0,51650.2,78480
1743997500000,49901.2,50784.95,49501.8,49501.8,2596620
1744008300000,49501.8,50200.0,49366.1,50151.35,862440
1744019100000,50145.15,50225.8,50060.0,50189.9,165450
1744083900000,50502.05,50966.55,50264.9,50723.45,1156650
1744094700000,50723.0,50915.1,50552.6,50745.35,589830
1744105500000,50736.1,50831.95,50724.1,50811.0,87270
1744170300000,50600.0,50754.85,50040.3,50301.95,1170150
1744181100000,50314.6,50525.0,50280.0,50479.1,559560
1744191900000,50479.1,50500.0,50466.65,50485.0,84570
1744343100000,50799.0,51362.45,50799.0,51355.3,960600
1744353900000,51360.1,51385.0,51055.2,51180.0,495780
1744364700000,51175.15,51185.8,51101.2,51165.65,106890
1744688700000,52099.6,52429.2,51802.0,52372.8,1241130
1744699500000,52371.8,52412.4,52310.6,52339.0,322830
1744710300000,52335.4,52460.0,52335.4,52454.0,128970
1744775100000,52550.0,52804.0,52433.6,52738.8,709800
1744785900000,52738.8,53143.4,52711.8,53045.0,633420
1744796700000,53041.0,53152.0,53040.0,53136.4,121980
1744861500000,53095.8,53725.6,53049.8,53699.6,824160
1744872300000,53694.8,54373.2,53672.4,54156.6,916320
1744883100000,54165.0,54249.0,54155.0,54223.6,139950
1745207100000,54640.8,55376.0,54577.8,55337.4,1428030
1745217900000,55336.0,55416.6,55201.0,55267.0,576450
1745228700000,55275.0,55345.0,55271.0,55280.0,104610
1745293500000,55360.0,55900.0,55252.0,55690.0,914310
1745304300000,55694.8,55768.6,55565.2,55630.0,421290
1745315100000,55630.4,55630.6,55495.0,55570.6,122970
1745379900000,55865.0,55900.2,55184.8,55323.8,872550
1745390700000,55323.8,55488.8,55225.2,55424.2,404280
1745401500000,55424.0,55431.4,55365.0,55385.6,93390
1745466300000,55244.0,55576.4,55215.0,55383.0,481140
1745477100000,55386.6,55420.0,55130.0,55236.0,453540
1745487900000,55236.0,55242.8,55202.0,55209.8,70380
1745552700000,55355.0,55555.0,54409.4,54600.0,1692780
1745563500000,54605.0,55099.0,54563.8,54800.2,788340
1745574300000,54814.8,54814.8,54641.4,54651.4,202260
1745811900000,54735.2,55640.0,54650.0,55578.8,1123680
1745822700000,55582.0,55825.0,55540.0,55641.0,518250
1745833500000,55655.2,55687.0,55640.2,55678.8,73410
1745898300000,55744.6,56194.8,55460.0,55530.0,1193580
1745909100000,55525.0,55720.6,55460.0,55533.2,323940
1745919900000,55533.0,55548.2,55437.0,55440.0,118080
1745984700000,55440.0,55630.0,55131.0,55270.4,844350
1745995500000,55273.8,55422.0,55232.2,55320.0,296010
1746006300000,55320.0,55323.8,55172.0,55172.0,134640
1746157500000,55250.2,55929.0,55218.2,55305.0,1163460
1746168300000,55309.6,55455.6,55073.6,55266.0,691680
1746179100000,55262.2,55281.0,55162.6,55191.8,100830
1746416700000,55124.8,55448.0,54960.0,55009.8,833550
1746427500000,55003.4,55215.0,54915.0,55055.0,357480
1746438300000,55055.0,55099.2,55050.0,55081.0,60930
1746503100000,55050.6,55205.8,54557.2,54673.0,759300
1746513900000,54679.4,54729.8,54386.2,54403.0,461820
1746524700000,54402.0,54402.0,54270.0,54275.0,143490
1746589500000,54250.0,54796.0,54037.6,54459.4,1265790
1746600300000,54451.6,54632.0,54360.0,54625.2,351780
1746611100000,54630.0,54763.4,54630.0,54715.0,121950
1746675900000,54806.2,55029.0,54702.0,54815.6,480120
1746686700000,54815.2,54900.0,54266.0,54416.2,833550
1746697500000,54416.4,54416.4,54150.0,54184.0,249450
1746762300000,54400.0,54400.0,53660.0,53827.0,1077000
1746773100000,53828.2,53847.6,53585.0,53700.0,450630
1746783900000,53705.0,53815.4,53682.0,53808.0,143730
1747021500000,54648.0,55539.0,54502.2,55337.0,1597620
1747032300000,55340.0,55550.0,55285.0,55511.0,495090
1747043100000,55505.0,55680.8,55505.0,55671.0,179760
1747107900000,55644.0,55644.0,55128.0,55318.6,902100
1747118700000,55327.4,55339.8,55042.0,55073.8,581250
1747129500000,55074.2,55140.0,55060.4,55100.0,100560
1747194300000,55124.4,55258.4,54890.8,54949.8,520020
1747205100000,54940.2,54950.8,54576.8,54899.0,593730
1747215900000,54896.4,54997.8,54836.0,54972.0,113940
1747280700000,54970.0,55098.0,54625.0,54886.4,654450
1747291500000,54886.8,55499.6,54817.6,55430.2,918480
1747302300000,55422.0,55425.6,55373.4,55375.0,108120
1747367100000,55405.4,55600.0,55252.6,55386.6,427590
1747377900000,55386.2,55525.0,55353.0,55500.0,246210
1747388700000,55500.0,55517.8,55475.4,55515.0,86640
1747626300000,55536.2,55799.0,55403.4,55738.6,576960
1747637100000,55737.2,55831.4,55422.0,55512.0,444090
1747647900000,55515.0,55538.0,55500.0,55512.2,61590
1747712700000,55700.0,55701.6,55231.4,55290.0,594960
1747723500000,55299.2,55360.0,55030.0,55132.8,460590
1747734300000,55132.6,55139.4,55073.6,55087.0,82110
1747799100000,55201.0,55450.0,54869.2,54900.0,893430
1747809900000,54905.0,55196.8,54773.0,55115.8,452970
1747820700000,55117.0,55163.0,55112.2,55126.6,61770
1747885500000,54944.8,55061.0,54705.0,54769.8,506670
1747896300000,54766.0,55120.0,54700.0,55069.4,394320
1747907100000,55061.0,55094.8,55036.2,55090.0,123390
1747971900000,55149.0,55559.4,54941.4,55350.4,864060
1747982700000,55350.0,55535.0,55345.2,55481.2,288240
1747993500000,55490.2,55520.0,55474.6,55519.0,100980
1748231100000,55586.4,55980.0,55357.0,55595.0,842460
1748241900000,55593.0,55710.0,55500.2,55672.0,327960
1748252700000,55681.8,55709.0,55664.0,55697.4,109950
1748317500000,55590.8,55940.0,55069.2,55761.6,1319520
1748328300000,55762.8,55788.6,55257.0,55494.8,596460
1748339100000,55497.4,55510.0,55428.4,55428.4,70650
1748403900000,55424.4,55575.0,55290.4,55352.0,537840
1748414700000,55352.0,55564.0,55350.0,55432.2,482070
1748425500000,55428.6,55475.0,55421.8,55459.0,62790
1748490300000,55659.8,55747.8,55117.2,55165.0,632940
1748501100000,55177.4,55535.0,55083.0,55530.0,480720
1748511900000,55524.8,55556.4,55520.0,55542.4,84750
1748576700000,55950.0,56010.0,55707.0,55785.0,594690
1748587500000,55784.4,56140.2,55756.8,56064.8,603000
1748598300000,56061.0,56110.0,56056.0,56095.0,131580
1748835900000,56100.0,56100.0,55719.0,56010.4,633090
1748846700000,56016.8,56217.2,55980.0,56177.0,555450
1748857500000,56177.0,56191.0,56147.4,56170.4,100860
1748922300000,56275.0,56355.0,56012.0,56030.0,639960
1748933100000,56029.0,56075.0,55824.2,55955.0,655050
1748943900000,55952.0,55990.0,55848.0,55850.0,102660
1749008700000,55930.8,56017.0,55700.0,55979.0,538710
1749019500000,55980.0,56047.8,55888.2,55970.0,206550
1749030300000,55971.4,55995.0,55969.0,55984.8,49320
1749095100000,56010.4,56197.0,55851.0,56185.2,519570
1749105900000,56187.4,56219.0,55905.6,56035.0,404790
1749116700000,56039.0,56080.0,56035.8,56045.8,75060
1749181500000,55999.8,56799.0,55780.0,56748.2,2747910
1749192300000,56748.6,56832.8,56580.2,56750.6,577350
1749203100000,56757.0,56799.0,56748.8,56781.0,111480
1749440700000,57150.0,57165.2,56905.4,57082.0,631890
1749451500000,57087.4,57135.0,56985.0,57011.0,238710
1749462300000,57011.0,57021.2,56986.6,56990.0,84780
1749527100000,57026.2,57099.0,56729.0,56780.0,519270
1749537900000,56780.2,56890.0,56742.0,56780.2,186000
1749548700000,56781.4,56800.2,56721.0,56735.0,67380
1749613500000,56755.0,56925.0,56607.0,56888.4,439410
1749624300000,56900.2,56938.0,56570.4,56662.0,430320
1749635100000,56661.0,56669.8,56622.0,56625.0,58080
1749699900000,56635.0,56742.6,56420.0,56458.0,448110
1749710700000,56458.0,56540.4,56200.0,56299.8,649740
1749721500000,56299.8,56300.0,56203.0,56205.4,109320
1749786300000,55555.6,55740.0,55350.6,55626.0,791070
1749797100000,55631.6,55800.0,55500.0,55623.0,325020
1749807900000,55623.0,55655.8,55590.4,55655.8,71310
1750045500000,55550.0,55995.6,55505.0,55954.0,673920
1750056300000,55959.8,56110.0,55875.6,56108.8,345870
1750067100000,56096.8,56165.0,56090.0,56165.0,94830
1750131900000,56110.0,56599.6,55821.0,55821.8,438510
1750142700000,55821.0,55861.8,55750.0,55793.0,207120
1750153500000,55808.0,55810.0,55735.0,55761.8,58020
1750218300000,55670.0,56050.6,55670.0,55888.6,556590
1750229100000,55896.0,55940.8,55759.8,55878.6,227970
1750239900000,55889.8,55915.2,55876.8,55878.0,69780
1750304700000,55884.4,56025.0,55711.0,55755.0,475080
1750315500000,55751.4,55783.8,55636.2,55669.2,230100
1750326300000,55665.6,55694.4,55612.8,55614.0,100680
1750391100000,55680.0,56309.0,55651.2,56280.0,871350
1750401900000,56279.8,56329.0,56130.0,56297.0,311670
1750412700000,56297.0,56340.0,56261.2,56294.4,122880
1750650300000,55899.8,56161.6,55805.0,55929.8,704250
1750661100000,55932.0,56299.6,55929.2,56095.2,594960
1750671900000,56095.0,56137.0,56073.4,56105.0,67770
1750736700000,56506.2,56879.8,56405.2,56865.0,871590
1750747500000,56860.2,56869.4,56357.0,56475.0,663720
1750758300000,56467.2,56525.0,56467.2,56500.0,58230
1750823100000,56600.0,56687.8,56440.0,56566.4,467370
1750833900000,56568.0,56675.8,56547.0,56618.6,295590
1750844700000,56619.2,56631.8,56602.4,56609.4,81630
1750909500000,56655.2,57109.4,56535.0,57020.8,704910
1750920300000,57017.8,57251.0,56812.0,57206.0,520410
1750931100000,57206.0,57232.8,57190.6,57215.2,72180
1750995900000,57260.0,57615.0,57256.4,57599.2,607355
1751006700000,57600.0,57668.6,57537.0,57655.8,308175
1751017500000,57653.0,57660.0,57624.6,57637.0,106680
1751255100000,57636.0,57849.8,57601.0,57765.4,389760
1751265900000,57765.4,57780.0,57468.2,57570.0,358470
1751276700000,57575.6,57593.0,57510.0,57521.0,59080
1751341500000,57625.0,57625.0,57380.0,57540.0,393120
1751352300000,57545.0,57750.0,57533.0,57680.0,330260
1751363100000,57685.0,57710.0,57668.8,57687.0,43680
1751427900000,57706.6,57760.8,57412.2,57435.6,449400
1751438700000,57433.2,57473.4,57175.0,57308.0,701890
1751449500000,57310.0,57314.6,57245.0,57250.0,71120
1751514300000,57250.0,57455.0,57175.0,57260.0,400960
1751525100000,57260.0,57373.8,57105.0,57127.6,369215
1751535900000,57140.2,57149.0,57093.0,57111.0,84350
1751600700000,57088.8,57182.2,56910.0,56950.0,412545
1751611500000,56939.2,57340.0,56923.0,57291.0,365890
1751622300000,57299.8,57320.0,57258.0,57315.0,79065
1751859900000,57270.0,57419.2,57105.8,57160.0,483840
1751870700000,57152.0,57269.0,57063.6,57205.0,305025
1751881500000,57205.2,57210.0,57167.8,57171.0,44835
1751946300000,57290.0,57475.0,57149.2,57322.8,476315
1751957100000,57328.0,57489.4,57310.0,57456.0,266210
1751967900000,57465.0,57475.0,57430.4,57445.2,74305
1752032700000,57390.8,57465.2,57250.0,57405.0,308070
1752043500000,57399.2,57499.0,57346.0,57401.0,262955
1752054300000,57401.0,57401.0,57364.2,57370.8,42000
1752119100000,57379.8,57488.6,57162.2,57218.0,438305
1752129900000,57200.0,57338.2,57150.0,57180.0,298305
1752140700000,57175.0,57204.8,57142.2,57159.8,78225
1752205500000,57075.0,57225.0,56814.0,56864.8,520310
1752216300000,56865.0,57021.8,56844.2,56927.6,242830
1752227100000,56935.0,56939.8,56890.0,56890.0,83965
1752464700000,56888.0,57075.0,56769.2,56856.0,431725
1752475500000,56854.6,57027.0,56802.0,56990.0,200865
1752486300000,56990.6,57029.4,56963.6,57001.0,81445
1752551100000,56999.8,57339.8,56999.8,57255.6,588980
1752561900000,57242.4,57310.0,57110.0,57252.4,264670
1752572700000,57253.4,57260.0,57225.0,57250.0,43015
1752637500000,57235.8,57278.0,57060.0,57206.6,347445
1752648300000,57207.0,57340.0,57191.0,57285.0,324520
1752659100000,57281.0,57296.6,57231.2,57246.8,57015
1752723900000,57380.2,57380.2,57022.8,57063.6,500745
1752734700000,57063.2,57085.6,56974.4,56997.4,307230
1752745500000,56997.2,57012.4,56923.6,56928.2,113715
1752810300000,56744.0,56900.0,56365.0,56424.6,798210
1752821100000,56420.4,56549.6,56390.4,56431.8,389585
1752831900000,56430.8,56460.0,56354.6,56366.8,160860
1753069500000,56640.0,56905.6,56350.0,56834.6,960995
1753080300000,56837.0,57030.0,56771.4,56976.0,473900
1753091100000,56976.0,57000.0,56962.4,56990.0,98175
1753155900000,57205.2,57211.6,56885.0,56930.0,432565
1753166700000,56930.0,57019.8,56800.0,56822.8,321370
1753177500000,56823.0,56844.8,56750.0,56750.0,60935
1753242300000,56866.0,57025.0,56757.8,57010.0,357875
1753253100000,57010.0,57294.0,57010.0,57231.4,433230
1753263900000,57230.0,57246.4,57214.2,57225.2,72625
1753328700000,57410.2,57410.2,56931.8,56971.4,489510
1753339500000,56970.8,57189.8,56935.4,57124.2,324660
1753350300000,57126.6,57149.8,57090.0,57115.4,59780
1753415100000,57068.2,57185.0,56603.0,56638.8,804195
1753425900000,56629.0,56675.0,56511.0,56624.2,362810
1753436700000,56624.2,56636.8,56539.6,56560.4,110040
1753674300000,56298.4,56670.0,56265.6,56431.8,499695
1753685100000,56431.4,56491.0,56061.0,56180.0,438025
1753695900000,56177.6,56190.0,56154.0,56187.4,66535
1753760700000,55999.2,56225.0,55955.0,56100.4,487480
1753771500000,56109.4,56400.0,56050.0,56313.0,460810
1753782300000,56321.4,56389.4,56313.6,56327.2,80675
1753847100000,56339.6,56356.0,56106.0,56267.0,381255
1753857900000,56262.2,56334.8,56196.4,56208.4,426755
1753868700000,56215.4,56228.8,56185.0,56201.6,58835
1753933500000,55946.6,56133.8,55528.2,56100.4,947765
1753944300000,56106.0,56450.0,55970.2,55985.0,497595
1753955100000,55985.0,55987.6,55957.0,55958.4,59185
1754019900000,56200.0,56249.8,55950.0,56006.6,634970
1754030700000,55992.0,56080.0,55730.0,55768.8,427280
1754041500000,55780.0,55813.2,55750.6,55796.4,86625
1754279100000,55780.2,55948.2,55622.2,55875.2,398510
1754289900000,55860.2,55922.8,55752.0,55838.6,227395
1754300700000,55838.8,55900.4,55838.4,55895.6,90405
1754365500000,55879.2,55900.0,55567.0,55700.2,470470
1754376300000,55700.0,55720.2,55390.8,55562.0,430115
1754387100000,55563.4,55572.2,55516.4,55551.0,62090
1754451900000,55551.0,55695.0,55407.2,55525.2,512925
1754462700000,55535.0,55749.0,55506.2,55569.8,356405
1754473500000,55555.0,55617.0,55555.0,55570.0,47460
1754538300000,55490.0,55503.2,55268.0,55370.4,380415
1754549100000,55375.0,55780.0,55151.0,55737.2,597660
1754559900000,55735.2,55841.6,55725.8,55811.0,205170
1754624700000,55799.8,55799.8,55274.0,55323.0,540890
1754635500000,55323.0,55474.0,55105.0,55150.0,365365
1754646300000,55159.6,55197.6,55070.0,55086.0,111685
1754883900000,55150.2,55470.0,55079.8,55321.0,475265
1754894700000,55320.4,55590.0,55303.2,55552.8,408310
1754905500000,55545.2,55565.0,55499.2,55519.0,65520
1754970300000,55500.0,55698.0,55371.0,55475.2,471450
1754981100000,55461.0,55581.8,55255.4,55288.8,398335
1754991900000,55305.0,55330.0,55260.0,55260.2,54460
1755056700000,55450.2,55490.4,55270.0,55349.0,394870
1755067500000,55343.8,55489.0,55321.6,55416.0,237020
1755078300000,55415.8,55446.0,55415.8,55422.0,30940
1755143100000,55417.8,55624.0,55353.0,55492.0,356090
1755153900000,55498.0,55593.0,55431.0,55518.0,271180
1755164700000,55506.8,55519.0,55455.4,55476.0,54985
1755488700000,56000.0,56245.0,55806.0,55806.0,962185
1755499500000,55806.0,55920.0,55720.0,55849.6,334075
1755510300000,55850.0,55880.0,55845.2,55870.0,63245
1755575100000,55789.8,56008.4,55748.8,56008.0,397635
1755585900000,56008.0,56047.0,55884.2,55965.2,205695
1755596700000,55974.8,55985.0,55941.0,55945.6,40915
1755661500000,55735.0,55904.8,55701.6,55802.0,313775
1755672300000,55802.0,55894.0,55780.6,55811.2,187600
1755683100000,55814.6,55830.0,55800.0,55803.6,46515
1755747900000,55921.2,56094.8,55843.0,55946.0,415065
1755758700000,55945.0,56014.8,55853.0,55896.2,186760
1755769500000,55900.8,55918.8,55830.6,55843.0,48265
1755834300000,55799.6,55821.6,55366.0,55420.4,650650
1755845100000,55420.4,55465.2,55225.0,55292.6,356860
1755855900000,55295.0,55299.0,55239.4,55260.0,95585
1756093500000,55368.8,55418.0,55168.2,55314.4,402500
1756104300000,55317.6,55350.0,55220.0,55247.8,244790
1756115100000,55249.2,55267.2,55235.2,55235.2,41615
1756179900000,55149.8,55149.8,54552.2,54684.8,859985
1756190700000,54685.0,54711.8,54500.0,54505.2,507220
1756201500000,54504.6,54541.6,54455.2,54456.0,147140
1756352700000,54398.6,54424.2,53948.8,54231.4,1052275
1756363500000,54237.8,54249.8,53779.0,53815.8,808290
1756374300000,53817.0,53836.0,53803.8,53817.2,135905
1756439100000,54284.0,54479.0,54156.6,54370.0,477960
1756449900000,54370.2,54380.0,54005.2,54008.0,300895
1756460700000,54015.4,54110.0,54010.6,54100.0,66045
1756698300000,54158.0,54367.2,54116.4,54191.0,431375
1756709100000,54195.0,54385.0,54167.6,54367.4,251580
1756719900000,54367.0,54380.0,54360.0,54379.6,43505
1756784700000,54399.8,54500.0,54260.0,54369.0,409325
1756795500000,54370.8,54442.0,53950.0,54048.8,463435
1756806300000,54046.0,54077.4,54011.4,54011.4,49805
1756871100000,54011.4,54208.6,53915.0,54124.2,450660
1756881900000,54124.0,54428.4,54002.0,54384.2,401450
1756892700000,54391.0,54404.8,54358.4,54404.8,77560
1756957500000,54526.2,54670.0,54375.0,54409.8,642180
1756968300000,54411.8,54499.0,54211.8,54268.8,333235
1756979100000,54269.2,54329.8,54262.2,54302.8,69055
1757043900000,54366.2,54475.6,53977.6,54081.0,488670
1757054700000,54076.0,54433.0,53983.8,54350.0,414540
1757065500000,54349.0,54388.4,54340.0,54347.6,76125
1757303100000,54444.0,54575.0,54335.2,54544.6,375655
1757313900000,54555.0,54786.6,54460.8,54506.0,496160
1757324700000,54502.0,54525.0,54475.0,54501.4,54355
1757389500000,54555.0,54700.0,54332.6,54389.0,302680
1757400300000,54375.4,54510.0,54370.4,54460.0,171535
1757411100000,54460.2,54482.0,54450.0,54479.8,54460
1757475900000,54730.0,54948.0,54570.6,54833.0,642110
1757486700000,54833.8,54859.4,54710.0,54798.6,228480
1757497500000,54797.6,54810.8,54771.8,54795.0,71330
1757562300000,54723.0,54870.8,54664.8,54859.2,283815
1757573100000,54865.4,54941.6,54827.0,54873.0,279930
1757583900000,54871.0,54894.6,54852.2,54865.0,42280
1757648700000,54949.8,55071.0,54817.6,55000.4,334460
1757659500000,55015.0,55047.8,54971.0,55010.8,147665
1757670300000,55010.0,55020.0,55000.0,55008.0,64820
1757907900000,55070.0,55193.6,55021.2,55174.0,299565
1757918700000,55174.0,55180.0,55068.8,55120.0,124845
1757929500000,55115.0,55127.8,55100.8,55104.0,44940
1757994300000,55073.4,55346.0,55055.0,55305.8,395185
1758005100000,55305.6,55348.0,55231.0,55335.8,243075
1758015900000,55335.6,55359.8,55320.0,55345.0,76335
1758080700000,55370.2,55585.6,55360.0,55558.0,441385
1758091500000,55557.8,55744.4,55550.0,55700.0,426615
1758102300000,55692.4,55715.0,55667.2,55700.0,103285
1758167100000,55900.0,55994.0,55771.2,55941.6,511840
1758177900000,55940.8,55944.0,55652.6,55887.0,459620
1758188700000,55888.0,55907.4,55873.2,55875.0,80080
1758253500000,55848.6,55857.4,55550.0,55618.0,512435
1758264300000,55619.8,55706.6,55570.0,55650.0,193970
1758275100000,55650.0,55680.0,55640.0,55665.0,68880
1758512700000,55594.8,55841.6,55521.8,55736.2,348530
1758523500000,55735.2,55790.0,55427.6,55478.8,384860
1758534300000,55478.8,55494.0,55454.2,55460.0,47495
1758599100000,55460.2,55529.4,55355.4,55481.0,249410
1758609900000,55481.0,55823.0,55470.0,55736.6,535710
1758620700000,55718.2,55748.8,55712.0,55747.8,51555
1758685500000,55698.2,55698.2,55165.2,55296.8,734055
1758696300000,55297.8,55441.2,55191.8,55268.0,302330
1758707100000,55265.0,55277.2,55240.8,55252.0,46410
1758771900000,55181.0,55375.0,55070.0,55208.0,363580
1758782700000,55206.0,55439.0,55102.0,55130.0,448315
1758793500000,55133.2,55165.0,55086.0,55094.6,92330
1758858300000,54949.2,55046.0,54655.0,54686.0,568050
1758869100000,54690.8,54738.0,54404.6,54480.0,433370
1758879900000,54480.0,54495.0,54442.2,54479.0,77385
1759117500000,54545.6,54822.0,54336.0,54350.0,636650
1759128300000,54350.0,54730.0,54301.2,54560.0,634830
1759139100000,54557.0,54631.0,54523.8,54610.0,79730
1759203900000,54700.0,54825.0,54520.2,54678.4,455805
1759214700000,54674.0,54765.0,54538.2,54641.0,417585
1759225500000,54641.0,54650.0,54630.0,54634.0,68705
1759290300000,55099.8,55649.0,54940.0,55574.0,996170
1759301100000,55574.0,55679.8,55460.0,55625.0,442820
1759311900000,55621.2,55709.0,55620.0,55680.0,114940
1759463100000,55620.6,55850.0,55590.0,55808.0,402885
1759473900000,55824.0,55890.0,55760.0,55850.6,191030
1759484700000,55855.2,55860.0,55824.8,55856.8,56210
1759722300000,55951.2,56282.2,55916.2,56282.2,510230
1759733100000,56285.0,56375.8,56252.4,56310.2,256305
1759743900000,56301.0,56310.2,56277.2,56293.0,74970
1759808700000,56300.0,56600.0,56230.0,56571.8,527975
1759819500000,56570.0,56682.0,56453.6,56458.8,312445
1759830300000,56454.4,56472.6,56425.0,56472.6,63490
1759895100000,56460.2,56514.6,56043.0,56147.8,540085
1759905900000,56168.2,56440.2,56082.0,56205.0,383145
1759916700000,56203.4,56230.0,56190.0,56207.0,67970
1759981500000,56205.0,56499.0,56106.0,56395.2,437535
1759992300000,56405.0,56495.0,56316.0,56400.0,225785
1760003100000,56388.0,56424.0,56375.0,56398.8,42595
1760067900000,56397.8,56910.0,56389.4,56873.0,549955
1760078700000,56872.8,57009.0,56810.0,56858.8,345940
1760089500000,56859.0,56916.8,56840.0,56899.0,52430
1760327100000,56578.0,56879.2,56575.0,56805.6,443590
1760337900000,56805.6,56950.0,56743.8,56838.0,200795
1760348700000,56838.0,56891.4,56833.0,56891.4,47845
1760413500000,56891.2,56935.2,56486.6,56503.6,583240
1760424300000,56499.0,56774.6,56461.2,56721.8,341845
1760435100000,56725.0,56725.0,56654.2,56660.0,41720
1760499900000,56784.8,57075.0,56727.4,57003.2,452305
1760510700000,57001.4,57098.0,56921.4,56982.0,242200
1760521500000,56983.0,57002.2,56974.0,57000.0,57295
1760586300000,57250.0,57285.4,57130.2,57271.2,409710
1760597100000,57271.2,57591.8,57271.2,57470.0,529550
1760607900000,57470.0,57515.0,57466.6,57484.0,69440
1760672700000,57469.8,57920.2,57400.0,57837.4,658560
1760683500000,57839.2,57885.0,57413.2,57738.4,541310
1760694300000,57732.0,57780.2,57721.0,57780.0,86695
1760931900000,57835.0,58250.0,57835.0,58169.0,607880
1760942700000,58161.0,58209.0,57967.0,58079.8,302085
1760953500000,58084.8,58133.6,58079.8,58133.0,69020
1761034500000,58098.8,58160.0,57881.4,57896.8,242235
1761191100000,58305.2,58570.0,58123.0,58543.8,575820
1761201900000,58550.0,58576.6,58088.0,58100.0,534660
1761212700000,58100.0,58130.0,57980.2,57985.6,107485
1761277500000,58090.2,58159.8,57761.0,57876.6,498400
1761288300000,57878.6,57933.8,57498.4,57705.8,641305
1761299100000,57707.0,57741.8,57684.8,57690.0,58625
1761536700000,57762.2,58274.2,57740.8,58246.8,631855
1761547500000,58243.2,58255.4,57980.4,58131.8,455910
1761558300000,58131.4,58263.2,58120.0,58263.2,95445
1761623100000,58143.0,58341.4,57725.0,57922.2,594545
1761633900000,57910.0,58240.0,57903.0,58214.8,468265
1761644700000,58216.8,58240.0,58209.0,58227.2,56840
1761709500000,58620.0,58722.0,58459.2,58697.8,502845
1761720300000,58699.0,58830.0,58657.2,58760.0,456470
1761731100000,58764.0,58795.4,58751.4,58790.0,119665
1761795900000,58600.2,58677.0,58375.0,58509.0,433895
1761806700000,58510.2,58587.8,58398.6,58428.0,249235
1761817500000,58427.8,58445.0,58417.2,58426.8,42560
1761882300000,58362.0,58589.6,58050.2,58277.6,534030
1761893100000,58270.6,58329.8,58160.0,58173.4,214515
1761903900000,58176.8,58202.8,58170.0,58189.0,54810
1762141500000,58141.8,58444.4,58080.0,58325.0,466130
1762152300000,58324.0,58499.0,58324.0,58391.2,252875
1762163100000,58394.2,58437.8,58394.2,58429.0,53130
1762227900000,58409.8,58409.8,58074.8,58172.8,467880
1762238700000,58171.0,58220.0,58090.0,58126.0,172865
1762249500000,58140.0,58145.0,58096.4,58098.0,73360
1762400700000,58099.4,58194.4,57834.4,57884.0,412930
1762411500000,57887.0,58065.4,57852.6,57880.0,231910
1762422300000,57885.0,57902.8,57867.0,57887.8,47915
1762487100000,57800.0,58125.0,57450.4,58021.0,747110
1762497900000,58020.8,58299.0,57992.6,58170.0,427525
1762508700000,58171.0,58229.0,58169.0,58219.0,57295
1762746300000,58200.0,58383.8,58158.8,58288.2,310765
1762757100000,58282.8,58364.2,58227.4,58265.0,195720
1762767900000,58254.0,58273.0,58218.0,58220.6,81025
1762832700000,58220.6,58289.8,57862.2,58080.0,465150
1762843500000,58094.8,58400.0,58073.4,58365.0,387485
1762854300000,58363.4,58398.8,58347.0,58392.0,67095
1762919100000,58606.0,58650.0,58462.8,58565.0,439215
1762929900000,58550.0,58692.2,58525.0,58529.8,261205
1762940700000,58521.6,58535.0,58490.0,58490.0,70280
1763005500000,58449.8,58775.0,58360.0,58761.6,490875
1763016300000,58761.4,58772.0,58500.0,58532.4,295470
1763027100000,58539.8,58597.0,58515.2,58538.2,63315
1763091900000,58384.0,58661.0,58300.2,58599.4,507430
1763102700000,58600.0,58679.0,58379.8,58657.8,338030
1763113500000,58657.8,58690.0,58633.0,58682.0,101255
1763351100000,58761.2,59058.0,58695.8,58994.6,509810
1763361900000,58994.4,59067.4,58973.0,59008.6,196035
1763372700000,59006.0,59058.8,59006.0,59058.4,68320
1763437500000,59009.0,59099.8,58899.0,59035.0,339395
1763448300000,59035.0,59132.4,58955.4,58989.0,218645
1763459100000,58988.4,58999.0,58940.0,58950.0,58030
1763523900000,58970.6,59039.8,58773.0,58986.0,391580
1763534700000,58999.0,59263.0,58968.6,59223.8,425215
1763545500000,59218.6,59254.0,59213.6,59250.0,68040
1763610300000,59300.0,59330.0,59200.0,59280.2,306810
1763621100000,59270.6,59466.8,59250.2,59390.2,336945
1763631900000,59400.0,59427.0,59383.8,59402.0,47740
1763696700000,59250.0,59289.0,58885.0,59054.8,759080
1763707500000,59054.2,59175.0,58848.4,58886.0,630490
1763718300000,58901.4,58923.6,58824.2,58859.6,138845
1763955900000,58905.0,59299.0,58903.2,59213.6,544565
1763966700000,59207.6,59252.0,58897.8,58913.0,343385
1763977500000,58899.6,58925.4,58712.6,58770.8,122990
1764042300000,58826.2,59071.0,58756.0,58970.0,402850
1764053100000,58979.6,59165.6,58738.6,58822.4,398020
1764063900000,58819.4,58837.4,58813.8,58834.2,41090
1764128700000,59300.0,59891.0,59265.0,59762.0,767480
1764139500000,59777.4,59842.6,59707.2,59823.0,252525
1764150300000,59821.0,59839.2,59801.4,59835.0,79765
1764215100000,59889.8,60164.0,59845.0,60039.0,445690
1764225900000,60039.0,60125.0,59762.4,59995.0,420700
1764236700000,59991.0,60067.8,59972.8,60066.0,63490
1764301500000,59605.4,60165.6,58900.0,60067.0,257810
1764312300000,60065.0,60116.0,59982.0,60042.8,171745
1764323100000,60044.6,60087.6,60032.6,60083.0,52535
1764560700000,60230.0,60353.2,59892.4,59955.0,590800
1764571500000,59932.0,60042.0,59834.0,59959.0,301385
1764582300000,59969.8,59970.0,59888.0,59900.0,66185
1764647100000,59790.8,59950.0,59711.0,59832.2,342090
1764657900000,59815.0,59914.2,59622.0,59676.0,405720
1764668700000,59679.8,59700.0,59638.2,59695.0,86450
1764733500000,59690.0,59694.4,59314.8,59549.6,681870
1764744300000,59549.8,59799.0,59383.0,59751.4,427105
1764755100000,59752.8,59780.0,59728.8,59767.0,96215
1764819900000,59764.6,59865.8,59561.0,59615.4,415520
1764830700000,59612.6,59689.4,59440.0,59630.2,391860
1764841500000,59645.0,59659.0,59605.0,59647.2,59255
1764906300000,59647.2,60063.2,59556.4,59891.0,1040550
1764917100000,59881.0,60119.2,59859.2,60041.6,343910
1764927900000,60041.6,60083.0,60030.0,60080.0,96495
1765165500000,60072.0,60080.6,59697.6,59719.0,560805
1765176300000,59716.4,59739.6,59400.0,59574.2,638050
1765187100000,59571.4,59575.0,59465.8,59468.0,76125
1765251900000,59350.0,59625.0,59220.6,59600.0,579950
1765262700000,59605.0,59680.0,59480.4,59536.4,283500
1765273500000,59535.4,59550.0,59517.6,59546.0,62965
1765338300000,59556.2,59692.0,59222.8,59305.0,449015
1765349100000,59301.2,59374.8,59150.0,59226.8,312340
1765359900000,59250.0,59263.0,59200.0,59206.2,48685
1765424700000,59288.0,59719.2,59085.0,59656.8,633080
1765435500000,59664.0,59686.0,59373.8,59495.6,296835
1765446300000,59497.8,59517.2,59481.0,59495.0,45185
1765511100000,59630.0,59800.0,59455.6,59625.0,566755
1765521900000,59630.0,59695.6,59571.0,59656.0,112665
1765532700000,59658.6,59676.8,59635.2,59645.0,56105
1765770300000,59510.0,59734.0,59348.0,59713.2,485835
1765781100000,59713.2,59750.0,59634.0,59677.8,170380
1765791900000,59690.8,59694.2,59655.2,59680.0,37660
1765856700000,59530.0,59600.0,59243.4,59300.0,567350
1765867500000,59300.0,59393.8,59256.2,59314.2,225750
1765878300000,59311.4,59314.8,59225.0,59230.0,73220
1765943100000,59299.0,59355.0,59100.0,59117.2,334600
1765953900000,59117.0,59152.6,59025.0,59123.0,256235
1765964700000,59116.6,59184.4,59093.2,59183.0,53515
1766029500000,59040.0,59334.0,58913.2,59330.0,434490
1766040300000,59330.0,59372.2,59040.0,59079.6,328755
1766051100000,59080.0,59089.6,59059.0,59079.4,53410
1766115900000,59158.0,59299.0,59087.2,59186.2,302925
1766126700000,59192.8,59275.0,59109.4,59230.2,219730
1766137500000,59240.2,59240.2,59215.0,59232.0,49770
1766375100000,59395.0,59499.2,59343.0,59424.8,255500
1766385900000,59438.4,59454.2,59371.2,59434.4,116200
1766396700000,59434.0,59445.0,59423.6,59434.0,54880
1766461500000,59435.0,59514.8,59346.4,59400.0,214900
1766472300000,59384.8,59460.8,59380.0,59424.8,110810
1766483100000,59416.2,59426.2,59383.2,59386.6,39025
1766547900000,59435.2,59590.0,59370.0,59452.6,322770
1766558700000,59451.2,59469.0,59240.0,59275.0,322280
1766569500000,59275.4,59293.2,59221.0,59221.0,91070
1766720700000,59221.0,59230.6,59040.4,59099.2,342160
1766731500000,59096.0,59109.8,59010.0,59077.6,264705
1766742300000,59074.0,59074.0,59045.0,59055.0,42770
1766979900000,59033.4,59116.8,58831.8,58889.4,349720
1766990700000,58887.6,59007.8,58836.0,58949.8,261905
1767001500000,58942.2,58959.0,58928.0,58952.8,59150
1767066300000,58900.0,59073.0,58761.0,58862.4,488530
1767077100000,58861.4,59184.0,58860.6,59163.4,418775
1767087900000,59160.8,59179.0,59157.8,59167.8,65555
1767152700000,59628.0,59829.0,59555.2,59818.8,389700
1767163500000,59819.0,60043.0,59803.6,59880.0,393750
1767174300000,59880.0,59930.0,59870.2,59909.2,88170
1767239100000,59958.4,59992.2,59802.8,59925.0,192450
1767249900000,59920.2,59965.0,59894.8,59953.4,128250
1767260700000,59953.0,59964.0,59934.4,59962.2,33000
1767325500000,59999.0,60400.0,59971.0,60395.6,416490
1767336300000,60399.0,60399.0,60273.0,60327.8,208050
1767347100000,60320.0,60390.0,60310.2,60390.0,69000
1767584700000,60406.2,60538.4,60330.0,60427.4,329040
1767595500000,60428.2,60461.8,60016.0,60190.6,406380
1767606300000,60193.2,60195.0,60126.8,60157.0,62160
1767671100000,60206.2,60460.0,60142.2,60400.4,349620
1767681900000,60405.2,60407.8,60200.0,60310.0,152490
1767692700000,60317.8,60327.0,60300.0,60316.0,25080
1767757500000,60231.4,60270.2,60075.0,60136.0,324780
1767768300000,60136.8,60210.0,59966.0,60210.0,321600
1767779100000,60210.0,60215.0,60142.4,60170.0,58590
1767843900000,60063.0,60252.8,59755.0,59894.8,510330
1767854700000,59890.0,60000.0,59813.8,59904.8,224550
1767865500000,59905.0,59906.8,59850.4,59874.2,67530
1767930300000,59889.8,59930.4,59625.0,59641.0,416550
1767941100000,59631.4,59659.6,59441.0,59558.6,396150
1767951900000,59565.0,59565.6,59499.8,59525.0,58260
1768189500000,59591.0,59591.0,59127.6,59334.2,401820
1768200300000,59330.2,59812.6,59307.8,59693.2,478770
1768211100000,59700.0,59771.4,59693.6,59760.0,62250
1768275900000,59930.0,59930.0,59637.0,59708.0,348870
1768286700000,59705.0,59800.0,59450.0,59725.2,335370
1768297500000,59740.0,59779.8,59720.0,59739.0,47910
1768362300000,59655.0,59889.6,59580.2,59760.0,357510
1768373100000,59760.0,59950.0,59668.0,59775.6,232050
1768383900000,59775.4,59800.8,59765.8,59766.2,32010
1768535100000,59865.8,60280.0,59800.0,60212.2,581100
1768545900000,60213.6,60220.0,60050.0,60185.4,329910
1768556700000,60180.0,60240.0,60175.0,60200.0,66720
1768794300000,59999.6,60058.0,59692.8,59805.0,452040
1768805100000,59818.0,60045.0,59809.8,59909.2,202230
1768815900000,59903.2,59919.0,59862.4,59875.0,51360
1768880700000,59880.0,59975.0,59717.6,59775.0,336840
1768891500000,59775.0,59798.0,59460.0,59465.0,373500
1768902300000,59464.6,59518.6,59402.8,59454.0,113790
1768967100000,59350.4,59543.4,58350.0,58930.6,712200
1768977900000,58928.8,59394.8,58820.0,58864.4,547830
1768988700000,58846.8,58870.0,58794.8,58854.8,41190
1769053500000,59175.0,59631.8,58913.0,59108.4,751860
1769064300000,59108.4,59387.6,59040.0,59320.4,289950
1769075100000,59337.4,59424.8,59317.0,59390.0,51720
1769139900000,59464.0,59464.0,59000.0,59025.0,397290
1769150700000,59025.8,59244.8,58538.0,58634.8,493200
1769161500000,58634.0,58655.0,58370.0,58470.2,156150
1769485500000,58501.2,58841.2,58132.8,58749.8,546540
1769496300000,58749.8,59149.0,58579.6,59136.0,374040
1769507100000,59130.0,59226.2,59130.0,59205.0,52830
1769571900000,59750.0,59977.0,59655.6,59803.6,598290
1769582700000,59804.0,59896.0,59532.2,59835.8,316650
1769593500000,59848.0,59889.2,59833.0,59838.0,59670
1769658300000,59810.6,60081.8,59705.0,60021.2,454440
1769669100000,60021.4,60260.6,60000.0,60159.8,348390
1769679900000,60160.0,60254.4,60151.8,60244.8,91680
1769744700000,59999.0,60170.0,59850.0,60035.8,418740
1769755500000,60047.0,60080.0,59750.0,59935.8,325770
1769766300000,59936.0,59959.0,59869.2,59900.0,66930
1769917500000,59940.6,60095.0,59500.0,59564.8,690420
1769928300000,59551.4,59569.2,58046.0,58752.2,1054080
1769939100000,58751.0,58751.0,58595.2,58612.4,138960
1770003900000,58652.4,58818.2,58151.0,58545.4,810810
1770014700000,58542.8,58870.0,58344.6,58820.8,402420
1770025500000,58836.6,58889.8,58819.6,58841.8,55410
1770090300000,60975.4,61299.8,59960.0,60339.6,1851270
1770101100000,60343.8,60350.6,60142.0,60201.4,260070
1770111900000,60199.2,60245.0,60181.2,60182.2,82320
1770176700000,60125.0,60478.4,60061.4,60399.8,511740
1770187500000,60400.0,60589.4,60277.0,60440.0,301710
1770198300000,60442.4,60459.8,60375.2,60399.2,60960
1770263100000,60372.2,60412.4,60161.0,60205.0,274140
1770273900000,60205.0,60300.0,60121.0,60269.0,165540
1770284700000,60269.0,60278.0,60211.0,60227.4,43710
1770349500000,60160.6,60275.2,59836.0,60081.4,432120
1770360300000,60094.8,60290.2,59921.0,60258.4,175920
1770371100000,60258.6,60275.0,60216.8,60223.6,41850
1770608700000,60524.8,60819.2,60513.2,60746.6,610800
1770619500000,60742.0,60759.8,60635.0,60733.4,154500
1770630300000,60733.6,60745.6,60707.0,60728.8,49200
1770695100000,60830.0,60856.8,60700.2,60799.4,261600
1770705900000,60799.4,60850.0,60640.0,60725.0,186750
1770716700000,60720.0,60720.0,60670.0,60683.6,47790
1770781500000,60720.2,60838.0,60600.0,60735.0,291720
1770792300000,60738.0,60835.0,60701.0,60800.0,146670
1770803100000,60811.4,60822.2,60802.2,60817.0,33720
1770867900000,60779.0,60920.0,60733.0,60772.8,249810
1770878700000,60771.0,60870.0,60682.0,60803.2,296700
1770889500000,60820.0,60823.4,60771.0,60785.0,42960
1770954300000,60651.0,60665.0,60365.0,60425.8,442530
1770965100000,60426.2,60519.8,60375.0,60382.4,181140
1770975900000,60382.6,60398.8,60217.0,60267.0,124410
1771213500000,60201.4,60550.0,60121.4,60517.2,301740
1771224300000,60526.4,60987.6,60500.0,60976.2,483780
1771235100000,60969.0,61034.2,60942.6,61016.0,99810
1771299900000,60899.8,61178.0,60632.0,61108.0,382050
1771310700000,61107.2,61198.0,61015.0,61119.4,167520
1771321500000,61119.2,61124.4,61100.0,61110.4,37110
1771386300000,61115.8,61281.4,61053.2,61229.0,287130
1771397100000,61230.2,61568.2,61206.0,61482.0,280890
1771407900000,61483.0,61515.8,61475.6,61497.2,74640
1771472700000,61510.2,61567.4,61050.0,61053.0,398730
1771483500000,61050.8,61150.0,60735.0,60735.0,480150
1771494300000,60733.4,60750.0,60616.2,60640.0,114150
1771559100000,60660.0,61250.0,60643.2,61210.6,545610
1771569900000,61208.6,61400.0,60977.0,61175.4,432570
1771580700000,61192.0,61220.6,61101.0,61161.2,49410
1771818300000,61265.6,61500.0,61084.4,61133.6,395730
1771829100000,61155.0,61277.8,61020.2,61240.0,252120
1771839900000,61235.0,61289.8,61202.8,61219.0,33330
1771904700000,61162.2,61435.0,61050.0,61235.6,385350
1771915500000,61235.6,61235.6,60805.0,61031.8,346110
1771926300000,61032.2,61065.6,61030.4,61042.2,45030
1771991100000,61550.8,61680.0,61418.8,61427.2,295350
1772001900000,61427.2,61487.4,61151.0,61365.8,404910
1772012700000,61372.0,61399.0,61345.0,61369.2,31230
1772077500000,61416.0,61570.0,61282.0,61288.0,228870
1772088300000,61280.4,61552.2,61156.2,61499.8,232110
1772099100000,61499.8,61515.0,61465.6,61477.0,39630
1772163900000,61358.4,61358.4,60956.0,61054.4,466500
1772174700000,61050.2,61181.0,60824.4,60907.0,319140
1772185500000,60907.0,60927.8,60828.8,60870.0,109410
1772423100000,60399.8,60622.2,60054.6,60135.0,858000
1772433900000,60125.0,60284.8,59749.8,60237.6,458100
1772444700000,60244.6,60260.0,60200.0,60255.0,71040
1772595900000,59266.0,59450.2,58826.0,58851.8,961800
1772606700000,58854.2,59395.0,58846.4,59079.6,408570
1772617500000,59078.6,59120.0,59003.6,59109.2,70470
1772682300000,59278.0,59419.8,59010.0,59090.0,472950
1772693100000,59085.0,59640.0,58840.0,59246.2,680400
1772703900000,59250.6,59353.0,59184.4,59280.0,82200
1772768700000,58988.4,59077.2,58636.0,58694.2,525630
1772779500000,58681.0,58708.4,58000.0,58025.0,479070
1772790300000,58025.0,58117.4,57950.2,58020.0,195060
1773027900000,56901.0,56901.0,55527.4,56010.0,1277490
1773038700000,56008.2,56427.0,55870.0,56404.8,425460
1773049500000,56407.6,56415.0,56278.2,56278.4,71490
1773114300000,56833.2,57229.0,56636.2,57030.0,640590
1773125100000,57023.2,57397.0,56870.0,57243.8,385590
1773135900000,57242.0,57377.0,57240.0,57332.0,115980
1773200700000,57222.0,57279.2,56255.2,56394.0,727020
1773211500000,56375.6,56474.0,55900.0,55925.0,475650
1773222300000,55928.8,55980.0,55825.6,55834.4,176970
1773287100000,55198.6,55635.0,55015.6,55473.6,795750
1773297900000,55485.0,55923.0,55225.8,55360.0,500130
1773308700000,55376.8,55440.0,55360.0,55438.6,53070
1773373500000,55001.0,55009.8,54191.0,54302.4,814950
1773384300000,54303.2,54319.2,53841.2,53950.0,613350
1773395100000,53941.0,53954.2,53850.0,53870.0,85920
1773632700000,53919.8,54412.0,53460.6,53901.0,782430
1773643500000,53901.0,54780.6,53713.4,54645.8,596130
1773654300000,54650.0,54673.4,54385.8,54485.8,90630
1773719100000,54648.0,54830.0,54221.2,54500.0,565590
1773729900000,54500.0,55089.0,54351.2,55039.6,420450
1773740700000,55033.6,55045.0,54964.0,55008.8,87810
1773805500000,55066.2,55479.8,54790.0,55323.8,676860
1773816300000,55333.4,55660.0,55194.8,55444.0,419040
1773827100000,55447.0,55460.0,55333.0,55410.0,46860
1773891900000,54087.0,54297.6,53594.0,54126.2,1010520
1773902700000,54127.0,54259.8,53290.0,53500.0,557220
1773913500000,53500.0,53802.8,53480.0,53778.6,127830
1773978300000,53800.0,54533.8,53743.4,53969.2,657360
1773989100000,53962.8,54144.2,53467.4,53531.4,621270
1773999900000,53513.6,53578.6,53420.2,53562.0,106080
1774237500000,52850.0,52850.0,51640.2,51789.8,640830
1774248300000,51783.4,52124.8,51483.6,51487.0,512310
1774259100000,51482.0,51493.4,51331.8,51372.8,121680
1774323900000,52125.0,52585.8,51875.0,52036.6,759330
1774334700000,52030.6,52999.0,52011.2,52620.0,844920
1774345500000,52620.0,52844.0,52563.2,52844.0,61440
1774410300000,53067.0,54121.8,53030.0,54108.8,736950
1774421100000,54122.0,54167.6,53662.2,53711.2,397560
1774431900000,53706.4,53755.0,53684.0,53725.8,68160
1774583100000,53366.2,53368.2,52471.4,52515.6,634560
1774593900000,52514.8,52737.6,52250.0,52326.0,533880
1774604700000,52326.0,52336.4,52232.8,52237.0,112980
1774842300000,51500.0,51576.2,50761.6,50948.8,791550
1774853100000,50948.8,51019.8,50093.2,50272.2,714930
1774863900000,50276.8,50300.0,50253.6,50275.0,74910
1775015100000,51651.0,52050.0,51440.0,52000.0,910980
1775025900000,52000.0,52398.8,51685.2,51777.2,558030
1775036700000,51777.2,51820.4,51750.0,51780.0,43530
1775101500000,50935.0,50935.0,50172.0,50316.4,585060
1775112300000,50325.4,51993.4,50250.0,51924.0,891780
1775123100000,51937.2,51980.0,51700.0,51862.0,125310
1775447100000,51820.4,52073.2,51400.0,51890.4,493860
1775457900000,51900.0,52980.0,51841.0,52969.0,546390
1775468700000,52969.0,52985.0,52854.0,52883.4,109590
1775533500000,52555.2,52582.4,52138.0,52368.2,474810
1775544300000,52388.0,52940.0,52230.0,52850.0,379950
1775555100000,52850.0,52900.0,52815.0,52849.8,95520
1775619900000,54872.8,55729.0,54805.4,55610.0,1110750
1775630700000,55610.0,55960.0,55460.0,55885.0,350100
1775641500000,55885.2,55999.6,55885.2,55990.0,111750
1775706300000,55687.6,55735.2,55265.4,55475.0,567300
1775717100000,55479.0,55499.0,54838.0,55125.0,394440
1775727900000,55110.0,55133.0,55045.0,55059.8,49950
1775792700000,55260.0,56083.2,55250.0,55915.2,627930
1775803500000,55925.0,56129.8,55776.0,56080.0,349170
1775814300000,56080.0,56113.2,56050.2,56105.6,60840
1776051900000,55100.0,55345.0,54606.6,55340.4,560430
1776062700000,55345.0,55875.0,55326.0,55788.0,351660
1776073500000,55780.0,55782.8,55688.6,55748.0,69870
1776224700000,56664.2,56995.0,56247.0,56485.0,612960
1776235500000,56479.8,56550.6,56311.4,56385.0,157470
1776246300000,56391.0,56420.0,56370.8,56380.0,39180
1776311100000,56775.6,56904.2,56150.0,56244.8,431280
1776321900000,56228.4,56444.0,56035.8,56223.0,282660
1776332700000,56216.0,56225.0,56120.8,56145.0,37080
1776397500000,56105.2,56497.6,55898.4,56430.0,265830
1776408300000,56418.8,56794.4,56400.0,56670.2,246990
1776419100000,56669.8,56705.4,56625.0,56667.2,90420
1776656700000,56775.0,57148.4,56451.0,56903.0,543240
1776667500000,56890.0,57075.0,56500.0,56644.8,330390
1776678300000,56640.0,56640.0,56510.0,56548.0,87810
1776743100000,56737.8,57332.2,56658.2,57293.4,406770
1776753900000,57260.2,57420.0,57210.0,57376.0,227070
1776764700000,57381.0,57416.0,57316.0,57372.0,80220
1776829500000,57177.0,57477.0,57007.0,57355.4,445650
1776840300000,57354.4,57420.0,57118.2,57121.0,178560
1776851100000,57122.6,57165.0,57105.0,57165.0,49470
1776915900000,56709.0,56890.8,56500.0,56580.0,446490
1776926700000,56570.0,56620.0,56258.4,56275.4,357660
1776937500000,56275.4,56380.0,56258.0,56368.0,58440
1777002300000,56310.0,56490.0,55896.0,56225.0,424830
1777013100000,56234.0,56298.8,55806.0,56170.0,342420
1777023900000,56193.8,56299.0,56171.0,56172.2,51450
1777261500000,56300.2,56570.0,55940.2,56116.4,415980
1777272300000,56116.4,56445.0,56062.8,56388.8,289680
1777283100000,56372.0,56398.4,56330.8,56390.0,40320
1777347900000,56098.0,56158.0,55630.0,55670.0,368430
1777358700000,55676.0,55750.0,55400.0,55414.8,243060
1777369500000,55417.6,55423.8,55376.0,55397.6,52950
1777434300000,55872.8,56340.0,55650.0,56325.0,453930
1777445100000,56325.0,56502.0,55655.6,55655.6,459300
1777455900000,55655.0,55690.2,55506.2,55560.2,111000
1777520700000,55042.2,55098.8,54605.0,54949.0,515310
1777531500000,54950.0,55350.0,54881.2,55144.0,389790
1777542300000,55154.8,55319.8,55129.0,55300.0,46320
1777866300000,55475.2,55933.0,55359.0,55360.0,448350
1777877100000,55359.8,55440.0,54966.0,55177.4,433680
1777887900000,55211.4,55224.0,55096.4,55100.0,52020
1777952700000,54884.8,54945.2,54430.0,54577.0,417660
1777963500000,54577.0,55177.4,54551.8,54828.0,371340
1777974300000,54840.0,54866.0,54775.2,54790.0,51330
1778039100000,55324.8,55581.4,55100.0,55131.0,442110
1778049900000,55130.0,56389.8,54850.0,56319.0,890790
1778060700000,56319.0,56449.0,56310.0,56430.0,126810
1778125500000,56438.0,56450.0,55952.0,56231.0,438150
1778136300000,56231.0,56590.0,56125.6,56225.0,334440
1778147100000,56225.0,56340.0,56220.0,56320.0,40410
1778211900000,56099.8,56099.8,55701.0,55725.0,352920
1778222700000,55742.8,55768.4,55300.0,55548.8,465420
1778233500000,55549.0,55600.0,55457.0,55494.0,83490
1778471100000,54994.8,55050.8,54475.0,54959.0,514140
1778481900000,54959.0,55184.8,54550.6,54592.8,300870
1778492700000,54598.4,54640.0,54550.0,54572.8,77640
1778557500000,54400.0,54478.2,54001.0,54060.0,398370
1778568300000,54060.0,54114.6,53594.2,53675.0,340320
1778579100000,53689.2,53850.0,53677.4,53831.8,62070
1778643900000,53705.2,54271.2,53397.6,54209.4,498540
1778654700000,54190.0,54325.0,53550.0,53675.0,342450
1778665500000,53675.0,53687.8,53547.8,53604.0,51180
1778730300000,53843.8,54378.0,53260.2,54305.0,661740
1778741100000,54313.8,54550.0,54120.4,54150.8,365520
1778751900000,54152.2,54350.0,54134.6,54348.0,39420
1778816700000,54266.6,54459.0,53925.0,54210.0,393780
1778827500000,54207.0,54450.0,53770.2,53840.0,323670
1778838300000,53832.2,53924.8,53758.4,53895.4,55740
1779075900000,53408.2,53408.2,52872.6,53189.0,520380
1779086700000,53198.0,53838.8,53149.8,53665.4,344010
1779097500000,53626.2,53750.0,53600.0,53730.0,86250
1779162300000,53799.0,53950.0,53520.0,53789.0,381870
1779173100000,53786.0,53828.8,53437.2,53521.0,212490
1779183900000,53521.0,53541.8,53458.4,53491.8,48960
1779248700000,53101.0,53529.8,52900.0,53331.2,390000
1779259500000,53338.0,53819.8,53151.0,53765.0,278970
1779270300000,53775.4,53800.0,53711.2,53755.2,35430
1779335100000,54080.0,54199.4,53605.0,53690.2,409740
1779345900000,53684.8,53705.8,53200.0,53500.4,546150
1779356700000,53513.8,53600.0,53465.0,53600.0,60900
1779421500000,53600.0,54200.0,53600.0,54155.4,598770
1779432300000,54155.4,54339.8,53972.4,54192.0,476490
1779443100000,54190.2,54353.6,54190.2,54353.6,89760
1779680700000,54634.6,55199.0,54634.6,55074.0,544920
1779691500000,55062.8,55400.0,54935.0,55390.0,355860
1779702300000,55390.0,55600.0,55371.6,55578.0,81390
1779767100000,55455.6,55559.8,55189.0,55225.0,387000
1779777900000,55225.0,55268.2,55008.0,55091.6,293070
1779788700000,55092.4,55099.0,55080.8,55088.4,65220
1779853500000,55450.4,55571.0,55190.0,55338.8,450540
1779864300000,55327.4,55420.0,55080.0,55199.6,276390
1779875100000,55204.2,55270.0,55200.0,55230.0,54780
1780026300000,55260.0,55529.4,55100.0,55221.4,442590
1780037100000,55200.0,55250.0,54601.0,54779.6,587610
1780047900000,54755.0,54850.0,54663.8,54770.0,196680
1780285500000,54798.8,54971.0,54095.0,54221.2,515370
1780296300000,54211.0,54245.8,53811.0,53980.0,356790
1780307100000,53974.8,54028.0,53910.0,53947.8,55560
1780371900000,53421.0,53890.0,53401.0,53626.6,588180
1780382700000,53624.8,54404.8,53500.2,54155.0,474660
1780393500000,54155.0,54230.0,54125.0,54164.8,39630
1780458300000,53989.8,53999.8,53287.6,53376.4,563910
1780469100000,53381.0,54649.8,53376.4,54475.0,1032060
1780479900000,54484.0,54600.0,54463.2,54541.0,103920
1780544700000,54295.2,54681.8,54126.0,54573.2,443880
1780555500000,54580.0,54750.0,54230.6,54590.0,268290
1780566300000,54583.4,54685.0,54564.4,54651.2,77520
1780631100000,54776.8,55166.2,54412.2,54943.8,1216320
1780641900000,54940.0,54999.0,54367.4,54777.6,528360
1780652700000,54794.0,54833.4,54725.0,54799.0,66870
1780890300000,54249.8,54650.0,54195.2,54520.0,433500
1780901100000,54520.0,54698.0,54225.2,54300.0,321660
1780911900000,54310.0,54324.0,54164.0,54200.0,69900
1780976700000,54460.0,55040.0,54391.6,55014.2,578880
1780987500000,55016.0,55470.0,55000.0,55385.0,653100
1780998300000,55360.4,55443.0,55341.2,55442.0,84960
1781063100000,55303.0,55573.4,55191.8,55553.0,710580
1781073900000,55550.4,55607.0,55135.8,55155.0,535800
1781084700000,55151.4,55239.4,55125.0,55210.0,135210
1781149500000,54999.6,55505.0,54900.0,55500.0,379590
1781160300000,55500.2,55650.0,55189.0,55285.0,337110
1781171100000,55285.0,55331.4,55242.0,55315.0,63270
1781235900000,55900.2,56020.0,55800.0,55835.0,378630
1781246700000,55834.0,56926.4,55825.0,56905.0,701280
1781257500000,56900.0,56916.0,56830.0,56898.0,72720
