datetime,open,high,low,close,volume
1780890300000,54249.8,54279.6,54195.2,54279.6,13230
1780890305000,54250.0,54250.0,54200.0,54200.0,3540
1780890310000,54200.0,54268.2,54200.0,54226.0,3780
1780890315000,54250.4,54250.4,54226.0,54241.6,2610
1780890320000,54262.8,54300.2,54262.8,54300.2,1860
1780890325000,54333.0,54345.2,54285.0,54320.8,2430
1780890330000,54319.8,54330.2,54313.2,54313.2,1500
1780890335000,54309.4,54309.4,54274.2,54282.4,3450
1780890340000,54257.0,54297.2,54257.0,54296.8,570
1780890345000,54300.0,54300.0,54291.4,54300.0,1020
1780890350000,54296.6,54303.0,54296.6,54303.0,1770
1780890355000,54292.0,54292.0,54280.0,54283.2,1950
1780890360000,54283.6,54283.6,54264.2,54277.0,2160
1780890365000,54270.0,54270.0,54231.2,54246.8,1710
1780890370000,54240.6,54240.6,54209.2,54209.2,1800
1780890375000,54227.2,54227.2,54210.0,54210.2,1500
1780890380000,54213.0,54250.0,54213.0,54221.8,1290
1780890385000,54218.4,54279.6,54218.4,54279.6,1500
1780890390000,54233.8,54295.0,54233.8,54282.6,360
1780890395000,54280.4,54299.0,54280.4,54299.0,360
1780890400000,54287.0,54314.8,54287.0,54314.8,1020
1780890405000,54314.4,54314.4,54288.0,54288.0,1590
1780890410000,54300.0,54330.0,54300.0,54330.0,270
1780890415000,54330.0,54347.2,54330.0,54347.2,810
1780890420000,54320.4,54366.0,54320.4,54345.8,1050
1780890425000,54320.2,54357.8,54320.2,54321.8,1500
1780890430000,54345.8,54345.8,54341.8,54345.8,420
1780890435000,54357.8,54366.0,54357.8,54366.0,1080
1780890440000,54370.0,54372.8,54345.8,54372.8,450
1780890445000,54362.6,54380.0,54362.6,54378.8,1440
1780890450000,54377.0,54379.0,54360.6,54376.0,1080
1780890455000,54376.0,54376.0,54359.4,54359.4,1410
1780890460000,54359.0,54360.6,54353.2,54357.2,990
1780890465000,54355.0,54360.6,54349.2,54353.0,690
1780890470000,54346.8,54355.0,54346.8,54351.6,210
1780890475000,54346.8,54364.6,54346.8,54354.0,1020
1780890480000,54350.0,54373.8,54350.0,54362.0,540
1780890485000,54365.4,54367.4,54347.0,54353.8,1800
1780890490000,54359.6,54361.0,54350.0,54361.0,1770
1780890495000,54356.0,54364.8,54356.0,54357.8,930
1780890500000,54359.6,54359.6,54348.8,54348.8,420
1780890505000,54348.8,54350.0,54348.2,54348.2,690
1780890510000,54347.0,54348.4,54336.6,54348.4,330
1780890515000,54330.8,54340.0,54330.2,54330.2,420
1780890520000,54330.2,54341.8,54330.2,54340.0,360
1780890525000,54340.0,54356.0,54340.0,54356.0,660
1780890530000,54342.8,54359.6,54342.8,54359.6,180
1780890535000,54359.8,54359.8,54354.8,54354.8,600
1780890540000,54360.0,54365.4,54360.0,54365.4,480
1780890545000,54369.0,54374.0,54365.6,54365.6,420
1780890550000,54366.0,54370.0,54366.0,54366.2,120
1780890555000,54377.0,54390.0,54377.0,54390.0,1020
1780890560000,54389.8,54397.0,54380.6,54390.4,990
1780890565000,54400.0,54401.0,54398.0,54401.0,1890
1780890570000,54416.0,54430.6,54416.0,54421.0,510
1780890575000,54420.0,54434.6,54408.0,54408.0,600
1780890580000,54422.6,54424.8,54419.2,54419.2,930
1780890585000,54420.0,54424.8,54400.2,54424.8,450
1780890590000,54426.4,54430.0,54424.8,54430.0,330
1780890595000,54426.0,54433.2,54422.8,54433.2,390
1780890600000,54440.6,54443.6,54404.0,54404.2,2190
1780890605000,54418.4,54418.4,54395.0,54395.0,1260
1780890610000,54380.0,54380.0,54366.0,54366.0,690
1780890615000,54360.0,54363.8,54358.0,54358.0,1020
1780890620000,54350.0,54350.0,54350.0,54350.0,420
1780890625000,54341.8,54350.0,54330.0,54330.0,390
1780890630000,54330.0,54355.2,54330.0,54349.2,450
1780890635000,54349.8,54349.8,54330.0,54330.0,390
1780890640000,54350.0,54350.0,54330.2,54330.2,90
1780890645000,54355.4,54360.0,54355.4,54360.0,420
1780890650000,54360.0,54360.0,54360.0,54360.0,330
1780890655000,54360.0,54360.0,54348.0,54350.0,540
1780890660000,54353.4,54353.4,54331.0,54332.0,300
1780890665000,54354.6,54354.6,54336.0,54348.0,210
1780890670000,54350.0,54350.0,54337.0,54337.0,90
1780890675000,54340.0,54340.0,54330.0,54330.0,270
1780890680000,54326.0,54337.0,54325.0,54337.0,420
1780890685000,54341.0,54358.0,54333.6,54358.0,570
1780890690000,54341.0,54350.0,54341.0,54350.0,570
1780890695000,54360.8,54360.8,54360.8,54360.8,30
1780890700000,54350.0,54374.0,54350.0,54374.0,180
1780890705000,54355.2,54388.0,54355.2,54369.0,450
1780890710000,54390.0,54390.0,54389.6,54389.6,120
1780890715000,54369.0,54390.0,54362.0,54390.0,780
1780890720000,54390.0,54396.0,54371.2,54396.0,900
1780890725000,54401.0,54429.8,54397.0,54397.0,1110
1780890730000,54412.0,54412.0,54410.0,54410.0,90
1780890735000,54412.0,54437.2,54412.0,54437.2,360
1780890740000,54416.0,54429.8,54413.0,54429.8,390
1780890745000,54430.0,54430.0,54401.0,54401.0,210
1780890750000,54400.2,54419.8,54396.6,54419.8,330
1780890755000,54422.0,54430.0,54405.2,54430.0,120
1780890760000,54412.0,54430.0,54412.0,54430.0,270
1780890765000,54400.2,54425.2,54400.2,54425.2,480
1780890770000,54424.4,54425.0,54415.0,54424.0,210
1780890775000,54424.0,54424.0,54424.0,54424.0,480
1780890780000,54401.2,54424.0,54401.2,54424.0,300
1780890785000,54424.0,54440.0,54420.0,54440.0,1590
1780890790000,54428.6,54436.6,54428.6,54436.6,390
1780890795000,54440.8,54450.0,54440.0,54440.0,1890
1780890800000,54440.0,54440.0,54440.0,54440.0,180
1780890805000,54440.0,54454.0,54437.6,54437.6,600
1780890810000,54436.6,54436.6,54420.0,54420.0,420
1780890815000,54415.8,54422.0,54415.8,54422.0,90
1780890820000,54436.6,54437.6,54421.0,54437.6,360
1780890825000,54440.0,54449.6,54440.0,54445.0,450
1780890830000,54440.0,54449.6,54440.0,54449.6,960
1780890835000,54451.0,54463.0,54451.0,54463.0,1140
1780890840000,54465.0,54470.0,54462.0,54462.0,660
1780890845000,54463.0,54479.8,54463.0,54475.0,420
1780890850000,54476.0,54479.8,54476.0,54479.8,330
1780890855000,54475.0,54475.0,54468.6,54468.6,480
1780890860000,54449.6,54458.6,54449.6,54458.6,150
1780890865000,54449.6,54464.8,54440.0,54440.0,1020
1780890870000,54460.0,54460.0,54445.8,54450.0,660
1780890875000,54450.0,54469.0,54450.0,54451.0,630
1780890880000,54456.6,54485.0,54456.6,54461.0,870
1780890885000,54472.0,54480.0,54450.0,54450.0,930
1780890890000,54470.0,54470.0,54463.0,54463.0,150
1780890895000,54463.0,54470.0,54463.0,54463.0,120
1780890900000,54469.8,54475.0,54469.8,54475.0,480
1780890905000,54465.0,54475.0,54465.0,54475.0,120
1780890910000,54469.6,54469.6,54456.0,54463.0,450
1780890915000,54455.0,54455.0,54450.0,54450.0,450
1780890920000,54447.0,54470.0,54447.0,54470.0,270
1780890925000,54470.0,54480.0,54470.0,54470.0,510
1780890930000,54470.0,54470.0,54440.0,54440.0,990
1780890935000,54424.6,54424.6,54408.0,54420.0,390
1780890940000,54436.0,54436.0,54420.0,54420.0,180
1780890945000,54450.0,54470.0,54449.0,54449.0,240
1780890950000,54480.0,54480.0,54453.2,54480.0,390
1780890955000,54460.0,54460.0,54460.0,54460.0,60
1780890960000,54480.0,54494.0,54480.0,54494.0,810
1780890965000,54500.0,54500.0,54470.0,54480.0,1560
1780890970000,54492.6,54492.6,54460.0,54488.6,1410
1780890975000,54486.4,54486.4,54480.0,54480.0,210
1780890980000,54482.2,54482.4,54482.2,54482.4,240
1780890985000,54491.6,54491.6,54480.0,54480.0,150
1780890990000,54461.0,54461.0,54460.0,54460.0,270
1780890995000,54450.0,54450.0,54450.0,54450.0,2670
1780891000000,54479.0,54480.0,54479.0,54480.0,60
1780891005000,54490.0,54490.0,54490.0,54490.0,30
1780891010000,54495.0,54510.0,54495.0,54510.0,360
1780891015000,54501.0,54512.6,54501.0,54512.6,180
1780891020000,54501.0,54510.0,54501.0,54510.0,120
1780891025000,54508.2,54516.6,54508.2,54508.2,690
1780891030000,54496.6,54517.6,54496.6,54508.2,690
1780891035000,54508.2,54520.0,54508.2,54520.0,240
1780891040000,54515.0,54525.0,54514.6,54525.0,630
1780891045000,54548.8,54557.0,54523.0,54540.0,1980
1780891050000,54540.0,54549.0,54530.0,54530.0,600
1780891055000,54545.0,54545.0,54510.0,54524.8,540
1780891060000,54523.0,54523.0,54500.2,54501.0,300
1780891065000,54510.0,54515.2,54490.2,54515.2,270
1780891070000,54510.0,54515.2,54500.0,54515.2,1020
1780891075000,54510.0,54522.6,54490.2,54522.6,240
1780891080000,54493.8,54493.8,54490.0,54490.0,240
1780891085000,54491.0,54505.4,54491.0,54500.0,150
1780891090000,54491.0,54491.0,54491.0,54491.0,180
1780891095000,54512.6,54512.6,54510.0,54512.6,270
1780891100000,54500.0,54513.0,54500.0,54513.0,330
1780891105000,54500.0,54512.0,54500.0,54512.0,120
1780891110000,54519.0,54544.0,54519.0,54544.0,990
1780891115000,54535.0,54549.0,54521.6,54539.0,210
1780891120000,54533.0,54550.0,54533.0,54544.6,150
1780891125000,54550.0,54554.0,54550.0,54550.0,1200
1780891130000,54557.0,54557.0,54550.0,54550.0,240
1780891135000,54559.0,54560.0,54555.0,54560.0,330
1780891140000,54557.0,54568.0,54557.0,54558.0,450
1780891145000,54558.0,54565.0,54558.0,54565.0,180
1780891150000,54568.0,54570.0,54564.4,54564.4,720
1780891155000,54558.0,54561.0,54539.0,54550.0,900
1780891160000,54550.0,54550.0,54539.0,54539.0,900
1780891165000,54547.2,54550.0,54540.0,54540.0,1050
1780891170000,54540.0,54540.0,54539.0,54539.0,1080
1780891175000,54536.0,54540.0,54536.0,54536.0,330
1780891180000,54550.0,54550.0,54523.0,54523.0,1170
1780891185000,54548.2,54548.2,54540.0,54540.0,60
1780891190000,54524.2,54540.0,54524.2,54540.0,390
1780891195000,54530.2,54530.2,54530.0,54530.0,420
1780891200000,54530.0,54530.0,54522.6,54524.6,1410
1780891205000,54521.6,54525.0,54521.6,54521.6,2280
1780891210000,54521.0,54521.0,54516.2,54516.2,1530
1780891215000,54509.8,54509.8,54505.2,54505.2,2040
1780891220000,54501.2,54501.2,54500.0,54500.0,420
1780891225000,54495.0,54496.4,54494.2,54496.4,570
1780891230000,54500.0,54500.0,54493.6,54493.6,8760
1780891235000,54500.0,54540.0,54500.0,54540.0,2040
1780891240000,54545.0,54560.0,54545.0,54560.0,1620
1780891245000,54550.0,54550.0,54540.0,54550.0,1200
1780891250000,54560.0,54560.0,54552.8,54560.0,1080
1780891255000,54560.0,54565.0,54555.6,54565.0,1140
1780891260000,54566.0,54579.8,54566.0,54579.8,840
1780891265000,54568.8,54579.0,54568.8,54579.0,480
1780891270000,54577.6,54579.8,54571.0,54571.0,210
1780891275000,54580.0,54580.0,54560.0,54560.0,1350
1780891280000,54569.0,54569.0,54545.2,54545.2,1470
1780891285000,54572.4,54572.4,54560.0,54560.0,660
1780891290000,54550.0,54560.0,54550.0,54560.0,990
1780891295000,54560.0,54560.0,54548.0,54548.0,630
1780891300000,54550.0,54550.0,54549.0,54550.0,360
1780891305000,54547.0,54547.0,54546.0,54546.0,90
1780891310000,54548.0,54548.0,54540.0,54540.0,480
1780891315000,54550.0,54552.0,54548.0,54552.0,570
1780891320000,54550.0,54550.0,54550.0,54550.0,300
1780891325000,54551.0,54551.0,54525.2,54525.2,330
1780891330000,54530.2,54550.0,54530.2,54550.0,780
1780891335000,54550.0,54550.0,54540.0,54540.0,960
1780891340000,54549.4,54549.4,54545.0,54545.0,1080
1780891345000,54550.0,54550.0,54545.0,54545.0,1590
1780891350000,54550.0,54550.0,54550.0,54550.0,540
1780891355000,54550.0,54551.0,54550.0,54551.0,2340
1780891360000,54552.8,54575.0,54552.8,54575.0,1110
1780891365000,54560.0,54576.6,54560.0,54576.6,690
1780891370000,54568.6,54579.8,54568.6,54579.8,1230
1780891375000,54579.8,54585.0,54575.0,54585.0,1470
1780891380000,54590.0,54590.0,54584.6,54590.0,1110
1780891385000,54590.0,54592.0,54589.0,54592.0,270
1780891390000,54592.2,54595.0,54584.0,54584.0,420
1780891395000,54595.0,54596.0,54595.0,54596.0,660
1780891400000,54598.0,54599.0,54598.0,54598.0,660
1780891405000,54599.0,54600.0,54598.0,54600.0,330
1780891410000,54598.0,54612.0,54598.0,54612.0,2040
1780891415000,54624.0,54629.0,54610.2,54629.0,1470
1780891420000,54630.0,54640.0,54625.0,54630.0,2580
1780891425000,54640.0,54641.0,54630.0,54641.0,1590
1780891430000,54639.0,54644.0,54630.0,54630.0,1200
1780891435000,54641.0,54645.0,54610.4,54610.4,1560
1780891440000,54648.6,54648.6,54610.0,54639.0,2640
1780891445000,54649.0,54649.0,54620.0,54620.0,690
1780891450000,54617.0,54620.0,54616.0,54620.0,450
1780891455000,54616.0,54616.0,54601.6,54616.0,510
1780891460000,54618.0,54618.0,54600.8,54600.8,240
1780891465000,54615.0,54615.0,54599.6,54599.6,900
1780891470000,54596.0,54614.8,54596.0,54614.8,180
1780891475000,54608.0,54608.0,54592.8,54592.8,660
1780891480000,54596.2,54645.8,54596.2,54645.8,2040
1780891485000,54648.8,54648.8,54616.4,54616.4,570
1780891490000,54631.0,54650.0,54631.0,54646.6,840
1780891495000,54648.2,54648.2,54648.2,54648.2,330
1780891500000,54650.0,54650.0,54632.0,54632.0,570
1780891505000,54628.4,54628.4,54610.0,54610.0,330
1780891510000,54619.0,54620.0,54616.0,54620.0,1110
1780891515000,54621.0,54623.0,54614.0,54614.0,720
1780891520000,54620.0,54620.0,54600.0,54600.0,1020
1780891525000,54591.0,54600.0,54580.2,54580.2,630
1780891530000,54575.0,54580.0,54575.0,54580.0,330
1780891535000,54565.0,54565.0,54565.0,54565.0,150
1780891540000,54565.0,54570.0,54565.0,54570.0,510
1780891545000,54570.0,54570.0,54566.2,54566.2,180
1780891550000,54580.0,54580.0,54570.0,54570.0,450
1780891555000,54580.0,54580.0,54565.2,54565.2,210
1780891560000,54580.0,54580.0,54565.0,54565.0,240
1780891565000,54574.6,54579.8,54560.0,54560.0,660
1780891570000,54560.0,54560.0,54540.0,54540.0,1170
1780891575000,54540.0,54540.0,54533.0,54533.0,300
1780891580000,54540.0,54540.0,54521.2,54521.2,540
1780891585000,54540.0,54549.8,54519.4,54519.4,750
1780891590000,54540.0,54540.0,54521.2,54540.0,150
1780891595000,54530.0,54530.0,54530.0,54530.0,30
1780891600000,54530.0,54530.0,54521.2,54521.2,240
1780891605000,54515.0,54515.0,54515.0,54515.0,30
1780891610000,54515.0,54525.0,54515.0,54525.0,480
1780891615000,54515.0,54520.0,54515.0,54520.0,780
1780891620000,54513.2,54513.2,54505.0,54505.0,810
1780891625000,54504.0,54504.0,54496.0,54496.0,900
1780891630000,54495.0,54510.0,54493.0,54493.0,270
1780891635000,54501.0,54501.2,54501.0,54501.2,210
1780891640000,54509.8,54509.8,54501.0,54501.0,360
1780891645000,54501.0,54501.0,54490.0,54500.0,300
1780891650000,54500.0,54500.0,54490.0,54490.0,60
1780891655000,54477.2,54477.2,54477.2,54477.2,300
1780891660000,54485.0,54485.0,54478.6,54478.6,240
1780891665000,54480.0,54480.0,54477.0,54477.0,150
1780891670000,54476.0,54476.0,54475.0,54475.0,150
1780891675000,54480.0,54480.0,54470.0,54470.0,420
1780891680000,54470.0,54480.0,54470.0,54470.2,360
1780891685000,54470.0,54485.0,54470.0,54485.0,270
1780891690000,54470.0,54470.0,54470.0,54470.0,180
1780891695000,54470.0,54479.0,54452.6,54452.6,1020
1780891700000,54477.2,54479.8,54452.6,54479.8,120
1780891705000,54499.4,54499.4,54499.4,54499.4,150
1780891710000,54479.0,54500.0,54479.0,54500.0,240
1780891715000,54505.0,54505.0,54500.0,54500.0,60
1780891720000,54500.0,54500.0,54500.0,54500.0,30
1780891730000,54494.0,54508.0,54494.0,54508.0,120
1780891735000,54499.0,54499.0,54499.0,54499.0,30
1780891740000,54482.8,54499.6,54480.2,54499.6,240
1780891745000,54488.4,54488.4,54488.4,54488.4,180
1780891750000,54488.4,54488.4,54488.4,54488.4,30
1780891755000,54500.0,54510.0,54500.0,54510.0,180
1780891760000,54510.6,54512.2,54510.6,54512.2,180
1780891765000,54511.8,54524.0,54511.8,54524.0,150
1780891775000,54525.0,54525.0,54500.0,54500.0,180
1780891780000,54528.0,54529.0,54528.0,54529.0,60
1780891785000,54528.0,54531.0,54528.0,54531.0,90
1780891790000,54530.0,54530.0,54530.0,54530.0,30
1780891795000,54531.0,54531.0,54530.0,54530.0,60
1780891800000,54530.0,54530.0,54530.0,54530.0,30
1780891805000,54512.0,54512.0,54512.0,54512.0,60
1780891810000,54510.2,54510.2,54510.2,54510.2,30
1780891815000,54512.0,54512.0,54512.0,54512.0,30
1780891820000,54512.0,54512.2,54512.0,54512.2,60
1780891825000,54530.0,54530.0,54514.8,54514.8,90
1780891830000,54520.0,54528.0,54520.0,54528.0,480
1780891835000,54531.2,54550.0,54531.2,54550.0,270
1780891840000,54550.0,54560.0,54550.0,54560.0,330
1780891845000,54553.8,54560.0,54553.8,54560.0,90
1780891850000,54560.0,54560.0,54560.0,54560.0,30
1780891855000,54564.0,54564.2,54564.0,54564.2,180
1780891860000,54570.0,54570.0,54561.2,54561.2,60
1780891865000,54570.0,54570.0,54570.0,54570.0,30
1780891870000,54561.6,54561.6,54561.6,54561.6,60
1780891875000,54570.0,54570.0,54561.2,54561.2,90
1780891880000,54569.8,54569.8,54569.8,54569.8,30
1780891885000,54569.8,54569.8,54569.8,54569.8,60
1780891890000,54546.4,54561.0,54531.4,54561.0,240
1780891895000,54550.0,54550.0,54550.0,54550.0,60
1780891900000,54520.8,54520.8,54520.8,54520.8,930
1780891905000,54548.0,54548.0,54518.0,54528.0,150
1780891915000,54528.0,54528.0,54528.0,54528.0,60
1780891920000,54528.0,54539.2,54528.0,54539.2,180
1780891925000,54512.2,54542.0,54512.2,54542.0,60
1780891930000,54540.0,54540.0,54540.0,54540.0,30
1780891940000,54512.0,54541.6,54512.0,54541.6,150
1780891945000,54515.0,54515.0,54502.6,54502.6,240
1780891955000,54502.6,54532.2,54502.6,54532.2,60
1780891960000,54503.0,54530.0,54503.0,54505.4,90
1780891965000,54505.0,54505.0,54502.2,54502.2,60
1780891970000,54510.0,54510.0,54510.0,54510.0,30
1780891980000,54514.0,54514.0,54514.0,54514.0,30
1780891985000,54530.0,54530.0,54530.0,54530.0,90
1780891995000,54520.0,54520.0,54520.0,54520.0,30
1780892000000,54539.0,54539.0,54539.0,54539.0,30
1780892005000,54520.0,54520.0,54520.0,54520.0,90
1780892015000,54510.0,54510.0,54502.2,54502.2,60
1780892020000,54502.2,54502.2,54490.0,54490.0,990
1780892025000,54488.0,54488.0,54488.0,54488.0,90
1780892030000,54488.0,54488.0,54488.0,54488.0,60
1780892035000,54488.0,54488.0,54488.0,54488.0,90
1780892040000,54488.0,54488.0,54488.0,54488.0,60
1780892045000,54488.0,54490.0,54480.2,54490.0,120
1780892050000,54486.2,54486.2,54486.2,54486.2,30
1780892055000,54500.0,54500.0,54500.0,54500.0,90
1780892060000,54500.0,54520.0,54500.0,54520.0,240
1780892065000,54513.6,54513.6,54513.6,54513.6,30
1780892070000,54520.0,54520.0,54520.0,54520.0,30
1780892080000,54514.2,54514.2,54514.2,54514.2,30
1780892085000,54529.0,54529.0,54529.0,54529.0,330
1780892090000,54517.2,54535.0,54514.2,54514.2,150
1780892095000,54535.0,54535.0,54535.0,54535.0,120
1780892100000,54532.8,54538.8,54532.8,54538.8,90
1780892105000,54520.0,54520.0,54520.0,54520.0,30
1780892110000,54520.0,54520.0,54520.0,54520.0,30
1780892115000,54520.0,54521.2,54518.2,54521.2,240
1780892120000,54526.0,54526.0,54521.2,54521.2,60
1780892125000,54538.0,54538.0,54520.0,54520.0,60
1780892135000,54512.8,54512.8,54512.8,54512.8,30
1780892145000,54539.2,54540.0,54539.2,54540.0,540
1780892150000,54547.0,54550.0,54547.0,54550.0,210
1780892155000,54556.0,54565.0,54556.0,54565.0,90
1780892165000,54565.0,54565.0,54565.0,54565.0,120
1780892170000,54549.6,54570.0,54549.6,54570.0,180
1780892175000,54560.4,54570.0,54560.4,54570.0,330
1780892180000,54570.0,54570.0,54570.0,54570.0,240
1780892185000,54570.0,54570.2,54570.0,54570.2,60
1780892190000,54575.0,54585.0,54575.0,54585.0,240
1780892195000,54575.0,54575.0,54575.0,54575.0,90
1780892200000,54587.0,54589.0,54587.0,54589.0,600
1780892205000,54587.8,54588.0,54587.0,54588.0,420
1780892210000,54587.0,54592.8,54587.0,54590.6,450
1780892220000,54564.0,54570.0,54564.0,54570.0,60
1780892225000,54572.8,54572.8,54572.8,54572.8,120
1780892230000,54558.8,54558.8,54550.0,54550.0,1020
1780892235000,54570.0,54570.0,54570.0,54570.0,30
1780892240000,54550.0,54550.0,54514.6,54514.6,510
1780892245000,54542.2,54542.2,54542.2,54542.2,30
1780892255000,54533.6,54533.6,54533.6,54533.6,90
1780892260000,54545.0,54545.0,54545.0,54545.0,30
1780892265000,54521.2,54521.2,54521.2,54521.2,30
1780892270000,54516.6,54516.6,54516.6,54516.6,30
1780892275000,54510.2,54510.2,54510.2,54510.2,30
1780892295000,54512.0,54512.0,54510.0,54510.0,90
1780892300000,54500.0,54500.0,54500.0,54500.0,270
1780892310000,54486.2,54496.2,54481.0,54496.2,150
1780892315000,54493.4,54493.4,54480.0,54480.0,120
1780892320000,54480.0,54480.0,54480.0,54480.0,60
1780892330000,54480.0,54480.0,54480.0,54480.0,60
1780892335000,54480.0,54480.0,54480.0,54480.0,420
1780892340000,54475.0,54480.0,54475.0,54480.0,150
1780892345000,54471.2,54471.2,54470.0,54470.0,210
1780892355000,54465.0,54465.0,54460.0,54460.0,120
1780892360000,54460.0,54460.0,54460.0,54460.0,150
1780892365000,54460.0,54460.0,54460.0,54460.0,30
1780892370000,54464.0,54464.0,54456.0,54456.0,90
1780892375000,54460.0,54460.0,54460.0,54460.0,90
1780892380000,54460.0,54464.0,54455.0,54455.0,90
1780892385000,54455.0,54455.0,54455.0,54455.0,60
1780892390000,54445.6,54447.0,54445.6,54447.0,4800
1780892395000,54440.2,54452.6,54440.2,54452.6,120
1780892400000,54435.0,54450.0,54435.0,54440.0,390
1780892405000,54450.0,54450.0,54435.0,54435.0,120
1780892410000,54418.4,54425.0,54418.4,54425.0,1440
1780892415000,54419.8,54449.0,54419.8,54425.0,90
1780892420000,54425.0,54449.0,54425.0,54427.4,300
1780892425000,54421.4,54440.0,54421.4,54440.0,120
1780892430000,54425.0,54425.0,54425.0,54425.0,90
1780892435000,54420.0,54420.0,54420.0,54420.0,120
1780892440000,54435.0,54435.0,54421.0,54421.0,150
1780892445000,54419.8,54419.8,54419.8,54419.8,180
1780892450000,54415.0,54435.0,54413.0,54413.0,330
1780892455000,54415.0,54415.0,54415.0,54415.0,60
1780892460000,54416.4,54438.0,54416.4,54438.0,300
1780892465000,54440.0,54440.0,54430.0,54430.0,450
1780892470000,54430.0,54430.0,54430.0,54430.0,30
1780892475000,54430.0,54430.0,54430.0,54430.0,60
1780892480000,54430.0,54430.0,54429.8,54429.8,150
1780892485000,54445.0,54449.0,54445.0,54449.0,540
1780892490000,54449.4,54450.0,54447.0,54450.0,180
1780892495000,54450.0,54450.0,54437.4,54437.4,120
1780892500000,54460.0,54479.0,54460.0,54479.0,510
1780892505000,54469.2,54469.2,54453.4,54453.4,720
1780892510000,54461.0,54480.0,54450.0,54450.0,1350
1780892515000,54485.4,54485.4,54485.4,54485.4,30
1780892520000,54470.0,54470.0,54470.0,54470.0,60
1780892525000,54450.0,54455.4,54450.0,54455.4,420
1780892530000,54440.0,54440.0,54440.0,54440.0,90
1780892535000,54440.0,54440.0,54440.0,54440.0,30
1780892545000,54450.0,54450.0,54450.0,54450.0,240
1780892550000,54450.0,54480.0,54447.8,54480.0,330
1780892555000,54473.6,54473.6,54473.6,54473.6,30
1780892560000,54488.0,54488.0,54474.0,54474.0,450
1780892570000,54478.8,54478.8,54474.0,54474.0,90
1780892580000,54465.6,54465.6,54465.6,54465.6,60
1780892585000,54474.0,54474.0,54463.0,54463.0,180
1780892590000,54462.6,54486.6,54462.6,54486.6,90
1780892600000,54462.4,54486.6,54461.0,54486.6,90
1780892605000,54486.6,54490.0,54486.6,54486.6,90
1780892610000,54454.6,54486.6,54454.6,54486.6,180
1780892615000,54488.8,54489.8,54488.8,54489.8,90
1780892620000,54479.4,54479.4,54479.4,54479.4,60
1780892625000,54480.0,54480.0,54480.0,54480.0,30
1780892630000,54480.4,54490.0,54480.4,54490.0,150
1780892635000,54473.0,54473.0,54473.0,54473.0,30
1780892640000,54473.0,54499.8,54473.0,54499.8,420
1780892650000,54490.0,54490.0,54490.0,54490.0,30
1780892660000,54478.8,54497.0,54478.8,54497.0,330
1780892665000,54478.8,54478.8,54478.8,54478.8,30
1780892670000,54476.0,54481.8,54476.0,54481.8,150
1780892675000,54481.6,54481.6,54481.6,54481.6,30
1780892680000,54481.8,54487.6,54481.8,54487.6,90
1780892695000,54499.8,54499.8,54499.8,54499.8,90
1780892700000,54499.8,54499.8,54499.8,54499.8,90
1780892710000,54499.8,54499.8,54499.8,54499.8,90
1780892715000,54499.8,54499.8,54499.8,54499.8,30
1780892725000,54499.8,54499.8,54499.8,54499.8,60
1780892730000,54489.0,54499.8,54476.4,54499.8,210
1780892735000,54499.8,54499.8,54499.8,54499.8,90
1780892740000,54499.8,54499.8,54499.8,54499.8,30
1780892750000,54499.8,54505.0,54499.8,54505.0,240
1780892755000,54501.6,54501.6,54501.6,54501.6,30
1780892760000,54510.0,54520.0,54510.0,54520.0,90
1780892765000,54520.0,54524.0,54520.0,54524.0,120
1780892770000,54530.0,54530.0,54530.0,54530.0,30
1780892775000,54550.0,54550.0,54535.0,54535.0,270
1780892780000,54550.0,54555.0,54550.0,54550.0,270
1780892790000,54550.0,54559.2,54550.0,54550.0,90
1780892795000,54559.2,54559.2,54550.0,54550.0,60
1780892800000,54550.0,54559.2,54550.0,54550.0,420
1780892805000,54550.0,54550.0,54550.0,54550.0,60
1780892810000,54545.2,54550.0,54545.2,54550.0,990
1780892815000,54535.0,54535.0,54535.0,54535.0,30
1780892820000,54550.0,54550.0,54535.0,54535.0,720
1780892825000,54555.0,54555.0,54535.0,54535.0,60
1780892830000,54530.0,54533.4,54510.2,54533.4,480
1780892840000,54519.4,54542.4,54519.4,54542.4,780
1780892845000,54549.4,54550.0,54549.4,54550.0,120
1780892850000,54547.4,54548.2,54547.4,54548.2,90
1780892860000,54526.8,54526.8,54526.8,54526.8,120
1780892870000,54523.6,54549.0,54523.6,54549.0,90
1780892885000,54529.4,54529.4,54529.4,54529.4,30
1780892890000,54548.0,54548.0,54548.0,54548.0,30
1780892895000,54549.0,54549.0,54549.0,54549.0,60
1780892900000,54550.0,54550.0,54550.0,54550.0,30
1780892905000,54555.0,54555.0,54555.0,54555.0,210
1780892910000,54560.0,54560.0,54555.2,54555.2,90
1780892920000,54570.0,54570.0,54570.0,54570.0,270
1780892925000,54569.0,54569.0,54569.0,54569.0,30
1780892930000,54555.0,54570.0,54555.0,54570.0,90
1780892935000,54556.0,54570.0,54556.0,54566.0,120
1780892940000,54555.0,54567.6,54555.0,54567.6,90
1780892945000,54569.0,54575.0,54555.0,54555.0,360
1780892950000,54575.0,54575.0,54555.0,54555.0,120
1780892955000,54575.0,54575.0,54575.0,54575.0,90
1780892960000,54570.0,54570.0,54570.0,54570.0,90
1780892965000,54570.0,54570.0,54555.0,54555.0,60
1780892970000,54569.0,54569.0,54569.0,54569.0,30
1780892985000,54566.6,54566.6,54566.6,54566.6,30
1780892990000,54566.6,54570.0,54566.6,54570.0,120
1780892995000,54570.0,54570.0,54569.0,54569.0,90
1780893000000,54584.0,54584.0,54584.0,54584.0,1080
1780893005000,54569.0,54569.0,54555.6,54555.6,60
1780893010000,54555.0,54567.2,54555.0,54567.2,300
1780893015000,54550.0,54550.0,54550.0,54550.0,180
1780893020000,54524.0,54524.0,54524.0,54524.0,150
1780893025000,54540.4,54540.4,54521.4,54521.4,60
1780893030000,54521.0,54539.2,54510.6,54539.2,180
1780893035000,54509.8,54522.8,54509.8,54522.8,330
1780893040000,54527.6,54527.6,54501.6,54501.6,330
1780893045000,54513.0,54513.0,54513.0,54513.0,30
1780893050000,54520.0,54526.8,54518.8,54526.8,240
1780893055000,54518.8,54518.8,54518.8,54518.8,30
1780893060000,54501.0,54526.2,54501.0,54526.2,570
1780893065000,54494.0,54494.0,54494.0,54494.0,30
1780893070000,54515.4,54515.4,54511.6,54511.6,90
1780893075000,54508.8,54511.4,54508.8,54511.4,300
1780893080000,54511.2,54511.2,54511.2,54511.2,60
1780893085000,54509.8,54509.8,54509.8,54509.8,60
1780893090000,54490.0,54500.2,54490.0,54500.2,60
1780893100000,54500.0,54500.0,54500.0,54500.0,570
1780893105000,54500.2,54500.2,54500.0,54500.0,60
1780893110000,54500.0,54500.0,54500.0,54500.0,30
1780893120000,54500.0,54500.0,54500.0,54500.0,30
1780893125000,54511.4,54518.2,54511.4,54518.2,240
1780893130000,54520.6,54520.6,54520.6,54520.6,30
1780893135000,54541.2,54541.6,54541.2,54541.6,120
1780893145000,54541.2,54545.4,54541.2,54545.4,330
1780893150000,54517.8,54539.0,54517.8,54539.0,60
1780893160000,54505.0,54505.0,54505.0,54505.0,90
1780893165000,54505.6,54505.6,54505.6,54505.6,60
1780893170000,54510.2,54510.2,54510.2,54510.2,60
1780893175000,54537.6,54537.6,54509.0,54509.0,210
1780893180000,54503.0,54503.0,54503.0,54503.0,60
1780893185000,54503.0,54503.0,54503.0,54503.0,30
1780893190000,54500.2,54500.2,54500.0,54500.0,90
1780893195000,54500.0,54520.0,54500.0,54520.0,60
1780893200000,54518.6,54518.6,54518.6,54518.6,30
1780893210000,54517.2,54517.2,54500.0,54500.0,120
1780893215000,54518.0,54518.0,54518.0,54518.0,30
1780893220000,54505.4,54505.4,54505.4,54505.4,30
1780893225000,54501.0,54501.0,54500.0,54500.0,120
1780893230000,54492.0,54492.0,54490.2,54490.2,1170
1780893245000,54480.0,54480.0,54464.0,54464.0,330
1780893255000,54470.0,54470.0,54470.0,54470.0,30
1780893260000,54488.8,54488.8,54475.0,54475.0,60
1780893265000,54470.0,54472.8,54470.0,54472.8,60
1780893270000,54470.0,54470.0,54470.0,54470.0,30
1780893280000,54460.0,54460.0,54451.0,54451.0,270
1780893285000,54455.0,54455.0,54455.0,54455.0,90
1780893290000,54455.0,54455.0,54451.0,54451.0,180
1780893295000,54451.0,54451.0,54451.0,54451.0,450
1780893300000,54435.0,54450.6,54430.0,54450.6,630
1780893305000,54435.0,54435.0,54435.0,54435.0,60
1780893310000,54435.0,54435.0,54430.0,54435.0,240
1780893315000,54435.4,54435.4,54429.8,54429.8,1230
1780893320000,54425.6,54425.6,54425.0,54425.0,150
1780893325000,54420.6,54420.6,54418.0,54418.0,180
1780893330000,54415.2,54425.8,54415.2,54425.8,210
1780893335000,54410.0,54415.2,54410.0,54410.0,780
1780893340000,54425.0,54425.0,54425.0,54425.0,60
1780893345000,54425.0,54425.0,54410.0,54410.0,120
1780893350000,54410.0,54410.0,54400.2,54400.2,3600
1780893355000,54400.0,54403.0,54400.0,54403.0,960
1780893360000,54403.0,54403.0,54384.0,54384.0,960
1780893365000,54399.0,54399.0,54380.0,54380.0,330
1780893370000,54381.0,54381.0,54381.0,54381.0,30
1780893375000,54396.0,54396.0,54380.2,54380.2,150
1780893380000,54397.8,54397.8,54388.0,54397.2,270
1780893385000,54398.8,54398.8,54398.8,54398.8,60
1780893390000,54401.0,54401.0,54401.0,54401.0,330
1780893395000,54410.0,54410.0,54403.0,54410.0,120
1780893400000,54410.0,54410.0,54410.0,54410.0,60
1780893405000,54410.0,54425.0,54410.0,54425.0,90
1780893410000,54425.0,54425.0,54425.0,54425.0,150
1780893415000,54425.0,54425.0,54425.0,54425.0,30
1780893420000,54425.0,54425.0,54425.0,54425.0,180
1780893425000,54410.0,54410.0,54410.0,54410.0,30
1780893430000,54412.6,54425.0,54412.6,54425.0,120
1780893445000,54422.6,54425.0,54422.6,54425.0,330
1780893455000,54439.0,54450.6,54439.0,54450.6,150
1780893465000,54450.0,54460.0,54450.0,54460.0,90
1780893470000,54464.0,54464.0,54464.0,54464.0,30
1780893475000,54474.0,54474.0,54474.0,54474.0,60
1780893480000,54475.0,54475.0,54475.0,54475.0,30
1780893490000,54473.8,54474.0,54473.8,54474.0,60
1780893495000,54475.0,54475.0,54465.0,54465.0,120
1780893500000,54465.2,54465.2,54465.2,54465.2,120
1780893505000,54465.2,54465.2,54465.2,54465.2,30
1780893515000,54480.0,54480.0,54480.0,54480.0,270
1780893525000,54481.6,54481.6,54481.6,54481.6,510
1780893530000,54476.0,54485.4,54464.0,54485.4,120
1780893535000,54453.4,54453.4,54453.4,54453.4,60
1780893540000,54486.2,54486.2,54486.2,54486.2,30
1780893555000,54464.0,54464.0,54464.0,54464.0,60
1780893560000,54464.0,54464.0,54464.0,54464.0,480
1780893565000,54464.2,54464.2,54464.2,54464.2,60
1780893570000,54469.0,54469.0,54464.0,54464.0,120
1780893575000,54464.0,54464.0,54464.0,54464.0,30
1780893590000,54476.2,54476.2,54476.2,54476.2,120
1780893600000,54485.2,54485.2,54485.2,54485.2,60
1780893605000,54476.2,54476.2,54476.2,54476.2,30
1780893615000,54465.0,54465.0,54465.0,54465.0,30
1780893620000,54476.2,54476.4,54476.2,54476.4,300
1780893625000,54476.6,54476.6,54476.2,54476.2,180
1780893630000,54450.0,54450.0,54450.0,54450.0,30
1780893635000,54478.6,54478.6,54478.6,54478.6,60
1780893640000,54451.2,54451.2,54451.2,54451.2,30
1780893645000,54490.0,54493.0,54490.0,54493.0,240
1780893650000,54496.4,54496.4,54496.4,54496.4,30
1780893655000,54492.8,54492.8,54492.8,54492.8,30
1780893660000,54459.4,54459.4,54459.4,54459.4,30
1780893670000,54475.0,54475.0,54475.0,54475.0,30
1780893685000,54476.2,54476.2,54476.2,54476.2,30
1780893690000,54469.0,54469.0,54469.0,54469.0,150
1780893700000,54469.0,54469.0,54469.0,54469.0,120
1780893705000,54469.0,54469.0,54469.0,54469.0,60
1780893710000,54465.0,54469.0,54465.0,54469.0,150
1780893715000,54469.0,54469.0,54469.0,54469.0,30
1780893720000,54465.0,54465.0,54465.0,54465.0,60
1780893725000,54469.0,54469.0,54469.0,54469.0,30
1780893730000,54467.6,54467.6,54448.0,54448.0,60
1780893740000,54469.0,54469.0,54469.0,54469.0,60
1780893755000,54459.8,54459.8,54459.8,54459.8,30
1780893760000,54453.6,54453.6,54453.6,54453.6,90
1780893780000,54445.0,54445.0,54445.0,54445.0,60
1780893785000,54436.0,54436.0,54436.0,54436.0,60
1780893790000,54430.0,54436.0,54430.0,54430.0,90
1780893810000,54430.0,54430.0,54430.0,54430.0,90
1780893820000,54429.8,54429.8,54429.8,54429.8,60
1780893825000,54430.0,54430.0,54430.0,54430.0,120
1780893830000,54430.0,54430.0,54430.0,54430.0,30
1780893835000,54426.0,54430.0,54426.0,54430.0,150
1780893840000,54445.0,54460.0,54445.0,54460.0,60
1780893845000,54465.0,54465.0,54465.0,54465.0,30
1780893850000,54436.6,54438.6,54436.6,54438.6,270
1780893855000,54450.0,54450.0,54450.0,54450.0,60
1780893860000,54450.0,54450.0,54450.0,54450.0,30
1780893865000,54425.0,54425.0,54425.0,54425.0,30
1780893870000,54423.6,54423.6,54423.6,54423.6,30
1780893880000,54410.0,54410.0,54410.0,54410.0,150
1780893890000,54429.8,54429.8,54423.6,54423.6,60
1780893895000,54411.0,54411.0,54411.0,54411.0,30
1780893900000,54410.0,54411.0,54400.0,54411.0,270
1780893905000,54410.0,54410.2,54410.0,54410.2,210
1780893910000,54405.0,54405.0,54405.0,54405.0,30
1780893915000,54400.0,54410.0,54400.0,54410.0,390
1780893920000,54410.0,54410.0,54410.0,54410.0,60
1780893925000,54400.0,54410.0,54400.0,54410.0,210
1780893930000,54410.0,54410.0,54410.0,54410.0,30
1780893935000,54410.0,54410.0,54410.0,54410.0,60
1780893950000,54425.0,54425.0,54425.0,54425.0,60
1780893955000,54444.0,54444.0,54444.0,54444.0,30
1780893960000,54426.0,54428.2,54425.0,54425.0,210
1780893965000,54425.0,54425.0,54425.0,54425.0,150
1780893970000,54425.0,54425.0,54425.0,54425.0,30
1780893980000,54435.4,54435.4,54435.4,54435.4,30
1780893985000,54426.2,54426.2,54426.2,54426.2,30
1780893990000,54426.0,54426.0,54426.0,54426.0,90
1780893995000,54425.0,54425.0,54425.0,54425.0,90
1780894000000,54436.0,54442.2,54436.0,54442.2,60
1780894030000,54426.0,54426.0,54426.0,54426.0,30
1780894035000,54426.0,54426.0,54426.0,54426.0,60
1780894040000,54426.0,54426.0,54426.0,54426.0,60
1780894050000,54420.0,54420.0,54420.0,54420.0,150
1780894055000,54428.0,54428.0,54428.0,54428.0,90
1780894060000,54421.0,54423.8,54421.0,54423.8,60
1780894070000,54424.2,54424.2,54424.2,54424.2,60
1780894090000,54447.8,54450.0,54447.8,54450.0,60
1780894110000,54450.0,54450.0,54450.0,54450.0,60
1780894125000,54446.2,54446.2,54446.2,54446.2,30
1780894130000,54426.0,54426.0,54426.0,54426.0,30
1780894140000,54441.4,54441.4,54425.0,54425.0,90
1780894155000,54439.0,54439.0,54439.0,54439.0,30
1780894165000,54426.6,54426.6,54426.6,54426.6,30
1780894185000,54450.0,54464.0,54446.0,54464.0,180
1780894200000,54452.4,54469.0,54452.4,54469.0,90
1780894205000,54469.0,54469.0,54469.0,54469.0,30
1780894210000,54475.0,54475.0,54475.0,54475.0,30
1780894215000,54465.0,54475.0,54465.0,54475.0,120
1780894230000,54471.0,54471.0,54471.0,54471.0,30
1780894235000,54437.2,54470.8,54437.2,54466.2,180
1780894240000,54470.8,54470.8,54470.8,54470.8,30
1780894250000,54438.8,54438.8,54438.8,54438.8,120
1780894255000,54445.0,54445.0,54445.0,54445.0,30
1780894260000,54468.8,54468.8,54468.8,54468.8,30
1780894265000,54468.8,54468.8,54468.8,54468.8,120
1780894270000,54435.0,54435.0,54435.0,54435.0,30
1780894280000,54439.0,54439.0,54439.0,54439.0,90
1780894285000,54430.0,54430.0,54430.0,54430.0,30
1780894290000,54435.0,54435.0,54435.0,54435.0,90
1780894295000,54435.0,54435.0,54435.0,54435.0,90
1780894305000,54435.0,54452.4,54435.0,54452.4,60
1780894315000,54448.2,54448.2,54448.2,54448.2,30
1780894320000,54450.0,54450.0,54450.0,54450.0,30
1780894340000,54435.2,54435.2,54435.2,54435.2,30
1780894345000,54450.0,54450.0,54450.0,54450.0,60
1780894360000,54444.6,54444.6,54444.6,54444.6,120
1780894365000,54437.6,54437.6,54437.6,54437.6,30
1780894375000,54420.0,54420.0,54420.0,54420.0,30
1780894385000,54420.0,54420.0,54420.0,54420.0,90
1780894390000,54415.0,54415.0,54415.0,54415.0,30
1780894395000,54415.0,54415.0,54415.0,54415.0,30
1780894405000,54420.0,54420.0,54415.0,54415.0,150
1780894410000,54411.0,54447.0,54411.0,54447.0,360
1780894415000,54448.8,54448.8,54448.8,54448.8,60
1780894455000,54449.0,54449.0,54449.0,54449.0,30
1780894460000,54448.8,54448.8,54448.8,54448.8,30
1780894470000,54445.0,54445.0,54430.0,54430.0,150
1780894475000,54436.6,54436.6,54410.6,54410.6,90
1780894480000,54410.2,54410.2,54410.2,54410.2,30
1780894485000,54420.0,54420.0,54420.0,54420.0,30
1780894495000,54448.8,54448.8,54448.8,54448.8,90
1780894505000,54451.0,54451.0,54451.0,54451.0,30
1780894510000,54446.4,54446.4,54446.4,54446.4,30
1780894515000,54451.0,54451.0,54451.0,54451.0,60
1780894520000,54450.6,54450.6,54450.6,54450.6,30
1780894530000,54454.8,54454.8,54454.8,54454.8,150
1780894540000,54458.6,54458.6,54458.0,54458.0,120
1780894545000,54458.0,54458.0,54458.0,54458.0,30
1780894550000,54420.4,54449.0,54420.4,54449.0,60
1780894555000,54440.6,54440.6,54440.6,54440.6,540
1780894560000,54425.0,54425.0,54425.0,54425.0,120
1780894565000,54448.8,54448.8,54448.8,54448.8,30
1780894575000,54439.4,54439.4,54430.0,54430.0,480
1780894580000,54432.8,54444.4,54432.8,54444.4,630
1780894585000,54432.8,54440.0,54432.8,54440.0,390
1780894590000,54432.8,54442.0,54432.8,54442.0,120
1780894605000,54443.2,54443.2,54443.2,54443.2,30
1780894620000,54425.2,54456.6,54425.2,54456.6,150
1780894625000,54440.0,54443.2,54440.0,54443.2,60
1780894630000,54443.2,54456.6,54443.2,54456.6,210
1780894635000,54456.6,54456.6,54427.4,54427.4,360
1780894640000,54437.4,54447.4,54437.4,54447.4,180
1780894650000,54425.0,54425.0,54420.2,54420.2,450
1780894655000,54411.0,54411.0,54410.0,54410.0,1050
1780894660000,54405.0,54405.0,54399.0,54399.0,810
1780894665000,54395.0,54395.0,54385.0,54385.0,840
1780894670000,54385.0,54391.2,54385.0,54391.2,210
1780894675000,54395.0,54395.0,54395.0,54395.0,240
1780894680000,54385.0,54386.0,54385.0,54386.0,990
1780894685000,54380.0,54392.0,54380.0,54389.0,150
1780894690000,54374.0,54374.0,54374.0,54374.0,1110
1780894695000,54380.0,54380.0,54380.0,54380.0,60
1780894700000,54380.0,54380.0,54370.8,54380.0,330
1780894705000,54380.0,54399.8,54380.0,54399.8,120
1780894710000,54369.6,54371.0,54369.6,54371.0,870
1780894715000,54396.2,54400.0,54396.2,54396.4,300
1780894720000,54381.2,54381.2,54381.2,54381.2,60
1780894725000,54399.8,54399.8,54399.8,54399.8,120
1780894730000,54399.8,54399.8,54399.8,54399.8,30
1780894740000,54430.4,54430.4,54430.4,54430.4,180
1780894745000,54405.8,54405.8,54405.8,54405.8,150
1780894750000,54437.4,54437.4,54437.4,54437.4,30
1780894755000,54420.8,54420.8,54420.8,54420.8,270
1780894760000,54444.8,54446.0,54444.8,54446.0,180
1780894765000,54446.0,54446.0,54446.0,54446.0,90
1780894785000,54426.6,54426.6,54420.0,54420.0,60
1780894790000,54426.8,54426.8,54426.8,54426.8,60
1780894795000,54430.0,54430.0,54430.0,54430.0,30
1780894800000,54426.8,54430.0,54426.8,54430.0,60
1780894825000,54445.0,54445.0,54445.0,54445.0,120
1780894830000,54432.6,54432.6,54432.6,54432.6,30
1780894835000,54446.0,54446.0,54446.0,54446.0,120
1780894840000,54458.8,54458.8,54449.2,54449.2,60
1780894845000,54461.0,54461.0,54461.0,54461.0,30
1780894855000,54464.0,54470.0,54464.0,54470.0,120
1780894860000,54470.0,54470.0,54440.2,54440.2,180
1780894865000,54442.8,54464.0,54442.8,54464.0,300
1780894870000,54464.0,54480.6,54464.0,54480.6,510
1780894875000,54479.6,54479.6,54479.6,54479.6,120
1780894880000,54464.0,54464.0,54460.0,54460.0,180
1780894885000,54475.4,54475.4,54475.4,54475.4,120
1780894890000,54450.0,54450.0,54450.0,54450.0,90
1780894895000,54450.0,54472.6,54450.0,54472.6,270
1780894900000,54470.4,54470.4,54470.4,54470.4,60
1780894905000,54467.6,54467.6,54467.6,54467.6,30
1780894915000,54467.8,54467.8,54467.8,54467.8,60
1780894920000,54467.8,54467.8,54467.8,54467.8,90
1780894925000,54467.8,54467.8,54467.8,54467.8,30
1780894930000,54480.0,54480.0,54480.0,54480.0,30
1780894935000,54493.0,54493.0,54490.0,54490.0,150
1780894940000,54495.0,54495.0,54495.0,54495.0,60
1780894945000,54495.0,54495.0,54495.0,54495.0,30
1780894950000,54495.0,54495.0,54495.0,54495.0,120
1780894955000,54495.0,54495.0,54495.0,54495.0,30
1780894960000,54495.0,54495.0,54495.0,54495.0,30
1780894970000,54490.0,54500.0,54490.0,54500.0,870
1780894975000,54510.0,54510.0,54510.0,54510.0,90
1780894980000,54510.0,54524.0,54510.0,54524.0,570
1780894985000,54534.0,54534.0,54520.0,54520.0,240
1780894990000,54520.0,54531.8,54520.0,54531.8,210
1780895000000,54500.0,54500.0,54500.0,54500.0,30
1780895005000,54500.0,54500.0,54500.0,54500.0,90
1780895015000,54500.0,54500.0,54500.0,54500.0,30
1780895020000,54500.2,54500.2,54500.2,54500.2,30
1780895025000,54501.0,54501.0,54498.4,54498.4,840
1780895030000,54500.0,54502.0,54500.0,54502.0,150
1780895040000,54480.2,54480.2,54480.2,54480.2,30
1780895060000,54500.0,54502.0,54500.0,54502.0,90
1780895070000,54506.6,54506.6,54506.6,54506.6,150
1780895075000,54481.2,54481.2,54481.2,54481.2,90
1780895080000,54509.4,54517.4,54507.4,54517.4,90
1780895090000,54516.0,54516.0,54516.0,54516.0,60
1780895095000,54526.0,54526.0,54526.0,54526.0,120
1780895100000,54529.8,54529.8,54529.8,54529.8,60
1780895110000,54500.0,54529.8,54500.0,54529.8,60
1780895120000,54525.0,54525.0,54525.0,54525.0,30
1780895130000,54522.8,54525.0,54522.8,54525.0,90
1780895145000,54524.6,54524.6,54524.6,54524.6,30
1780895160000,54508.2,54508.2,54508.2,54508.2,30
1780895165000,54508.2,54508.2,54508.2,54508.2,60
1780895175000,54511.2,54511.2,54511.2,54511.2,60
1780895180000,54508.2,54508.2,54508.2,54508.2,30
1780895190000,54500.0,54500.0,54500.0,54500.0,60
1780895195000,54500.0,54500.0,54500.0,54500.0,30
1780895200000,54500.0,54500.0,54500.0,54500.0,30
1780895210000,54490.0,54491.2,54490.0,54491.2,840
1780895215000,54491.2,54491.2,54491.2,54491.2,210
1780895225000,54490.0,54490.0,54490.0,54490.0,30
1780895230000,54490.0,54490.0,54490.0,54490.0,60
1780895240000,54489.4,54489.4,54489.4,54489.4,60
1780895250000,54481.0,54481.0,54481.0,54481.0,30
1780895255000,54480.0,54480.0,54480.0,54480.0,300
1780895270000,54480.0,54481.0,54480.0,54481.0,120
1780895275000,54489.4,54491.2,54489.4,54491.2,60
1780895280000,54496.0,54520.0,54496.0,54520.0,210
1780895285000,54520.0,54520.0,54520.0,54520.0,60
1780895295000,54520.0,54520.0,54517.4,54517.4,90
1780895305000,54510.0,54510.0,54510.0,54510.0,30
1780895315000,54510.0,54510.0,54510.0,54510.0,150
1780895320000,54510.0,54510.0,54510.0,54510.0,30
1780895325000,54501.0,54501.0,54501.0,54501.0,60
1780895330000,54520.0,54520.0,54520.0,54520.0,30
1780895335000,54501.6,54501.6,54501.6,54501.6,90
1780895340000,54510.4,54510.4,54510.4,54510.4,30
1780895350000,54501.8,54510.0,54501.8,54510.0,60
1780895365000,54483.2,54500.0,54483.2,54500.0,120
1780895370000,54500.0,54510.4,54500.0,54510.4,750
1780895375000,54520.0,54520.0,54520.0,54520.0,60
1780895385000,54510.0,54510.0,54510.0,54510.0,30
1780895390000,54510.0,54520.0,54510.0,54520.0,60
1780895415000,54520.0,54520.0,54520.0,54520.0,30
1780895420000,54514.8,54514.8,54514.8,54514.8,120
1780895425000,54525.0,54539.0,54525.0,54539.0,1200
1780895430000,54544.0,54550.2,54544.0,54550.2,1170
1780895435000,54560.0,54560.0,54560.0,54560.0,240
1780895440000,54560.2,54560.2,54528.6,54528.6,630
1780895445000,54560.0,54560.0,54528.6,54550.0,240
1780895455000,54521.8,54521.8,54521.8,54521.8,180
1780895460000,54523.2,54540.0,54523.2,54540.0,150
1780895465000,54559.8,54559.8,54559.8,54559.8,120
1780895485000,54538.0,54538.0,54536.6,54536.6,180
1780895495000,54535.6,54535.6,54535.6,54535.6,60
1780895510000,54535.6,54535.6,54535.6,54535.6,30
1780895525000,54535.6,54535.6,54535.6,54535.6,30
1780895530000,54535.0,54539.0,54535.0,54539.0,90
1780895535000,54539.0,54539.0,54539.0,54539.0,120
1780895540000,54550.0,54550.0,54550.0,54550.0,30
1780895545000,54539.0,54539.0,54539.0,54539.0,30
1780895550000,54549.8,54549.8,54549.8,54549.8,60
1780895560000,54550.0,54550.0,54550.0,54550.0,30
1780895565000,54550.0,54550.0,54539.0,54539.0,60
1780895570000,54535.6,54535.6,54535.6,54535.6,60
1780895575000,54535.6,54535.6,54535.6,54535.6,60
1780895580000,54506.2,54506.2,54506.2,54506.2,60
1780895595000,54506.2,54506.2,54506.0,54506.0,60
1780895600000,54500.0,54500.0,54500.0,54500.0,210
1780895605000,54490.0,54490.0,54490.0,54490.0,300
1780895610000,54496.8,54496.8,54494.2,54494.2,120
1780895620000,54490.0,54490.0,54485.0,54485.0,300
1780895625000,54475.0,54475.0,54470.0,54470.0,210
1780895635000,54470.0,54470.0,54470.0,54470.0,30
1780895655000,54470.0,54470.0,54470.0,54470.0,30
1780895660000,54469.0,54469.0,54467.8,54467.8,180
1780895670000,54464.0,54464.0,54464.0,54464.0,30
1780895680000,54464.0,54464.0,54464.0,54464.0,60
1780895685000,54455.0,54455.0,54455.0,54455.0,30
1780895690000,54464.0,54464.0,54464.0,54464.0,30
1780895695000,54450.0,54450.0,54450.0,54450.0,420
1780895700000,54450.0,54450.0,54440.0,54440.0,420
1780895705000,54439.8,54439.8,54439.8,54439.8,180
1780895710000,54440.0,54440.0,54440.0,54440.0,30
1780895715000,54465.4,54465.4,54432.2,54432.2,120
1780895720000,54432.0,54432.0,54432.0,54432.0,90
1780895725000,54444.4,54444.4,54444.4,54444.4,90
1780895730000,54438.2,54438.2,54438.2,54438.2,30
1780895735000,54437.0,54440.4,54430.0,54440.2,270
1780895740000,54430.0,54440.0,54430.0,54430.0,90
1780895745000,54430.0,54430.0,54430.0,54430.0,30
1780895750000,54430.0,54430.0,54430.0,54430.0,30
1780895755000,54440.0,54440.0,54440.0,54440.0,60
1780895765000,54435.4,54435.4,54435.4,54435.4,30
1780895775000,54430.0,54435.0,54430.0,54435.0,120
1780895780000,54430.0,54438.8,54430.0,54438.8,120
1780895790000,54438.8,54438.8,54432.4,54432.4,120
1780895795000,54439.0,54439.0,54439.0,54439.0,30
1780895805000,54439.0,54439.0,54439.0,54439.0,30
1780895810000,54430.0,54430.0,54430.0,54430.0,90
1780895815000,54441.0,54441.0,54430.0,54430.0,90
1780895820000,54430.0,54430.0,54430.0,54430.0,30
1780895825000,54440.0,54464.0,54440.0,54464.0,180
1780895845000,54460.0,54460.0,54460.0,54460.0,30
1780895855000,54444.6,54444.6,54444.6,54444.6,30
1780895860000,54430.0,54444.6,54430.0,54444.6,60
1780895865000,54460.0,54460.0,54460.0,54460.0,30
1780895870000,54465.0,54465.0,54465.0,54465.0,30
1780895880000,54450.2,54450.2,54450.2,54450.2,30
1780895895000,54465.0,54465.0,54465.0,54465.0,30
1780895905000,54444.6,54444.6,54444.6,54444.6,30
1780895910000,54467.0,54476.2,54467.0,54476.2,60
1780895915000,54472.8,54474.6,54472.8,54474.6,60
1780895935000,54475.2,54475.2,54475.2,54475.2,60
1780895940000,54460.4,54476.2,54460.4,54476.2,60
1780895950000,54457.6,54457.6,54457.6,54457.6,30
1780895960000,54480.0,54480.0,54480.0,54480.0,60
1780895965000,54480.0,54480.0,54480.0,54480.0,30
1780895970000,54454.8,54454.8,54454.8,54454.8,30
1780895975000,54478.8,54478.8,54455.0,54455.0,60
1780895980000,54478.8,54478.8,54478.8,54478.8,30
1780895985000,54478.8,54478.8,54478.8,54478.8,30
1780895990000,54480.0,54480.0,54480.0,54480.0,30
1780896005000,54481.6,54481.6,54481.6,54481.6,120
1780896010000,54481.8,54481.8,54481.8,54481.8,30
1780896015000,54481.8,54481.8,54481.8,54481.8,60
1780896020000,54481.8,54485.0,54457.0,54457.0,120
1780896025000,54485.4,54485.4,54485.4,54485.4,120
1780896030000,54485.4,54485.4,54485.4,54485.4,30
1780896035000,54481.4,54481.4,54481.4,54481.4,60
1780896065000,54479.2,54479.2,54479.2,54479.2,30
1780896085000,54480.0,54480.0,54480.0,54480.0,30
1780896090000,54479.2,54489.0,54479.2,54489.0,60
1780896095000,54489.6,54489.6,54489.6,54489.6,30
1780896105000,54489.6,54489.6,54489.6,54489.6,30
1780896110000,54489.6,54489.6,54489.6,54489.6,30
1780896115000,54489.4,54489.6,54489.4,54489.6,60
1780896120000,54489.6,54500.0,54489.6,54500.0,90
1780896130000,54500.0,54500.0,54500.0,54500.0,30
1780896135000,54476.0,54506.0,54476.0,54506.0,210
1780896140000,54510.2,54514.0,54510.2,54514.0,120
1780896145000,54514.0,54514.2,54514.0,54514.2,60
1780896160000,54480.0,54480.0,54480.0,54480.0,30
1780896215000,54480.0,54480.0,54480.0,54480.0,120
1780896220000,54476.6,54476.6,54470.0,54470.0,930
1780896230000,54463.4,54463.4,54463.4,54463.4,30
1780896235000,54469.2,54469.2,54463.4,54463.4,60
1780896240000,54469.8,54469.8,54469.8,54469.8,150
1780896245000,54472.4,54472.4,54452.0,54452.0,390
1780896255000,54466.0,54466.0,54452.0,54452.0,210
1780896260000,54452.0,54452.0,54452.0,54452.0,180
1780896265000,54452.0,54452.0,54452.0,54452.0,90
1780896270000,54460.0,54460.0,54460.0,54460.0,30
1780896275000,54454.0,54454.0,54454.0,54454.0,60
1780896295000,54460.0,54460.0,54460.0,54460.0,150
1780896300000,54454.0,54454.0,54454.0,54454.0,30
1780896315000,54452.0,54452.0,54452.0,54452.0,90
1780896320000,54452.0,54452.0,54452.0,54452.0,90
1780896325000,54452.0,54457.6,54452.0,54457.6,90
1780896330000,54452.0,54452.0,54452.0,54452.0,330
1780896335000,54460.0,54460.0,54460.0,54460.0,90
1780896340000,54452.0,54452.0,54452.0,54452.0,30
1780896345000,54460.0,54460.0,54452.0,54452.0,60
1780896355000,54460.0,54460.0,54459.2,54459.2,90
1780896360000,54450.0,54458.0,54450.0,54458.0,150
1780896365000,54450.0,54450.0,54444.0,54444.0,90
1780896370000,54444.0,54444.0,54444.0,54444.0,60
1780896375000,54437.0,54437.0,54435.0,54435.0,360
1780896380000,54430.0,54435.0,54430.0,54435.0,240
1780896385000,54430.0,54430.0,54430.0,54430.0,30
1780896390000,54430.0,54437.6,54430.0,54437.6,420
1780896395000,54470.6,54470.6,54470.6,54470.6,120
1780896420000,54470.6,54470.6,54470.6,54470.6,60
1780896425000,54470.6,54470.6,54470.6,54470.6,60
1780896430000,54470.6,54470.6,54450.0,54452.6,90
1780896440000,54452.0,54452.0,54452.0,54452.0,30
1780896445000,54470.6,54470.6,54470.6,54470.6,30
1780896455000,54470.6,54470.6,54470.6,54470.6,30
1780896480000,54500.0,54500.0,54500.0,54500.0,120
1780896490000,54496.6,54500.0,54496.6,54500.0,90
1780896495000,54500.0,54505.0,54500.0,54505.0,120
1780896500000,54500.0,54500.0,54500.0,54500.0,150
1780896505000,54511.6,54511.6,54511.6,54511.6,30
1780896510000,54501.0,54513.2,54501.0,54513.2,60
1780896515000,54520.0,54520.0,54520.0,54520.0,270
1780896520000,54520.0,54520.0,54520.0,54520.0,30
1780896525000,54505.6,54505.6,54505.6,54505.6,60
1780896530000,54524.0,54524.0,54524.0,54524.0,60
1780896535000,54534.4,54535.0,54534.4,54535.0,390
1780896540000,54530.0,54530.0,54530.0,54530.0,90
1780896545000,54535.0,54535.0,54535.0,54535.0,30
1780896570000,54530.4,54530.4,54530.4,54530.4,30
1780896580000,54520.0,54520.0,54520.0,54520.0,60
1780896585000,54520.0,54520.0,54520.0,54520.0,90
1780896590000,54505.0,54505.0,54505.0,54505.0,30
1780896605000,54519.0,54519.0,54506.2,54506.2,210
1780896610000,54502.8,54502.8,54502.8,54502.8,150
1780896615000,54495.2,54495.2,54495.2,54495.2,30
1780896630000,54464.0,54464.0,54464.0,54464.0,30
1780896645000,54461.0,54461.0,54461.0,54461.0,30
1780896650000,54450.2,54450.2,54450.2,54450.2,120
1780896665000,54479.6,54479.6,54479.6,54479.6,30
1780896670000,54474.0,54474.0,54474.0,54474.0,60
1780896675000,54512.2,54512.2,54512.2,54512.2,60
1780896680000,54507.2,54507.2,54507.2,54507.2,30
1780896685000,54507.0,54507.0,54507.0,54507.0,60
1780896695000,54458.0,54458.0,54458.0,54458.0,30
1780896715000,54467.4,54480.0,54467.4,54480.0,60
1780896720000,54480.0,54480.0,54480.0,54480.0,30
1780896725000,54496.0,54496.0,54480.0,54489.0,120
1780896755000,54486.8,54486.8,54486.8,54486.8,30
1780896760000,54489.0,54489.0,54489.0,54489.0,30
1780896765000,54487.4,54487.4,54487.4,54487.4,60
1780896780000,54491.2,54491.2,54491.2,54491.2,30
1780896790000,54477.2,54477.2,54477.2,54477.2,30
1780896795000,54506.0,54506.8,54506.0,54506.8,60
1780896815000,54491.2,54491.2,54491.2,54491.2,30
1780896855000,54491.2,54491.2,54491.2,54491.2,150
1780896860000,54491.2,54491.2,54491.2,54491.2,30
1780896865000,54471.0,54471.0,54471.0,54471.0,30
1780896870000,54480.8,54480.8,54480.8,54480.8,30
1780896905000,54488.0,54488.0,54488.0,54488.0,30
1780896915000,54480.8,54480.8,54480.8,54480.8,30
1780896930000,54463.0,54505.8,54463.0,54505.8,210
1780896935000,54500.6,54500.6,54462.0,54462.0,60
1780896945000,54494.8,54494.8,54494.8,54494.8,30
1780896975000,54462.0,54466.6,54462.0,54466.6,60
1780896980000,54472.4,54472.4,54470.6,54470.6,60
1780897000000,54460.0,54460.0,54460.0,54460.0,60
1780897005000,54483.0,54483.0,54483.0,54483.0,30
1780897015000,54499.8,54499.8,54499.8,54499.8,60
1780897040000,54460.0,54460.0,54460.0,54460.0,300
1780897045000,54458.0,54458.0,54458.0,54458.0,90
1780897050000,54460.0,54460.0,54460.0,54460.0,30
1780897055000,54458.0,54458.0,54440.0,54440.0,360
1780897060000,54440.0,54440.0,54437.6,54437.6,90
1780897065000,54444.4,54444.4,54435.0,54435.0,90
1780897070000,54431.0,54431.0,54431.0,54431.0,30
1780897075000,54449.0,54449.0,54449.0,54449.0,60
1780897085000,54454.0,54454.0,54454.0,54454.0,30
1780897115000,54460.6,54460.6,54460.6,54460.6,30
1780897125000,54431.0,54431.0,54431.0,54431.0,180
1780897135000,54433.6,54433.6,54433.6,54433.6,90
1780897140000,54435.0,54466.6,54435.0,54466.6,90
1780897180000,54460.0,54460.0,54460.0,54460.0,60
1780897205000,54460.0,54460.0,54460.0,54460.0,30
1780897210000,54454.0,54454.0,54454.0,54454.0,60
1780897215000,54466.4,54466.4,54466.4,54466.4,30
1780897220000,54460.4,54463.2,54460.4,54463.2,240
1780897225000,54465.8,54465.8,54452.0,54452.0,270
1780897230000,54459.4,54459.4,54459.4,54459.4,210
1780897235000,54460.0,54460.0,54459.8,54459.8,330
1780897240000,54455.4,54455.4,54455.4,54455.4,180
1780897245000,54460.0,54460.0,54460.0,54460.0,150
1780897250000,54458.2,54460.0,54458.2,54460.0,240
1780897255000,54461.0,54461.0,54461.0,54461.0,30
1780897280000,54461.0,54461.0,54461.0,54461.0,30
1780897290000,54450.0,54450.0,54450.0,54450.0,60
1780897300000,54445.0,54445.0,54445.0,54445.0,30
1780897310000,54433.6,54433.6,54433.6,54433.6,30
1780897335000,54433.0,54433.0,54427.0,54427.0,330
1780897345000,54425.0,54425.0,54425.0,54425.0,60
1780897350000,54425.0,54425.0,54425.0,54425.0,30
1780897360000,54425.0,54425.0,54424.4,54424.4,60
1780897365000,54418.0,54418.0,54418.0,54418.0,330
1780897370000,54418.0,54418.0,54418.0,54418.0,30
1780897375000,54414.0,54425.0,54414.0,54425.0,330
1780897380000,54425.0,54430.4,54425.0,54430.4,90
1780897395000,54432.8,54432.8,54432.8,54432.8,30
1780897415000,54430.0,54430.0,54425.0,54425.0,90
1780897420000,54420.0,54420.0,54420.0,54420.0,30
1780897430000,54418.2,54418.2,54418.2,54418.2,90
1780897435000,54415.0,54415.0,54415.0,54415.0,30
1780897440000,54431.0,54431.0,54431.0,54431.0,30
1780897450000,54420.0,54420.0,54420.0,54420.0,30
1780897455000,54415.0,54415.0,54415.0,54415.0,30
1780897485000,54415.0,54415.0,54415.0,54415.0,120
1780897490000,54414.2,54414.2,54414.2,54414.2,30
1780897495000,54414.4,54414.4,54414.4,54414.4,30
1780897500000,54414.4,54414.4,54410.2,54410.2,210
1780897510000,54410.2,54413.0,54410.2,54413.0,90
1780897515000,54414.0,54414.0,54410.0,54410.0,690
1780897520000,54407.0,54407.0,54407.0,54407.0,30
1780897525000,54407.0,54407.0,54407.0,54407.0,90
1780897530000,54404.0,54410.2,54404.0,54410.2,60
1780897535000,54405.6,54405.6,54405.6,54405.6,90
1780897540000,54409.6,54409.6,54403.0,54403.0,210
1780897545000,54405.0,54405.0,54405.0,54405.0,30
1780897550000,54410.0,54410.0,54410.0,54410.0,630
1780897560000,54402.0,54402.0,54402.0,54402.0,240
1780897565000,54402.0,54402.0,54402.0,54402.0,30
1780897590000,54402.0,54402.0,54402.0,54402.0,330
1780897595000,54402.0,54402.0,54400.0,54400.0,690
1780897605000,54402.0,54403.4,54402.0,54403.4,90
1780897630000,54404.0,54404.0,54388.0,54388.0,1680
1780897635000,54382.0,54382.0,54375.0,54375.0,990
1780897640000,54374.2,54375.0,54372.0,54375.0,390
1780897645000,54360.2,54370.2,54360.2,54370.2,390
1780897650000,54360.2,54370.0,54360.2,54360.2,720
1780897655000,54360.2,54367.2,54360.0,54360.0,360
1780897660000,54368.2,54370.6,54354.2,54354.2,480
1780897665000,54370.4,54370.4,54370.0,54370.0,420
1780897670000,54369.6,54369.6,54367.2,54367.2,480
1780897675000,54367.2,54370.0,54367.2,54370.0,90
1780897680000,54367.2,54370.0,54367.2,54370.0,60
1780897685000,54367.2,54367.2,54365.8,54365.8,150
1780897690000,54365.8,54365.8,54365.8,54365.8,30
1780897700000,54370.6,54370.6,54360.4,54370.6,1110
1780897705000,54370.6,54385.0,54370.6,54371.0,270
1780897710000,54360.0,54365.8,54360.0,54365.8,150
1780897715000,54351.0,54351.0,54351.0,54351.0,660
1780897720000,54350.2,54351.0,54350.2,54351.0,60
1780897725000,54350.0,54350.0,54350.0,54350.0,480
1780897730000,54365.2,54365.2,54365.2,54365.2,30
1780897740000,54367.2,54367.2,54367.2,54367.2,30
1780897745000,54369.0,54369.0,54369.0,54369.0,120
1780897750000,54351.0,54351.0,54351.0,54351.0,360
1780897755000,54351.0,54351.0,54350.2,54350.2,60
1780897760000,54355.0,54355.0,54355.0,54355.0,90
1780897765000,54354.6,54354.6,54350.0,54350.0,210
1780897770000,54350.0,54350.2,54350.0,54350.0,120
1780897780000,54350.0,54350.0,54350.0,54350.0,90
1780897785000,54350.0,54350.0,54347.0,54347.0,990
1780897790000,54345.0,54345.0,54340.0,54340.0,150
1780897795000,54339.0,54342.8,54333.0,54342.8,240
1780897800000,54339.0,54341.2,54339.0,54339.0,390
1780897805000,54333.0,54333.0,54330.0,54330.0,390
1780897810000,54325.0,54328.2,54320.0,54328.2,840
1780897815000,54318.0,54318.0,54315.6,54315.6,540
1780897820000,54315.0,54325.0,54315.0,54318.0,420
1780897825000,54325.0,54365.2,54325.0,54337.4,420
1780897830000,54350.0,54350.0,54340.4,54340.4,60
1780897835000,54350.0,54350.0,54349.6,54349.6,90
1780897840000,54351.2,54351.2,54351.2,54351.2,30
1780897845000,54346.4,54354.6,54346.4,54354.4,240
1780897850000,54354.4,54370.0,54354.4,54370.0,150
1780897855000,54354.8,54375.8,54354.8,54355.0,240
1780897860000,54376.6,54376.6,54376.6,54376.6,120
1780897865000,54350.0,54355.0,54350.0,54355.0,270
1780897870000,54355.6,54355.6,54355.6,54355.6,60
1780897875000,54365.0,54365.0,54365.0,54365.0,30
1780897885000,54350.0,54367.2,54350.0,54365.0,150
1780897895000,54369.0,54369.0,54367.0,54367.0,60
1780897900000,54360.4,54369.0,54359.6,54369.0,150
1780897905000,54369.0,54369.0,54369.0,54369.0,90
1780897910000,54355.0,54355.0,54355.0,54355.0,30
1780897920000,54350.0,54350.0,54350.0,54350.0,150
1780897935000,54350.0,54350.0,54350.0,54350.0,30
1780897940000,54357.2,54357.2,54357.2,54357.2,30
1780897945000,54350.0,54350.0,54350.0,54350.0,30
1780897950000,54355.0,54355.0,54355.0,54355.0,120
1780897955000,54345.0,54345.0,54345.0,54345.0,60
1780897960000,54340.0,54340.0,54340.0,54340.0,30
1780897965000,54330.0,54330.0,54325.0,54327.8,210
1780897975000,54327.4,54327.4,54325.0,54325.0,90
1780897980000,54330.0,54330.0,54330.0,54330.0,540
1780897985000,54347.8,54347.8,54330.0,54330.0,960
1780897990000,54321.4,54321.4,54321.4,54321.4,150
1780897995000,54325.0,54325.0,54325.0,54325.0,30
1780898000000,54318.0,54318.0,54318.0,54318.0,60
1780898005000,54318.0,54318.0,54318.0,54318.0,180
1780898010000,54318.0,54318.0,54318.0,54318.0,60
1780898015000,54318.0,54318.0,54318.0,54318.0,150
1780898020000,54319.8,54319.8,54319.8,54319.8,30
1780898025000,54319.0,54319.0,54315.6,54315.6,90
1780898030000,54319.2,54319.2,54319.2,54319.2,90
1780898035000,54320.0,54320.0,54320.0,54320.0,30
1780898040000,54320.0,54324.8,54320.0,54324.8,60
1780898045000,54321.6,54328.2,54321.6,54328.2,120
1780898050000,54328.2,54328.2,54315.0,54315.0,240
1780898055000,54312.0,54312.0,54300.2,54304.4,2610
1780898060000,54306.8,54306.8,54300.0,54300.0,90
1780898065000,54303.2,54303.2,54303.2,54303.2,90
1780898070000,54311.8,54311.8,54310.0,54310.0,150
1780898075000,54310.8,54310.8,54308.0,54308.0,750
1780898085000,54307.0,54308.0,54307.0,54308.0,60
1780898090000,54311.0,54311.0,54311.0,54311.0,60
1780898095000,54308.0,54308.0,54307.0,54307.0,60
1780898100000,54304.0,54308.0,54304.0,54306.0,210
1780898105000,54302.0,54302.0,54300.0,54300.0,780
1780898115000,54315.0,54315.0,54315.0,54315.0,150
1780898120000,54308.0,54308.0,54308.0,54308.0,30
1780898125000,54302.0,54302.0,54300.0,54300.0,1380
1780898130000,54300.0,54300.0,54300.0,54300.0,1260
1780898135000,54298.0,54311.6,54298.0,54311.6,300
1780898140000,54295.0,54295.0,54290.0,54290.0,270
1780898145000,54281.8,54282.0,54281.8,54282.0,570
1780898150000,54291.6,54298.0,54291.6,54298.0,120
1780898160000,54298.0,54305.0,54298.0,54300.0,240
1780898165000,54300.0,54300.0,54300.0,54300.0,60
1780898170000,54300.0,54305.6,54295.0,54295.0,150
1780898175000,54300.0,54300.0,54300.0,54300.0,30
1780898180000,54300.0,54300.0,54300.0,54300.0,150
1780898185000,54306.2,54306.2,54306.2,54306.2,240
1780898190000,54296.4,54314.6,54296.4,54314.6,120
1780898195000,54320.0,54320.0,54320.0,54320.0,90
1780898205000,54325.0,54325.0,54325.0,54325.0,90
1780898210000,54325.0,54325.0,54320.0,54320.0,60
1780898215000,54325.0,54325.0,54325.0,54325.0,150
1780898220000,54330.0,54330.0,54330.0,54330.0,300
1780898225000,54339.8,54339.8,54325.0,54325.0,330
1780898230000,54325.0,54330.4,54311.0,54325.0,180
1780898235000,54321.0,54321.0,54321.0,54321.0,60
1780898240000,54339.0,54339.0,54339.0,54339.0,60
1780898245000,54339.8,54339.8,54320.0,54320.0,60
1780898250000,54310.8,54310.8,54310.8,54310.8,30
1780898255000,54310.0,54310.0,54310.0,54310.0,240
1780898260000,54301.0,54310.0,54301.0,54310.0,150
1780898265000,54310.0,54310.0,54300.0,54300.0,60
1780898270000,54296.0,54296.0,54295.2,54295.2,90
1780898280000,54325.8,54325.8,54295.2,54295.2,270
1780898285000,54318.2,54318.2,54318.2,54318.2,210
1780898290000,54294.6,54295.4,54294.6,54295.4,120
1780898295000,54295.2,54296.2,54295.2,54296.2,90
1780898300000,54318.2,54318.2,54296.2,54296.2,120
1780898305000,54295.4,54295.4,54295.4,54295.4,150
1780898310000,54300.0,54300.0,54296.0,54296.0,90
1780898315000,54296.0,54301.6,54296.0,54301.6,510
1780898320000,54308.8,54308.8,54301.6,54301.6,150
1780898325000,54307.8,54308.0,54300.0,54300.0,180
1780898330000,54300.0,54300.0,54295.2,54295.2,60
1780898335000,54308.0,54320.0,54297.2,54298.0,180
1780898340000,54311.0,54311.0,54311.0,54311.0,90
1780898345000,54320.0,54320.0,54310.2,54318.2,210
1780898350000,54317.8,54317.8,54317.8,54317.8,30
1780898355000,54311.4,54311.4,54311.4,54311.4,60
1780898360000,54307.8,54311.4,54307.8,54310.2,120
1780898365000,54308.8,54314.4,54308.8,54314.4,90
1780898370000,54330.0,54330.0,54330.0,54330.0,60
1780898380000,54330.6,54330.6,54318.4,54318.4,60
1780898385000,54318.4,54318.4,54318.4,54318.4,60
1780898390000,54318.4,54330.4,54318.4,54318.4,90
1780898395000,54318.4,54318.4,54318.4,54318.4,60
1780898400000,54318.4,54318.4,54300.0,54300.0,1200
1780898405000,54300.0,54313.2,54300.0,54313.2,60
1780898410000,54312.0,54312.0,54300.0,54300.0,120
1780898415000,54311.8,54311.8,54298.0,54298.0,150
1780898420000,54300.0,54300.0,54300.0,54300.0,60
1780898425000,54300.0,54300.0,54298.2,54298.2,60
1780898430000,54300.0,54320.0,54300.0,54320.0,300
1780898435000,54304.2,54320.0,54304.2,54320.0,180
1780898440000,54326.2,54340.0,54324.8,54324.8,330
1780898445000,54325.0,54337.6,54325.0,54337.6,270
1780898450000,54320.0,54320.0,54316.4,54316.4,60
1780898455000,54315.8,54343.0,54315.8,54343.0,210
1780898460000,54325.8,54349.0,54325.8,54349.0,60
1780898465000,54325.8,54325.8,54319.4,54319.4,90
1780898470000,54319.4,54337.0,54319.0,54337.0,150
1780898475000,54305.6,54311.6,54305.6,54311.6,90
1780898485000,54332.2,54332.2,54326.4,54326.4,60
1780898490000,54338.6,54338.6,54326.4,54326.4,60
1780898495000,54333.0,54349.6,54318.4,54349.6,120
1780898500000,54340.0,54340.0,54340.0,54340.0,30
1780898505000,54340.0,54340.0,54340.0,54340.0,210
1780898510000,54340.0,54340.0,54340.0,54340.0,270
1780898515000,54340.0,54340.0,54340.0,54340.0,210
1780898520000,54336.4,54336.4,54331.6,54331.6,360
1780898525000,54351.0,54353.2,54332.8,54353.2,150
1780898530000,54331.2,54354.8,54330.4,54330.4,90
1780898535000,54335.2,54335.8,54335.2,54335.8,90
1780898540000,54334.4,54354.8,54334.4,54354.8,480
1780898545000,54354.8,54354.8,54354.8,54354.8,180
1780898550000,54354.8,54355.0,54334.4,54334.4,240
1780898555000,54354.8,54354.8,54331.0,54335.0,90
1780898560000,54325.8,54327.2,54325.8,54327.2,150
1780898565000,54326.2,54353.8,54326.2,54334.6,240
1780898570000,54324.2,54324.2,54324.2,54324.2,60
1780898575000,54334.6,54335.0,54334.6,54335.0,180
1780898580000,54320.0,54325.0,54320.0,54325.0,120
1780898590000,54325.0,54325.0,54325.0,54325.0,30
1780898595000,54325.0,54325.0,54325.0,54325.0,150
1780898600000,54325.0,54348.0,54325.0,54348.0,90
1780898605000,54325.0,54336.6,54325.0,54326.0,90
1780898610000,54326.0,54326.0,54326.0,54326.0,60
1780898615000,54330.0,54330.0,54330.0,54330.0,60
1780898620000,54336.6,54336.6,54336.6,54336.6,60
1780898625000,54326.0,54348.0,54326.0,54348.0,90
1780898635000,54327.4,54327.4,54327.4,54327.4,30
1780898640000,54326.6,54326.6,54326.6,54326.6,30
1780898645000,54326.0,54326.0,54326.0,54326.0,120
1780898650000,54325.0,54325.0,54325.0,54325.0,30
1780898655000,54325.0,54345.8,54325.0,54345.8,180
1780898660000,54326.0,54326.0,54326.0,54326.0,30
1780898665000,54326.0,54326.0,54326.0,54326.0,30
1780898670000,54330.0,54335.0,54330.0,54335.0,60
1780898675000,54335.0,54335.8,54335.0,54335.8,60
1780898680000,54326.0,54326.0,54325.0,54325.0,60
1780898690000,54325.2,54325.2,54325.2,54325.2,30
1780898695000,54325.2,54339.8,54325.0,54339.8,90
1780898705000,54325.4,54325.4,54325.4,54325.4,30
1780898720000,54325.4,54325.4,54325.4,54325.4,30
1780898725000,54325.4,54325.4,54325.4,54325.4,30
1780898730000,54332.2,54332.2,54332.2,54332.2,30
1780898735000,54332.2,54340.0,54332.2,54340.0,120
1780898745000,54332.2,54332.2,54332.2,54332.2,30
1780898750000,54327.0,54327.0,54327.0,54327.0,60
1780898755000,54333.4,54333.4,54330.0,54330.0,60
1780898760000,54330.0,54330.0,54330.0,54330.0,60
1780898765000,54334.4,54334.4,54330.0,54330.0,60
1780898770000,54327.0,54330.0,54327.0,54330.0,60
1780898775000,54330.2,54330.2,54330.2,54330.2,30
1780898780000,54330.2,54330.2,54330.2,54330.2,30
1780898790000,54330.4,54330.4,54330.4,54330.4,30
1780898795000,54331.0,54331.0,54331.0,54331.0,30
1780898805000,54331.0,54331.0,54331.0,54331.0,30
1780898810000,54330.2,54347.0,54330.2,54347.0,90
1780898820000,54330.4,54332.6,54330.4,54332.6,120
1780898825000,54330.4,54330.4,54330.4,54330.4,30
1780898830000,54332.6,54332.6,54332.6,54332.6,30
1780898855000,54350.0,54350.0,54350.0,54350.0,60
1780898860000,54354.0,54354.0,54354.0,54354.0,30
1780898870000,54354.0,54354.0,54354.0,54354.0,150
1780898890000,54354.0,54355.0,54354.0,54355.0,60
1780898900000,54355.0,54360.6,54355.0,54360.6,270
1780898905000,54355.0,54355.0,54355.0,54355.0,120
1780898915000,54379.8,54379.8,54379.8,54379.8,210
1780898920000,54380.0,54380.0,54380.0,54380.0,60
1780898925000,54378.2,54378.2,54378.2,54378.2,30
1780898935000,54378.2,54378.2,54378.2,54378.2,30
1780898940000,54378.2,54378.2,54353.0,54353.0,300
1780898960000,54362.0,54362.0,54362.0,54362.0,30
1780898965000,54380.0,54380.0,54380.0,54380.0,60
1780898970000,54357.8,54357.8,54357.8,54357.8,210
1780898980000,54382.0,54382.0,54382.0,54382.0,30
1780898985000,54350.0,54350.0,54350.0,54350.0,60
1780899020000,54372.2,54372.2,54372.2,54372.2,30
1780899025000,54375.8,54375.8,54375.8,54375.8,30
1780899030000,54377.6,54377.6,54377.6,54377.6,90
1780899035000,54379.0,54379.0,54379.0,54379.0,30
1780899040000,54381.8,54381.8,54381.8,54381.8,30
1780899050000,54382.0,54383.0,54382.0,54383.0,210
1780899065000,54370.2,54370.2,54370.0,54370.0,1470
1780899080000,54371.6,54371.6,54371.6,54371.6,60
1780899085000,54395.0,54395.0,54395.0,54395.0,150
1780899090000,54370.0,54370.0,54370.0,54370.0,180
1780899100000,54370.0,54370.0,54370.0,54370.0,30
1780899105000,54393.4,54393.4,54393.4,54393.4,30
1780899110000,54382.2,54382.2,54382.2,54382.2,30
1780899120000,54399.6,54399.6,54399.6,54399.6,30
1780899130000,54399.0,54399.0,54399.0,54399.0,180
1780899135000,54399.4,54399.4,54371.0,54371.0,150
1780899145000,54398.4,54398.4,54398.4,54398.4,60
1780899165000,54398.4,54398.4,54398.4,54398.4,30
1780899170000,54380.2,54380.2,54375.0,54375.0,420
1780899180000,54397.0,54397.0,54397.0,54397.0,60
1780899185000,54395.0,54395.0,54395.0,54395.0,60
1780899190000,54395.0,54398.4,54395.0,54398.4,120
1780899195000,54399.0,54399.0,54399.0,54399.0,30
1780899200000,54380.0,54399.0,54380.0,54399.0,420
1780899210000,54386.0,54386.0,54386.0,54386.0,420
1780899240000,54396.2,54399.6,54396.2,54399.6,210
1780899255000,54399.8,54399.8,54399.8,54399.8,60
1780899260000,54399.6,54399.6,54399.6,54399.6,30
1780899275000,54399.6,54399.6,54399.6,54399.6,60
1780899295000,54375.0,54375.0,54375.0,54375.0,60
1780899300000,54375.0,54375.0,54375.0,54375.0,120
1780899305000,54397.0,54397.0,54397.0,54397.0,30
1780899310000,54375.0,54375.0,54375.0,54375.0,30
1780899320000,54375.0,54395.2,54375.0,54395.2,90
1780899330000,54395.2,54395.2,54395.2,54395.2,90
1780899340000,54393.6,54393.6,54393.6,54393.6,30
1780899345000,54381.4,54381.4,54381.4,54381.4,30
1780899350000,54375.6,54375.6,54375.6,54375.6,30
1780899355000,54395.0,54395.0,54395.0,54395.0,30
1780899360000,54396.0,54396.0,54396.0,54396.0,60
1780899365000,54393.6,54393.6,54393.6,54393.6,30
1780899380000,54393.6,54393.6,54393.6,54393.6,30
1780899420000,54386.2,54407.0,54386.2,54407.0,1020
1780899430000,54410.0,54419.8,54410.0,54419.8,90
1780899450000,54402.8,54402.8,54402.8,54402.8,30
1780899460000,54415.0,54415.0,54415.0,54415.0,60
1780899465000,54419.0,54419.0,54419.0,54419.0,60
1780899470000,54406.0,54409.2,54406.0,54409.2,60
1780899485000,54420.0,54420.0,54420.0,54420.0,180
1780899490000,54414.2,54415.0,54414.2,54415.0,60
1780899500000,54420.0,54420.0,54411.0,54411.0,90
1780899515000,54409.2,54409.2,54409.2,54409.2,30
1780899520000,54405.0,54405.0,54405.0,54405.0,60
1780899540000,54402.0,54402.0,54402.0,54402.0,60
1780899545000,54402.0,54402.0,54402.0,54402.0,30
1780899555000,54402.0,54402.0,54401.0,54401.0,90
1780899560000,54387.6,54395.2,54387.6,54395.2,1200
1780899570000,54400.0,54400.0,54400.0,54400.0,60
1780899580000,54399.6,54399.6,54399.6,54399.6,60
1780899585000,54394.4,54394.4,54394.4,54394.4,30
1780899590000,54394.2,54394.2,54391.6,54391.6,60
1780899595000,54394.8,54394.8,54394.8,54394.8,90
1780899605000,54399.0,54410.0,54399.0,54410.0,990
1780899645000,54408.8,54408.8,54408.8,54408.8,30
1780899650000,54409.6,54409.6,54405.2,54405.2,90
1780899660000,54405.2,54405.2,54405.2,54405.2,30
1780899670000,54405.2,54405.2,54405.2,54405.2,60
1780899680000,54416.4,54416.4,54416.4,54416.4,30
1780899685000,54417.2,54417.2,54417.2,54417.2,30
1780899705000,54410.0,54410.0,54410.0,54410.0,30
1780899715000,54410.0,54410.0,54410.0,54410.0,30
1780899725000,54410.0,54410.0,54410.0,54410.0,30
1780899730000,54410.0,54413.6,54410.0,54413.6,60
1780899755000,54417.0,54417.0,54417.0,54417.0,60
1780899765000,54416.0,54416.0,54416.0,54416.0,60
1780899775000,54416.0,54416.0,54416.0,54416.0,30
1780899780000,54416.0,54416.0,54416.0,54416.0,30
1780899800000,54414.2,54415.0,54414.2,54415.0,60
1780899805000,54415.0,54415.0,54406.2,54406.2,60
1780899825000,54416.0,54416.0,54416.0,54416.0,60
1780899835000,54416.0,54417.2,54416.0,54417.2,60
1780899840000,54419.8,54419.8,54419.8,54419.8,30
1780899855000,54419.8,54419.8,54419.8,54419.8,270
1780899860000,54419.8,54419.8,54419.8,54419.8,30
1780899870000,54410.2,54410.2,54410.2,54410.2,60
1780899875000,54409.2,54409.2,54409.2,54409.2,210
1780899885000,54409.2,54409.2,54409.2,54409.2,30
1780899905000,54410.8,54410.8,54410.8,54410.8,120
1780899920000,54416.0,54416.0,54416.0,54416.0,60
1780899925000,54400.0,54400.0,54400.0,54400.0,180
1780899940000,54393.4,54393.4,54393.4,54393.4,30
1780899955000,54400.0,54400.0,54400.0,54400.0,30
1780899965000,54410.0,54410.0,54410.0,54410.0,30
1780899970000,54410.0,54410.0,54410.0,54410.0,60
1780899990000,54417.0,54417.0,54417.0,54417.0,30
1780900005000,54417.0,54428.0,54417.0,54428.0,330
1780900010000,54424.8,54458.0,54424.8,54451.0,2250
1780900020000,54458.0,54458.0,54458.0,54458.0,60
1780900025000,54451.0,54459.0,54451.0,54451.0,120
1780900030000,54438.8,54438.8,54438.8,54438.8,150
1780900035000,54451.0,54451.0,54450.0,54450.0,60
1780900045000,54426.8,54426.8,54426.8,54426.8,90
1780900070000,54430.0,54430.0,54430.0,54430.0,30
1780900075000,54430.0,54430.0,54430.0,54430.0,30
1780900080000,54425.8,54425.8,54425.8,54425.8,30
1780900095000,54425.8,54425.8,54425.8,54425.8,30
1780900100000,54425.8,54425.8,54425.8,54425.8,30
1780900105000,54428.0,54428.0,54428.0,54428.0,30
1780900110000,54430.0,54430.0,54430.0,54430.0,30
1780900150000,54420.4,54420.4,54420.4,54420.4,30
1780900160000,54430.0,54430.0,54430.0,54430.0,30
1780900165000,54430.0,54430.0,54430.0,54430.0,60
1780900170000,54440.0,54440.0,54440.0,54440.0,60
1780900185000,54437.4,54437.4,54437.4,54437.4,30
1780900190000,54435.6,54435.6,54435.6,54435.6,30
1780900205000,54435.6,54435.6,54435.6,54435.6,30
1780900210000,54430.0,54430.0,54429.0,54429.0,90
1780900215000,54420.0,54420.0,54420.0,54420.0,30
1780900220000,54415.0,54415.0,54415.0,54415.0,30
1780900225000,54435.2,54435.2,54435.2,54435.2,60
1780900235000,54435.2,54435.2,54430.2,54435.2,90
1780900240000,54435.6,54435.6,54435.6,54435.6,150
1780900255000,54426.0,54426.0,54426.0,54426.0,30
1780900270000,54430.0,54430.0,54430.0,54430.0,30
1780900290000,54421.4,54421.4,54421.4,54421.4,30
1780900300000,54420.4,54420.4,54415.2,54415.2,60
1780900315000,54420.0,54420.0,54420.0,54420.0,30
1780900330000,54425.0,54425.0,54425.0,54425.0,120
1780900340000,54442.0,54442.0,54442.0,54442.0,30
1780900355000,54442.0,54442.0,54442.0,54442.0,90
1780900360000,54448.4,54448.4,54438.4,54438.4,120
1780900370000,54450.0,54450.8,54450.0,54450.8,300
1780900375000,54457.4,54457.4,54457.4,54457.4,30
1780900380000,54461.2,54470.0,54461.2,54470.0,630
1780900385000,54475.0,54475.0,54475.0,54475.0,30
1780900390000,54470.0,54470.0,54470.0,54470.0,30
1780900395000,54470.0,54470.0,54470.0,54470.0,30
1780900400000,54480.0,54480.0,54475.0,54475.0,750
1780900405000,54480.0,54480.0,54480.0,54480.0,60
1780900410000,54480.0,54480.0,54478.0,54480.0,150
1780900415000,54484.0,54489.0,54484.0,54489.0,150
1780900420000,54490.0,54490.0,54485.0,54485.0,150
1780900425000,54489.2,54489.2,54489.2,54489.2,60
1780900430000,54490.0,54490.0,54490.0,54490.0,210
1780900435000,54490.0,54494.0,54490.0,54494.0,120
1780900440000,54490.0,54490.0,54490.0,54490.0,30
1780900445000,54490.0,54494.0,54490.0,54494.0,360
1780900450000,54482.8,54482.8,54482.8,54482.8,30
1780900475000,54480.0,54480.0,54478.2,54478.2,60
1780900485000,54478.2,54478.2,54478.2,54478.2,60
1780900500000,54481.0,54481.0,54480.0,54480.0,240
1780900505000,54475.0,54475.0,54475.0,54475.0,30
1780900520000,54475.0,54475.0,54475.0,54475.0,30
1780900525000,54478.2,54478.2,54478.2,54478.2,30
1780900530000,54475.0,54475.0,54475.0,54475.0,60
1780900535000,54464.8,54464.8,54450.0,54450.0,120
1780900540000,54422.8,54422.8,54422.8,54422.8,30
1780900550000,54421.6,54450.0,54421.6,54450.0,60
1780900560000,54424.0,54424.0,54424.0,54424.0,30
1780900565000,54450.0,54450.0,54450.0,54450.0,30
1780900570000,54423.4,54445.0,54423.4,54445.0,180
1780900590000,54465.6,54465.6,54465.6,54465.6,30
1780900600000,54465.0,54465.0,54465.0,54465.0,30
1780900610000,54466.4,54466.4,54466.4,54466.4,210
1780900620000,54440.6,54440.6,54440.6,54440.6,120
1780900625000,54460.0,54460.0,54460.0,54460.0,60
1780900630000,54449.8,54450.6,54449.8,54450.6,60
1780900640000,54434.4,54434.4,54434.4,54434.4,30
1780900670000,54465.0,54465.0,54465.0,54465.0,120
1780900680000,54450.0,54450.0,54450.0,54450.0,150
1780900690000,54450.0,54450.0,54450.0,54450.0,30
1780900695000,54450.0,54450.0,54450.0,54450.0,150
1780900700000,54446.2,54446.2,54446.2,54446.2,30
1780900710000,54437.8,54437.8,54437.8,54437.8,30
1780900715000,54441.0,54441.0,54441.0,54441.0,30
1780900725000,54448.0,54448.0,54448.0,54448.0,30
1780900730000,54431.0,54431.0,54429.0,54429.0,60
1780900740000,54429.0,54429.0,54429.0,54429.0,180
1780900765000,54429.0,54429.0,54429.0,54429.0,30
1780900780000,54441.0,54441.0,54441.0,54441.0,300
1780900800000,54439.8,54439.8,54439.8,54439.8,90
1780900835000,54435.0,54435.0,54435.0,54435.0,60
1780900840000,54450.0,54450.0,54450.0,54450.0,60
1780900850000,54466.4,54470.0,54466.4,54470.0,240
1780900865000,54490.0,54492.0,54490.0,54492.0,390
1780900870000,54494.0,54495.0,54494.0,54495.0,270
1780900875000,54497.2,54497.2,54497.2,54497.2,90
1780900880000,54495.0,54495.6,54495.0,54495.6,60
1780900885000,54495.6,54499.0,54495.6,54499.0,240
1780900890000,54515.0,54515.0,54506.2,54513.4,2550
1780900895000,54519.0,54519.0,54519.0,54519.0,60
1780900900000,54520.0,54524.0,54520.0,54524.0,510
1780900905000,54524.8,54525.0,54524.8,54525.0,270
1780900910000,54524.8,54524.8,54524.8,54524.8,30
1780900915000,54525.0,54525.0,54524.8,54524.8,60
1780900920000,54525.0,54525.0,54524.8,54525.0,390
1780900925000,54525.0,54525.0,54525.0,54525.0,60
1780900935000,54525.0,54525.0,54525.0,54525.0,30
1780900940000,54525.0,54525.0,54525.0,54525.0,300
1780900945000,54513.2,54524.6,54509.8,54509.8,330
1780900950000,54475.0,54519.2,54472.8,54519.2,120
1780900970000,54511.6,54511.6,54489.8,54489.8,120
1780900975000,54500.0,54500.0,54500.0,54500.0,150
1780900980000,54508.2,54508.2,54505.0,54505.0,150
1780900985000,54520.0,54520.0,54520.0,54520.0,330
1780900990000,54525.0,54525.0,54520.0,54520.0,120
1780901000000,54520.0,54520.0,54503.4,54503.4,90
1780901010000,54520.0,54520.0,54520.0,54520.0,360
1780901020000,54500.0,54500.0,54500.0,54500.0,180
1780901025000,54488.4,54488.4,54488.4,54488.4,30
1780901030000,54500.0,54500.0,54500.0,54500.0,30
1780901035000,54500.0,54500.0,54500.0,54500.0,60
1780901040000,54500.0,54500.0,54500.0,54500.0,60
1780901045000,54491.6,54491.6,54491.6,54491.6,30
1780901060000,54491.6,54514.8,54491.6,54514.8,330
1780901065000,54520.0,54520.0,54520.0,54520.0,120
1780901075000,54495.8,54522.0,54495.8,54522.0,60
1780901080000,54522.8,54522.8,54522.8,54522.8,30
1780901085000,54520.0,54520.0,54520.0,54520.0,30
1780901095000,54520.0,54520.0,54520.0,54520.0,30
1780901100000,54520.0,54520.0,54518.8,54518.8,360
1780901105000,54519.2,54520.0,54519.2,54520.0,60
1780901110000,54520.0,54520.0,54520.0,54520.0,30
1780901115000,54520.0,54520.0,54520.0,54520.0,60
1780901120000,54523.0,54523.0,54523.0,54523.0,120
1780901125000,54524.8,54524.8,54524.8,54524.8,120
1780901130000,54515.6,54515.6,54515.6,54515.6,30
1780901135000,54525.0,54525.0,54525.0,54525.0,450
1780901145000,54525.0,54525.0,54525.0,54525.0,180
1780901155000,54525.0,54525.0,54525.0,54525.0,30
1780901165000,54525.0,54525.0,54525.0,54525.0,420
1780901170000,54525.0,54525.0,54525.0,54525.0,60
1780901175000,54525.0,54525.0,54525.0,54525.0,60
1780901185000,54520.0,54520.0,54520.0,54520.0,180
1780901195000,54520.0,54520.0,54520.0,54520.0,30
1780901200000,54520.0,54520.0,54520.0,54520.0,30
1780901205000,54520.0,54520.0,54520.0,54520.0,30
1780901215000,54520.0,54520.0,54511.6,54511.6,750
1780901230000,54525.0,54525.0,54525.0,54525.0,240
1780901235000,54516.6,54516.6,54516.6,54516.6,30
1780901255000,54516.6,54516.6,54516.6,54516.6,30
1780901265000,54525.0,54525.0,54525.0,54525.0,30
1780901270000,54509.0,54525.0,54509.0,54525.0,60
1780901275000,54525.0,54525.0,54525.0,54525.0,30
1780901305000,54515.2,54515.2,54515.2,54515.2,60
1780901310000,54520.0,54520.0,54512.2,54512.2,150
1780901320000,54515.0,54515.0,54515.0,54515.0,30
1780901325000,54512.2,54515.0,54509.0,54515.0,150
1780901340000,54503.0,54510.0,54503.0,54510.0,90
1780901360000,54500.8,54500.8,54500.0,54500.0,60
1780901365000,54515.0,54515.0,54515.0,54515.0,30
1780901385000,54515.0,54515.0,54515.0,54515.0,30
1780901390000,54519.0,54525.0,54519.0,54525.0,540
1780901395000,54525.0,54525.0,54525.0,54525.0,120
1780901400000,54534.8,54543.0,54534.8,54543.0,1440
1780901405000,54544.0,54544.0,54534.8,54544.0,120
1780901410000,54529.8,54529.8,54526.0,54526.0,1110
1780901415000,54538.0,54538.0,54538.0,54538.0,30
1780901420000,54541.8,54541.8,54541.8,54541.8,30
1780901430000,54549.0,54549.0,54520.0,54520.0,390
1780901435000,54524.6,54524.6,54524.6,54524.6,720
1780901440000,54527.0,54527.0,54527.0,54527.0,30
1780901445000,54527.0,54527.0,54527.0,54527.0,30
1780901450000,54527.0,54527.0,54527.0,54527.0,30
1780901455000,54545.0,54545.0,54545.0,54545.0,30
1780901460000,54540.6,54540.6,54540.6,54540.6,30
1780901465000,54532.6,54536.4,54532.6,54536.4,120
1780901475000,54540.0,54540.0,54540.0,54540.0,120
1780901480000,54532.4,54532.4,54532.4,54532.4,30
1780901490000,54540.0,54545.0,54540.0,54545.0,180
1780901495000,54530.8,54530.8,54528.0,54528.0,60
1780901505000,54530.6,54545.0,54530.6,54545.0,360
1780901515000,54545.0,54545.0,54545.0,54545.0,60
1780901525000,54545.0,54545.0,54545.0,54545.0,60
1780901530000,54545.0,54545.0,54545.0,54545.0,30
1780901540000,54544.6,54545.0,54544.6,54544.6,90
1780901550000,54536.4,54536.4,54536.4,54536.4,60
1780901555000,54545.0,54550.0,54545.0,54550.0,1410
1780901560000,54545.0,54545.0,54545.0,54545.0,60
1780901565000,54553.4,54553.4,54553.4,54553.4,1290
1780901570000,54560.0,54566.0,54560.0,54566.0,960
1780901575000,54567.0,54570.0,54567.0,54570.0,450
1780901580000,54570.0,54580.0,54570.0,54575.0,870
1780901585000,54575.0,54575.0,54570.0,54575.0,540
1780901595000,54562.2,54562.2,54562.2,54562.2,60
1780901600000,54562.2,54562.2,54561.8,54561.8,150
1780901605000,54561.8,54561.8,54561.8,54561.8,30
1780901615000,54557.8,54559.0,54557.8,54559.0,240
1780901620000,54555.8,54562.2,54555.8,54562.2,180
1780901625000,54570.0,54575.0,54570.0,54575.0,60
1780901630000,54559.2,54559.2,54559.2,54559.2,30
1780901640000,54556.8,54559.2,54556.8,54559.2,90
1780901645000,54575.0,54575.0,54559.2,54559.2,120
1780901660000,54559.4,54570.0,54559.0,54559.0,120
1780901670000,54568.8,54568.8,54568.8,54568.8,30
1780901680000,54560.0,54560.0,54560.0,54560.0,30
1780901685000,54559.0,54559.2,54559.0,54559.2,120
1780901690000,54559.2,54559.2,54559.2,54559.2,30
1780901695000,54560.0,54560.0,54559.2,54559.2,90
1780901700000,54571.8,54571.8,54559.0,54559.0,360
1780901705000,54568.0,54568.0,54559.0,54559.0,60
1780901715000,54559.2,54559.2,54535.0,54535.0,360
1780901720000,54558.8,54558.8,54528.0,54528.0,180
1780901730000,54530.0,54530.0,54530.0,54530.0,30
1780901740000,54550.0,54550.0,54550.0,54550.0,30
1780901750000,54552.0,54552.0,54552.0,54552.0,30
1780901755000,54552.0,54552.0,54552.0,54552.0,30
1780901760000,54526.2,54526.2,54526.2,54526.2,120
1780901780000,54526.2,54526.2,54526.2,54526.2,180
1780901785000,54520.0,54520.0,54520.0,54520.0,90
1780901790000,54516.0,54516.0,54516.0,54516.0,30
1780901795000,54510.0,54510.0,54510.0,54510.0,90
1780901800000,54510.0,54510.0,54510.0,54510.0,30
1780901805000,54510.0,54520.0,54510.0,54520.0,750
1780901810000,54538.0,54538.0,54538.0,54538.0,30
1780901815000,54503.4,54503.4,54503.4,54503.4,30
1780901820000,54505.6,54505.6,54505.6,54505.6,30
1780901825000,54516.6,54516.6,54516.6,54516.6,30
1780901830000,54511.6,54511.6,54511.6,54511.6,30
1780901835000,54516.8,54516.8,54516.8,54516.8,30
1780901840000,54520.0,54520.0,54520.0,54520.0,60
1780901845000,54508.2,54508.2,54508.2,54508.2,30
1780901860000,54508.2,54508.2,54508.2,54508.2,60
1780901865000,54520.0,54520.0,54508.2,54508.2,60
1780901870000,54508.4,54508.4,54508.4,54508.4,30
1780901890000,54520.0,54520.0,54520.0,54520.0,60
1780901895000,54520.0,54520.0,54520.0,54520.0,30
1780901900000,54521.0,54521.0,54521.0,54521.0,90
1780901910000,54525.0,54525.0,54525.0,54525.0,90
1780901925000,54530.0,54530.0,54530.0,54530.0,30
1780901945000,54529.4,54529.4,54529.4,54529.4,30
1780901960000,54529.4,54529.4,54529.4,54529.4,30
1780901970000,54524.6,54530.0,54524.6,54530.0,90
1780901990000,54529.0,54529.0,54529.0,54529.0,30
1780902000000,54529.0,54536.0,54529.0,54536.0,120
1780902005000,54543.0,54545.0,54543.0,54545.0,60
1780902015000,54548.0,54548.0,54548.0,54548.0,30
1780902020000,54547.4,54560.0,54547.4,54560.0,300
1780902030000,54558.6,54560.0,54558.6,54560.0,60
1780902035000,54560.0,54560.0,54560.0,54560.0,60
1780902040000,54550.0,54560.0,54546.2,54560.0,90
1780902045000,54564.0,54564.0,54564.0,54564.0,90
1780902050000,54564.0,54564.0,54542.0,54542.0,180
1780902055000,54563.8,54563.8,54563.8,54563.8,30
1780902065000,54560.0,54560.0,54560.0,54560.0,300
1780902070000,54563.8,54564.0,54563.8,54564.0,120
1780902075000,54565.0,54575.0,54565.0,54575.0,480
1780902080000,54574.8,54574.8,54574.8,54574.8,30
1780902085000,54568.0,54568.0,54564.2,54564.2,60
1780902095000,54540.2,54540.2,54540.2,54540.2,60
1780902100000,54540.2,54540.2,54540.2,54540.2,30
1780902110000,54516.2,54521.4,54516.2,54521.4,60
1780902120000,54540.0,54540.0,54540.0,54540.0,30
1780902125000,54541.8,54541.8,54541.8,54541.8,30
1780902130000,54540.0,54540.0,54540.0,54540.0,30
1780902135000,54540.0,54545.0,54540.0,54545.0,60
1780902145000,54545.0,54545.0,54545.0,54545.0,30
1780902150000,54545.0,54545.0,54545.0,54545.0,90
1780902175000,54521.8,54521.8,54520.4,54520.4,90
1780902180000,54516.4,54516.4,54516.4,54516.4,30
1780902190000,54521.8,54521.8,54521.8,54521.8,150
1780902195000,54539.4,54539.4,54528.0,54528.0,120
1780902205000,54550.0,54550.0,54550.0,54550.0,180
1780902215000,54565.0,54568.8,54565.0,54568.8,150
1780902225000,54564.8,54564.8,54564.8,54564.8,30
1780902235000,54557.4,54557.4,54557.4,54557.4,60
1780902240000,54561.6,54561.6,54561.6,54561.6,60
1780902245000,54560.4,54560.4,54560.4,54560.4,30
1780902250000,54557.8,54557.8,54551.0,54551.0,60
1780902260000,54554.0,54560.0,54554.0,54560.0,630
1780902270000,54555.0,54580.0,54555.0,54580.0,2040
1780902275000,54574.4,54574.4,54574.4,54574.4,30
1780902280000,54584.0,54584.0,54584.0,54584.0,60
1780902285000,54574.4,54574.4,54574.4,54574.4,60
1780902290000,54574.4,54579.8,54550.0,54579.8,150
1780902300000,54580.0,54580.0,54580.0,54580.0,210
1780902315000,54575.0,54575.0,54575.0,54575.0,90
1780902320000,54573.4,54573.4,54573.4,54573.4,30
1780902325000,54575.0,54575.0,54570.0,54570.0,90
1780902335000,54560.6,54570.0,54560.6,54570.0,60
1780902340000,54560.0,54560.0,54560.0,54560.0,240
1780902345000,54560.0,54560.0,54558.6,54558.6,210
1780902350000,54560.0,54570.0,54560.0,54570.0,420
1780902355000,54579.0,54582.2,54579.0,54582.2,1290
1780902360000,54584.0,54595.0,54584.0,54595.0,3240
1780902365000,54594.6,54594.6,54589.8,54589.8,60
1780902370000,54590.6,54590.6,54590.6,54590.6,30
1780902375000,54594.6,54594.6,54590.0,54590.2,330
1780902380000,54594.6,54594.6,54594.6,54594.6,360
1780902385000,54594.6,54597.8,54594.6,54597.8,1200
1780902390000,54599.0,54599.0,54595.8,54599.0,660
1780902395000,54599.0,54599.0,54599.0,54599.0,1170
1780902405000,54590.8,54593.4,54590.8,54593.4,60
1780902410000,54593.2,54593.2,54593.2,54593.2,480
1780902415000,54600.0,54600.0,54600.0,54600.0,630
1780902420000,54589.8,54589.8,54589.8,54589.8,30
1780902425000,54599.0,54599.0,54599.0,54599.0,150
1780902435000,54599.0,54599.0,54599.0,54599.0,630
1780902440000,54599.0,54599.0,54598.6,54598.6,180
1780902445000,54599.0,54599.0,54599.0,54599.0,180
1780902455000,54599.0,54599.0,54598.8,54598.8,120
1780902460000,54591.8,54591.8,54589.8,54589.8,240
1780902470000,54581.2,54581.2,54581.2,54581.2,510
1780902475000,54590.0,54590.0,54590.0,54590.0,30
1780902480000,54590.0,54598.0,54590.0,54598.0,540
1780902485000,54598.0,54598.0,54595.6,54595.6,60
1780902490000,54590.2,54598.8,54590.2,54598.8,660
1780902495000,54597.8,54600.0,54597.8,54600.0,3000
1780902500000,54597.6,54597.6,54597.6,54597.6,90
1780902505000,54599.0,54599.0,54599.0,54599.0,30
1780902510000,54597.6,54597.6,54597.6,54597.6,60
1780902515000,54581.2,54581.2,54581.2,54581.2,30
1780902520000,54593.6,54593.6,54593.6,54593.6,120
1780902525000,54595.2,54599.0,54595.2,54599.0,960
1780902530000,54599.8,54600.0,54599.8,54600.0,1440
1780902535000,54600.0,54600.0,54600.0,54600.0,750
1780902540000,54599.0,54599.0,54599.0,54599.0,180
1780902545000,54586.2,54586.2,54586.2,54586.2,60
1780902555000,54590.0,54590.0,54590.0,54590.0,60
1780902565000,54590.0,54590.0,54580.2,54580.2,120
1780902570000,54590.0,54590.0,54590.0,54590.0,30
1780902575000,54580.0,54580.0,54580.0,54580.0,60
1780902580000,54579.0,54579.0,54575.0,54575.0,60
1780902590000,54580.0,54580.0,54579.2,54579.2,270
1780902600000,54580.0,54580.0,54580.0,54580.0,120
1780902605000,54579.2,54582.2,54579.2,54582.2,60
1780902610000,54590.0,54590.0,54590.0,54590.0,30
1780902615000,54590.0,54590.0,54590.0,54590.0,30
1780902620000,54590.0,54590.0,54582.2,54582.2,150
1780902625000,54588.0,54588.0,54588.0,54588.0,60
1780902635000,54590.0,54590.0,54590.0,54590.0,30
1780902640000,54588.0,54588.0,54588.0,54588.0,30
1780902645000,54590.0,54590.0,54589.0,54589.0,60
1780902650000,54590.0,54597.0,54590.0,54597.0,120
1780902655000,54597.0,54597.0,54597.0,54597.0,30
1780902660000,54598.0,54598.0,54598.0,54598.0,30
1780902665000,54598.0,54598.0,54598.0,54598.0,60
1780902670000,54581.0,54595.0,54581.0,54595.0,60
1780902675000,54598.0,54598.0,54598.0,54598.0,90
1780902680000,54599.0,54599.0,54596.2,54596.2,90
1780902685000,54599.0,54599.0,54596.0,54596.0,90
1780902690000,54599.0,54599.0,54599.0,54599.0,510
1780902695000,54596.0,54596.0,54596.0,54596.0,30
1780902700000,54596.0,54596.0,54596.0,54596.0,30
1780902705000,54599.0,54599.0,54599.0,54599.0,60
1780902710000,54599.0,54599.0,54570.0,54570.0,150
1780902720000,54570.0,54570.0,54570.0,54570.0,30
1780902730000,54570.0,54570.0,54570.0,54570.0,30
1780902735000,54576.6,54576.6,54576.6,54576.6,30
1780902740000,54579.8,54597.6,54579.8,54597.6,210
1780902745000,54581.8,54581.8,54581.8,54581.8,90
1780902755000,54572.4,54577.0,54572.4,54577.0,90
1780902760000,54590.0,54590.0,54584.8,54584.8,90
1780902770000,54586.0,54598.0,54586.0,54598.0,1740
1780902780000,54598.0,54598.0,54598.0,54598.0,30
1780902785000,54599.0,54599.0,54599.0,54599.0,30
1780902790000,54595.8,54595.8,54595.8,54595.8,30
1780902800000,54599.0,54599.0,54599.0,54599.0,60
1780902805000,54599.0,54599.4,54599.0,54599.4,3030
1780902810000,54597.2,54597.2,54597.2,54597.2,120
1780902815000,54599.6,54599.6,54595.6,54599.0,810
1780902820000,54620.0,54645.0,54620.0,54645.0,6360
1780902825000,54645.2,54645.2,54645.0,54645.0,240
1780902830000,54648.0,54648.0,54648.0,54648.0,180
1780902835000,54649.0,54649.0,54645.8,54645.8,2820
1780902840000,54644.0,54644.0,54644.0,54644.0,600
1780902845000,54641.6,54641.6,54641.0,54641.0,930
1780902850000,54640.0,54644.0,54640.0,54644.0,90
1780902855000,54640.2,54640.2,54640.0,54640.0,480
1780902860000,54640.0,54640.0,54599.8,54599.8,120
1780902865000,54598.4,54600.0,54598.4,54600.0,750
1780902875000,54619.0,54619.0,54619.0,54619.0,930
1780902880000,54605.4,54620.2,54605.4,54620.2,210
1780902885000,54640.0,54644.0,54619.0,54644.0,360
1780902890000,54613.2,54616.0,54613.2,54616.0,90
1780902895000,54613.4,54613.4,54613.4,54613.4,60
1780902900000,54612.8,54635.0,54612.8,54635.0,270
1780902905000,54632.8,54633.8,54632.8,54633.8,150
1780902910000,54613.4,54628.4,54613.4,54628.4,150
1780902915000,54625.0,54625.0,54625.0,54625.0,30
1780902920000,54637.6,54637.6,54625.0,54625.0,120
1780902930000,54598.0,54598.0,54594.0,54594.0,270
1780902940000,54600.0,54600.0,54600.0,54600.0,30
1780902945000,54594.0,54594.0,54594.0,54594.0,30
1780902950000,54600.0,54600.0,54600.0,54600.0,30
1780902960000,54600.2,54600.2,54600.0,54600.0,480
1780902970000,54588.0,54588.0,54588.0,54588.0,60
1780902975000,54588.0,54588.0,54588.0,54588.0,30
1780902980000,54588.0,54592.6,54588.0,54592.6,90
1780902985000,54592.6,54592.6,54592.6,54592.6,30
1780902990000,54600.0,54600.0,54600.0,54600.0,60
1780902995000,54603.8,54605.0,54603.8,54605.0,1380
1780903000000,54607.4,54607.4,54607.4,54607.4,30
1780903005000,54615.0,54615.0,54613.6,54613.6,90
1780903010000,54613.6,54613.6,54613.6,54613.6,30
1780903015000,54612.8,54612.8,54612.6,54612.6,90
1780903020000,54613.4,54625.0,54613.4,54625.0,2250
1780903025000,54628.0,54644.0,54628.0,54644.0,210
1780903030000,54644.0,54644.0,54644.0,54644.0,60
1780903035000,54635.6,54635.6,54635.6,54635.6,30
1780903040000,54638.2,54638.2,54638.2,54638.2,30
1780903045000,54644.0,54644.0,54644.0,54644.0,30
1780903050000,54644.0,54644.0,54644.0,54644.0,30
1780903055000,54644.0,54644.0,54644.0,54644.0,30
1780903060000,54643.8,54644.0,54643.8,54644.0,210
1780903065000,54640.4,54640.4,54640.4,54640.4,60
1780903070000,54644.0,54644.0,54644.0,54644.0,240
1780903075000,54620.6,54620.6,54620.6,54620.6,30
1780903080000,54614.2,54614.2,54614.2,54614.2,30
1780903085000,54640.0,54640.0,54639.0,54639.0,90
1780903090000,54615.0,54615.0,54615.0,54615.0,120
1780903095000,54620.0,54620.0,54620.0,54620.0,30
1780903100000,54625.0,54625.0,54625.0,54625.0,30
1780903110000,54609.6,54609.6,54609.6,54609.6,30
1780903115000,54598.8,54598.8,54598.8,54598.8,630
1780903125000,54609.6,54609.6,54609.6,54609.6,60
1780903130000,54608.4,54608.4,54608.4,54608.4,300
1780903140000,54610.2,54612.8,54610.2,54612.8,270
1780903145000,54613.2,54613.2,54612.0,54612.0,1740
1780903155000,54600.8,54600.8,54600.8,54600.8,60
1780903160000,54603.6,54612.0,54603.6,54612.0,60
1780903170000,54612.0,54612.0,54612.0,54612.0,60
1780903175000,54617.0,54617.0,54615.0,54615.0,120
1780903180000,54617.4,54620.0,54617.4,54620.0,90
1780903190000,54630.0,54630.0,54630.0,54630.0,30
1780903210000,54628.0,54628.0,54628.0,54628.0,120
1780903215000,54627.0,54627.0,54622.0,54622.0,150
1780903220000,54627.4,54636.0,54627.4,54636.0,1620
1780903230000,54626.6,54636.0,54626.6,54636.0,60
1780903240000,54636.0,54636.0,54635.2,54635.2,90
1780903250000,54639.0,54639.0,54639.0,54639.0,30
1780903255000,54641.8,54645.0,54641.8,54645.0,1590
1780903260000,54648.0,54670.0,54648.0,54666.2,3660
1780903265000,54672.0,54675.0,54666.2,54675.0,240
1780903270000,54676.0,54677.0,54675.0,54677.0,180
1780903275000,54678.0,54680.0,54675.0,54680.0,540
1780903280000,54681.0,54681.0,54680.0,54681.0,450
1780903285000,54680.0,54690.6,54680.0,54688.4,1680
1780903290000,54693.6,54695.0,54686.8,54695.0,960
1780903295000,54693.6,54698.0,54693.6,54698.0,480
1780903300000,54692.0,54693.4,54692.0,54692.0,330
1780903305000,54692.0,54692.0,54680.0,54680.0,420
1780903310000,54680.0,54686.6,54672.0,54672.0,270
1780903315000,54680.0,54680.0,54672.0,54672.0,270
1780903320000,54680.0,54691.8,54659.0,54686.0,1380
1780903330000,54659.4,54664.4,54659.2,54664.4,270
1780903345000,54660.0,54660.0,54660.0,54660.0,90
1780903350000,54661.6,54661.6,54660.0,54660.0,120
1780903355000,54660.0,54660.0,54658.8,54658.8,90
1780903360000,54660.0,54660.0,54660.0,54660.0,30
1780903365000,54658.8,54658.8,54658.8,54658.8,30
1780903370000,54658.6,54658.6,54658.6,54658.6,30
1780903375000,54657.0,54657.0,54657.0,54657.0,30
1780903380000,54656.0,54656.0,54656.0,54656.0,30
1780903390000,54660.0,54664.4,54660.0,54664.4,120
1780903395000,54656.2,54656.2,54656.2,54656.2,60
1780903400000,54660.0,54660.0,54660.0,54660.0,30
1780903405000,54658.4,54658.4,54658.4,54658.4,30
1780903410000,54667.0,54667.0,54651.0,54651.0,930
1780903415000,54653.8,54657.0,54650.0,54650.0,390
1780903420000,54653.8,54653.8,54653.8,54653.8,90
1780903425000,54602.4,54639.4,54602.4,54605.8,900
1780903430000,54639.6,54640.0,54610.6,54610.6,210
1780903435000,54635.0,54635.0,54635.0,54635.0,60
1780903440000,54642.2,54642.2,54642.2,54642.2,420
1780903445000,54637.4,54639.8,54637.4,54639.8,90
1780903450000,54642.2,54642.2,54642.2,54642.2,570
1780903460000,54634.0,54634.0,54634.0,54634.0,420
1780903470000,54641.0,54641.0,54641.0,54641.0,60
1780903475000,54636.0,54636.0,54636.0,54636.0,60
1780903480000,54634.6,54634.6,54634.6,54634.6,60
1780903485000,54612.2,54634.6,54612.2,54634.6,60
1780903495000,54634.0,54634.0,54634.0,54634.0,60
1780903505000,54640.0,54669.0,54640.0,54669.0,750
1780903510000,54640.2,54662.6,54640.2,54662.6,210
1780903515000,54663.8,54664.0,54656.2,54656.2,240
1780903520000,54623.6,54623.6,54621.0,54621.0,60
1780903530000,54630.6,54640.0,54630.6,54640.0,60
1780903555000,54640.0,54640.0,54640.0,54640.0,180
1780903560000,54629.2,54629.2,54629.2,54629.2,120
1780903575000,54629.0,54633.0,54629.0,54633.0,90
1780903580000,54620.2,54620.2,54620.2,54620.2,30
1780903590000,54620.2,54622.4,54620.0,54620.0,120
1780903600000,54620.0,54633.0,54620.0,54633.0,120
1780903610000,54635.0,54635.0,54635.0,54635.0,90
1780903615000,54633.0,54633.0,54633.0,54633.0,30
1780903620000,54638.4,54640.0,54638.4,54640.0,420
1780903625000,54642.8,54642.8,54642.8,54642.8,30
1780903630000,54651.0,54651.0,54635.0,54635.0,930
1780903635000,54662.8,54662.8,54651.0,54651.0,420
1780903640000,54651.0,54662.8,54651.0,54662.8,120
1780903645000,54662.8,54662.8,54662.4,54662.4,690
1780903650000,54651.0,54651.0,54651.0,54651.0,120
1780903660000,54660.0,54662.2,54656.0,54662.2,120
1780903665000,54656.0,54656.0,54654.6,54654.6,480
1780903670000,54620.2,54620.2,54620.2,54620.2,30
1780903680000,54620.2,54620.2,54620.2,54620.2,30
1780903690000,54620.2,54620.2,54620.2,54620.2,60
1780903695000,54621.0,54621.0,54621.0,54621.0,30
1780903720000,54621.0,54621.0,54621.0,54621.0,60
1780903725000,54620.0,54620.0,54620.0,54620.0,450
1780903740000,54610.2,54611.0,54610.2,54611.0,150
1780903745000,54611.0,54620.0,54611.0,54620.0,540
1780903750000,54620.4,54620.4,54607.0,54607.0,120
1780903760000,54620.8,54620.8,54620.8,54620.8,60
1780903765000,54602.0,54602.0,54602.0,54602.0,30
1780903770000,54602.0,54602.0,54602.0,54602.0,60
1780903775000,54601.0,54601.0,54600.0,54600.0,300
1780903780000,54601.0,54601.0,54600.0,54600.0,90
1780903785000,54595.0,54595.0,54595.0,54595.0,90
1780903790000,54584.0,54584.0,54577.0,54577.0,150
1780903795000,54577.0,54577.0,54567.2,54567.2,60
1780903800000,54585.0,54600.0,54585.0,54600.0,300
1780903805000,54595.0,54595.0,54578.6,54578.6,90
1780903810000,54582.0,54595.0,54576.2,54595.0,150
1780903815000,54634.8,54634.8,54595.0,54595.0,360
1780903820000,54600.0,54600.0,54600.0,54600.0,60
1780903830000,54600.0,54600.0,54600.0,54600.0,30
1780903835000,54600.0,54600.0,54600.0,54600.0,60
1780903845000,54607.2,54607.8,54607.2,54607.8,60
1780903850000,54634.0,54634.0,54634.0,54634.0,30
1780903860000,54609.0,54609.0,54609.0,54609.0,30
1780903870000,54625.0,54625.0,54625.0,54625.0,30
1780903875000,54615.2,54615.2,54615.2,54615.2,60
1780903885000,54610.8,54610.8,54610.8,54610.8,150
1780903900000,54625.2,54625.2,54625.2,54625.2,30
1780903915000,54615.2,54615.2,54613.4,54613.4,180
1780903930000,54585.4,54600.0,54585.4,54600.0,120
1780903935000,54605.0,54605.0,54605.0,54605.0,30
1780903945000,54582.6,54582.6,54582.6,54582.6,120
1780903950000,54581.6,54581.6,54581.6,54581.6,60
1780903955000,54624.8,54624.8,54624.8,54624.8,180
1780903965000,54597.4,54624.8,54597.4,54624.8,60
1780903970000,54594.4,54594.4,54594.4,54594.4,30
1780903975000,54624.0,54624.0,54624.0,54624.0,30
1780903980000,54622.8,54625.0,54622.8,54625.0,180
1780903990000,54596.4,54620.0,54596.4,54620.0,60
1780904000000,54591.0,54591.0,54591.0,54591.0,30
1780904010000,54592.0,54592.0,54592.0,54592.0,150
1780904025000,54612.0,54612.0,54612.0,54612.0,30
1780904060000,54570.6,54570.6,54570.6,54570.6,120
1780904070000,54582.0,54582.0,54560.0,54560.0,180
1780904075000,54594.8,54594.8,54594.8,54594.8,240
1780904080000,54568.0,54594.8,54565.2,54565.2,150
1780904085000,54595.8,54595.8,54595.8,54595.8,30
1780904090000,54560.2,54560.2,54560.2,54560.2,150
1780904120000,54562.2,54562.2,54562.2,54562.2,30
1780904125000,54562.2,54562.2,54562.2,54562.2,60
1780904140000,54565.0,54565.0,54562.2,54562.2,90
1780904155000,54562.2,54565.0,54562.2,54565.0,120
1780904165000,54563.2,54563.2,54563.2,54563.2,60
1780904170000,54567.0,54567.0,54567.0,54567.0,30
1780904190000,54570.0,54570.0,54570.0,54570.0,60
1780904200000,54584.6,54584.6,54584.6,54584.6,30
1780904210000,54570.0,54570.0,54570.0,54570.0,90
1780904215000,54570.0,54570.0,54570.0,54570.0,60
1780904220000,54563.2,54563.2,54550.0,54550.0,720
1780904225000,54550.0,54550.0,54550.0,54550.0,30
1780904230000,54544.0,54544.0,54544.0,54544.0,60
1780904235000,54544.0,54544.0,54544.0,54544.0,30
1780904240000,54540.0,54545.0,54540.0,54545.0,90
1780904250000,54545.0,54545.0,54545.0,54545.0,30
1780904255000,54545.0,54545.0,54545.0,54545.0,30
1780904260000,54545.0,54545.0,54545.0,54545.0,30
1780904265000,54525.2,54545.0,54525.2,54545.0,300
1780904270000,54540.2,54540.2,54540.2,54540.2,360
1780904275000,54550.0,54550.0,54550.0,54550.0,60
1780904280000,54540.0,54551.0,54540.0,54551.0,60
1780904285000,54551.0,54551.0,54551.0,54551.0,30
1780904290000,54551.0,54551.0,54551.0,54551.0,30
1780904295000,54558.0,54558.0,54558.0,54558.0,30
1780904300000,54560.0,54560.0,54560.0,54560.0,30
1780904305000,54551.0,54551.8,54551.0,54551.8,180
1780904320000,54555.0,54555.0,54555.0,54555.0,30
1780904325000,54569.8,54569.8,54569.8,54569.8,30
1780904340000,54551.8,54551.8,54551.8,54551.8,30
1780904350000,54552.0,54552.0,54552.0,54552.0,30
1780904365000,54552.0,54552.0,54552.0,54552.0,90
1780904375000,54565.0,54565.0,54565.0,54565.0,210
1780904380000,54570.0,54570.0,54570.0,54570.0,30
1780904390000,54575.0,54575.0,54570.2,54570.2,60
1780904395000,54570.0,54570.0,54570.0,54570.0,30
1780904405000,54577.8,54577.8,54577.8,54577.8,30
1780904420000,54553.0,54553.0,54553.0,54553.0,60
1780904430000,54553.0,54553.0,54553.0,54553.0,120
1780904445000,54553.0,54553.0,54553.0,54553.0,30
1780904465000,54553.0,54553.0,54553.0,54553.0,60
1780904480000,54554.0,54554.0,54554.0,54554.0,60
1780904490000,54555.0,54555.0,54553.0,54553.0,60
1780904495000,54580.0,54580.0,54580.0,54580.0,180
1780904500000,54580.0,54580.0,54580.0,54580.0,30
1780904515000,54581.4,54581.4,54581.4,54581.4,30
1780904520000,54580.0,54580.0,54554.2,54554.2,180
1780904525000,54555.4,54555.4,54555.4,54555.4,30
1780904530000,54577.6,54577.6,54577.6,54577.6,30
1780904540000,54555.4,54555.4,54555.4,54555.4,30
1780904555000,54588.6,54588.6,54588.6,54588.6,30
1780904560000,54585.0,54585.0,54558.6,54558.6,210
1780904585000,54588.4,54588.4,54588.4,54588.4,30
1780904615000,54585.6,54585.6,54585.6,54585.6,60
1780904625000,54561.0,54561.0,54561.0,54561.0,90
1780904630000,54561.0,54580.0,54561.0,54580.0,60
1780904640000,54575.2,54575.2,54575.2,54575.2,30
1780904645000,54561.0,54561.0,54560.0,54560.0,90
1780904655000,54557.0,54557.0,54557.0,54557.0,60
1780904665000,54557.0,54557.0,54557.0,54557.0,30
1780904670000,54560.0,54560.0,54560.0,54560.0,30
1780904675000,54560.0,54560.0,54560.0,54560.0,60
1780904685000,54557.0,54557.0,54557.0,54557.0,30
1780904690000,54557.0,54557.0,54557.0,54557.0,30
1780904700000,54556.0,54556.0,54556.0,54556.0,30
1780904720000,54560.0,54560.0,54560.0,54560.0,30
1780904730000,54554.0,54554.0,54554.0,54554.0,30
1780904735000,54560.0,54560.0,54560.0,54560.0,60
1780904740000,54570.0,54570.0,54557.8,54557.8,90
1780904750000,54566.0,54575.0,54566.0,54575.0,90
1780904755000,54580.0,54580.0,54580.0,54580.0,300
1780904770000,54578.2,54578.2,54578.2,54578.2,30
1780904780000,54580.0,54580.0,54580.0,54580.0,30
1780904790000,54579.8,54579.8,54579.8,54579.8,30
1780904795000,54553.0,54553.0,54553.0,54553.0,300
1780904805000,54580.0,54580.0,54580.0,54580.0,30
1780904815000,54580.0,54580.0,54580.0,54580.0,60
1780904825000,54560.0,54560.0,54560.0,54560.0,30
1780904830000,54560.0,54560.0,54560.0,54560.0,30
1780904840000,54560.0,54560.0,54560.0,54560.0,30
1780904845000,54580.0,54580.0,54580.0,54580.0,30
1780904860000,54580.0,54580.0,54580.0,54580.0,120
1780904880000,54580.0,54580.0,54580.0,54580.0,30
1780904885000,54577.6,54577.6,54577.6,54577.6,30
1780904910000,54560.0,54560.0,54560.0,54560.0,30
1780904930000,54560.0,54560.0,54560.0,54560.0,180
1780904940000,54550.0,54550.0,54545.0,54545.0,450
1780904950000,54550.0,54550.0,54550.0,54550.0,60
1780904955000,54553.0,54553.0,54553.0,54553.0,30
1780904960000,54530.6,54530.6,54530.6,54530.6,30
1780904970000,54550.0,54550.0,54550.0,54550.0,30
1780904980000,54532.0,54532.0,54532.0,54532.0,30
1780905000000,54545.6,54545.6,54545.6,54545.6,30
1780905020000,54532.0,54532.0,54532.0,54532.0,120
1780905025000,54532.0,54544.4,54532.0,54544.4,60
1780905030000,54532.0,54532.0,54532.0,54532.0,30
1780905040000,54532.0,54532.0,54532.0,54532.0,60
1780905045000,54531.0,54531.0,54531.0,54531.0,30
1780905050000,54530.0,54532.0,54530.0,54532.0,60
1780905055000,54520.0,54520.0,54520.0,54520.0,60
1780905060000,54515.0,54515.0,54510.0,54510.0,360
1780905065000,54512.0,54515.0,54510.0,54510.0,150
1780905070000,54525.0,54525.0,54525.0,54525.0,60
1780905075000,54525.0,54525.0,54525.0,54525.0,30
1780905080000,54510.0,54510.0,54510.0,54510.0,90
1780905085000,54512.8,54512.8,54512.8,54512.8,60
1780905090000,54513.8,54513.8,54513.8,54513.8,60
1780905095000,54525.0,54525.0,54525.0,54525.0,30
1780905100000,54528.8,54528.8,54526.4,54526.4,150
1780905110000,54528.8,54528.8,54528.8,54528.8,30
1780905120000,54529.6,54529.6,54529.6,54529.6,30
1780905125000,54513.0,54513.0,54513.0,54513.0,60
1780905135000,54529.6,54529.6,54511.0,54511.0,90
1780905140000,54513.0,54513.0,54513.0,54513.0,30
1780905145000,54513.0,54513.0,54513.0,54513.0,60
1780905155000,54515.2,54515.2,54515.2,54515.2,60
1780905170000,54528.8,54528.8,54528.8,54528.8,30
1780905185000,54513.6,54513.6,54513.6,54513.6,60
1780905190000,54515.0,54515.0,54515.0,54515.0,60
1780905195000,54520.0,54520.0,54520.0,54520.0,90
1780905220000,54521.6,54521.6,54521.6,54521.6,30
1780905235000,54530.0,54530.0,54530.0,54530.0,60
1780905240000,54530.0,54530.0,54530.0,54530.0,60
1780905255000,54539.2,54539.2,54539.2,54539.2,60
1780905260000,54520.6,54540.0,54520.6,54540.0,60
1780905285000,54520.0,54520.0,54520.0,54520.0,60
1780905290000,54520.0,54520.0,54520.0,54520.0,30
1780905300000,54519.4,54519.4,54519.4,54519.4,180
1780905310000,54521.2,54521.2,54521.2,54521.2,30
1780905315000,54538.8,54538.8,54538.8,54538.8,30
1780905325000,54522.0,54522.0,54522.0,54522.0,30
1780905330000,54516.0,54516.0,54516.0,54516.0,30
1780905340000,54516.0,54516.0,54516.0,54516.0,120
1780905345000,54538.8,54538.8,54538.8,54538.8,780
1780905350000,54516.0,54516.0,54516.0,54516.0,30
1780905360000,54514.6,54516.0,54514.6,54516.0,180
1780905365000,54508.4,54508.4,54505.0,54505.0,330
1780905375000,54505.0,54505.0,54502.0,54502.0,60
1780905380000,54502.0,54502.0,54502.0,54502.0,30
1780905385000,54501.0,54501.0,54501.0,54501.0,30
1780905395000,54505.0,54505.0,54505.0,54505.0,30
1780905400000,54502.0,54502.0,54502.0,54502.0,30
1780905410000,54500.0,54500.0,54500.0,54500.0,1200
1780905420000,54481.0,54481.0,54473.4,54473.4,1350
1780905425000,54472.4,54478.6,54472.4,54478.6,90
1780905430000,54476.0,54476.0,54476.0,54476.0,30
1780905440000,54480.0,54480.0,54480.0,54480.0,60
1780905445000,54500.0,54500.0,54500.0,54500.0,60
1780905450000,54500.0,54500.0,54500.0,54500.0,30
1780905465000,54494.0,54494.0,54494.0,54494.0,30
1780905470000,54485.0,54502.0,54485.0,54502.0,150
1780905480000,54498.4,54498.4,54498.4,54498.4,30
1780905485000,54500.0,54500.0,54500.0,54500.0,30
1780905495000,54495.0,54495.0,54495.0,54495.0,30
1780905505000,54487.0,54487.0,54487.0,54487.0,30
1780905520000,54486.0,54486.0,54486.0,54486.0,60
1780905525000,54486.8,54486.8,54486.8,54486.8,60
1780905530000,54487.0,54487.0,54487.0,54487.0,60
1780905535000,54490.0,54500.0,54490.0,54500.0,150
1780905540000,54489.2,54489.2,54489.2,54489.2,30
1780905550000,54499.0,54499.0,54499.0,54499.0,30
1780905555000,54490.0,54490.0,54490.0,54490.0,90
1780905585000,54498.6,54509.0,54498.6,54509.0,930
1780905590000,54510.0,54510.0,54510.0,54510.0,90
1780905595000,54513.4,54513.4,54513.4,54513.4,30
1780905600000,54520.0,54521.0,54520.0,54521.0,90
1780905605000,54530.0,54532.8,54530.0,54532.8,90
1780905610000,54535.0,54535.0,54535.0,54535.0,90
1780905625000,54519.6,54519.6,54519.6,54519.6,30
1780905635000,54515.8,54515.8,54515.8,54515.8,30
1780905640000,54514.8,54514.8,54514.8,54514.8,30
1780905655000,54515.8,54515.8,54514.0,54514.0,90
1780905680000,54500.0,54500.0,54500.0,54500.0,30
1780905700000,54510.0,54515.0,54510.0,54515.0,60
1780905705000,54515.0,54517.6,54515.0,54517.6,240
1780905725000,54517.6,54517.6,54517.6,54517.6,60
1780905745000,54510.0,54510.0,54510.0,54510.0,90
1780905750000,54501.6,54501.6,54501.6,54501.6,300
1780905755000,54500.0,54500.0,54500.0,54500.0,90
1780905765000,54500.0,54500.0,54500.0,54500.0,60
1780905775000,54490.0,54500.0,54489.2,54500.0,90
1780905790000,54500.0,54500.0,54489.2,54489.2,120
1780905795000,54489.2,54489.2,54489.2,54489.2,60
1780905805000,54509.0,54509.0,54509.0,54509.0,90
1780905815000,54509.2,54509.2,54509.2,54509.2,30
1780905820000,54500.0,54500.0,54500.0,54500.0,30
1780905825000,54508.8,54508.8,54508.8,54508.8,30
1780905835000,54500.0,54500.0,54500.0,54500.0,30
1780905840000,54528.6,54528.6,54528.6,54528.6,600
1780905855000,54515.0,54515.0,54515.0,54515.0,30
1780905865000,54515.0,54515.0,54515.0,54515.0,30
1780905870000,54510.0,54510.0,54510.0,54510.0,30
1780905875000,54515.0,54515.0,54515.0,54515.0,30
1780905890000,54505.0,54505.0,54505.0,54505.0,30
1780905900000,54515.0,54515.0,54515.0,54515.0,30
1780905930000,54519.8,54519.8,54519.8,54519.8,30
1780905935000,54519.8,54519.8,54519.8,54519.8,30
1780905950000,54505.0,54505.0,54505.0,54505.0,90
1780905955000,54500.0,54500.0,54500.0,54500.0,60
1780905960000,54500.0,54500.0,54500.0,54500.0,30
1780905965000,54510.0,54510.0,54510.0,54510.0,30
1780905970000,54510.0,54510.0,54510.0,54510.0,30
1780905975000,54500.0,54500.0,54500.0,54500.0,30
1780906005000,54503.0,54503.0,54503.0,54503.0,30
1780906030000,54500.0,54500.0,54500.0,54500.0,90
1780906050000,54510.0,54510.0,54510.0,54510.0,30
1780906060000,54510.0,54510.0,54510.0,54510.0,30
1780906070000,54510.0,54510.0,54510.0,54510.0,30
1780906075000,54500.0,54500.0,54500.0,54500.0,30
1780906080000,54509.8,54509.8,54509.8,54509.8,30
1780906100000,54493.0,54500.0,54493.0,54500.0,240
1780906105000,54495.0,54495.0,54495.0,54495.0,30
1780906135000,54493.0,54493.0,54493.0,54493.0,360
1780906140000,54493.0,54493.0,54490.0,54490.0,90
1780906145000,54485.0,54485.0,54485.0,54485.0,30
1780906150000,54480.0,54485.0,54480.0,54482.8,90
1780906155000,54478.0,54489.0,54476.0,54476.0,120
1780906160000,54480.0,54480.0,54455.0,54455.0,1050
1780906170000,54455.0,54459.0,54455.0,54459.0,240
1780906175000,54466.4,54466.4,54466.4,54466.4,120
1780906180000,54464.0,54469.4,54464.0,54469.4,180
1780906185000,54480.0,54480.0,54479.4,54479.4,450
1780906195000,54491.8,54500.8,54491.8,54500.8,570
1780906200000,54500.0,54500.0,54498.0,54498.0,240
1780906210000,54485.2,54490.0,54485.2,54490.0,90
1780906215000,54479.4,54479.4,54479.4,54479.4,30
1780906220000,54480.0,54480.0,54480.0,54480.0,30
1780906225000,54469.0,54469.0,54469.0,54469.0,30
1780906230000,54479.8,54479.8,54479.8,54479.8,30
1780906235000,54462.0,54462.0,54462.0,54462.0,30
1780906240000,54460.0,54460.0,54460.0,54460.0,30
1780906245000,54458.0,54458.0,54458.0,54458.0,300
1780906255000,54460.0,54460.0,54460.0,54460.0,30
1780906260000,54478.0,54478.0,54478.0,54478.0,30
1780906265000,54458.0,54458.0,54458.0,54458.0,30
1780906270000,54455.0,54455.0,54451.0,54451.0,900
1780906275000,54450.0,54450.0,54450.0,54450.0,780
1780906280000,54440.2,54440.2,54440.2,54440.2,420
1780906285000,54429.0,54429.0,54428.0,54428.0,780
1780906290000,54445.0,54445.0,54445.0,54445.0,30
1780906295000,54440.0,54440.0,54440.0,54440.0,60
1780906300000,54445.0,54445.0,54445.0,54445.0,30
1780906305000,54445.0,54449.8,54440.0,54449.8,180
1780906310000,54445.6,54450.0,54445.6,54450.0,120
1780906315000,54436.0,54450.0,54436.0,54450.0,960
1780906330000,54441.0,54449.8,54441.0,54449.8,60
1780906335000,54449.8,54450.0,54441.0,54441.0,120
1780906340000,54450.0,54450.0,54450.0,54450.0,390
1780906345000,54450.0,54450.0,54450.0,54450.0,150
1780906350000,54445.0,54445.0,54445.0,54445.0,60
1780906355000,54445.0,54445.0,54445.0,54445.0,30
1780906360000,54441.6,54445.0,54441.6,54445.0,60
1780906365000,54445.0,54445.0,54445.0,54445.0,210
1780906370000,54440.0,54440.0,54440.0,54440.0,450
1780906380000,54438.0,54440.0,54438.0,54440.0,60
1780906385000,54440.0,54440.0,54440.0,54440.0,30
1780906390000,54440.0,54440.0,54440.0,54440.0,180
1780906395000,54437.4,54445.0,54437.4,54445.0,630
1780906405000,54436.0,54436.0,54436.0,54436.0,30
1780906410000,54440.0,54440.0,54440.0,54440.0,30
1780906415000,54440.0,54440.0,54440.0,54440.0,30
1780906425000,54435.0,54440.0,54435.0,54440.0,180
1780906430000,54440.0,54440.0,54435.0,54435.0,180
1780906435000,54435.0,54440.0,54435.0,54440.0,60
1780906440000,54430.0,54430.0,54430.0,54430.0,540
1780906445000,54430.0,54430.0,54430.0,54430.0,60
1780906450000,54430.0,54430.0,54428.0,54428.0,570
1780906455000,54428.0,54428.0,54428.0,54428.0,60
1780906460000,54432.2,54432.2,54428.0,54428.0,180
1780906465000,54428.0,54428.0,54420.0,54420.0,360
1780906470000,54420.0,54420.0,54420.0,54420.0,300
1780906475000,54421.0,54421.0,54410.0,54410.0,1770
1780906480000,54415.0,54415.0,54405.0,54405.0,210
1780906485000,54401.0,54401.0,54401.0,54401.0,240
1780906490000,54412.6,54412.6,54401.6,54401.6,90
1780906495000,54418.2,54418.2,54400.0,54400.0,2370
1780906500000,54400.0,54400.0,54374.4,54374.4,750
1780906505000,54375.0,54375.0,54365.0,54365.0,300
1780906510000,54365.0,54367.6,54365.0,54367.6,420
1780906515000,54367.0,54367.0,54361.6,54361.6,900
1780906520000,54375.0,54385.0,54374.8,54374.8,480
1780906525000,54385.0,54385.0,54370.0,54370.0,1020
1780906530000,54370.0,54370.0,54368.4,54368.4,840
1780906535000,54374.8,54374.8,54367.0,54367.6,90
1780906540000,54370.0,54385.0,54370.0,54385.0,60
1780906545000,54367.0,54367.0,54365.0,54365.0,690
1780906550000,54365.0,54365.0,54360.2,54360.2,300
1780906555000,54365.0,54379.2,54365.0,54379.2,120
1780906560000,54379.2,54379.2,54359.0,54359.0,360
1780906565000,54360.6,54360.6,54358.0,54358.0,120
1780906575000,54352.0,54352.0,54352.0,54352.0,420
1780906580000,54352.0,54359.8,54352.0,54359.8,150
1780906585000,54350.0,54359.6,54350.0,54356.0,1620
1780906590000,54349.0,54349.0,54348.8,54348.8,90
1780906595000,54345.0,54345.0,54342.0,54342.0,720
1780906600000,54347.4,54347.4,54334.0,54334.0,1440
1780906605000,54335.8,54340.0,54335.8,54340.0,330
1780906610000,54340.0,54345.0,54335.0,54345.0,150
1780906615000,54340.0,54340.0,54330.0,54330.0,660
1780906620000,54333.0,54340.0,54325.0,54325.0,1320
1780906625000,54334.4,54334.4,54334.4,54334.4,390
1780906630000,54334.4,54334.4,54329.8,54329.8,1050
1780906635000,54320.0,54320.0,54316.6,54316.6,690
1780906640000,54316.6,54316.6,54316.6,54316.6,330
1780906645000,54316.0,54340.4,54316.0,54340.4,150
1780906650000,54341.4,54341.4,54316.6,54316.6,150
1780906655000,54341.8,54341.8,54330.0,54330.0,90
1780906660000,54317.0,54344.2,54317.0,54344.2,90
1780906665000,54340.0,54340.0,54340.0,54340.0,30
1780906670000,54330.0,54340.0,54330.0,54340.0,360
1780906675000,54339.8,54356.0,54339.8,54356.0,390
1780906680000,54356.0,54365.0,54356.0,54365.0,150
1780906685000,54379.2,54379.2,54350.0,54350.0,360
1780906690000,54350.0,54350.0,54350.0,54350.0,60
1780906695000,54350.0,54350.0,54350.0,54350.0,60
1780906700000,54350.0,54350.0,54350.0,54350.0,240
1780906705000,54341.0,54350.0,54341.0,54350.0,420
1780906710000,54350.0,54350.0,54350.0,54350.0,60
1780906715000,54350.0,54350.0,54350.0,54350.0,600
1780906720000,54350.0,54350.0,54350.0,54350.0,540
1780906725000,54350.0,54361.6,54350.0,54361.6,1830
1780906730000,54361.6,54361.6,54350.0,54350.0,2040
1780906735000,54379.2,54379.2,54379.2,54379.2,150
1780906740000,54372.6,54385.0,54372.6,54385.0,1860
1780906745000,54387.0,54387.0,54387.0,54387.0,30
1780906750000,54376.6,54376.6,54370.0,54370.0,1950
1780906755000,54369.0,54390.0,54364.0,54364.0,1980
1780906760000,54353.6,54353.6,54353.6,54353.6,540
1780906765000,54363.8,54380.0,54363.8,54380.0,1830
1780906770000,54380.0,54380.0,54380.0,54380.0,300
1780906775000,54360.0,54385.0,54360.0,54385.0,1860
1780906780000,54385.0,54385.0,54360.0,54360.0,1860
1780906785000,54385.0,54385.0,54385.0,54385.0,30
1780906790000,54370.0,54370.0,54370.0,54370.0,60
1780906795000,54360.0,54370.0,54360.0,54370.0,60
1780906800000,54360.0,54370.0,54360.0,54360.0,840
1780906805000,54384.8,54384.8,54366.6,54370.0,1170
1780906810000,54385.0,54385.0,54385.0,54385.0,90
1780906815000,54360.0,54360.0,54360.0,54360.0,300
1780906820000,54360.0,54360.0,54360.0,54360.0,90
1780906845000,54360.0,54360.0,54360.0,54360.0,30
1780906855000,54369.4,54369.4,54369.4,54369.4,30
1780906865000,54369.4,54369.4,54369.4,54369.4,30
1780906870000,54363.0,54369.0,54363.0,54369.0,60
1780906875000,54369.0,54369.0,54363.0,54363.0,90
1780906880000,54365.0,54365.0,54360.0,54360.0,390
1780906885000,54360.0,54360.0,54358.0,54358.0,150
1780906890000,54350.0,54360.4,54350.0,54350.0,990
1780906895000,54350.0,54350.0,54350.0,54350.0,90
1780906905000,54350.0,54350.0,54350.0,54350.0,150
1780906910000,54350.0,54365.0,54350.0,54365.0,150
1780906935000,54355.0,54355.0,54355.0,54355.0,60
1780906940000,54350.0,54354.8,54350.0,54350.0,1200
1780906945000,54347.2,54347.2,54347.2,54347.2,30
1780906955000,54353.8,54353.8,54353.8,54353.8,30
1780906965000,54351.8,54351.8,54351.8,54351.8,30
1780906970000,54347.2,54347.2,54347.0,54347.0,90
1780906975000,54340.0,54340.0,54340.0,54340.0,180
1780906980000,54335.0,54335.0,54325.0,54325.0,930
1780906985000,54339.0,54339.0,54339.0,54339.0,60
1780906990000,54339.0,54339.0,54339.0,54339.0,30
1780907000000,54339.0,54339.0,54339.0,54339.0,30
1780907005000,54338.6,54338.6,54338.6,54338.6,30
1780907010000,54326.0,54326.0,54326.0,54326.0,60
1780907015000,54330.0,54338.6,54330.0,54338.6,150
1780907025000,54338.6,54338.6,54338.6,54338.6,30
1780907030000,54338.6,54338.6,54338.6,54338.6,240
1780907035000,54338.6,54338.6,54338.6,54338.6,60
1780907040000,54348.0,54348.0,54348.0,54348.0,30
1780907045000,54348.0,54350.0,54348.0,54350.0,60
1780907060000,54343.8,54343.8,54334.0,54334.0,870
1780907065000,54350.0,54350.0,54350.0,54350.0,30
1780907075000,54359.2,54359.2,54359.2,54359.2,30
1780907080000,54350.0,54350.0,54350.0,54350.0,120
1780907085000,54349.0,54350.0,54349.0,54350.0,150
1780907095000,54348.4,54348.4,54348.4,54348.4,30
1780907100000,54345.0,54345.0,54340.0,54345.0,150
1780907110000,54341.8,54341.8,54341.8,54341.8,30
1780907115000,54335.4,54335.4,54335.4,54335.4,30
1780907120000,54335.0,54335.0,54335.0,54335.0,240
1780907125000,54333.0,54333.0,54333.0,54333.0,300
1780907135000,54340.0,54340.0,54340.0,54340.0,60
1780907150000,54332.0,54332.0,54330.0,54332.0,210
1780907155000,54338.4,54338.4,54338.4,54338.4,30
1780907160000,54340.0,54340.0,54335.0,54335.0,90
1780907165000,54357.8,54357.8,54332.0,54332.0,240
1780907170000,54345.0,54345.0,54332.0,54332.0,450
1780907190000,54331.4,54331.4,54331.4,54331.4,180
1780907195000,54337.4,54337.4,54337.4,54337.4,30
1780907200000,54345.0,54345.0,54345.0,54345.0,210
1780907205000,54345.0,54345.0,54345.0,54345.0,90
1780907210000,54345.0,54345.0,54345.0,54345.0,60
1780907220000,54337.4,54337.4,54337.4,54337.4,30
1780907225000,54345.0,54345.0,54345.0,54345.0,90
1780907230000,54340.0,54345.0,54340.0,54345.0,330
1780907235000,54344.4,54344.4,54344.4,54344.4,60
1780907245000,54344.4,54344.4,54344.4,54344.4,30
1780907250000,54337.4,54337.4,54337.0,54337.0,150
1780907255000,54335.0,54335.0,54335.0,54335.0,60
1780907260000,54330.0,54335.0,54326.0,54326.0,1320
1780907265000,54326.0,54326.0,54326.0,54326.0,30
1780907270000,54325.0,54325.0,54325.0,54325.0,60
1780907275000,54326.0,54326.0,54325.0,54325.0,90
1780907280000,54325.0,54325.0,54322.0,54322.0,180
1780907285000,54320.0,54320.0,54320.0,54320.0,120
1780907290000,54320.0,54320.0,54320.0,54320.0,30
1780907295000,54320.0,54328.4,54320.0,54328.4,150
1780907300000,54337.2,54337.2,54337.2,54337.2,210
1780907305000,54320.8,54328.0,54320.8,54327.8,150
1780907310000,54345.0,54345.0,54345.0,54345.0,30
1780907320000,54342.6,54345.0,54342.6,54345.0,300
1780907325000,54369.6,54369.6,54369.6,54369.6,30
1780907335000,54355.0,54355.0,54355.0,54355.0,30
1780907340000,54355.0,54377.2,54355.0,54377.2,90
1780907345000,54355.0,54355.0,54355.0,54355.0,60
1780907360000,54360.0,54360.0,54360.0,54360.0,30
1780907375000,54380.0,54380.0,54380.0,54380.0,30
1780907380000,54357.2,54357.2,54357.2,54357.2,510
1780907385000,54385.0,54385.0,54385.0,54385.0,30
1780907390000,54364.4,54364.4,54364.4,54364.4,120
1780907395000,54380.0,54380.0,54380.0,54380.0,30
1780907400000,54355.0,54380.0,54355.0,54380.0,150
1780907405000,54385.0,54385.0,54385.0,54385.0,60
1780907410000,54385.0,54385.0,54385.0,54385.0,90
1780907415000,54384.8,54384.8,54384.8,54384.8,30
1780907420000,54390.0,54390.0,54385.0,54385.0,180
1780907425000,54390.0,54390.0,54390.0,54390.0,210
1780907430000,54390.0,54390.0,54390.0,54390.0,90
1780907435000,54390.0,54390.0,54390.0,54390.0,90
1780907445000,54390.0,54390.0,54390.0,54390.0,60
1780907450000,54395.0,54399.0,54395.0,54399.0,180
1780907455000,54399.0,54416.0,54399.0,54416.0,870
1780907460000,54416.0,54416.0,54416.0,54416.0,30
1780907465000,54416.0,54416.0,54416.0,54416.0,30
1780907470000,54416.0,54420.0,54416.0,54420.0,360
1780907480000,54420.0,54420.0,54420.0,54420.0,30
1780907495000,54400.0,54416.6,54400.0,54416.6,360
1780907500000,54390.0,54420.0,54390.0,54405.0,660
1780907505000,54413.2,54413.2,54412.6,54412.6,120
1780907510000,54410.0,54410.0,54410.0,54410.0,60
1780907515000,54409.0,54409.0,54405.0,54405.0,180
1780907520000,54390.0,54400.0,54390.0,54400.0,240
1780907535000,54386.0,54386.0,54386.0,54386.0,180
1780907540000,54400.0,54400.0,54400.0,54400.0,150
1780907550000,54400.0,54400.0,54400.0,54400.0,180
1780907560000,54395.0,54396.0,54395.0,54396.0,210
1780907565000,54385.0,54385.0,54364.4,54364.4,210
1780907570000,54385.0,54385.0,54385.0,54385.0,90
1780907585000,54364.6,54364.6,54364.6,54364.6,30
1780907590000,54385.0,54385.0,54385.0,54385.0,30
1780907600000,54375.0,54375.0,54375.0,54375.0,120
1780907605000,54380.0,54380.0,54374.6,54374.6,210
1780907610000,54380.0,54380.0,54380.0,54380.0,90
1780907615000,54400.0,54400.0,54400.0,54400.0,60
1780907625000,54399.8,54399.8,54399.8,54399.8,30
1780907635000,54400.0,54420.0,54400.0,54420.0,360
1780907640000,54384.2,54384.2,54384.2,54384.2,150
1780907650000,54414.2,54414.2,54414.2,54414.2,30
1780907655000,54384.2,54384.2,54384.2,54384.2,60
1780907675000,54406.8,54410.0,54406.8,54410.0,240
1780907680000,54405.0,54425.0,54405.0,54425.0,270
1780907685000,54425.0,54425.0,54425.0,54425.0,30
1780907695000,54418.0,54418.0,54418.0,54418.0,30
1780907700000,54425.0,54425.0,54425.0,54425.0,120
1780907705000,54405.0,54405.0,54405.0,54405.0,30
1780907710000,54405.0,54418.0,54405.0,54418.0,60
1780907715000,54418.0,54418.0,54418.0,54418.0,30
1780907730000,54385.0,54385.0,54385.0,54385.0,210
1780907745000,54391.0,54391.0,54391.0,54391.0,60
1780907755000,54391.0,54391.0,54391.0,54391.0,240
1780907760000,54385.0,54385.0,54383.4,54383.4,210
1780907780000,54380.0,54380.0,54380.0,54380.0,930
1780907785000,54380.0,54380.0,54380.0,54380.0,60
1780907790000,54378.0,54378.0,54378.0,54378.0,30
1780907795000,54399.4,54399.4,54399.4,54399.4,90
1780907800000,54388.4,54388.4,54388.4,54388.4,30
1780907820000,54375.0,54375.0,54375.0,54375.0,300
1780907825000,54385.4,54385.4,54385.4,54385.4,60
1780907830000,54370.0,54370.0,54370.0,54370.0,30
1780907850000,54368.0,54368.0,54368.0,54368.0,30
1780907855000,54367.0,54367.0,54367.0,54367.0,150
1780907860000,54363.0,54363.0,54363.0,54363.0,30
1780907870000,54373.4,54373.4,54373.4,54373.4,30
1780907875000,54360.0,54360.0,54360.0,54360.0,720
1780907880000,54358.0,54358.0,54356.2,54356.2,180
1780907890000,54350.0,54350.0,54350.0,54350.0,150
1780907900000,54350.0,54364.0,54350.0,54364.0,60
1780907905000,54350.0,54350.0,54350.0,54350.0,600
1780907910000,54343.0,54343.0,54330.0,54330.0,540
1780907915000,54334.0,54334.0,54334.0,54334.0,60
1780907920000,54330.0,54330.0,54325.0,54325.0,450
1780907925000,54324.2,54324.2,54324.2,54324.2,30
1780907930000,54325.0,54325.0,54325.0,54325.0,120
1780907935000,54350.0,54350.0,54350.0,54350.0,210
1780907945000,54355.0,54355.0,54355.0,54355.0,30
1780907950000,54354.6,54354.6,54354.6,54354.6,30
1780907955000,54350.0,54350.0,54350.0,54350.0,120
1780907960000,54350.0,54350.0,54350.0,54350.0,90
1780907990000,54336.0,54336.0,54336.0,54336.0,30
1780908000000,54340.0,54340.0,54340.0,54340.0,30
1780908010000,54340.0,54350.0,54337.0,54337.0,180
1780908015000,54349.0,54349.0,54349.0,54349.0,30
1780908035000,54347.4,54347.4,54347.4,54347.4,30
1780908045000,54340.0,54340.0,54340.0,54340.0,30
1780908055000,54346.0,54346.0,54340.0,54340.0,90
1780908060000,54336.0,54336.0,54330.0,54330.0,810
1780908065000,54331.0,54331.0,54331.0,54331.0,60
1780908070000,54343.4,54343.4,54343.4,54343.4,30
1780908080000,54327.0,54327.0,54313.0,54313.0,1230
1780908085000,54311.4,54315.0,54311.4,54315.0,450
1780908090000,54310.0,54310.0,54310.0,54310.0,30
1780908095000,54315.6,54342.6,54315.6,54330.0,150
1780908100000,54310.0,54315.6,54310.0,54315.6,90
1780908105000,54310.0,54310.0,54310.0,54310.0,90
1780908110000,54310.2,54335.0,54310.2,54335.0,60
1780908115000,54327.6,54327.6,54327.6,54327.6,30
1780908120000,54320.2,54320.2,54320.2,54320.2,90
1780908125000,54310.0,54310.0,54310.0,54310.0,870
1780908130000,54325.0,54325.0,54320.0,54320.0,60
1780908135000,54325.0,54325.0,54310.0,54310.0,60
1780908140000,54314.0,54314.0,54314.0,54314.0,30
1780908145000,54311.4,54311.4,54311.0,54311.0,90
1780908150000,54310.0,54310.0,54310.0,54310.0,30
1780908160000,54310.0,54310.0,54310.0,54310.0,90
1780908165000,54330.0,54330.0,54311.0,54330.0,150
1780908170000,54329.8,54329.8,54320.0,54320.0,60
1780908175000,54310.0,54310.0,54310.0,54310.0,60
1780908180000,54310.0,54310.0,54310.0,54310.0,240
1780908185000,54323.8,54323.8,54321.8,54321.8,60
1780908190000,54339.4,54339.4,54325.0,54325.0,360
1780908195000,54322.2,54322.2,54322.2,54322.2,30
1780908200000,54310.0,54310.0,54310.0,54310.0,30
1780908205000,54310.0,54325.0,54310.0,54325.0,60
1780908210000,54325.0,54325.0,54325.0,54325.0,30
1780908235000,54311.0,54311.0,54311.0,54311.0,30
1780908240000,54319.0,54319.0,54319.0,54319.0,30
1780908245000,54310.0,54310.0,54310.0,54310.0,300
1780908250000,54319.6,54319.6,54319.6,54319.6,30
1780908265000,54310.0,54310.0,54310.0,54310.0,30
1780908270000,54310.0,54310.0,54310.0,54310.0,30
1780908275000,54319.8,54319.8,54319.8,54319.8,30
1780908280000,54310.0,54310.0,54310.0,54310.0,120
1780908285000,54320.0,54320.0,54315.0,54315.0,120
1780908290000,54312.6,54312.6,54310.0,54310.0,990
1780908295000,54305.0,54306.0,54305.0,54306.0,90
1780908300000,54302.0,54302.0,54300.2,54300.2,1320
1780908305000,54301.6,54301.6,54300.2,54300.2,180
1780908310000,54300.2,54300.2,54300.2,54300.2,600
1780908315000,54313.4,54313.4,54300.0,54300.0,540
1780908320000,54310.0,54310.0,54310.0,54310.0,30
1780908325000,54315.0,54315.0,54300.0,54300.0,510
1780908330000,54300.0,54315.0,54300.0,54315.0,450
1780908335000,54300.0,54300.0,54300.0,54300.0,30
1780908340000,54300.0,54300.0,54300.0,54300.0,60
1780908345000,54300.0,54300.0,54300.0,54300.0,300
1780908350000,54300.0,54300.0,54300.0,54300.0,480
1780908355000,54300.0,54300.0,54300.0,54300.0,720
1780908360000,54300.0,54300.0,54300.0,54300.0,30
1780908365000,54299.4,54315.0,54299.4,54315.0,780
1780908370000,54314.8,54315.0,54314.8,54315.0,60
1780908380000,54315.0,54315.0,54315.0,54315.0,30
1780908385000,54315.0,54315.0,54315.0,54315.0,90
1780908390000,54305.0,54305.0,54305.0,54305.0,60
1780908395000,54314.0,54314.0,54305.0,54305.0,150
1780908400000,54314.0,54314.0,54314.0,54314.0,150
1780908405000,54305.0,54305.0,54305.0,54305.0,60
1780908410000,54305.0,54305.0,54305.0,54305.0,60
1780908420000,54285.0,54285.0,54275.0,54275.0,3630
1780908425000,54272.0,54275.2,54272.0,54275.2,240
1780908430000,54274.8,54274.8,54260.0,54260.0,1050
1780908435000,54259.0,54259.0,54259.0,54259.0,540
1780908440000,54259.0,54272.4,54259.0,54272.4,150
1780908445000,54258.0,54260.0,54258.0,54259.0,180
1780908450000,54258.0,54271.4,54258.0,54271.4,990
1780908455000,54258.0,54258.0,54257.0,54257.8,720
1780908460000,54250.4,54250.4,54250.4,54250.4,330
1780908465000,54257.6,54257.6,54250.0,54257.6,1110
1780908470000,54258.0,54258.0,54250.0,54250.0,150
1780908475000,54258.0,54258.0,54250.0,54251.0,120
1780908480000,54260.0,54260.0,54251.4,54251.4,330
1780908485000,54260.0,54260.0,54260.0,54260.0,30
1780908490000,54267.2,54267.2,54259.4,54259.4,240
1780908495000,54279.0,54279.0,54279.0,54279.0,60
1780908510000,54294.2,54294.2,54294.2,54294.2,60
1780908515000,54310.2,54310.2,54310.2,54310.2,540
1780908520000,54309.2,54309.2,54309.2,54309.2,90
1780908530000,54310.2,54310.2,54310.2,54310.2,60
1780908535000,54288.8,54309.8,54288.8,54309.8,2490
1780908545000,54304.8,54304.8,54304.8,54304.8,30
1780908550000,54309.4,54320.0,54309.4,54315.6,990
1780908555000,54320.0,54329.0,54320.0,54329.0,60
1780908560000,54335.0,54345.0,54335.0,54345.0,240
1780908565000,54333.4,54355.0,54333.4,54355.0,90
1780908570000,54355.0,54355.0,54340.0,54340.0,90
1780908575000,54355.0,54355.0,54344.0,54344.0,930
1780908580000,54350.0,54350.0,54350.0,54350.0,240
1780908585000,54355.0,54355.0,54350.0,54355.0,240
1780908590000,54355.0,54355.0,54355.0,54355.0,930
1780908595000,54350.0,54350.0,54350.0,54350.0,30
1780908600000,54355.0,54355.0,54350.0,54354.8,150
1780908605000,54340.0,54340.0,54320.2,54320.2,270
1780908615000,54352.2,54352.2,54330.0,54330.0,90
1780908620000,54329.4,54355.0,54329.4,54355.0,90
1780908630000,54325.0,54360.0,54325.0,54360.0,360
1780908640000,54355.0,54355.0,54355.0,54355.0,90
1780908650000,54355.0,54355.0,54355.0,54355.0,30
1780908655000,54341.2,54341.2,54341.2,54341.2,30
1780908660000,54333.0,54333.0,54333.0,54333.0,30
1780908665000,54333.0,54333.0,54333.0,54333.0,60
1780908670000,54320.0,54320.0,54320.0,54320.0,60
1780908675000,54305.8,54305.8,54305.8,54305.8,60
1780908685000,54329.2,54329.2,54329.2,54329.2,150
1780908690000,54328.0,54328.0,54328.0,54328.0,30
1780908700000,54348.0,54348.0,54348.0,54348.0,30
1780908730000,54335.0,54345.6,54335.0,54345.6,60
1780908745000,54330.0,54330.0,54325.0,54325.0,90
1780908755000,54325.0,54325.0,54325.0,54325.0,30
1780908760000,54311.6,54311.6,54311.6,54311.6,30
1780908770000,54320.0,54320.0,54320.0,54320.0,30
1780908775000,54324.2,54324.2,54324.2,54324.2,60
1780908780000,54324.0,54324.0,54324.0,54324.0,30
1780908785000,54323.6,54323.6,54323.6,54323.6,60
1780908795000,54323.6,54323.6,54323.6,54323.6,60
1780908810000,54320.0,54340.0,54320.0,54340.0,660
1780908815000,54323.0,54323.0,54311.6,54311.6,150
1780908820000,54323.0,54323.0,54323.0,54323.0,30
1780908825000,54311.0,54311.0,54311.0,54311.0,90
1780908830000,54310.0,54310.0,54310.0,54310.0,30
1780908855000,54315.0,54315.0,54304.8,54304.8,390
1780908860000,54301.0,54315.0,54301.0,54315.0,90
1780908865000,54300.0,54300.0,54300.0,54300.0,30
1780908870000,54300.0,54300.0,54300.0,54300.0,60
1780908875000,54312.0,54312.0,54312.0,54312.0,30
1780908895000,54300.2,54300.2,54300.2,54300.2,30
1780908900000,54290.0,54290.6,54290.0,54290.6,210
1780908910000,54300.0,54300.0,54300.0,54300.0,90
1780908925000,54287.0,54287.0,54287.0,54287.0,60
1780908930000,54324.2,54324.2,54324.2,54324.2,510
1780908935000,54300.0,54300.0,54300.0,54300.0,60
1780908940000,54300.0,54300.0,54300.0,54300.0,30
1780908945000,54284.2,54307.6,54284.2,54307.6,510
1780908960000,54310.0,54310.0,54310.0,54310.0,30
1780908970000,54304.8,54304.8,54303.0,54303.0,60
1780908975000,54310.0,54310.0,54310.0,54310.0,30
1780908995000,54310.0,54310.0,54310.0,54310.0,30
1780909000000,54312.0,54312.0,54312.0,54312.0,30
1780909005000,54310.0,54310.0,54310.0,54310.0,90
1780909010000,54300.0,54300.0,54300.0,54300.0,90
1780909015000,54308.6,54309.6,54308.6,54309.6,210
1780909020000,54311.4,54311.4,54311.0,54311.0,300
1780909025000,54310.0,54310.0,54310.0,54310.0,30
1780909040000,54310.0,54310.0,54310.0,54310.0,60
1780909060000,54315.0,54315.0,54315.0,54315.0,360
1780909065000,54312.0,54312.0,54312.0,54312.0,30
1780909070000,54312.0,54314.0,54312.0,54314.0,510
1780909075000,54340.0,54340.0,54340.0,54340.0,60
1780909085000,54312.0,54312.0,54312.0,54312.0,60
1780909090000,54348.0,54348.0,54348.0,54348.0,30
1780909095000,54301.0,54329.2,54301.0,54329.2,180
1780909100000,54300.0,54300.0,54300.0,54300.0,90
1780909105000,54326.4,54326.4,54326.4,54326.4,30
1780909110000,54301.2,54301.8,54301.2,54301.8,180
1780909125000,54292.8,54292.8,54292.8,54292.8,900
1780909130000,54325.6,54325.6,54325.6,54325.6,90
1780909145000,54322.4,54325.6,54322.4,54325.6,60
1780909180000,54310.0,54310.0,54298.2,54298.2,240
1780909185000,54320.0,54320.0,54320.0,54320.0,30
1780909190000,54292.8,54292.8,54292.8,54292.8,30
1780909195000,54295.6,54295.6,54295.6,54295.6,60
1780909200000,54295.4,54315.0,54295.4,54315.0,90
1780909205000,54295.0,54295.0,54290.2,54290.2,120
1780909215000,54302.8,54302.8,54302.8,54302.8,90
1780909220000,54309.6,54309.6,54309.6,54309.6,60
1780909225000,54315.0,54315.0,54315.0,54315.0,30
1780909230000,54315.0,54315.0,54315.0,54315.0,210
1780909235000,54315.0,54315.0,54315.0,54315.0,90
1780909240000,54315.0,54315.0,54315.0,54315.0,90
1780909245000,54315.0,54335.8,54315.0,54335.8,1230
1780909250000,54335.8,54350.0,54335.8,54349.6,240
1780909255000,54348.8,54348.8,54348.8,54348.8,30
1780909260000,54340.6,54340.6,54337.4,54337.4,210
1780909265000,54349.0,54349.0,54349.0,54349.0,150
1780909275000,54336.6,54336.6,54336.6,54336.6,30
1780909280000,54341.6,54341.6,54341.6,54341.6,150
1780909285000,54343.6,54343.6,54343.6,54343.6,60
1780909300000,54338.0,54338.0,54338.0,54338.0,30
1780909315000,54316.0,54316.0,54316.0,54316.0,60
1780909320000,54316.0,54316.0,54305.6,54305.6,150
1780909330000,54300.2,54300.2,54300.2,54300.2,90
1780909335000,54292.0,54292.0,54292.0,54292.0,90
1780909345000,54290.0,54290.0,54290.0,54290.0,300
1780909375000,54315.0,54315.0,54315.0,54315.0,30
1780909380000,54315.0,54315.0,54315.0,54315.0,480
1780909390000,54327.6,54327.6,54327.6,54327.6,30
1780909410000,54330.0,54330.0,54330.0,54330.0,30
1780909415000,54300.8,54300.8,54300.8,54300.8,180
1780909420000,54333.0,54333.0,54333.0,54333.0,60
1780909430000,54327.8,54327.8,54327.8,54327.8,30
1780909445000,54302.0,54302.0,54302.0,54302.0,30
1780909455000,54327.8,54327.8,54327.8,54327.8,300
1780909460000,54302.0,54302.0,54302.0,54302.0,30
1780909470000,54302.0,54302.0,54302.0,54302.0,120
1780909480000,54320.0,54320.0,54320.0,54320.0,30
1780909490000,54320.0,54320.0,54320.0,54320.0,30
1780909500000,54320.0,54325.0,54320.0,54325.0,120
1780909505000,54317.0,54317.0,54317.0,54317.0,30
1780909515000,54325.0,54325.0,54325.0,54325.0,60
1780909525000,54334.6,54334.6,54334.6,54334.6,30
1780909530000,54332.8,54332.8,54332.8,54332.8,30
1780909540000,54334.0,54334.0,54334.0,54334.0,90
1780909545000,54333.8,54339.6,54333.8,54339.6,420
1780909555000,54332.0,54332.0,54332.0,54332.0,60
1780909565000,54335.8,54335.8,54335.8,54335.8,30
1780909570000,54332.0,54332.0,54332.0,54332.0,60
1780909580000,54332.0,54332.0,54332.0,54332.0,30
1780909585000,54332.0,54332.0,54332.0,54332.0,60
1780909590000,54308.0,54308.0,54308.0,54308.0,60
1780909600000,54301.2,54301.2,54300.0,54300.0,300
1780909605000,54291.2,54291.2,54291.2,54291.2,60
1780909620000,54302.8,54315.0,54301.2,54301.2,90
1780909625000,54315.0,54315.0,54315.0,54315.0,30
1780909630000,54322.0,54322.0,54322.0,54322.0,30
1780909635000,54308.8,54308.8,54308.8,54308.8,30
1780909670000,54310.0,54310.0,54310.0,54310.0,30
1780909675000,54310.0,54310.0,54310.0,54310.0,30
1780909690000,54311.0,54311.0,54311.0,54311.0,30
1780909695000,54317.0,54317.0,54316.6,54316.6,150
1780909710000,54329.8,54329.8,54329.8,54329.8,30
1780909730000,54334.0,54339.0,54334.0,54339.0,600
1780909735000,54339.0,54339.0,54339.0,54339.0,210
1780909740000,54332.2,54340.0,54332.2,54340.0,60
1780909745000,54330.0,54330.0,54330.0,54330.0,180
1780909755000,54339.8,54339.8,54339.8,54339.8,30
1780909770000,54339.8,54339.8,54339.0,54339.0,60
1780909790000,54330.0,54330.0,54330.0,54330.0,30
1780909795000,54340.0,54340.0,54330.0,54330.0,120
1780909800000,54317.0,54317.0,54317.0,54317.0,120
1780909810000,54317.0,54317.0,54310.0,54310.0,60
1780909825000,54339.6,54339.6,54339.6,54339.6,30
1780909835000,54339.6,54339.6,54339.6,54339.6,210
1780909840000,54340.0,54340.0,54340.0,54340.0,30
1780909850000,54340.0,54340.0,54336.8,54336.8,120
1780909880000,54326.2,54326.2,54310.4,54310.4,150
1780909895000,54325.0,54325.0,54325.0,54325.0,60
1780909910000,54320.0,54320.0,54320.0,54320.0,30
1780909925000,54315.8,54316.8,54315.8,54316.8,60
1780909935000,54325.0,54325.0,54325.0,54325.0,240
1780909940000,54319.2,54319.2,54319.2,54319.2,30
1780909950000,54323.2,54325.0,54323.2,54325.0,90
1780909965000,54326.6,54326.6,54326.6,54326.6,60
1780909975000,54336.0,54336.0,54336.0,54336.0,30
1780909980000,54338.0,54338.0,54338.0,54338.0,30
1780909990000,54337.8,54337.8,54337.8,54337.8,30
1780909995000,54325.0,54325.0,54325.0,54325.0,120
1780910010000,54345.0,54360.0,54345.0,54360.0,1350
1780910015000,54360.0,54360.0,54360.0,54360.0,210
1780910020000,54360.0,54360.0,54360.0,54360.0,570
1780910025000,54360.0,54360.0,54360.0,54360.0,30
1780910040000,54360.0,54360.0,54360.0,54360.0,30
1780910050000,54360.0,54360.0,54360.0,54360.0,60
1780910065000,54370.0,54370.0,54370.0,54370.0,510
1780910070000,54375.0,54376.0,54375.0,54376.0,510
1780910075000,54375.2,54377.0,54373.4,54373.4,240
1780910080000,54380.0,54380.0,54378.0,54378.0,240
1780910085000,54380.0,54389.0,54380.0,54389.0,840
1780910090000,54388.2,54394.0,54388.2,54394.0,330
1780910095000,54394.0,54401.6,54394.0,54401.6,840
1780910100000,54404.0,54410.0,54399.0,54399.0,570
1780910105000,54385.0,54401.0,54385.0,54401.0,150
1780910110000,54404.0,54404.0,54360.0,54360.0,390
1780910115000,54382.4,54382.4,54382.4,54382.4,30
1780910120000,54370.0,54370.0,54370.0,54370.0,60
1780910125000,54360.0,54389.4,54360.0,54389.4,60
1780910140000,54357.8,54364.6,54355.4,54364.6,150
1780910145000,54363.2,54363.2,54363.2,54363.2,720
1780910160000,54364.6,54380.0,54364.6,54380.0,90
1780910165000,54358.2,54358.2,54358.2,54358.2,30
1780910175000,54365.0,54365.0,54365.0,54365.0,30
1780910190000,54365.0,54365.0,54365.0,54365.0,30
1780910200000,54365.0,54365.0,54365.0,54365.0,30
1780910210000,54390.0,54390.0,54389.8,54389.8,480
1780910215000,54389.4,54395.0,54389.4,54395.0,120
1780910220000,54395.4,54410.0,54395.4,54410.0,600
1780910225000,54410.0,54410.0,54410.0,54410.0,240
1780910230000,54393.0,54393.0,54393.0,54393.0,90
1780910235000,54390.2,54410.0,54390.2,54410.0,210
1780910240000,54410.0,54410.0,54410.0,54410.0,600
1780910250000,54410.0,54413.6,54410.0,54413.6,630
1780910255000,54410.0,54410.0,54410.0,54410.0,60
1780910260000,54413.0,54413.0,54413.0,54413.0,30
1780910265000,54413.0,54413.0,54410.0,54410.0,90
1780910270000,54390.8,54390.8,54390.8,54390.8,180
1780910280000,54410.0,54410.0,54410.0,54410.0,180
1780910290000,54390.0,54390.0,54390.0,54390.0,30
1780910295000,54381.0,54390.0,54381.0,54390.0,60
1780910300000,54371.0,54371.0,54371.0,54371.0,30
1780910305000,54372.6,54372.6,54372.6,54372.6,180
1780910310000,54390.8,54390.8,54367.2,54367.2,300
1780910325000,54385.0,54385.0,54385.0,54385.0,150
1780910335000,54372.6,54372.6,54372.6,54372.6,30
1780910340000,54370.0,54370.0,54370.0,54370.0,300
1780910355000,54370.0,54370.0,54370.0,54370.0,180
1780910360000,54367.2,54372.0,54367.2,54372.0,90
1780910365000,54369.6,54369.6,54369.6,54369.6,30
1780910370000,54367.2,54370.0,54367.2,54370.0,60
1780910375000,54372.0,54372.0,54372.0,54372.0,90
1780910400000,54382.0,54382.0,54382.0,54382.0,30
1780910415000,54372.0,54372.0,54372.0,54372.0,60
1780910420000,54370.0,54370.0,54370.0,54370.0,300
1780910430000,54365.2,54365.2,54363.6,54363.6,60
1780910435000,54365.2,54365.2,54365.2,54365.2,60
1780910440000,54365.2,54365.2,54365.2,54365.2,90
1780910445000,54372.6,54372.6,54372.0,54372.0,120
1780910450000,54372.0,54372.0,54372.0,54372.0,90
1780910455000,54366.6,54366.6,54366.6,54366.6,30
1780910460000,54368.0,54368.0,54368.0,54368.0,30
1780910470000,54368.0,54368.0,54368.0,54368.0,30
1780910475000,54380.0,54380.0,54380.0,54380.0,30
1780910495000,54378.0,54380.0,54378.0,54380.0,120
1780910505000,54379.0,54380.0,54379.0,54380.0,90
1780910510000,54374.6,54374.6,54374.6,54374.6,30
1780910520000,54376.6,54376.6,54376.6,54376.6,30
1780910525000,54374.8,54380.0,54374.8,54380.0,60
1780910555000,54380.0,54380.0,54380.0,54380.0,30
1780910565000,54380.0,54380.0,54380.0,54380.0,30
1780910570000,54380.0,54380.0,54380.0,54380.0,60
1780910575000,54380.0,54380.0,54380.0,54380.0,30
1780910580000,54370.0,54370.0,54370.0,54370.0,60
1780910585000,54353.2,54353.2,54353.2,54353.2,30
1780910595000,54360.0,54360.0,54350.0,54350.0,450
1780910615000,54358.6,54358.6,54358.6,54358.6,30
1780910620000,54344.0,54360.0,54341.8,54360.0,120
1780910635000,54360.0,54360.0,54360.0,54360.0,30
1780910645000,54380.0,54380.0,54380.0,54380.0,90
1780910650000,54379.8,54385.4,54379.8,54385.4,120
1780910665000,54376.4,54376.4,54376.4,54376.4,30
1780910685000,54376.4,54376.4,54376.4,54376.4,60
1780910700000,54364.8,54364.8,54364.8,54364.8,30
1780910720000,54376.4,54376.4,54375.0,54375.0,90
1780910730000,54364.8,54364.8,54364.8,54364.8,60
1780910740000,54363.2,54363.2,54363.2,54363.2,30
1780910750000,54370.0,54370.0,54370.0,54370.0,30
1780910760000,54360.0,54360.0,54360.0,54360.0,120
1780910765000,54351.0,54351.0,54350.0,54350.0,330
1780910770000,54350.0,54350.0,54326.8,54326.8,300
1780910780000,54327.4,54327.4,54325.4,54325.4,540
1780910785000,54327.4,54327.4,54327.4,54327.4,30
1780910790000,54326.2,54335.0,54326.2,54335.0,150
1780910795000,54332.2,54332.2,54332.2,54332.2,150
1780910800000,54360.2,54360.2,54360.2,54360.2,30
1780910810000,54356.2,54356.2,54356.2,54356.2,30
1780910860000,54356.2,54356.4,54356.2,54356.4,60
1780910870000,54353.6,54353.6,54353.6,54353.6,60
1780910875000,54330.0,54330.0,54330.0,54330.0,150
1780910885000,54333.0,54333.0,54333.0,54333.0,30
1780910895000,54335.0,54335.0,54335.0,54335.0,60
1780910905000,54333.0,54333.0,54333.0,54333.0,30
1780910910000,54333.0,54333.0,54333.0,54333.0,30
1780910925000,54330.0,54330.0,54330.0,54330.0,30
1780910930000,54330.0,54339.2,54330.0,54339.2,90
1780910935000,54340.0,54340.0,54340.0,54340.0,150
1780910940000,54353.0,54360.0,54353.0,54360.0,180
1780910945000,54400.0,54413.0,54400.0,54413.0,1860
1780910950000,54415.0,54415.0,54415.0,54415.0,90
1780910955000,54373.2,54389.2,54373.2,54389.2,360
1780910960000,54407.4,54407.4,54396.4,54396.4,90
1780910965000,54408.4,54409.0,54408.4,54409.0,90
1780910970000,54409.0,54409.0,54409.0,54409.0,120
1780910975000,54403.6,54403.6,54403.6,54403.6,60
1780910985000,54398.2,54400.0,54398.2,54400.0,120
1780910990000,54381.6,54381.6,54381.6,54381.6,300
1780911000000,54387.4,54387.4,54380.0,54380.0,60
1780911005000,54375.0,54375.0,54370.0,54370.0,60
1780911010000,54369.4,54369.4,54340.0,54340.0,90
1780911015000,54339.0,54343.6,54339.0,54343.6,390
1780911020000,54341.8,54346.2,54340.0,54340.0,120
1780911025000,54344.4,54373.6,54344.4,54373.6,360
1780911030000,54341.8,54354.8,54341.8,54354.8,300
1780911035000,54357.0,54359.4,54357.0,54359.4,210
1780911040000,54348.2,54359.4,54342.6,54342.6,1140
1780911045000,54361.8,54361.8,54343.8,54343.8,180
1780911055000,54355.0,54355.0,54355.0,54355.0,30
1780911060000,54350.0,54350.0,54350.0,54350.0,30
1780911065000,54343.6,54343.6,54343.6,54343.6,60
1780911070000,54330.0,54330.0,54327.6,54327.6,870
1780911075000,54328.0,54334.0,54328.0,54334.0,60
1780911080000,54343.8,54343.8,54343.8,54343.8,180
1780911085000,54355.0,54355.0,54355.0,54355.0,60
1780911090000,54346.8,54346.8,54337.0,54337.0,90
1780911095000,54343.0,54343.0,54343.0,54343.0,30
1780911110000,54335.0,54335.0,54335.0,54335.0,60
1780911120000,54330.8,54330.8,54330.8,54330.8,90
1780911125000,54331.8,54331.8,54330.0,54330.0,210
1780911130000,54330.0,54330.0,54326.0,54326.0,360
1780911140000,54330.0,54330.0,54322.0,54322.0,60
1780911145000,54320.4,54322.8,54320.4,54322.8,450
1780911150000,54330.0,54330.0,54330.0,54330.0,60
1780911155000,54323.0,54323.0,54320.0,54320.0,90
1780911160000,54322.0,54322.0,54322.0,54322.0,30
1780911165000,54320.0,54320.0,54320.0,54320.0,30
1780911175000,54320.0,54320.0,54320.0,54320.0,150
1780911180000,54310.0,54310.0,54310.0,54310.0,150
1780911185000,54310.0,54310.0,54301.0,54301.0,1440
1780911190000,54300.0,54300.0,54300.0,54300.0,1380
1780911195000,54300.0,54300.0,54290.0,54290.0,300
1780911200000,54285.0,54295.8,54284.0,54290.0,390
1780911205000,54280.0,54280.0,54270.0,54270.0,660
1780911210000,54265.0,54284.0,54265.0,54284.0,360
1780911225000,54274.8,54275.0,54274.8,54274.8,90
1780911230000,54275.8,54275.8,54264.4,54270.0,120
1780911235000,54270.0,54270.0,54270.0,54270.0,60
1780911240000,54260.0,54260.0,54251.0,54251.0,780
1780911245000,54251.0,54251.0,54250.0,54250.0,1470
1780911250000,54251.4,54259.6,54251.4,54251.4,180
1780911255000,54251.4,54257.8,54236.0,54250.0,1020
1780911260000,54236.0,54236.0,54232.0,54232.0,240
1780911265000,54226.0,54226.0,54225.2,54225.2,600
1780911270000,54225.2,54235.0,54225.2,54235.0,90
1780911275000,54235.0,54235.0,54235.0,54235.0,240
1780911280000,54230.0,54232.6,54230.0,54232.6,90
1780911285000,54232.6,54235.0,54232.6,54235.0,300
1780911290000,54235.0,54236.8,54235.0,54236.8,270
1780911295000,54236.0,54255.0,54236.0,54255.0,90
1780911300000,54239.0,54255.0,54239.0,54255.0,180
1780911305000,54267.6,54267.6,54237.0,54237.0,150
1780911310000,54243.4,54260.0,54243.4,54260.0,150
1780911315000,54240.0,54240.0,54240.0,54240.0,60
1780911320000,54260.0,54260.0,54260.0,54260.0,90
1780911325000,54243.0,54243.0,54243.0,54243.0,30
1780911330000,54259.6,54259.6,54240.2,54240.2,90
1780911335000,54258.0,54258.0,54250.0,54250.0,150
1780911340000,54247.6,54248.4,54247.6,54248.4,360
1780911345000,54250.0,54254.2,54250.0,54254.2,420
1780911350000,54260.0,54260.0,54254.2,54254.2,150
1780911355000,54254.2,54255.0,54240.0,54255.0,510
1780911360000,54237.0,54254.2,54236.0,54254.2,570
1780911365000,54240.0,54240.0,54235.0,54235.0,450
1780911370000,54235.0,54235.0,54235.0,54235.0,150
1780911375000,54243.0,54250.0,54243.0,54243.0,240
1780911380000,54243.0,54248.0,54243.0,54248.0,390
1780911385000,54243.0,54243.0,54240.0,54240.0,120
1780911390000,54248.0,54253.8,54248.0,54253.8,60
1780911395000,54248.0,54270.0,54248.0,54270.0,300
1780911400000,54314.6,54330.0,54314.6,54327.2,1470
1780911405000,54306.8,54318.2,54306.8,54318.2,90
1780911410000,54302.0,54302.0,54292.6,54292.6,330
1780911415000,54312.2,54320.0,54312.2,54320.0,60
1780911420000,54305.0,54312.2,54305.0,54312.2,60
1780911425000,54328.0,54328.0,54328.0,54328.0,90
1780911430000,54328.0,54328.0,54328.0,54328.0,150
1780911435000,54320.2,54320.2,54320.2,54320.2,30
1780911440000,54315.8,54326.8,54315.8,54326.8,1440
1780911450000,54304.8,54328.0,54304.8,54328.0,240
1780911455000,54328.0,54328.0,54328.0,54328.0,210
1780911460000,54320.0,54328.0,54320.0,54328.0,120
1780911465000,54325.0,54325.0,54325.0,54325.0,30
1780911475000,54303.8,54303.8,54302.8,54302.8,180
1780911480000,54302.8,54319.0,54302.8,54317.8,570
1780911485000,54303.2,54320.0,54303.2,54320.0,210
1780911490000,54303.2,54325.0,54303.2,54325.0,60
1780911495000,54303.2,54303.2,54303.2,54303.2,30
1780911515000,54303.0,54303.0,54303.0,54303.0,150
1780911520000,54300.0,54303.2,54300.0,54303.2,240
1780911525000,54308.6,54308.6,54308.6,54308.6,150
1780911535000,54319.6,54319.6,54319.6,54319.6,30
1780911540000,54319.6,54325.0,54319.6,54325.0,300
1780911545000,54318.4,54318.4,54318.4,54318.4,30
1780911550000,54328.0,54328.0,54327.0,54327.0,210
1780911555000,54328.0,54328.0,54328.0,54328.0,120
1780911560000,54325.0,54325.0,54315.0,54315.0,60
1780911565000,54330.0,54330.0,54312.0,54312.0,330
1780911570000,54329.0,54329.0,54329.0,54329.0,30
1780911575000,54330.0,54330.0,54329.0,54330.0,120
1780911580000,54314.0,54330.0,54314.0,54330.0,90
1780911585000,54330.0,54330.0,54330.0,54330.0,30
1780911590000,54331.0,54331.0,54331.0,54331.0,30
1780911595000,54330.0,54330.0,54330.0,54330.0,30
1780911600000,54330.0,54330.0,54312.2,54312.2,120
1780911605000,54330.8,54330.8,54302.6,54302.6,150
1780911615000,54310.0,54310.0,54310.0,54310.0,90
1780911620000,54300.0,54300.0,54300.0,54300.0,390
1780911625000,54304.0,54304.0,54300.0,54300.0,210
1780911630000,54300.0,54300.0,54300.0,54300.0,570
1780911635000,54298.8,54300.4,54298.8,54300.0,750
1780911640000,54300.0,54300.0,54300.0,54300.0,30
1780911645000,54298.2,54305.0,54298.2,54303.2,180
1780911650000,54302.2,54305.0,54302.2,54305.0,60
1780911665000,54308.8,54308.8,54308.8,54308.8,30
1780911670000,54328.6,54328.6,54328.6,54328.6,30
1780911685000,54324.8,54324.8,54324.8,54324.8,30
1780911690000,54320.6,54320.6,54300.0,54300.0,300
1780911695000,54308.4,54308.4,54308.4,54308.4,30
1780911700000,54305.2,54308.4,54305.2,54308.4,60
1780911705000,54306.8,54306.8,54306.8,54306.8,30
1780911710000,54293.2,54293.2,54293.2,54293.2,30
1780911730000,54295.6,54296.2,54293.2,54296.2,120
1780911735000,54300.0,54300.0,54300.0,54300.0,30
1780911745000,54295.6,54295.6,54287.8,54287.8,450
1780911750000,54295.6,54295.6,54295.0,54295.2,210
1780911755000,54320.0,54320.0,54320.0,54320.0,510
1780911760000,54307.2,54307.2,54307.2,54307.2,30
1780911765000,54310.6,54310.6,54310.6,54310.6,360
1780911770000,54319.0,54320.0,54319.0,54320.0,120
1780911775000,54320.0,54320.0,54320.0,54320.0,60
1780911780000,54320.0,54324.0,54310.4,54324.0,180
1780911785000,54302.8,54302.8,54302.8,54302.8,30
1780911795000,54304.4,54320.0,54304.4,54320.0,150
1780911800000,54320.0,54320.0,54320.0,54320.0,30
1780911805000,54320.0,54320.0,54320.0,54320.0,90
1780911810000,54302.0,54302.4,54302.0,54302.4,60
1780911820000,54301.0,54301.0,54301.0,54301.0,30
1780911825000,54301.0,54301.0,54301.0,54301.0,930
1780911830000,54305.0,54305.0,54305.0,54305.0,30
1780911840000,54310.0,54310.0,54310.0,54310.0,180
1780911850000,54309.8,54309.8,54309.8,54309.8,30
1780911855000,54300.0,54300.0,54300.0,54300.0,30
1780911865000,54309.4,54309.4,54309.4,54309.4,90
1780911870000,54309.8,54309.8,54309.8,54309.8,60
1780911875000,54309.4,54309.4,54292.0,54292.0,120
1780911890000,54300.0,54300.0,54300.0,54300.0,60
1780911895000,54299.2,54300.0,54299.2,54300.0,150
1780911900000,54310.0,54317.8,54310.0,54317.8,330
1780911905000,54318.0,54319.8,54317.0,54317.0,180
1780911910000,54316.0,54316.0,54281.0,54281.0,270
1780911915000,54280.0,54280.0,54280.0,54280.0,600
1780911925000,54307.0,54307.0,54307.0,54307.0,30
1780911935000,54307.0,54307.0,54289.0,54289.0,60
1780911940000,54278.2,54278.2,54278.2,54278.2,90
1780911945000,54300.0,54300.0,54284.4,54284.4,60
1780911955000,54295.2,54295.2,54295.2,54295.2,60
1780911960000,54290.0,54290.0,54290.0,54290.0,30
1780911970000,54284.2,54284.2,54284.2,54284.2,60
1780911975000,54295.2,54295.2,54295.2,54295.2,90
1780911980000,54290.6,54292.4,54290.6,54292.4,60
1780911985000,54290.6,54295.0,54290.6,54295.0,90
1780911990000,54287.2,54288.6,54287.2,54288.6,150
1780911995000,54290.0,54290.0,54288.6,54288.8,390
1780912005000,54287.4,54292.4,54287.4,54292.4,840
1780912010000,54295.0,54299.0,54289.0,54299.0,120
1780912015000,54300.0,54300.0,54300.0,54300.0,60
1780912020000,54300.0,54307.0,54300.0,54307.0,270
1780912025000,54292.4,54292.4,54292.4,54292.4,60
1780912030000,54309.0,54309.0,54292.4,54292.4,60
1780912035000,54288.8,54288.8,54288.8,54288.8,60
1780912040000,54300.0,54300.0,54300.0,54300.0,30
1780912045000,54307.0,54312.0,54293.0,54312.0,240
1780912050000,54294.0,54294.0,54294.0,54294.0,780
1780912055000,54295.0,54300.0,54295.0,54300.0,90
1780912065000,54315.0,54315.0,54315.0,54315.0,30
1780912070000,54320.0,54320.0,54320.0,54320.0,90
1780912075000,54316.4,54316.4,54316.4,54316.4,30
1780912085000,54310.0,54310.0,54310.0,54310.0,30
1780912095000,54300.0,54315.0,54300.0,54315.0,90
1780912100000,54324.0,54324.0,54300.0,54300.0,60
1780912105000,54300.0,54300.0,54300.0,54300.0,30
1780912110000,54321.6,54321.6,54321.6,54321.6,120
1780912115000,54295.0,54320.0,54295.0,54320.0,60
1780912120000,54295.0,54300.0,54295.0,54295.0,90
1780912125000,54295.0,54321.4,54295.0,54321.4,90
1780912135000,54321.4,54321.4,54321.4,54321.4,30
1780912145000,54310.0,54310.0,54310.0,54310.0,30
1780912150000,54310.0,54310.0,54310.0,54310.0,30
1780912160000,54300.0,54300.0,54300.0,54300.0,30
1780912165000,54300.0,54300.0,54292.4,54292.4,90
1780912180000,54300.0,54300.0,54300.0,54300.0,30
1780912185000,54300.0,54300.0,54300.0,54300.0,210
1780912190000,54300.0,54310.0,54295.0,54310.0,330
1780912195000,54315.6,54315.6,54310.0,54310.0,90
1780912200000,54300.0,54300.0,54300.0,54300.0,210
1780912205000,54300.0,54300.0,54290.2,54296.2,450
1780912210000,54294.4,54294.4,54290.0,54294.4,540
1780912215000,54288.0,54290.0,54288.0,54290.0,450
1780912220000,54294.4,54294.4,54289.6,54289.6,240
1780912225000,54295.2,54295.2,54295.2,54295.2,180
1780912230000,54295.0,54295.0,54284.0,54284.0,570
1780912235000,54293.0,54300.0,54293.0,54300.0,300
1780912240000,54282.0,54299.0,54282.0,54299.0,180
1780912245000,54299.8,54299.8,54281.0,54281.0,90
1780912250000,54281.0,54281.0,54281.0,54281.0,120
1780912255000,54299.8,54299.8,54290.0,54290.0,1050
1780912260000,54281.0,54281.0,54281.0,54281.0,30
1780912265000,54290.0,54290.0,54290.0,54290.0,30
1780912275000,54280.2,54281.0,54280.2,54281.0,300
1780912280000,54281.0,54281.0,54281.0,54281.0,30
1780912285000,54281.0,54281.0,54281.0,54281.0,60
1780912290000,54280.2,54280.2,54280.0,54280.0,750
1780912295000,54290.0,54290.0,54290.0,54290.0,30
1780912300000,54278.0,54278.0,54278.0,54278.0,30
1780912305000,54276.0,54276.0,54276.0,54276.0,30
1780912310000,54276.0,54278.0,54275.0,54275.0,240
1780912315000,54273.2,54273.2,54270.0,54270.0,300
1780912325000,54269.0,54269.0,54265.2,54265.2,540
1780912330000,54269.6,54269.6,54250.0,54250.0,1080
1780912335000,54250.0,54250.0,54250.0,54250.0,270
1780912340000,54250.0,54250.0,54250.0,54250.0,2220
1780912345000,54255.0,54255.0,54255.0,54255.0,360
1780912350000,54255.0,54255.0,54239.6,54239.6,960
1780912355000,54250.0,54250.0,54231.4,54233.8,1080
1780912360000,54231.6,54250.0,54231.6,54250.0,180
1780912365000,54233.8,54233.8,54233.8,54233.8,180
1780912370000,54233.8,54233.8,54217.6,54217.6,1110
1780912375000,54211.8,54211.8,54211.8,54211.8,900
1780912380000,54244.8,54244.8,54215.8,54243.6,600
1780912385000,54245.8,54245.8,54217.0,54217.0,300
1780912390000,54217.0,54244.0,54217.0,54244.0,360
1780912395000,54218.0,54218.0,54218.0,54218.0,60
1780912400000,54244.0,54244.0,54220.0,54220.0,120
1780912405000,54214.2,54244.0,54214.2,54244.0,360
1780912410000,54220.0,54220.0,54220.0,54220.0,180
1780912415000,54222.0,54222.0,54216.0,54216.0,60
1780912420000,54220.0,54220.0,54220.0,54220.0,30
1780912425000,54216.0,54216.0,54215.8,54215.8,360
1780912430000,54220.0,54222.0,54220.0,54222.0,360
1780912435000,54222.0,54227.0,54222.0,54227.0,810
1780912440000,54210.0,54210.0,54207.0,54210.0,1920
1780912445000,54207.0,54207.0,54202.0,54202.0,870
1780912450000,54202.0,54210.0,54202.0,54210.0,450
1780912455000,54210.0,54225.0,54202.0,54225.0,630
1780912460000,54201.8,54220.0,54201.8,54201.8,510
1780912465000,54223.0,54223.0,54200.0,54200.0,4770
1780912470000,54199.0,54200.0,54199.0,54200.0,870
1780912475000,54201.0,54212.0,54201.0,54212.0,240
1780912480000,54218.4,54218.4,54200.0,54200.0,570
1780912485000,54200.0,54200.2,54200.0,54200.2,240
1780912490000,54200.2,54200.2,54200.0,54200.0,270
1780912495000,54199.2,54199.2,54199.2,54199.2,300
1780912500000,54199.2,54225.0,54199.0,54225.0,1230
1780912505000,54198.0,54199.2,54198.0,54199.2,60
1780912510000,54196.0,54196.0,54185.6,54191.0,1920
1780912515000,54192.8,54192.8,54182.0,54182.0,300
1780912520000,54193.0,54193.0,54182.0,54182.0,150
1780912525000,54182.0,54199.2,54182.0,54199.2,450
1780912530000,54182.0,54199.2,54181.4,54199.2,300
1780912535000,54199.2,54199.2,54181.4,54181.4,150
1780912540000,54199.2,54199.2,54181.4,54181.4,270
1780912545000,54199.0,54199.0,54199.0,54199.0,30
1780912550000,54180.0,54180.2,54180.0,54180.0,480
1780912555000,54180.0,54180.0,54176.4,54180.0,240
1780912560000,54181.4,54181.4,54176.6,54176.6,810
1780912565000,54180.0,54186.8,54176.4,54186.8,150
1780912570000,54175.6,54198.8,54164.0,54198.8,4860
1780912575000,54172.6,54172.8,54172.6,54172.8,210
1780912580000,54181.4,54181.4,54179.0,54179.0,210
1780912585000,54177.6,54200.0,54177.6,54177.8,1230
1780912590000,54180.0,54180.0,54180.0,54180.0,180
1780912595000,54185.0,54185.0,54185.0,54185.0,90
1780912600000,54192.0,54199.0,54185.0,54185.0,240
1780912605000,54185.8,54199.8,54185.6,54185.6,300
1780912610000,54199.0,54199.0,54190.0,54190.0,120
1780912615000,54190.0,54190.0,54180.0,54180.0,420
1780912620000,54181.4,54181.4,54180.2,54180.2,1830
1780912625000,54180.0,54180.0,54179.0,54179.0,930
1780912630000,54190.0,54190.0,54173.2,54173.2,1650
1780912635000,54172.8,54172.8,54172.0,54172.0,1560
1780912640000,54171.8,54190.0,54171.4,54190.0,1440
1780912645000,54173.2,54190.0,54173.0,54173.0,630
1780912650000,54180.0,54180.0,54173.4,54173.4,90
1780912655000,54180.0,54180.0,54172.8,54172.8,60
1780912660000,54180.0,54180.0,54173.2,54173.2,180
1780912665000,54190.0,54190.0,54173.2,54173.2,330
1780912670000,54179.8,54179.8,54179.8,54179.8,150
1780912675000,54180.0,54180.0,54180.0,54180.0,390
1780912680000,54180.0,54180.0,54173.0,54173.0,330
1780912685000,54180.0,54180.0,54172.0,54172.0,810
1780912690000,54180.0,54180.0,54172.0,54172.0,90
1780912695000,54190.0,54190.0,54176.0,54190.0,180
1780912700000,54177.0,54190.0,54176.0,54180.0,300
1780912705000,54190.0,54190.0,54190.0,54190.0,630
1780912710000,54176.0,54180.0,54173.0,54173.0,180
1780912715000,54180.0,54180.0,54173.2,54173.2,180
1780912720000,54190.0,54190.0,54173.0,54173.0,240
1780912725000,54190.0,54190.0,54190.0,54190.0,300
1780912730000,54195.0,54195.0,54190.0,54190.0,120
1780912735000,54190.0,54191.0,54190.0,54190.0,450
1780912740000,54190.0,54190.6,54180.0,54180.0,450
1780912745000,54180.0,54180.0,54176.6,54180.0,330
1780912750000,54175.0,54190.0,54175.0,54190.0,390
1780912755000,54180.0,54180.0,54180.0,54180.0,390
1780912760000,54176.0,54185.0,54172.0,54185.0,480
1780912765000,54190.0,54190.0,54171.0,54171.0,660
1780912770000,54183.2,54183.2,54171.0,54172.0,330
1780912775000,54172.0,54180.0,54172.0,54180.0,330
1780912780000,54172.0,54180.0,54172.0,54180.0,270
1780912785000,54172.0,54172.0,54170.0,54170.0,960
1780912790000,54190.0,54190.0,54170.0,54170.0,420
1780912795000,54190.8,54200.0,54170.0,54200.0,360
1780976700000,54460.0,54499.8,54391.6,54462.8,3900
1780976705000,54469.4,54517.0,54469.4,54500.2,2550
1780976710000,54521.4,54533.4,54500.2,54505.6,1350
1780976715000,54525.0,54546.0,54525.0,54537.6,1680
1780976720000,54548.0,54549.0,54536.6,54538.4,1080
1780976725000,54550.0,54550.0,54536.6,54540.0,3480
1780976730000,54530.0,54536.0,54514.0,54526.8,720
1780976735000,54527.4,54532.2,54527.4,54530.0,2400
1780976740000,54505.4,54532.0,54505.4,54532.0,3630
1780976745000,54530.0,54530.0,54514.2,54520.0,480
1780976750000,54521.0,54526.0,54513.2,54518.2,570
1780976755000,54521.0,54526.8,54521.0,54522.2,450
1780976760000,54518.2,54530.0,54518.2,54530.0,1620
1780976765000,54530.0,54540.4,54530.0,54540.4,3180
1780976770000,54534.4,54550.0,54533.4,54549.4,1440
1780976775000,54555.0,54578.0,54555.0,54565.6,2430
1780976780000,54580.0,54590.0,54569.8,54585.2,990
1780976785000,54590.0,54595.0,54570.2,54570.2,2220
1780976790000,54574.6,54576.0,54562.4,54576.0,960
1780976795000,54551.0,54570.6,54551.0,54570.6,900
1780976800000,54556.0,54576.0,54555.0,54576.0,1020
1780976805000,54576.6,54580.0,54565.8,54565.8,1080
1780976810000,54588.0,54589.0,54578.0,54579.0,720
1780976815000,54565.8,54590.0,54565.8,54590.0,450
1780976820000,54579.6,54579.6,54554.2,54554.2,1500
1780976825000,54551.2,54565.2,54551.2,54557.8,1500
1780976830000,54556.4,54595.0,54556.4,54595.0,1530
1780976835000,54596.0,54598.0,54573.2,54573.2,630
1780976840000,54590.0,54599.0,54590.0,54596.2,840
1780976845000,54599.8,54625.0,54599.6,54625.0,1770
1780976850000,54630.0,54630.0,54625.0,54625.0,570
1780976855000,54633.2,54633.2,54602.0,54602.0,2280
1780976860000,54624.2,54624.2,54587.6,54587.6,630
1780976865000,54625.0,54630.0,54601.0,54630.0,450
1780976870000,54630.0,54630.0,54601.0,54601.0,600
1780976875000,54601.0,54614.0,54601.0,54602.0,210
1780976880000,54601.0,54622.0,54601.0,54602.0,390
1780976885000,54600.0,54604.4,54600.0,54604.4,510
1780976890000,54603.6,54625.0,54603.6,54625.0,1110
1780976895000,54622.0,54635.0,54622.0,54635.0,1080
1780976900000,54623.2,54636.6,54623.2,54630.0,210
1780976905000,54630.0,54637.0,54622.2,54622.2,840
1780976910000,54636.0,54640.8,54636.0,54640.8,330
1780976915000,54641.0,54648.0,54630.0,54630.0,2280
1780976920000,54649.0,54669.0,54646.2,54669.0,2550
1780976925000,54674.0,54674.0,54650.0,54660.0,750
1780976930000,54660.0,54660.0,54650.0,54650.0,1830
1780976935000,54650.0,54651.0,54638.0,54638.0,1560
1780976940000,54650.0,54650.0,54638.2,54650.0,210
1780976945000,54650.0,54650.0,54638.0,54638.0,2070
1780976950000,54640.0,54650.0,54630.0,54630.0,1350
1780976955000,54638.2,54655.2,54638.0,54655.2,180
1780976960000,54650.0,54650.0,54650.0,54650.0,360
1780976965000,54634.4,54649.8,54634.4,54649.6,240
1780976970000,54652.0,54667.0,54637.8,54667.0,8520
1780976975000,54667.0,54667.0,54650.0,54650.0,660
1780976980000,54635.6,54650.0,54635.6,54650.0,600
1780976985000,54650.0,54667.0,54636.2,54667.0,690
1780976990000,54667.0,54667.0,54656.0,54656.0,270
1780976995000,54660.0,54683.0,54660.0,54683.0,2310
1780977000000,54684.0,54700.0,54680.2,54680.2,4110
1780977005000,54696.0,54704.0,54696.0,54700.0,1920
1780977010000,54700.0,54705.0,54694.0,54700.0,330
1780977015000,54716.8,54719.8,54700.0,54719.8,1890
1780977020000,54700.0,54725.0,54700.0,54709.4,1140
1780977025000,54728.0,54744.0,54725.0,54725.0,4470
1780977030000,54750.0,54756.4,54740.0,54740.0,3990
1780977035000,54743.0,54743.0,54726.6,54740.0,2190
1780977040000,54725.8,54755.2,54725.8,54736.4,2310
1780977045000,54749.2,54750.0,54720.2,54720.2,1080
1780977050000,54724.6,54750.0,54720.2,54750.0,570
1780977055000,54750.0,54750.0,54750.0,54750.0,960
1780977060000,54765.0,54823.0,54750.0,54801.0,21600
1780977065000,54815.8,54815.8,54806.0,54806.0,2040
1780977070000,54802.0,54806.0,54801.0,54801.0,1080
1780977075000,54801.2,54810.0,54800.0,54800.0,1650
1780977080000,54810.0,54816.0,54810.0,54810.0,720
1780977085000,54810.0,54810.0,54800.0,54800.0,1650
1780977090000,54800.0,54804.4,54795.0,54800.0,1050
1780977095000,54800.0,54805.0,54800.0,54801.0,990
1780977100000,54800.0,54830.0,54800.0,54808.0,2610
1780977105000,54800.0,54801.0,54800.0,54800.0,510
1780977110000,54800.0,54800.0,54792.0,54792.0,1110
1780977115000,54792.0,54792.0,54790.0,54790.0,2160
1780977120000,54790.0,54790.0,54765.2,54765.2,1920
1780977125000,54774.8,54774.8,54743.0,54743.0,1110
1780977130000,54745.0,54750.0,54732.6,54732.6,480
1780977135000,54732.6,54733.6,54725.4,54725.4,480
1780977140000,54732.6,54732.6,54722.2,54722.2,150
1780977145000,54722.2,54723.2,54720.0,54720.0,150
1780977150000,54720.0,54750.0,54720.0,54726.2,360
1780977155000,54750.0,54750.0,54725.0,54725.0,510
1780977160000,54723.0,54762.4,54723.0,54762.4,690
1780977165000,54760.0,54760.0,54729.6,54750.0,480
1780977170000,54733.8,54744.6,54733.8,54744.6,720
1780977175000,54774.0,54774.0,54740.8,54740.8,210
1780977180000,54779.0,54779.0,54762.0,54775.0,450
1780977185000,54770.8,54797.8,54770.8,54775.4,540
1780977190000,54778.4,54810.0,54778.4,54810.0,4590
1780977195000,54810.0,54810.0,54799.0,54799.0,570
1780977200000,54800.0,54800.0,54800.0,54800.0,4050
1780977205000,54807.0,54810.0,54800.0,54800.0,660
1780977210000,54798.0,54800.0,54798.0,54800.0,1800
1780977215000,54798.0,54800.0,54798.0,54798.8,270
1780977220000,54798.0,54798.0,54777.0,54798.0,270
1780977225000,54800.0,54810.0,54800.0,54810.0,2430
1780977230000,54810.0,54810.0,54772.8,54772.8,2790
1780977235000,54800.0,54800.0,54795.0,54796.0,390
1780977240000,54781.0,54798.4,54781.0,54798.4,360
1780977245000,54800.0,54800.0,54765.2,54765.2,1050
1780977250000,54798.2,54798.2,54781.2,54781.2,270
1780977255000,54773.8,54773.8,54766.4,54766.4,210
1780977260000,54771.8,54780.0,54771.8,54775.4,900
1780977265000,54783.2,54800.0,54783.2,54800.0,600
1780977270000,54795.0,54800.0,54786.8,54800.0,3780
1780977275000,54800.0,54800.0,54800.0,54800.0,870
1780977280000,54799.0,54820.0,54799.0,54803.6,1110
1780977285000,54800.0,54800.0,54800.0,54800.0,870
1780977290000,54800.0,54800.0,54800.0,54800.0,390
1780977295000,54800.0,54800.0,54788.0,54799.0,240
1780977300000,54800.0,54812.0,54800.0,54800.0,2970
1780977305000,54820.0,54820.0,54812.0,54812.0,510
1780977310000,54811.0,54811.0,54800.0,54800.0,900
1780977315000,54790.0,54790.0,54790.0,54790.0,900
1780977320000,54790.0,54800.0,54790.0,54800.0,390
1780977325000,54795.0,54800.0,54795.0,54800.0,150
1780977330000,54800.0,54800.0,54793.4,54793.4,510
1780977335000,54796.0,54798.0,54795.0,54798.0,150
1780977340000,54796.0,54798.0,54795.0,54798.0,360
1780977345000,54794.0,54794.0,54788.0,54788.0,210
1780977350000,54788.4,54788.6,54788.4,54788.6,60
1780977355000,54797.8,54798.0,54788.6,54798.0,150
1780977360000,54798.0,54799.0,54788.0,54799.0,1350
1780977365000,54795.0,54799.0,54788.0,54799.0,870
1780977370000,54794.6,54801.0,54790.6,54801.0,180
1780977375000,54810.0,54812.0,54810.0,54812.0,690
1780977380000,54801.0,54820.0,54801.0,54811.0,1800
1780977385000,54804.6,54810.0,54804.6,54806.0,150
1780977390000,54811.0,54820.8,54807.0,54820.8,1080
1780977395000,54832.0,54837.0,54830.0,54830.0,1530
1780977400000,54837.0,54840.0,54830.0,54840.0,510
1780977405000,54830.0,54839.8,54830.0,54837.0,480
1780977410000,54840.0,54840.0,54830.0,54830.0,990
1780977415000,54830.0,54840.0,54830.0,54830.0,900
1780977420000,54830.6,54845.0,54830.0,54830.0,810
1780977425000,54846.0,54850.0,54840.0,54850.0,1380
1780977430000,54850.0,54850.0,54824.2,54840.0,390
1780977435000,54832.0,54850.0,54832.0,54850.0,1290
1780977440000,54855.0,54858.0,54840.0,54858.0,810
1780977445000,54858.0,54859.0,54844.0,54844.0,630
1780977450000,54853.0,54855.0,54853.0,54855.0,240
1780977455000,54850.0,54856.0,54840.2,54840.2,630
1780977460000,54860.0,54860.0,54859.0,54860.0,480
1780977465000,54859.0,54862.0,54859.0,54860.0,690
1780977470000,54867.8,54870.0,54867.8,54870.0,810
1780977475000,54870.0,54875.0,54869.0,54869.0,390
1780977480000,54867.8,54867.8,54859.0,54860.0,1200
1780977485000,54855.0,54871.6,54855.0,54871.6,600
1780977490000,54874.6,54874.6,54864.8,54864.8,480
1780977495000,54865.2,54865.2,54830.4,54830.4,420
1780977500000,54838.2,54850.0,54822.2,54849.6,150
1780977505000,54825.0,54838.8,54825.0,54838.8,240
1780977510000,54845.8,54845.8,54806.4,54835.0,690
1780977515000,54808.4,54835.0,54808.4,54825.0,210
1780977520000,54820.0,54837.4,54820.0,54820.0,300
1780977525000,54837.2,54837.2,54833.4,54833.4,120
1780977530000,54840.2,54840.2,54835.0,54835.0,270
1780977535000,54820.0,54820.0,54820.0,54820.0,510
1780977540000,54820.0,54820.0,54820.0,54820.0,150
1780977545000,54820.0,54820.0,54820.0,54820.0,390
1780977550000,54820.0,54833.2,54820.0,54833.2,120
1780977555000,54810.0,54819.8,54805.2,54805.2,540
1780977560000,54805.2,54805.2,54801.0,54802.2,1260
1780977565000,54800.2,54810.0,54800.0,54800.0,180
1780977570000,54788.6,54800.0,54788.0,54800.0,450
1780977575000,54800.0,54800.0,54791.2,54791.2,960
1780977580000,54791.2,54800.0,54790.0,54800.0,390
1780977585000,54790.0,54800.0,54790.0,54791.6,180
1780977590000,54788.0,54800.2,54788.0,54800.2,270
1780977595000,54791.4,54820.0,54791.4,54820.0,510
1780977600000,54820.0,54832.0,54820.0,54832.0,1500
1780977605000,54845.0,54845.0,54840.0,54840.0,510
1780977610000,54845.0,54849.8,54840.0,54845.0,1680
1780977615000,54849.0,54849.0,54840.0,54840.0,240
1780977620000,54850.0,54850.0,54835.6,54850.0,450
1780977625000,54835.6,54850.0,54835.6,54837.4,720
1780977630000,54855.0,54855.0,54837.4,54855.0,1500
1780977635000,54832.0,54857.0,54832.0,54857.0,300
1780977640000,54853.0,54864.8,54853.0,54864.8,690
1780977645000,54849.4,54870.0,54849.4,54870.0,300
1780977650000,54842.8,54863.6,54842.8,54863.6,570
1780977655000,54858.6,54858.6,54844.0,54844.0,330
1780977660000,54842.0,54857.0,54831.0,54857.0,360
1780977665000,54860.0,54860.0,54841.6,54850.0,360
1780977670000,54860.0,54860.0,54843.8,54860.0,1140
1780977675000,54850.8,54860.0,54841.6,54860.0,810
1780977680000,54860.0,54860.0,54860.0,54860.0,630
1780977685000,54860.0,54860.0,54852.0,54860.0,390
1780977690000,54860.0,54864.0,54860.0,54864.0,1080
1780977695000,54860.0,54864.0,54860.0,54863.2,2940
1780977700000,54875.0,54878.0,54875.0,54878.0,1050
1780977705000,54879.0,54880.0,54879.0,54880.0,1440
1780977710000,54878.0,54880.6,54875.0,54880.6,1410
1780977715000,54900.0,54900.0,54883.6,54900.0,5430
1780977720000,54887.4,54900.0,54887.4,54899.8,2010
1780977725000,54900.0,54900.0,54900.0,54900.0,2490
1780977730000,54900.0,54901.0,54899.8,54901.0,690
1780977735000,54901.0,54910.0,54901.0,54903.0,750
1780977740000,54907.4,54915.0,54907.4,54915.0,510
1780977745000,54916.0,54919.0,54908.0,54919.0,510
1780977750000,54921.0,54924.0,54918.2,54924.0,930
1780977755000,54925.0,54925.0,54920.0,54920.0,690
1780977760000,54926.0,54935.0,54920.0,54920.0,690
1780977765000,54940.0,54942.0,54925.0,54925.0,960
1780977770000,54940.8,54940.8,54921.8,54940.8,360
1780977775000,54922.0,54947.0,54922.0,54946.0,660
1780977780000,54945.0,54950.0,54945.0,54945.0,1050
1780977785000,54940.8,54940.8,54930.2,54940.0,960
1780977790000,54940.0,54940.0,54925.0,54927.4,1560
1780977795000,54925.0,54925.0,54906.4,54925.0,360
1780977800000,54906.4,54906.4,54906.0,54906.2,390
1780977805000,54929.0,54929.0,54888.0,54888.0,690
1780977810000,54895.2,54905.2,54875.0,54905.2,990
1780977815000,54875.0,54906.0,54875.0,54906.0,360
1780977820000,54905.8,54906.0,54882.2,54906.0,390
1780977825000,54906.0,54906.0,54900.0,54900.0,300
1780977830000,54906.0,54906.0,54881.0,54885.8,390
1780977835000,54880.0,54882.4,54862.2,54882.4,510
1780977840000,54882.4,54882.4,54870.0,54870.0,210
1780977845000,54882.4,54882.4,54853.2,54853.2,300
1780977850000,54881.8,54887.0,54870.0,54870.0,1140
1780977855000,54857.2,54870.0,54857.2,54870.0,180
1780977860000,54881.6,54890.4,54881.6,54890.4,1110
1780977865000,54890.6,54890.6,54875.0,54875.0,240
1780977870000,54900.0,54900.0,54900.0,54900.0,240
1780977875000,54880.6,54899.2,54880.6,54881.4,210
1780977880000,54898.6,54900.0,54898.6,54900.0,420
1780977885000,54896.8,54896.8,54880.2,54880.2,90
1780977890000,54890.0,54890.0,54890.0,54890.0,120
1780977895000,54900.0,54900.0,54890.0,54890.0,300
1780977900000,54899.6,54900.0,54896.8,54896.8,420
1780977905000,54888.4,54900.0,54888.4,54900.0,1260
1780977910000,54906.0,54906.0,54906.0,54906.0,810
1780977915000,54906.0,54906.0,54886.4,54886.6,570
1780977920000,54894.2,54896.4,54880.0,54896.4,600
1780977925000,54899.8,54900.0,54899.0,54900.0,90
1780977930000,54898.4,54900.0,54898.4,54898.8,240
1780977935000,54899.8,54900.0,54879.4,54879.4,240
1780977940000,54898.4,54898.4,54878.6,54898.4,240
1780977945000,54898.4,54898.4,54898.4,54898.4,180
1780977950000,54898.8,54902.4,54898.8,54902.4,1260
1780977955000,54869.4,54890.0,54869.4,54890.0,60
1780977960000,54868.4,54903.8,54868.4,54896.8,1500
1780977965000,54865.8,54867.2,54865.8,54867.2,420
1780977970000,54896.6,54900.0,54896.6,54900.0,1290
1780977975000,54870.2,54899.8,54870.2,54878.2,180
1780977980000,54899.8,54899.8,54899.8,54899.8,30
1780977985000,54900.0,54900.0,54889.2,54900.0,180
1780977990000,54900.0,54900.0,54900.0,54900.0,390
1780977995000,54892.8,54895.0,54892.8,54895.0,210
1780978000000,54895.2,54896.6,54895.2,54896.6,570
1780978005000,54903.8,54905.8,54895.0,54895.0,1620
1780978010000,54906.0,54906.0,54900.0,54900.0,210
1780978015000,54900.0,54900.0,54895.2,54895.2,510
1780978020000,54900.0,54904.8,54874.2,54904.8,360
1780978025000,54871.6,54872.8,54870.0,54870.0,270
1780978030000,54865.0,54871.6,54865.0,54871.6,150
1780978035000,54847.0,54860.0,54847.0,54860.0,540
1780978040000,54865.0,54870.0,54865.0,54870.0,240
1780978045000,54870.0,54872.8,54865.0,54865.0,150
1780978050000,54860.0,54894.8,54859.2,54865.0,600
1780978055000,54858.4,54858.4,54853.6,54853.6,120
1780978060000,54875.0,54875.0,54852.0,54852.0,150
1780978065000,54875.0,54875.0,54859.4,54875.0,240
1780978070000,54861.4,54875.0,54861.4,54875.0,330
1780978075000,54860.8,54860.8,54857.0,54857.0,180
1780978080000,54858.0,54875.0,54858.0,54875.0,750
1780978085000,54875.0,54876.0,54850.0,54850.0,1080
1780978090000,54876.0,54880.0,54876.0,54879.8,240
1780978095000,54880.0,54880.0,54860.0,54860.0,300
1780978100000,54860.0,54880.0,54851.0,54880.0,1230
1780978105000,54883.4,54884.0,54883.4,54883.4,180
1780978110000,54856.6,54885.0,54856.6,54883.8,210
1780978115000,54880.0,54880.0,54854.2,54854.2,150
1780978120000,54854.2,54880.0,54854.2,54880.0,330
1780978125000,54885.0,54885.0,54881.0,54881.0,150
1780978130000,54880.0,54880.2,54880.0,54880.2,150
1780978135000,54885.0,54885.0,54863.0,54867.8,240
1780978140000,54865.8,54865.8,54860.0,54860.0,120
1780978145000,54867.8,54867.8,54850.2,54867.8,510
1780978150000,54850.8,54870.0,54850.8,54870.0,60
1780978155000,54874.8,54874.8,54874.8,54874.8,300
1780978160000,54875.0,54875.0,54875.0,54875.0,90
1780978165000,54880.0,54880.0,54861.2,54861.2,60
1780978170000,54860.0,54860.0,54860.0,54860.0,630
1780978175000,54874.8,54883.2,54874.8,54883.2,420
1780978180000,54885.0,54885.0,54859.4,54859.4,630
1780978185000,54883.0,54883.0,54855.2,54881.4,270
1780978190000,54881.4,54881.4,54880.0,54880.0,270
1780978195000,54862.4,54880.0,54862.4,54880.0,450
1780978200000,54857.6,54857.6,54857.6,54857.6,30
1780978205000,54879.8,54879.8,54860.0,54860.0,120
1780978210000,54867.0,54870.0,54862.6,54870.0,150
1780978215000,54862.6,54867.0,54862.6,54867.0,270
1780978220000,54862.6,54862.6,54862.6,54862.6,300
1780978225000,54850.0,54850.0,54845.0,54845.0,210
1780978230000,54845.4,54845.4,54845.4,54845.4,30
1780978235000,54860.0,54860.0,54841.0,54841.0,210
1780978240000,54841.0,54862.4,54841.0,54862.4,210
1780978245000,54841.0,54862.6,54840.0,54840.0,960
1780978250000,54845.0,54845.0,54840.0,54840.0,60
1780978255000,54850.0,54860.0,54840.0,54840.0,150
1780978260000,54840.0,54867.0,54840.0,54867.0,450
1780978265000,54862.0,54874.4,54862.0,54874.4,510
1780978270000,54849.2,54849.2,54849.2,54849.2,60
1780978275000,54865.0,54874.4,54865.0,54874.4,90
1780978280000,54862.6,54880.0,54862.6,54880.0,510
1780978290000,54880.0,54880.0,54880.0,54880.0,360
1780978295000,54882.4,54882.4,54882.4,54882.4,30
1780978300000,54884.8,54884.8,54884.8,54884.8,60
1780978305000,54885.0,54888.6,54885.0,54888.6,390
1780978310000,54884.8,54884.8,54884.8,54884.8,30
1780978315000,54888.6,54888.6,54874.4,54874.4,450
1780978320000,54874.6,54874.6,54850.0,54850.0,120
1780978335000,54862.6,54874.0,54862.6,54874.0,330
1780978340000,54870.0,54870.0,54870.0,54870.0,360
1780978345000,54870.0,54871.2,54870.0,54871.2,150
1780978350000,54871.2,54871.2,54871.2,54871.2,30
1780978355000,54880.0,54882.2,54880.0,54882.2,240
1780978360000,54880.0,54890.0,54880.0,54890.0,360
1780978365000,54889.0,54889.0,54889.0,54889.0,60
1780978370000,54885.4,54885.4,54885.4,54885.4,30
1780978375000,54880.0,54880.0,54880.0,54880.0,30
1780978380000,54888.0,54888.0,54888.0,54888.0,30
1780978385000,54880.0,54888.6,54880.0,54888.6,90
1780978390000,54880.0,54880.0,54880.0,54880.0,150
1780978395000,54880.0,54889.0,54880.0,54889.0,780
1780978400000,54884.6,54884.6,54880.0,54881.8,990
1780978405000,54871.4,54879.6,54871.4,54879.6,90
1780978410000,54871.0,54885.0,54870.0,54885.0,480
1780978415000,54864.8,54864.8,54864.8,54864.8,90
1780978420000,54879.4,54880.6,54879.2,54880.6,720
1780978425000,54878.6,54881.2,54878.6,54881.2,360
1780978430000,54865.0,54865.0,54860.0,54860.0,390
1780978435000,54875.2,54876.4,54875.2,54876.4,180
1780978440000,54860.0,54878.6,54850.6,54878.6,90
1780978445000,54880.0,54880.0,54855.6,54855.6,330
1780978450000,54865.0,54865.0,54865.0,54865.0,30
1780978455000,54870.0,54880.0,54870.0,54880.0,900
1780978460000,54880.0,54885.0,54860.0,54880.4,900
1780978465000,54875.6,54877.0,54870.0,54870.0,180
1780978470000,54860.0,54870.0,54860.0,54870.0,390
1780978475000,54860.0,54874.8,54860.0,54874.8,210
1780978480000,54850.0,54850.0,54850.0,54850.0,990
1780978485000,54850.0,54868.2,54850.0,54868.2,60
1780978490000,54874.4,54874.4,54869.8,54869.8,180
1780978495000,54869.8,54869.8,54850.0,54850.0,210
1780978500000,54850.0,54850.0,54841.0,54850.0,870
1780978505000,54869.8,54871.8,54850.0,54871.8,210
1780978510000,54878.6,54878.6,54869.8,54869.8,180
1780978515000,54838.2,54865.6,54838.2,54865.6,660
1780978520000,54865.6,54869.4,54835.4,54869.4,210
1780978525000,54869.6,54869.6,54861.0,54861.0,120
1780978530000,54869.6,54869.6,54844.6,54849.0,240
1780978535000,54848.6,54880.0,54848.6,54880.0,210
1780978540000,54880.0,54883.8,54852.0,54883.8,1200
1780978545000,54879.8,54880.0,54879.8,54880.0,180
1780978550000,54870.0,54870.0,54870.0,54870.0,300
1780978555000,54855.4,54880.0,54855.4,54880.0,240
1780978560000,54880.0,54882.8,54880.0,54880.0,630
1780978565000,54883.6,54883.8,54877.6,54877.6,120
1780978570000,54884.0,54884.0,54877.6,54877.6,150
1780978575000,54880.0,54888.0,54880.0,54888.0,210
1780978580000,54885.2,54885.2,54885.2,54885.2,30
1780978585000,54877.8,54882.4,54877.8,54882.4,120
1780978590000,54885.0,54890.0,54882.4,54890.0,780
1780978595000,54890.0,54890.0,54890.0,54890.0,150
1780978600000,54889.2,54889.2,54873.0,54882.0,240
1780978605000,54873.2,54873.2,54873.0,54873.0,90
1780978610000,54873.0,54878.0,54873.0,54878.0,210
1780978615000,54889.8,54889.8,54887.2,54887.2,330
1780978620000,54887.2,54893.4,54880.2,54893.4,660
1780978625000,54880.2,54889.4,54880.2,54889.4,300
1780978630000,54880.2,54895.0,54880.2,54895.0,120
1780978635000,54880.2,54889.0,54880.2,54889.0,360
1780978640000,54895.0,54900.0,54895.0,54900.0,390
1780978645000,54900.0,54900.0,54899.8,54900.0,480
1780978650000,54900.0,54900.0,54900.0,54900.0,60
1780978655000,54900.0,54900.0,54900.0,54900.0,450
1780978660000,54899.0,54905.0,54899.0,54905.0,840
1780978665000,54905.0,54906.0,54902.8,54906.0,600
1780978670000,54910.0,54920.0,54910.0,54920.0,480
1780978675000,54918.8,54918.8,54915.0,54915.0,60
1780978680000,54914.0,54914.0,54881.6,54904.8,420
1780978685000,54912.4,54912.4,54912.4,54912.4,60
1780978690000,54909.8,54909.8,54905.0,54905.0,90
1780978695000,54900.0,54900.2,54900.0,54900.2,330
1780978700000,54903.0,54903.0,54900.0,54900.0,360
1780978705000,54900.0,54900.0,54895.2,54895.2,150
1780978710000,54895.0,54895.0,54887.2,54887.2,150
1780978715000,54894.2,54894.4,54894.2,54894.4,120
1780978720000,54895.8,54895.8,54892.0,54892.0,270
1780978725000,54872.6,54875.2,54872.6,54875.2,570
1780978730000,54880.8,54880.8,54876.0,54876.0,60
1780978735000,54882.4,54885.0,54882.4,54885.0,90
1780978740000,54882.6,54882.6,54880.0,54880.0,90
1780978745000,54876.0,54876.0,54870.2,54870.2,90
1780978750000,54870.0,54870.0,54860.2,54860.2,240
1780978755000,54860.0,54860.8,54857.8,54857.8,780
1780978760000,54855.0,54855.0,54855.0,54855.0,90
1780978765000,54852.0,54852.0,54847.4,54847.4,420
1780978770000,54840.0,54840.0,54840.0,54840.0,150
1780978775000,54840.0,54840.0,54840.0,54840.0,30
1780978780000,54838.6,54838.6,54825.0,54825.0,840
1780978785000,54830.0,54830.0,54820.0,54820.0,270
1780978790000,54820.2,54820.2,54817.2,54817.2,120
1780978795000,54828.8,54828.8,54817.2,54817.2,180
1780978800000,54817.0,54830.0,54817.0,54817.0,210
1780978805000,54816.0,54840.0,54811.2,54840.0,480
1780978810000,54812.0,54835.0,54812.0,54835.0,90
1780978815000,54811.6,54844.6,54811.6,54844.6,120
1780978820000,54844.8,54844.8,54844.8,54844.8,30
1780978825000,54835.0,54835.0,54835.0,54835.0,30
1780978830000,54835.0,54844.0,54835.0,54844.0,120
1780978835000,54844.6,54844.6,54820.0,54844.6,150
1780978840000,54844.6,54844.6,54830.0,54830.2,90
1780978845000,54830.0,54844.0,54830.0,54844.0,180
1780978850000,54844.0,54844.0,54840.0,54840.0,90
1780978855000,54844.0,54844.0,54830.0,54830.0,210
1780978860000,54844.0,54844.0,54844.0,54844.0,90
1780978865000,54840.0,54840.0,54840.0,54840.0,30
1780978870000,54850.0,54855.0,54850.0,54855.0,840
1780978875000,54844.0,54850.0,54841.2,54841.2,300
1780978880000,54850.0,54850.0,54850.0,54850.0,120
1780978885000,54855.0,54860.0,54855.0,54860.0,150
1780978890000,54860.0,54860.0,54860.0,54860.0,60
1780978895000,54860.0,54860.2,54860.0,54860.2,390
1780978900000,54860.0,54868.0,54859.6,54868.0,690
1780978905000,54874.8,54876.0,54859.4,54876.0,210
1780978910000,54880.0,54880.0,54880.0,54880.0,60
1780978915000,54884.0,54884.0,54884.0,54884.0,60
1780978920000,54875.2,54895.0,54875.2,54880.4,1680
1780978925000,54882.6,54895.8,54882.6,54895.8,120
1780978930000,54898.0,54900.0,54888.6,54900.0,360
1780978935000,54900.0,54911.2,54892.8,54911.2,540
1780978940000,54919.0,54920.0,54919.0,54920.0,300
1780978945000,54920.0,54920.0,54893.4,54893.4,390
1780978950000,54919.0,54919.0,54915.0,54915.0,210
1780978955000,54915.0,54915.0,54915.0,54915.0,300
1780978960000,54910.0,54915.6,54910.0,54915.0,480
1780978965000,54911.0,54915.0,54911.0,54915.0,60
1780978970000,54915.4,54918.8,54915.4,54918.8,90
1780978975000,54910.2,54915.2,54910.2,54915.0,450
1780978980000,54915.2,54915.2,54912.0,54912.0,60
1780978985000,54915.2,54916.4,54915.2,54916.4,210
1780978990000,54916.4,54920.0,54916.4,54920.0,270
1780978995000,54916.6,54920.0,54916.6,54920.0,90
1780979000000,54916.8,54916.8,54913.0,54913.0,420
1780979005000,54916.2,54916.2,54904.2,54913.4,150
1780979010000,54916.6,54916.6,54904.0,54904.0,930
1780979015000,54914.0,54915.0,54914.0,54915.0,180
1780979020000,54912.0,54912.0,54901.0,54901.0,450
1780979025000,54901.2,54901.2,54901.2,54901.2,30
1780979030000,54915.0,54915.0,54904.0,54907.8,120
1780979035000,54915.0,54915.0,54910.0,54915.0,180
1780979040000,54915.6,54923.8,54915.0,54923.8,1050
1780979045000,54920.0,54922.6,54920.0,54922.6,180
1780979050000,54925.0,54925.0,54920.0,54925.0,420
1780979055000,54925.0,54925.0,54924.8,54925.0,180
1780979060000,54925.0,54925.0,54925.0,54925.0,90
1780979065000,54925.0,54925.0,54924.8,54924.8,480
1780979070000,54924.8,54925.0,54924.0,54924.0,210
1780979075000,54925.0,54927.4,54925.0,54925.0,360
1780979080000,54925.2,54930.0,54925.2,54930.0,240
1780979085000,54930.0,54933.0,54930.0,54933.0,990
1780979090000,54930.0,54930.0,54930.0,54930.0,90
1780979095000,54920.2,54930.0,54920.2,54930.0,240
1780979100000,54925.0,54925.0,54920.8,54920.8,60
1780979105000,54921.2,54923.0,54921.2,54923.0,90
1780979110000,54923.2,54923.2,54920.0,54920.0,450
1780979115000,54902.0,54917.0,54902.0,54917.0,630
1780979120000,54901.0,54901.2,54901.0,54901.2,60
1780979125000,54901.2,54905.8,54901.2,54905.8,90
1780979130000,54901.0,54905.8,54901.0,54905.8,240
1780979135000,54902.2,54915.4,54902.2,54905.0,120
1780979140000,54906.6,54914.8,54906.6,54914.8,90
1780979145000,54912.2,54912.2,54910.4,54910.4,210
1780979150000,54913.0,54913.6,54901.2,54901.2,90
1780979155000,54876.2,54876.2,54868.8,54868.8,1350
1780979160000,54873.6,54907.4,54873.6,54902.6,270
1780979165000,54872.0,54894.8,54872.0,54894.8,150
1780979170000,54899.0,54899.0,54899.0,54899.0,60
1780979175000,54900.0,54902.4,54892.6,54902.4,150
1780979180000,54902.2,54902.2,54902.2,54902.2,30
1780979185000,54902.0,54902.0,54902.0,54902.0,30
1780979190000,54902.6,54902.6,54902.2,54902.2,60
1780979195000,54890.2,54902.2,54890.2,54902.2,60
1780979200000,54890.2,54908.2,54890.2,54890.2,660
1780979205000,54895.2,54895.8,54895.2,54895.8,120
1780979210000,54890.0,54895.2,54890.0,54895.2,390
1780979215000,54890.0,54893.2,54890.0,54893.2,300
1780979220000,54883.4,54883.4,54883.4,54883.4,570
1780979230000,54893.2,54893.2,54893.2,54893.2,90
1780979235000,54890.4,54893.2,54890.4,54893.2,90
1780979240000,54889.4,54895.0,54889.4,54889.4,120
1780979245000,54883.4,54896.8,54883.4,54883.4,150
1780979250000,54883.4,54883.4,54880.2,54880.2,90
1780979255000,54860.0,54875.0,54860.0,54875.0,300
1780979265000,54864.8,54875.0,54863.8,54875.0,120
1780979270000,54875.0,54875.0,54863.0,54863.0,120
1780979275000,54875.0,54875.0,54874.2,54874.2,60
1780979280000,54863.0,54863.0,54863.0,54863.0,150
1780979285000,54863.4,54873.0,54863.4,54873.0,90
1780979290000,54863.6,54870.0,54863.0,54863.0,150
1780979295000,54871.2,54871.2,54863.2,54863.2,60
1780979300000,54870.0,54870.0,54870.0,54870.0,540
1780979305000,54870.2,54875.0,54870.2,54875.0,120
1780979310000,54875.0,54875.0,54870.0,54872.8,1350
1780979315000,54863.0,54873.2,54863.0,54865.0,1230
1780979320000,54866.6,54876.6,54866.6,54876.6,420
1780979325000,54875.8,54875.8,54875.8,54875.8,150
1780979330000,54876.0,54876.6,54875.6,54876.6,90
1780979335000,54875.8,54875.8,54875.8,54875.8,90
1780979340000,54884.0,54885.0,54884.0,54885.0,150
1780979345000,54885.0,54885.0,54875.4,54875.4,630
1780979350000,54875.8,54875.8,54874.6,54874.6,150
1780979355000,54874.0,54874.2,54874.0,54874.0,270
1780979360000,54874.0,54874.0,54852.0,54852.0,900
1780979365000,54870.0,54874.0,54851.8,54851.8,180
1780979370000,54851.8,54875.4,54851.8,54875.4,90
1780979375000,54876.0,54888.0,54876.0,54888.0,60
1780979380000,54875.4,54890.0,54875.4,54890.0,120
1780979385000,54857.8,54857.8,54857.8,54857.8,480
1780979390000,54890.0,54890.0,54858.8,54870.6,150
1780979395000,54870.6,54889.8,54870.6,54889.6,600
1780979400000,54889.8,54892.0,54889.8,54892.0,120
1780979405000,54892.0,54892.0,54891.4,54891.6,150
1780979410000,54863.0,54891.8,54863.0,54891.8,90
1780979415000,54870.0,54870.0,54864.2,54864.2,630
1780979420000,54870.0,54870.0,54867.2,54867.2,120
1780979425000,54864.4,54883.4,54864.4,54883.4,390
1780979430000,54886.0,54886.0,54875.0,54875.0,90
1780979435000,54880.0,54890.0,54880.0,54890.0,60
1780979440000,54890.0,54890.0,54890.0,54890.0,150
1780979445000,54890.0,54890.0,54889.8,54889.8,60
1780979450000,54890.0,54890.0,54885.4,54886.6,120
1780979455000,54886.6,54886.6,54865.0,54865.0,210
1780979460000,54872.0,54872.0,54872.0,54872.0,30
1780979465000,54872.4,54872.4,54872.4,54872.4,30
1780979470000,54872.8,54872.8,54872.8,54872.8,30
1780979480000,54873.6,54875.0,54873.6,54875.0,150
1780979485000,54873.6,54873.6,54873.6,54873.6,210
1780979490000,54864.0,54864.0,54864.0,54864.0,30
1780979495000,54864.0,54864.0,54864.0,54864.0,30
1780979500000,54873.6,54873.6,54860.8,54860.8,960
1780979505000,54878.0,54878.0,54864.0,54864.0,540
1780979510000,54860.8,54860.8,54860.0,54860.4,150
1780979515000,54860.4,54860.4,54860.4,54860.4,90
1780979520000,54860.4,54860.4,54860.4,54860.4,90
1780979525000,54852.6,54852.6,54852.6,54852.6,60
1780979530000,54853.0,54875.0,54853.0,54875.0,330
1780979535000,54853.8,54853.8,54853.8,54853.8,90
1780979540000,54856.8,54856.8,54856.8,54856.8,30
1780979545000,54856.8,54856.8,54856.8,54856.8,60
1780979550000,54856.8,54856.8,54856.8,54856.8,30
1780979555000,54852.0,54869.0,54852.0,54869.0,270
1780979565000,54855.4,54855.4,54855.0,54855.0,60
1780979570000,54875.0,54875.0,54875.0,54875.0,60
1780979580000,54870.6,54871.6,54870.6,54871.6,90
1780979585000,54874.4,54874.4,54873.6,54874.4,120
1780979590000,54856.4,54871.6,54856.4,54871.6,60
1780979595000,54860.0,54860.0,54856.4,54856.4,390
1780979600000,54860.0,54860.0,54860.0,54860.0,90
1780979605000,54862.8,54862.8,54859.8,54859.8,360
1780979610000,54860.0,54860.0,54860.0,54860.0,150
1780979615000,54851.8,54851.8,54851.8,54851.8,60
1780979620000,54850.0,54850.0,54849.0,54849.0,240
1780979625000,54850.0,54850.0,54850.0,54850.0,30
1780979630000,54826.2,54826.2,54826.2,54826.2,330
1780979635000,54825.0,54825.0,54825.0,54825.0,270
1780979640000,54824.2,54826.2,54820.0,54824.2,330
1780979645000,54820.0,54840.0,54820.0,54840.0,240
1780979650000,54812.0,54812.0,54812.0,54812.0,750
1780979660000,54812.0,54839.8,54812.0,54839.8,300
1780979665000,54817.0,54817.0,54815.0,54815.0,90
1780979670000,54815.0,54820.0,54815.0,54820.0,330
1780979675000,54812.0,54812.0,54812.0,54812.0,270
1780979680000,54823.2,54823.2,54816.4,54816.4,390
1780979690000,54830.0,54830.0,54830.0,54830.0,30
1780979695000,54820.0,54820.0,54820.0,54820.0,120
1780979700000,54816.4,54816.4,54816.4,54816.4,150
1780979705000,54820.0,54820.0,54816.4,54816.4,180
1780979710000,54820.0,54832.0,54813.0,54832.0,330
1780979715000,54832.0,54833.0,54812.0,54833.0,120
1780979720000,54813.0,54832.0,54813.0,54832.0,150
1780979725000,54812.0,54835.0,54812.0,54830.0,300
1780979730000,54815.0,54835.0,54815.0,54820.0,180
1780979735000,54835.0,54835.0,54820.0,54825.0,540
1780979740000,54824.6,54847.0,54824.6,54847.0,450
1780979745000,54847.0,54847.0,54847.0,54847.0,60
1780979750000,54847.0,54847.0,54847.0,54847.0,30
1780979755000,54847.0,54850.0,54847.0,54850.0,90
1780979760000,54847.0,54847.0,54847.0,54847.0,90
1780979765000,54850.0,54850.0,54850.0,54850.0,30
1780979770000,54850.0,54850.0,54850.0,54850.0,240
1780979775000,54847.0,54855.0,54847.0,54850.0,240
1780979780000,54835.2,54850.0,54835.0,54835.0,240
1780979785000,54857.0,54858.8,54830.0,54830.0,270
1780979790000,54859.0,54860.0,54828.6,54829.6,270
1780979795000,54829.0,54856.6,54824.2,54824.2,750
1780979810000,54849.2,54849.6,54822.8,54849.6,150
1780979815000,54849.6,54849.6,54820.0,54820.0,90
1780979820000,54849.2,54849.2,54849.2,54849.2,60
1780979825000,54822.0,54849.8,54822.0,54822.0,180
1780979830000,54849.0,54849.0,54849.0,54849.0,60
1780979835000,54820.0,54848.4,54820.0,54820.0,180
1780979840000,54848.8,54848.8,54820.0,54846.2,780
1780979845000,54815.6,54815.6,54815.6,54815.6,60
1780979850000,54839.8,54839.8,54839.8,54839.8,360
1780979855000,54839.8,54839.8,54839.8,54839.8,90
1780979860000,54839.6,54839.8,54820.0,54839.8,690
1780979865000,54839.8,54839.8,54839.8,54839.8,90
1780979880000,54839.8,54839.8,54839.8,54839.8,120
1780979885000,54816.2,54816.2,54813.8,54813.8,420
1780979890000,54813.6,54840.0,54813.0,54840.0,270
1780979895000,54812.2,54812.2,54812.2,54812.2,30
1780979900000,54816.4,54816.4,54816.4,54816.4,60
1780979905000,54840.0,54840.0,54819.2,54840.0,120
1780979910000,54820.0,54820.0,54820.0,54820.0,90
1780979915000,54825.0,54825.0,54818.2,54818.2,330
1780979920000,54818.2,54818.2,54818.2,54818.2,60
1780979925000,54813.0,54843.2,54813.0,54813.0,210
1780979930000,54812.2,54840.0,54812.2,54840.0,210
1780979935000,54820.0,54820.0,54820.0,54820.0,30
1780979940000,54820.0,54820.0,54820.0,54820.0,30
1780979950000,54822.2,54822.2,54822.2,54822.2,90
1780979955000,54820.0,54822.2,54813.0,54822.2,240
1780979960000,54822.2,54822.2,54812.0,54812.0,210
1780979965000,54822.2,54822.2,54822.2,54822.2,30
1780979970000,54822.2,54840.0,54812.6,54840.0,810
1780979975000,54822.2,54840.0,54822.2,54840.0,180
1780979980000,54818.2,54825.0,54818.2,54825.0,150
1780979985000,54820.8,54820.8,54820.8,54820.8,60
1780979995000,54821.2,54840.0,54821.2,54840.0,300
1780980000000,54820.2,54840.0,54820.2,54829.4,210
1780980005000,54840.0,54840.0,54826.8,54826.8,150
1780980010000,54832.0,54834.0,54832.0,54833.4,300
1780980015000,54843.0,54850.0,54832.0,54850.0,510
1780980020000,54857.0,54857.0,54857.0,54857.0,30
1780980025000,54849.0,54849.0,54846.4,54846.4,60
1780980030000,54846.2,54846.4,54846.2,54846.4,90
1780980035000,54849.0,54849.0,54834.0,54834.0,240
1780980040000,54860.0,54860.0,54860.0,54860.0,60
1780980050000,54860.6,54860.6,54834.0,54834.0,120
1780980055000,54831.8,54831.8,54831.8,54831.8,60
1780980060000,54864.2,54864.2,54864.2,54864.2,30
1780980070000,54860.0,54860.0,54843.8,54843.8,90
1780980075000,54865.0,54865.0,54840.6,54864.0,180
1780980080000,54840.0,54840.0,54840.0,54840.0,90
1780980085000,54830.2,54830.2,54830.2,54830.2,30
1780980090000,54859.6,54861.8,54830.2,54830.2,240
1780980095000,54861.2,54861.2,54830.0,54830.0,120
1780980115000,54840.0,54840.0,54840.0,54840.0,30
1780980120000,54845.0,54845.0,54845.0,54845.0,30
1780980125000,54835.0,54845.0,54835.0,54845.0,60
1780980135000,54852.2,54852.2,54852.2,54852.2,30
1780980140000,54840.0,54857.0,54840.0,54857.0,180
1780980145000,54860.0,54860.0,54860.0,54860.0,210
1780980150000,54861.2,54861.2,54861.2,54861.2,360
1780980155000,54856.8,54870.0,54856.8,54870.0,210
1780980160000,54867.0,54867.0,54867.0,54867.0,30
1780980165000,54852.2,54860.0,54852.2,54860.0,120
1780980170000,54852.2,54852.2,54848.8,54848.8,60
1780980185000,54850.0,54850.0,54850.0,54850.0,30
1780980195000,54850.0,54850.0,54850.0,54850.0,60
1780980210000,54850.0,54850.0,54850.0,54850.0,30
1780980225000,54876.0,54876.0,54842.8,54844.8,540
1780980230000,54844.6,54874.0,54844.6,54874.0,60
1780980235000,54850.0,54850.0,54842.8,54843.6,240
1780980245000,54865.8,54865.8,54865.8,54865.8,30
1780980250000,54850.0,54850.0,54850.0,54850.0,60
1780980255000,54850.0,54850.0,54850.0,54850.0,60
1780980260000,54850.0,54850.0,54850.0,54850.0,120
1780980270000,54850.0,54850.0,54850.0,54850.0,30
1780980275000,54873.8,54874.0,54845.8,54874.0,90
1780980280000,54878.4,54878.4,54878.4,54878.4,60
1780980285000,54846.8,54846.8,54846.2,54846.2,60
1780980290000,54850.0,54850.0,54850.0,54850.0,30
1780980300000,54870.0,54870.0,54870.0,54870.0,30
1780980305000,54845.4,54845.4,54845.4,54845.4,30
1780980310000,54850.0,54869.0,54850.0,54869.0,120
1780980325000,54850.0,54870.0,54850.0,54870.0,930
1780980355000,54845.0,54845.0,54845.0,54845.0,30
1780980360000,54850.0,54850.0,54850.0,54850.0,60
1780980370000,54850.0,54850.0,54850.0,54850.0,120
1780980375000,54870.0,54870.0,54870.0,54870.0,30
1780980380000,54858.0,54858.0,54858.0,54858.0,150
1780980385000,54855.8,54855.8,54855.8,54855.8,30
1780980390000,54870.0,54870.0,54851.4,54851.4,210
1780980395000,54870.0,54870.0,54870.0,54870.0,90
1780980400000,54852.6,54852.6,54852.6,54852.6,180
1780980410000,54852.0,54852.0,54852.0,54852.0,90
1780980420000,54870.0,54870.0,54870.0,54870.0,120
1780980425000,54875.0,54875.0,54875.0,54875.0,60
1780980435000,54875.0,54875.0,54852.0,54852.0,60
1780980445000,54856.0,54856.0,54856.0,54856.0,30
1780980460000,54856.0,54856.0,54856.0,54856.0,60
1780980470000,54855.2,54855.2,54855.0,54855.0,90
1780980475000,54870.0,54870.0,54870.0,54870.0,30
1780980480000,54870.0,54870.0,54870.0,54870.0,30
1780980485000,54852.0,54870.0,54852.0,54870.0,90
1780980490000,54852.0,54852.0,54852.0,54852.0,210
1780980500000,54870.0,54870.2,54870.0,54870.2,300
1780980505000,54856.4,54856.4,54854.2,54854.2,540
1780980515000,54855.0,54855.0,54855.0,54855.0,60
1780980530000,54871.0,54871.0,54871.0,54871.0,30
1780980545000,54878.0,54878.0,54878.0,54878.0,60
1780980550000,54870.0,54871.0,54870.0,54871.0,60
1780980555000,54877.8,54877.8,54877.8,54877.8,30
1780980560000,54875.6,54875.6,54870.0,54870.0,120
1780980565000,54877.8,54877.8,54877.8,54877.8,30
1780980570000,54871.0,54871.0,54871.0,54871.0,90
1780980580000,54855.0,54855.0,54855.0,54855.0,60
1780980585000,54875.0,54878.0,54875.0,54878.0,60
1780980600000,54878.0,54878.0,54878.0,54878.0,90
1780980605000,54843.6,54857.2,54843.6,54857.2,1620
1780980615000,54873.6,54873.6,54860.0,54860.0,90
1780980630000,54854.0,54854.0,54854.0,54854.0,60
1780980645000,54840.4,54840.4,54840.4,54840.4,60
1780980650000,54840.4,54840.4,54840.4,54840.4,30
1780980655000,54854.0,54874.8,54854.0,54874.8,360
1780980665000,54851.4,54851.4,54851.4,54851.4,60
1780980680000,54873.4,54873.4,54873.4,54873.4,120
1780980690000,54873.4,54875.0,54872.0,54872.0,360
1780980695000,54872.0,54872.0,54872.0,54872.0,60
1780980700000,54880.0,54883.0,54867.8,54867.8,390
1780980705000,54875.0,54875.0,54872.2,54872.2,60
1780980710000,54867.8,54867.8,54867.8,54867.8,30
1780980715000,54873.2,54873.2,54872.2,54872.2,180
1780980720000,54886.0,54886.0,54886.0,54886.0,30
1780980725000,54888.4,54888.4,54877.0,54885.2,1410
1780980730000,54894.6,54894.6,54890.0,54890.0,120
1780980735000,54890.0,54890.0,54890.0,54890.0,90
1780980740000,54890.0,54890.0,54890.0,54890.0,60
1780980745000,54890.0,54890.0,54890.0,54890.0,30
1780980750000,54880.0,54880.0,54880.0,54880.0,30
1780980755000,54875.0,54875.0,54867.0,54867.0,120
1780980775000,54850.0,54850.0,54850.0,54850.0,120
1780980780000,54849.0,54849.0,54845.0,54845.0,120
1780980785000,54849.0,54849.0,54849.0,54849.0,30
1780980790000,54840.0,54840.2,54840.0,54840.2,180
1780980795000,54835.2,54835.2,54835.2,54835.2,60
1780980800000,54835.2,54835.2,54835.2,54835.2,30
1780980810000,54836.0,54836.0,54836.0,54836.0,60
1780980815000,54840.0,54840.0,54840.0,54840.0,60
1780980825000,54835.4,54835.4,54835.4,54835.4,30
1780980830000,54840.0,54840.0,54840.0,54840.0,150
1780980835000,54836.0,54836.0,54835.2,54835.2,120
1780980840000,54835.2,54835.2,54835.2,54835.2,30
1780980845000,54835.0,54835.0,54835.0,54835.0,90
1780980850000,54840.0,54840.0,54840.0,54840.0,60
1780980855000,54831.0,54831.0,54831.0,54831.0,30
1780980860000,54833.2,54833.2,54833.2,54833.2,60
1780980865000,54830.0,54830.0,54830.0,54830.0,30
1780980870000,54830.0,54830.0,54825.4,54825.4,180
1780980875000,54831.0,54849.0,54831.0,54849.0,60
1780980885000,54846.6,54846.6,54846.6,54846.6,60
1780980890000,54849.0,54849.0,54849.0,54849.0,60
1780980900000,54840.0,54849.8,54840.0,54849.8,150
1780980905000,54850.0,54850.0,54850.0,54850.0,30
1780980915000,54849.8,54862.0,54849.8,54862.0,150
1780980920000,54834.2,54834.2,54828.0,54828.0,60
1780980925000,54861.4,54861.4,54861.4,54861.4,30
1780980935000,54850.0,54861.4,54850.0,54861.4,60
1780980945000,54850.0,54850.0,54850.0,54850.0,30
1780980950000,54842.0,54842.0,54842.0,54842.0,30
1780980960000,54830.6,54830.6,54830.6,54830.6,60
1780980970000,54850.0,54850.0,54850.0,54850.0,30
1780980980000,54850.0,54850.0,54850.0,54850.0,30
1780980990000,54850.0,54850.0,54850.0,54850.0,30
1780980995000,54850.0,54850.0,54850.0,54850.0,30
1780981000000,54850.0,54850.0,54850.0,54850.0,30
1780981005000,54840.0,54850.0,54840.0,54850.0,360
1780981010000,54833.6,54833.6,54833.6,54833.6,60
1780981015000,54827.2,54827.2,54827.2,54827.2,300
1780981020000,54827.2,54850.0,54827.2,54850.0,270
1780981025000,54854.8,54854.8,54854.8,54854.8,30
1780981035000,54855.4,54859.0,54855.4,54859.0,60
1780981040000,54841.0,54841.0,54841.0,54841.0,180
1780981045000,54841.0,54841.0,54841.0,54841.0,150
1780981050000,54840.0,54840.0,54840.0,54840.0,60
1780981055000,54840.0,54840.0,54840.0,54840.0,30
1780981060000,54840.0,54840.0,54840.0,54840.0,30
1780981065000,54840.0,54840.0,54840.0,54840.0,30
1780981070000,54828.6,54828.6,54828.6,54828.6,90
1780981075000,54840.0,54840.0,54840.0,54840.0,30
1780981080000,54839.0,54839.0,54839.0,54839.0,30
1780981085000,54848.0,54848.0,54848.0,54848.0,30
1780981090000,54849.0,54849.0,54849.0,54849.0,30
1780981095000,54859.8,54859.8,54859.8,54859.8,30
1780981100000,54848.0,54848.0,54848.0,54848.0,30
1780981105000,54872.4,54872.4,54872.4,54872.4,60
1780981110000,54860.0,54869.4,54860.0,54869.4,120
1780981115000,54869.4,54869.4,54869.4,54869.4,60
1780981130000,54869.0,54869.0,54853.8,54853.8,120
1780981140000,54875.0,54875.0,54875.0,54875.0,30
1780981145000,54852.6,54852.6,54852.6,54852.6,30
1780981150000,54886.0,54886.0,54886.0,54886.0,300
1780981160000,54853.8,54873.6,54853.8,54873.6,90
1780981165000,54850.0,54850.0,54850.0,54850.0,60
1780981170000,54833.2,54855.0,54833.2,54855.0,360
1780981175000,54855.0,54855.0,54855.0,54855.0,90
1780981180000,54864.8,54864.8,54850.0,54850.0,150
1780981185000,54850.0,54850.0,54850.0,54850.0,90
1780981205000,54827.6,54827.6,54827.6,54827.6,60
1780981210000,54825.4,54854.8,54825.4,54854.8,360
1780981215000,54859.8,54859.8,54859.8,54859.8,30
1780981220000,54838.0,54838.0,54838.0,54838.0,30
1780981225000,54859.8,54859.8,54859.8,54859.8,30
1780981230000,54862.0,54862.0,54862.0,54862.0,30
1780981250000,54864.8,54864.8,54864.8,54864.8,60
1780981260000,54854.8,54854.8,54854.8,54854.8,60
1780981265000,54855.0,54855.0,54855.0,54855.0,30
1780981270000,54850.0,54850.0,54850.0,54850.0,60
1780981275000,54850.0,54850.0,54850.0,54850.0,90
1780981285000,54842.0,54842.0,54842.0,54842.0,30
1780981290000,54834.4,54834.4,54834.4,54834.4,30
1780981295000,54854.8,54854.8,54854.8,54854.8,30
1780981300000,54854.8,54854.8,54854.8,54854.8,30
1780981305000,54827.8,54827.8,54827.8,54827.8,30
1780981320000,54827.6,54827.6,54827.6,54827.6,30
1780981350000,54839.8,54839.8,54839.8,54839.8,60
1780981355000,54828.0,54828.0,54828.0,54828.0,30
1780981360000,54827.6,54827.6,54827.6,54827.6,30
1780981370000,54827.6,54827.6,54827.0,54827.0,150
1780981375000,54820.0,54820.0,54820.0,54820.0,420
1780981380000,54812.0,54812.0,54812.0,54812.0,120
1780981385000,54811.0,54811.0,54811.0,54811.0,90
1780981390000,54808.8,54808.8,54808.6,54808.6,150
1780981395000,54808.6,54808.6,54808.0,54808.0,90
1780981400000,54808.0,54808.0,54808.0,54808.0,30
1780981405000,54808.0,54808.0,54808.0,54808.0,30
1780981410000,54824.6,54824.6,54824.6,54824.6,300
1780981415000,54806.0,54810.0,54806.0,54810.0,60
1780981425000,54802.0,54802.0,54802.0,54802.0,90
1780981430000,54810.0,54810.0,54802.0,54810.0,120
1780981435000,54802.0,54810.0,54801.0,54810.0,210
1780981450000,54808.8,54808.8,54808.8,54808.8,30
1780981455000,54813.8,54813.8,54810.6,54810.6,60
1780981460000,54828.0,54828.0,54828.0,54828.0,150
1780981475000,54828.0,54828.0,54816.0,54816.0,60
1780981485000,54821.6,54821.6,54821.6,54821.6,30
1780981490000,54814.0,54828.0,54814.0,54828.0,90
1780981530000,54828.0,54828.0,54828.0,54828.0,30
1780981535000,54828.0,54828.0,54828.0,54828.0,90
1780981545000,54816.0,54816.0,54816.0,54816.0,60
1780981550000,54814.2,54814.2,54814.2,54814.2,30
1780981555000,54815.0,54815.0,54814.0,54814.0,210
1780981560000,54816.0,54816.0,54816.0,54816.0,30
1780981570000,54815.0,54815.0,54815.0,54815.0,30
1780981590000,54816.0,54816.0,54816.0,54816.0,30
1780981595000,54815.0,54815.0,54805.0,54805.0,90
1780981600000,54815.0,54815.0,54801.0,54801.0,90
1780981605000,54814.2,54814.2,54790.0,54790.0,1050
1780981610000,54790.0,54790.0,54790.0,54790.0,30
1780981615000,54794.0,54794.0,54784.0,54784.0,690
1780981620000,54785.0,54785.0,54778.0,54778.0,1650
1780981625000,54785.0,54785.0,54785.0,54785.0,30
1780981630000,54778.0,54778.0,54770.2,54770.2,390
1780981635000,54771.2,54776.0,54771.2,54776.0,120
1780981640000,54775.0,54775.0,54771.4,54771.4,60
1780981645000,54771.2,54775.0,54771.2,54775.0,120
1780981650000,54770.2,54775.0,54770.2,54775.0,150
1780981655000,54776.8,54776.8,54776.8,54776.8,300
1780981660000,54778.0,54780.0,54777.4,54777.4,150
1780981665000,54783.4,54783.4,54783.4,54783.4,30
1780981675000,54800.0,54800.0,54800.0,54800.0,30
1780981680000,54790.0,54790.0,54790.0,54790.0,60
1780981685000,54790.0,54798.0,54790.0,54798.0,60
1780981690000,54781.0,54781.0,54781.0,54781.0,30
1780981695000,54781.0,54781.0,54781.0,54781.0,30
1780981700000,54779.0,54779.0,54779.0,54779.0,30
1780981705000,54779.0,54779.0,54777.0,54777.0,60
1780981710000,54776.8,54776.8,54776.8,54776.8,30
1780981720000,54775.0,54775.0,54775.0,54775.0,60
1780981725000,54780.0,54780.0,54780.0,54780.0,60
1780981730000,54770.0,54770.0,54770.0,54770.0,1170
1780981735000,54770.0,54770.0,54770.0,54770.0,120
1780981740000,54780.0,54780.0,54780.0,54780.0,120
1780981745000,54775.0,54775.0,54775.0,54775.0,1260
1780981750000,54775.0,54780.0,54773.0,54780.0,780
1780981755000,54780.0,54780.0,54770.0,54770.0,1200
1780981760000,54798.0,54800.0,54775.0,54775.2,450
1780981765000,54775.0,54775.0,54775.0,54775.0,300
1780981770000,54775.2,54775.2,54775.2,54775.2,660
1780981775000,54776.0,54776.0,54776.0,54776.0,30
1780981780000,54776.0,54785.0,54776.0,54785.0,150
1780981785000,54777.0,54777.0,54777.0,54777.0,30
1780981790000,54776.2,54776.2,54775.0,54775.0,90
1780981795000,54775.0,54775.0,54775.0,54775.0,150
1780981805000,54770.0,54770.0,54770.0,54770.0,60
1780981810000,54770.0,54775.0,54770.0,54775.0,240
1780981815000,54771.0,54771.0,54771.0,54771.0,30
1780981820000,54770.2,54770.2,54770.2,54770.2,30
1780981825000,54775.0,54775.0,54770.2,54770.2,90
1780981830000,54770.0,54775.0,54770.0,54775.0,90
1780981835000,54771.2,54780.0,54771.2,54780.0,270
1780981840000,54785.0,54785.0,54780.0,54780.0,240
1780981845000,54780.0,54780.0,54780.0,54780.0,30
1780981850000,54780.0,54780.0,54780.0,54780.0,60
1780981855000,54780.0,54780.0,54780.0,54780.0,30
1780981860000,54780.0,54780.0,54780.0,54780.0,60
1780981865000,54780.0,54800.0,54776.4,54800.0,180
1780981870000,54800.0,54800.0,54800.0,54800.0,90
1780981875000,54800.0,54800.0,54800.0,54800.0,60
1780981880000,54800.0,54800.0,54800.0,54800.0,30
1780981885000,54801.0,54810.0,54801.0,54810.0,120
1780981895000,54830.0,54830.0,54830.0,54830.0,570
1780981900000,54831.0,54831.0,54831.0,54831.0,90
1780981905000,54831.2,54831.2,54820.0,54820.0,150
1780981910000,54820.0,54820.0,54795.4,54810.0,180
1780981915000,54810.0,54810.0,54801.0,54801.0,180
1780981920000,54801.0,54801.0,54800.0,54800.0,90
1780981925000,54800.0,54800.0,54792.2,54792.2,60
1780981930000,54800.0,54800.0,54800.0,54800.0,30
1780981935000,54800.0,54800.0,54800.0,54800.0,30
1780981940000,54800.0,54800.0,54800.0,54800.0,120
1780981950000,54800.0,54800.0,54800.0,54800.0,30
1780981955000,54790.0,54790.0,54790.0,54790.0,120
1780981960000,54800.0,54800.0,54800.0,54800.0,30
1780981965000,54790.0,54790.0,54790.0,54790.0,90
1780981970000,54790.0,54790.0,54790.0,54790.0,390
1780981975000,54800.0,54800.0,54800.0,54800.0,30
1780981980000,54810.0,54810.0,54810.0,54810.0,60
1780981985000,54810.0,54810.0,54810.0,54810.0,30
1780981995000,54796.0,54810.0,54796.0,54810.0,330
1780982005000,54810.0,54810.0,54810.0,54810.0,60
1780982010000,54810.0,54810.0,54810.0,54810.0,90
1780982015000,54832.2,54832.2,54832.2,54832.2,30
1780982020000,54833.2,54833.2,54833.2,54833.2,30
1780982030000,54807.6,54807.6,54807.6,54807.6,120
1780982040000,54834.0,54834.0,54834.0,54834.0,30
1780982050000,54815.2,54815.2,54815.2,54815.2,60
1780982055000,54834.0,54834.0,54834.0,54834.0,30
1780982060000,54834.0,54834.0,54834.0,54834.0,30
1780982075000,54830.0,54830.0,54830.0,54830.0,30
1780982080000,54820.0,54834.0,54820.0,54834.0,60
1780982085000,54830.0,54830.0,54830.0,54830.0,30
1780982095000,54830.0,54830.0,54830.0,54830.0,30
1780982100000,54830.0,54830.0,54830.0,54830.0,30
1780982105000,54834.0,54834.0,54834.0,54834.0,60
1780982115000,54834.0,54834.0,54834.0,54834.0,60
1780982120000,54830.0,54830.0,54830.0,54830.0,240
1780982125000,54830.0,54830.0,54830.0,54830.0,30
1780982130000,54830.0,54830.0,54830.0,54830.0,30
1780982135000,54830.0,54830.0,54830.0,54830.0,120
1780982140000,54830.0,54835.0,54830.0,54835.0,180
1780982145000,54840.0,54840.0,54837.4,54837.4,150
1780982150000,54850.0,54850.0,54850.0,54850.0,30
1780982155000,54837.6,54837.6,54837.6,54837.6,30
1780982160000,54850.0,54850.0,54850.0,54850.0,30
1780982165000,54850.0,54850.0,54850.0,54850.0,120
1780982170000,54831.2,54831.2,54831.2,54831.2,30
1780982175000,54844.4,54844.4,54844.4,54844.4,30
1780982190000,54830.6,54830.6,54830.6,54830.6,30
1780982195000,54841.2,54841.2,54830.6,54830.6,60
1780982215000,54830.6,54830.6,54830.6,54830.6,60
1780982230000,54815.2,54815.2,54815.2,54815.2,30
1780982255000,54812.0,54815.0,54812.0,54815.0,120
1780982260000,54812.0,54812.0,54812.0,54812.0,60
1780982265000,54812.0,54812.0,54810.0,54810.0,60
1780982275000,54810.0,54810.0,54810.0,54810.0,60
1780982280000,54800.2,54800.2,54800.2,54800.2,120
1780982290000,54833.0,54833.0,54833.0,54833.0,60
1780982310000,54829.6,54829.6,54829.6,54829.6,30
1780982320000,54832.0,54832.0,54832.0,54832.0,30
1780982325000,54802.2,54802.2,54802.2,54802.2,60
1780982330000,54821.8,54821.8,54821.8,54821.8,60
1780982340000,54800.0,54800.0,54800.0,54800.0,300
1780982360000,54817.2,54817.2,54817.2,54817.2,60
1780982385000,54791.0,54791.0,54789.0,54789.0,180
1780982390000,54785.0,54785.0,54775.0,54775.0,750
1780982395000,54760.0,54762.8,54760.0,54762.8,570
1780982400000,54752.0,54752.0,54752.0,54752.0,270
1780982405000,54759.6,54759.6,54733.2,54733.2,1740
1780982410000,54733.0,54733.0,54733.0,54733.0,180
1780982415000,54733.0,54752.0,54733.0,54752.0,120
1780982420000,54755.6,54760.0,54755.6,54760.0,150
1780982430000,54728.2,54728.2,54728.2,54728.2,690
1780982435000,54728.0,54728.0,54726.4,54726.4,90
1780982440000,54744.2,54744.4,54744.2,54744.4,270
1780982450000,54750.0,54750.0,54728.0,54728.0,150
1780982455000,54730.0,54730.0,54730.0,54730.0,60
1780982460000,54728.0,54744.4,54728.0,54744.4,60
1780982465000,54742.0,54742.0,54742.0,54742.0,30
1780982470000,54730.2,54741.8,54730.2,54741.8,390
1780982475000,54744.2,54744.4,54744.2,54744.4,240
1780982480000,54744.4,54744.4,54744.4,54744.4,120
1780982490000,54747.0,54747.0,54740.0,54740.0,90
1780982505000,54749.2,54750.0,54728.6,54728.6,90
1780982510000,54750.0,54766.0,54750.0,54766.0,150
1780982515000,54749.0,54749.0,54749.0,54749.0,30
1780982525000,54750.0,54764.2,54750.0,54764.2,420
1780982530000,54747.4,54747.4,54747.4,54747.4,90
1780982535000,54740.6,54749.0,54740.6,54749.0,210
1780982540000,54764.2,54764.2,54764.2,54764.2,30
1780982545000,54770.6,54770.6,54767.4,54767.4,60
1780982555000,54739.4,54772.2,54739.4,54772.2,60
1780982560000,54768.6,54768.6,54768.6,54768.6,30
1780982565000,54769.8,54769.8,54740.0,54740.0,60
1780982570000,54754.4,54754.4,54754.4,54754.4,30
1780982575000,54750.4,54750.4,54750.4,54750.4,150
1780982580000,54750.4,54770.4,54750.4,54770.4,240
1780982590000,54754.8,54754.8,54754.8,54754.8,30
1780982595000,54772.0,54772.0,54772.0,54772.0,30
1780982610000,54801.2,54801.2,54801.2,54801.2,930
1780982615000,54799.0,54801.2,54799.0,54801.2,60
1780982625000,54800.0,54800.0,54800.0,54800.0,30
1780982635000,54802.0,54802.0,54802.0,54802.0,60
1780982640000,54767.4,54767.4,54767.4,54767.4,900
1780982645000,54774.4,54774.4,54774.4,54774.4,60
1780982665000,54805.0,54820.0,54805.0,54820.0,90
1780982670000,54822.0,54822.0,54822.0,54822.0,30
1780982675000,54822.0,54824.0,54822.0,54824.0,90
1780982680000,54833.8,54833.8,54833.8,54833.8,120
1780982685000,54834.0,54849.6,54833.8,54849.6,390
1780982690000,54839.6,54839.6,54839.6,54839.6,30
1780982695000,54833.8,54833.8,54833.8,54833.8,30
1780982700000,54852.0,54852.0,54852.0,54852.0,210
1780982705000,54851.8,54858.0,54851.8,54858.0,360
1780982710000,54850.0,54850.0,54850.0,54850.0,30
1780982715000,54852.0,54852.0,54851.0,54851.0,60
1780982720000,54858.0,54858.0,54858.0,54858.0,30
1780982725000,54855.0,54858.0,54855.0,54858.0,60
1780982730000,54828.4,54858.0,54828.4,54858.0,780
1780982745000,54850.8,54850.8,54848.2,54848.2,60
1780982755000,54840.0,54840.0,54840.0,54840.0,420
1780982760000,54806.6,54806.6,54806.6,54806.6,270
1780982770000,54806.0,54806.0,54805.4,54805.4,210
1780982775000,54828.2,54828.2,54828.2,54828.2,30
1780982785000,54828.2,54828.2,54828.2,54828.2,30
1780982795000,54846.6,54846.6,54828.2,54828.2,120
1780982820000,54810.4,54810.4,54810.4,54810.4,30
1780982825000,54828.2,54828.2,54820.0,54820.0,120
1780982835000,54823.6,54823.6,54823.6,54823.6,30
1780982855000,54824.6,54824.6,54824.6,54824.6,30
1780982860000,54816.8,54816.8,54816.8,54816.8,60
1780982865000,54810.6,54810.6,54810.2,54810.2,60
1780982870000,54817.6,54817.6,54817.6,54817.6,30
1780982880000,54807.6,54807.6,54807.6,54807.6,60
1780982885000,54817.6,54817.6,54817.6,54817.6,60
1780982915000,54828.2,54828.2,54817.8,54817.8,240
1780982925000,54820.0,54820.0,54820.0,54820.0,30
1780982935000,54818.0,54842.8,54818.0,54842.8,60
1780982955000,54833.2,54833.2,54820.2,54820.2,60
1780982960000,54821.2,54821.2,54821.2,54821.2,30
1780982970000,54842.0,54842.0,54842.0,54842.0,60
1780982980000,54842.0,54842.0,54842.0,54842.0,120
1780982985000,54842.8,54850.0,54842.8,54850.0,150
1780982995000,54842.2,54842.2,54842.2,54842.2,30
1780983000000,54842.0,54842.0,54842.0,54842.0,30
1780983005000,54830.0,54830.0,54830.0,54830.0,30
1780983010000,54820.0,54820.0,54820.0,54820.0,60
1780983015000,54818.2,54818.2,54818.2,54818.2,30
1780983020000,54818.0,54818.0,54818.0,54818.0,30
1780983040000,54818.0,54818.0,54818.0,54818.0,60
1780983060000,54828.0,54828.0,54828.0,54828.0,30
1780983070000,54834.4,54836.0,54834.4,54836.0,90
1780983080000,54819.2,54819.2,54819.2,54819.2,60
1780983085000,54820.0,54820.0,54820.0,54820.0,60
1780983090000,54823.0,54823.0,54823.0,54823.0,90
1780983100000,54831.0,54831.0,54831.0,54831.0,30
1780983105000,54836.4,54836.4,54836.4,54836.4,30
1780983110000,54823.0,54823.0,54823.0,54823.0,30
1780983120000,54842.0,54842.0,54842.0,54842.0,30
1780983135000,54823.2,54823.2,54823.2,54823.2,120
1780983155000,54823.2,54823.2,54823.2,54823.2,30
1780983175000,54834.8,54834.8,54834.8,54834.8,30
1780983190000,54835.0,54835.0,54835.0,54835.0,60
1780983195000,54845.0,54845.0,54845.0,54845.0,60
1780983200000,54845.0,54845.0,54845.0,54845.0,30
1780983210000,54842.0,54842.0,54842.0,54842.0,150
1780983215000,54850.0,54850.0,54850.0,54850.0,30
1780983225000,54850.0,54850.0,54850.0,54850.0,30
1780983235000,54855.0,54855.0,54845.0,54845.0,330
1780983250000,54845.0,54845.0,54845.0,54845.0,30
1780983255000,54848.0,54848.0,54840.2,54840.2,60
1780983265000,54840.0,54843.4,54840.0,54843.4,90
1780983270000,54840.4,54840.4,54840.4,54840.4,30
1780983275000,54830.2,54830.2,54830.2,54830.2,30
1780983280000,54839.4,54839.4,54839.4,54839.4,30
1780983295000,54843.4,54843.4,54842.2,54842.2,90
1780983300000,54840.0,54840.0,54840.0,54840.0,780
1780983305000,54839.6,54841.6,54838.0,54838.0,240
1780983310000,54839.6,54839.6,54825.0,54825.0,90
1780983325000,54842.4,54842.4,54842.4,54842.4,30
1780983330000,54839.0,54839.0,54838.0,54838.0,60
1780983350000,54831.6,54831.6,54831.6,54831.6,30
1780983375000,54836.2,54836.2,54836.2,54836.2,30
1780983380000,54837.8,54837.8,54837.8,54837.8,30
1780983385000,54836.2,54836.2,54836.2,54836.2,30
1780983395000,54838.0,54838.0,54838.0,54838.0,30
1780983400000,54844.2,54846.6,54825.6,54846.6,360
1780983405000,54835.0,54835.0,54835.0,54835.0,30
1780983415000,54844.2,54850.0,54844.2,54850.0,180
1780983420000,54845.8,54845.8,54845.8,54845.8,600
1780983430000,54842.6,54842.6,54842.6,54842.6,150
1780983445000,54842.0,54842.0,54842.0,54842.0,360
1780983450000,54841.6,54841.6,54841.6,54841.6,60
1780983470000,54840.0,54842.8,54840.0,54842.8,90
1780983475000,54843.6,54845.2,54843.6,54845.2,60
1780983495000,54843.6,54845.2,54843.6,54845.2,90
1780983500000,54840.0,54840.0,54840.0,54840.0,30
1780983505000,54845.4,54847.0,54845.4,54847.0,60
1780983510000,54850.0,54850.0,54850.0,54850.0,30
1780983515000,54850.0,54850.0,54850.0,54850.0,60
1780983525000,54850.0,54850.0,54850.0,54850.0,30
1780983530000,54850.0,54850.0,54845.0,54845.0,60
1780983550000,54845.0,54845.0,54845.0,54845.0,30
1780983560000,54853.4,54853.4,54853.4,54853.4,60
1780983565000,54853.4,54855.0,54853.4,54853.4,210
1780983570000,54855.0,54855.0,54855.0,54855.0,30
1780983575000,54851.2,54851.2,54851.2,54851.2,30
1780983580000,54855.0,54855.0,54855.0,54855.0,30
1780983585000,54855.0,54858.0,54855.0,54858.0,150
1780983590000,54855.0,54858.0,54855.0,54858.0,120
1780983595000,54859.8,54859.8,54859.8,54859.8,30
1780983600000,54859.8,54859.8,54859.8,54859.8,30
1780983605000,54863.0,54869.8,54863.0,54869.8,660
1780983610000,54869.8,54870.2,54869.2,54870.2,1170
1780983615000,54870.2,54870.6,54870.2,54870.6,870
1780983620000,54868.2,54870.0,54868.2,54870.0,570
1780983625000,54865.0,54865.0,54851.8,54851.8,300
1780983630000,54850.4,54850.4,54850.4,54850.4,210
1780983640000,54851.8,54851.8,54851.8,54851.8,30
1780983645000,54851.6,54851.6,54851.6,54851.6,30
1780983650000,54851.8,54851.8,54851.8,54851.8,90
1780983655000,54851.8,54856.2,54851.8,54856.2,180
1780983665000,54851.8,54852.2,54851.8,54852.2,210
1780983675000,54859.0,54859.0,54859.0,54859.0,30
1780983680000,54856.8,54856.8,54840.6,54840.6,150
1780983690000,54850.4,54850.4,54850.4,54850.4,30
1780983700000,54851.8,54851.8,54851.8,54851.8,150
1780983715000,54840.2,54840.2,54840.2,54840.2,90
1780983735000,54849.0,54849.0,54849.0,54849.0,30
1780983750000,54840.2,54840.2,54840.2,54840.2,30
1780983755000,54840.0,54840.0,54840.0,54840.0,30
1780983765000,54835.0,54835.0,54835.0,54835.0,60
1780983770000,54815.4,54815.4,54815.4,54815.4,60
1780983780000,54815.6,54831.2,54815.6,54831.2,60
1780983800000,54819.0,54819.0,54819.0,54819.0,30
1780983815000,54815.0,54815.0,54815.0,54815.0,30
1780983825000,54815.0,54815.0,54815.0,54815.0,240
1780983830000,54817.0,54817.0,54817.0,54817.0,30
1780983835000,54815.0,54815.6,54815.0,54815.6,60
1780983840000,54824.6,54824.6,54824.6,54824.6,90
1780983845000,54820.2,54820.2,54820.2,54820.2,30
1780983850000,54814.4,54814.4,54814.4,54814.4,90
1780983855000,54814.2,54814.2,54803.4,54803.4,360
1780983860000,54803.2,54803.2,54803.2,54803.2,60
1780983870000,54801.0,54801.0,54800.2,54800.2,150
1780983875000,54800.0,54800.0,54800.0,54800.0,180
1780983880000,54800.0,54800.0,54800.0,54800.0,360
1780983895000,54799.0,54799.0,54799.0,54799.0,90
1780983900000,54799.0,54799.0,54799.0,54799.0,90
1780983910000,54799.6,54799.6,54799.6,54799.6,30
1780983925000,54798.8,54799.0,54798.8,54799.0,120
1780983935000,54799.0,54799.0,54799.0,54799.0,30
1780983945000,54792.8,54792.8,54792.8,54792.8,30
1780983955000,54791.0,54791.0,54791.0,54791.0,30
1780983960000,54791.0,54791.0,54791.0,54791.0,60
1780983965000,54786.0,54786.0,54785.0,54785.0,180
1780983970000,54786.0,54787.0,54786.0,54787.0,60
1780983975000,54785.0,54785.0,54785.0,54785.0,30
1780983980000,54785.0,54785.0,54782.0,54782.0,90
1780983990000,54780.0,54780.0,54779.6,54779.6,270
1780984000000,54775.0,54775.0,54775.0,54775.0,30
1780984005000,54775.0,54775.0,54770.0,54770.0,300
1780984015000,54780.4,54780.4,54780.4,54780.4,270
1780984035000,54777.2,54777.2,54777.2,54777.2,30
1780984040000,54778.0,54778.0,54778.0,54778.0,30
1780984045000,54771.0,54771.0,54771.0,54771.0,60
1780984050000,54771.0,54771.0,54771.0,54771.0,30
1780984055000,54770.0,54770.0,54770.0,54770.0,30
1780984060000,54770.0,54778.0,54770.0,54778.0,90
1780984065000,54780.0,54785.0,54779.0,54785.0,180
1780984075000,54799.0,54799.0,54799.0,54799.0,150
1780984080000,54800.0,54802.0,54800.0,54802.0,270
1780984085000,54802.0,54805.0,54802.0,54805.0,60
1780984105000,54813.4,54813.4,54813.4,54813.4,90
1780984110000,54811.0,54811.0,54809.0,54809.0,330
1780984115000,54800.0,54800.2,54800.0,54800.2,60
1780984125000,54816.4,54816.4,54816.4,54816.4,30
1780984130000,54822.4,54822.4,54822.4,54822.4,60
1780984140000,54822.8,54822.8,54822.8,54822.8,30
1780984165000,54822.8,54822.8,54822.8,54822.8,60
1780984170000,54836.0,54836.0,54836.0,54836.0,60
1780984175000,54828.4,54828.4,54828.4,54828.4,120
1780984180000,54833.0,54833.0,54833.0,54833.0,30
1780984185000,54833.8,54833.8,54830.8,54830.8,60
1780984200000,54821.6,54821.6,54821.6,54821.6,210
1780984205000,54820.0,54820.0,54810.0,54810.0,180
1780984225000,54810.0,54810.0,54810.0,54810.0,60
1780984250000,54800.0,54800.0,54800.0,54800.0,30
1780984260000,54800.0,54800.0,54800.0,54800.0,330
1780984265000,54798.6,54798.6,54798.6,54798.6,30
1780984270000,54792.8,54792.8,54792.8,54792.8,60
1780984280000,54795.0,54795.0,54795.0,54795.0,30
1780984295000,54792.0,54792.0,54792.0,54792.0,30
1780984305000,54795.2,54795.2,54795.2,54795.2,30
1780984310000,54791.8,54791.8,54785.0,54785.0,210
1780984320000,54783.0,54783.0,54783.0,54783.0,210
1780984340000,54775.0,54775.0,54775.0,54775.0,30
1780984350000,54775.0,54775.0,54775.0,54775.0,30
1780984365000,54775.0,54775.0,54775.0,54775.0,60
1780984370000,54764.0,54764.0,54761.0,54761.0,780
1780984375000,54760.2,54760.2,54751.0,54751.0,270
1780984380000,54750.0,54750.0,54745.0,54745.0,1020
1780984385000,54745.4,54751.6,54745.4,54746.2,90
1780984390000,54751.0,54751.0,54750.6,54750.6,240
1780984400000,54749.4,54749.4,54749.4,54749.4,90
1780984405000,54745.2,54745.2,54740.0,54740.0,240
1780984410000,54740.0,54740.0,54740.0,54740.0,30
1780984415000,54739.6,54739.6,54736.0,54736.0,150
1780984420000,54729.2,54729.2,54729.0,54729.0,480
1780984425000,54729.0,54730.0,54729.0,54730.0,360
1780984430000,54728.0,54730.0,54728.0,54730.0,90
1780984435000,54730.0,54730.0,54728.0,54728.0,150
1780984440000,54725.0,54725.0,54716.0,54716.0,720
1780984445000,54701.0,54705.0,54701.0,54705.0,2280
1780984450000,54705.4,54705.4,54700.0,54700.0,1260
1780984455000,54700.0,54700.0,54680.0,54680.0,900
1780984460000,54680.0,54680.2,54680.0,54680.2,60
1780984465000,54690.4,54690.4,54690.4,54690.4,30
1780984470000,54680.2,54680.2,54680.2,54680.2,30
1780984475000,54690.4,54690.4,54690.4,54690.4,570
1780984480000,54690.4,54700.0,54690.4,54700.0,120
1780984485000,54712.2,54712.2,54700.4,54711.2,120
1780984490000,54716.2,54716.2,54700.4,54700.4,300
1780984495000,54698.4,54698.8,54698.4,54698.8,570
1780984500000,54685.0,54685.0,54683.0,54683.0,360
1780984505000,54693.6,54693.6,54691.4,54691.4,60
1780984510000,54680.0,54680.0,54677.0,54677.0,330
1780984515000,54675.0,54679.0,54668.0,54668.0,720
1780984520000,54668.0,54679.6,54668.0,54668.0,330
1780984525000,54666.0,54666.0,54666.0,54666.0,180
1780984530000,54669.8,54669.8,54662.0,54662.0,210
1780984535000,54663.0,54666.0,54663.0,54666.0,90
1780984540000,54670.0,54670.0,54670.0,54670.0,330
1780984545000,54670.0,54670.0,54669.8,54670.0,480
1780984550000,54670.2,54683.8,54670.0,54683.8,330
1780984555000,54695.8,54695.8,54683.8,54683.8,210
1780984565000,54694.4,54695.8,54671.0,54671.0,150
1780984570000,54696.8,54697.4,54696.8,54697.4,90
1780984575000,54696.8,54700.0,54683.0,54700.0,120
1780984580000,54705.0,54705.6,54705.0,54705.6,330
1780984585000,54700.0,54703.8,54700.0,54700.0,120
1780984590000,54702.0,54702.0,54702.0,54702.0,30
1780984595000,54700.0,54700.8,54676.8,54676.8,120
1780984605000,54704.8,54704.8,54704.8,54704.8,30
1780984610000,54710.0,54710.0,54679.6,54679.6,60
1780984615000,54708.4,54708.4,54702.0,54708.4,270
1780984620000,54705.0,54705.0,54705.0,54705.0,30
1780984625000,54680.8,54680.8,54680.8,54680.8,60
1780984630000,54700.0,54700.0,54700.0,54700.0,30
1780984635000,54700.0,54700.0,54690.0,54690.0,60
1780984640000,54693.4,54693.4,54693.4,54693.4,60
1780984645000,54692.4,54692.4,54691.8,54691.8,90
1780984650000,54689.2,54689.2,54689.2,54689.2,60
1780984655000,54681.0,54687.8,54681.0,54687.8,120
1780984660000,54681.0,54681.0,54681.0,54681.0,30
1780984665000,54687.8,54687.8,54687.8,54687.8,30
1780984670000,54687.8,54687.8,54687.8,54687.8,390
1780984675000,54687.8,54687.8,54687.8,54687.8,30
1780984685000,54702.0,54702.0,54702.0,54702.0,30
1780984690000,54702.0,54708.0,54702.0,54708.0,90
1780984695000,54702.0,54714.2,54702.0,54714.2,60
1780984700000,54717.2,54717.2,54714.2,54714.2,90
1780984705000,54710.0,54710.0,54709.0,54709.0,570
1780984710000,54710.0,54739.4,54710.0,54739.4,720
1780984715000,54740.0,54743.8,54740.0,54743.8,180
1780984720000,54739.6,54740.8,54739.6,54740.8,60
1780984730000,54732.2,54732.2,54732.2,54732.2,60
1780984735000,54734.0,54734.0,54734.0,54734.0,60
1780984740000,54741.8,54741.8,54741.8,54741.8,60
1780984745000,54734.0,54734.0,54734.0,54734.0,30
1780984750000,54734.0,54740.8,54734.0,54740.8,690
1780984755000,54747.4,54750.2,54734.2,54750.2,270
1780984760000,54757.0,54757.0,54755.0,54755.0,330
1780984765000,54755.8,54755.8,54755.8,54755.8,30
1780984775000,54754.0,54754.0,54750.0,54750.0,570
1780984780000,54740.0,54740.0,54740.0,54740.0,60
1780984785000,54732.2,54732.2,54715.0,54715.0,120
1780984795000,54715.0,54715.0,54715.0,54715.0,30
1780984800000,54731.2,54731.2,54712.0,54712.0,180
1780984805000,54715.0,54715.0,54712.0,54712.0,90
1780984810000,54710.2,54710.2,54706.6,54706.6,60
1780984815000,54725.8,54727.0,54725.8,54727.0,60
1780984820000,54715.2,54715.2,54715.2,54715.2,30
1780984825000,54720.0,54720.0,54715.2,54715.2,90
1780984835000,54727.0,54727.0,54727.0,54727.0,30
1780984840000,54727.0,54727.0,54727.0,54727.0,30
1780984850000,54727.0,54727.0,54727.0,54727.0,30
1780984860000,54727.0,54727.0,54727.0,54727.0,30
1780984865000,54726.0,54726.0,54725.0,54725.0,60
1780984870000,54725.0,54725.0,54700.0,54700.0,630
1780984875000,54700.2,54725.2,54700.2,54725.2,180
1780984880000,54700.0,54700.0,54700.0,54700.0,60
1780984885000,54681.0,54720.4,54681.0,54720.4,630
1780984890000,54728.6,54728.6,54726.4,54726.4,2160
1780984895000,54725.0,54725.0,54725.0,54725.0,30
1780984900000,54729.0,54729.0,54729.0,54729.0,30
1780984905000,54729.0,54729.0,54698.4,54698.4,60
1780984910000,54702.6,54702.6,54702.6,54702.6,60
1780984925000,54731.4,54731.4,54731.4,54731.4,210
1780984930000,54733.2,54733.2,54733.2,54733.2,30
1780984935000,54745.0,54745.0,54745.0,54745.0,180
1780984945000,54745.0,54745.0,54745.0,54745.0,30
1780984955000,54745.0,54745.0,54745.0,54745.0,120
1780984965000,54745.8,54750.0,54745.8,54745.8,150
1780984970000,54750.0,54750.0,54750.0,54750.0,30
1780984975000,54757.0,54757.0,54750.0,54750.0,150
1780984980000,54757.0,54757.0,54757.0,54757.0,90
1780984985000,54757.0,54757.0,54757.0,54757.0,60
1780985005000,54749.8,54749.8,54749.8,54749.8,30
1780985015000,54749.8,54749.8,54749.8,54749.8,150
1780985025000,54749.8,54749.8,54742.4,54742.4,150
1780985035000,54749.8,54749.8,54749.8,54749.8,30
1780985070000,54750.0,54750.0,54750.0,54750.0,360
1780985085000,54748.6,54750.0,54748.6,54750.0,150
1780985090000,54750.0,54750.0,54750.0,54750.0,450
1780985100000,54749.6,54749.6,54749.6,54749.6,30
1780985105000,54749.6,54750.0,54749.6,54750.0,330
1780985110000,54757.0,54757.0,54756.0,54756.0,60
1780985115000,54757.0,54757.0,54757.0,54757.0,300
1780985120000,54757.0,54757.0,54757.0,54757.0,30
1780985130000,54756.0,54756.0,54750.2,54750.2,240
1780985135000,54757.0,54757.0,54757.0,54757.0,30
1780985140000,54756.4,54756.4,54756.4,54756.4,30
1780985150000,54757.6,54757.6,54757.6,54757.6,300
1780985160000,54773.0,54773.0,54773.0,54773.0,150
1780985165000,54779.0,54779.0,54779.0,54779.0,30
1780985170000,54805.0,54819.6,54805.0,54819.6,1080
1780985175000,54811.0,54820.6,54811.0,54820.6,780
1780985180000,54817.0,54817.0,54817.0,54817.0,300
1780985185000,54804.2,54804.2,54804.2,54804.2,60
1780985190000,54814.0,54814.0,54814.0,54814.0,60
1780985200000,54789.6,54814.0,54789.6,54814.0,120
1780985210000,54814.0,54814.0,54814.0,54814.0,90
1780985215000,54810.0,54810.0,54789.4,54789.4,60
1780985220000,54814.0,54814.0,54814.0,54814.0,60
1780985225000,54812.2,54812.2,54812.2,54812.2,30
1780985240000,54795.8,54795.8,54795.8,54795.8,60
1780985245000,54812.0,54812.0,54812.0,54812.0,30
1780985250000,54814.0,54814.0,54814.0,54814.0,60
1780985255000,54814.0,54814.0,54808.8,54808.8,180
1780985260000,54814.0,54814.0,54814.0,54814.0,360
1780985265000,54812.0,54812.0,54812.0,54812.0,30
1780985270000,54810.0,54810.0,54810.0,54810.0,30
1780985280000,54814.0,54814.0,54810.0,54810.0,60
1780985285000,54808.8,54808.8,54808.8,54808.8,30
1780985295000,54797.0,54797.0,54797.0,54797.0,30
1780985300000,54783.0,54783.0,54783.0,54783.0,30
1780985310000,54776.4,54776.4,54776.4,54776.4,30
1780985315000,54785.2,54785.2,54785.2,54785.2,30
1780985335000,54799.8,54799.8,54796.4,54796.4,60
1780985360000,54788.0,54788.0,54788.0,54788.0,30
1780985365000,54788.0,54790.0,54788.0,54790.0,60
1780985370000,54790.0,54790.0,54790.0,54790.0,30
1780985375000,54795.0,54802.0,54795.0,54802.0,120
1780985380000,54803.4,54803.4,54803.4,54803.4,30
1780985390000,54803.4,54803.4,54803.4,54803.4,30
1780985395000,54810.0,54810.0,54810.0,54810.0,30
1780985400000,54810.0,54810.0,54799.8,54809.0,180
1780985405000,54810.0,54810.0,54810.0,54810.0,30
1780985410000,54814.0,54814.0,54814.0,54814.0,30
1780985420000,54800.0,54800.0,54799.0,54799.0,90
1780985430000,54795.0,54799.0,54795.0,54799.0,60
1780985435000,54776.6,54776.6,54776.6,54776.6,210
1780985445000,54776.4,54776.4,54776.4,54776.4,30
1780985455000,54787.0,54787.0,54785.6,54785.6,360
1780985460000,54776.4,54776.4,54770.0,54770.0,90
1780985465000,54776.4,54776.4,54776.4,54776.4,30
1780985470000,54777.0,54777.0,54777.0,54777.0,90
1780985485000,54782.4,54782.4,54777.0,54778.6,150
1780985520000,54779.6,54779.6,54779.6,54779.6,60
1780985530000,54779.6,54779.6,54779.6,54779.6,30
1780985540000,54779.8,54779.8,54779.8,54779.8,30
1780985570000,54779.6,54779.6,54779.6,54779.6,30
1780985575000,54779.6,54779.6,54779.6,54779.6,30
1780985615000,54786.0,54786.0,54786.0,54786.0,30
1780985620000,54796.0,54799.0,54796.0,54799.0,90
1780985625000,54800.0,54800.0,54800.0,54800.0,90
1780985630000,54813.0,54813.0,54786.8,54786.8,150
1780985635000,54817.0,54817.0,54817.0,54817.0,30
1780985640000,54792.4,54792.4,54792.4,54792.4,30
1780985665000,54800.2,54800.2,54800.2,54800.2,120
1780985680000,54815.0,54817.0,54815.0,54817.0,60
1780985685000,54815.0,54815.0,54815.0,54815.0,30
1780985695000,54816.6,54816.6,54816.6,54816.6,150
1780985700000,54815.0,54815.0,54812.0,54812.0,210
1780985705000,54803.8,54803.8,54803.8,54803.8,30
1780985725000,54801.0,54801.0,54801.0,54801.0,30
1780985735000,54801.0,54812.0,54801.0,54812.0,60
1780985740000,54812.6,54815.0,54812.6,54815.0,60
1780985750000,54817.0,54817.0,54815.0,54817.0,360
1780985755000,54818.0,54818.0,54818.0,54818.0,30
1780985760000,54812.0,54812.0,54812.0,54812.0,30
1780985765000,54820.0,54820.0,54820.0,54820.0,120
1780985770000,54830.0,54838.0,54830.0,54838.0,480
1780985775000,54840.0,54840.0,54840.0,54840.0,120
1780985780000,54836.6,54851.0,54826.6,54851.0,1080
1780985785000,54875.0,54877.2,54875.0,54877.2,1620
1780985790000,54880.0,54880.0,54880.0,54880.0,90
1780985795000,54879.2,54879.2,54855.6,54855.6,150
1780985800000,54879.0,54879.0,54879.0,54879.0,90
1780985805000,54873.0,54879.8,54873.0,54879.8,210
1780985810000,54880.0,54880.0,54880.0,54880.0,60
1780985815000,54880.0,54880.0,54880.0,54880.0,150
1780985820000,54880.0,54883.4,54880.0,54883.4,180
1780985825000,54885.0,54888.0,54885.0,54888.0,180
1780985830000,54889.0,54889.0,54880.2,54889.0,180
1780985835000,54880.2,54880.2,54880.2,54880.2,30
1780985840000,54880.0,54880.0,54880.0,54880.0,30
1780985845000,54880.2,54880.2,54880.0,54880.0,420
1780985850000,54880.0,54880.0,54869.4,54869.4,480
1780985855000,54890.0,54900.0,54890.0,54900.0,1680
1780985860000,54900.0,54900.0,54900.0,54900.0,60
1780985865000,54900.0,54900.0,54890.0,54900.0,240
1780985870000,54900.0,54900.0,54900.0,54900.0,180
1780985875000,54900.0,54900.0,54879.4,54879.4,510
1780985880000,54900.0,54910.0,54900.0,54910.0,1530
1780985885000,54905.8,54919.0,54905.8,54919.0,270
1780985890000,54911.0,54911.0,54907.8,54907.8,1260
1780985895000,54904.6,54918.4,54904.6,54918.4,240
1780985900000,54918.4,54918.4,54918.4,54918.4,210
1780985905000,54925.0,54925.0,54925.0,54925.0,360
1780985910000,54918.0,54924.6,54918.0,54924.6,210
1780985915000,54920.0,54920.0,54918.4,54918.4,300
1780985920000,54920.0,54920.0,54920.0,54920.0,60
1780985925000,54920.0,54920.0,54920.0,54920.0,210
1780985930000,54925.0,54925.0,54920.0,54920.0,450
1780985935000,54925.0,54925.0,54920.0,54920.0,150
1780985940000,54923.0,54923.0,54921.8,54921.8,120
1780985945000,54923.8,54923.8,54923.8,54923.8,60
1780985950000,54909.2,54909.2,54900.0,54900.0,180
1780985955000,54902.0,54902.0,54877.0,54901.8,270
1780985960000,54902.0,54902.0,54902.0,54902.0,360
1780985965000,54900.0,54900.0,54900.0,54900.0,60
1780985970000,54903.2,54903.2,54903.2,54903.2,60
1780985975000,54871.8,54871.8,54871.8,54871.8,60
1780985985000,54895.6,54895.6,54895.6,54895.6,60
1780985995000,54885.0,54885.0,54885.0,54885.0,30
1780986000000,54890.0,54906.0,54890.0,54906.0,210
1780986015000,54910.0,54910.0,54910.0,54910.0,60
1780986020000,54907.0,54910.0,54901.2,54901.2,150
1780986030000,54874.4,54874.4,54874.4,54874.4,60
1780986035000,54900.0,54901.6,54900.0,54901.6,150
1780986040000,54890.0,54890.0,54890.0,54890.0,30
1780986045000,54900.0,54900.0,54900.0,54900.0,60
1780986055000,54903.8,54903.8,54903.8,54903.8,30
1780986060000,54903.8,54903.8,54902.0,54902.0,60
1780986065000,54905.0,54910.0,54903.8,54903.8,120
1780986070000,54919.8,54919.8,54919.8,54919.8,30
1780986075000,54920.0,54921.8,54920.0,54921.8,540
1780986080000,54923.8,54923.8,54923.8,54923.8,60
1780986085000,54923.8,54941.0,54923.8,54941.0,1770
1780986090000,54943.0,54944.0,54930.0,54944.0,600
1780986095000,54935.0,54935.0,54935.0,54935.0,30
1780986100000,54930.2,54930.2,54930.2,54930.2,30
1780986105000,54945.0,54945.0,54945.0,54945.0,180
1780986110000,54945.0,54945.0,54935.0,54935.0,180
1780986115000,54935.0,54935.0,54935.0,54935.0,30
1780986120000,54945.0,54945.0,54930.2,54945.0,300
1780986125000,54914.2,54914.2,54914.2,54914.2,240
1780986130000,54945.0,54945.0,54915.8,54915.8,60
1780986135000,54927.8,54927.8,54927.8,54927.8,30
1780986140000,54927.0,54927.0,54927.0,54927.0,30
1780986145000,54938.0,54943.6,54938.0,54943.6,90
1780986150000,54938.0,54938.0,54914.2,54914.2,420
1780986155000,54904.8,54904.8,54904.8,54904.8,30
1780986160000,54902.0,54915.6,54902.0,54915.6,210
1780986165000,54915.8,54915.8,54915.8,54915.8,30
1780986170000,54910.0,54915.8,54905.0,54915.8,90
1780986175000,54904.8,54904.8,54904.8,54904.8,30
1780986180000,54915.8,54915.8,54915.8,54915.8,30
1780986185000,54910.0,54910.0,54902.0,54908.4,240
1780986195000,54901.0,54901.0,54901.0,54901.0,60
1780986200000,54907.6,54907.6,54907.6,54907.6,60
1780986205000,54900.0,54900.0,54900.0,54900.0,150
1780986210000,54896.8,54896.8,54896.8,54896.8,30
1780986215000,54896.8,54896.8,54896.8,54896.8,30
1780986220000,54890.2,54900.0,54890.2,54900.0,90
1780986230000,54891.0,54891.0,54891.0,54891.0,30
1780986235000,54900.0,54900.0,54900.0,54900.0,60
1780986240000,54897.2,54897.2,54897.2,54897.2,210
1780986245000,54887.8,54908.4,54887.8,54908.4,630
1780986250000,54890.8,54911.0,54890.8,54911.0,90
1780986260000,54911.0,54911.0,54909.6,54909.6,150
1780986265000,54900.2,54900.2,54900.2,54900.2,30
1780986270000,54910.0,54910.0,54910.0,54910.0,60
1780986285000,54910.0,54910.0,54910.0,54910.0,30
1780986300000,54915.0,54920.0,54910.0,54920.0,390
1780986305000,54914.6,54914.6,54914.6,54914.6,90
1780986310000,54920.0,54930.8,54920.0,54930.8,420
1780986320000,54930.8,54930.8,54925.2,54925.2,240
1780986325000,54925.2,54930.8,54925.2,54930.8,90
1780986330000,54930.8,54930.8,54930.8,54930.8,90
1780986335000,54936.0,54936.0,54929.0,54929.0,300
1780986340000,54925.6,54925.6,54920.2,54920.2,120
1780986345000,54928.0,54928.0,54928.0,54928.0,30
1780986355000,54926.8,54926.8,54926.8,54926.8,30
1780986360000,54921.0,54930.0,54921.0,54930.0,330
1780986370000,54929.6,54929.6,54929.6,54929.6,30
1780986375000,54920.0,54920.0,54920.0,54920.0,30
1780986380000,54920.0,54930.0,54910.2,54930.0,90
1780986385000,54937.4,54937.4,54937.4,54937.4,60
1780986390000,54933.2,54933.2,54933.2,54933.2,90
1780986395000,54912.2,54912.2,54912.0,54912.0,120
1780986400000,54933.0,54933.0,54910.2,54910.2,90
1780986405000,54933.0,54933.0,54910.2,54910.2,360
1780986415000,54910.2,54919.8,54910.2,54919.8,150
1780986420000,54920.0,54920.0,54920.0,54920.0,30
1780986435000,54910.0,54910.0,54903.0,54903.0,90
1780986440000,54901.0,54901.0,54901.0,54901.0,60
1780986445000,54919.8,54919.8,54919.8,54919.8,60
1780986450000,54906.6,54906.6,54905.6,54905.6,60
1780986455000,54920.0,54920.0,54920.0,54920.0,300
1780986465000,54905.8,54905.8,54901.2,54901.2,60
1780986470000,54901.0,54929.0,54901.0,54929.0,60
1780986475000,54935.0,54935.0,54935.0,54935.0,60
1780986480000,54934.6,54934.6,54934.6,54934.6,60
1780986485000,54913.6,54913.6,54913.6,54913.6,60
1780986490000,54930.0,54930.0,54930.0,54930.0,90
1780986495000,54934.6,54935.6,54934.6,54935.6,90
1780986500000,54934.6,54937.0,54909.8,54909.8,180
1780986505000,54937.4,54937.4,54937.4,54937.4,30
1780986510000,54937.4,54937.4,54937.0,54937.0,60
1780986525000,54930.0,54936.0,54926.2,54926.2,120
1780986530000,54937.0,54937.0,54918.8,54918.8,180
1780986535000,54937.0,54937.0,54937.0,54937.0,30
1780986540000,54910.2,54910.2,54910.2,54910.2,30
1780986545000,54936.0,54937.0,54936.0,54936.0,270
1780986550000,54911.4,54934.0,54911.4,54934.0,180
1780986555000,54927.6,54929.2,54927.6,54929.2,120
1780986560000,54934.0,54934.0,54934.0,54934.0,120
1780986575000,54935.0,54935.0,54935.0,54935.0,330
1780986580000,54938.0,54944.0,54938.0,54944.0,390
1780986585000,54944.0,54944.0,54944.0,54944.0,30
1780986590000,54943.6,54945.0,54943.6,54945.0,150
1780986595000,54922.4,54942.6,54922.4,54938.4,90
1780986600000,54937.0,54940.0,54937.0,54938.0,180
1780986605000,54945.0,54945.0,54945.0,54945.0,150
1780986610000,54944.8,54945.0,54942.2,54945.0,330
1780986615000,54945.0,54945.0,54940.0,54940.0,210
1780986620000,54944.0,54944.0,54940.0,54940.0,120
1780986625000,54935.0,54935.0,54920.2,54920.2,90
1780986630000,54920.2,54940.0,54920.2,54940.0,120
1780986635000,54928.8,54944.8,54928.8,54944.8,150
1780986640000,54940.0,54940.0,54930.4,54930.4,210
1780986645000,54946.0,54946.0,54946.0,54946.0,270
1780986650000,54946.0,54948.2,54946.0,54948.2,120
1780986655000,54948.8,54948.8,54948.8,54948.8,30
1780986660000,54947.0,54947.0,54947.0,54947.0,210
1780986665000,54949.0,54949.0,54949.0,54949.0,210
1780986670000,54950.0,54950.0,54948.0,54948.0,2940
1780986675000,54950.0,54951.0,54948.4,54948.4,540
1780986680000,54955.0,54955.0,54951.2,54952.8,630
1780986685000,54956.0,54959.8,54956.0,54956.2,420
1780986690000,54958.2,54960.0,54950.0,54959.0,450
1780986695000,54960.0,54960.0,54959.0,54959.0,300
1780986700000,54947.2,54955.0,54947.2,54955.0,450
1780986705000,54960.0,54961.0,54960.0,54961.0,2790
1780986710000,54965.0,54967.0,54961.0,54961.0,510
1780986715000,54947.0,54959.0,54947.0,54950.0,240
1780986720000,54960.0,54965.0,54960.0,54965.0,240
1780986725000,54965.0,54965.0,54965.0,54965.0,60
1780986735000,54988.0,54990.0,54971.6,54971.6,6270
1780986740000,54981.4,54990.0,54981.4,54990.0,360
1780986745000,54990.0,54990.0,54968.4,54968.4,420
1780986750000,54991.0,54995.0,54990.0,54995.0,1140
1780986755000,54993.0,54996.0,54993.0,54995.0,360
1780986760000,54997.0,54997.0,54970.2,54975.6,450
1780986765000,54975.6,54975.6,54975.6,54975.6,60
1780986770000,54975.6,54998.0,54965.0,54975.6,510
1780986775000,54976.4,55001.0,54976.4,55001.0,6840
1780986780000,55001.0,55037.0,55001.0,55005.4,2550
1780986785000,55040.0,55040.0,55040.0,55040.0,240
1780986790000,55030.0,55040.0,55017.8,55040.0,210
1780986795000,55010.0,55017.8,55010.0,55017.8,600
1780986800000,55020.0,55020.0,55020.0,55020.0,30
1780986805000,55017.8,55039.0,55005.0,55039.0,840
1780986810000,55030.0,55030.0,55025.0,55030.0,120
1780986815000,55002.2,55025.0,54992.6,54992.6,420
1780986820000,55023.6,55023.6,55002.0,55007.2,570
1780986825000,55010.0,55010.0,55000.0,55000.0,60
1780986830000,54985.2,55015.6,54985.2,54985.2,750
1780986835000,54985.2,55012.0,54985.2,55012.0,210
1780986840000,55014.0,55014.0,55002.4,55002.4,240
1780986845000,55015.0,55015.0,54993.2,54993.2,360
1780986850000,55000.0,55000.0,55000.0,55000.0,60
1780986855000,55000.0,55013.8,54967.6,54967.6,540
1780986860000,54999.8,54999.8,54999.8,54999.8,90
1780986865000,54985.2,54985.2,54985.2,54985.2,30
1780986870000,54985.0,54985.0,54950.0,54958.2,900
1780986875000,54957.4,54957.4,54957.4,54957.4,30
1780986880000,54958.2,54985.0,54958.2,54985.0,120
1780986885000,54979.8,54980.0,54979.8,54980.0,360
1780986895000,54979.8,54980.0,54979.8,54980.0,90
1780986900000,54985.0,54997.2,54985.0,54997.2,210
1780986905000,54997.4,54997.4,54997.4,54997.4,30
1780986915000,54990.0,54990.0,54990.0,54990.0,30
1780986920000,54990.0,54990.0,54990.0,54990.0,30
1780986925000,54981.2,54981.2,54981.2,54981.2,60
1780986930000,54990.0,54990.0,54979.2,54979.2,120
1780986950000,54979.0,54979.0,54979.0,54979.0,60
1780986955000,54964.4,54964.4,54954.4,54956.6,210
1780986960000,54960.6,54988.8,54960.6,54988.8,90
1780986965000,54989.8,54989.8,54989.8,54989.8,30
1780986970000,54995.0,54995.0,54981.0,54981.0,240
1780986975000,54990.0,54990.0,54990.0,54990.0,60
1780986980000,54990.0,54990.0,54965.2,54965.2,510
1780986990000,54990.0,54990.0,54990.0,54990.0,30
1780987000000,54973.6,54973.6,54973.6,54973.6,60
1780987005000,54973.2,54987.8,54973.2,54987.8,150
1780987010000,54961.0,54961.0,54961.0,54961.0,30
1780987015000,54961.0,54961.0,54961.0,54961.0,60
1780987020000,54961.0,54961.0,54961.0,54961.0,30
1780987025000,54961.0,54961.0,54961.0,54961.0,30
1780987035000,54970.0,54970.0,54970.0,54970.0,30
1780987040000,54980.0,54988.0,54980.0,54988.0,150
1780987045000,54990.0,54990.0,54990.0,54990.0,150
1780987050000,54988.0,54990.0,54988.0,54990.0,60
1780987055000,54990.0,54990.0,54989.2,54989.2,60
1780987060000,54972.4,54990.0,54972.4,54990.0,420
1780987065000,54990.0,54990.0,54980.0,54990.0,210
1780987070000,54990.0,54990.0,54990.0,54990.0,60
1780987075000,54977.2,54977.2,54977.2,54977.2,120
1780987085000,54972.6,54972.6,54972.6,54972.6,30
1780987090000,54972.8,54972.8,54972.8,54972.8,120
1780987095000,54972.6,54972.6,54972.6,54972.6,30
1780987100000,54985.4,54985.6,54970.2,54970.2,210
1780987105000,54988.8,54988.8,54988.8,54988.8,30
1780987115000,54970.0,54970.0,54970.0,54970.0,60
1780987120000,54965.0,54965.0,54965.0,54965.0,30
1780987130000,54977.2,54977.2,54977.2,54977.2,30
1780987140000,54966.2,54966.2,54965.2,54965.2,90
1780987145000,54965.2,54965.2,54965.2,54965.2,60
1780987155000,54965.2,54965.2,54965.2,54965.2,60
1780987160000,54965.0,54965.0,54965.0,54965.0,90
1780987165000,54965.0,54965.0,54962.2,54962.2,90
1780987170000,54968.6,54968.6,54966.8,54966.8,450
1780987175000,54960.0,54960.0,54960.0,54960.0,210
1780987180000,54960.0,54970.0,54960.0,54970.0,120
1780987185000,54968.6,54968.8,54968.6,54968.8,120
1780987190000,54965.0,54965.0,54965.0,54965.0,150
1780987195000,54965.0,54965.0,54956.6,54956.6,600
1780987200000,54960.0,54961.4,54960.0,54961.4,330
1780987205000,54952.0,54965.0,54952.0,54965.0,150
1780987210000,54966.0,54971.0,54963.0,54963.0,150
1780987215000,54963.8,54963.8,54963.8,54963.8,60
1780987220000,54963.8,54979.0,54963.8,54970.0,120
1780987225000,54979.0,54979.0,54979.0,54979.0,60
1780987230000,54979.0,54979.0,54979.0,54979.0,60
1780987235000,54979.0,54979.0,54979.0,54979.0,30
1780987245000,54967.4,54988.8,54967.4,54988.8,240
1780987255000,54990.0,54991.0,54990.0,54991.0,1170
1780987260000,54986.6,54991.0,54986.6,54991.0,240
1780987265000,54990.0,54991.0,54990.0,54991.0,60
1780987270000,54990.0,54990.0,54990.0,54990.0,30
1780987275000,54995.0,54995.0,54995.0,54995.0,210
1780987280000,54997.4,54997.4,54991.0,54991.0,270
1780987285000,55000.0,55011.2,55000.0,55011.2,870
1780987290000,55010.2,55010.2,55010.0,55010.0,120
1780987295000,55009.8,55009.8,55009.8,55009.8,30
1780987300000,54996.6,54996.8,54996.0,54996.0,300
1780987305000,54995.0,54999.8,54995.0,54995.0,120
1780987310000,54999.8,54999.8,54993.0,54993.0,660
1780987315000,54991.0,54994.0,54991.0,54994.0,180
1780987325000,54990.0,54990.0,54990.0,54990.0,120
1780987330000,54981.6,54981.6,54981.6,54981.6,30
1780987340000,54981.6,54981.6,54981.6,54981.6,30
1780987345000,54981.6,54981.6,54981.6,54981.6,30
1780987355000,54990.0,54999.6,54990.0,54999.6,90
1780987360000,54992.8,54999.0,54988.0,54999.0,120
1780987365000,54999.8,54999.8,54999.8,54999.8,60
1780987370000,54998.6,55000.0,54998.6,55000.0,120
1780987385000,54999.0,54999.0,54999.0,54999.0,30
1780987390000,55009.8,55010.0,54978.4,55010.0,360
1780987395000,55010.0,55010.0,55010.0,55010.0,30
1780987400000,54999.8,54999.8,54999.8,54999.8,30
1780987405000,55000.4,55009.0,55000.4,55009.0,60
1780987410000,55000.4,55000.4,55000.4,55000.4,60
1780987420000,55000.8,55010.0,55000.8,55010.0,240
1780987425000,55010.0,55010.0,55010.0,55010.0,90
1780987430000,55012.0,55012.2,55010.4,55012.0,150
1780987435000,55015.0,55020.0,55015.0,55016.2,210
1780987440000,55019.8,55022.0,55016.4,55022.0,270
1780987450000,55022.0,55022.0,55021.8,55021.8,120
1780987455000,55017.6,55022.0,55017.6,55022.0,90
1780987460000,55025.0,55026.8,55025.0,55026.8,210
1780987465000,55022.4,55022.4,55022.4,55022.4,60
1780987470000,55022.0,55022.0,55022.0,55022.0,90
1780987475000,55022.0,55022.0,55011.8,55011.8,180
1780987480000,55022.0,55023.6,55022.0,55023.6,210
1780987485000,55024.4,55024.4,55020.0,55020.0,120
1780987490000,55020.0,55020.0,55010.0,55010.0,570
1780987495000,55009.2,55014.2,55003.8,55014.2,120
1780987500000,55016.0,55016.0,55000.8,55000.8,300
1780987505000,55014.0,55017.2,55000.8,55017.2,1920
1780987510000,55000.0,55000.0,55000.0,55000.0,1560
1780987515000,55000.0,55014.2,55000.0,55014.2,420
1780987520000,55001.6,55001.6,55001.6,55001.6,60
1780987525000,55003.2,55003.2,55003.2,55003.2,390
1780987530000,55022.6,55022.6,55009.0,55009.0,210
1780987535000,55014.2,55014.2,55003.2,55003.2,60
1780987540000,55022.4,55022.4,55021.0,55021.0,210
1780987545000,55018.0,55018.0,55018.0,55018.0,30
1780987550000,55018.8,55019.8,55018.8,55019.8,420
1780987555000,55018.8,55019.8,55018.8,55019.8,60
1780987560000,55019.8,55019.8,55019.8,55019.8,300
1780987565000,55019.8,55019.8,55019.8,55019.8,210
1780987570000,55021.0,55021.6,55019.8,55021.6,570
1780987575000,55021.8,55025.6,55021.8,55025.6,120
1780987580000,55025.8,55027.0,55025.8,55027.0,150
1780987585000,55027.2,55033.0,55027.2,55033.0,270
1780987590000,55034.0,55035.0,55034.0,55035.0,600
1780987595000,55038.4,55039.8,55036.0,55039.8,810
1780987600000,55039.8,55040.0,55038.4,55038.4,1050
1780987605000,55037.6,55037.6,55036.0,55036.0,960
1780987610000,55030.8,55030.8,55030.8,55030.8,240
1780987615000,55036.0,55038.2,55030.8,55038.2,660
1780987620000,55037.2,55037.2,55036.8,55037.0,360
1780987625000,55037.6,55039.8,55037.6,55039.6,450
1780987630000,55040.0,55043.0,55039.8,55043.0,960
1780987635000,55042.8,55043.0,55040.0,55043.0,630
1780987640000,55044.0,55046.0,55044.0,55046.0,360
1780987645000,55045.0,55045.0,55044.6,55044.6,360
1780987650000,55045.0,55045.0,55040.2,55040.2,570
1780987655000,55045.4,55045.4,55045.4,55045.4,330
1780987660000,55046.0,55046.0,55045.0,55045.0,360
1780987665000,55046.0,55050.0,55040.4,55050.0,930
1780987670000,55050.0,55050.0,55050.0,55050.0,540
1780987675000,55050.0,55050.0,55050.0,55050.0,570
1780987680000,55050.0,55051.8,55050.0,55050.0,630
1780987685000,55050.0,55054.8,55050.0,55054.8,540
1780987690000,55051.0,55054.2,55051.0,55053.0,360
1780987695000,55049.4,55050.0,55049.4,55050.0,390
1780987700000,55050.6,55055.0,55050.0,55055.0,390
1780987705000,55050.0,55055.0,55050.0,55055.0,330
1780987710000,55050.6,55054.4,55050.0,55051.8,510
1780987715000,55052.0,55054.0,55050.0,55054.0,420
1780987720000,55054.2,55054.8,55054.2,55054.8,390
1780987725000,55031.2,55055.0,55031.2,55038.8,930
1780987730000,55058.0,55060.0,55056.4,55060.0,1290
1780987735000,55060.0,55060.2,55060.0,55060.2,330
1780987740000,55060.0,55060.0,55035.0,55035.0,450
1780987745000,55047.0,55049.8,55031.2,55049.8,360
1780987750000,55049.8,55049.8,55049.8,55049.8,60
1780987755000,55055.0,55055.0,55050.0,55050.0,690
1780987760000,55053.8,55054.8,55039.0,55054.8,540
1780987765000,55040.0,55054.6,55040.0,55054.6,780
1780987770000,55053.2,55055.2,55036.0,55055.2,720
1780987775000,55054.4,55058.4,55036.0,55058.4,660
1780987780000,55060.0,55060.0,55035.2,55059.2,960
1780987785000,55060.0,55060.0,55050.0,55060.0,660
1780987790000,55050.0,55060.0,55033.2,55041.4,660
1780987795000,55061.4,55062.0,55061.4,55061.8,1080
1780987800000,55064.0,55064.4,55035.6,55064.4,870
1780987805000,55035.6,55066.2,55035.6,55059.4,690
1780987810000,55036.0,55060.6,55036.0,55059.4,570
1780987815000,55060.4,55060.4,55052.6,55052.6,270
1780987820000,55054.0,55054.6,55038.4,55053.8,630
1780987825000,55040.0,55055.0,55040.0,55055.0,600
1780987830000,55035.4,55049.6,55035.4,55049.6,420
1780987835000,55030.0,55048.0,55030.0,55045.0,450
1780987840000,55046.0,55048.4,55040.0,55040.0,1290
1780987845000,55048.4,55048.4,55047.8,55047.8,480
1780987850000,55047.0,55047.0,55040.0,55040.0,390
1780987855000,55046.6,55048.4,55046.6,55048.0,540
1780987860000,55047.6,55049.6,55045.0,55045.0,180
1780987865000,55050.0,55055.6,55050.0,55055.0,810
1780987870000,55055.6,55059.0,55050.0,55050.0,450
1780987875000,55055.0,55055.0,55055.0,55055.0,360
1780987880000,55055.0,55055.6,55050.0,55050.0,1110
1780987885000,55060.4,55061.6,55016.6,55016.6,1230
1780987890000,55060.0,55060.0,55060.0,55060.0,90
1780987895000,55060.8,55060.8,55027.8,55029.0,510
1780987900000,55059.8,55061.4,55059.8,55061.4,120
1780987905000,55030.6,55063.0,55030.6,55063.0,300
1780987910000,55060.0,55060.0,55060.0,55060.0,120
1780987915000,55060.0,55063.0,55060.0,55063.0,90
1780987920000,55050.4,55060.0,55050.4,55060.0,90
1780987925000,55064.0,55064.0,55055.2,55055.2,450
1780987930000,55060.0,55065.0,55060.0,55065.0,180
1780987935000,55065.0,55066.0,55065.0,55066.0,180
1780987940000,55066.8,55068.8,55065.0,55066.0,1800
1780987945000,55070.0,55070.0,55067.8,55070.0,390
1780987950000,55070.0,55072.2,55070.0,55070.2,360
1780987955000,55073.0,55075.0,55070.0,55075.0,870
1780987960000,55075.0,55076.0,55071.0,55076.0,570
1780987965000,55075.0,55079.0,55075.0,55079.0,450
1780987970000,55078.8,55080.0,55078.0,55080.0,330
1780987975000,55080.0,55080.0,55080.0,55080.0,420
1780987980000,55078.2,55078.8,55075.8,55075.8,420
1780987985000,55060.2,55080.2,55060.2,55080.0,390
1780987990000,55060.4,55075.8,55060.4,55075.8,360
1780987995000,55080.4,55083.0,55080.4,55083.0,360
1780988000000,55080.0,55083.8,55080.0,55083.8,90
1780988005000,55081.0,55081.8,55074.8,55074.8,150
1780988010000,55068.6,55068.6,55067.0,55067.0,180
1780988015000,55064.2,55064.2,55063.0,55063.0,120
1780988020000,55060.0,55064.2,55060.0,55062.6,210
1780988025000,55060.0,55061.0,55055.2,55055.2,210
1780988030000,55050.0,55050.0,55045.0,55049.0,600
1780988035000,55027.8,55048.4,55027.8,55048.4,90
1780988040000,55050.0,55050.0,55048.4,55048.4,120
1780988045000,55026.6,55049.8,55026.4,55049.8,180
1780988050000,55049.8,55049.8,55045.8,55045.8,120
1780988055000,55047.6,55047.6,55033.8,55033.8,210
1780988060000,55045.4,55049.8,55025.6,55025.6,150
1780988065000,55046.2,55046.2,55025.0,55045.0,90
1780988070000,55025.2,55038.8,55021.0,55030.2,210
1780988075000,55025.0,55025.0,55025.0,55025.0,30
1780988080000,55025.0,55025.0,55025.0,55025.0,120
1780988085000,55021.0,55025.0,55017.2,55017.2,240
1780988090000,55030.0,55030.0,55017.8,55017.8,60
1780988095000,55017.8,55017.8,55017.8,55017.8,90
1780988100000,55030.0,55035.0,55017.0,55017.0,90
1780988105000,55035.0,55035.0,55030.0,55030.0,90
1780988110000,55030.0,55035.4,55030.0,55035.4,90
1780988115000,55035.4,55035.4,55035.0,55035.0,60
1780988120000,55046.4,55047.2,55046.4,55047.2,60
1780988125000,55045.8,55046.0,55045.8,55046.0,150
1780988130000,55048.0,55048.0,55048.0,55048.0,150
1780988135000,55048.2,55049.2,55048.2,55049.2,60
1780988140000,55033.0,55045.8,55033.0,55045.8,120
1780988145000,55032.6,55040.6,55032.6,55040.6,330
1780988150000,55025.4,55025.4,55025.4,55025.4,330
1780988155000,55025.2,55040.6,55025.0,55025.0,600
1780988160000,55048.0,55048.0,55043.6,55043.6,60
1780988165000,55018.6,55018.8,55018.6,55018.8,60
1780988170000,55043.6,55043.6,55043.6,55043.6,60
1780988175000,55048.2,55048.2,55015.0,55040.0,600
1780988180000,55046.2,55049.4,55046.2,55049.4,60
1780988185000,55046.0,55046.0,55018.4,55018.4,90
1780988190000,55010.2,55047.4,55010.2,55047.4,180
1780988195000,55046.2,55046.2,55045.6,55045.6,150
1780988200000,55045.6,55045.6,55043.0,55043.0,60
1780988205000,55027.2,55027.2,55027.2,55027.2,30
1780988210000,55045.0,55045.0,55045.0,55045.0,90
1780988215000,55032.2,55042.4,55032.2,55042.4,90
1780988220000,55040.0,55042.8,55040.0,55042.8,60
1780988225000,55043.8,55043.8,55030.8,55030.8,60
1780988230000,55045.0,55045.0,55031.0,55031.0,90
1780988235000,55045.0,55045.0,55045.0,55045.0,150
1780988240000,55045.6,55045.6,55045.6,55045.6,210
1780988245000,55044.0,55050.0,55044.0,55050.0,90
1780988250000,55050.0,55050.0,55050.0,55050.0,60
1780988255000,55038.4,55038.4,55038.4,55038.4,30
1780988260000,55050.0,55050.0,55050.0,55050.0,90
1780988270000,55050.0,55050.0,55050.0,55050.0,30
1780988275000,55050.0,55050.0,55050.0,55050.0,60
1780988280000,55050.0,55050.0,55050.0,55050.0,390
1780988285000,55054.0,55055.0,55054.0,55055.0,60
1780988290000,55060.0,55060.0,55050.0,55053.2,600
1780988300000,55055.0,55055.0,55034.8,55053.2,90
1780988305000,55056.0,55056.6,55032.2,55032.2,120
1780988310000,55050.0,55050.0,55050.0,55050.0,30
1780988315000,55056.0,55056.0,55054.0,55054.0,60
1780988320000,55050.0,55050.0,55039.2,55039.2,90
1780988325000,55050.0,55050.0,55050.0,55050.0,90
1780988330000,55045.4,55045.4,55045.4,55045.4,90
1780988335000,55042.2,55042.4,55042.2,55042.4,180
1780988340000,55036.4,55055.0,55036.4,55055.0,90
1780988345000,55046.4,55046.4,55046.4,55046.4,150
1780988350000,55055.0,55059.8,55055.0,55059.8,690
1780988355000,55060.0,55060.0,55060.0,55060.0,60
1780988360000,55060.0,55060.0,55060.0,55060.0,90
1780988365000,55060.0,55063.8,55058.8,55058.8,690
1780988370000,55056.8,55060.0,55038.0,55038.0,120
1780988375000,55060.6,55060.6,55060.6,55060.6,30
1780988380000,55060.6,55060.6,55060.6,55060.6,90
1780988385000,55064.2,55064.2,55060.0,55060.0,60
1780988390000,55065.0,55066.0,55065.0,55066.0,60
1780988395000,55065.0,55069.0,55065.0,55069.0,60
1780988400000,55069.0,55069.0,55052.8,55052.8,330
1780988410000,55048.8,55050.0,55048.8,55050.0,90
1780988415000,55048.8,55069.0,55048.8,55069.0,90
1780988420000,55044.2,55044.2,55044.2,55044.2,450
1780988425000,55069.0,55069.0,55069.0,55069.0,60
1780988430000,55063.2,55070.0,55063.2,55070.0,270
1780988435000,55044.0,55070.0,55044.0,55070.0,480
1780988440000,55070.0,55070.0,55070.0,55070.0,90
1780988445000,55046.2,55072.0,55046.2,55072.0,750
1780988450000,55074.8,55074.8,55044.8,55071.6,450
1780988455000,55069.0,55069.2,55069.0,55069.2,60
1780988460000,55071.6,55075.0,55069.2,55069.2,300
1780988465000,55074.8,55074.8,55046.0,55073.4,150
1780988470000,55069.2,55074.8,55060.0,55060.0,90
1780988475000,55065.2,55070.0,55065.2,55070.0,570
1780988480000,55070.0,55075.0,55070.0,55075.0,120
1780988485000,55044.2,55080.0,55044.2,55080.0,1470
1780988490000,55080.0,55080.0,55080.0,55080.0,1920
1780988495000,55084.0,55084.0,55070.2,55070.2,630
1780988500000,55080.0,55080.0,55080.0,55080.0,630
1780988505000,55080.0,55080.0,55080.0,55080.0,630
1780988510000,55080.0,55080.0,55080.0,55080.0,2460
1780988515000,55080.0,55089.0,55080.0,55085.0,600
1780988520000,55089.0,55089.0,55085.0,55085.0,540
1780988525000,55085.0,55085.0,55050.6,55050.6,630
1780988530000,55049.4,55085.8,55049.4,55085.8,180
1780988535000,55084.8,55090.0,55080.0,55080.2,1290
1780988540000,55093.0,55095.0,55082.4,55095.0,1170
1780988545000,55095.0,55097.0,55095.0,55095.0,180
1780988550000,55100.0,55100.0,55095.0,55097.0,3660
1780988555000,55097.0,55106.6,55097.0,55097.2,1650
1780988560000,55097.0,55104.0,55095.2,55104.0,1080
1780988565000,55101.0,55101.0,55095.0,55097.4,480
1780988570000,55094.6,55099.4,55060.8,55060.8,1170
1780988580000,55094.8,55094.8,55094.8,55094.8,30
1780988585000,55097.4,55097.4,55060.8,55093.2,540
1780988590000,55097.4,55097.4,55062.6,55062.6,960
1780988595000,55070.0,55070.0,55070.0,55070.0,450
1780988600000,55097.8,55099.8,55097.8,55099.8,210
1780988605000,55101.0,55103.6,55101.0,55103.6,450
1780988610000,55101.0,55105.4,55071.0,55071.0,720
1780988615000,55104.6,55107.6,55092.8,55092.8,270
1780988620000,55107.6,55117.8,55107.6,55107.8,1470
1780988625000,55119.8,55123.0,55118.4,55120.0,1740
1780988630000,55125.0,55133.0,55121.6,55128.4,1410
1780988635000,55131.0,55137.0,55130.0,55130.0,780
1780988640000,55130.0,55137.0,55130.0,55137.0,390
1780988645000,55139.4,55144.0,55139.4,55140.2,1950
1780988650000,55145.2,55145.2,55140.0,55140.0,1020
1780988655000,55142.8,55146.0,55142.8,55145.6,840
1780988660000,55142.8,55145.0,55136.6,55136.6,1050
1780988665000,55142.6,55142.6,55130.2,55135.4,1560
1780988670000,55137.2,55140.0,55135.4,55137.0,1890
1780988680000,55130.0,55130.0,55105.0,55105.0,540
1780988685000,55120.6,55120.6,55120.6,55120.6,240
1780988690000,55108.0,55130.2,55108.0,55130.2,4140
1780988695000,55108.0,55111.0,55108.0,55111.0,60
1780988700000,55108.0,55125.0,55108.0,55125.0,510
1780988705000,55125.0,55125.0,55110.0,55110.0,120
1780988710000,55123.8,55125.0,55123.8,55125.0,60
1780988715000,55125.0,55130.0,55125.0,55130.0,120
1780988720000,55136.8,55144.0,55136.8,55144.0,540
1780988725000,55142.4,55142.4,55142.4,55142.4,90
1780988730000,55144.0,55144.0,55141.4,55144.0,840
1780988735000,55144.0,55145.0,55136.8,55136.8,1770
1780988740000,55136.4,55141.8,55135.2,55135.2,4350
1780988745000,55130.2,55130.2,55130.2,55130.2,30
1780988750000,55129.0,55130.2,55111.4,55130.2,240
1780988755000,55134.8,55141.0,55134.4,55141.0,1380
1780988760000,55140.0,55140.0,55122.2,55122.2,120
1780988765000,55142.6,55144.2,55142.6,55144.2,900
1780988770000,55130.6,55142.0,55130.6,55142.0,3120
1780988775000,55143.0,55143.0,55143.0,55143.0,30
1780988780000,55150.0,55150.0,55143.0,55143.0,3510
1780988785000,55144.6,55144.6,55124.4,55124.4,3390
1780988790000,55124.4,55139.8,55124.4,55139.8,90
1780988795000,55140.0,55140.0,55140.0,55140.0,240
1780988800000,55142.8,55142.8,55140.0,55140.0,60
1780988805000,55140.0,55142.6,55140.0,55140.0,210
1780988810000,55127.0,55127.0,55122.2,55122.2,210
1780988815000,55122.6,55122.6,55122.0,55122.0,270
1780988820000,55113.4,55140.0,55113.4,55140.0,1920
1780988825000,55139.4,55139.4,55137.4,55137.4,1380
1780988830000,55122.0,55122.0,55112.4,55112.4,60
1780988835000,55112.6,55135.2,55112.6,55134.8,1500
1780988840000,55135.6,55135.6,55135.6,55135.6,420
1780988845000,55113.4,55113.4,55111.0,55111.0,240
1780988850000,55111.0,55111.0,55111.0,55111.0,120
1780988855000,55117.0,55117.0,55117.0,55117.0,30
1780988860000,55116.2,55116.8,55116.0,55116.8,180
1780988865000,55123.4,55127.2,55111.0,55127.2,120
1780988875000,55113.4,55113.4,55111.0,55111.0,60
1780988880000,55130.2,55130.2,55113.2,55113.2,690
1780988885000,55131.0,55131.0,55130.0,55130.0,210
1780988890000,55138.4,55139.8,55111.0,55139.8,840
1780988895000,55132.2,55132.2,55126.2,55126.2,150
1780988900000,55126.0,55126.0,55110.0,55110.0,120
1780988905000,55122.0,55128.2,55119.4,55128.2,330
1780988910000,55130.0,55130.0,55112.4,55112.4,90
1780988915000,55130.0,55130.0,55127.0,55127.0,300
1780988920000,55127.0,55127.0,55123.0,55127.0,150
1780988930000,55127.0,55131.0,55126.0,55126.0,120
1780988935000,55135.0,55135.0,55120.0,55132.2,930
1780988940000,55110.4,55134.2,55110.4,55110.4,150
1780988945000,55135.8,55135.8,55132.6,55132.6,420
1780988950000,55130.4,55130.4,55128.6,55128.6,90
1780988955000,55128.4,55128.4,55128.4,55128.4,30
1780988960000,55128.6,55130.0,55113.8,55130.0,120
1780988965000,55126.0,55130.4,55126.0,55130.4,60
1780988970000,55130.8,55136.0,55130.8,55136.0,90
1780988975000,55130.0,55137.2,55130.0,55137.2,360
1780988980000,55130.0,55130.0,55111.0,55111.0,180
1780988985000,55138.0,55138.0,55137.2,55138.0,90
1780988990000,55137.0,55137.0,55137.0,55137.0,60
1780988995000,55136.2,55136.2,55136.2,55136.2,30
1780989000000,55135.0,55136.8,55125.2,55125.2,180
1780989005000,55136.2,55136.2,55136.2,55136.2,60
1780989010000,55132.2,55132.2,55125.8,55125.8,60
1780989015000,55131.2,55131.2,55131.2,55131.2,90
1780989020000,55134.8,55134.8,55131.4,55131.4,60
1780989025000,55125.8,55134.8,55125.8,55134.8,90
1780989030000,55134.6,55134.6,55134.6,55134.6,90
1780989035000,55134.0,55134.0,55134.0,55134.0,30
1780989040000,55134.8,55135.2,55111.0,55135.2,180
1780989045000,55136.4,55136.4,55130.0,55130.0,90
1780989050000,55133.4,55133.4,55133.4,55133.4,30
1780989055000,55135.2,55135.8,55135.2,55135.8,60
1780989060000,55133.4,55135.0,55130.2,55135.0,360
1780989065000,55127.2,55130.2,55127.2,55130.2,60
1780989070000,55131.6,55136.0,55131.6,55136.0,120
1780989075000,55136.0,55142.0,55136.0,55142.0,810
1780989080000,55143.0,55143.0,55137.8,55143.0,120
1780989085000,55142.0,55144.0,55139.8,55139.8,180
1780989090000,55149.0,55149.0,55140.6,55140.6,180
1780989095000,55146.0,55146.0,55140.2,55140.2,330
1780989100000,55147.8,55147.8,55140.0,55140.0,120
1780989105000,55138.6,55140.0,55138.6,55140.0,150
1780989110000,55138.6,55140.0,55138.6,55140.0,150
1780989115000,55139.8,55140.2,55139.8,55140.2,240
1780989120000,55137.2,55140.4,55137.2,55140.4,150
1780989125000,55115.6,55140.2,55115.6,55140.2,90
1780989130000,55138.0,55139.0,55121.6,55138.8,120
1780989135000,55119.6,55140.4,55119.6,55140.4,90
1780989140000,55139.0,55140.0,55139.0,55139.4,90
1780989145000,55140.0,55140.2,55140.0,55140.2,270
1780989150000,55140.4,55140.8,55140.4,55140.8,60
1780989155000,55145.0,55145.0,55141.0,55141.2,180
1780989160000,55141.0,55141.2,55125.4,55125.4,1020
1780989165000,55123.8,55127.0,55123.8,55127.0,60
1780989170000,55123.8,55123.8,55120.0,55122.2,180
1780989175000,55110.2,55123.0,55110.2,55110.2,930
1780989180000,55121.4,55129.4,55110.6,55110.6,120
1780989185000,55110.8,55111.0,55110.8,55111.0,120
1780989190000,55126.8,55126.8,55112.0,55112.0,420
1780989195000,55122.4,55122.4,55112.0,55112.0,60
1780989200000,55123.2,55123.2,55112.4,55119.2,990
1780989205000,55099.0,55108.8,55099.0,55108.8,270
1780989210000,55106.6,55108.8,55106.6,55108.8,90
1780989215000,55080.4,55112.8,55080.2,55080.2,420
1780989220000,55107.0,55107.0,55107.0,55107.0,30
1780989225000,55083.0,55104.6,55083.0,55100.0,600
1780989230000,55100.0,55110.0,55085.0,55110.0,270
1780989235000,55112.0,55120.0,55100.0,55120.0,150
1780989240000,55120.0,55120.0,55120.0,55120.0,60
1780989245000,55120.0,55120.0,55120.0,55120.0,150
1780989250000,55124.0,55126.8,55124.0,55126.8,120
1780989255000,55125.0,55125.0,55110.6,55110.6,90
1780989260000,55122.2,55122.2,55100.2,55100.2,90
1780989265000,55100.2,55100.2,55100.2,55100.2,120
1780989270000,55100.0,55100.2,55100.0,55100.2,90
1780989275000,55100.2,55100.2,55100.2,55100.2,30
1780989280000,55100.2,55100.2,55100.2,55100.2,30
1780989285000,55100.2,55100.4,55100.2,55100.4,90
1780989290000,55100.6,55100.6,55100.6,55100.6,30
1780989295000,55100.6,55101.8,55100.6,55101.8,90
1780989300000,55100.0,55100.0,55100.0,55100.0,510
1780989305000,55100.0,55105.0,55100.0,55105.0,240
1780989310000,55100.0,55100.0,55085.2,55085.2,60
1780989315000,55105.0,55112.6,55100.0,55100.8,300
1780989320000,55100.0,55100.0,55100.0,55100.0,120
1780989325000,55100.0,55100.2,55100.0,55100.2,90
1780989330000,55114.6,55114.6,55092.6,55100.0,150
1780989335000,55102.0,55119.0,55102.0,55119.0,120
1780989340000,55119.4,55119.4,55119.4,55119.4,90
1780989345000,55122.0,55122.0,55122.0,55122.0,30
1780989350000,55122.2,55123.8,55122.2,55123.8,60
1780989355000,55124.0,55127.0,55116.0,55123.0,810
1780989360000,55123.0,55123.0,55120.0,55120.0,540
1780989365000,55127.0,55127.0,55127.0,55127.0,30
1780989370000,55116.0,55123.4,55116.0,55117.6,180
1780989375000,55115.0,55119.0,55092.2,55119.0,120
1780989380000,55119.0,55119.0,55105.2,55105.2,60
1780989385000,55119.0,55119.4,55119.0,55119.4,1230
1780989390000,55119.0,55119.0,55115.0,55115.0,240
1780989395000,55126.2,55126.2,55104.0,55104.0,150
1780989400000,55123.4,55123.4,55123.4,55123.4,30
1780989405000,55120.0,55124.8,55120.0,55124.8,90
1780989410000,55130.8,55131.0,55125.0,55125.0,1470
1780989415000,55128.4,55128.4,55125.0,55125.0,60
1780989420000,55125.0,55125.0,55100.4,55100.4,180
1780989425000,55101.2,55125.0,55101.2,55125.0,90
1780989430000,55125.0,55125.0,55125.0,55125.0,30
1780989435000,55105.2,55130.6,55105.2,55130.6,60
1780989440000,55135.6,55135.6,55130.6,55130.6,330
1780989445000,55125.0,55125.0,55125.0,55125.0,30
1780989450000,55130.4,55130.6,55130.4,55130.4,180
1780989455000,55100.8,55100.8,55100.8,55100.8,60
1780989460000,55110.0,55110.0,55110.0,55110.0,30
1780989465000,55102.0,55127.8,55102.0,55127.8,120
1780989470000,55127.2,55127.2,55115.0,55115.0,960
1780989475000,55115.0,55115.0,55115.0,55115.0,60
1780989480000,55108.0,55115.0,55108.0,55115.0,330
1780989485000,55127.2,55127.2,55127.2,55127.2,30
1780989490000,55115.0,55115.0,55115.0,55115.0,60
1780989495000,55126.6,55126.6,55112.4,55115.0,90
1780989500000,55125.0,55126.8,55125.0,55126.8,60
1780989510000,55127.2,55127.2,55118.2,55125.0,90
1780989515000,55125.0,55125.0,55125.0,55125.0,30
1780989520000,55126.0,55127.6,55126.0,55127.6,360
1780989525000,55128.8,55128.8,55128.0,55128.0,90
1780989530000,55130.0,55130.0,55130.0,55130.0,30
1780989535000,55121.6,55130.0,55121.6,55130.0,60
1780989545000,55121.8,55121.8,55121.8,55121.8,60
1780989550000,55130.0,55130.0,55130.0,55130.0,90
1780989555000,55129.8,55129.8,55129.8,55129.8,60
1780989565000,55122.8,55129.8,55122.6,55129.8,90
1780989570000,55122.0,55122.0,55122.0,55122.0,30
1780989580000,55122.2,55122.2,55122.2,55122.2,60
1780989585000,55122.0,55122.0,55122.0,55122.0,30
1780989590000,55130.0,55130.0,55130.0,55130.0,30
1780989600000,55130.0,55130.0,55122.0,55122.0,120
1780989605000,55130.0,55130.0,55125.0,55125.0,60
1780989610000,55122.0,55122.2,55122.0,55122.2,120
1780989615000,55123.2,55123.2,55123.2,55123.2,30
1780989620000,55130.0,55130.0,55122.2,55122.2,60
1780989625000,55115.6,55115.6,55115.2,55115.2,60
1780989630000,55115.4,55115.4,55103.2,55103.2,180
1780989635000,55102.2,55115.6,55102.2,55102.2,240
1780989640000,55111.2,55111.2,55102.0,55102.0,60
1780989645000,55101.2,55102.0,55101.2,55102.0,60
1780989650000,55106.6,55106.6,55106.6,55106.6,30
1780989655000,55101.2,55105.0,55101.2,55105.0,60
1780989660000,55105.0,55105.0,55102.0,55102.0,60
1780989665000,55110.4,55110.4,55100.0,55100.0,960
1780989670000,55110.6,55110.6,55110.0,55110.0,90
1780989675000,55110.8,55110.8,55110.4,55110.4,60
1780989680000,55110.0,55110.0,55110.0,55110.0,30
1780989685000,55100.2,55110.4,55100.2,55110.4,180
1780989690000,55110.4,55110.4,55110.4,55110.4,30
1780989695000,55101.2,55111.0,55101.2,55111.0,60
1780989700000,55110.0,55111.0,55110.0,55111.0,90
1780989705000,55111.0,55115.4,55111.0,55115.4,240
1780989710000,55100.4,55110.0,55100.4,55110.0,120
1780989715000,55112.8,55112.8,55112.8,55112.8,30
1780989720000,55101.0,55101.0,55101.0,55101.0,150
1780989725000,55104.4,55113.0,55104.4,55113.0,120
1780989730000,55118.2,55118.2,55104.4,55104.4,120
1780989735000,55104.6,55104.6,55104.6,55104.6,30
1780989740000,55115.0,55115.0,55115.0,55115.0,30
1780989745000,55113.6,55113.6,55113.6,55113.6,30
1780989750000,55114.4,55114.4,55114.4,55114.4,30
1780989755000,55115.0,55115.0,55115.0,55115.0,60
1780989760000,55105.2,55113.8,55105.2,55113.8,120
1780989765000,55120.0,55120.4,55120.0,55120.0,150
1780989770000,55124.8,55125.0,55120.0,55125.0,90
1780989775000,55110.6,55110.6,55110.6,55110.6,30
1780989780000,55125.0,55125.0,55125.0,55125.0,30
1780989785000,55125.0,55125.0,55125.0,55125.0,60
1780989790000,55113.2,55113.2,55113.2,55113.2,60
1780989795000,55125.0,55126.4,55125.0,55126.4,60
1780989800000,55125.0,55133.0,55125.0,55133.0,1020
1780989805000,55131.6,55131.6,55131.6,55131.6,60
1780989810000,55130.4,55130.4,55130.4,55130.4,30
1780989815000,55116.0,55134.0,55116.0,55134.0,120
1780989820000,55139.6,55143.0,55138.2,55143.0,1560
1780989825000,55143.0,55149.4,55139.6,55149.4,1020
1780989830000,55144.8,55144.8,55144.8,55144.8,30
1780989835000,55137.0,55137.0,55131.8,55131.8,180
1780989840000,55133.0,55133.0,55111.2,55111.2,150
1780989845000,55128.6,55128.6,55111.2,55121.4,120
1780989850000,55120.8,55120.8,55106.6,55106.6,240
1780989855000,55119.8,55119.8,55119.8,55119.8,60
1780989860000,55120.6,55120.6,55119.6,55119.6,120
1780989865000,55106.2,55106.2,55106.2,55106.2,30
1780989870000,55119.8,55119.8,55119.8,55119.8,60
1780989875000,55118.8,55118.8,55118.8,55118.8,30
1780989880000,55116.6,55120.2,55116.6,55120.2,270
1780989885000,55118.8,55120.0,55118.8,55120.0,60
1780989890000,55118.4,55118.4,55118.4,55118.4,30
1780989895000,55117.6,55117.6,55117.6,55117.6,30
1780989900000,55100.0,55100.0,55100.0,55100.0,3120
1780989905000,55098.6,55098.6,55098.6,55098.6,30
1780989910000,55094.8,55100.0,55094.8,55100.0,180
1780989915000,55095.0,55098.6,55095.0,55098.6,60
1780989920000,55105.6,55105.6,55105.6,55105.6,120
1780989925000,55085.2,55085.2,55085.2,55085.2,90
1780989930000,55085.0,55085.0,55085.0,55085.0,120
1780989935000,55100.0,55100.0,55100.0,55100.0,30
1780989940000,55099.4,55099.4,55085.0,55085.0,120
1780989945000,55099.4,55099.4,55096.4,55096.4,90
1780989950000,55097.4,55097.4,55085.0,55085.0,210
1780989955000,55085.0,55090.8,55085.0,55090.8,90
1780989960000,55081.0,55090.0,55081.0,55090.0,120
1780989965000,55085.0,55085.0,55085.0,55085.0,90
1780989970000,55072.0,55072.0,55071.0,55071.0,180
1780989975000,55078.4,55078.4,55078.4,55078.4,30
1780989980000,55072.0,55072.0,55071.0,55071.0,120
1780989985000,55071.0,55071.0,55064.0,55064.0,60
1780989990000,55060.0,55069.0,55060.0,55060.4,240
1780989995000,55060.0,55060.0,55060.0,55060.0,690
1780990000000,55060.2,55060.2,55060.2,55060.2,60
1780990005000,55060.0,55060.0,55060.0,55060.0,30
1780990010000,55071.0,55071.0,55060.0,55060.0,330
1780990015000,55060.0,55060.0,55060.0,55060.0,210
1780990020000,55069.2,55069.2,55060.0,55060.0,1200
1780990025000,55060.0,55060.0,55057.0,55057.0,990
1780990030000,55057.0,55065.0,55057.0,55065.0,450
1780990035000,55073.8,55084.0,55073.8,55084.0,120
1780990040000,55063.4,55063.4,55063.4,55063.4,30
1780990045000,55082.4,55082.4,55082.4,55082.4,30
1780990050000,55070.0,55070.0,55070.0,55070.0,30
1780990055000,55070.2,55070.2,55070.2,55070.2,60
1780990060000,55084.6,55084.6,55084.6,55084.6,30
1780990065000,55060.0,55060.0,55060.0,55060.0,990
1780990070000,55065.0,55065.0,55065.0,55065.0,30
1780990075000,55059.0,55062.2,55059.0,55062.2,1500
1780990080000,55061.4,55070.4,55061.4,55070.4,90
1780990090000,55069.6,55069.6,55069.6,55069.6,30
1780990095000,55068.4,55068.4,55062.2,55062.2,60
1780990100000,55060.0,55060.0,55060.0,55060.0,30
1780990105000,55060.0,55060.0,55060.0,55060.0,120
1780990110000,55060.0,55060.0,55060.0,55060.0,240
1780990115000,55064.8,55065.4,55060.0,55060.0,90
1780990120000,55060.0,55060.0,55060.0,55060.0,210
1780990125000,55060.0,55060.0,55060.0,55060.0,210
1780990130000,55064.8,55064.8,55060.0,55060.0,120
1780990135000,55060.0,55060.0,55060.0,55060.0,690
1780990140000,55060.0,55060.0,55060.0,55060.0,90
1780990145000,55065.0,55070.0,55060.0,55070.0,180
1780990150000,55070.4,55070.4,55070.4,55070.4,30
1780990155000,55068.6,55068.6,55068.6,55068.6,30
1780990160000,55060.2,55060.4,55060.2,55060.4,1200
1780990165000,55060.0,55060.4,55060.0,55060.4,750
1780990170000,55060.2,55060.2,55060.2,55060.2,60
1780990175000,55060.2,55060.2,55060.2,55060.2,30
1780990180000,55060.2,55060.2,55060.2,55060.2,30
1780990185000,55060.2,55080.0,55060.2,55080.0,180
1780990190000,55080.0,55082.2,55080.0,55082.2,90
1780990195000,55080.0,55080.0,55080.0,55080.0,30
1780990200000,55080.0,55080.0,55080.0,55080.0,60
1780990205000,55070.0,55070.0,55070.0,55070.0,120
1780990210000,55089.0,55089.0,55089.0,55089.0,90
1780990215000,55081.0,55099.4,55081.0,55099.4,150
1780990220000,55089.6,55090.6,55089.6,55090.4,960
1780990225000,55102.2,55102.2,55102.2,55102.2,30
1780990230000,55113.6,55115.6,55113.2,55113.2,240
1780990235000,55109.2,55110.8,55109.2,55110.8,90
1780990240000,55101.8,55101.8,55100.8,55100.8,540
1780990245000,55095.0,55096.6,55095.0,55096.6,480
1780990250000,55081.6,55081.6,55081.6,55081.6,30
1780990260000,55100.8,55100.8,55097.6,55097.6,90
1780990265000,55100.6,55103.0,55100.6,55103.0,120
1780990270000,55107.2,55107.2,55107.2,55107.2,30
1780990275000,55110.0,55112.0,55110.0,55112.0,120
1780990280000,55114.4,55114.4,55112.4,55112.4,90
1780990285000,55112.4,55113.0,55112.2,55113.0,150
1780990290000,55113.6,55113.8,55113.6,55113.8,60
1780990295000,55118.8,55118.8,55118.8,55118.8,30
1780990300000,55118.8,55119.0,55113.2,55113.2,360
1780990310000,55125.0,55125.0,55120.0,55120.0,360
1780990315000,55125.0,55130.0,55125.0,55130.0,240
1780990320000,55120.0,55130.0,55117.0,55117.0,210
1780990325000,55130.0,55140.0,55117.6,55140.0,990
1780990330000,55147.6,55147.6,55145.2,55145.2,1050
1780990335000,55126.2,55138.2,55126.2,55138.2,270
1780990340000,55127.2,55144.0,55127.2,55144.0,90
1780990345000,55148.4,55148.4,55128.0,55128.0,90
1780990350000,55128.8,55129.2,55128.8,55129.2,60
1780990355000,55140.0,55144.0,55140.0,55144.0,60
1780990360000,55140.0,55140.0,55132.0,55132.0,120
1780990365000,55148.4,55148.4,55148.0,55148.0,150
1780990370000,55150.0,55150.0,55150.0,55150.0,810
1780990375000,55149.8,55150.0,55148.2,55150.0,150
1780990380000,55150.0,55150.0,55129.4,55150.0,360
1780990385000,55150.0,55150.0,55150.0,55150.0,240
1780990390000,55131.6,55146.8,55131.6,55146.8,180
1780990395000,55141.8,55141.8,55132.0,55139.2,120
1780990400000,55140.4,55142.2,55140.4,55140.8,120
1780990405000,55130.2,55134.8,55127.4,55134.8,210
1780990410000,55131.8,55131.8,55130.4,55130.4,60
1780990415000,55134.0,55137.8,55134.0,55137.8,90
1780990420000,55140.0,55140.0,55132.0,55132.0,60
1780990425000,55139.8,55139.8,55139.0,55139.0,90
1780990430000,55138.2,55138.2,55138.2,55138.2,30
1780990435000,55139.0,55139.8,55139.0,55139.8,60
1780990440000,55140.0,55140.0,55140.0,55140.0,90
1780990445000,55130.2,55140.0,55130.2,55140.0,90
1780990450000,55130.2,55130.2,55130.2,55130.2,30
1780990455000,55148.0,55148.0,55140.0,55140.0,60
1780990460000,55140.0,55140.0,55140.0,55140.0,30
1780990465000,55142.4,55143.0,55142.2,55142.2,90
1780990470000,55130.0,55130.0,55130.0,55130.0,180
1780990475000,55134.8,55134.8,55133.6,55133.8,120
1780990480000,55130.2,55132.0,55130.2,55132.0,60
1780990485000,55130.2,55131.8,55130.0,55131.8,90
1780990495000,55122.2,55125.2,55122.2,55125.2,930
1780990500000,55130.0,55131.0,55130.0,55131.0,1200
1780990505000,55131.2,55133.6,55131.2,55133.6,660
1780990510000,55134.8,55135.0,55134.8,55135.0,210
1780990515000,55130.4,55130.4,55130.4,55130.4,30
1780990520000,55133.0,55133.0,55133.0,55133.0,90
1780990525000,55133.2,55133.2,55133.2,55133.2,960
1780990530000,55140.0,55140.0,55133.2,55133.2,900
1780990535000,55133.8,55133.8,55133.8,55133.8,900
1780990540000,55115.4,55115.4,55115.4,55115.4,60
1780990545000,55102.2,55102.2,55096.2,55096.2,510
1780990550000,55130.0,55130.0,55130.0,55130.0,390
1780990555000,55130.0,55130.0,55130.0,55130.0,630
1780990560000,55125.2,55131.0,55125.2,55131.0,330
1780990565000,55130.2,55130.2,55130.2,55130.2,30
1780990570000,55133.2,55133.2,55133.2,55133.2,30
1780990575000,55133.2,55133.2,55133.2,55133.2,30
1780990580000,55142.6,55145.0,55142.6,55145.0,180
1780990585000,55148.0,55148.0,55148.0,55148.0,60
1780990600000,55134.4,55135.0,55134.4,55135.0,120
1780990605000,55146.4,55148.0,55146.4,55148.0,150
1780990610000,55145.0,55145.0,55140.4,55143.4,240
1780990615000,55161.0,55161.0,55151.0,55151.0,3420
1780990620000,55160.0,55162.2,55160.0,55160.2,900
1780990625000,55166.8,55169.8,55165.4,55169.0,1050
1780990630000,55169.2,55169.2,55169.2,55169.2,90
1780990635000,55169.2,55169.2,55157.8,55157.8,480
1780990640000,55151.0,55151.6,55151.0,55151.6,300
1780990645000,55151.8,55170.0,55151.8,55170.0,480
1780990650000,55170.0,55170.0,55150.0,55170.0,900
1780990655000,55160.2,55160.6,55160.2,55160.6,630
1780990660000,55172.0,55172.0,55160.0,55163.0,600
1780990665000,55150.0,55175.8,55150.0,55163.0,660
1780990670000,55155.0,55155.0,55150.0,55150.0,900
1780990675000,55167.8,55167.8,55150.0,55150.0,390
1780990680000,55145.0,55145.0,55145.0,55145.0,30
1780990685000,55150.0,55150.0,55150.0,55150.0,450
1780990690000,55150.2,55150.2,55150.2,55150.2,360
1780990695000,55150.0,55150.0,55145.0,55150.0,120
1780990700000,55145.0,55145.0,55145.0,55145.0,120
1780990705000,55150.0,55150.0,55146.0,55146.0,150
1780990710000,55155.0,55155.0,55150.0,55150.0,90
1780990715000,55147.0,55147.0,55147.0,55147.0,210
1780990725000,55147.6,55150.0,55147.6,55147.6,90
1780990730000,55150.0,55150.0,55150.0,55150.0,180
1780990735000,55147.8,55160.0,55147.8,55153.4,660
1780990740000,55153.4,55153.4,55153.4,55153.4,450
1780990745000,55160.0,55160.0,55150.0,55150.0,480
1780990750000,55160.0,55160.0,55160.0,55160.0,30
1780990755000,55160.0,55163.0,55149.8,55149.8,300
1780990760000,55149.6,55160.0,55149.6,55160.0,120
1780990765000,55149.6,55160.0,55149.6,55150.0,240
1780990770000,55151.0,55151.0,55151.0,55151.0,30
1780990775000,55150.0,55150.0,55150.0,55150.0,90
1780990780000,55150.6,55150.6,55150.0,55150.0,240
1780990785000,55150.0,55150.0,55150.0,55150.0,90
1780990790000,55165.0,55165.0,55150.0,55150.0,60
1780990795000,55165.0,55165.0,55150.0,55150.0,210
1780990800000,55166.0,55167.8,55149.8,55167.8,150
1780990805000,55155.0,55155.0,55155.0,55155.0,450
1780990810000,55167.0,55170.0,55151.0,55151.0,570
1780990815000,55175.0,55179.0,55175.0,55179.0,210
1780990820000,55155.0,55179.0,55155.0,55179.0,570
1780990825000,55179.0,55179.0,55163.8,55163.8,510
1780990830000,55179.8,55179.8,55155.0,55155.0,600
1780990835000,55170.0,55170.0,55154.8,55154.8,510
1780990845000,55150.2,55150.8,55150.2,55150.8,330
1780990850000,55173.8,55173.8,55173.8,55173.8,60
1780990855000,55174.0,55174.0,55174.0,55174.0,30
1780990860000,55149.8,55170.0,55149.8,55170.0,210
1780990865000,55147.8,55147.8,55147.8,55147.8,30
1780990870000,55142.0,55146.6,55142.0,55146.6,120
1780990875000,55174.0,55179.0,55174.0,55179.0,690
1780990880000,55179.8,55179.8,55179.8,55179.8,30
1780990885000,55152.8,55170.0,55152.8,55170.0,660
1780990890000,55180.0,55180.0,55150.8,55150.8,480
1780990895000,55180.0,55180.0,55176.0,55176.0,570
1780990900000,55150.2,55180.0,55150.2,55180.0,1110
1780990905000,55151.0,55151.0,55151.0,55151.0,240
1780990910000,55170.0,55179.0,55170.0,55179.0,150
1780990915000,55150.0,55150.0,55150.0,55150.0,300
1780990920000,55178.8,55178.8,55152.2,55178.8,150
1780990925000,55177.8,55177.8,55150.0,55150.0,180
1780990930000,55176.2,55178.0,55176.2,55178.0,60
1780990935000,55150.2,55178.6,55150.2,55178.6,510
1780990940000,55150.0,55178.8,55150.0,55178.8,330
1780990945000,55178.8,55178.8,55150.2,55150.2,240
1780990950000,55178.8,55178.8,55150.0,55150.0,570
1780990955000,55178.8,55178.8,55158.0,55159.6,1050
1780990960000,55160.6,55184.0,55160.6,55184.0,90
1780990965000,55153.8,55195.0,55153.8,55194.8,2340
1780990970000,55195.0,55195.0,55161.6,55195.0,570
1780990975000,55195.0,55197.8,55160.8,55197.8,1410
1780990980000,55198.0,55199.0,55194.6,55194.6,2340
1780990985000,55194.8,55197.2,55194.8,55197.2,90
1780990990000,55197.2,55197.2,55180.0,55180.0,630
1780990995000,55180.4,55180.4,55180.4,55180.4,480
1780991000000,55190.0,55193.4,55160.6,55193.4,870
1780991005000,55180.2,55180.2,55164.2,55166.8,600
1780991010000,55167.0,55200.0,55167.0,55200.0,3960
1780991015000,55200.0,55200.0,55182.6,55182.6,1260
1780991020000,55200.0,55210.0,55200.0,55202.0,2160
1780991025000,55169.0,55200.0,55169.0,55200.0,540
1780991030000,55176.8,55202.0,55172.8,55202.0,600
1780991035000,55209.8,55209.8,55205.2,55205.2,630
1780991040000,55209.8,55209.8,55174.6,55209.6,570
1780991045000,55178.6,55220.2,55178.6,55214.4,2160
1780991050000,55214.8,55214.8,55206.8,55207.0,810
1780991055000,55207.0,55207.0,55176.2,55207.0,570
1780991060000,55214.8,55214.8,55182.2,55214.8,540
1780991065000,55183.2,55215.0,55183.2,55215.0,510
1780991070000,55218.2,55218.2,55218.0,55218.0,960
1780991075000,55222.0,55227.8,55222.0,55225.4,1140
1780991080000,55228.0,55228.0,55179.4,55179.4,570
1780991085000,55177.0,55177.0,55177.0,55177.0,480
1780991090000,55197.6,55212.4,55183.8,55212.4,690
1780991095000,55178.6,55200.0,55178.6,55200.0,660
1780991100000,55219.8,55219.8,55180.0,55180.0,570
1780991105000,55224.0,55234.0,55224.0,55234.0,1920
1780991110000,55205.4,55236.8,55197.4,55197.4,1350
1780991115000,55195.4,55205.4,55195.4,55195.4,570
1780991120000,55192.0,55192.0,55192.0,55192.0,480
1780991125000,55225.0,55225.0,55224.0,55224.0,510
1780991130000,55189.2,55220.0,55189.2,55220.0,510
1780991135000,55200.4,55224.0,55200.4,55224.0,630
1780991140000,55200.4,55200.4,55200.4,55200.4,480
1780991145000,55225.0,55235.0,55225.0,55235.0,1830
1780991150000,55236.6,55237.0,55236.6,55237.0,630
1780991155000,55239.8,55245.0,55222.2,55245.0,1470
1780991160000,55245.0,55247.0,55245.0,55246.8,1290
1780991165000,55245.0,55247.0,55245.0,55245.0,630
1780991170000,55221.6,55221.6,55213.6,55213.6,930
1780991175000,55221.8,55221.8,55212.0,55212.0,750
1780991180000,55219.8,55219.8,55208.0,55208.0,480
1780991185000,55234.4,55234.4,55200.4,55234.0,750
1780991190000,55212.8,55212.8,55212.0,55212.0,510
1780991195000,55213.0,55234.4,55201.6,55234.4,570
1780991200000,55200.8,55231.6,55200.8,55231.6,510
1780991205000,55200.0,55234.4,55200.0,55234.4,990
1780991210000,55234.6,55234.6,55205.4,55205.4,300
1780991215000,55196.4,55218.8,55196.4,55198.6,1080
1780991220000,55231.4,55231.4,55192.6,55192.6,570
1780991225000,55229.4,55229.4,55191.6,55191.6,480
1780991230000,55192.6,55192.6,55192.6,55192.6,450
1780991235000,55191.0,55224.0,55191.0,55224.0,750
1780991240000,55188.8,55189.0,55188.8,55189.0,480
1780991245000,55188.8,55218.8,55188.8,55218.2,540
1780991250000,55181.6,55181.6,55181.6,55181.6,450
1780991255000,55181.2,55194.0,55181.2,55185.0,1170
1780991260000,55217.2,55217.2,55183.8,55183.8,510
1780991265000,55185.4,55185.4,55181.4,55181.4,540
1780991270000,55184.2,55219.0,55184.2,55219.0,480
1780991275000,55206.0,55206.0,55200.0,55200.0,510
1780991280000,55190.0,55200.0,55190.0,55200.0,510
1780991285000,55184.6,55218.8,55183.0,55183.0,840
1780991290000,55218.0,55218.0,55188.2,55188.2,180
1780991295000,55200.0,55200.0,55200.0,55200.0,510
1780991300000,55191.2,55200.0,55190.2,55200.0,240
1780991310000,55200.0,55200.0,55199.0,55199.0,60
1780991315000,55200.0,55200.0,55200.0,55200.0,30
1780991320000,55190.0,55190.0,55190.0,55190.0,120
1780991325000,55190.0,55200.0,55190.0,55200.0,150
1780991330000,55205.0,55205.0,55205.0,55205.0,30
1780991335000,55200.0,55200.0,55200.0,55200.0,60
1780991340000,55200.0,55200.0,55200.0,55200.0,120
1780991345000,55200.0,55200.0,55200.0,55200.0,210
1780991350000,55200.0,55200.0,55200.0,55200.0,90
1780991360000,55217.2,55217.2,55190.4,55190.4,510
1780991365000,55200.0,55200.0,55200.0,55200.0,90
1780991370000,55190.0,55190.0,55190.0,55190.0,180
1780991375000,55214.8,55214.8,55210.0,55210.0,60
1780991380000,55190.2,55190.2,55190.2,55190.2,60
1780991385000,55190.0,55210.0,55190.0,55210.0,90
1780991390000,55218.0,55218.0,55214.0,55214.0,390
1780991395000,55216.4,55216.4,55216.4,55216.4,30
1780991400000,55190.6,55200.0,55190.6,55191.2,120
1780991405000,55219.8,55220.0,55218.4,55220.0,120
1780991410000,55220.0,55221.2,55220.0,55221.2,270
1780991415000,55221.0,55221.4,55221.0,55221.4,180
1780991420000,55221.0,55221.0,55200.6,55221.0,120
1780991425000,55220.0,55221.4,55220.0,55221.4,90
1780991430000,55221.4,55224.0,55221.4,55224.0,240
1780991435000,55219.8,55219.8,55219.8,55219.8,30
1780991440000,55220.0,55220.0,55201.6,55201.6,90
1780991445000,55222.0,55223.4,55220.0,55223.4,90
1780991450000,55225.0,55229.0,55225.0,55229.0,210
1780991455000,55230.0,55234.0,55230.0,55234.0,150
1780991460000,55233.8,55234.0,55233.0,55234.0,180
1780991465000,55230.0,55232.0,55210.0,55210.0,180
1780991470000,55232.0,55232.0,55209.0,55209.0,120
1780991475000,55236.0,55236.0,55210.8,55210.8,900
1780991480000,55211.2,55236.0,55211.2,55236.0,270
1780991485000,55217.0,55239.0,55217.0,55239.0,540
1780991490000,55238.8,55239.0,55238.8,55238.8,90
1780991495000,55238.4,55238.4,55227.6,55227.6,240
1780991500000,55210.0,55234.8,55210.0,55234.8,480
1780991505000,55236.0,55236.0,55210.0,55236.0,570
1780991510000,55238.4,55238.4,55210.0,55210.0,540
1780991515000,55239.0,55239.0,55239.0,55239.0,30
1780991520000,55210.0,55210.0,55210.0,55210.0,480
1780991525000,55237.6,55237.6,55210.0,55210.0,570
1780991530000,55230.6,55230.6,55210.0,55210.0,630
1780991535000,55210.0,55233.0,55210.0,55229.8,630
1780991540000,55210.0,55210.0,55210.0,55210.0,450
1780991545000,55227.6,55227.6,55210.0,55210.0,510
1780991550000,55224.6,55224.6,55210.0,55210.0,480
1780991555000,55210.0,55210.2,55210.0,55210.2,990
1780991560000,55212.8,55212.8,55206.0,55206.0,1080
1780991565000,55201.0,55201.2,55201.0,55201.2,90
1780991570000,55200.0,55200.4,55200.0,55200.4,120
1780991575000,55206.4,55206.4,55206.4,55206.4,120
1780991585000,55206.0,55206.0,55201.2,55201.2,120
1780991590000,55200.2,55203.8,55200.0,55203.8,270
1780991595000,55198.2,55199.4,55198.2,55199.4,90
1780991600000,55200.4,55200.4,55191.0,55191.0,90
1780991605000,55190.2,55202.6,55190.2,55202.6,270
1780991610000,55192.6,55211.0,55192.6,55211.0,180
1780991615000,55207.2,55222.2,55207.2,55222.2,90
1780991620000,55221.2,55224.4,55200.2,55224.4,120
1780991625000,55219.0,55219.0,55219.0,55219.0,60
1780991630000,55200.4,55224.4,55200.2,55224.4,210
1780991635000,55215.0,55219.0,55200.2,55219.0,270
1780991640000,55205.6,55224.4,55205.6,55224.4,270
1780991645000,55224.4,55224.4,55200.4,55200.4,150
1780991650000,55223.4,55223.4,55223.4,55223.4,150
1780991655000,55201.0,55201.0,55201.0,55201.0,60
1780991660000,55200.4,55200.4,55200.4,55200.4,30
1780991665000,55200.0,55221.0,55200.0,55221.0,360
1780991670000,55220.8,55220.8,55220.8,55220.8,30
1780991675000,55197.2,55219.8,55197.2,55219.8,180
1780991680000,55185.2,55185.2,55185.2,55185.2,540
1780991685000,55215.0,55215.8,55201.0,55215.8,90
1780991690000,55200.0,55217.4,55200.0,55217.4,60
1780991695000,55193.0,55193.0,55193.0,55193.0,120
1780991700000,55218.2,55218.2,55218.2,55218.2,30
1780991705000,55219.8,55219.8,55219.6,55219.6,180
1780991710000,55220.0,55223.4,55220.0,55223.4,390
1780991715000,55225.0,55225.0,55222.8,55222.8,90
1780991720000,55223.0,55225.2,55218.0,55225.2,300
1780991725000,55224.2,55224.4,55224.2,55224.4,60
1780991730000,55220.0,55220.0,55201.4,55201.4,120
1780991735000,55218.0,55218.0,55218.0,55218.0,90
1780991740000,55223.2,55223.2,55223.2,55223.2,30
1780991745000,55218.0,55222.4,55218.0,55222.0,120
1780991750000,55224.4,55225.0,55210.4,55225.0,540
1780991755000,55200.0,55200.0,55190.8,55190.8,300
1780991760000,55223.4,55228.4,55223.4,55228.4,120
1780991765000,55227.4,55227.8,55196.4,55227.8,480
1780991770000,55227.0,55227.0,55222.0,55222.0,60
1780991775000,55224.4,55224.4,55224.4,55224.4,60
1780991780000,55228.4,55228.4,55215.0,55216.0,390
1780991785000,55228.4,55232.8,55228.4,55232.8,90
1780991790000,55231.0,55231.0,55216.0,55229.8,240
1780991800000,55229.8,55229.8,55201.0,55201.0,150
1780991805000,55223.2,55223.2,55223.2,55223.2,30
1780991810000,55224.2,55225.0,55224.2,55225.0,90
1780991815000,55220.2,55220.2,55200.0,55200.0,120
1780991820000,55216.4,55216.4,55216.4,55216.4,90
1780991825000,55192.2,55220.0,55190.2,55220.0,240
1780991830000,55216.4,55216.4,55216.4,55216.4,120
1780991835000,55220.0,55220.0,55201.2,55216.4,90
1780991840000,55220.0,55220.0,55220.0,55220.0,30
1780991845000,55205.4,55205.4,55204.4,55204.4,60
1780991850000,55190.6,55200.0,55190.6,55200.0,150
1780991860000,55200.0,55200.0,55200.0,55200.0,210
1780991865000,55217.8,55220.8,55217.8,55220.8,60
1780991880000,55211.4,55211.4,55199.2,55199.2,150
1780991890000,55220.0,55225.0,55220.0,55225.0,390
1780991895000,55229.0,55229.0,55201.8,55223.4,270
1780991900000,55231.0,55231.0,55231.0,55231.0,240
1780991905000,55211.2,55230.0,55211.2,55215.0,180
1780991910000,55233.0,55233.0,55233.0,55233.0,30
1780991915000,55215.0,55230.0,55215.0,55230.0,90
1780991920000,55233.0,55233.0,55232.8,55232.8,180
1780991925000,55227.0,55227.0,55227.0,55227.0,30
1780991930000,55204.2,55230.2,55204.2,55230.2,390
1780991935000,55229.8,55229.8,55229.8,55229.8,30
1780991940000,55229.4,55229.4,55229.4,55229.4,30
1780991945000,55228.8,55228.8,55228.8,55228.8,90
1780991950000,55215.0,55225.0,55215.0,55225.0,90
1780991955000,55208.8,55229.0,55208.8,55229.0,240
1780991960000,55225.4,55225.4,55225.4,55225.4,180
1780991965000,55225.0,55225.0,55225.0,55225.0,300
1780991970000,55225.0,55225.0,55225.0,55225.0,30
1780991975000,55213.0,55225.0,55213.0,55225.0,360
1780991980000,55225.0,55229.0,55225.0,55229.0,480
1780991985000,55230.0,55230.0,55220.0,55220.0,630
1780991990000,55233.0,55233.0,55225.0,55225.0,540
1780991995000,55233.0,55235.0,55233.0,55235.0,180
1780992000000,55225.0,55239.0,55225.0,55225.0,750
1780992005000,55239.0,55239.0,55225.4,55225.4,450
1780992010000,55228.0,55228.0,55225.0,55225.0,660
1780992015000,55220.0,55231.2,55220.0,55231.2,480
1780992020000,55234.0,55234.0,55215.0,55215.0,510
1780992025000,55220.6,55220.6,55220.6,55220.6,480
1780992035000,55220.0,55226.2,55220.0,55220.6,720
1780992040000,55220.6,55220.6,55220.6,55220.6,480
1780992045000,55210.4,55210.4,55210.0,55210.0,510
1780992050000,55228.0,55228.0,55210.0,55210.0,60
1780992060000,55224.8,55224.8,55214.0,55214.0,240
1780992065000,55222.0,55222.0,55220.8,55220.8,780
1780992070000,55210.0,55210.0,55210.0,55210.0,450
1780992075000,55210.0,55210.0,55210.0,55210.0,210
1780992080000,55212.4,55212.4,55200.0,55200.0,1470
1780992085000,55203.6,55203.6,55200.0,55200.0,120
1780992090000,55200.0,55200.6,55195.0,55195.0,690
1780992095000,55195.0,55200.0,55195.0,55200.0,120
1780992100000,55195.0,55205.4,55195.0,55205.4,60
1780992105000,55200.0,55200.0,55195.2,55195.2,120
1780992110000,55200.0,55200.0,55195.2,55195.2,90
1780992115000,55195.2,55220.0,55195.2,55200.2,1110
1780992120000,55220.6,55220.6,55220.6,55220.6,150
1780992125000,55224.8,55226.0,55202.0,55226.0,120
1780992130000,55230.0,55230.0,55230.0,55230.0,180
1780992135000,55226.0,55226.0,55226.0,55226.0,60
1780992140000,55213.4,55213.4,55213.4,55213.4,90
1780992145000,55230.0,55230.0,55210.0,55210.0,360
1780992150000,55211.0,55211.0,55210.0,55210.0,360
1780992155000,55235.0,55235.0,55227.0,55227.0,390
1780992160000,55226.0,55226.0,55202.0,55202.0,60
1780992170000,55210.0,55210.0,55210.0,55210.0,30
1780992175000,55201.0,55201.0,55200.0,55200.0,60
1780992180000,55212.6,55214.0,55209.6,55214.0,120
1780992185000,55213.0,55214.8,55210.0,55210.0,270
1780992190000,55211.2,55211.2,55211.2,55211.2,60
1780992195000,55190.2,55190.2,55190.2,55190.2,90
1780992200000,55207.0,55210.0,55194.4,55210.0,90
1780992205000,55193.4,55193.4,55193.4,55193.4,30
1780992210000,55211.2,55211.2,55200.0,55200.0,120
1780992215000,55200.0,55214.8,55200.0,55202.6,150
1780992220000,55214.8,55214.8,55214.8,55214.8,30
1780992225000,55212.4,55212.4,55212.4,55212.4,30
1780992230000,55213.0,55213.0,55213.0,55213.0,60
1780992235000,55215.0,55218.6,55215.0,55218.6,60
1780992240000,55218.8,55218.8,55194.4,55194.4,690
1780992245000,55219.2,55219.2,55219.2,55219.2,30
1780992250000,55218.2,55218.2,55200.2,55200.2,180
1780992255000,55219.8,55220.0,55200.0,55220.0,270
1780992260000,55216.0,55223.4,55216.0,55223.4,120
1780992265000,55225.0,55225.0,55225.0,55225.0,30
1780992270000,55223.0,55225.0,55210.6,55225.0,300
1780992275000,55228.0,55228.0,55228.0,55228.0,240
1780992280000,55215.2,55236.0,55215.2,55236.0,810
1780992285000,55213.8,55239.0,55212.2,55212.2,930
1780992290000,55240.0,55240.0,55239.8,55239.8,180
1780992295000,55199.2,55238.6,55199.2,55238.6,600
1780992300000,55240.0,55240.0,55221.4,55229.0,960
1780992305000,55225.0,55225.2,55203.0,55203.0,180
1780992310000,55218.4,55218.4,55218.0,55218.0,420
1780992315000,55216.4,55217.0,55216.4,55217.0,180
1780992320000,55218.0,55220.0,55210.8,55220.0,210
1780992325000,55219.8,55219.8,55219.8,55219.8,60
1780992330000,55220.0,55220.0,55218.0,55218.0,120
1780992335000,55217.6,55217.6,55217.6,55217.6,60
1780992340000,55206.0,55206.0,55206.0,55206.0,90
1780992345000,55218.0,55218.0,55205.2,55205.2,120
1780992350000,55220.0,55220.0,55220.0,55220.0,570
1780992355000,55220.0,55224.8,55220.0,55224.8,60
1780992360000,55225.4,55225.8,55205.0,55205.0,300
1780992365000,55205.0,55205.0,55205.0,55205.0,60
1780992370000,55224.8,55224.8,55224.8,55224.8,30
1780992375000,55225.0,55225.0,55225.0,55225.0,180
1780992380000,55230.0,55235.0,55230.0,55235.0,90
1780992385000,55214.8,55214.8,55213.8,55213.8,120
1780992390000,55237.6,55237.6,55217.8,55217.8,270
1780992395000,55238.6,55238.6,55230.0,55230.0,60
1780992400000,55238.8,55238.8,55238.8,55238.8,60
1780992405000,55237.0,55237.0,55230.0,55236.8,420
1780992410000,55238.8,55238.8,55237.8,55237.8,120
1780992415000,55237.4,55237.4,55230.0,55230.0,120
1780992420000,55237.4,55237.4,55230.0,55230.0,240
1780992425000,55238.0,55239.0,55238.0,55239.0,390
1780992430000,55235.0,55240.0,55230.0,55240.0,630
1780992435000,55240.0,55240.0,55240.0,55240.0,450
1780992440000,55237.8,55238.8,55237.8,55238.8,60
1780992445000,55240.0,55240.0,55240.0,55240.0,60
1780992450000,55230.2,55230.2,55230.2,55230.2,120
1780992455000,55240.0,55240.0,55240.0,55240.0,30
1780992460000,55240.0,55240.0,55240.0,55240.0,30
1780992470000,55230.2,55240.0,55230.2,55240.0,120
1780992475000,55240.0,55241.0,55230.0,55230.0,270
1780992480000,55243.8,55243.8,55240.6,55240.8,330
1780992485000,55245.0,55245.0,55243.8,55243.8,540
1780992495000,55243.8,55243.8,55243.8,55243.8,180
1780992505000,55230.2,55230.6,55230.2,55230.6,390
1780992510000,55243.8,55243.8,55243.8,55243.8,30
1780992515000,55243.8,55243.8,55243.8,55243.8,60
1780992520000,55243.8,55243.8,55243.8,55243.8,60
1780992525000,55244.4,55244.4,55244.4,55244.4,120
1780992530000,55236.6,55244.0,55236.6,55244.0,60
1780992535000,55241.2,55241.2,55241.2,55241.2,330
1780992540000,55237.2,55237.2,55237.2,55237.2,30
1780992545000,55237.2,55237.2,55233.0,55233.0,180
1780992550000,55238.8,55238.8,55238.8,55238.8,30
1780992555000,55232.0,55232.8,55232.0,55232.8,90
1780992565000,55230.0,55238.2,55230.0,55238.2,330
1780992570000,55239.0,55240.0,55239.0,55240.0,150
1780992575000,55240.2,55255.0,55240.2,55252.0,5310
1780992580000,55257.6,55257.6,55252.0,55252.0,690
1780992585000,55260.0,55260.0,55252.0,55260.0,1080
1780992590000,55253.2,55269.0,55252.0,55267.2,1650
1780992595000,55269.8,55269.8,55252.0,55252.0,1080
1780992600000,55252.0,55270.0,55252.0,55270.0,150
1780992605000,55252.0,55263.0,55252.0,55260.0,570
1780992610000,55260.6,55260.6,55250.0,55250.0,780
1780992615000,55250.0,55250.0,55240.2,55240.2,60
1780992620000,55250.6,55250.6,55250.6,55250.6,60
1780992625000,55240.2,55251.8,55240.2,55251.8,210
1780992630000,55240.2,55256.0,55240.2,55240.4,390
1780992635000,55250.0,55250.0,55240.4,55240.4,210
1780992640000,55254.0,55254.0,55254.0,55254.0,90
1780992645000,55250.0,55254.0,55250.0,55250.4,120
1780992650000,55249.4,55250.4,55249.4,55250.4,90
1780992655000,55250.0,55250.4,55249.4,55249.4,1140
1780992660000,55230.2,55230.2,55230.2,55230.2,150
1780992665000,55230.0,55230.0,55230.0,55230.0,120
1780992670000,55230.4,55230.4,55230.4,55230.4,60
1780992675000,55240.0,55240.0,55230.4,55230.4,120
1780992680000,55232.0,55232.0,55232.0,55232.0,30
1780992685000,55230.0,55230.0,55230.0,55230.0,60
1780992690000,55232.0,55232.0,55232.0,55232.0,90
1780992700000,55246.0,55246.0,55232.0,55232.0,90
1780992705000,55231.4,55246.0,55231.4,55240.0,1350
1780992715000,55235.0,55235.0,55235.0,55235.0,60
1780992720000,55236.0,55246.0,55235.2,55246.0,90
1780992725000,55246.0,55246.0,55235.2,55235.2,90
1780992730000,55245.0,55245.0,55245.0,55245.0,90
1780992735000,55236.4,55239.8,55236.4,55239.8,150
1780992740000,55239.8,55243.8,55235.8,55235.8,240
1780992745000,55245.0,55245.0,55245.0,55245.0,90
1780992750000,55236.2,55245.0,55236.2,55245.0,180
1780992755000,55245.0,55245.0,55245.0,55245.0,60
1780992760000,55244.0,55245.0,55244.0,55245.0,90
1780992765000,55246.0,55246.0,55246.0,55246.0,30
1780992770000,55246.0,55250.0,55246.0,55250.0,1080
1780992775000,55250.0,55250.0,55245.0,55245.2,1350
1780992780000,55250.0,55250.0,55250.0,55250.0,450
1780992785000,55250.2,55250.2,55250.0,55250.0,570
1780992790000,55240.8,55255.0,55240.8,55255.0,270
1780992795000,55251.4,55260.0,55251.4,55260.0,330
1780992800000,55250.6,55265.0,55250.6,55265.0,240
1780992805000,55265.0,55265.4,55251.0,55265.4,690
1780992810000,55266.0,55266.0,55253.6,55253.6,570
1780992815000,55270.0,55271.0,55257.6,55257.6,720
1780992820000,55256.4,55273.8,55256.4,55273.0,90
1780992825000,55250.6,55250.6,55250.6,55250.6,510
1780992830000,55273.4,55273.4,55250.2,55250.2,150
1780992835000,55251.0,55251.0,55251.0,55251.0,480
1780992840000,55250.2,55270.4,55246.4,55270.4,510
1780992845000,55268.6,55272.6,55268.6,55272.6,90
1780992850000,55252.0,55274.4,55252.0,55274.4,630
1780992855000,55274.6,55275.0,55250.0,55270.8,810
1780992860000,55269.6,55269.6,55269.6,55269.6,90
1780992865000,55272.0,55272.0,55250.0,55250.0,180
1780992870000,55252.6,55252.6,55250.0,55250.0,330
1780992875000,55274.6,55275.0,55274.6,55275.0,360
1780992880000,55250.0,55277.0,55250.0,55277.0,480
1780992885000,55260.8,55260.8,55260.8,55260.8,120
1780992890000,55250.0,55275.0,55250.0,55275.0,510
1780992895000,55275.0,55275.0,55250.0,55250.0,330
1780992900000,55275.0,55275.0,55275.0,55275.0,120
1780992905000,55250.2,55273.0,55250.2,55273.0,150
1780992910000,55275.0,55275.0,55250.0,55250.0,600
1780992915000,55260.6,55260.6,55260.6,55260.6,120
1780992920000,55250.4,55250.4,55250.4,55250.4,150
1780992925000,55270.0,55275.0,55270.0,55275.0,480
1780992930000,55275.0,55275.0,55255.0,55255.0,300
1780992935000,55274.8,55274.8,55274.8,55274.8,60
1780992940000,55250.0,55250.0,55250.0,55250.0,120
1780992945000,55250.4,55250.4,55250.4,55250.4,120
1780992950000,55250.4,55250.4,55250.0,55250.4,120
1780992955000,55246.0,55246.0,55245.0,55245.0,60
1780992960000,55246.0,55246.0,55246.0,55246.0,30
1780992965000,55246.0,55246.0,55246.0,55246.0,180
1780992970000,55251.0,55251.0,55247.8,55247.8,90
1780992975000,55242.2,55242.2,55242.2,55242.2,120
1780992980000,55272.0,55272.0,55250.0,55250.0,240
1780992985000,55250.0,55250.0,55250.0,55250.0,30
1780992995000,55250.0,55250.0,55250.0,55250.0,150
1780993000000,55264.8,55264.8,55250.0,55250.0,60
1780993005000,55250.0,55260.0,55241.2,55260.0,330
1780993010000,55267.8,55267.8,55240.4,55240.4,60
1780993015000,55250.0,55260.0,55240.4,55260.0,90
1780993020000,55241.4,55258.6,55241.4,55258.6,60
1780993030000,55247.8,55247.8,55247.8,55247.8,30
1780993035000,55240.4,55240.4,55240.4,55240.4,30
1780993040000,55250.0,55250.0,55240.0,55240.0,90
1780993045000,55250.0,55250.0,55250.0,55250.0,30
1780993050000,55240.0,55241.0,55240.0,55240.0,90
1780993055000,55250.0,55250.0,55250.0,55250.0,30
1780993060000,55254.0,55254.0,55254.0,55254.0,60
1780993065000,55259.0,55259.0,55259.0,55259.0,30
1780993070000,55241.0,55241.0,55240.0,55240.0,120
1780993075000,55232.0,55232.0,55232.0,55232.0,150
1780993080000,55246.8,55246.8,55246.8,55246.8,120
1780993085000,55253.8,55254.0,55253.8,55254.0,60
1780993100000,55254.0,55254.0,55245.2,55245.2,180
1780993105000,55239.4,55260.0,55239.4,55260.0,300
1780993110000,55260.0,55260.0,55260.0,55260.0,30
1780993120000,55260.4,55260.4,55260.4,55260.4,240
1780993125000,55259.0,55259.0,55259.0,55259.0,120
1780993130000,55256.0,55256.0,55256.0,55256.0,120
1780993135000,55255.6,55255.6,55255.6,55255.6,30
1780993140000,55259.0,55259.0,55245.2,55245.2,90
1780993145000,55255.6,55255.6,55255.6,55255.6,90
1780993150000,55253.2,55253.2,55253.2,55253.2,30
1780993155000,55240.0,55250.0,55240.0,55250.0,210
1780993165000,55256.2,55256.2,55241.0,55241.0,90
1780993170000,55240.0,55240.0,55240.0,55240.0,60
1780993175000,55240.0,55250.0,55240.0,55250.0,60
1780993180000,55241.0,55241.0,55240.0,55240.0,90
1780993185000,55254.2,55254.2,55254.2,55254.2,30
1780993195000,55244.0,55244.0,55242.0,55242.0,180
1780993205000,55249.6,55249.6,55249.6,55249.6,30
1780993215000,55249.6,55249.6,55249.6,55249.6,30
1780993220000,55246.0,55246.0,55246.0,55246.0,60
1780993225000,55249.0,55249.0,55247.0,55247.0,90
1780993235000,55247.4,55247.4,55247.0,55247.0,480
1780993240000,55247.2,55247.2,55247.2,55247.2,30
1780993250000,55249.0,55249.0,55247.2,55247.2,60
1780993255000,55247.2,55250.0,55247.2,55250.0,480
1780993265000,55249.0,55250.0,55249.0,55250.0,330
1780993270000,55248.6,55248.6,55248.6,55248.6,60
1780993275000,55250.0,55250.0,55247.2,55250.0,510
1780993280000,55250.0,55250.0,55250.0,55250.0,300
1780993300000,55242.4,55242.4,55242.4,55242.4,60
1780993310000,55242.0,55242.0,55240.0,55240.0,150
1780993320000,55230.0,55230.0,55225.2,55225.2,750
1780993340000,55219.0,55219.0,55201.0,55201.0,450
1780993345000,55201.8,55201.8,55201.8,55201.8,60
1780993350000,55202.6,55202.6,55202.6,55202.6,30
1780993355000,55202.6,55202.6,55201.2,55201.2,60
1780993360000,55205.2,55205.2,55205.2,55205.2,60
1780993365000,55215.0,55215.0,55215.0,55215.0,60
1780993370000,55215.0,55215.0,55205.2,55205.2,90
1780993375000,55205.2,55205.2,55205.2,55205.2,30
1780993380000,55220.0,55220.0,55215.0,55215.0,90
1780993385000,55215.0,55215.0,55215.0,55215.0,60
1780993390000,55220.0,55220.0,55220.0,55220.0,90
1780993395000,55215.0,55224.8,55215.0,55224.8,90
1780993405000,55224.0,55224.0,55224.0,55224.0,30
1780993410000,55218.2,55218.2,55218.2,55218.2,90
1780993415000,55220.2,55220.2,55220.2,55220.2,30
1780993420000,55220.0,55220.0,55220.0,55220.0,180
1780993425000,55220.0,55220.0,55220.0,55220.0,30
1780993430000,55209.6,55209.6,55209.6,55209.6,120
1780993435000,55212.8,55212.8,55212.8,55212.8,30
1780993440000,55212.8,55223.6,55212.8,55223.2,90
1780993445000,55219.8,55219.8,55219.8,55219.8,30
1780993450000,55220.0,55222.0,55213.0,55222.0,90
1780993455000,55213.4,55220.0,55213.4,55220.0,150
1780993460000,55205.4,55205.4,55203.6,55203.6,90
1780993465000,55220.0,55223.2,55209.8,55209.8,90
1780993470000,55205.4,55205.4,55205.4,55205.4,150
1780993475000,55223.2,55223.2,55210.0,55210.0,90
1780993480000,55223.6,55223.6,55209.2,55209.2,90
1780993490000,55223.6,55223.6,55223.6,55223.6,30
1780993495000,55210.0,55219.0,55210.0,55219.0,60
1780993505000,55209.0,55215.0,55209.0,55209.0,690
1780993510000,55206.2,55206.2,55201.0,55201.2,660
1780993515000,55210.0,55210.0,55210.0,55210.0,30
1780993520000,55203.0,55220.0,55203.0,55220.0,60
1780993530000,55220.0,55220.0,55220.0,55220.0,30
1780993535000,55220.0,55220.0,55220.0,55220.0,30
1780993545000,55203.0,55220.0,55201.2,55201.2,870
1780993550000,55219.8,55219.8,55219.8,55219.8,210
1780993555000,55203.0,55203.0,55203.0,55203.0,60
1780993560000,55203.0,55203.0,55202.0,55202.0,60
1780993565000,55201.0,55201.0,55198.0,55198.0,720
1780993570000,55197.2,55197.4,55197.2,55197.4,90
1780993575000,55190.2,55199.4,55190.2,55199.4,120
1780993585000,55191.0,55200.0,55191.0,55200.0,300
1780993590000,55190.0,55190.0,55190.0,55190.0,120
1780993595000,55191.0,55191.0,55191.0,55191.0,30
1780993600000,55190.0,55190.0,55181.0,55181.0,270
1780993610000,55190.0,55190.0,55180.2,55180.2,120
1780993615000,55180.0,55180.0,55180.0,55180.0,60
1780993620000,55180.0,55180.0,55180.0,55180.0,30
1780993630000,55190.0,55190.0,55181.0,55181.0,60
1780993640000,55195.0,55195.0,55195.0,55195.0,30
1780993645000,55199.0,55199.0,55199.0,55199.0,30
1780993650000,55199.4,55200.0,55186.0,55186.0,480
1780993660000,55189.0,55189.0,55189.0,55189.0,90
1780993665000,55199.0,55200.0,55199.0,55200.0,60
1780993675000,55190.0,55190.0,55190.0,55190.0,30
1780993695000,55190.0,55190.0,55190.0,55190.0,60
1780993705000,55180.0,55199.0,55180.0,55199.0,660
1780993710000,55181.2,55181.6,55181.2,55181.6,60
1780993715000,55180.0,55180.0,55180.0,55180.0,420
1780993720000,55175.2,55190.0,55175.2,55178.0,270
1780993725000,55175.0,55175.0,55175.0,55175.0,90
1780993730000,55180.0,55180.0,55180.0,55180.0,60
1780993735000,55180.0,55199.0,55180.0,55199.0,660
1780993740000,55199.0,55199.0,55199.0,55199.0,30
1780993745000,55183.4,55183.4,55183.4,55183.4,30
1780993750000,55200.0,55200.0,55190.6,55190.6,570
1780993755000,55205.0,55219.0,55201.2,55201.2,270
1780993760000,55219.8,55219.8,55219.8,55219.8,90
1780993770000,55220.0,55220.0,55220.0,55220.0,60
1780993780000,55219.8,55219.8,55219.8,55219.8,30
1780993785000,55220.0,55220.0,55220.0,55220.0,60
1780993790000,55220.0,55220.0,55219.2,55219.2,270
1780993795000,55219.2,55219.2,55219.2,55219.2,30
1780993830000,55201.0,55201.0,55201.0,55201.0,180
1780993835000,55201.8,55201.8,55201.8,55201.8,60
1780993845000,55201.8,55201.8,55201.8,55201.8,30
1780993850000,55202.0,55202.0,55202.0,55202.0,30
1780993855000,55218.0,55218.0,55218.0,55218.0,30
1780993860000,55204.0,55210.0,55204.0,55210.0,90
1780993865000,55204.0,55204.0,55204.0,55204.0,30
1780993870000,55215.0,55215.0,55203.2,55203.2,120
1780993875000,55201.0,55201.0,55201.0,55201.0,90
1780993880000,55200.0,55200.0,55199.4,55200.0,450
1780993885000,55200.0,55200.0,55200.0,55200.0,120
1780993890000,55200.0,55200.0,55194.2,55196.2,150
1780993900000,55200.0,55200.0,55200.0,55200.0,390
1780993905000,55200.0,55200.0,55200.0,55200.0,30
1780993910000,55200.0,55200.0,55200.0,55200.0,360
1780993915000,55199.2,55200.0,55199.2,55200.0,360
1780993920000,55200.0,55200.0,55199.0,55200.0,1380
1780993925000,55199.2,55210.0,55199.2,55210.0,60
1780993930000,55210.0,55210.0,55210.0,55210.0,30
1780993940000,55219.0,55219.0,55219.0,55219.0,60
1780993945000,55211.2,55211.2,55211.2,55211.2,240
1780993955000,55219.0,55219.0,55211.4,55211.4,90
1780993960000,55219.0,55219.0,55219.0,55219.0,30
1780993970000,55215.0,55215.0,55215.0,55215.0,90
1780993980000,55212.2,55212.2,55212.2,55212.2,60
1780993990000,55213.0,55213.0,55213.0,55213.0,300
1780994005000,55212.2,55212.2,55212.2,55212.2,30
1780994010000,55210.0,55210.0,55210.0,55210.0,30
1780994025000,55210.0,55210.0,55210.0,55210.0,570
1780994030000,55218.0,55218.0,55218.0,55218.0,120
1780994035000,55205.2,55205.2,55205.2,55205.2,30
1780994050000,55207.2,55207.2,55207.2,55207.2,30
1780994055000,55217.0,55217.0,55217.0,55217.0,120
1780994060000,55215.0,55215.0,55215.0,55215.0,90
1780994065000,55214.6,55214.6,55214.6,55214.6,30
1780994075000,55217.8,55217.8,55217.8,55217.8,30
1780994090000,55206.2,55217.8,55206.2,55217.8,90
1780994095000,55217.8,55217.8,55217.8,55217.8,30
1780994105000,55217.8,55217.8,55217.8,55217.8,60
1780994110000,55217.4,55217.4,55217.0,55217.0,150
1780994120000,55216.0,55216.0,55216.0,55216.0,30
1780994125000,55210.8,55210.8,55210.8,55210.8,30
1780994130000,55218.0,55218.0,55218.0,55218.0,570
1780994135000,55220.0,55220.0,55220.0,55220.0,420
1780994140000,55220.0,55220.0,55210.0,55210.0,570
1780994145000,55220.0,55220.0,55220.0,55220.0,900
1780994150000,55220.0,55220.0,55220.0,55220.0,30
1780994155000,55223.0,55237.0,55223.0,55237.0,450
1780994160000,55237.0,55237.0,55237.0,55237.0,60
1780994165000,55231.8,55242.0,55231.8,55242.0,480
1780994170000,55243.0,55243.0,55243.0,55243.0,150
1780994175000,55241.2,55241.2,55233.4,55233.4,720
1780994180000,55235.8,55235.8,55235.8,55235.8,30
1780994185000,55215.6,55215.6,55215.6,55215.6,60
1780994190000,55235.0,55235.0,55235.0,55235.0,30
1780994195000,55234.0,55234.0,55234.0,55234.0,30
1780994200000,55209.2,55240.0,55209.2,55240.0,1080
1780994205000,55240.0,55240.0,55240.0,55240.0,120
1780994210000,55240.0,55240.0,55240.0,55240.0,60
1780994215000,55244.0,55244.0,55244.0,55244.0,90
1780994220000,55240.0,55240.0,55240.0,55240.0,90
1780994225000,55244.0,55244.0,55244.0,55244.0,300
1780994235000,55244.0,55244.0,55244.0,55244.0,30
1780994240000,55240.0,55243.8,55240.0,55243.8,210
1780994245000,55243.8,55243.8,55243.8,55243.8,90
1780994255000,55243.8,55243.8,55243.8,55243.8,60
1780994265000,55243.8,55243.8,55243.8,55243.8,90
1780994275000,55244.0,55244.0,55243.8,55243.8,60
1780994280000,55243.8,55245.0,55243.8,55245.0,480
1780994285000,55249.2,55249.2,55245.0,55245.0,510
1780994290000,55250.0,55250.0,55250.0,55250.0,1260
1780994300000,55250.0,55250.0,55250.0,55250.0,90
1780994305000,55250.0,55254.0,55250.0,55254.0,270
1780994310000,55250.0,55250.0,55250.0,55250.0,90
1780994315000,55254.6,55254.6,55254.6,55254.6,120
1780994325000,55250.0,55250.0,55250.0,55250.0,390
1780994335000,55250.0,55250.0,55250.0,55250.0,120
1780994340000,55254.6,55255.0,55246.0,55246.0,660
1780994345000,55245.0,55255.0,55245.0,55255.0,120
1780994350000,55255.0,55255.0,55255.0,55255.0,30
1780994355000,55254.6,55254.6,55244.4,55244.4,180
1780994360000,55255.0,55255.0,55255.0,55255.0,270
1780994365000,55256.0,55260.0,55250.0,55250.0,1020
1780994370000,55264.0,55264.0,55251.2,55251.2,570
1780994375000,55270.0,55270.0,55266.2,55266.2,210
1780994380000,55270.0,55270.0,55270.0,55270.0,360
1780994385000,55269.6,55269.6,55255.0,55255.0,60
1780994390000,55250.0,55250.0,55250.0,55250.0,30
1780994395000,55253.8,55253.8,55250.0,55250.0,240
1780994400000,55275.0,55275.0,55269.0,55269.0,1560
1780994405000,55269.0,55269.0,55269.0,55269.0,60
1780994410000,55254.0,55254.0,55254.0,55254.0,90
1780994415000,55250.0,55250.0,55250.0,55250.0,450
1780994420000,55258.0,55258.0,55254.0,55254.0,180
1780994425000,55251.8,55268.8,55251.8,55268.8,480
1780994430000,55264.8,55264.8,55250.0,55250.0,90
1780994435000,55245.2,55245.2,55245.2,55245.2,30
1780994455000,55260.0,55260.0,55250.2,55250.2,150
1780994465000,55250.0,55250.0,55250.0,55250.0,90
1780994470000,55260.0,55260.0,55260.0,55260.0,120
1780994475000,55246.2,55250.0,55246.2,55250.0,60
1780994480000,55250.0,55250.0,55250.0,55250.0,360
1780994485000,55260.0,55260.0,55260.0,55260.0,150
1780994490000,55251.6,55251.6,55251.6,55251.6,30
1780994495000,55260.0,55260.0,55251.6,55251.6,120
1780994505000,55251.6,55251.6,55251.6,55251.6,150
1780994510000,55250.0,55250.0,55250.0,55250.0,180
1780994515000,55260.0,55260.0,55250.0,55250.0,120
1780994520000,55251.4,55251.4,55248.2,55248.2,90
1780994525000,55251.4,55264.0,55251.4,55264.0,180
1780994530000,55260.0,55260.0,55254.0,55254.0,60
1780994535000,55251.6,55251.6,55251.6,55251.6,90
1780994540000,55254.0,55265.0,55254.0,55265.0,90
1780994545000,55252.8,55270.0,55252.8,55270.0,450
1780994550000,55254.4,55254.4,55254.4,55254.4,150
1780994555000,55272.0,55272.0,55253.4,55253.4,450
1780994560000,55270.0,55270.0,55261.0,55261.0,270
1780994565000,55253.4,55253.4,55253.4,55253.4,60
1780994570000,55265.0,55265.0,55256.4,55256.4,120
1780994575000,55256.6,55270.0,55256.6,55270.0,90
1780994580000,55270.0,55270.0,55270.0,55270.0,30
1780994585000,55269.8,55270.0,55269.8,55270.0,60
1780994590000,55269.8,55269.8,55269.8,55269.8,60
1780994595000,55256.8,55256.8,55256.8,55256.8,30
1780994600000,55263.4,55263.4,55263.4,55263.4,30
1780994605000,55262.4,55262.4,55258.0,55258.0,180
1780994610000,55245.0,55257.8,55245.0,55256.6,570
1780994615000,55253.4,55253.4,55253.4,55253.4,30
1780994620000,55250.0,55250.0,55230.0,55230.0,180
1780994625000,55235.4,55235.4,55234.4,55234.4,120
1780994630000,55240.0,55240.0,55233.8,55233.8,90
1780994640000,55250.0,55250.0,55240.0,55240.0,120
1780994645000,55230.0,55230.0,55230.0,55230.0,30
1780994650000,55243.2,55243.2,55240.0,55240.0,90
1780994660000,55244.6,55244.6,55244.6,55244.6,30
1780994665000,55241.0,55245.0,55240.0,55240.0,150
1780994675000,55241.2,55241.2,55241.2,55241.2,30
1780994680000,55240.2,55249.2,55240.2,55249.2,60
1780994685000,55249.0,55249.0,55249.0,55249.0,30
1780994690000,55246.0,55246.0,55227.2,55227.2,270
1780994695000,55227.0,55227.0,55227.0,55227.0,30
1780994700000,55239.2,55239.2,55239.2,55239.2,30
1780994710000,55233.8,55233.8,55233.8,55233.8,90
1780994720000,55230.0,55230.0,55230.0,55230.0,30
1780994725000,55221.2,55221.2,55221.2,55221.2,30
1780994735000,55222.4,55222.4,55210.0,55210.0,270
1780994740000,55202.4,55219.2,55201.6,55201.6,150
1780994750000,55219.6,55219.6,55201.2,55201.2,240
1780994760000,55219.2,55220.0,55201.2,55201.2,90
1780994765000,55215.0,55215.0,55205.2,55205.2,60
1780994770000,55219.2,55219.2,55219.2,55219.2,30
1780994780000,55210.0,55210.0,55210.0,55210.0,90
1780994800000,55210.0,55210.0,55210.0,55210.0,30
1780994815000,55210.0,55210.0,55205.2,55205.2,60
1780994820000,55200.0,55200.0,55200.0,55200.0,1890
1780994825000,55200.0,55200.0,55200.0,55200.0,210
1780994830000,55200.0,55200.0,55191.0,55191.0,60
1780994835000,55191.0,55191.0,55191.0,55191.0,30
1780994840000,55190.0,55190.0,55190.0,55190.0,30
1780994845000,55200.0,55200.0,55190.0,55190.0,60
1780994850000,55187.2,55187.2,55187.2,55187.2,30
1780994855000,55185.0,55195.0,55185.0,55195.0,180
1780994860000,55199.8,55199.8,55195.0,55195.0,90
1780994865000,55200.0,55200.0,55200.0,55200.0,690
1780994870000,55200.0,55200.0,55200.0,55200.0,330
1780994875000,55200.0,55200.0,55200.0,55200.0,390
1780994880000,55200.0,55200.0,55190.0,55190.0,150
1780994885000,55200.0,55200.0,55200.0,55200.0,90
1780994890000,55190.0,55200.0,55190.0,55199.0,120
1780994895000,55199.0,55199.0,55186.0,55186.0,60
1780994900000,55200.0,55200.0,55200.0,55200.0,90
1780994905000,55195.0,55200.0,55195.0,55200.0,480
1780994910000,55200.0,55200.0,55199.8,55199.8,360
1780994915000,55200.0,55200.0,55200.0,55200.0,30
1780994925000,55195.2,55195.2,55195.2,55195.2,60
1780994935000,55199.0,55199.0,55195.0,55195.0,90
1780994940000,55200.0,55200.0,55200.0,55200.0,60
1780994945000,55199.0,55199.0,55199.0,55199.0,210
1780994950000,55200.0,55200.0,55200.0,55200.0,60
1780994955000,55200.0,55200.0,55199.0,55199.0,60
1780994960000,55200.0,55200.0,55193.0,55193.0,240
1780994975000,55210.0,55210.0,55210.0,55210.0,120
1780994995000,55195.0,55195.0,55193.0,55193.0,150
1780995000000,55193.8,55193.8,55193.8,55193.8,150
1780995005000,55185.4,55185.4,55185.4,55185.4,30
1780995010000,55185.4,55185.4,55184.6,55184.6,1020
1780995015000,55184.0,55184.0,55180.0,55180.0,210
1780995020000,55183.4,55183.4,55175.0,55175.0,90
1780995025000,55180.0,55180.0,55175.0,55175.0,240
1780995030000,55170.0,55178.0,55170.0,55178.0,660
1780995035000,55161.6,55161.6,55161.6,55161.6,150
1780995040000,55165.6,55185.0,55165.6,55185.0,60
1780995045000,55165.4,55166.4,55165.4,55166.4,180
1780995055000,55176.0,55185.0,55176.0,55185.0,90
1780995060000,55189.0,55189.0,55189.0,55189.0,60
1780995070000,55177.2,55185.4,55177.2,55185.4,180
1780995080000,55177.4,55177.4,55177.4,55177.4,30
1780995085000,55185.4,55185.4,55185.4,55185.4,30
1780995090000,55180.0,55180.0,55178.8,55178.8,90
1780995095000,55178.6,55178.6,55178.6,55178.6,30
1780995105000,55180.6,55180.6,55179.2,55179.2,60
1780995110000,55178.6,55178.6,55178.6,55178.6,60
1780995115000,55161.4,55161.4,55161.2,55161.2,750
1780995120000,55171.8,55171.8,55171.8,55171.8,30
1780995125000,55161.0,55161.0,55160.2,55160.2,60
1780995135000,55171.0,55174.6,55160.0,55174.6,630
1780995140000,55160.0,55160.0,55160.0,55160.0,60
1780995155000,55170.0,55170.0,55170.0,55170.0,60
1780995165000,55179.4,55179.4,55179.4,55179.4,60
1780995170000,55178.4,55178.4,55178.4,55178.4,30
1780995180000,55165.0,55170.0,55165.0,55170.0,90
1780995185000,55162.0,55162.0,55162.0,55162.0,30
1780995190000,55165.0,55165.0,55165.0,55165.0,60
1780995195000,55165.4,55170.0,55165.0,55165.0,120
1780995200000,55170.0,55170.0,55170.0,55170.0,30
1780995205000,55175.8,55175.8,55175.8,55175.8,30
1780995210000,55170.0,55179.4,55170.0,55179.4,420
1780995220000,55175.0,55175.0,55175.0,55175.0,30
1780995225000,55179.4,55179.4,55179.4,55179.4,30
1780995235000,55173.4,55173.4,55173.4,55173.4,60
1780995240000,55165.0,55174.8,55159.0,55159.0,750
1780995245000,55175.0,55175.0,55175.0,55175.0,60
1780995250000,55159.0,55175.0,55159.0,55175.0,90
1780995265000,55175.0,55175.0,55175.0,55175.0,120
1780995275000,55162.4,55162.4,55162.4,55162.4,30
1780995285000,55189.0,55196.4,55189.0,55196.4,570
1780995290000,55198.0,55198.0,55198.0,55198.0,60
1780995300000,55195.4,55195.4,55195.4,55195.4,60
1780995305000,55195.4,55198.8,55195.4,55198.8,60
1780995310000,55182.0,55182.0,55182.0,55182.0,30
1780995315000,55199.0,55199.0,55199.0,55199.0,60
1780995320000,55199.0,55199.0,55199.0,55199.0,90
1780995330000,55199.8,55210.0,55199.8,55210.0,330
1780995345000,55220.0,55220.0,55220.0,55220.0,120
1780995350000,55220.0,55220.0,55220.0,55220.0,60
1780995355000,55212.8,55212.8,55212.8,55212.8,120
1780995360000,55225.0,55230.0,55225.0,55230.0,120
1780995365000,55220.0,55230.0,55210.8,55230.0,270
1780995375000,55213.8,55213.8,55210.4,55210.4,60
1780995390000,55221.6,55225.8,55221.6,55225.8,180
1780995395000,55223.8,55224.2,55223.8,55224.2,60
1780995405000,55211.0,55211.0,55211.0,55211.0,30
1780995410000,55211.0,55211.0,55211.0,55211.0,30
1780995425000,55211.0,55230.4,55211.0,55230.4,240
1780995440000,55223.6,55223.6,55223.6,55223.6,60
1780995450000,55223.6,55223.6,55223.6,55223.6,30
1780995455000,55225.2,55225.2,55225.2,55225.2,60
1780995475000,55223.6,55225.0,55223.6,55225.0,150
1780995480000,55240.0,55240.0,55222.8,55222.8,210
1780995485000,55230.0,55230.0,55230.0,55230.0,30
1780995490000,55243.6,55243.6,55243.6,55243.6,330
1780995495000,55243.6,55243.6,55243.6,55243.6,60
1780995500000,55235.0,55235.0,55235.0,55235.0,120
1780995510000,55247.0,55249.0,55247.0,55249.0,180
1780995515000,55248.0,55248.0,55248.0,55248.0,90
1780995520000,55250.0,55250.0,55250.0,55250.0,210
1780995525000,55250.0,55250.0,55250.0,55250.0,30
1780995550000,55257.2,55257.2,55257.2,55257.2,1200
1780995555000,55251.6,55254.4,55251.6,55254.4,150
1780995560000,55245.4,55255.0,55245.4,55255.0,90
1780995565000,55240.2,55240.2,55240.2,55240.2,60
1780995585000,55254.0,55255.0,55254.0,55255.0,90
1780995595000,55253.0,55253.0,55253.0,55253.0,30
1780995600000,55256.0,55256.0,55254.6,55254.6,150
1780995605000,55251.0,55251.0,55251.0,55251.0,60
1780995610000,55240.0,55240.0,55240.0,55240.0,30
1780995615000,55240.8,55240.8,55239.2,55239.2,240
1780995625000,55253.0,55254.0,55229.0,55229.0,420
1780995635000,55250.0,55250.0,55250.0,55250.0,30
1780995640000,55250.0,55250.0,55250.0,55250.0,210
1780995645000,55250.0,55250.0,55250.0,55250.0,30
1780995650000,55249.0,55249.0,55249.0,55249.0,30
1780995655000,55249.0,55249.0,55240.2,55240.2,60
1780995665000,55239.6,55239.6,55237.6,55237.6,120
1780995675000,55237.6,55237.6,55237.6,55237.6,30
1780995680000,55230.0,55230.0,55230.0,55230.0,120
1780995690000,55237.6,55237.6,55237.6,55237.6,30
1780995695000,55245.0,55245.0,55245.0,55245.0,180
1780995715000,55250.0,55250.0,55250.0,55250.0,510
1780995720000,55234.4,55250.0,55234.4,55250.0,60
1780995725000,55250.0,55255.8,55250.0,55255.8,540
1780995730000,55256.0,55257.0,55256.0,55257.0,90
1780995735000,55257.0,55257.0,55257.0,55257.0,150
1780995745000,55257.2,55257.2,55257.2,55257.2,90
1780995750000,55257.0,55257.0,55257.0,55257.0,30
1780995755000,55257.0,55259.0,55257.0,55259.0,120
1780995765000,55259.8,55259.8,55259.8,55259.8,30
1780995770000,55265.0,55265.0,55265.0,55265.0,150
1780995775000,55265.0,55265.0,55265.0,55265.0,90
1780995780000,55279.0,55280.0,55279.0,55280.0,1620
1780995785000,55280.0,55280.0,55280.0,55280.0,60
1780995790000,55280.0,55280.0,55280.0,55280.0,240
1780995795000,55280.0,55280.0,55280.0,55280.0,150
1780995800000,55280.0,55280.0,55247.6,55265.6,330
1780995805000,55280.0,55280.0,55276.0,55276.0,60
1780995810000,55279.0,55279.0,55279.0,55279.0,60
1780995815000,55280.0,55280.0,55278.0,55278.0,270
1780995820000,55275.0,55280.0,55275.0,55280.0,150
1780995825000,55280.0,55280.0,55280.0,55280.0,30
1780995830000,55279.0,55284.8,55279.0,55284.8,990
1780995835000,55285.0,55285.0,55280.0,55285.0,210
1780995840000,55285.0,55285.0,55285.0,55285.0,90
1780995845000,55286.2,55287.2,55286.0,55286.0,300
1780995850000,55288.0,55288.0,55286.0,55286.0,870
1780995855000,55289.0,55289.0,55268.2,55268.2,120
1780995860000,55270.0,55270.0,55270.0,55270.0,30
1780995875000,55290.0,55290.0,55290.0,55290.0,750
1780995880000,55271.0,55284.4,55271.0,55284.4,120
1780995885000,55285.0,55290.4,55280.0,55280.0,450
1780995890000,55291.2,55291.2,55291.2,55291.2,30
1780995895000,55291.2,55291.2,55291.2,55291.2,60
1780995900000,55295.0,55298.0,55280.2,55298.0,1080
1780995905000,55298.0,55299.0,55298.0,55298.0,540
1780995910000,55299.0,55299.0,55290.8,55290.8,840
1780995915000,55298.0,55299.0,55295.0,55295.0,630
1780995920000,55299.8,55299.8,55292.0,55299.8,480
1780995925000,55299.8,55299.8,55295.0,55295.0,180
1780995930000,55308.0,55317.2,55308.0,55309.2,9060
1780995935000,55300.0,55306.2,55300.0,55300.0,180
1780995940000,55300.0,55301.6,55300.0,55300.0,210
1780995945000,55300.0,55300.0,55300.0,55300.0,2100
1780995950000,55299.6,55299.8,55299.6,55299.8,210
1780995955000,55298.0,55298.0,55298.0,55298.0,240
1780995960000,55290.0,55290.0,55290.0,55290.0,540
1780995970000,55297.4,55297.4,55297.4,55297.4,30
1780995975000,55297.2,55297.2,55293.0,55293.0,270
1780995980000,55297.0,55297.0,55297.0,55297.0,90
1780995985000,55297.6,55297.6,55297.6,55297.6,90
1780995990000,55297.0,55298.0,55297.0,55297.6,270
1780995995000,55298.0,55298.0,55298.0,55298.0,30
1780996000000,55300.0,55300.0,55300.0,55300.0,120
1780996005000,55299.0,55299.0,55299.0,55299.0,60
1780996010000,55295.0,55295.0,55295.0,55295.0,300
1780996015000,55290.0,55294.8,55288.0,55294.8,300
1780996020000,55294.8,55294.8,55288.0,55288.0,270
1780996025000,55282.6,55282.6,55282.6,55282.6,30
1780996030000,55289.6,55295.0,55289.6,55295.0,120
1780996035000,55290.0,55290.0,55290.0,55290.0,60
1780996040000,55299.0,55299.0,55299.0,55299.0,210
1780996045000,55299.0,55299.0,55296.0,55296.0,210
1780996050000,55299.0,55300.0,55299.0,55300.0,210
1780996055000,55300.0,55300.0,55300.0,55300.0,30
1780996060000,55300.0,55300.0,55296.2,55296.2,120
1780996065000,55300.0,55300.0,55300.0,55300.0,120
1780996070000,55301.0,55305.0,55301.0,55305.0,270
1780996075000,55305.0,55305.0,55305.0,55305.0,330
1780996080000,55305.0,55310.0,55305.0,55310.0,390
1780996085000,55315.0,55320.0,55315.0,55315.4,810
1780996090000,55315.2,55320.0,55315.2,55319.0,180
1780996095000,55324.0,55330.0,55319.0,55319.0,1500
1780996100000,55319.0,55319.0,55319.0,55319.0,120
1780996105000,55319.0,55329.8,55319.0,55329.8,300
1780996110000,55330.0,55330.0,55325.4,55325.4,360
1780996115000,55331.6,55331.6,55325.4,55325.4,510
1780996120000,55325.4,55332.2,55320.0,55325.4,360
1780996125000,55333.4,55333.8,55319.0,55319.0,600
1780996130000,55319.4,55325.0,55319.4,55325.0,120
1780996135000,55333.8,55333.8,55333.8,55333.8,30
1780996140000,55332.0,55333.0,55332.0,55333.0,90
1780996145000,55325.4,55328.0,55325.4,55328.0,90
1780996150000,55340.0,55340.0,55333.0,55339.0,450
1780996155000,55338.0,55340.0,55338.0,55340.0,270
1780996160000,55340.0,55345.0,55339.0,55339.0,420
1780996165000,55339.0,55341.0,55339.0,55340.0,390
1780996170000,55345.0,55349.0,55345.0,55346.8,720
1780996175000,55341.4,55350.0,55341.4,55350.0,510
1780996180000,55350.0,55350.0,55347.6,55347.8,510
1780996185000,55355.0,55355.0,55351.0,55355.0,1200
1780996190000,55355.0,55356.0,55355.0,55355.0,480
1780996195000,55356.0,55359.8,55355.0,55359.8,480
1780996200000,55359.8,55365.0,55357.6,55365.0,570
1780996205000,55368.0,55375.0,55368.0,55375.0,600
1780996210000,55376.0,55380.0,55375.0,55380.0,480
1780996215000,55377.0,55382.4,55377.0,55380.0,600
1780996220000,55379.8,55384.0,55379.8,55380.0,180
1780996225000,55376.0,55388.4,55376.0,55388.4,570
1780996230000,55388.8,55389.0,55385.0,55387.0,330
1780996235000,55389.0,55390.0,55389.0,55390.0,180
1780996240000,55390.4,55391.0,55387.0,55391.0,660
1780996245000,55397.0,55397.0,55390.0,55390.0,1080
1780996250000,55393.8,55399.6,55393.8,55399.0,840
1780996255000,55399.6,55399.6,55399.4,55399.4,600
1780996260000,55405.0,55418.0,55403.0,55409.8,5790
1780996265000,55419.8,55419.8,55399.6,55399.6,3060
1780996270000,55419.8,55419.8,55410.2,55410.4,240
1780996275000,55420.0,55437.6,55420.0,55437.6,1650
1780996280000,55420.2,55439.0,55420.0,55439.0,1050
1780996285000,55439.8,55439.8,55430.2,55430.2,270
1780996290000,55430.2,55437.8,55430.2,55437.8,540
1780996295000,55430.2,55430.2,55430.0,55430.0,240
1780996300000,55437.8,55437.8,55431.0,55437.8,300
1780996305000,55440.0,55440.0,55431.0,55431.0,630
1780996310000,55435.0,55441.2,55431.0,55441.2,630
1780996315000,55437.0,55440.0,55435.0,55435.0,300
1780996320000,55440.0,55440.0,55435.0,55435.0,180
1780996325000,55443.0,55443.0,55435.0,55435.0,240
1780996330000,55435.0,55443.0,55435.0,55443.0,210
1780996335000,55443.0,55443.0,55437.0,55441.0,90
1780996340000,55442.8,55443.0,55440.0,55440.0,390
1780996345000,55443.0,55443.0,55441.8,55441.8,270
1780996350000,55441.8,55441.8,55430.0,55431.8,1590
1780996355000,55429.0,55429.0,55425.0,55425.0,180
1780996360000,55426.0,55429.8,55425.0,55429.8,750
1780996365000,55430.0,55430.0,55425.0,55425.0,390
1780996370000,55425.0,55425.0,55420.0,55424.0,300
1780996375000,55424.0,55425.0,55419.2,55419.2,90
1780996380000,55419.0,55425.0,55419.0,55425.0,330
1780996385000,55420.0,55420.0,55411.4,55413.2,210
1780996390000,55410.4,55410.4,55402.4,55402.4,750
1780996395000,55405.8,55410.0,55405.8,55406.8,150
1780996400000,55410.0,55410.0,55408.0,55408.0,240
1780996405000,55410.0,55410.0,55410.0,55410.0,180
1780996410000,55410.0,55420.0,55410.0,55420.0,180
1780996415000,55408.0,55408.0,55408.0,55408.0,300
1780996420000,55408.0,55408.0,55401.4,55401.4,420
1780996425000,55420.0,55420.0,55410.8,55419.8,120
1780996430000,55411.0,55411.0,55411.0,55411.0,150
1780996435000,55411.8,55413.0,55411.8,55413.0,60
1780996440000,55417.2,55420.0,55415.2,55415.2,210
1780996445000,55420.0,55420.0,55415.2,55420.0,150
1780996450000,55425.0,55425.0,55423.6,55423.6,240
1780996455000,55424.2,55428.0,55424.2,55428.0,210
1780996460000,55423.4,55430.0,55417.0,55430.0,1200
1780996465000,55423.0,55423.0,55423.0,55423.0,60
1780996470000,55421.0,55421.0,55419.6,55419.8,210
1780996475000,55420.0,55425.0,55420.0,55425.0,270
1780996480000,55420.0,55428.0,55420.0,55428.0,60
1780996485000,55428.0,55428.0,55415.8,55415.8,120
1780996490000,55428.0,55428.0,55420.0,55420.0,60
1780996495000,55416.4,55425.0,55416.4,55425.0,210
1780996500000,55425.0,55425.0,55420.0,55420.0,120
1780996505000,55425.0,55428.0,55420.0,55428.0,180
1780996510000,55421.8,55425.0,55421.8,55425.0,90
1780996515000,55430.0,55430.0,55430.0,55430.0,840
1780996520000,55430.0,55430.0,55425.0,55425.0,780
1780996525000,55425.2,55425.2,55425.0,55425.0,60
1780996530000,55425.0,55428.0,55425.0,55428.0,900
1780996535000,55420.2,55428.0,55420.2,55428.0,330
1780996540000,55420.2,55420.2,55420.2,55420.2,150
1780996545000,55425.2,55425.2,55420.0,55420.0,300
1780996550000,55421.2,55426.4,55421.2,55426.4,90
1780996555000,55415.2,55421.0,55415.2,55421.0,1140
1780996560000,55415.0,55423.0,55415.0,55423.0,150
1780996565000,55422.0,55423.0,55422.0,55423.0,330
1780996570000,55399.6,55416.8,55399.6,55416.8,990
1780996575000,55400.2,55400.2,55400.2,55400.2,30
1780996580000,55413.2,55413.2,55403.6,55412.8,240
1780996585000,55404.2,55412.4,55404.2,55405.6,270
1780996590000,55404.2,55404.2,55400.4,55400.4,270
1780996595000,55405.0,55405.0,55399.6,55399.6,240
1780996600000,55405.0,55405.0,55405.0,55405.0,330
1780996605000,55399.6,55400.0,55399.6,55400.0,420
1780996610000,55399.6,55399.6,55399.6,55399.6,90
1780996615000,55399.6,55400.0,55399.6,55399.6,480
1780996620000,55399.0,55399.6,55399.0,55399.6,270
1780996625000,55397.0,55400.0,55397.0,55397.0,330
1780996630000,55399.6,55399.6,55397.2,55397.2,120
1780996635000,55405.0,55405.0,55401.6,55401.8,300
1780996640000,55402.8,55405.0,55402.8,55405.0,180
1780996645000,55402.0,55405.0,55402.0,55403.0,600
1780996650000,55403.2,55403.2,55400.0,55400.0,450
1780996655000,55400.0,55400.0,55397.0,55397.0,150
1780996660000,55403.4,55403.4,55400.0,55400.0,600
1780996665000,55400.0,55405.0,55400.0,55400.0,120
1780996670000,55400.0,55401.0,55400.0,55401.0,60
1780996675000,55400.0,55400.0,55400.0,55400.0,240
1780996680000,55403.8,55405.0,55400.0,55405.0,210
1780996685000,55405.0,55405.0,55402.8,55402.8,240
1780996690000,55402.8,55405.0,55401.0,55401.0,210
1780996695000,55400.6,55400.6,55400.4,55400.4,120
1780996700000,55400.0,55401.4,55400.0,55401.4,180
1780996705000,55405.0,55405.0,55400.4,55405.0,180
1780996710000,55405.0,55405.0,55401.4,55401.4,210
1780996715000,55401.4,55401.4,55401.4,55401.4,120
1780996720000,55402.4,55402.4,55402.4,55402.4,30
1780996725000,55402.0,55404.2,55402.0,55402.4,150
1780996730000,55402.0,55402.0,55400.2,55400.2,150
1780996735000,55402.0,55402.0,55401.2,55401.2,150
1780996740000,55402.0,55402.0,55401.2,55401.2,180
1780996745000,55401.2,55401.2,55397.6,55397.6,270
1780996750000,55397.6,55397.6,55397.6,55397.6,120
1780996755000,55390.2,55396.6,55390.2,55396.6,420
1780996760000,55397.6,55397.6,55396.6,55396.6,60
1780996765000,55400.0,55400.0,55400.0,55400.0,30
1780996770000,55397.4,55397.4,55397.4,55397.4,30
1780996775000,55400.0,55400.0,55400.0,55400.0,540
1780996780000,55390.6,55390.6,55390.6,55390.6,60
1780996790000,55391.2,55391.2,55391.2,55391.2,30
1780996795000,55391.2,55397.6,55391.2,55397.6,60
1780996800000,55391.2,55391.2,55391.2,55391.2,90
1780996805000,55397.6,55397.6,55391.0,55391.0,120
1780996810000,55390.8,55390.8,55390.8,55390.8,30
1780996815000,55391.0,55391.0,55390.8,55390.8,240
1780996820000,55390.8,55399.0,55390.8,55399.0,210
1780996825000,55400.0,55400.0,55400.0,55400.0,300
1780996830000,55400.0,55400.0,55393.8,55400.0,300
1780996835000,55400.0,55400.0,55400.0,55400.0,360
1780996840000,55400.0,55400.0,55400.0,55400.0,360
1780996845000,55410.0,55415.6,55410.0,55415.6,450
1780996850000,55420.0,55422.8,55420.0,55422.8,660
1780996855000,55420.0,55422.6,55420.0,55422.6,120
1780996860000,55423.4,55423.4,55415.0,55415.0,570
1780996870000,55415.0,55425.0,55415.0,55425.0,360
1780996875000,55425.0,55425.0,55415.0,55415.0,150
1780996880000,55415.0,55415.0,55415.0,55415.0,120
1780996885000,55415.0,55415.0,55415.0,55415.0,90
1780996890000,55415.2,55415.2,55415.0,55415.0,180
1780996895000,55415.0,55415.0,55415.0,55415.0,210
1780996900000,55415.0,55415.0,55415.0,55415.0,270
1780996905000,55415.0,55415.0,55415.0,55415.0,360
1780996910000,55415.0,55415.0,55408.2,55408.2,120
1780996915000,55407.8,55407.8,55407.8,55407.8,150
1780996920000,55410.0,55410.0,55410.0,55410.0,30
1780996925000,55415.0,55415.0,55415.0,55415.0,60
1780996930000,55415.0,55415.0,55413.0,55413.0,60
1780996935000,55415.0,55415.0,55412.0,55412.0,90
1780996940000,55415.0,55415.0,55411.0,55411.0,60
1780996945000,55411.0,55430.0,55411.0,55430.0,990
1780996950000,55430.0,55430.0,55430.0,55430.0,30
1780996955000,55425.0,55431.0,55412.2,55412.2,990
1780996960000,55420.6,55434.0,55420.6,55434.0,90
1780996965000,55435.0,55435.0,55435.0,55435.0,90
1780996970000,55435.0,55435.0,55419.2,55435.0,120
1780996975000,55434.0,55434.0,55434.0,55434.0,60
1780996980000,55421.2,55429.6,55421.2,55429.6,180
1780996985000,55434.0,55434.0,55427.6,55427.6,450
1780996990000,55416.2,55434.0,55416.2,55434.0,930
1780996995000,55435.0,55439.8,55435.0,55439.8,360
1780997000000,55440.0,55440.0,55440.0,55440.0,120
1780997005000,55440.0,55445.0,55440.0,55440.0,810
1780997010000,55445.0,55449.0,55445.0,55449.0,210
1780997015000,55443.4,55449.0,55443.4,55449.0,450
1780997020000,55449.0,55449.0,55449.0,55449.0,300
1780997025000,55449.0,55449.0,55445.0,55445.0,330
1780997030000,55449.0,55449.0,55443.6,55443.6,240
1780997035000,55449.0,55449.0,55443.6,55443.6,600
1780997040000,55448.0,55448.0,55443.6,55443.6,510
1780997045000,55443.6,55443.6,55443.6,55443.6,90
1780997050000,55443.0,55443.0,55443.0,55443.0,60
1780997055000,55443.6,55443.6,55441.0,55441.0,120
1780997060000,55449.0,55449.0,55444.0,55449.0,120
1780997065000,55449.0,55449.0,55444.0,55444.0,90
1780997070000,55448.0,55448.0,55448.0,55448.0,90
1780997075000,55449.0,55449.8,55449.0,55449.8,120
1780997080000,55449.8,55450.0,55449.0,55450.0,1110
1780997085000,55450.0,55450.0,55450.0,55450.0,420
1780997090000,55449.8,55450.0,55449.8,55450.0,870
1780997095000,55450.0,55450.0,55450.0,55450.0,390
1780997100000,55450.0,55450.0,55448.0,55448.0,1170
1780997105000,55448.0,55450.0,55448.0,55450.0,870
1780997110000,55450.0,55450.0,55450.0,55450.0,270
1780997115000,55451.0,55456.0,55451.0,55456.0,660
1780997120000,55457.6,55469.8,55457.6,55469.8,810
1780997125000,55465.2,55470.0,55460.0,55465.0,1290
1780997130000,55465.0,55465.2,55465.0,55465.0,570
1780997135000,55465.2,55465.2,55465.0,55465.0,120
1780997140000,55465.2,55470.0,55460.2,55460.2,930
1780997145000,55460.2,55468.4,55460.2,55468.4,120
1780997150000,55467.6,55467.6,55460.0,55460.0,300
1780997155000,55460.0,55460.2,55460.0,55460.2,120
1780997160000,55461.0,55464.4,55461.0,55464.4,90
1780997165000,55455.4,55460.0,55455.4,55460.0,570
1780997170000,55452.2,55452.2,55450.0,55450.0,240
1780997175000,55441.0,55441.0,55422.4,55422.4,1020
1780997185000,55423.4,55441.4,55423.4,55441.4,630
1780997190000,55423.4,55423.4,55423.4,55423.4,450
1780997195000,55441.6,55441.6,55441.6,55441.6,150
1780997200000,55441.6,55450.0,55441.6,55450.0,750
1780997205000,55444.2,55444.2,55444.2,55444.2,150
1780997210000,55438.4,55449.0,55425.6,55426.2,690
1780997215000,55420.0,55420.0,55420.0,55420.0,450
1780997225000,55442.8,55449.8,55420.0,55449.8,480
1780997230000,55442.8,55442.8,55442.8,55442.8,90
1780997235000,55449.0,55449.0,55449.0,55449.0,480
1780997240000,55442.0,55442.0,55423.8,55423.8,570
1780997245000,55442.0,55448.8,55430.0,55430.0,240
1780997250000,55430.0,55444.8,55422.0,55422.0,330
1780997255000,55430.0,55430.0,55430.0,55430.0,90
1780997260000,55440.0,55441.0,55440.0,55441.0,120
1780997265000,55423.4,55423.4,55422.2,55422.2,150
1780997270000,55439.0,55444.8,55439.0,55444.8,480
1780997275000,55421.4,55442.6,55421.4,55442.6,630
1780997280000,55432.6,55446.0,55432.6,55446.0,330
1780997285000,55421.0,55449.0,55421.0,55443.2,390
1780997290000,55449.0,55449.0,55421.8,55421.8,690
1780997295000,55450.0,55450.0,55422.8,55422.8,120
1780997300000,55422.8,55450.0,55422.8,55450.0,330
1780997305000,55449.0,55449.0,55440.0,55440.0,930
1780997310000,55440.0,55440.0,55440.0,55440.0,690
1780997315000,55440.0,55440.0,55436.8,55436.8,810
1780997320000,55431.0,55440.0,55431.0,55440.0,570
1780997325000,55439.8,55439.8,55431.4,55431.4,420
1780997330000,55430.0,55440.0,55430.0,55432.2,660
1780997335000,55430.2,55430.2,55430.0,55430.0,210
1780997340000,55434.0,55434.0,55434.0,55434.0,30
1780997345000,55428.0,55430.2,55425.4,55425.4,450
1780997350000,55434.0,55434.0,55434.0,55434.0,300
1780997355000,55435.4,55435.4,55425.4,55425.4,330
1780997360000,55430.0,55430.0,55418.0,55430.0,270
1780997365000,55419.2,55430.0,55419.2,55430.0,1020
1780997375000,55420.0,55431.2,55420.0,55431.2,180
1780997380000,55425.0,55425.0,55425.0,55425.0,30
1780997385000,55430.0,55435.0,55430.0,55431.2,720
1780997390000,55434.0,55434.0,55420.0,55434.0,360
1780997395000,55434.0,55434.0,55420.2,55420.2,480
1780997400000,55430.0,55430.0,55410.0,55410.0,900
1780997405000,55400.0,55400.0,55390.0,55390.0,720
1780997410000,55364.8,55364.8,55350.0,55351.2,1590
1780997415000,55382.2,55382.2,55373.2,55373.2,90
1780997420000,55350.0,55350.2,55349.0,55350.2,360
1780997425000,55350.2,55374.6,55336.0,55336.0,990
1780997430000,55322.4,55338.6,55322.4,55327.8,900
1780997435000,55340.0,55365.0,55334.6,55365.0,960
1780997440000,55357.0,55357.0,55356.0,55356.0,90
1780997445000,55356.0,55365.4,55334.0,55334.0,360
1780997450000,55361.4,55361.4,55334.2,55335.2,300
1780997455000,55333.0,55333.0,55333.0,55333.0,300
1780997460000,55350.0,55350.0,55350.0,55350.0,150
1780997465000,55350.4,55350.4,55336.0,55344.6,330
1780997470000,55340.0,55353.0,55336.0,55336.2,630
1780997480000,55342.0,55348.0,55341.0,55348.0,150
1780997485000,55341.2,55353.8,55341.2,55353.8,300
1780997490000,55350.0,55350.0,55350.0,55350.0,120
1780997495000,55356.0,55356.0,55354.6,55354.6,510
1780997500000,55345.2,55355.0,55345.2,55355.0,180
1780997505000,55345.4,55345.4,55345.2,55345.2,120
1780997510000,55345.2,55352.4,55345.2,55352.4,120
1780997515000,55345.4,55345.4,55345.2,55345.2,150
1780997520000,55345.4,55346.6,55345.4,55345.4,150
1780997525000,55348.4,55349.8,55345.4,55349.8,630
1780997530000,55345.4,55350.4,55345.4,55347.4,120
1780997535000,55345.0,55346.0,55345.0,55346.0,570
1780997540000,55340.0,55340.0,55340.0,55340.0,90
1780997545000,55340.0,55340.0,55337.2,55337.2,90
1780997550000,55340.0,55340.0,55335.0,55335.0,1080
1780997555000,55337.0,55337.0,55337.0,55337.0,120
1780997560000,55333.6,55333.6,55333.6,55333.6,30
1780997565000,55337.0,55337.0,55337.0,55337.0,60
1780997570000,55330.6,55330.6,55330.6,55330.6,60
1780997575000,55333.6,55333.6,55330.0,55333.0,360
1780997580000,55333.0,55340.0,55333.0,55340.0,300
1780997585000,55349.0,55350.0,55349.0,55350.0,720
1780997590000,55344.0,55344.0,55344.0,55344.0,90
1780997595000,55350.0,55350.0,55343.0,55343.0,180
1780997600000,55343.0,55343.0,55333.4,55333.4,420
1780997605000,55334.0,55335.8,55334.0,55335.8,90
1780997610000,55333.0,55333.2,55330.0,55330.0,600
1780997615000,55326.4,55329.0,55326.4,55329.0,60
1780997620000,55329.4,55331.0,55329.4,55331.0,60
1780997625000,55329.4,55329.4,55329.4,55329.4,540
1780997630000,55329.4,55329.4,55329.4,55329.4,180
1780997635000,55329.4,55330.2,55329.4,55330.2,1950
1780997640000,55322.6,55339.8,55322.6,55339.8,90
1780997655000,55343.8,55343.8,55343.8,55343.8,60
1780997660000,55342.8,55349.0,55342.8,55349.0,210
1780997665000,55349.0,55349.0,55346.0,55346.0,60
1780997675000,55346.0,55350.0,55346.0,55350.0,120
1780997680000,55350.0,55350.0,55350.0,55350.0,630
1780997685000,55350.0,55350.0,55350.0,55350.0,1260
1780997690000,55355.0,55356.0,55350.0,55356.0,240
1780997695000,55362.2,55362.2,55350.0,55362.2,330
1780997700000,55360.0,55365.0,55360.0,55365.0,420
1780997705000,55370.0,55370.0,55370.0,55370.0,390
1780997710000,55350.0,55370.0,55350.0,55370.0,540
1780997715000,55350.0,55370.0,55350.0,55370.0,600
1780997720000,55370.0,55380.0,55355.6,55380.0,870
1780997725000,55380.0,55385.0,55359.4,55359.4,570
1780997730000,55388.8,55388.8,55388.8,55388.8,30
1780997735000,55377.6,55377.6,55377.6,55377.6,600
1780997740000,55384.8,55384.8,55350.0,55350.0,510
1780997745000,55384.8,55384.8,55354.4,55354.4,480
1780997750000,55354.2,55384.8,55354.2,55384.8,480
1780997755000,55385.0,55385.0,55355.8,55355.8,540
1780997760000,55388.8,55390.0,55383.8,55383.8,270
1780997765000,55385.0,55390.0,55363.0,55390.0,600
1780997770000,55367.6,55390.0,55367.6,55390.0,570
1780997775000,55384.0,55390.0,55354.4,55390.0,540
1780997780000,55384.0,55384.0,55384.0,55384.0,30
1780997785000,55363.6,55383.0,55363.6,55383.0,510
1780997790000,55362.6,55383.0,55362.6,55383.0,480
1780997795000,55376.0,55390.0,55376.0,55390.0,540
1780997800000,55379.6,55379.6,55379.6,55379.6,570
1780997805000,55361.0,55361.0,55361.0,55361.0,480
1780997810000,55389.6,55389.6,55389.6,55389.6,240
1780997815000,55350.0,55387.2,55350.0,55387.2,510
1780997820000,55350.0,55350.0,55350.0,55350.0,450
1780997825000,55354.8,55354.8,55354.8,55354.8,480
1780997830000,55350.0,55350.0,55350.0,55350.0,450
1780997835000,55382.4,55382.4,55378.2,55378.2,750
1780997840000,55378.0,55378.0,55373.8,55377.8,1110
1780997845000,55380.0,55380.0,55380.0,55380.0,30
1780997850000,55355.0,55355.0,55355.0,55355.0,90
1780997855000,55360.0,55360.0,55350.0,55350.0,90
1780997860000,55346.6,55346.6,55346.6,55346.6,90
1780997865000,55350.0,55350.0,55350.0,55350.0,90
1780997870000,55351.4,55360.0,55349.6,55350.0,150
1780997875000,55350.0,55350.0,55350.0,55350.0,30
1780997880000,55350.0,55351.0,55350.0,55350.2,210
1780997885000,55350.0,55350.0,55350.0,55350.0,330
1780997890000,55369.2,55369.2,55369.0,55369.0,240
1780997895000,55364.8,55364.8,55357.2,55357.2,240
1780997900000,55369.2,55369.2,55369.2,55369.2,90
1780997905000,55360.0,55374.0,55360.0,55374.0,840
1780997910000,55376.4,55376.4,55372.8,55372.8,570
1780997915000,55350.4,55350.4,55350.0,55350.0,360
1780997920000,55351.0,55351.0,55351.0,55351.0,390
1780997925000,55367.0,55367.0,55367.0,55367.0,450
1780997930000,55379.6,55379.6,55379.4,55379.4,240
1780997935000,55375.0,55377.6,55367.0,55377.6,540
1780997940000,55379.4,55379.4,55345.8,55345.8,1080
1780997945000,55351.6,55351.6,55351.6,55351.6,450
1780997950000,55370.8,55370.8,55351.4,55351.4,270
1780997955000,55351.8,55351.8,55351.8,55351.8,30
1780997960000,55351.6,55351.6,55351.6,55351.6,90
1780997965000,55351.4,55351.4,55348.8,55348.8,180
1780997970000,55377.8,55380.0,55377.8,55380.0,300
1780997975000,55366.0,55380.0,55366.0,55380.0,510
1780997980000,55369.0,55369.0,55369.0,55369.0,30
1780997985000,55380.0,55380.0,55380.0,55380.0,300
1780997990000,55364.6,55380.0,55364.6,55368.6,570
1780997995000,55369.4,55369.4,55350.0,55350.0,480
1780998000000,55380.0,55384.8,55380.0,55384.8,750
1780998005000,55382.0,55382.0,55350.0,55350.0,510
1780998015000,55350.0,55350.0,55350.0,55350.0,450
1780998020000,55350.0,55350.0,55350.0,55350.0,360
1780998025000,55350.0,55350.0,55350.0,55350.0,330
1780998030000,55350.0,55351.0,55350.0,55350.0,570
1780998035000,55365.6,55368.0,55350.0,55350.0,1260
1780998040000,55366.4,55367.4,55366.4,55367.4,120
1780998045000,55350.0,55367.6,55350.0,55367.6,390
1780998050000,55367.0,55367.0,55350.0,55350.0,150
1780998055000,55350.4,55350.4,55350.4,55350.4,60
1780998060000,55350.4,55350.4,55350.4,55350.4,30
1780998065000,55367.0,55369.2,55350.6,55369.2,90
1780998070000,55369.2,55369.2,55350.0,55350.0,540
1780998075000,55370.0,55370.0,55369.0,55369.0,180
1780998080000,55360.0,55360.0,55360.0,55360.0,30
1780998085000,55373.2,55373.2,55371.4,55371.4,210
1780998090000,55354.4,55354.6,55354.4,55354.6,90
1780998095000,55377.4,55377.4,55377.4,55377.4,210
1780998100000,55378.4,55380.0,55378.4,55380.0,540
1780998105000,55386.8,55386.8,55360.0,55380.0,480
1780998110000,55360.0,55379.2,55360.0,55379.2,390
1780998115000,55380.0,55383.8,55380.0,55383.8,90
1780998120000,55380.0,55380.0,55380.0,55380.0,570
1780998125000,55360.0,55360.0,55360.0,55360.0,420
1780998130000,55380.2,55380.2,55380.2,55380.2,480
1780998135000,55380.4,55380.4,55360.0,55378.2,150
1780998140000,55363.6,55363.6,55360.0,55360.0,480
1780998145000,55383.0,55383.0,55383.0,55383.0,90
1780998150000,55360.0,55383.4,55360.0,55383.4,180
1780998155000,55360.0,55367.0,55360.0,55367.0,270
1780998160000,55367.0,55370.0,55367.0,55370.0,360
1780998165000,55370.0,55370.0,55367.0,55367.0,300
1780998170000,55367.0,55367.0,55367.0,55367.0,390
1780998175000,55367.0,55367.0,55366.2,55366.2,450
1780998180000,55380.0,55380.0,55380.0,55380.0,60
1780998185000,55366.2,55380.0,55366.2,55366.2,330
1780998190000,55358.6,55358.6,55358.6,55358.6,30
1780998195000,55360.0,55364.2,55360.0,55364.2,390
1780998200000,55364.2,55364.2,55364.2,55364.2,30
1780998205000,55364.2,55364.2,55364.2,55364.2,150
1780998210000,55364.2,55364.2,55364.2,55364.2,30
1780998215000,55364.2,55374.4,55364.2,55374.4,720
1780998225000,55373.4,55376.4,55373.4,55374.8,960
1780998230000,55373.4,55373.4,55373.4,55373.4,180
1780998235000,55360.0,55360.0,55360.0,55360.0,450
1780998240000,55373.4,55373.4,55360.6,55360.6,420
1780998250000,55365.0,55380.0,55365.0,55380.0,180
1780998255000,55360.0,55380.0,55360.0,55380.0,270
1780998260000,55361.6,55385.0,55361.6,55385.0,300
1780998265000,55384.8,55384.8,55367.4,55384.8,750
1780998270000,55384.8,55384.8,55383.4,55383.4,540
1780998275000,55384.8,55384.8,55360.0,55360.0,450
1780998280000,55389.0,55389.0,55360.0,55369.8,450
1780998285000,55388.0,55388.0,55388.0,55388.0,60
1780998290000,55385.0,55387.6,55385.0,55387.6,480
1780998295000,55385.0,55385.0,55360.6,55385.0,750
1780998300000,55360.4,55360.4,55358.4,55360.0,360
1780998305000,55360.0,55361.0,55360.0,55360.0,270
1780998310000,55360.0,55360.0,55360.0,55360.0,180
1780998315000,55371.6,55371.6,55369.0,55369.0,150
1780998320000,55360.0,55370.4,55360.0,55370.4,390
1780998325000,55364.6,55364.6,55360.0,55360.0,390
1780998330000,55366.4,55366.4,55358.0,55358.0,150
1780998335000,55358.0,55358.0,55358.0,55358.0,30
1780998340000,55360.0,55369.0,55360.0,55360.0,300
1780998345000,55359.4,55359.4,55359.4,55359.4,30
1780998350000,55360.0,55369.4,55360.0,55369.4,270
1780998355000,55359.4,55359.4,55358.0,55358.0,120
1780998360000,55358.0,55358.0,55358.0,55358.0,780
1780998365000,55353.4,55356.0,55351.0,55356.0,180
1780998370000,55357.0,55357.0,55357.0,55357.0,120
1780998380000,55351.0,55357.0,55351.0,55351.0,420
1780998385000,55350.0,55350.0,55350.0,55350.0,510
1780998390000,55351.2,55351.2,55351.2,55351.2,30
1780998400000,55351.4,55356.4,55351.4,55355.0,330
1780998405000,55357.0,55357.0,55357.0,55357.0,60
1780998410000,55357.0,55357.0,55357.0,55357.0,180
1780998415000,55357.0,55357.0,55350.0,55350.0,1890
1780998420000,55355.2,55358.0,55355.2,55358.0,510
1780998425000,55360.0,55368.0,55357.2,55365.8,300
1780998430000,55369.6,55370.0,55369.6,55370.0,390
1780998435000,55370.0,55375.0,55370.0,55375.0,150
1780998440000,55369.0,55372.6,55360.0,55372.6,750
1780998445000,55375.0,55375.0,55375.0,55375.0,360
1780998450000,55360.0,55375.0,55360.0,55373.0,480
1780998455000,55375.0,55376.0,55360.0,55360.0,570
1780998460000,55376.0,55376.0,55376.0,55376.0,60
1780998465000,55360.0,55360.4,55360.0,55360.4,540
1780998470000,55375.0,55375.0,55375.0,55375.0,630
1780998475000,55376.0,55376.0,55375.0,55375.0,60
1780998480000,55360.0,55360.0,55360.0,55360.0,330
1780998485000,55376.0,55376.0,55360.0,55360.0,1350
1780998490000,55383.0,55383.0,55375.0,55375.0,510
1780998495000,55375.0,55378.8,55360.0,55360.0,510
1780998500000,55377.4,55377.4,55365.0,55365.0,60
1780998505000,55376.4,55376.6,55376.4,55376.6,900
1780998510000,55377.8,55378.0,55360.0,55360.0,450
1780998515000,55377.0,55377.0,55377.0,55377.0,60
1780998520000,55376.4,55376.4,55360.0,55360.0,330
1780998525000,55361.0,55361.0,55361.0,55361.0,450
1780998530000,55362.2,55379.0,55362.2,55379.0,90
1780998535000,55360.0,55360.0,55360.0,55360.0,450
1780998545000,55360.0,55376.2,55360.0,55376.2,540
1780998550000,55341.2,55341.2,55341.2,55341.2,1740
1780998555000,55369.4,55369.6,55369.4,55369.6,210
1780998560000,55346.8,55346.8,55346.8,55346.8,30
1780998565000,55360.0,55360.0,55360.0,55360.0,30
1780998570000,55359.4,55359.4,55359.4,55359.4,240
1780998575000,55360.4,55360.4,55360.4,55360.4,30
1780998580000,55359.4,55359.4,55359.4,55359.4,30
1780998585000,55362.6,55363.0,55362.6,55363.0,390
1780998590000,55362.8,55362.8,55358.6,55359.4,390
1780998595000,55341.2,55359.6,55341.2,55359.6,360
1780998600000,55349.8,55349.8,55349.8,55349.8,60
1780998605000,55346.2,55347.2,55346.2,55347.2,210
1780998610000,55349.8,55353.2,55349.8,55353.2,180
1780998615000,55359.0,55359.0,55359.0,55359.0,60
1780998620000,55360.0,55360.0,55359.0,55359.0,120
1780998625000,55360.0,55369.6,55360.0,55369.6,60
1780998630000,55359.0,55359.0,55359.0,55359.0,150
1780998635000,55350.2,55350.2,55350.2,55350.2,60
1780998640000,55359.4,55359.4,55359.4,55359.4,30
1780998645000,55362.6,55362.6,55362.6,55362.6,240
1780998650000,55350.4,55355.0,55350.4,55355.0,120
1780998655000,55350.2,55350.2,55350.2,55350.2,30
1780998660000,55350.2,55355.0,55350.2,55355.0,150
1780998665000,55360.0,55366.6,55360.0,55366.6,270
1780998670000,55359.0,55359.0,55359.0,55359.0,30
1780998675000,55359.0,55370.0,55359.0,55369.8,600
1780998680000,55374.4,55374.4,55352.6,55352.6,480
1780998685000,55364.0,55379.0,55364.0,55379.0,60
1780998690000,55379.8,55379.8,55368.0,55368.0,330
1780998695000,55355.6,55380.0,55355.6,55380.0,600
1780998700000,55369.4,55369.4,55369.4,55369.4,30
1780998705000,55374.0,55380.0,55366.8,55366.8,480
1780998715000,55374.8,55380.0,55360.0,55361.2,540
1780998720000,55380.0,55388.8,55380.0,55388.8,150
1780998725000,55388.8,55392.6,55365.6,55392.6,840
1780998730000,55365.6,55388.8,55365.6,55388.8,120
1780998735000,55360.0,55384.6,55360.0,55384.6,660
1780998740000,55383.8,55383.8,55360.0,55360.0,750
1780998745000,55356.2,55378.4,55356.2,55363.4,180
1780998750000,55379.6,55379.6,55360.0,55360.0,450
1780998755000,55378.0,55378.0,55369.4,55369.4,180
1780998760000,55360.0,55369.4,55360.0,55363.0,510
1780998765000,55380.0,55384.6,55360.0,55360.0,630
1780998770000,55361.0,55380.0,55361.0,55361.0,270
1780998775000,55380.0,55388.8,55380.0,55388.0,90
1780998780000,55361.0,55363.0,55361.0,55363.0,300
1780998785000,55382.6,55382.6,55369.0,55370.0,270
1780998790000,55370.0,55370.0,55370.0,55370.0,300
1780998800000,55369.0,55376.4,55363.0,55370.0,270
1780998805000,55380.0,55384.6,55380.0,55384.6,60
1780998810000,55384.2,55385.0,55376.4,55376.4,330
1780998815000,55385.6,55385.6,55385.2,55385.2,60
1780998820000,55385.0,55385.2,55385.0,55385.2,90
1780998825000,55384.2,55385.2,55371.0,55371.0,120
1780998830000,55385.0,55385.6,55385.0,55385.6,210
1780998835000,55385.6,55389.0,55385.6,55389.0,150
1780998840000,55388.0,55388.0,55388.0,55388.0,330
1780998845000,55384.0,55384.0,55371.0,55371.0,480
1780998850000,55375.2,55375.2,55375.2,55375.2,30
1780998855000,55371.0,55375.2,55371.0,55374.2,240
1780998860000,55375.6,55375.6,55370.0,55370.0,570
1780998865000,55375.0,55381.4,55375.0,55381.4,210
1780998870000,55381.6,55381.6,55375.0,55375.0,150
1780998875000,55379.0,55383.0,55379.0,55383.0,300
1780998880000,55375.0,55388.6,55375.0,55388.6,420
1780998885000,55388.4,55388.4,55385.6,55385.6,150
1780998890000,55381.4,55388.0,55381.4,55388.0,330
1780998895000,55389.0,55390.0,55389.0,55390.0,330
1780998900000,55394.0,55394.0,55384.0,55384.0,360
1780998905000,55392.0,55392.0,55360.0,55384.8,3960
1780998910000,55368.6,55368.6,55368.6,55368.6,60
1780998915000,55384.0,55384.0,55373.0,55373.0,270
1780998920000,55377.0,55377.0,55377.0,55377.0,30
1780998925000,55385.0,55385.0,55385.0,55385.0,180
1780998930000,55389.0,55389.0,55381.0,55381.0,90
1780998935000,55390.0,55390.0,55390.0,55390.0,60
1780998940000,55381.0,55381.0,55381.0,55381.0,300
1780998945000,55390.0,55390.0,55390.0,55390.0,270
1780998950000,55390.0,55390.0,55390.0,55390.0,510
1780998955000,55390.0,55390.0,55390.0,55390.0,690
1780998960000,55390.0,55390.0,55383.6,55390.0,150
1780998965000,55389.8,55389.8,55389.8,55389.8,30
1780998970000,55384.8,55390.0,55384.8,55389.8,840
1780998975000,55384.0,55390.0,55384.0,55384.0,540
1780998980000,55390.0,55390.0,55389.6,55389.6,390
1780998985000,55390.0,55390.0,55389.6,55390.0,3150
1780998990000,55390.0,55390.0,55381.0,55381.0,1350
1780998995000,55389.0,55390.0,55381.2,55390.0,630
1780999000000,55390.0,55390.0,55389.0,55389.0,210
1780999005000,55380.0,55390.0,55380.0,55390.0,510
1780999010000,55380.0,55390.0,55380.0,55380.0,570
1780999015000,55385.0,55385.0,55384.0,55385.0,990
1780999020000,55385.0,55385.0,55384.6,55384.6,420
1780999025000,55385.0,55385.0,55384.0,55385.0,780
1780999030000,55385.0,55385.0,55383.8,55385.0,1260
1780999035000,55389.0,55389.0,55384.0,55384.0,750
1780999040000,55389.0,55390.0,55386.0,55390.0,690
1780999045000,55390.0,55394.0,55389.4,55394.0,900
1780999050000,55392.0,55394.0,55392.0,55394.0,810
1780999055000,55394.0,55394.0,55393.0,55393.0,810
1780999060000,55395.0,55397.2,55395.0,55395.8,1470
1780999065000,55399.0,55400.0,55399.0,55400.0,960
1780999070000,55398.4,55400.0,55398.4,55400.0,1050
1780999075000,55400.0,55401.0,55400.0,55401.0,270
1780999080000,55401.8,55406.0,55401.8,55406.0,780
1780999085000,55407.6,55410.0,55407.6,55410.0,780
1780999090000,55415.0,55415.0,55407.6,55415.0,720
1780999095000,55415.0,55415.0,55415.0,55415.0,1080
1780999100000,55404.4,55415.0,55404.4,55415.0,2040
1780999105000,55419.8,55420.0,55415.4,55415.4,1050
1780999110000,55413.2,55422.0,55413.2,55414.0,780
1780999115000,55415.0,55420.0,55415.0,55420.0,150
1780999120000,55413.6,55423.0,55413.6,55423.0,1050
1780999125000,55419.8,55419.8,55416.0,55418.6,1170
1780999130000,55420.0,55423.0,55419.8,55423.0,390
1780999135000,55424.0,55424.0,55420.2,55423.6,900
1780999140000,55425.0,55430.0,55425.0,55430.0,390
1780999145000,55433.0,55434.0,55430.0,55430.0,870
1780999150000,55425.0,55434.0,55425.0,55434.0,570
1780999155000,55434.0,55435.0,55425.0,55435.0,840
1780999160000,55436.0,55436.0,55430.0,55434.0,600
1780999165000,55440.0,55440.0,55430.0,55440.0,570
1780999170000,55438.2,55440.8,55436.6,55436.6,540
1780999175000,55436.8,55441.0,55435.2,55440.0,750
1780999180000,55443.0,55443.0,55436.8,55437.8,2370
1780999185000,55443.0,55443.0,55436.0,55436.0,1800
1780999190000,55443.0,55443.0,55434.6,55434.6,1350
1780999195000,55441.2,55443.0,55441.2,55442.0,270
1781063100000,55303.0,55321.4,55191.8,55224.0,3480
1781063105000,55233.2,55250.0,55233.2,55237.0,1110
1781063110000,55245.0,55314.0,55245.0,55284.4,1980
1781063115000,55305.6,55325.0,55289.6,55306.8,1440
1781063120000,55333.0,55386.0,55333.0,55350.0,1590
1781063125000,55360.0,55360.0,55326.4,55350.0,1470
1781063130000,55390.6,55400.0,55354.0,55400.0,780
1781063135000,55400.0,55429.8,55400.0,55425.0,960
1781063140000,55425.0,55442.0,55424.8,55438.2,1920
1781063145000,55443.0,55461.0,55419.2,55461.0,1530
1781063150000,55475.8,55476.0,55450.2,55476.0,1050
1781063155000,55457.2,55489.8,55454.2,55483.6,1200
1781063160000,55450.0,55470.0,55450.0,55470.0,1620
1781063165000,55450.0,55450.8,55424.8,55450.8,870
1781063170000,55450.0,55450.0,55385.0,55385.0,1560
1781063175000,55399.2,55407.6,55394.6,55394.6,3270
1781063180000,55400.0,55400.0,55381.2,55400.0,1080
1781063185000,55412.8,55416.6,55389.2,55389.2,1200
1781063190000,55390.4,55391.8,55371.4,55391.8,2850
1781063195000,55364.4,55371.2,55360.2,55360.2,2070
1781063200000,55367.6,55367.6,55344.8,55344.8,870
1781063205000,55338.0,55338.0,55320.0,55331.4,2070
1781063210000,55344.2,55344.2,55331.4,55331.4,1260
1781063215000,55350.0,55350.0,55335.6,55336.8,2160
1781063220000,55352.2,55379.6,55351.8,55379.6,720
1781063225000,55391.0,55391.8,55388.0,55391.8,660
1781063230000,55394.4,55398.4,55394.4,55398.4,2040
1781063235000,55399.8,55409.6,55397.2,55409.6,1800
1781063240000,55415.4,55415.4,55400.8,55400.8,1530
1781063245000,55406.6,55407.2,55398.0,55400.4,690
1781063250000,55409.0,55409.0,55400.4,55405.4,540
1781063255000,55400.4,55407.4,55400.4,55405.4,390
1781063260000,55412.8,55414.8,55406.8,55406.8,1410
1781063265000,55411.4,55411.4,55400.8,55401.8,1140
1781063270000,55400.0,55403.2,55393.0,55393.0,3330
1781063275000,55401.8,55402.0,55395.2,55395.2,1020
1781063280000,55395.2,55401.2,55380.8,55380.8,2940
1781063285000,55376.8,55376.8,55365.2,55365.2,750
1781063290000,55370.8,55370.8,55355.0,55356.4,750
1781063295000,55350.0,55350.0,55337.0,55337.0,1740
1781063300000,55337.0,55337.0,55331.2,55331.2,480
1781063305000,55331.2,55364.2,55331.2,55364.2,780
1781063310000,55350.0,55370.4,55350.0,55370.4,1350
1781063315000,55372.4,55377.0,55359.2,55359.2,510
1781063320000,55370.0,55379.2,55370.0,55379.2,510
1781063325000,55380.0,55384.2,55377.2,55384.2,930
1781063330000,55376.2,55376.2,55366.6,55366.6,690
1781063335000,55371.2,55371.2,55360.2,55362.4,750
1781063340000,55350.0,55353.4,55348.6,55353.4,1080
1781063345000,55365.0,55376.0,55362.6,55376.0,510
1781063350000,55374.8,55382.8,55364.2,55381.0,1140
1781063355000,55377.6,55377.6,55370.8,55373.2,360
1781063360000,55375.6,55377.2,55371.6,55371.6,720
1781063365000,55367.6,55378.6,55367.6,55378.6,1500
1781063370000,55371.0,55377.8,55371.0,55374.4,660
1781063375000,55374.0,55374.0,55369.4,55369.4,120
1781063380000,55362.6,55362.8,55358.0,55362.8,630
1781063385000,55362.4,55362.4,55356.4,55359.0,1620
1781063390000,55356.0,55356.0,55350.0,55350.2,570
1781063395000,55340.0,55340.0,55320.0,55324.0,2010
1781063400000,55324.0,55333.8,55316.0,55316.0,1830
1781063405000,55336.8,55341.4,55336.8,55341.4,1050
1781063410000,55342.2,55342.2,55325.0,55328.4,1260
1781063415000,55345.0,55372.6,55345.0,55364.6,690
1781063420000,55383.0,55385.0,55372.8,55379.8,540
1781063425000,55378.8,55383.0,55378.8,55378.8,150
1781063430000,55378.8,55378.8,55361.6,55361.6,1200
1781063435000,55368.4,55372.4,55368.4,55372.4,1020
1781063440000,55370.0,55370.0,55366.0,55368.0,1890
1781063445000,55368.0,55368.2,55353.2,55367.2,3180
1781063450000,55367.2,55367.2,55355.8,55355.8,1320
1781063455000,55356.8,55370.0,55356.8,55370.0,1980
1781063460000,55368.4,55370.0,55367.2,55370.0,1560
1781063465000,55371.2,55371.2,55352.4,55352.4,1530
1781063470000,55366.8,55366.8,55350.8,55350.8,1140
1781063475000,55350.8,55365.4,55350.8,55356.4,1890
1781063480000,55376.6,55379.2,55365.0,55365.0,390
1781063485000,55375.6,55388.0,55371.0,55371.0,1440
1781063490000,55371.0,55380.4,55371.0,55371.2,90
1781063495000,55371.0,55386.6,55371.0,55386.6,510
1781063500000,55386.6,55388.2,55386.6,55388.2,570
1781063505000,55388.2,55388.2,55388.2,55388.2,300
1781063510000,55373.0,55376.8,55371.8,55371.8,1050
1781063515000,55360.0,55370.0,55355.4,55370.0,540
1781063520000,55370.0,55370.0,55350.0,55350.0,1200
1781063525000,55350.0,55370.0,55350.0,55370.0,1290
1781063530000,55373.0,55373.0,55370.0,55370.0,510
1781063535000,55371.4,55371.4,55360.2,55360.2,690
1781063540000,55370.6,55370.6,55355.8,55355.8,1020
1781063545000,55341.8,55341.8,55341.8,55341.8,960
1781063550000,55359.8,55359.8,55344.2,55344.2,720
1781063555000,55353.2,55353.2,55344.2,55344.2,330
1781063560000,55360.0,55370.0,55360.0,55360.0,270
1781063565000,55365.0,55370.0,55360.0,55360.0,210
1781063570000,55370.0,55370.0,55360.0,55370.0,570
1781063575000,55370.0,55370.0,55370.0,55370.0,360
1781063580000,55371.4,55380.0,55371.4,55380.0,840
1781063585000,55385.0,55385.0,55370.0,55370.0,600
1781063590000,55390.0,55390.0,55385.0,55385.0,510
1781063595000,55385.0,55385.4,55372.8,55385.4,870
1781063600000,55385.4,55391.0,55385.4,55387.4,690
1781063605000,55393.8,55393.8,55380.0,55380.0,1170
1781063610000,55380.0,55380.0,55376.0,55376.0,1200
1781063615000,55380.0,55380.0,55376.0,55380.0,930
1781063620000,55380.0,55380.0,55360.0,55366.8,570
1781063625000,55366.8,55366.8,55366.8,55366.8,120
1781063630000,55379.0,55379.0,55373.0,55373.0,150
1781063635000,55366.8,55380.0,55360.8,55360.8,600
1781063640000,55380.0,55380.0,55366.8,55366.8,120
1781063645000,55373.4,55373.4,55366.8,55366.8,90
1781063650000,55373.4,55376.6,55373.4,55373.4,390
1781063655000,55376.6,55380.0,55373.4,55380.0,540
1781063660000,55380.0,55380.0,55376.8,55380.0,270
1781063665000,55373.0,55379.8,55373.0,55379.8,450
1781063670000,55386.8,55386.8,55373.4,55386.8,930
1781063675000,55386.8,55386.8,55373.0,55373.0,150
1781063680000,55390.0,55390.0,55373.4,55373.4,660
1781063685000,55384.2,55384.2,55375.2,55375.2,540
1781063690000,55373.4,55373.4,55373.4,55373.4,450
1781063695000,55385.0,55385.0,55385.0,55385.0,120
1781063700000,55373.4,55375.6,55366.8,55366.8,960
1781063705000,55365.0,55365.0,55358.0,55358.0,1110
1781063710000,55355.0,55355.0,55350.0,55350.0,540
1781063715000,55350.0,55350.0,55350.0,55350.0,150
1781063720000,55350.0,55350.0,55350.0,55350.0,1230
1781063725000,55352.6,55352.6,55350.4,55350.4,510
1781063730000,55350.4,55350.4,55350.4,55350.4,330
1781063735000,55350.4,55360.0,55350.4,55360.0,420
1781063745000,55370.0,55370.0,55370.0,55370.0,210
1781063750000,55379.8,55379.8,55379.8,55379.8,150
1781063755000,55377.0,55379.8,55377.0,55379.8,210
1781063760000,55374.0,55384.0,55374.0,55378.4,390
1781063765000,55379.0,55390.0,55379.0,55390.0,630
1781063770000,55382.8,55382.8,55382.8,55382.8,540
1781063775000,55386.4,55386.4,55373.0,55373.0,600
1781063780000,55390.0,55390.0,55373.0,55373.0,150
1781063785000,55395.0,55395.0,55371.6,55371.6,300
1781063790000,55392.6,55392.6,55383.0,55383.0,540
1781063795000,55383.0,55395.0,55375.8,55375.8,600
1781063800000,55394.8,55395.0,55394.8,55395.0,270
1781063805000,55371.6,55383.0,55371.6,55383.0,270
1781063810000,55371.6,55385.0,55371.6,55385.0,780
1781063815000,55386.2,55386.2,55375.0,55386.2,270
1781063820000,55384.2,55384.2,55360.0,55360.0,840
1781063825000,55360.0,55370.0,55360.0,55370.0,120
1781063830000,55360.0,55360.0,55360.0,55360.0,90
1781063835000,55364.0,55364.0,55360.0,55360.0,210
1781063845000,55355.0,55362.0,55355.0,55360.0,300
1781063850000,55360.0,55360.0,55359.8,55360.0,210
1781063855000,55360.0,55374.0,55360.0,55374.0,690
1781063860000,55373.0,55375.0,55371.6,55374.6,480
1781063865000,55375.0,55384.0,55375.0,55384.0,630
1781063870000,55377.0,55377.0,55375.4,55375.4,570
1781063875000,55394.0,55394.0,55375.6,55375.6,660
1781063880000,55384.2,55386.8,55380.0,55380.0,1020
1781063885000,55394.0,55394.0,55380.0,55380.0,600
1781063890000,55385.0,55389.2,55375.8,55375.8,780
1781063895000,55388.2,55388.2,55375.8,55378.8,900
1781063900000,55375.0,55378.8,55372.6,55372.6,240
1781063905000,55361.2,55361.2,55361.2,55361.2,90
1781063910000,55372.2,55372.4,55366.8,55372.4,150
1781063915000,55372.4,55372.4,55371.8,55371.8,90
1781063920000,55375.2,55375.2,55365.2,55365.2,540
1781063925000,55365.4,55367.6,55365.4,55367.6,120
1781063930000,55365.4,55376.0,55365.4,55376.0,150
1781063935000,55378.8,55388.2,55365.8,55365.8,330
1781063940000,55366.0,55387.8,55366.0,55387.8,150
1781063945000,55378.0,55378.0,55367.8,55371.6,210
1781063950000,55389.0,55389.0,55389.0,55389.0,210
1781063955000,55394.0,55394.0,55371.6,55371.6,480
1781063960000,55378.6,55378.6,55378.6,55378.6,120
1781063965000,55371.6,55379.6,55371.6,55379.6,240
1781063970000,55371.6,55371.6,55371.6,55371.6,300
1781063975000,55384.8,55384.8,55371.8,55371.8,210
1781063980000,55375.0,55387.0,55375.0,55387.0,120
1781063985000,55387.0,55395.0,55387.0,55395.0,330
1781063990000,55395.0,55395.4,55395.0,55395.4,360
1781063995000,55396.8,55396.8,55396.8,55396.8,60
1781064000000,55396.8,55398.0,55386.4,55394.8,720
1781064005000,55386.2,55386.2,55385.8,55385.8,510
1781064010000,55375.0,55382.0,55375.0,55382.0,480
1781064015000,55382.2,55397.8,55382.2,55397.8,660
1781064020000,55376.0,55384.0,55376.0,55384.0,480
1781064025000,55391.8,55391.8,55380.0,55383.6,390
1781064030000,55383.6,55383.6,55383.6,55383.6,300
1781064035000,55376.6,55376.6,55375.0,55376.6,210
1781064040000,55375.0,55375.0,55365.0,55365.0,180
1781064045000,55362.0,55362.0,55343.0,55354.6,1500
1781064050000,55348.8,55348.8,55348.8,55348.8,30
1781064055000,55354.6,55354.6,55350.0,55350.0,60
1781064060000,55354.4,55354.4,55343.2,55350.0,450
1781064065000,55349.8,55350.0,55349.8,55350.0,270
1781064070000,55350.0,55359.2,55350.0,55359.2,120
1781064075000,55369.0,55369.0,55369.0,55369.0,60
1781064080000,55383.6,55383.6,55363.8,55363.8,570
1781064085000,55381.4,55381.4,55371.8,55371.8,510
1781064090000,55373.0,55391.0,55373.0,55391.0,450
1781064095000,55380.0,55380.0,55374.4,55374.4,120
1781064100000,55373.0,55373.0,55373.0,55373.0,210
1781064105000,55382.0,55382.0,55382.0,55382.0,420
1781064110000,55375.0,55375.0,55370.0,55370.0,150
1781064115000,55360.0,55371.8,55359.2,55371.8,90
1781064120000,55371.8,55371.8,55358.0,55358.0,240
1781064125000,55358.2,55369.0,55358.2,55369.0,120
1781064130000,55386.6,55386.6,55360.4,55360.4,150
1781064135000,55379.2,55379.2,55379.2,55379.2,60
1781064140000,55379.2,55379.2,55375.2,55375.2,90
1781064145000,55375.2,55375.2,55375.2,55375.2,120
1781064150000,55375.2,55375.2,55361.8,55361.8,90
1781064155000,55370.0,55371.0,55362.0,55371.0,90
1781064160000,55372.2,55379.0,55372.2,55379.0,90
1781064165000,55372.8,55372.8,55361.0,55361.0,120
1781064170000,55379.0,55379.0,55361.0,55361.8,180
1781064175000,55361.8,55375.2,55360.0,55360.0,180
1781064180000,55360.0,55368.6,55360.0,55368.6,90
1781064185000,55355.0,55364.0,55355.0,55364.0,1560
1781064190000,55355.0,55355.0,55352.4,55354.0,240
1781064195000,55354.0,55355.0,55354.0,55355.0,990
1781064200000,55360.2,55371.6,55360.2,55371.6,90
1781064205000,55379.0,55379.0,55379.0,55379.0,120
1781064210000,55368.0,55379.0,55368.0,55379.0,240
1781064215000,55368.0,55379.0,55368.0,55379.0,270
1781064220000,55374.0,55374.0,55374.0,55374.0,90
1781064225000,55374.0,55379.0,55374.0,55379.0,150
1781064230000,55379.0,55379.0,55379.0,55379.0,60
1781064235000,55374.0,55374.0,55374.0,55374.0,120
1781064240000,55374.0,55374.0,55370.0,55372.0,90
1781064245000,55370.0,55370.0,55368.0,55368.0,90
1781064250000,55368.0,55368.0,55368.0,55368.0,180
1781064255000,55371.8,55380.0,55371.8,55380.0,210
1781064265000,55376.6,55376.6,55376.2,55376.2,90
1781064270000,55376.6,55380.0,55371.2,55371.2,300
1781064275000,55366.4,55384.2,55366.4,55380.0,120
1781064280000,55380.0,55380.0,55376.6,55376.6,60
1781064285000,55376.6,55376.6,55376.6,55376.6,150
1781064290000,55390.0,55391.0,55390.0,55391.0,270
1781064295000,55398.0,55399.0,55382.4,55399.0,600
1781064300000,55400.0,55400.0,55400.0,55400.0,750
1781064305000,55400.0,55400.0,55387.8,55400.0,630
1781064310000,55399.4,55399.4,55376.6,55376.6,480
1781064315000,55381.8,55397.2,55376.6,55376.6,1380
1781064320000,55394.2,55394.8,55380.0,55380.0,150
1781064325000,55389.6,55392.6,55389.6,55390.8,510
1781064330000,55377.0,55377.0,55377.0,55377.0,90
1781064335000,55375.0,55375.0,55370.8,55370.8,120
1781064340000,55394.2,55394.2,55386.0,55386.0,1380
1781064345000,55371.0,55394.6,55371.0,55394.6,540
1781064350000,55372.8,55372.8,55372.8,55372.8,450
1781064355000,55385.4,55390.2,55385.4,55390.2,360
1781064360000,55394.0,55394.0,55371.0,55371.0,90
1781064365000,55371.0,55382.4,55371.0,55382.4,120
1781064370000,55390.0,55390.0,55371.2,55371.2,60
1781064375000,55382.6,55394.0,55382.6,55394.0,570
1781064385000,55384.2,55384.2,55370.0,55370.0,90
1781064390000,55371.0,55371.0,55371.0,55371.0,30
1781064395000,55377.6,55377.6,55377.6,55377.6,150
1781064400000,55365.4,55365.4,55365.4,55365.4,300
1781064405000,55386.2,55386.2,55371.0,55371.0,180
1781064410000,55386.2,55386.2,55386.2,55386.2,30
1781064415000,55371.0,55372.0,55371.0,55372.0,210
1781064420000,55384.4,55384.4,55372.0,55374.4,120
1781064430000,55384.8,55394.0,55377.8,55377.8,870
1781064435000,55387.0,55387.0,55377.0,55377.0,420
1781064440000,55394.0,55394.0,55371.4,55371.4,480
1781064445000,55368.6,55368.6,55368.6,55368.6,60
1781064450000,55380.0,55380.0,55380.0,55380.0,30
1781064455000,55390.0,55390.0,55390.0,55390.0,120
1781064460000,55394.0,55394.0,55371.0,55394.0,480
1781064465000,55371.0,55390.0,55371.0,55390.0,150
1781064470000,55390.0,55390.0,55375.0,55375.0,510
1781064475000,55384.4,55384.4,55384.4,55384.4,390
1781064480000,55394.0,55394.0,55371.0,55371.0,390
1781064485000,55370.0,55371.0,55370.0,55371.0,150
1781064490000,55371.0,55371.0,55371.0,55371.0,210
1781064495000,55370.0,55370.0,55365.2,55365.2,150
1781064500000,55377.8,55377.8,55373.0,55373.0,120
1781064505000,55365.2,55369.4,55365.2,55369.4,120
1781064510000,55390.0,55390.0,55390.0,55390.0,270
1781064515000,55372.0,55377.8,55370.4,55370.4,210
1781064520000,55381.0,55381.0,55380.8,55380.8,240
1781064525000,55381.0,55409.8,55381.0,55409.8,1260
1781064530000,55384.2,55384.2,55380.2,55380.2,480
1781064535000,55374.4,55376.0,55374.4,55376.0,570
1781064540000,55388.0,55398.8,55388.0,55398.8,480
1781064545000,55393.6,55410.0,55393.6,55410.0,690
1781064550000,55415.0,55415.0,55401.6,55408.4,660
1781064555000,55415.0,55415.0,55415.0,55415.0,1410
1781064560000,55415.2,55428.0,55415.2,55428.0,1290
1781064565000,55415.0,55415.0,55415.0,55415.0,1230
1781064570000,55415.0,55415.0,55387.4,55387.4,480
1781064575000,55405.0,55422.4,55389.2,55389.2,1590
1781064580000,55389.0,55415.0,55389.0,55408.6,90
1781064585000,55408.6,55408.6,55408.6,55408.6,450
1781064590000,55392.0,55392.0,55392.0,55392.0,510
1781064595000,55387.6,55415.0,55387.6,55415.0,570
1781064600000,55417.2,55417.2,55389.0,55405.0,510
1781064605000,55405.0,55417.2,55387.6,55387.6,540
1781064610000,55419.2,55427.8,55380.2,55389.8,750
1781064615000,55390.0,55390.0,55389.8,55390.0,600
1781064620000,55388.8,55388.8,55388.8,55388.8,450
1781064625000,55381.0,55381.0,55381.0,55381.0,510
1781064630000,55395.0,55395.0,55388.2,55388.2,1410
1781064635000,55429.0,55429.0,55429.0,55429.0,1830
1781064640000,55426.4,55426.4,55426.4,55426.4,780
1781064645000,55388.6,55392.0,55388.6,55392.0,510
1781064650000,55388.6,55388.6,55388.6,55388.6,480
1781064655000,55400.0,55400.0,55400.0,55400.0,570
1781064660000,55388.0,55389.6,55388.0,55389.6,510
1781064665000,55403.8,55403.8,55380.0,55380.0,480
1781064670000,55416.8,55421.2,55410.0,55410.0,720
1781064675000,55425.0,55425.0,55396.8,55396.8,480
1781064680000,55417.4,55417.4,55416.6,55416.6,510
1781064685000,55425.0,55425.0,55391.0,55391.0,570
1781064690000,55395.4,55395.4,55385.0,55385.0,480
1781064695000,55408.2,55408.2,55396.2,55396.2,510
1781064700000,55422.8,55422.8,55402.2,55402.2,480
1781064705000,55414.0,55414.0,55385.2,55385.2,480
1781064715000,55415.4,55415.4,55400.2,55400.2,540
1781064720000,55400.2,55407.0,55385.8,55407.0,540
1781064725000,55426.0,55426.0,55407.6,55407.6,510
1781064730000,55396.4,55420.0,55396.4,55418.2,540
1781064735000,55418.2,55418.2,55415.0,55415.0,480
1781064740000,55401.6,55401.6,55401.6,55401.6,450
1781064745000,55401.0,55413.4,55401.0,55401.6,570
1781064750000,55416.0,55416.0,55390.0,55390.0,570
1781064755000,55381.0,55381.0,55380.2,55380.2,510
1781064760000,55380.4,55380.4,55370.0,55370.0,300
1781064765000,55370.2,55370.2,55370.2,55370.2,30
1781064770000,55391.8,55391.8,55381.8,55381.8,510
1781064775000,55392.0,55394.0,55372.2,55394.0,780
1781064780000,55395.0,55406.0,55391.8,55406.0,540
1781064785000,55394.0,55414.0,55394.0,55414.0,480
1781064790000,55386.8,55401.6,55386.8,55401.6,510
1781064795000,55410.0,55426.4,55403.8,55403.8,930
1781064800000,55401.0,55414.8,55401.0,55414.8,510
1781064805000,55401.8,55424.0,55401.8,55424.0,480
1781064810000,55399.6,55414.6,55399.6,55414.6,540
1781064815000,55404.4,55426.4,55396.4,55396.4,1110
1781064820000,55422.4,55426.0,55414.8,55426.0,630
1781064825000,55426.2,55429.0,55400.2,55416.2,1530
1781064830000,55425.0,55432.0,55425.0,55428.6,570
1781064835000,55449.0,55449.0,55448.8,55448.8,660
1781064840000,55448.8,55448.8,55412.2,55430.0,1110
1781064845000,55430.0,55437.0,55430.0,55437.0,600
1781064850000,55420.4,55423.0,55416.4,55423.0,1410
1781064855000,55412.2,55412.2,55412.0,55412.0,780
1781064860000,55410.6,55410.8,55396.4,55396.4,540
1781064865000,55423.6,55423.6,55397.8,55397.8,690
1781064870000,55411.2,55429.0,55401.6,55401.6,600
1781064875000,55409.2,55426.2,55409.2,55426.2,870
1781064880000,55428.6,55428.6,55396.4,55396.4,960
1781064885000,55418.8,55429.8,55408.8,55408.8,570
1781064890000,55425.0,55425.0,55412.4,55412.4,150
1781064895000,55430.0,55430.0,55404.0,55404.0,990
1781064900000,55419.0,55435.0,55419.0,55435.0,600
1781064905000,55429.8,55429.8,55407.6,55407.6,1050
1781064910000,55440.8,55445.2,55409.0,55445.2,1710
1781064915000,55445.2,55445.2,55401.4,55401.4,1290
1781064920000,55403.8,55434.0,55400.0,55434.0,600
1781064925000,55401.6,55410.0,55396.6,55400.8,1440
1781064930000,55438.6,55438.6,55400.8,55400.8,1410
1781064935000,55401.0,55401.4,55400.8,55400.8,600
1781064940000,55425.0,55425.0,55401.0,55404.4,960
1781064945000,55404.4,55404.4,55404.4,55404.4,450
1781064955000,55402.2,55402.2,55391.2,55391.2,930
1781064960000,55399.8,55399.8,55391.2,55391.2,480
1781064965000,55391.4,55391.4,55389.0,55389.0,600
1781064970000,55417.2,55417.2,55393.6,55393.6,570
1781064975000,55417.0,55419.0,55402.6,55402.6,540
1781064980000,55439.8,55439.8,55407.6,55407.6,960
1781064990000,55405.6,55437.4,55405.6,55437.4,480
1781064995000,55436.4,55436.4,55400.8,55400.8,1050
1781065000000,55405.8,55405.8,55405.8,55405.8,60
1781065005000,55401.2,55431.0,55401.2,55431.0,480
1781065010000,55402.4,55402.4,55402.4,55402.4,450
1781065015000,55396.8,55396.8,55396.8,55396.8,450
1781065020000,55402.8,55402.8,55402.8,55402.8,450
1781065025000,55434.8,55434.8,55399.0,55399.0,570
1781065030000,55420.0,55421.0,55420.0,55421.0,780
1781065035000,55421.0,55421.0,55385.8,55385.8,870
1781065040000,55409.6,55409.6,55409.6,55409.6,540
1781065045000,55388.2,55400.0,55373.2,55400.0,630
1781065050000,55400.0,55400.0,55371.8,55371.8,840
1781065055000,55403.4,55420.0,55400.0,55400.0,630
1781065060000,55400.0,55425.0,55395.8,55395.8,690
1781065065000,55433.0,55434.0,55407.2,55407.2,510
1781065070000,55409.2,55409.2,55409.2,55409.2,150
1781065075000,55425.0,55430.0,55425.0,55430.0,600
1781065080000,55425.0,55445.0,55425.0,55445.0,1470
1781065085000,55446.0,55446.0,55414.6,55414.6,600
1781065090000,55439.8,55439.8,55425.0,55425.0,600
1781065095000,55440.0,55440.0,55413.6,55419.0,870
1781065100000,55435.0,55435.0,55435.0,55435.0,480
1781065105000,55401.8,55401.8,55401.8,55401.8,450
1781065110000,55406.2,55406.2,55406.2,55406.2,480
1781065115000,55401.8,55401.8,55401.8,55401.8,450
1781065120000,55401.0,55401.0,55401.0,55401.0,480
1781065125000,55430.4,55430.4,55401.0,55401.0,780
1781065135000,55408.2,55438.6,55408.2,55438.6,480
1781065140000,55440.0,55444.0,55420.6,55444.0,600
1781065145000,55440.0,55444.0,55410.0,55410.0,690
1781065150000,55444.8,55444.8,55444.8,55444.8,30
1781065155000,55445.0,55446.2,55445.0,55446.2,780
1781065160000,55420.8,55420.8,55420.6,55420.6,570
1781065165000,55446.0,55446.0,55444.4,55444.4,150
1781065170000,55409.8,55409.8,55409.8,55409.8,450
1781065175000,55411.8,55411.8,55411.8,55411.8,450
1781065180000,55439.8,55439.8,55410.0,55410.0,750
1781065185000,55410.0,55410.0,55410.0,55410.0,60
1781065190000,55439.0,55439.0,55435.4,55436.4,630
1781065195000,55439.4,55439.4,55404.2,55404.2,510
1781065200000,55438.8,55438.8,55438.8,55438.8,90
1781065205000,55401.4,55438.2,55401.4,55438.2,510
1781065210000,55437.6,55437.6,55400.0,55432.2,570
1781065215000,55437.8,55437.8,55403.6,55403.6,780
1781065220000,55435.2,55435.2,55435.2,55435.2,120
1781065225000,55396.8,55424.6,55396.8,55399.0,510
1781065230000,55427.2,55428.4,55427.2,55428.4,510
1781065235000,55429.2,55429.2,55429.2,55429.2,30
1781065240000,55423.2,55423.4,55423.2,55423.4,810
1781065245000,55429.8,55429.8,55400.8,55400.8,960
1781065250000,55391.8,55423.4,55391.8,55423.4,510
1781065255000,55425.0,55425.0,55425.0,55425.0,600
1781065260000,55428.4,55430.0,55402.6,55430.0,630
1781065265000,55434.8,55434.8,55434.8,55434.8,630
1781065270000,55428.8,55428.8,55428.8,55428.8,1170
1781065275000,55434.0,55435.0,55434.0,55435.0,660
1781065280000,55434.4,55434.4,55430.2,55430.2,630
1781065285000,55422.2,55422.2,55422.2,55422.2,720
1781065290000,55427.4,55427.4,55427.4,55427.4,90
1781065295000,55400.0,55400.0,55390.6,55390.6,480
1781065300000,55424.8,55424.8,55400.0,55400.0,1110
1781065305000,55420.0,55420.0,55383.4,55418.4,600
1781065310000,55382.2,55382.2,55380.0,55380.0,750
1781065315000,55410.4,55412.4,55400.0,55400.0,570
1781065320000,55400.0,55417.0,55400.0,55416.6,510
1781065325000,55400.0,55400.0,55400.0,55400.0,480
1781065330000,55375.0,55405.8,55375.0,55400.0,660
1781065335000,55379.2,55379.2,55378.0,55378.0,570
1781065340000,55372.2,55372.2,55372.2,55372.2,450
1781065345000,55371.0,55371.0,55371.0,55371.0,360
1781065350000,55376.0,55405.0,55376.0,55405.0,480
1781065355000,55374.4,55404.6,55374.4,55404.6,480
1781065360000,55405.0,55407.8,55376.8,55407.8,870
1781065365000,55379.4,55407.8,55379.4,55407.8,1020
1781065370000,55374.0,55404.2,55374.0,55404.2,480
1781065375000,55399.8,55399.8,55399.8,55399.8,510
1781065380000,55404.8,55405.0,55403.2,55403.2,1110
1781065385000,55399.8,55399.8,55371.0,55371.0,90
1781065390000,55397.6,55397.6,55370.2,55370.2,60
1781065395000,55390.0,55390.0,55371.4,55371.4,90
1781065400000,55371.4,55386.8,55371.4,55386.8,60
1781065405000,55390.0,55390.0,55380.0,55380.0,300
1781065410000,55371.2,55371.2,55371.2,55371.2,270
1781065420000,55394.0,55394.0,55394.0,55394.0,150
1781065425000,55370.6,55394.0,55370.6,55394.0,150
1781065435000,55371.0,55371.0,55371.0,55371.0,60
1781065440000,55371.0,55371.0,55371.0,55371.0,90
1781065445000,55394.0,55394.0,55371.0,55371.0,150
1781065450000,55394.0,55394.0,55394.0,55394.0,30
1781065455000,55370.4,55371.2,55370.4,55371.2,360
1781065460000,55372.8,55394.0,55372.8,55394.0,480
1781065465000,55371.6,55371.6,55371.6,55371.6,360
1781065470000,55374.2,55394.0,55374.2,55394.0,180
1781065475000,55395.0,55395.0,55376.8,55379.0,510
1781065480000,55393.0,55393.0,55370.0,55379.0,210
1781065485000,55379.0,55379.0,55379.0,55379.0,270
1781065490000,55371.0,55371.0,55370.0,55370.0,60
1781065495000,55384.8,55384.8,55384.8,55384.8,90
1781065500000,55371.0,55371.0,55370.0,55370.0,330
1781065505000,55367.6,55391.0,55367.6,55391.0,90
1781065510000,55371.0,55371.0,55371.0,55371.0,120
1781065515000,55375.0,55375.0,55375.0,55375.0,450
1781065520000,55378.0,55378.0,55371.0,55371.0,510
1781065525000,55375.0,55390.0,55371.0,55371.0,570
1781065530000,55400.0,55400.0,55384.8,55400.0,300
1781065535000,55400.0,55400.0,55400.0,55400.0,870
1781065540000,55407.0,55410.0,55407.0,55410.0,960
1781065545000,55415.0,55421.8,55410.0,55421.8,660
1781065550000,55419.6,55422.8,55392.0,55392.0,570
1781065555000,55384.6,55384.6,55384.6,55384.6,450
1781065560000,55384.6,55384.6,55384.6,55384.6,450
1781065565000,55379.8,55391.0,55379.8,55391.0,510
1781065570000,55377.8,55400.0,55377.8,55400.0,510
1781065575000,55415.2,55416.6,55388.0,55388.0,660
1781065580000,55400.2,55412.4,55400.2,55412.4,540
1781065585000,55422.4,55425.0,55422.4,55425.0,1080
1781065590000,55429.8,55434.0,55427.0,55427.0,600
1781065595000,55434.0,55438.2,55434.0,55438.2,780
1781065600000,55438.0,55438.0,55435.8,55435.8,1200
1781065605000,55435.8,55435.8,55416.8,55429.8,630
1781065610000,55400.2,55404.6,55400.2,55404.6,960
1781065615000,55424.2,55424.2,55396.0,55396.0,480
1781065620000,55434.0,55434.0,55416.2,55416.2,630
1781065630000,55441.8,55441.8,55412.8,55412.8,870
1781065635000,55410.2,55410.2,55410.2,55410.2,450
1781065640000,55434.0,55435.0,55434.0,55435.0,90
1781065645000,55409.8,55434.6,55409.8,55434.0,510
1781065650000,55433.6,55433.6,55403.2,55431.6,720
1781065655000,55431.0,55431.0,55421.4,55423.2,840
1781065660000,55423.0,55426.2,55410.0,55410.0,300
1781065665000,55401.2,55424.0,55401.2,55424.0,510
1781065670000,55401.2,55401.2,55401.2,55401.2,450
1781065675000,55423.6,55423.6,55400.0,55400.0,480
1781065680000,55400.0,55400.0,55400.0,55400.0,540
1781065685000,55371.0,55371.0,55371.0,55371.0,240
1781065690000,55374.6,55374.6,55374.6,55374.6,270
1781065695000,55397.6,55397.6,55397.6,55397.6,480
1781065700000,55400.0,55400.0,55400.0,55400.0,30
1781065705000,55371.2,55371.2,55371.2,55371.2,450
1781065710000,55377.6,55399.8,55377.4,55399.8,720
1781065715000,55377.4,55377.4,55377.4,55377.4,450
1781065720000,55371.0,55371.0,55371.0,55371.0,300
1781065725000,55371.0,55374.4,55371.0,55374.4,480
1781065730000,55374.4,55374.4,55371.0,55371.0,150
1781065735000,55400.0,55400.0,55375.2,55385.0,540
1781065740000,55385.0,55385.0,55385.0,55385.0,510
1781065745000,55385.0,55385.0,55371.0,55371.0,450
1781065750000,55370.0,55370.0,55370.0,55370.0,510
1781065755000,55370.8,55370.8,55370.8,55370.8,60
1781065760000,55370.8,55385.0,55370.8,55385.0,180
1781065765000,55385.0,55385.0,55385.0,55385.0,60
1781065770000,55373.2,55380.0,55373.2,55380.0,690
1781065775000,55380.0,55380.0,55380.0,55380.0,390
1781065780000,55370.8,55380.0,55370.8,55380.0,150
1781065785000,55380.0,55380.0,55370.6,55370.6,300
1781065795000,55370.6,55370.6,55370.6,55370.6,30
1781065800000,55371.6,55371.6,55371.6,55371.6,180
1781065805000,55384.8,55384.8,55384.8,55384.8,60
1781065810000,55371.2,55399.0,55371.2,55399.0,750
1781065815000,55399.8,55399.8,55399.8,55399.8,360
1781065820000,55375.2,55375.2,55375.2,55375.2,450
1781065825000,55372.0,55372.0,55372.0,55372.0,300
1781065830000,55372.0,55372.0,55371.2,55371.2,420
1781065835000,55354.2,55371.2,55354.2,55371.0,1080
1781065845000,55371.0,55371.0,55371.0,55371.0,390
1781065850000,55371.0,55375.0,55371.0,55375.0,60
1781065855000,55375.0,55389.0,55375.0,55389.0,60
1781065860000,55393.8,55393.8,55362.4,55362.4,600
1781065865000,55362.6,55362.6,55362.6,55362.6,30
1781065870000,55363.4,55363.4,55363.4,55363.4,90
1781065875000,55360.0,55360.0,55360.0,55360.0,270
1781065880000,55360.0,55363.0,55360.0,55363.0,90
1781065885000,55363.0,55363.0,55363.0,55363.0,30
1781065890000,55377.4,55377.4,55363.0,55363.0,180
1781065895000,55385.0,55385.0,55385.0,55385.0,120
1781065900000,55386.0,55386.0,55386.0,55386.0,60
1781065905000,55386.0,55386.0,55385.0,55385.0,150
1781065910000,55385.8,55385.8,55361.0,55361.4,240
1781065915000,55362.0,55362.0,55361.0,55361.0,330
1781065925000,55361.8,55383.4,55361.8,55383.4,90
1781065930000,55374.4,55374.4,55361.0,55361.0,210
1781065935000,55361.2,55361.2,55361.2,55361.2,30
1781065940000,55377.4,55377.4,55361.0,55361.0,270
1781065945000,55361.0,55370.0,55361.0,55370.0,60
1781065950000,55367.4,55367.4,55360.0,55360.0,780
1781065955000,55354.0,55361.0,55352.0,55352.0,120
1781065965000,55352.0,55360.0,55352.0,55360.0,60
1781065970000,55352.0,55352.0,55351.2,55351.2,210
1781065975000,55351.2,55361.0,55350.2,55350.2,300
1781065980000,55350.2,55350.2,55350.0,55350.0,210
1781065985000,55350.2,55350.2,55350.0,55350.0,180
1781065990000,55350.0,55350.0,55350.0,55350.0,210
1781065995000,55350.0,55360.0,55350.0,55360.0,90
1781066000000,55361.0,55361.0,55361.0,55361.0,60
1781066005000,55361.0,55361.0,55349.0,55349.0,240
1781066010000,55349.0,55349.0,55349.0,55349.0,90
1781066015000,55345.0,55345.0,55341.0,55341.0,210
1781066020000,55340.0,55340.0,55324.0,55325.0,570
1781066025000,55321.8,55321.8,55319.0,55319.0,1230
1781066030000,55312.2,55320.0,55312.2,55312.2,210
1781066035000,55312.2,55321.0,55312.2,55321.0,150
1781066040000,55321.8,55321.8,55312.2,55312.2,480
1781066045000,55312.2,55312.2,55312.0,55312.0,300
1781066050000,55310.0,55310.0,55310.0,55310.0,60
1781066055000,55310.0,55312.0,55306.0,55306.0,480
1781066060000,55310.0,55310.0,55310.0,55310.0,180
1781066065000,55306.2,55309.0,55306.2,55309.0,90
1781066070000,55309.0,55309.0,55309.0,55309.0,90
1781066075000,55309.0,55310.0,55309.0,55309.0,90
1781066080000,55310.0,55310.0,55306.4,55306.4,90
1781066085000,55310.0,55310.0,55310.0,55310.0,120
1781066090000,55308.0,55308.0,55308.0,55308.0,30
1781066095000,55309.0,55309.0,55304.0,55306.0,420
1781066100000,55306.0,55320.6,55306.0,55320.6,240
1781066105000,55305.0,55305.0,55305.0,55305.0,30
1781066110000,55320.6,55320.6,55305.0,55305.0,90
1781066115000,55305.2,55321.8,55305.0,55305.0,210
1781066120000,55321.0,55321.0,55321.0,55321.0,60
1781066125000,55321.8,55321.8,55320.0,55320.0,90
1781066130000,55320.0,55320.2,55320.0,55320.2,150
1781066135000,55320.0,55320.0,55305.2,55305.2,330
1781066140000,55305.0,55305.2,55303.0,55303.0,420
1781066145000,55303.0,55303.0,55303.0,55303.0,30
1781066150000,55315.2,55320.0,55315.2,55320.0,90
1781066155000,55320.4,55321.8,55320.4,55320.6,300
1781066160000,55322.0,55322.0,55320.4,55320.4,750
1781066170000,55322.8,55322.8,55322.8,55322.8,90
1781066175000,55320.0,55322.8,55320.0,55322.8,1440
1781066180000,55322.8,55322.8,55320.8,55320.8,150
1781066185000,55322.0,55322.8,55322.0,55322.8,90
1781066190000,55323.0,55325.0,55323.0,55325.0,180
1781066195000,55330.0,55330.0,55323.0,55330.0,120
1781066200000,55330.4,55340.0,55330.4,55340.0,90
1781066205000,55346.0,55346.0,55330.6,55330.6,720
1781066210000,55330.6,55330.6,55330.0,55330.0,450
1781066215000,55316.6,55316.6,55316.6,55316.6,30
1781066220000,55317.2,55330.0,55317.2,55330.0,60
1781066225000,55330.4,55330.4,55320.0,55320.0,90
1781066230000,55330.0,55330.0,55330.0,55330.0,90
1781066235000,55340.0,55340.0,55330.0,55330.0,120
1781066240000,55340.0,55342.0,55340.0,55342.0,120
1781066245000,55342.0,55342.0,55342.0,55342.0,120
1781066250000,55342.0,55342.0,55342.0,55342.0,60
1781066255000,55332.2,55332.2,55331.2,55331.2,120
1781066260000,55342.0,55342.0,55342.0,55342.0,60
1781066265000,55345.0,55345.0,55345.0,55345.0,90
1781066270000,55342.2,55345.0,55342.2,55345.0,90
1781066275000,55345.0,55345.0,55345.0,55345.0,240
1781066280000,55345.0,55345.0,55339.4,55339.4,210
1781066285000,55345.0,55345.0,55345.0,55345.0,120
1781066290000,55345.0,55345.0,55345.0,55345.0,120
1781066295000,55345.4,55345.4,55345.4,55345.4,30
1781066300000,55349.0,55355.0,55349.0,55355.0,420
1781066305000,55355.0,55355.0,55355.0,55355.0,30
1781066310000,55350.2,55350.2,55350.0,55350.0,1320
1781066315000,55345.2,55345.2,55334.8,55334.8,1050
1781066320000,55335.2,55340.0,55335.2,55335.6,330
1781066325000,55340.0,55340.0,55335.6,55335.6,210
1781066330000,55335.6,55340.0,55335.6,55340.0,360
1781066335000,55340.0,55340.0,55340.0,55340.0,90
1781066340000,55340.0,55340.0,55340.0,55340.0,30
1781066345000,55345.0,55349.0,55345.0,55349.0,150
1781066350000,55340.0,55340.0,55340.0,55340.0,30
1781066355000,55340.2,55340.2,55340.2,55340.2,30
1781066360000,55350.0,55350.0,55350.0,55350.0,30
1781066365000,55340.4,55340.4,55340.4,55340.4,30
1781066375000,55350.0,55350.0,55350.0,55350.0,60
1781066380000,55350.0,55350.0,55340.6,55340.6,420
1781066385000,55350.0,55350.0,55340.8,55340.8,330
1781066390000,55341.0,55364.0,55341.0,55364.0,240
1781066395000,55367.4,55367.4,55340.8,55341.0,270
1781066400000,55359.4,55359.4,55340.8,55341.0,420
1781066405000,55340.8,55364.2,55340.8,55364.2,120
1781066410000,55343.4,55345.4,55343.4,55345.4,120
1781066415000,55345.4,55345.4,55345.4,55345.4,180
1781066420000,55345.6,55374.4,55345.6,55374.4,210
1781066425000,55350.4,55350.4,55350.4,55350.4,120
1781066435000,55354.0,55374.0,55354.0,55374.0,150
1781066440000,55374.0,55377.0,55360.0,55360.0,330
1781066455000,55377.0,55377.0,55362.0,55362.0,180
1781066460000,55383.2,55383.2,55362.0,55362.0,2520
1781066465000,55360.0,55380.4,55346.6,55380.4,4350
1781066470000,55380.4,55380.4,55360.2,55375.8,960
1781066475000,55380.6,55380.6,55373.8,55373.8,1290
1781066480000,55360.2,55360.2,55360.2,55360.2,30
1781066485000,55360.0,55360.0,55351.0,55351.0,300
1781066500000,55362.6,55362.6,55351.0,55351.0,540
1781066505000,55351.0,55358.2,55351.0,55358.2,60
1781066515000,55358.6,55358.6,55350.0,55350.0,300
1781066520000,55340.8,55340.8,55340.8,55340.8,90
1781066535000,55345.0,55345.0,55345.0,55345.0,90
1781066545000,55345.0,55345.0,55335.2,55335.2,300
1781066550000,55334.8,55340.0,55334.8,55340.0,90
1781066555000,55345.0,55345.0,55345.0,55345.0,60
1781066560000,55356.0,55356.0,55345.0,55345.0,90
1781066565000,55345.0,55345.0,55345.0,55345.0,30
1781066570000,55340.0,55340.0,55331.6,55340.0,300
1781066575000,55331.2,55331.2,55331.2,55331.2,30
1781066585000,55340.0,55340.0,55340.0,55340.0,30
1781066590000,55340.0,55340.0,55340.0,55340.0,180
1781066595000,55330.0,55330.0,55330.0,55330.0,30
1781066600000,55340.0,55340.0,55330.2,55340.0,120
1781066605000,55330.2,55330.2,55330.2,55330.2,360
1781066620000,55340.0,55345.0,55340.0,55345.0,90
1781066625000,55345.0,55345.0,55330.0,55330.0,120
1781066630000,55330.0,55330.0,55330.0,55330.0,30
1781066635000,55330.0,55330.0,55330.0,55330.0,180
1781066640000,55330.0,55330.0,55330.0,55330.0,120
1781066645000,55331.2,55331.2,55323.2,55323.2,60
1781066650000,55322.0,55322.0,55316.0,55316.0,60
1781066655000,55316.0,55316.0,55315.2,55315.2,90
1781066660000,55316.0,55316.0,55316.0,55316.0,60
1781066670000,55316.0,55323.6,55315.0,55323.6,300
1781066675000,55316.0,55324.6,55310.0,55314.8,210
1781066680000,55323.0,55323.0,55304.0,55304.0,120
1781066685000,55320.0,55320.0,55320.0,55320.0,30
1781066690000,55304.0,55312.4,55304.0,55312.4,120
1781066695000,55303.4,55304.0,55300.0,55304.0,2130
1781066700000,55302.8,55302.8,55283.6,55283.6,2250
1781066705000,55290.0,55290.0,55282.2,55282.2,180
1781066710000,55280.0,55280.0,55270.0,55270.0,1290
1781066715000,55280.0,55280.0,55276.6,55276.6,90
1781066720000,55276.6,55276.6,55253.0,55253.2,2310
1781066725000,55253.2,55253.2,55250.0,55252.4,1980
1781066730000,55252.4,55280.0,55252.4,55253.2,840
1781066735000,55253.2,55280.0,55253.2,55280.0,360
1781066740000,55280.0,55286.4,55257.8,55257.8,180
1781066745000,55283.6,55283.6,55257.8,55257.8,120
1781066750000,55281.6,55284.2,55281.6,55284.2,450
1781066755000,55257.8,55282.0,55254.8,55282.0,420
1781066760000,55282.0,55290.0,55282.0,55282.0,300
1781066765000,55253.2,55260.2,55253.2,55260.0,270
1781066770000,55260.0,55283.0,55260.0,55260.0,1380
1781066775000,55283.8,55283.8,55260.0,55260.0,60
1781066780000,55260.0,55284.0,55258.0,55258.0,300
1781066785000,55284.8,55284.8,55260.0,55260.0,60
1781066790000,55270.0,55270.0,55263.4,55263.4,90
1781066795000,55284.0,55284.0,55284.0,55284.0,90
1781066800000,55285.0,55329.8,55285.0,55329.8,480
1781066805000,55300.4,55327.0,55300.4,55327.0,90
1781066810000,55325.8,55325.8,55300.6,55300.6,150
1781066815000,55321.4,55321.4,55300.6,55300.6,180
1781066820000,55311.2,55311.8,55311.2,55311.8,60
1781066825000,55307.8,55307.8,55300.6,55300.6,120
1781066830000,55305.2,55305.2,55305.2,55305.2,120
1781066835000,55305.2,55308.8,55305.2,55308.8,150
1781066840000,55307.6,55317.8,55307.6,55314.6,150
1781066845000,55307.0,55307.0,55307.0,55307.0,420
1781066850000,55308.0,55308.0,55308.0,55308.0,360
1781066860000,55305.0,55305.0,55305.0,55305.0,30
1781066865000,55305.0,55305.0,55301.8,55301.8,150
1781066870000,55305.0,55305.0,55305.0,55305.0,60
1781066875000,55303.0,55303.0,55301.6,55301.6,180
1781066890000,55305.0,55305.0,55301.8,55301.8,120
1781066900000,55305.0,55318.6,55301.6,55318.6,180
1781066905000,55306.2,55319.2,55306.2,55319.2,60
1781066910000,55319.2,55319.2,55301.6,55306.2,150
1781066915000,55304.0,55304.0,55301.6,55301.6,90
1781066920000,55308.8,55308.8,55308.8,55308.8,60
1781066925000,55308.8,55308.8,55308.8,55308.8,30
1781066930000,55308.8,55308.8,55308.8,55308.8,120
1781066935000,55320.2,55320.2,55320.2,55320.2,30
1781066940000,55334.6,55335.6,55334.6,55335.6,60
1781066945000,55325.2,55330.0,55325.2,55330.0,60
1781066955000,55330.0,55330.0,55330.0,55330.0,30
1781066960000,55330.0,55330.2,55330.0,55330.2,60
1781066965000,55340.0,55340.0,55340.0,55340.0,150
1781066970000,55342.0,55342.0,55336.0,55336.0,120
1781066975000,55345.0,55345.0,55340.2,55340.2,150
1781066980000,55330.4,55330.4,55330.4,55330.4,30
1781066985000,55345.0,55345.0,55345.0,55345.0,120
1781066990000,55340.2,55345.0,55340.2,55345.0,120
1781066995000,55345.0,55345.0,55345.0,55345.0,90
1781067000000,55345.0,55345.0,55345.0,55345.0,30
1781067005000,55346.0,55346.0,55346.0,55346.0,30
1781067010000,55345.0,55345.0,55343.8,55343.8,60
1781067015000,55340.0,55340.0,55340.0,55340.0,90
1781067020000,55330.2,55330.2,55330.2,55330.2,150
1781067040000,55332.4,55332.4,55332.4,55332.4,30
1781067050000,55330.0,55330.0,55330.0,55330.0,60
1781067055000,55333.0,55333.0,55333.0,55333.0,30
1781067070000,55340.0,55340.0,55340.0,55340.0,30
1781067075000,55333.2,55333.2,55333.2,55333.2,360
1781067080000,55337.0,55337.0,55337.0,55337.0,30
1781067085000,55331.0,55331.0,55331.0,55331.0,30
1781067090000,55340.0,55340.0,55340.0,55340.0,30
1781067095000,55337.0,55337.0,55337.0,55337.0,60
1781067100000,55337.0,55337.0,55330.0,55330.0,180
1781067105000,55337.0,55339.2,55337.0,55339.2,120
1781067110000,55337.0,55340.0,55337.0,55340.0,90
1781067115000,55339.8,55339.8,55339.8,55339.8,30
1781067130000,55337.0,55337.0,55337.0,55337.0,60
1781067140000,55330.0,55330.8,55320.0,55330.8,150
1781067145000,55330.8,55330.8,55330.8,55330.8,30
1781067155000,55320.2,55320.2,55320.2,55320.2,240
1781067165000,55320.2,55329.8,55320.2,55329.8,60
1781067175000,55330.0,55330.8,55330.0,55330.8,120
1781067180000,55334.8,55334.8,55333.0,55333.0,90
1781067185000,55330.8,55330.8,55330.8,55330.8,30
1781067195000,55334.8,55334.8,55334.8,55334.8,30
1781067205000,55334.8,55341.6,55334.8,55341.6,60
1781067210000,55307.0,55307.0,55307.0,55307.0,750
1781067220000,55310.2,55310.2,55310.2,55310.2,30
1781067225000,55326.6,55326.6,55326.6,55326.6,60
1781067235000,55323.2,55323.2,55301.6,55301.6,270
1781067245000,55324.8,55324.8,55324.8,55324.8,30
1781067250000,55324.8,55325.0,55303.2,55324.8,180
1781067270000,55312.8,55312.8,55312.8,55312.8,30
1781067275000,55311.4,55311.4,55311.4,55311.4,120
1781067290000,55330.0,55334.2,55330.0,55334.2,60
1781067305000,55320.6,55320.6,55320.6,55320.6,30
1781067315000,55320.6,55320.6,55320.6,55320.6,30
1781067325000,55320.6,55320.6,55320.6,55320.6,30
1781067345000,55320.8,55320.8,55320.8,55320.8,30
1781067370000,55333.4,55333.4,55333.4,55333.4,180
1781067375000,55320.6,55320.6,55320.0,55320.6,1080
1781067380000,55315.0,55315.0,55315.0,55315.0,30
1781067385000,55305.0,55305.0,55305.0,55305.0,30
1781067395000,55319.4,55319.4,55305.0,55305.0,210
1781067400000,55324.4,55324.4,55300.0,55300.0,480
1781067405000,55319.2,55319.2,55319.2,55319.2,180
1781067410000,55300.6,55300.6,55300.6,55300.6,150
1781067415000,55319.2,55319.2,55300.0,55300.0,90
1781067420000,55294.2,55294.2,55294.2,55294.2,240
1781067430000,55298.4,55310.0,55298.4,55310.0,90
1781067435000,55311.0,55311.0,55311.0,55311.0,30
1781067440000,55320.0,55320.0,55320.0,55320.0,30
1781067445000,55320.0,55320.0,55320.0,55320.0,30
1781067450000,55320.0,55320.0,55320.0,55320.0,30
1781067460000,55306.6,55306.6,55306.6,55306.6,30
1781067465000,55306.6,55306.6,55306.6,55306.6,30
1781067470000,55311.0,55311.0,55301.0,55301.0,60
1781067475000,55307.0,55307.0,55307.0,55307.0,30
1781067480000,55301.0,55301.0,55301.0,55301.0,330
1781067495000,55307.0,55307.0,55301.0,55301.0,150
1781067505000,55301.0,55301.0,55301.0,55301.0,180
1781067510000,55301.0,55307.0,55301.0,55307.0,210
1781067530000,55308.0,55308.0,55308.0,55308.0,30
1781067535000,55310.0,55310.0,55310.0,55310.0,30
1781067540000,55310.0,55310.0,55310.0,55310.0,30
1781067545000,55310.0,55310.0,55310.0,55310.0,30
1781067575000,55310.0,55310.0,55310.0,55310.0,30
1781067590000,55305.0,55305.0,55301.2,55301.2,60
1781067595000,55310.0,55310.0,55301.4,55301.4,60
1781067600000,55301.6,55301.6,55301.6,55301.6,60
1781067605000,55301.6,55310.0,55301.6,55304.2,150
1781067610000,55310.0,55318.0,55310.0,55318.0,60
1781067615000,55309.0,55309.0,55309.0,55309.0,60
1781067620000,55318.0,55318.0,55318.0,55318.0,60
1781067625000,55322.0,55324.0,55322.0,55324.0,90
1781067630000,55324.0,55324.0,55324.0,55324.0,30
1781067645000,55325.0,55325.0,55325.0,55325.0,30
1781067655000,55330.0,55330.0,55330.0,55330.0,30
1781067660000,55339.0,55346.0,55339.0,55346.0,90
1781067665000,55348.8,55350.0,55348.8,55350.0,120
1781067670000,55349.8,55349.8,55349.8,55349.8,60
1781067675000,55350.0,55350.0,55350.0,55350.0,60
1781067680000,55350.0,55351.2,55350.0,55351.2,150
1781067690000,55357.6,55358.8,55357.6,55358.8,930
1781067695000,55360.0,55360.0,55360.0,55360.0,960
1781067700000,55361.0,55361.0,55361.0,55361.0,30
1781067705000,55361.0,55361.0,55361.0,55361.0,180
1781067710000,55368.2,55368.2,55361.2,55361.2,300
1781067715000,55365.0,55365.0,55365.0,55365.0,120
1781067720000,55370.0,55370.0,55370.0,55370.0,30
1781067725000,55370.0,55370.0,55370.0,55370.0,90
1781067730000,55372.0,55372.0,55372.0,55372.0,150
1781067735000,55372.0,55372.0,55372.0,55372.0,60
1781067745000,55378.6,55378.6,55378.6,55378.6,120
1781067750000,55370.2,55370.2,55370.2,55370.2,30
1781067755000,55380.0,55380.0,55380.0,55380.0,30
1781067765000,55370.2,55371.0,55370.2,55371.0,300
1781067770000,55371.0,55371.0,55371.0,55371.0,210
1781067775000,55385.0,55385.0,55385.0,55385.0,300
1781067780000,55371.0,55375.8,55371.0,55375.8,480
1781067785000,55375.0,55385.0,55375.0,55385.0,210
1781067790000,55371.6,55385.0,55371.6,55385.0,240
1781067795000,55385.0,55389.0,55374.0,55389.0,720
1781067800000,55374.6,55387.4,55374.6,55387.4,240
1781067810000,55383.2,55383.2,55370.0,55370.0,240
1781067820000,55386.0,55386.0,55386.0,55386.0,30
1781067825000,55390.0,55390.0,55386.0,55390.0,180
1781067830000,55395.0,55395.0,55373.8,55373.8,540
1781067835000,55381.4,55381.4,55379.2,55379.2,510
1781067840000,55379.2,55403.0,55379.2,55403.0,1560
1781067845000,55393.4,55410.0,55393.4,55410.0,510
1781067850000,55382.0,55382.0,55382.0,55382.0,450
1781067855000,55382.0,55382.0,55382.0,55382.0,450
1781067860000,55407.6,55407.6,55375.6,55375.6,480
1781067865000,55371.6,55381.4,55371.6,55381.4,540
1781067870000,55378.8,55378.8,55373.0,55373.0,480
1781067875000,55398.2,55398.2,55371.0,55371.0,180
1781067880000,55399.8,55399.8,55399.8,55399.8,270
1781067885000,55399.8,55408.0,55399.8,55400.0,720
1781067890000,55410.0,55410.0,55410.0,55410.0,270
1781067895000,55396.0,55420.0,55396.0,55420.0,870
1781067900000,55417.0,55417.0,55417.0,55417.0,540
1781067905000,55387.6,55416.0,55387.6,55416.0,480
1781067910000,55425.0,55425.0,55391.0,55391.0,480
1781067915000,55389.4,55419.6,55389.4,55419.6,630
1781067920000,55413.6,55420.0,55394.2,55420.0,900
1781067925000,55419.8,55423.0,55394.6,55423.0,810
1781067930000,55420.0,55420.0,55396.8,55396.8,570
1781067935000,55420.0,55420.0,55407.6,55407.6,630
1781067940000,55407.8,55425.0,55406.2,55406.2,750
1781067945000,55425.0,55425.0,55409.6,55409.6,810
1781067950000,55426.0,55430.0,55426.0,55430.0,150
1781067955000,55423.6,55426.4,55423.6,55426.4,630
1781067960000,55443.8,55443.8,55435.0,55443.8,630
1781067965000,55420.6,55420.6,55420.6,55420.6,450
1781067970000,55405.6,55405.6,55405.6,55405.6,570
1781067975000,55423.6,55430.0,55411.0,55430.0,510
1781067980000,55430.0,55441.0,55411.6,55441.0,720
1781067985000,55441.0,55441.0,55414.2,55414.2,480
1781067990000,55419.4,55419.4,55419.4,55419.4,450
1781067995000,55415.8,55415.8,55415.8,55415.8,450
1781068000000,55440.0,55443.4,55430.4,55430.4,840
1781068005000,55444.0,55444.0,55421.4,55421.4,570
1781068010000,55430.4,55446.0,55428.8,55428.8,1140
1781068015000,55446.4,55446.4,55446.4,55446.4,30
1781068020000,55428.6,55447.8,55428.6,55447.8,540
1781068025000,55442.4,55447.6,55442.4,55447.6,510
1781068030000,55421.4,55421.4,55421.4,55421.4,480
1781068035000,55413.6,55413.6,55413.6,55413.6,450
1781068040000,55444.8,55444.8,55415.6,55415.6,570
1781068045000,55415.4,55415.4,55415.4,55415.4,450
1781068050000,55431.2,55447.0,55431.2,55447.0,630
1781068055000,55414.0,55421.6,55414.0,55421.6,540
1781068060000,55447.8,55447.8,55417.0,55447.0,630
1781068065000,55416.0,55416.0,55416.0,55416.0,1020
1781068070000,55417.4,55417.4,55417.4,55417.4,450
1781068075000,55441.0,55441.0,55430.4,55430.4,60
1781068080000,55418.4,55445.0,55418.4,55445.0,570
1781068085000,55441.6,55441.6,55441.6,55441.6,540
1781068090000,55413.8,55413.8,55413.8,55413.8,450
1781068095000,55406.4,55406.4,55406.4,55406.4,450
1781068100000,55401.0,55401.0,55401.0,55401.0,450
1781068105000,55415.6,55430.8,55393.8,55430.8,540
1781068110000,55386.0,55426.6,55386.0,55426.6,480
1781068115000,55431.0,55431.0,55394.2,55394.2,480
1781068120000,55391.4,55391.4,55391.4,55391.4,480
1781068125000,55390.0,55390.0,55390.0,55390.0,450
1781068130000,55403.4,55403.4,55387.8,55387.8,510
1781068135000,55390.0,55426.0,55390.0,55398.2,240
1781068140000,55386.6,55386.6,55386.6,55386.6,450
1781068145000,55376.4,55376.4,55376.4,55376.4,450
1781068150000,55378.6,55415.4,55378.6,55414.4,540
1781068155000,55381.6,55381.6,55381.6,55381.6,450
1781068160000,55413.8,55413.8,55413.8,55413.8,480
1781068165000,55378.0,55381.6,55378.0,55381.6,630
1781068170000,55387.0,55387.0,55387.0,55387.0,450
1781068175000,55389.2,55389.2,55376.4,55376.4,510
1781068180000,55373.6,55373.6,55373.6,55373.6,450
1781068185000,55383.6,55383.6,55374.6,55383.4,510
1781068190000,55383.8,55405.4,55373.0,55373.0,540
1781068195000,55406.2,55406.2,55371.0,55371.0,480
1781068205000,55372.0,55380.2,55372.0,55380.2,480
1781068210000,55372.0,55406.0,55372.0,55406.0,480
1781068215000,55371.0,55399.0,55371.0,55399.0,270
1781068220000,55376.0,55376.0,55376.0,55376.0,450
1781068225000,55371.0,55371.0,55371.0,55371.0,270
1781068230000,55374.0,55374.0,55374.0,55374.0,450
1781068235000,55371.0,55371.0,55371.0,55371.0,240
1781068240000,55376.6,55376.6,55376.6,55376.6,90
1781068245000,55377.2,55377.2,55377.2,55377.2,450
1781068250000,55371.0,55371.0,55371.0,55371.0,450
1781068255000,55382.6,55382.6,55382.6,55382.6,570
1781068260000,55385.0,55385.0,55380.6,55380.6,480
1781068265000,55410.0,55410.0,55390.2,55390.2,630
1781068270000,55388.4,55388.4,55388.4,55388.4,450
1781068275000,55414.0,55414.0,55384.2,55384.2,510
1781068280000,55419.8,55419.8,55419.8,55419.8,120
1781068285000,55381.8,55381.8,55381.8,55381.8,450
1781068290000,55377.8,55377.8,55377.8,55377.8,450
1781068295000,55377.0,55377.0,55377.0,55377.0,450
1781068300000,55377.4,55391.0,55377.4,55391.0,570
1781068305000,55383.8,55383.8,55383.8,55383.8,450
1781068310000,55383.8,55383.8,55373.8,55373.8,360
1781068315000,55373.0,55373.0,55373.0,55373.0,30
1781068320000,55399.8,55399.8,55374.4,55374.4,180
1781068325000,55374.4,55374.4,55374.4,55374.4,120
1781068330000,55375.0,55375.0,55372.0,55372.0,120
1781068335000,55379.4,55379.4,55379.4,55379.4,120
1781068340000,55372.0,55372.0,55372.0,55372.0,450
1781068345000,55373.4,55373.4,55373.4,55373.4,450
1781068355000,55383.4,55383.4,55373.4,55373.4,480
1781068360000,55399.0,55410.0,55399.0,55410.0,690
1781068365000,55414.0,55414.0,55414.0,55414.0,510
1781068370000,55383.8,55410.0,55383.8,55410.0,510
1781068375000,55379.2,55379.2,55379.2,55379.2,450
1781068380000,55406.4,55406.4,55371.0,55371.0,480
1781068385000,55374.0,55374.0,55374.0,55374.0,450
1781068390000,55375.6,55375.6,55375.6,55375.6,450
1781068395000,55410.0,55410.0,55383.4,55383.4,600
1781068400000,55383.2,55383.2,55383.2,55383.2,450
1781068405000,55381.8,55381.8,55381.8,55381.8,450
1781068410000,55379.8,55379.8,55379.8,55379.8,450
1781068415000,55376.0,55376.0,55376.0,55376.0,450
1781068420000,55374.4,55374.4,55374.4,55374.4,450
1781068425000,55378.6,55378.6,55378.6,55378.6,450
1781068430000,55392.0,55392.0,55383.8,55383.8,480
1781068440000,55376.0,55376.0,55376.0,55376.0,450
1781068445000,55379.0,55379.0,55379.0,55379.0,450
1781068450000,55380.6,55387.6,55380.6,55387.6,480
1781068455000,55377.0,55377.0,55377.0,55377.0,450
1781068460000,55374.2,55374.2,55374.2,55374.2,450
1781068465000,55371.0,55371.0,55371.0,55371.0,180
1781068470000,55373.8,55373.8,55373.8,55373.8,90
1781068475000,55399.0,55399.0,55371.2,55371.2,480
1781068480000,55378.8,55378.8,55378.8,55378.8,60
1781068485000,55371.0,55371.0,55371.0,55371.0,90
1781068490000,55370.2,55370.2,55370.2,55370.2,30
1781068495000,55370.4,55371.2,55370.4,55371.2,90
1781068500000,55379.8,55379.8,55371.8,55371.8,120
1781068505000,55372.0,55372.0,55372.0,55372.0,60
1781068510000,55378.2,55378.2,55378.2,55378.2,480
1781068515000,55398.6,55398.6,55375.4,55375.4,510
1781068520000,55374.6,55374.6,55374.6,55374.6,540
1781068525000,55375.4,55375.4,55375.4,55375.4,150
1781068535000,55375.4,55375.4,55375.4,55375.4,120
1781068540000,55378.4,55378.4,55378.4,55378.4,90
1781068545000,55370.6,55370.6,55370.6,55370.6,480
1781068550000,55394.8,55394.8,55394.8,55394.8,30
1781068555000,55371.8,55394.6,55371.8,55394.6,90
1781068560000,55371.0,55371.0,55371.0,55371.0,30
1781068565000,55372.6,55372.6,55372.6,55372.6,90
1781068570000,55374.6,55374.6,55374.6,55374.6,60
1781068575000,55376.0,55393.6,55376.0,55393.6,180
1781068580000,55372.4,55372.4,55372.4,55372.4,150
1781068585000,55371.0,55371.0,55371.0,55371.0,180
1781068590000,55370.0,55370.2,55370.0,55370.2,60
1781068595000,55372.0,55372.0,55372.0,55372.0,30
1781068600000,55376.8,55376.8,55376.8,55376.8,270
1781068605000,55372.2,55391.0,55372.2,55391.0,270
1781068610000,55372.0,55372.0,55372.0,55372.0,120
1781068620000,55393.2,55393.2,55393.2,55393.2,30
1781068625000,55370.0,55393.0,55370.0,55393.0,120
1781068635000,55390.0,55390.0,55390.0,55390.0,30
1781068655000,55393.0,55393.0,55391.0,55392.8,150
1781068660000,55372.8,55372.8,55372.8,55372.8,60
1781068665000,55372.4,55372.4,55372.4,55372.4,60
1781068670000,55372.6,55372.6,55372.6,55372.6,90
1781068675000,55371.0,55371.0,55371.0,55371.0,240
1781068680000,55372.4,55372.4,55372.4,55372.4,210
1781068685000,55392.0,55392.0,55392.0,55392.0,150
1781068690000,55371.2,55371.2,55371.2,55371.2,120
1781068700000,55370.0,55370.0,55370.0,55370.0,30
1781068705000,55390.0,55390.0,55390.0,55390.0,30
1781068710000,55371.4,55372.0,55371.4,55372.0,120
1781068715000,55371.4,55371.4,55371.4,55371.4,60
1781068725000,55372.2,55372.2,55372.2,55372.2,180
1781068730000,55374.4,55391.0,55374.4,55391.0,210
1781068735000,55371.0,55371.0,55371.0,55371.0,270
1781068740000,55391.0,55391.0,55373.0,55373.0,270
1781068745000,55371.0,55371.0,55371.0,55371.0,120
1781068750000,55371.6,55371.6,55371.6,55371.6,60
1781068755000,55371.2,55371.2,55371.2,55371.2,120
1781068760000,55371.4,55371.4,55371.4,55371.4,90
1781068765000,55390.0,55390.0,55371.2,55371.2,180
1781068770000,55392.0,55392.0,55376.0,55376.0,330
1781068775000,55373.8,55373.8,55373.8,55373.8,270
1781068780000,55390.0,55390.0,55371.4,55371.4,240
1781068785000,55392.0,55392.0,55373.6,55373.6,120
1781068790000,55392.0,55400.0,55392.0,55400.0,210
1781068795000,55380.2,55380.2,55380.2,55380.2,630
1781068800000,55394.4,55422.4,55394.4,55422.4,480
1781068805000,55381.2,55381.2,55381.2,55381.2,450
1781068810000,55374.0,55374.0,55374.0,55374.0,450
1781068815000,55410.4,55410.4,55371.0,55371.0,240
1781068820000,55379.4,55379.4,55379.4,55379.4,30
1781068825000,55400.0,55406.8,55380.2,55380.2,180
1781068830000,55415.4,55415.4,55415.4,55415.4,270
1781068840000,55419.8,55420.0,55419.8,55420.0,60
1781068845000,55419.8,55419.8,55419.8,55419.8,270
1781068850000,55394.8,55394.8,55394.8,55394.8,60
1781068860000,55422.0,55422.0,55422.0,55422.0,330
1781068875000,55418.2,55418.2,55418.2,55418.2,30
1781068880000,55396.6,55396.6,55396.6,55396.6,60
1781068895000,55404.6,55404.6,55404.6,55404.6,30
1781068905000,55420.0,55423.0,55420.0,55423.0,330
1781068910000,55433.0,55441.2,55433.0,55441.2,1110
1781068915000,55436.6,55436.6,55436.6,55436.6,90
1781068920000,55443.0,55443.0,55439.2,55439.2,120
1781068925000,55445.0,55450.0,55445.0,55450.0,2190
1781068930000,55445.0,55451.0,55445.0,55451.0,210
1781068935000,55451.0,55451.0,55450.2,55450.8,240
1781068940000,55452.0,55452.0,55450.8,55452.0,360
1781068945000,55450.8,55452.0,55450.4,55450.4,120
1781068950000,55450.2,55452.0,55450.2,55452.0,90
1781068955000,55452.0,55452.0,55451.0,55451.0,60
1781068960000,55451.4,55451.4,55451.4,55451.4,90
1781068965000,55452.0,55452.0,55452.0,55452.0,150
1781068970000,55451.2,55451.4,55451.2,55451.4,180
1781068975000,55451.4,55452.0,55451.2,55451.2,240
1781068980000,55452.0,55452.0,55451.2,55451.2,750
1781068985000,55451.0,55451.0,55451.0,55451.0,30
1781068990000,55451.0,55451.0,55451.0,55451.0,30
1781068995000,55450.0,55450.0,55450.0,55450.0,120
1781069000000,55450.0,55450.0,55450.0,55450.0,30
1781069005000,55447.4,55450.0,55447.4,55450.0,90
1781069010000,55448.6,55450.0,55446.8,55450.0,270
1781069015000,55450.8,55450.8,55447.2,55450.0,120
1781069020000,55452.0,55452.0,55450.0,55450.0,360
1781069025000,55455.0,55455.0,55455.0,55455.0,300
1781069035000,55455.0,55455.0,55455.0,55455.0,30
1781069040000,55455.0,55455.0,55455.0,55455.0,210
1781069045000,55455.0,55458.0,55455.0,55458.0,510
1781069050000,55458.0,55467.0,55458.0,55467.0,1170
1781069055000,55470.0,55470.0,55470.0,55470.0,330
1781069060000,55469.8,55469.8,55466.2,55466.2,210
1781069065000,55469.8,55470.0,55469.8,55470.0,60
1781069070000,55470.0,55473.2,55470.0,55470.0,390
1781069075000,55475.0,55475.0,55475.0,55475.0,180
1781069080000,55473.2,55480.0,55473.2,55480.0,780
1781069085000,55480.0,55480.0,55480.0,55480.0,210
1781069090000,55480.0,55480.4,55480.0,55480.4,150
1781069095000,55482.0,55483.4,55482.0,55483.4,120
1781069100000,55483.4,55485.0,55480.4,55480.4,270
1781069105000,55485.0,55485.0,55485.0,55485.0,90
1781069110000,55484.2,55485.0,55484.0,55484.0,720
1781069115000,55485.0,55485.0,55484.0,55484.2,120
1781069120000,55484.0,55485.0,55484.0,55485.0,570
1781069125000,55484.0,55487.0,55484.0,55487.0,240
1781069130000,55487.0,55488.0,55486.8,55488.0,150
1781069135000,55488.0,55489.0,55488.0,55489.0,240
1781069140000,55489.0,55489.8,55488.2,55489.8,270
1781069145000,55489.8,55489.8,55489.0,55489.8,270
1781069150000,55486.8,55486.8,55457.0,55464.0,720
1781069155000,55463.8,55471.2,55463.8,55471.2,60
1781069160000,55476.4,55476.4,55476.4,55476.4,60
1781069165000,55479.6,55479.6,55471.2,55471.2,690
1781069170000,55475.2,55475.2,55475.2,55475.2,60
1781069175000,55477.0,55480.0,55475.0,55475.0,450
1781069180000,55475.2,55475.2,55475.0,55475.0,90
1781069185000,55475.0,55475.0,55471.0,55471.0,60
1781069190000,55470.0,55470.0,55460.2,55461.2,180
1781069195000,55475.2,55475.2,55462.4,55462.4,150
1781069200000,55460.0,55460.0,55460.0,55460.0,30
1781069205000,55455.4,55457.4,55455.4,55457.4,90
1781069210000,55450.2,55459.2,55450.2,55459.2,180
1781069215000,55450.2,55450.2,55450.2,55450.2,30
1781069220000,55456.2,55456.2,55450.4,55450.4,60
1781069225000,55450.4,55456.6,55450.2,55456.6,360
1781069230000,55474.0,55474.0,55467.2,55467.2,60
1781069235000,55466.2,55466.2,55466.2,55466.2,30
1781069240000,55475.0,55481.8,55475.0,55481.8,120
1781069245000,55475.0,55484.0,55475.0,55484.0,150
1781069250000,55485.0,55485.0,55485.0,55485.0,90
1781069260000,55488.4,55488.4,55485.2,55485.2,150
1781069265000,55471.0,55485.0,55470.8,55470.8,270
1781069275000,55485.0,55485.0,55485.0,55485.0,60
1781069280000,55488.4,55511.0,55488.4,55511.0,5130
1781069285000,55520.0,55520.0,55517.4,55520.0,660
1781069290000,55510.2,55525.0,55510.2,55525.0,540
1781069295000,55525.0,55532.0,55525.0,55532.0,780
1781069300000,55532.6,55537.4,55525.0,55525.2,840
1781069305000,55538.0,55538.0,55535.0,55535.0,180
1781069310000,55536.0,55538.4,55536.0,55536.0,300
1781069315000,55534.0,55540.0,55534.0,55540.0,90
1781069320000,55540.2,55541.0,55534.2,55540.0,1020
1781069325000,55540.0,55540.0,55537.4,55537.4,240
1781069330000,55534.2,55538.2,55534.2,55536.8,210
1781069335000,55537.0,55537.0,55525.0,55525.0,570
1781069340000,55531.2,55531.6,55531.0,55531.0,120
1781069345000,55531.2,55531.2,55510.0,55510.0,1230
1781069350000,55515.8,55515.8,55515.8,55515.8,30
1781069355000,55513.6,55526.0,55513.6,55526.0,420
1781069360000,55524.4,55528.0,55524.4,55525.0,210
1781069365000,55529.6,55529.6,55528.2,55528.4,180
1781069370000,55528.2,55530.0,55528.2,55530.0,150
1781069375000,55531.2,55536.8,55530.0,55536.8,150
1781069380000,55531.2,55540.0,55531.2,55540.0,360
1781069385000,55535.4,55545.0,55535.2,55535.2,390
1781069390000,55535.0,55535.0,55528.0,55528.0,240
1781069395000,55531.0,55531.0,55530.0,55530.0,60
1781069400000,55540.0,55540.0,55527.0,55527.0,810
1781069405000,55530.0,55537.0,55530.0,55537.0,90
1781069410000,55535.0,55535.0,55535.0,55535.0,90
1781069415000,55530.6,55532.4,55530.4,55532.4,300
1781069420000,55525.4,55525.4,55520.0,55520.0,1320
1781069425000,55524.6,55525.6,55524.6,55525.6,120
1781069430000,55512.4,55524.0,55512.4,55524.0,330
1781069435000,55512.6,55512.6,55510.4,55510.4,90
1781069440000,55517.0,55517.0,55511.2,55511.2,90
1781069445000,55519.6,55519.6,55519.4,55519.4,120
1781069450000,55520.0,55520.0,55510.6,55510.6,150
1781069455000,55510.0,55510.0,55510.0,55510.0,60
1781069460000,55510.2,55521.2,55510.2,55521.2,60
1781069465000,55510.0,55510.0,55510.0,55510.0,60
1781069470000,55510.0,55510.0,55505.0,55505.0,150
1781069475000,55504.8,55504.8,55501.0,55501.0,60
1781069480000,55505.0,55505.0,55505.0,55505.0,30
1781069485000,55510.0,55510.0,55500.8,55500.8,60
1781069495000,55510.2,55510.2,55505.2,55506.2,120
1781069505000,55510.0,55510.0,55510.0,55510.0,330
1781069510000,55515.2,55515.2,55514.4,55514.4,540
1781069515000,55506.8,55506.8,55506.8,55506.8,30
1781069520000,55506.8,55520.0,55506.8,55520.0,60
1781069525000,55520.0,55520.0,55515.0,55515.0,300
1781069530000,55515.0,55515.0,55515.0,55515.0,150
1781069535000,55521.8,55521.8,55510.8,55510.8,540
1781069540000,55525.0,55525.0,55525.0,55525.0,60
1781069545000,55514.0,55514.0,55514.0,55514.0,30
1781069550000,55525.0,55525.0,55525.0,55525.0,30
1781069555000,55530.0,55530.0,55530.0,55530.0,150
1781069560000,55533.0,55533.0,55521.6,55521.6,120
1781069565000,55529.8,55530.0,55529.8,55530.0,60
1781069570000,55533.0,55533.0,55530.2,55530.2,240
1781069575000,55533.0,55533.0,55533.0,55533.0,90
1781069580000,55533.0,55533.0,55530.6,55533.0,150
1781069585000,55533.0,55533.0,55532.8,55532.8,570
1781069590000,55533.0,55533.0,55533.0,55533.0,90
1781069595000,55539.4,55539.4,55525.6,55533.0,300
1781069600000,55533.0,55533.0,55530.0,55533.0,180
1781069605000,55526.0,55540.0,55526.0,55540.0,660
1781069610000,55529.6,55540.0,55529.6,55540.0,1470
1781069615000,55545.0,55545.0,55531.8,55531.8,90
1781069620000,55545.0,55545.0,55545.0,55545.0,30
1781069625000,55545.0,55545.0,55540.0,55540.0,90
1781069630000,55540.0,55545.0,55535.8,55545.0,120
1781069635000,55545.0,55545.0,55545.0,55545.0,150
1781069640000,55545.0,55545.0,55545.0,55545.0,150
1781069645000,55548.8,55548.8,55548.8,55548.8,90
1781069650000,55549.0,55549.0,55548.2,55548.2,570
1781069655000,55540.0,55540.0,55537.0,55540.0,900
1781069660000,55540.0,55540.0,55540.0,55540.0,120
1781069665000,55540.0,55540.0,55540.0,55540.0,30
1781069670000,55540.0,55545.0,55540.0,55545.0,60
1781069675000,55549.0,55549.2,55539.0,55548.8,150
1781069680000,55550.0,55550.0,55549.2,55549.2,1080
1781069685000,55549.2,55550.0,55549.2,55550.0,1110
1781069690000,55549.2,55550.0,55540.2,55550.0,180
1781069695000,55546.0,55546.0,55540.0,55540.0,210
1781069700000,55540.8,55540.8,55530.0,55530.0,120
1781069705000,55531.8,55531.8,55531.8,55531.8,180
1781069710000,55535.8,55535.8,55535.8,55535.8,30
1781069715000,55526.0,55534.6,55526.0,55534.6,240
1781069720000,55535.0,55535.0,55525.0,55525.0,120
1781069725000,55525.0,55528.8,55520.0,55528.8,270
1781069730000,55535.0,55535.0,55528.8,55528.8,90
1781069735000,55540.0,55540.0,55521.8,55525.8,330
1781069740000,55520.0,55525.8,55520.0,55525.8,150
1781069745000,55525.8,55525.8,55518.2,55518.2,90
1781069750000,55518.2,55525.8,55518.2,55525.8,150
1781069755000,55525.8,55525.8,55511.0,55511.0,60
1781069760000,55523.6,55523.6,55523.6,55523.6,30
1781069765000,55523.6,55523.6,55523.6,55523.6,60
1781069770000,55515.2,55515.2,55515.2,55515.2,30
1781069775000,55515.2,55528.0,55515.2,55528.0,270
1781069780000,55528.2,55528.4,55528.0,55528.4,180
1781069790000,55528.0,55528.0,55514.0,55514.0,390
1781069800000,55513.0,55523.6,55513.0,55520.0,540
1781069805000,55505.8,55507.0,55505.8,55507.0,60
1781069810000,55482.6,55497.6,55480.0,55497.6,540
1781069820000,55480.2,55480.2,55480.2,55480.2,90
1781069830000,55484.4,55484.6,55484.4,55484.4,90
1781069835000,55496.8,55496.8,55480.0,55480.0,180
1781069840000,55484.2,55484.2,55483.2,55483.2,60
1781069855000,55497.6,55497.6,55497.6,55497.6,90
1781069860000,55497.6,55497.6,55490.0,55490.0,60
1781069865000,55485.0,55485.0,55485.0,55485.0,60
1781069875000,55499.6,55500.0,55499.6,55500.0,180
1781069880000,55490.4,55490.4,55490.4,55490.4,150
1781069885000,55491.0,55491.0,55491.0,55491.0,30
1781069890000,55491.2,55491.2,55491.2,55491.2,60
1781069900000,55491.2,55500.0,55491.2,55491.2,120
1781069905000,55491.0,55491.0,55491.0,55491.0,30
1781069910000,55500.0,55500.0,55500.0,55500.0,60
1781069915000,55499.0,55499.0,55499.0,55499.0,60
1781069920000,55490.0,55490.0,55490.0,55490.0,30
1781069925000,55500.0,55508.6,55500.0,55508.6,270
1781069930000,55490.2,55500.0,55490.2,55500.0,90
1781069935000,55491.2,55491.2,55491.2,55491.2,30
1781069940000,55500.2,55500.2,55500.2,55500.2,60
1781069950000,55500.2,55505.0,55500.2,55505.0,60
1781069955000,55500.0,55500.0,55500.0,55500.0,270
1781069960000,55493.0,55493.0,55493.0,55493.0,30
1781069975000,55490.0,55490.0,55490.0,55490.0,30
1781069980000,55505.0,55505.0,55505.0,55505.0,30
1781069985000,55505.0,55505.0,55505.0,55505.0,30
1781069990000,55505.0,55505.0,55505.0,55505.0,60
1781069995000,55506.0,55506.0,55506.0,55506.0,30
1781070000000,55495.8,55505.2,55495.8,55505.2,150
1781070005000,55500.0,55500.0,55495.4,55495.4,150
1781070010000,55509.6,55509.6,55500.0,55500.0,150
1781070015000,55500.0,55500.0,55500.0,55500.0,30
1781070020000,55500.0,55500.0,55500.0,55500.0,30
1781070025000,55500.0,55500.0,55500.0,55500.0,150
1781070030000,55500.0,55500.0,55500.0,55500.0,270
1781070035000,55499.4,55499.4,55499.4,55499.4,150
1781070040000,55497.4,55497.4,55497.4,55497.4,30
1781070045000,55493.0,55493.0,55493.0,55493.0,30
1781070050000,55496.0,55496.0,55490.0,55490.0,90
1781070060000,55499.0,55499.0,55499.0,55499.0,30
1781070065000,55500.0,55500.0,55500.0,55500.0,30
1781070070000,55508.0,55508.0,55499.4,55508.0,480
1781070075000,55508.2,55513.8,55508.2,55513.8,420
1781070080000,55515.0,55515.0,55508.0,55508.0,330
1781070085000,55512.8,55512.8,55508.2,55508.2,120
1781070090000,55499.0,55499.2,55499.0,55499.2,540
1781070095000,55494.0,55494.0,55494.0,55494.0,150
1781070100000,55488.2,55488.2,55488.2,55488.2,120
1781070105000,55489.4,55489.4,55489.4,55489.4,30
1781070115000,55488.2,55488.2,55488.2,55488.2,30
1781070120000,55480.0,55485.0,55480.0,55485.0,150
1781070130000,55480.0,55480.0,55480.0,55480.0,30
1781070135000,55480.0,55480.0,55480.0,55480.0,60
1781070140000,55476.6,55476.6,55476.6,55476.6,60
1781070145000,55480.0,55480.0,55480.0,55480.0,30
1781070150000,55472.6,55479.6,55472.6,55479.6,630
1781070155000,55468.8,55468.8,55468.8,55468.8,450
1781070160000,55468.8,55468.8,55468.8,55468.8,480
1781070165000,55479.2,55479.2,55479.2,55479.2,480
1781070170000,55482.0,55482.0,55456.2,55456.2,480
1781070175000,55462.4,55462.4,55462.4,55462.4,30
1781070180000,55451.6,55464.8,55451.6,55464.8,480
1781070185000,55451.6,55451.6,55451.6,55451.6,540
1781070190000,55450.0,55450.0,55450.0,55450.0,450
1781070195000,55465.6,55465.6,55464.8,55464.8,480
1781070200000,55451.0,55451.0,55451.0,55451.0,450
1781070205000,55466.8,55466.8,55466.8,55466.8,450
1781070210000,55448.8,55468.8,55448.8,55468.8,570
1781070215000,55448.8,55448.8,55448.8,55448.8,450
1781070220000,55448.8,55464.2,55448.8,55464.2,810
1781070225000,55464.2,55464.2,55463.8,55463.8,780
1781070230000,55432.6,55454.6,55432.6,55454.6,990
1781070235000,55463.4,55464.2,55463.4,55464.2,780
1781070240000,55464.2,55470.0,55464.2,55466.2,690
1781070245000,55476.8,55476.8,55476.8,55476.8,90
1781070250000,55454.6,55471.0,55454.6,55471.0,510
1781070255000,55470.8,55470.8,55463.4,55463.4,510
1781070260000,55423.6,55423.6,55423.6,55423.6,480
1781070265000,55435.4,55458.6,55435.4,55458.6,150
1781070270000,55417.8,55417.8,55417.8,55417.8,450
1781070275000,55415.6,55456.8,55415.6,55456.8,480
1781070280000,55418.8,55453.6,55418.8,55453.6,480
1781070285000,55413.4,55413.4,55413.4,55413.4,450
1781070295000,55409.8,55431.4,55409.8,55431.4,480
1781070300000,55450.0,55450.0,55418.2,55418.2,510
1781070305000,55420.8,55420.8,55420.8,55420.8,450
1781070310000,55431.6,55431.6,55431.6,55431.6,30
1781070315000,55430.8,55430.8,55430.8,55430.8,570
1781070320000,55421.2,55421.2,55421.2,55421.2,450
1781070325000,55435.4,55436.2,55431.6,55431.6,870
1781070335000,55434.2,55434.2,55434.2,55434.2,510
1781070340000,55432.0,55444.4,55432.0,55444.4,480
1781070345000,55444.0,55465.2,55444.0,55465.2,510
1781070350000,55419.2,55419.2,55419.2,55419.2,450
1781070355000,55419.6,55419.6,55419.6,55419.6,450
1781070360000,55413.8,55454.0,55413.8,55454.0,510
1781070365000,55439.2,55439.2,55439.2,55439.2,450
1781070370000,55432.6,55432.6,55413.0,55413.0,480
1781070375000,55411.6,55448.6,55411.6,55448.6,480
1781070380000,55434.4,55452.2,55434.4,55449.2,600
1781070385000,55411.6,55411.6,55411.6,55411.6,450
1781070390000,55451.4,55451.4,55409.0,55409.0,480
1781070395000,55408.4,55449.8,55408.4,55449.8,480
1781070400000,55409.6,55409.6,55409.6,55409.6,450
1781070405000,55410.0,55430.6,55402.2,55402.2,540
1781070410000,55402.0,55424.8,55402.0,55419.2,1740
1781070415000,55429.2,55430.8,55429.2,55430.8,180
1781070420000,55406.2,55430.6,55406.2,55420.0,570
1781070425000,55402.2,55405.8,55402.2,55405.8,480
1781070430000,55386.6,55386.6,55386.6,55386.6,450
1781070435000,55386.0,55423.8,55386.0,55423.8,540
1781070440000,55383.4,55406.0,55383.4,55406.0,510
1781070445000,55388.6,55388.6,55388.6,55388.6,480
1781070450000,55434.2,55434.2,55397.4,55397.4,510
1781070455000,55396.6,55396.6,55396.6,55396.6,480
1781070460000,55437.8,55438.0,55437.8,55438.0,90
1781070465000,55404.0,55404.0,55404.0,55404.0,450
1781070470000,55396.6,55419.4,55396.6,55419.4,480
1781070475000,55420.0,55420.0,55420.0,55420.0,30
1781070480000,55391.8,55391.8,55391.8,55391.8,450
1781070485000,55391.4,55423.2,55391.4,55423.2,510
1781070490000,55386.8,55424.6,55386.8,55424.6,480
1781070495000,55426.8,55426.8,55386.8,55386.8,510
1781070500000,55424.6,55424.6,55411.6,55411.6,120
1781070505000,55390.0,55390.0,55390.0,55390.0,480
1781070510000,55384.8,55426.8,55384.8,55426.8,600
1781070515000,55412.8,55412.8,55412.8,55412.8,120
1781070520000,55401.6,55401.6,55401.6,55401.6,450
1781070525000,55405.8,55417.4,55405.8,55417.4,600
1781070530000,55444.8,55444.8,55401.2,55401.2,510
1781070535000,55437.6,55437.6,55437.6,55437.6,30
1781070540000,55440.0,55440.0,55404.2,55439.8,570
1781070545000,55397.0,55397.0,55397.0,55397.0,480
1781070550000,55433.8,55433.8,55433.8,55433.8,480
1781070555000,55438.8,55439.6,55400.0,55439.6,510
1781070560000,55398.0,55410.6,55398.0,55410.6,480
1781070565000,55393.6,55393.6,55393.6,55393.6,480
1781070570000,55398.8,55398.8,55398.8,55398.8,450
1781070575000,55395.2,55429.4,55395.2,55429.4,510
1781070580000,55430.4,55430.4,55386.8,55425.0,510
1781070585000,55409.6,55409.6,55390.0,55390.0,480
1781070590000,55420.0,55420.0,55383.2,55383.2,600
1781070600000,55380.2,55417.2,55380.2,55417.2,510
1781070605000,55380.0,55422.4,55380.0,55422.4,570
1781070610000,55380.2,55395.6,55380.2,55395.6,510
1781070615000,55379.0,55395.2,55379.0,55395.2,510
1781070620000,55414.2,55414.2,55382.4,55382.4,690
1781070625000,55419.4,55422.4,55419.4,55422.4,570
1781070630000,55425.0,55425.0,55422.4,55422.4,570
1781070635000,55434.8,55434.8,55396.0,55396.0,540
1781070640000,55439.8,55439.8,55439.8,55439.8,720
1781070645000,55399.2,55399.2,55399.2,55399.2,450
1781070650000,55415.2,55415.2,55415.2,55415.2,30
1781070655000,55395.6,55395.6,55393.4,55393.4,900
1781070660000,55432.8,55432.8,55386.8,55386.8,540
1781070665000,55408.8,55408.8,55385.6,55385.6,540
1781070670000,55418.8,55418.8,55392.6,55392.6,480
1781070675000,55383.8,55383.8,55383.8,55383.8,450
1781070680000,55423.6,55423.6,55383.4,55383.4,660
1781070685000,55424.2,55424.2,55387.8,55387.8,540
1781070690000,55423.2,55423.2,55385.2,55385.2,540
1781070695000,55424.0,55424.0,55380.8,55380.8,690
1781070700000,55419.0,55419.0,55376.8,55376.8,480
1781070705000,55417.8,55417.8,55378.8,55378.8,480
1781070715000,55419.0,55419.0,55390.6,55405.4,540
1781070720000,55419.0,55419.0,55382.0,55382.0,480
1781070725000,55384.0,55418.0,55384.0,55418.0,480
1781070730000,55419.0,55419.0,55379.0,55379.0,480
1781070735000,55419.0,55419.0,55419.0,55419.0,510
1781070740000,55387.4,55424.8,55387.4,55424.8,510
1781070745000,55403.0,55403.0,55403.0,55403.0,450
1781070750000,55400.2,55400.2,55400.2,55400.2,450
1781070755000,55423.8,55423.8,55384.2,55384.2,510
1781070760000,55382.0,55382.0,55382.0,55382.0,450
1781070765000,55383.0,55383.0,55383.0,55383.0,450
1781070770000,55382.6,55424.0,55382.6,55424.0,210
1781070775000,55420.0,55424.0,55420.0,55424.0,510
1781070780000,55387.8,55387.8,55387.8,55387.8,450
1781070785000,55395.8,55395.8,55395.8,55395.8,450
1781070790000,55425.0,55425.0,55424.8,55424.8,1440
1781070795000,55384.8,55384.8,55384.8,55384.8,450
1781070800000,55380.8,55380.8,55380.8,55380.8,450
1781070805000,55381.2,55381.2,55381.2,55381.2,450
1781070810000,55378.8,55378.8,55378.8,55378.8,450
1781070815000,55414.8,55414.8,55375.2,55375.2,480
1781070820000,55375.0,55375.0,55375.0,55375.0,450
1781070825000,55393.6,55393.6,55393.6,55393.6,510
1781070830000,55390.4,55400.0,55390.4,55400.0,120
1781070835000,55371.0,55400.0,55371.0,55400.0,750
1781070840000,55408.6,55408.6,55408.6,55408.6,30
1781070845000,55373.8,55410.0,55373.8,55410.0,510
1781070850000,55379.0,55414.8,55379.0,55414.8,480
1781070855000,55391.0,55391.0,55391.0,55391.0,480
1781070860000,55391.0,55391.0,55391.0,55391.0,450
1781070865000,55416.8,55416.8,55416.8,55416.8,840
1781070870000,55382.4,55382.4,55382.4,55382.4,450
1781070875000,55388.8,55415.0,55388.8,55414.8,510
1781070880000,55383.4,55419.8,55383.4,55419.8,600
1781070885000,55388.2,55420.0,55388.2,55420.0,480
1781070890000,55387.4,55419.2,55387.4,55419.2,480
1781070895000,55380.0,55380.0,55380.0,55380.0,450
1781070900000,55396.0,55397.8,55396.0,55397.8,540
1781070905000,55419.0,55419.0,55384.2,55384.2,480
1781070910000,55399.6,55399.6,55399.6,55399.6,60
1781070915000,55391.2,55391.2,55391.2,55391.2,450
1781070920000,55385.0,55410.0,55385.0,55410.0,510
1781070925000,55410.0,55410.0,55382.2,55382.2,480
1781070930000,55387.6,55387.6,55387.6,55387.6,450
1781070935000,55403.6,55406.0,55403.6,55406.0,150
1781070940000,55397.8,55421.0,55397.8,55421.0,690
1781070945000,55425.0,55425.0,55399.2,55419.0,600
1781070950000,55389.6,55389.6,55389.6,55389.6,450
1781070960000,55391.2,55391.2,55391.2,55391.2,450
1781070965000,55390.6,55390.6,55390.6,55390.6,570
1781070970000,55400.8,55400.8,55400.8,55400.8,450
1781070975000,55398.4,55398.4,55398.4,55398.4,90
1781070980000,55398.4,55398.4,55385.4,55385.4,900
1781070985000,55420.0,55427.0,55397.0,55397.0,570
1781070990000,55437.4,55437.4,55437.4,55437.4,30
1781070995000,55411.4,55440.0,55411.4,55440.0,480
1781071000000,55413.2,55457.6,55413.2,55427.6,1770
1781071005000,55417.8,55417.8,55417.8,55417.8,450
1781071010000,55450.0,55450.0,55450.0,55450.0,570
1781071015000,55446.0,55446.0,55412.6,55445.0,510
1781071020000,55423.8,55449.2,55423.8,55449.2,480
1781071025000,55415.6,55459.0,55415.6,55431.8,510
1781071030000,55421.8,55462.0,55421.8,55462.0,540
1781071035000,55478.0,55486.8,55449.2,55486.8,1140
1781071040000,55475.0,55475.0,55455.2,55455.2,690
1781071045000,55489.6,55489.6,55465.0,55465.0,570
1781071050000,55467.4,55467.4,55465.2,55465.2,600
1781071055000,55459.4,55459.4,55459.4,55459.4,480
1781071060000,55478.8,55478.8,55441.2,55441.2,480
1781071065000,55442.8,55442.8,55442.8,55442.8,450
1781071070000,55469.6,55469.6,55469.6,55469.6,30
1781071075000,55476.2,55476.2,55462.4,55462.4,570
1781071080000,55434.6,55434.6,55434.6,55434.6,450
1781071085000,55469.8,55469.8,55465.2,55465.2,510
1781071090000,55424.0,55442.4,55424.0,55442.4,480
1781071095000,55459.6,55459.6,55427.6,55427.6,930
1781071100000,55431.8,55431.8,55431.8,55431.8,480
1781071105000,55411.8,55411.8,55411.8,55411.8,450
1781071115000,55416.8,55416.8,55416.8,55416.8,450
1781071120000,55424.2,55424.2,55424.2,55424.2,510
1781071125000,55428.8,55428.8,55428.8,55428.8,450
1781071130000,55425.4,55425.4,55425.4,55425.4,450
1781071135000,55464.8,55464.8,55447.2,55447.2,120
1781071140000,55429.6,55464.0,55429.6,55456.4,510
1781071145000,55460.0,55460.0,55460.0,55460.0,510
1781071150000,55436.4,55436.4,55436.4,55436.4,480
1781071155000,55474.8,55474.8,55470.0,55470.0,90
1781071160000,55452.0,55472.2,55437.4,55472.2,540
1781071165000,55474.8,55474.8,55435.4,55435.4,540
1781071170000,55474.2,55474.2,55474.0,55474.0,90
1781071175000,55439.2,55457.0,55439.2,55457.0,480
1781071180000,55443.2,55470.0,55443.2,55457.4,660
1781071185000,55470.0,55470.0,55447.8,55447.8,630
1781071190000,55480.0,55484.8,55449.2,55449.2,510
1781071200000,55484.8,55484.8,55451.8,55451.8,480
1781071205000,55485.2,55492.0,55463.4,55463.4,1560
1781071210000,55471.6,55471.6,55441.2,55441.2,510
1781071215000,55482.2,55482.2,55482.2,55482.2,30
1781071220000,55446.4,55446.4,55446.4,55446.4,450
1781071225000,55444.0,55466.6,55444.0,55466.6,480
1781071230000,55428.8,55428.8,55428.8,55428.8,450
1781071235000,55427.6,55464.2,55427.6,55464.2,480
1781071240000,55433.6,55433.6,55433.6,55433.6,450
1781071245000,55462.0,55462.0,55422.4,55422.4,480
1781071250000,55422.6,55422.6,55422.6,55422.6,450
1781071255000,55438.4,55438.4,55427.4,55427.4,510
1781071260000,55433.0,55433.0,55433.0,55433.0,90
1781071265000,55424.2,55424.2,55424.2,55424.2,450
1781071270000,55460.0,55460.0,55437.6,55437.6,510
1781071275000,55470.8,55470.8,55433.0,55433.0,1260
1781071285000,55433.2,55460.0,55433.2,55450.0,540
1781071295000,55465.0,55465.0,55465.0,55465.0,30
1781071300000,55473.0,55482.0,55473.0,55482.0,240
1781071305000,55484.8,55485.0,55480.0,55485.0,150
1781071310000,55489.8,55492.0,55489.8,55492.0,420
1781071315000,55494.2,55494.2,55479.8,55479.8,390
1781071320000,55488.0,55488.0,55488.0,55488.0,30
1781071325000,55499.0,55506.0,55499.0,55506.0,480
1781071330000,55489.0,55499.0,55489.0,55499.0,60
1781071335000,55500.0,55500.0,55480.0,55480.0,120
1781071340000,55480.2,55505.2,55480.2,55505.2,60
1781071355000,55480.6,55480.6,55480.6,55480.6,30
1781071360000,55483.0,55483.0,55483.0,55483.0,30
1781071385000,55483.4,55483.4,55483.4,55483.4,30
1781071390000,55497.6,55497.6,55491.0,55491.0,60
1781071395000,55490.0,55495.0,55490.0,55495.0,120
1781071400000,55500.0,55500.0,55500.0,55500.0,60
1781071405000,55505.0,55505.0,55490.2,55490.2,120
1781071415000,55493.2,55493.2,55493.2,55493.2,30
1781071430000,55505.2,55505.2,55505.2,55505.2,30
1781071435000,55493.2,55493.2,55493.2,55493.2,60
1781071440000,55511.0,55511.0,55511.0,55511.0,240
1781071445000,55497.0,55497.0,55497.0,55497.0,30
1781071450000,55510.0,55510.0,55510.0,55510.0,30
1781071455000,55498.4,55498.4,55498.4,55498.4,30
1781071460000,55498.2,55498.2,55498.2,55498.2,30
1781071470000,55510.0,55510.0,55510.0,55510.0,30
1781071475000,55510.0,55510.0,55500.2,55500.2,60
1781071480000,55510.0,55510.0,55510.0,55510.0,120
1781071485000,55510.0,55510.0,55509.8,55509.8,120
1781071490000,55500.0,55500.0,55500.0,55500.0,60
1781071495000,55498.2,55498.2,55498.2,55498.2,30
1781071500000,55511.0,55511.0,55511.0,55511.0,120
1781071505000,55500.8,55508.0,55500.8,55508.0,60
1781071515000,55510.0,55510.0,55510.0,55510.0,30
1781071525000,55511.0,55511.0,55510.0,55510.0,150
1781071530000,55511.0,55511.0,55511.0,55511.0,60
1781071535000,55511.0,55511.0,55511.0,55511.0,210
1781071540000,55511.0,55511.0,55511.0,55511.0,30
1781071545000,55500.2,55513.0,55500.2,55513.0,240
1781071550000,55513.4,55520.0,55513.4,55520.0,120
1781071555000,55520.0,55520.0,55520.0,55520.0,60
1781071560000,55522.0,55522.4,55522.0,55522.4,210
1781071565000,55523.4,55525.0,55523.2,55525.0,180
1781071570000,55525.0,55528.8,55525.0,55525.6,390
1781071575000,55529.0,55529.0,55521.0,55521.0,360
1781071580000,55500.0,55500.0,55500.0,55500.0,60
1781071590000,55500.2,55524.0,55500.2,55524.0,120
1781071595000,55500.0,55522.2,55500.0,55522.2,60
1781071610000,55507.2,55507.2,55507.2,55507.2,30
1781071615000,55520.0,55520.0,55507.2,55519.4,90
1781071620000,55519.4,55519.4,55518.2,55518.2,60
1781071625000,55516.0,55516.0,55511.4,55512.4,270
1781071630000,55519.0,55519.0,55519.0,55519.0,150
1781071635000,55494.8,55494.8,55494.8,55494.8,60
1781071640000,55497.6,55500.8,55497.6,55500.8,270
1781071645000,55500.4,55500.4,55500.4,55500.4,60
1781071650000,55502.0,55519.0,55501.6,55501.6,210
1781071655000,55519.0,55519.0,55519.0,55519.0,60
1781071660000,55520.0,55520.0,55520.0,55520.0,90
1781071665000,55520.6,55520.6,55520.6,55520.6,30
1781071670000,55520.0,55520.0,55516.8,55516.8,270
1781071675000,55508.6,55508.6,55493.8,55493.8,210
1781071690000,55516.8,55516.8,55516.8,55516.8,30
1781071695000,55499.8,55499.8,55499.8,55499.8,30
1781071700000,55515.0,55517.2,55515.0,55517.2,60
1781071705000,55517.4,55521.0,55517.4,55521.0,270
1781071710000,55521.0,55522.0,55517.0,55517.0,120
1781071715000,55525.0,55525.0,55525.0,55525.0,60
1781071720000,55525.0,55525.0,55512.0,55512.0,210
1781071725000,55525.0,55525.0,55523.4,55523.4,90
1781071730000,55525.0,55530.0,55525.0,55530.0,270
1781071735000,55529.6,55531.4,55529.6,55531.4,450
1781071740000,55536.0,55539.8,55536.0,55539.8,690
1781071745000,55540.0,55540.0,55540.0,55540.0,120
1781071750000,55540.0,55540.0,55540.0,55540.0,90
1781071755000,55539.4,55539.4,55532.2,55537.8,360
1781071760000,55538.6,55538.6,55538.6,55538.6,90
1781071765000,55532.4,55532.4,55514.0,55514.0,330
1781071770000,55528.8,55528.8,55528.8,55528.8,30
1781071775000,55530.0,55533.2,55530.0,55533.2,90
1781071780000,55505.2,55533.2,55505.2,55533.2,360
1781071785000,55532.8,55532.8,55532.8,55532.8,60
1781071790000,55521.6,55535.0,55521.6,55535.0,90
1781071800000,55535.0,55537.0,55535.0,55537.0,180
1781071805000,55537.6,55540.0,55537.6,55540.0,330
1781071810000,55539.8,55540.0,55539.8,55540.0,90
1781071815000,55542.0,55543.0,55542.0,55543.0,390
1781071820000,55545.0,55545.4,55545.0,55545.4,540
1781071825000,55545.4,55548.0,55515.4,55515.4,540
1781071830000,55543.2,55543.2,55543.2,55543.2,60
1781071835000,55540.0,55543.2,55540.0,55543.2,60
1781071840000,55540.0,55540.0,55540.0,55540.0,120
1781071845000,55540.0,55540.0,55540.0,55540.0,90
1781071850000,55524.8,55535.4,55524.8,55535.4,60
1781071860000,55531.8,55532.2,55531.8,55532.2,90
1781071865000,55532.4,55537.0,55532.4,55537.0,90
1781071870000,55536.4,55536.4,55536.4,55536.4,60
1781071875000,55530.2,55530.2,55530.0,55530.0,60
1781071880000,55525.0,55525.0,55525.0,55525.0,60
1781071885000,55535.0,55540.0,55535.0,55540.0,540
1781071890000,55540.0,55548.0,55540.0,55548.0,630
1781071900000,55536.6,55550.0,55536.6,55550.0,630
1781071905000,55537.0,55550.2,55537.0,55550.2,1290
1781071910000,55555.0,55555.0,55552.6,55552.6,840
1781071920000,55554.2,55555.0,55554.2,55554.8,720
1781071925000,55545.4,55554.8,55545.4,55554.8,150
1781071930000,55540.8,55555.0,55540.8,55555.0,210
1781071935000,55554.6,55555.0,55544.8,55544.8,240
1781071940000,55554.8,55554.8,55543.4,55543.4,240
1781071945000,55549.8,55549.8,55545.6,55545.6,90
1781071950000,55547.8,55547.8,55547.8,55547.8,30
1781071955000,55548.4,55549.2,55548.4,55549.2,90
1781071960000,55547.0,55547.0,55546.0,55546.0,180
1781071965000,55550.0,55550.0,55550.0,55550.0,150
1781071970000,55547.4,55554.0,55534.6,55554.0,990
1781071975000,55560.0,55560.0,55550.0,55550.0,3630
1781071980000,55554.0,55554.0,55554.0,55554.0,120
1781071985000,55554.0,55554.0,55546.0,55546.0,180
1781071990000,55550.0,55555.0,55545.0,55555.0,300
1781071995000,55554.6,55554.6,55554.6,55554.6,180
1781072000000,55542.2,55555.0,55542.2,55555.0,270
1781072005000,55554.4,55555.0,55554.4,55555.0,360
1781072010000,55554.4,55555.0,55554.4,55555.0,270
1781072015000,55554.8,55557.0,55554.8,55557.0,270
1781072020000,55557.2,55558.0,55556.6,55556.6,180
1781072025000,55559.8,55560.6,55558.2,55558.2,390
1781072030000,55558.8,55560.0,55558.2,55560.0,150
1781072035000,55560.0,55565.0,55560.0,55565.0,660
1781072040000,55565.2,55567.0,55565.2,55567.0,210
1781072045000,55567.0,55570.0,55567.0,55570.0,390
1781072050000,55570.0,55573.4,55570.0,55573.4,600
1781072055000,55570.0,55570.0,55569.8,55569.8,300
1781072060000,55559.8,55559.8,55550.0,55553.6,930
1781072065000,55550.0,55558.0,55550.0,55558.0,300
1781072070000,55563.6,55563.6,55556.2,55560.4,240
1781072075000,55559.6,55560.8,55559.6,55560.8,330
1781072080000,55560.8,55561.2,55560.8,55561.2,480
1781072085000,55560.4,55560.4,55548.2,55556.2,210
1781072090000,55550.4,55560.8,55550.4,55560.8,120
1781072095000,55560.8,55560.8,55560.8,55560.8,120
1781072100000,55559.8,55559.8,55559.8,55559.8,30
1781072105000,55560.0,55564.4,55560.0,55564.4,120
1781072110000,55564.6,55564.6,55540.0,55540.0,540
1781072115000,55561.0,55561.0,55559.8,55559.8,120
1781072120000,55555.0,55555.0,55555.0,55555.0,30
1781072130000,55552.2,55559.8,55552.2,55559.8,390
1781072135000,55555.0,55555.0,55555.0,55555.0,30
1781072140000,55559.8,55559.8,55558.8,55558.8,90
1781072145000,55557.6,55557.6,55555.4,55555.4,240
1781072150000,55555.4,55555.4,55555.0,55555.0,270
1781072155000,55555.0,55556.0,55555.0,55556.0,540
1781072160000,55555.2,55555.6,55555.2,55555.6,90
1781072165000,55555.2,55559.0,55555.2,55559.0,180
1781072170000,55559.0,55559.0,55554.8,55554.8,300
1781072175000,55555.6,55555.6,55555.0,55555.0,540
1781072180000,55552.2,55555.0,55552.2,55555.0,450
1781072185000,55550.0,55552.2,55550.0,55552.2,90
1781072190000,55552.2,55555.0,55552.2,55555.0,150
1781072195000,55552.2,55552.2,55550.2,55550.8,300
1781072200000,55551.2,55551.2,55551.2,55551.2,30
1781072205000,55549.6,55549.6,55547.0,55547.0,180
1781072210000,55546.2,55547.0,55546.2,55547.0,150
1781072215000,55541.0,55543.4,55540.6,55540.6,90
1781072220000,55540.6,55541.2,55539.8,55539.8,660
1781072225000,55541.2,55541.2,55531.0,55531.0,150
1781072230000,55540.0,55540.0,55530.2,55530.2,210
1781072235000,55530.2,55532.4,55530.2,55532.4,90
1781072240000,55532.2,55532.2,55530.0,55530.0,570
1781072245000,55530.0,55534.4,55525.0,55525.0,990
1781072255000,55539.0,55539.0,55524.8,55524.8,120
1781072260000,55520.6,55525.0,55520.6,55525.0,150
1781072265000,55521.0,55525.8,55521.0,55525.8,150
1781072270000,55537.6,55537.6,55537.6,55537.6,30
1781072275000,55539.8,55540.8,55539.8,55539.8,90
1781072280000,55549.0,55549.0,55549.0,55549.0,120
1781072285000,55540.0,55540.0,55540.0,55540.0,30
1781072290000,55549.0,55549.0,55548.0,55548.0,60
1781072295000,55550.0,55551.0,55550.0,55551.0,450
1781072305000,55549.0,55549.0,55549.0,55549.0,30
1781072310000,55542.2,55542.2,55542.2,55542.2,30
1781072315000,55552.2,55552.2,55552.2,55552.2,360
1781072320000,55555.0,55555.0,55555.0,55555.0,120
1781072325000,55555.0,55555.0,55554.6,55554.6,330
1781072330000,55555.0,55555.0,55554.4,55554.6,420
1781072335000,55554.8,55554.8,55554.0,55554.0,120
1781072340000,55554.6,55554.8,55554.6,55554.8,210
1781072345000,55554.8,55554.8,55554.8,55554.8,30
1781072350000,55554.8,55554.8,55554.8,55554.8,150
1781072355000,55550.0,55554.8,55549.2,55549.2,150
1781072360000,55555.0,55555.0,55555.0,55555.0,240
1781072365000,55554.0,55554.2,55553.4,55554.2,330
1781072370000,55555.0,55555.0,55555.0,55555.0,30
1781072375000,55555.0,55555.0,55555.0,55555.0,30
1781072380000,55554.8,55554.8,55554.0,55554.0,60
1781072385000,55542.2,55542.2,55542.2,55542.2,240
1781072390000,55540.0,55543.2,55540.0,55543.2,60
1781072395000,55543.0,55543.0,55543.0,55543.0,30
1781072405000,55551.6,55551.6,55551.6,55551.6,30
1781072410000,55550.0,55550.0,55550.0,55550.0,30
1781072415000,55550.0,55550.0,55550.0,55550.0,330
1781072420000,55551.8,55551.8,55547.2,55547.2,120
1781072425000,55549.8,55551.4,55549.8,55551.4,150
1781072430000,55550.0,55550.0,55544.2,55544.2,810
1781072435000,55540.0,55545.0,55540.0,55545.0,60
1781072440000,55541.2,55545.8,55541.2,55545.8,90
1781072445000,55545.0,55545.0,55545.0,55545.0,60
1781072450000,55545.6,55548.8,55545.6,55546.6,450
1781072455000,55547.6,55547.6,55547.6,55547.6,60
1781072460000,55551.2,55551.8,55551.2,55551.8,90
1781072465000,55552.8,55552.8,55552.8,55552.8,30
1781072470000,55552.8,55552.8,55541.8,55541.8,420
1781072475000,55551.2,55551.2,55551.2,55551.2,30
1781072490000,55552.0,55552.0,55552.0,55552.0,120
1781072500000,55550.8,55551.2,55550.8,55551.2,180
1781072505000,55550.0,55550.0,55549.4,55549.4,300
1781072510000,55549.2,55550.4,55549.0,55549.0,180
1781072515000,55549.0,55549.0,55536.2,55540.2,210
1781072520000,55543.2,55543.4,55543.2,55543.4,60
1781072525000,55539.8,55539.8,55539.8,55539.8,90
1781072535000,55530.2,55539.8,55530.2,55539.8,60
1781072540000,55536.8,55539.2,55530.2,55539.2,210
1781072545000,55540.0,55540.0,55530.2,55530.2,90
1781072550000,55538.4,55538.4,55538.4,55538.4,30
1781072560000,55537.6,55537.6,55531.0,55531.0,60
1781072565000,55530.0,55531.0,55530.0,55530.8,90
1781072570000,55527.0,55527.0,55527.0,55527.0,90
1781072575000,55520.6,55520.6,55520.6,55520.6,60
1781072580000,55520.4,55529.6,55520.4,55529.6,120
1781072585000,55522.0,55522.0,55522.0,55522.0,90
1781072590000,55520.0,55522.0,55520.0,55522.0,90
1781072595000,55515.8,55515.8,55515.8,55515.8,60
1781072600000,55517.0,55525.0,55517.0,55525.0,90
1781072605000,55515.2,55515.2,55515.2,55515.2,60
1781072610000,55525.0,55530.0,55525.0,55530.0,150
1781072615000,55520.0,55520.0,55520.0,55520.0,150
1781072635000,55534.0,55541.4,55534.0,55541.4,60
1781072640000,55533.6,55533.6,55533.6,55533.6,60
1781072645000,55540.8,55540.8,55540.8,55540.8,60
1781072655000,55538.8,55538.8,55538.8,55538.8,30
1781072660000,55538.6,55538.6,55538.6,55538.6,150
1781072665000,55531.0,55531.0,55530.0,55530.0,60
1781072670000,55537.6,55537.8,55537.6,55537.8,60
1781072680000,55535.0,55536.4,55535.0,55536.4,90
1781072690000,55530.0,55530.0,55530.0,55530.0,30
1781072695000,55531.4,55535.0,55531.4,55535.0,60
1781072700000,55523.6,55523.6,55523.6,55523.6,60
1781072705000,55540.0,55540.0,55540.0,55540.0,30
1781072710000,55541.0,55541.0,55541.0,55541.0,30
1781072715000,55542.4,55542.4,55542.4,55542.4,30
1781072725000,55542.4,55542.4,55542.4,55542.4,30
1781072730000,55543.2,55543.2,55543.2,55543.2,120
1781072740000,55540.0,55540.0,55540.0,55540.0,120
1781072750000,55541.0,55541.0,55540.0,55540.0,210
1781072755000,55543.2,55543.2,55543.2,55543.2,60
1781072760000,55539.6,55539.6,55539.6,55539.6,30
1781072765000,55547.0,55547.0,55547.0,55547.0,60
1781072770000,55541.2,55543.2,55538.0,55538.0,90
1781072775000,55550.0,55550.0,55539.0,55539.0,180
1781072780000,55550.0,55550.0,55550.0,55550.0,630
1781072790000,55554.6,55554.6,55554.6,55554.6,60
1781072795000,55550.2,55550.2,55550.2,55550.2,90
1781072800000,55554.6,55554.8,55554.6,55554.8,180
1781072805000,55559.0,55560.0,55559.0,55560.0,300
1781072810000,55554.8,55554.8,55554.8,55554.8,30
1781072815000,55560.0,55564.0,55560.0,55560.2,210
1781072820000,55564.6,55564.6,55564.6,55564.6,120
1781072825000,55560.4,55564.6,55560.4,55564.6,60
1781072830000,55564.6,55567.6,55564.6,55567.6,330
1781072835000,55568.8,55569.6,55568.8,55569.6,60
1781072840000,55569.0,55569.0,55569.0,55569.0,30
1781072845000,55569.6,55569.6,55569.2,55569.2,240
1781072850000,55568.4,55568.4,55568.4,55568.4,30
1781072855000,55566.0,55566.0,55566.0,55566.0,60
1781072860000,55564.0,55564.0,55560.0,55560.0,240
1781072865000,55560.0,55560.0,55560.0,55560.0,90
1781072870000,55560.0,55560.0,55560.0,55560.0,60
1781072875000,55560.0,55560.0,55560.0,55560.0,60
1781072880000,55559.6,55559.6,55559.6,55559.6,60
1781072885000,55560.0,55560.0,55560.0,55560.0,30
1781072890000,55560.0,55560.0,55560.0,55560.0,30
1781072900000,55559.8,55565.4,55559.8,55565.4,180
1781072905000,55565.4,55565.4,55565.4,55565.4,30
1781072910000,55566.0,55566.0,55566.0,55566.0,30
1781072915000,55565.0,55565.0,55559.8,55562.8,150
1781072925000,55566.0,55566.0,55560.2,55560.2,210
1781072930000,55566.0,55566.0,55566.0,55566.0,60
1781072935000,55566.0,55566.0,55560.4,55560.4,90
1781072940000,55560.4,55560.4,55560.4,55560.4,30
1781072945000,55566.0,55566.0,55560.0,55560.0,1080
1781072950000,55563.8,55563.8,55563.8,55563.8,30
1781072960000,55555.8,55558.4,55555.8,55555.8,120
1781072970000,55555.8,55555.8,55555.0,55555.0,150
1781072975000,55555.6,55555.6,55555.6,55555.6,60
1781072980000,55559.2,55559.2,55557.2,55557.2,120
1781072985000,55557.6,55557.6,55557.6,55557.6,30
1781072990000,55557.0,55557.2,55557.0,55557.2,90
1781072995000,55557.6,55559.0,55552.6,55559.0,120
1781073000000,55556.0,55556.0,55556.0,55556.0,60
1781073005000,55550.0,55550.6,55540.2,55540.2,150
1781073015000,55550.4,55550.4,55550.4,55550.4,30
1781073020000,55551.4,55551.4,55551.4,55551.4,60
1781073025000,55550.4,55550.4,55550.4,55550.4,60
1781073030000,55551.0,55551.0,55551.0,55551.0,90
1781073035000,55542.2,55542.2,55542.2,55542.2,30
1781073040000,55533.6,55533.6,55533.6,55533.6,150
1781073045000,55550.0,55550.0,55550.0,55550.0,180
1781073050000,55550.0,55550.0,55550.0,55550.0,30
1781073055000,55550.0,55550.0,55550.0,55550.0,30
1781073060000,55550.0,55550.0,55550.0,55550.0,30
1781073065000,55550.0,55550.0,55550.0,55550.0,30
1781073070000,55549.6,55549.6,55549.6,55549.6,30
1781073075000,55549.6,55549.6,55549.6,55549.6,30
1781073080000,55550.0,55550.0,55550.0,55550.0,30
1781073085000,55537.8,55549.8,55537.8,55549.8,360
1781073090000,55550.0,55550.0,55550.0,55550.0,60
1781073100000,55538.6,55538.6,55538.6,55538.6,30
1781073105000,55539.2,55539.2,55539.2,55539.2,30
1781073110000,55540.2,55540.2,55537.4,55537.4,90
1781073115000,55538.6,55541.4,55533.2,55541.4,120
1781073120000,55530.0,55530.0,55530.0,55530.0,30
1781073125000,55530.0,55530.0,55530.0,55530.0,150
1781073130000,55525.0,55525.0,55525.0,55525.0,120
1781073135000,55525.0,55525.2,55525.0,55525.2,60
1781073140000,55525.0,55525.0,55525.0,55525.0,90
1781073145000,55520.0,55520.0,55520.0,55520.0,30
1781073150000,55520.0,55520.0,55520.0,55520.0,30
1781073155000,55520.0,55520.0,55520.0,55520.0,30
1781073160000,55525.0,55525.0,55520.0,55520.0,120
1781073165000,55516.0,55516.0,55516.0,55516.0,60
1781073170000,55510.4,55515.0,55510.4,55515.0,180
1781073175000,55520.0,55524.6,55520.0,55524.6,60
1781073185000,55510.4,55510.4,55510.4,55510.4,60
1781073190000,55513.0,55513.0,55500.0,55500.0,360
1781073195000,55502.4,55502.4,55500.0,55500.0,270
1781073200000,55493.2,55493.2,55493.2,55493.2,30
1781073205000,55488.0,55488.0,55484.2,55484.2,210
1781073210000,55484.0,55499.0,55484.0,55499.0,210
1781073215000,55499.0,55499.0,55499.0,55499.0,60
1781073230000,55485.4,55499.0,55485.4,55499.0,60
1781073235000,55486.2,55486.2,55486.2,55486.2,210
1781073240000,55499.0,55499.0,55499.0,55499.0,30
1781073245000,55487.8,55487.8,55487.8,55487.8,30
1781073250000,55499.0,55499.0,55499.0,55499.0,30
1781073255000,55500.0,55500.0,55491.4,55491.4,660
1781073260000,55501.6,55501.6,55501.6,55501.6,60
1781073275000,55506.4,55522.8,55506.4,55522.8,90
1781073280000,55524.8,55524.8,55524.8,55524.8,30
1781073295000,55514.8,55514.8,55514.8,55514.8,30
1781073300000,55505.8,55505.8,55505.8,55505.8,90
1781073305000,55501.6,55501.6,55501.6,55501.6,30
1781073315000,55500.0,55500.0,55500.0,55500.0,330
1781073325000,55482.6,55482.6,55482.6,55482.6,120
1781073330000,55500.0,55500.0,55500.0,55500.0,30
1781073335000,55500.0,55500.0,55500.0,55500.0,30
1781073340000,55490.0,55500.0,55490.0,55500.0,90
1781073350000,55500.0,55500.0,55500.0,55500.0,30
1781073365000,55490.4,55490.4,55490.4,55490.4,180
1781073375000,55486.8,55486.8,55486.6,55486.6,60
1781073390000,55492.4,55492.4,55492.0,55492.0,60
1781073400000,55514.0,55515.0,55514.0,55515.0,90
1781073405000,55521.4,55521.4,55521.4,55521.4,30
1781073410000,55523.0,55524.8,55523.0,55524.8,60
1781073415000,55529.6,55530.0,55529.6,55530.0,60
1781073420000,55543.0,55543.0,55543.0,55543.0,30
1781073425000,55543.0,55543.0,55543.0,55543.0,60
1781073430000,55543.0,55544.0,55543.0,55544.0,240
1781073435000,55533.6,55533.6,55533.6,55533.6,30
1781073440000,55544.0,55544.0,55544.0,55544.0,30
1781073455000,55545.0,55545.0,55545.0,55545.0,60
1781073460000,55544.0,55544.0,55544.0,55544.0,30
1781073465000,55540.2,55540.2,55540.2,55540.2,30
1781073485000,55540.2,55540.2,55540.2,55540.2,60
1781073490000,55545.0,55545.0,55545.0,55545.0,120
1781073500000,55548.2,55548.2,55548.2,55548.2,90
1781073505000,55549.8,55549.8,55549.8,55549.8,30
1781073515000,55548.0,55548.0,55548.0,55548.0,30
1781073520000,55540.2,55545.0,55540.2,55545.0,60
1781073530000,55543.6,55543.6,55543.6,55543.6,30
1781073545000,55540.0,55540.0,55540.0,55540.0,30
1781073560000,55537.8,55537.8,55537.8,55537.8,30
1781073565000,55519.0,55519.0,55519.0,55519.0,30
1781073570000,55519.2,55519.2,55519.2,55519.2,30
1781073575000,55524.6,55524.6,55524.6,55524.6,30
1781073590000,55526.8,55526.8,55526.8,55526.8,30
1781073600000,55527.2,55529.8,55527.2,55529.8,240
1781073610000,55540.2,55540.2,55540.2,55540.2,30
1781073615000,55525.8,55525.8,55525.8,55525.8,30
1781073620000,55524.6,55524.6,55524.6,55524.6,60
1781073630000,55528.0,55528.0,55528.0,55528.0,30
1781073640000,55520.0,55520.0,55520.0,55520.0,150
1781073650000,55530.4,55530.4,55530.2,55530.2,60
1781073655000,55521.0,55521.0,55520.0,55520.0,90
1781073660000,55515.4,55515.4,55515.4,55515.4,30
1781073665000,55501.0,55501.0,55501.0,55501.0,30
1781073670000,55509.6,55509.6,55509.6,55509.6,120
1781073675000,55508.2,55508.2,55498.8,55498.8,60
1781073685000,55502.0,55502.0,55502.0,55502.0,30
1781073690000,55501.0,55501.0,55501.0,55501.0,30
1781073695000,55499.6,55499.6,55499.6,55499.6,30
1781073705000,55507.2,55507.2,55507.2,55507.2,30
1781073710000,55526.8,55526.8,55526.8,55526.8,60
1781073720000,55530.0,55530.0,55530.0,55530.0,30
1781073725000,55540.0,55540.0,55531.0,55531.0,210
1781073735000,55531.0,55540.0,55531.0,55540.0,60
1781073740000,55539.0,55539.0,55539.0,55539.0,30
1781073745000,55531.2,55540.0,55531.2,55540.0,120
1781073750000,55533.8,55533.8,55533.8,55533.8,60
1781073755000,55535.0,55535.0,55535.0,55535.0,120
1781073760000,55534.4,55540.0,55534.4,55540.0,60
1781073765000,55550.0,55550.0,55550.0,55550.0,60
1781073775000,55539.6,55539.6,55539.6,55539.6,240
1781073780000,55550.0,55550.0,55550.0,55550.0,30
1781073785000,55550.0,55550.0,55550.0,55550.0,30
1781073790000,55550.0,55550.0,55549.4,55549.4,330
1781073795000,55553.0,55553.0,55553.0,55553.0,60
1781073800000,55549.6,55549.6,55549.6,55549.6,90
1781073815000,55540.0,55540.0,55530.2,55530.2,60
1781073830000,55545.4,55545.4,55545.4,55545.4,30
1781073845000,55545.0,55545.0,55545.0,55545.0,30
1781073860000,55545.0,55545.0,55545.0,55545.0,30
1781073865000,55545.0,55545.0,55537.4,55538.2,420
1781073880000,55550.6,55550.6,55550.4,55550.4,120
1781073890000,55552.6,55552.6,55552.6,55552.6,30
1781073895000,55550.4,55553.0,55550.4,55553.0,120
1781073905000,55550.4,55553.0,55550.4,55553.0,60
1781073910000,55553.0,55553.8,55550.4,55553.8,330
1781073915000,55550.0,55550.0,55547.0,55547.0,60
1781073920000,55548.0,55548.0,55540.2,55540.2,240
1781073925000,55550.0,55550.0,55550.0,55550.0,30
1781073930000,55540.2,55555.0,55540.2,55555.0,480
1781073935000,55540.0,55540.0,55540.0,55540.0,150
1781073945000,55540.0,55540.0,55540.0,55540.0,30
1781073950000,55540.0,55540.0,55540.0,55540.0,120
1781073955000,55550.0,55550.0,55550.0,55550.0,150
1781073965000,55555.0,55555.0,55542.2,55542.2,300
1781073975000,55555.0,55555.0,55555.0,55555.0,210
1781073980000,55556.0,55556.0,55555.6,55555.6,360
1781073990000,55538.6,55552.6,55538.6,55552.6,450
1781073995000,55552.8,55552.8,55552.8,55552.8,30
1781074000000,55555.0,55555.0,55552.6,55552.6,60
1781074005000,55555.8,55556.8,55555.8,55556.8,90
1781074020000,55559.4,55559.4,55544.8,55544.8,480
1781074025000,55561.4,55562.0,55561.4,55562.0,270
1781074035000,55544.0,55544.0,55538.0,55540.0,150
1781074040000,55538.0,55538.0,55530.0,55530.0,90
1781074055000,55520.0,55538.0,55520.0,55520.2,1020
1781074060000,55540.0,55540.0,55540.0,55540.0,90
1781074070000,55540.0,55550.0,55540.0,55550.0,90
1781074075000,55562.0,55564.0,55549.2,55564.0,270
1781074080000,55563.8,55564.0,55563.8,55564.0,360
1781074085000,55556.2,55565.0,55556.2,55565.0,270
1781074090000,55547.0,55547.0,55547.0,55547.0,120
1781074095000,55547.0,55547.0,55547.0,55547.0,90
1781074100000,55547.0,55547.0,55547.0,55547.0,30
1781074110000,55559.4,55559.8,55550.2,55550.2,90
1781074115000,55550.2,55554.6,55550.2,55554.6,60
1781074120000,55550.0,55550.0,55550.0,55550.0,30
1781074125000,55541.0,55541.0,55524.2,55524.2,480
1781074140000,55531.8,55531.8,55531.8,55531.8,30
1781074160000,55552.8,55553.4,55552.8,55553.4,120
1781074165000,55554.8,55554.8,55554.8,55554.8,30
1781074170000,55554.0,55554.0,55544.0,55544.0,90
1781074175000,55549.0,55561.8,55549.0,55561.8,150
1781074180000,55555.0,55555.0,55555.0,55555.0,30
1781074185000,55562.0,55562.0,55562.0,55562.0,60
1781074190000,55549.8,55549.8,55549.8,55549.8,30
1781074200000,55565.0,55565.6,55550.2,55565.6,480
1781074205000,55549.4,55553.0,55549.4,55553.0,390
1781074210000,55553.0,55553.0,55553.0,55553.0,30
1781074215000,55553.0,55553.0,55553.0,55553.0,180
1781074220000,55555.4,55555.4,55555.4,55555.4,90
1781074225000,55556.0,55556.0,55556.0,55556.0,120
1781074230000,55560.0,55560.0,55560.0,55560.0,30
1781074235000,55557.4,55564.4,55557.4,55564.4,150
1781074245000,55560.2,55560.2,55560.2,55560.2,30
1781074250000,55561.0,55562.8,55560.8,55562.8,120
1781074255000,55553.2,55553.2,55553.2,55553.2,180
1781074260000,55565.0,55565.0,55561.4,55561.4,60
1781074265000,55566.0,55566.0,55566.0,55566.0,60
1781074270000,55566.0,55566.0,55566.0,55566.0,30
1781074275000,55563.6,55563.6,55560.0,55560.0,270
1781074280000,55560.8,55560.8,55559.2,55560.2,90
1781074285000,55559.8,55559.8,55559.8,55559.8,30
1781074290000,55560.4,55563.8,55560.4,55563.8,120
1781074295000,55565.0,55568.4,55565.0,55568.4,120
1781074300000,55569.2,55569.2,55569.2,55569.2,30
1781074305000,55569.8,55569.8,55568.6,55568.6,60
1781074310000,55568.6,55569.8,55567.8,55569.8,120
1781074315000,55570.0,55570.0,55570.0,55570.0,180
1781074320000,55570.0,55572.8,55570.0,55571.8,420
1781074325000,55572.8,55572.8,55572.8,55572.8,120
1781074330000,55572.8,55572.8,55572.8,55572.8,120
1781074335000,55580.0,55580.0,55576.4,55580.0,2700
1781074340000,55577.2,55583.4,55577.2,55583.4,420
1781074345000,55584.2,55584.8,55584.2,55584.8,150
1781074350000,55585.0,55586.0,55585.0,55586.0,540
1781074355000,55587.0,55588.0,55587.0,55588.0,90
1781074360000,55586.2,55588.0,55586.2,55588.0,330
1781074365000,55588.0,55588.0,55586.4,55586.8,180
1781074370000,55588.0,55588.0,55588.0,55588.0,90
1781074375000,55588.0,55588.0,55580.0,55580.0,300
1781074380000,55582.0,55582.0,55561.6,55561.6,120
1781074385000,55572.0,55572.0,55572.0,55572.0,30
1781074390000,55568.6,55568.6,55568.6,55568.6,60
1781074395000,55560.0,55560.0,55560.0,55560.0,300
1781074405000,55560.0,55560.0,55560.0,55560.0,90
1781074410000,55560.2,55560.2,55534.8,55534.8,120
1781074415000,55534.8,55544.8,55529.0,55529.0,120
1781074420000,55541.2,55541.2,55541.2,55541.2,30
1781074425000,55541.2,55541.2,55541.2,55541.2,30
1781074435000,55540.0,55540.0,55534.8,55534.8,150
1781074445000,55529.0,55529.0,55529.0,55529.0,30
1781074450000,55529.0,55529.0,55521.2,55521.2,150
1781074455000,55515.0,55525.2,55515.0,55525.2,180
1781074460000,55528.2,55528.2,55528.2,55528.2,120
1781074475000,55523.6,55523.6,55523.6,55523.6,30
1781074480000,55515.6,55515.6,55515.4,55515.4,300
1781074485000,55522.0,55522.0,55522.0,55522.0,60
1781074490000,55525.2,55525.2,55525.2,55525.2,30
1781074495000,55515.0,55515.0,55515.0,55515.0,30
1781074500000,55526.2,55526.2,55526.2,55526.2,30
1781074505000,55515.0,55526.0,55515.0,55526.0,120
1781074510000,55516.0,55516.0,55516.0,55516.0,90
1781074515000,55516.0,55516.0,55515.6,55515.6,90
1781074520000,55516.0,55516.0,55505.8,55505.8,390
1781074525000,55500.0,55500.0,55500.0,55500.0,210
1781074530000,55498.4,55498.4,55498.4,55498.4,30
1781074535000,55498.2,55500.0,55498.2,55500.0,60
1781074540000,55520.0,55520.0,55519.2,55519.2,120
1781074550000,55517.4,55517.4,55502.6,55502.6,120
1781074560000,55515.0,55515.0,55514.2,55514.2,270
1781074565000,55515.4,55515.4,55515.4,55515.4,30
1781074570000,55507.2,55507.2,55507.2,55507.2,60
1781074575000,55515.0,55515.0,55515.0,55515.0,30
1781074590000,55516.4,55516.4,55516.4,55516.4,60
1781074600000,55513.2,55513.2,55513.2,55513.2,60
1781074605000,55508.0,55508.0,55491.0,55491.0,720
1781074610000,55490.0,55490.0,55490.0,55490.0,180
1781074620000,55488.2,55492.0,55488.2,55492.0,180
1781074625000,55487.2,55487.6,55485.2,55487.6,300
1781074630000,55485.0,55490.0,55485.0,55490.0,90
1781074635000,55487.4,55500.0,55484.0,55500.0,300
1781074640000,55490.8,55490.8,55490.8,55490.8,30
1781074645000,55492.4,55492.4,55491.4,55491.4,60
1781074650000,55500.0,55500.0,55500.0,55500.0,60
1781074655000,55500.0,55513.4,55500.0,55513.4,150
1781074660000,55508.6,55508.6,55508.6,55508.6,30
1781074675000,55502.8,55502.8,55495.8,55495.8,120
1781074685000,55487.0,55502.2,55487.0,55502.2,270
1781074690000,55489.6,55507.0,55489.6,55507.0,330
1781074695000,55497.0,55497.0,55494.2,55494.2,150
1781074700000,55494.4,55509.6,55494.4,55500.0,90
1781074705000,55512.4,55512.4,55512.4,55512.4,30
1781074710000,55507.6,55512.2,55507.6,55512.2,570
1781074715000,55510.0,55510.0,55510.0,55510.0,30
1781074725000,55510.0,55515.0,55505.6,55505.6,240
1781074730000,55494.4,55494.4,55494.4,55494.4,60
1781074750000,55493.2,55493.2,55493.2,55493.2,1800
1781074760000,55510.0,55510.0,55510.0,55510.0,60
1781074765000,55510.0,55510.0,55510.0,55510.0,30
1781074770000,55510.0,55510.0,55509.8,55510.0,660
1781074775000,55510.0,55510.0,55510.0,55510.0,30
1781074780000,55510.0,55510.0,55510.0,55510.0,30
1781074795000,55509.8,55509.8,55509.8,55509.8,30
1781074800000,55503.4,55514.2,55503.4,55514.2,90
1781074810000,55515.4,55515.4,55515.4,55515.4,60
1781074815000,55515.4,55515.4,55515.4,55515.4,60
1781074840000,55515.6,55515.6,55515.6,55515.6,60
1781074845000,55519.0,55519.0,55507.8,55507.8,90
1781074850000,55505.0,55505.0,55488.0,55488.0,90
1781074855000,55487.0,55487.0,55487.0,55487.0,30
1781074860000,55485.0,55485.0,55485.0,55485.0,60
1781074865000,55487.0,55487.0,55487.0,55487.0,90
1781074870000,55485.0,55487.0,55483.2,55483.2,150
1781074875000,55487.0,55487.0,55487.0,55487.0,30
1781074880000,55502.6,55502.6,55485.2,55485.2,210
1781074885000,55501.4,55501.4,55501.4,55501.4,30
1781074890000,55485.2,55485.2,55485.2,55485.2,30
1781074895000,55489.0,55489.0,55489.0,55489.0,30
1781074900000,55501.0,55501.0,55501.0,55501.0,60
1781074905000,55493.4,55493.4,55488.8,55488.8,210
1781074915000,55485.0,55485.0,55485.0,55485.0,30
1781074920000,55484.0,55484.0,55484.0,55484.0,30
1781074925000,55482.0,55490.0,55481.0,55490.0,180
1781074930000,55491.4,55491.4,55491.4,55491.4,30
1781074940000,55481.2,55481.2,55481.2,55481.2,60
1781074945000,55481.0,55493.4,55481.0,55493.4,240
1781074950000,55493.8,55493.8,55475.0,55482.2,1320
1781074955000,55474.4,55474.4,55474.4,55474.4,60
1781074960000,55477.8,55478.2,55477.8,55478.2,150
1781074965000,55473.0,55484.4,55473.0,55484.4,90
1781074970000,55471.0,55471.0,55471.0,55471.0,30
1781074975000,55470.0,55485.0,55470.0,55485.0,150
1781074980000,55470.0,55475.0,55470.0,55475.0,60
1781074985000,55470.0,55470.0,55470.0,55470.0,30
1781074990000,55470.0,55473.4,55469.0,55473.4,90
1781074995000,55465.0,55465.0,55450.0,55450.0,690
1781075000000,55463.6,55469.8,55445.6,55469.8,330
1781075005000,55460.0,55466.6,55446.6,55466.6,390
1781075010000,55442.4,55468.8,55442.4,55468.8,60
1781075015000,55443.2,55450.0,55441.6,55441.6,420
1781075025000,55437.6,55452.4,55437.6,55452.4,360
1781075030000,55469.0,55469.0,55469.0,55469.0,30
1781075040000,55446.4,55469.0,55446.4,55469.0,90
1781075050000,55446.4,55446.4,55446.4,55446.4,60
1781075055000,55450.6,55450.6,55450.0,55450.0,60
1781075060000,55465.0,55465.0,55465.0,55465.0,30
1781075065000,55465.0,55465.0,55465.0,55465.0,30
1781075070000,55464.6,55469.0,55448.6,55448.6,90
1781075080000,55441.6,55441.6,55441.6,55441.6,180
1781075090000,55455.0,55455.0,55455.0,55455.0,30
1781075095000,55441.0,55441.8,55441.0,55441.8,180
1781075100000,55455.0,55455.0,55455.0,55455.0,60
1781075110000,55447.0,55465.0,55447.0,55465.0,60
1781075115000,55450.0,55450.0,55450.0,55450.0,30
1781075125000,55450.0,55450.0,55450.0,55450.0,30
1781075130000,55450.0,55450.0,55450.0,55450.0,30
1781075135000,55455.0,55455.0,55450.0,55450.0,60
1781075160000,55450.0,55450.0,55450.0,55450.0,180
1781075165000,55458.0,55458.0,55458.0,55458.0,120
1781075175000,55459.2,55459.2,55459.2,55459.2,30
1781075180000,55450.2,55450.2,55450.2,55450.2,30
1781075185000,55460.0,55460.0,55460.0,55460.0,60
1781075190000,55460.0,55460.0,55460.0,55460.0,30
1781075195000,55460.0,55475.0,55460.0,55475.0,300
1781075220000,55460.0,55460.0,55460.0,55460.0,30
1781075225000,55455.6,55455.6,55447.4,55447.4,600
1781075230000,55445.8,55455.0,55445.8,55455.0,60
1781075235000,55442.0,55442.0,55440.2,55440.2,1350
1781075245000,55441.0,55461.4,55441.0,55461.4,60
1781075250000,55469.8,55469.8,55469.8,55469.8,30
1781075260000,55447.6,55469.2,55447.6,55469.2,60
1781075295000,55467.0,55467.0,55467.0,55467.0,30
1781075300000,55460.0,55460.0,55460.0,55460.0,30
1781075305000,55460.0,55460.0,55460.0,55460.0,30
1781075320000,55450.0,55450.0,55450.0,55450.0,540
1781075330000,55449.2,55449.2,55449.2,55449.2,30
1781075340000,55460.0,55460.0,55460.0,55460.0,30
1781075345000,55450.0,55450.0,55450.0,55450.0,30
1781075355000,55450.0,55450.0,55450.0,55450.0,30
1781075360000,55450.0,55450.0,55450.0,55450.0,30
1781075370000,55450.0,55450.0,55450.0,55450.0,150
1781075380000,55450.0,55450.0,55450.0,55450.0,30
1781075385000,55446.0,55446.0,55446.0,55446.0,30
1781075390000,55446.0,55446.0,55446.0,55446.0,90
1781075400000,55445.2,55445.2,55445.2,55445.2,30
1781075405000,55437.6,55437.6,55437.6,55437.6,300
1781075410000,55436.0,55436.0,55436.0,55436.0,60
1781075415000,55436.0,55436.0,55436.0,55436.0,30
1781075420000,55436.0,55436.0,55436.0,55436.0,90
1781075425000,55431.0,55431.0,55431.0,55431.0,30
1781075430000,55431.0,55431.0,55431.0,55431.0,150
1781075440000,55432.0,55432.0,55432.0,55432.0,30
1781075445000,55436.0,55436.0,55436.0,55436.0,60
1781075450000,55436.0,55436.0,55436.0,55436.0,30
1781075455000,55431.0,55431.0,55431.0,55431.0,30
1781075465000,55431.0,55431.0,55431.0,55431.0,90
1781075470000,55431.0,55431.0,55430.0,55430.0,240
1781075475000,55430.2,55430.2,55430.2,55430.2,450
1781075480000,55430.0,55430.0,55430.0,55430.0,60
1781075510000,55441.2,55441.2,55441.2,55441.2,120
1781075515000,55430.0,55430.0,55425.0,55425.0,870
1781075520000,55425.2,55425.2,55420.0,55420.0,150
1781075525000,55425.2,55425.2,55421.0,55421.0,60
1781075530000,55419.0,55419.0,55419.0,55419.0,60
1781075535000,55416.0,55420.0,55416.0,55416.0,210
1781075540000,55410.2,55410.2,55410.2,55410.2,390
1781075550000,55420.0,55424.6,55420.0,55424.6,150
1781075555000,55410.6,55420.2,55410.6,55420.2,60
1781075560000,55420.0,55420.0,55420.0,55420.0,30
1781075565000,55420.2,55420.2,55420.2,55420.2,30
1781075570000,55420.0,55429.4,55410.2,55429.4,450
1781075575000,55407.6,55407.6,55395.0,55395.0,1320
1781075580000,55398.6,55400.0,55395.0,55395.0,1080
1781075585000,55400.0,55400.0,55390.0,55390.0,120
1781075590000,55390.0,55390.0,55390.0,55390.0,30
1781075595000,55390.0,55400.0,55390.0,55400.0,90
1781075600000,55390.0,55409.0,55390.0,55409.0,150
1781075610000,55390.0,55390.0,55390.0,55390.0,180
1781075615000,55400.0,55400.0,55400.0,55400.0,270
1781075620000,55390.0,55390.0,55390.0,55390.0,120
1781075625000,55395.2,55400.0,55395.2,55400.0,90
1781075630000,55390.0,55390.0,55385.0,55385.0,90
1781075635000,55385.0,55387.0,55385.0,55387.0,570
1781075640000,55387.2,55387.2,55384.8,55384.8,120
1781075645000,55381.0,55381.0,55381.0,55381.0,60
1781075650000,55380.0,55380.0,55380.0,55380.0,360
1781075655000,55380.0,55386.8,55380.0,55380.0,150
1781075660000,55380.0,55380.0,55380.0,55380.0,60
1781075665000,55376.0,55376.0,55376.0,55376.0,90
1781075670000,55376.0,55376.0,55376.0,55376.0,30
1781075675000,55376.0,55376.0,55376.0,55376.0,30
1781075680000,55380.0,55380.0,55380.0,55380.0,180
1781075685000,55380.0,55380.0,55380.0,55380.0,90
1781075690000,55380.0,55380.0,55376.2,55380.0,90
1781075695000,55380.0,55384.8,55376.0,55384.8,180
1781075700000,55382.2,55382.2,55365.0,55372.6,1140
1781075705000,55368.0,55368.0,55355.0,55355.0,1410
1781075710000,55355.0,55355.0,55350.0,55350.0,1740
1781075715000,55350.0,55350.0,55350.0,55350.0,900
1781075720000,55350.0,55350.0,55350.0,55350.0,180
1781075725000,55350.2,55350.2,55350.2,55350.2,60
1781075730000,55372.0,55372.0,55355.6,55355.6,60
1781075735000,55355.6,55355.8,55355.6,55355.8,60
1781075740000,55355.8,55355.8,55355.8,55355.8,30
1781075745000,55355.8,55379.0,55355.8,55379.0,120
1781075750000,55375.0,55379.0,55370.0,55370.0,90
1781075755000,55380.0,55384.8,55380.0,55384.8,120
1781075760000,55384.8,55384.8,55375.0,55375.0,180
1781075765000,55370.0,55370.0,55370.0,55370.0,90
1781075770000,55377.0,55377.0,55377.0,55377.0,30
1781075775000,55377.0,55379.0,55374.0,55379.0,150
1781075780000,55381.0,55385.0,55381.0,55385.0,90
1781075785000,55385.0,55385.0,55385.0,55385.0,150
1781075790000,55386.8,55386.8,55386.8,55386.8,90
1781075795000,55386.8,55386.8,55386.8,55386.8,30
1781075800000,55385.0,55385.0,55381.0,55381.0,270
1781075805000,55380.0,55380.0,55375.0,55380.0,480
1781075810000,55380.0,55380.0,55380.0,55380.0,60
1781075815000,55386.8,55386.8,55380.0,55380.0,90
1781075820000,55385.8,55386.8,55385.8,55386.8,90
1781075825000,55385.6,55385.6,55385.6,55385.6,60
1781075830000,55386.8,55386.8,55386.8,55386.8,30
1781075835000,55383.0,55385.6,55383.0,55385.6,60
1781075840000,55387.6,55392.2,55387.6,55392.2,540
1781075845000,55424.6,55425.0,55424.6,55425.0,300
1781075855000,55409.2,55425.0,55409.2,55425.0,120
1781075860000,55425.0,55425.0,55425.0,55425.0,30
1781075865000,55430.8,55431.0,55430.8,55431.0,270
1781075870000,55431.0,55431.0,55431.0,55431.0,60
1781075875000,55430.8,55430.8,55430.8,55430.8,60
1781075885000,55431.0,55431.0,55431.0,55431.0,90
1781075890000,55425.0,55425.0,55425.0,55425.0,150
1781075895000,55432.0,55433.0,55432.0,55433.0,90
1781075900000,55435.6,55435.6,55435.6,55435.6,90
1781075905000,55433.0,55433.0,55421.8,55421.8,90
1781075910000,55422.2,55431.2,55422.2,55422.6,180
1781075915000,55434.0,55434.0,55434.0,55434.0,30
1781075920000,55435.0,55435.0,55426.2,55434.0,150
1781075925000,55426.0,55426.0,55426.0,55426.0,60
1781075930000,55425.2,55426.2,55425.2,55426.2,240
1781075935000,55426.2,55439.0,55426.2,55439.0,270
1781075940000,55440.0,55441.0,55440.0,55441.0,180
1781075950000,55426.2,55440.0,55426.2,55440.0,90
1781075955000,55444.0,55445.4,55428.8,55428.8,390
1781075960000,55428.8,55428.8,55428.8,55428.8,30
1781075965000,55428.8,55428.8,55428.8,55428.8,60
1781075970000,55428.0,55428.0,55428.0,55428.0,60
1781075980000,55444.0,55444.0,55444.0,55444.0,30
1781075990000,55443.6,55444.0,55443.6,55444.0,90
1781076000000,55444.0,55444.0,55444.0,55444.0,90
1781076010000,55444.0,55444.0,55444.0,55444.0,90
1781076015000,55444.0,55449.0,55444.0,55449.0,120
1781076025000,55450.0,55450.0,55450.0,55450.0,240
1781076030000,55450.0,55450.0,55450.0,55450.0,30
1781076035000,55455.0,55455.0,55455.0,55455.0,90
1781076040000,55454.8,55455.0,55453.8,55453.8,180
1781076045000,55453.8,55453.8,55453.8,55453.8,120
1781076050000,55453.6,55453.6,55450.0,55450.0,90
1781076055000,55453.8,55453.8,55453.8,55453.8,30
1781076060000,55455.0,55455.0,55455.0,55455.0,30
1781076065000,55455.0,55455.0,55455.0,55455.0,420
1781076075000,55450.0,55450.0,55444.0,55444.0,450
1781076080000,55447.4,55447.4,55447.4,55447.4,30
1781076085000,55429.0,55429.0,55429.0,55429.0,60
1781076090000,55428.8,55428.8,55428.8,55428.8,60
1781076095000,55428.0,55428.0,55428.0,55428.0,300
1781076105000,55447.4,55447.4,55447.4,55447.4,30
1781076110000,55432.6,55432.6,55432.6,55432.6,210
1781076115000,55437.2,55437.2,55437.2,55437.2,30
1781076120000,55450.0,55450.0,55450.0,55450.0,30
1781076125000,55450.0,55450.0,55450.0,55450.0,30
1781076130000,55450.0,55450.0,55450.0,55450.0,120
1781076135000,55450.0,55452.6,55450.0,55452.6,60
1781076140000,55452.6,55452.6,55452.6,55452.6,330
1781076145000,55453.0,55453.0,55453.0,55453.0,180
1781076150000,55453.0,55453.0,55453.0,55453.0,60
1781076155000,55455.4,55455.4,55455.4,55455.4,90
1781076160000,55459.6,55464.0,55459.6,55464.0,270
1781076165000,55464.0,55464.0,55464.0,55464.0,30
1781076170000,55464.0,55464.0,55464.0,55464.0,30
1781076175000,55464.0,55466.0,55464.0,55466.0,180
1781076180000,55468.0,55468.0,55468.0,55468.0,330
1781076185000,55470.2,55475.0,55470.2,55475.0,270
1781076190000,55480.2,55480.2,55480.2,55480.2,420
1781076195000,55490.0,55493.4,55490.0,55493.4,480
1781076200000,55493.4,55494.2,55493.4,55494.2,60
1781076205000,55490.4,55495.0,55490.4,55495.0,150
1781076210000,55496.0,55496.0,55490.6,55490.8,360
1781076215000,55494.8,55498.0,55494.8,55498.0,330
1781076220000,55499.0,55499.0,55499.0,55499.0,150
1781076225000,55498.0,55499.8,55496.4,55499.8,330
1781076235000,55499.8,55499.8,55499.8,55499.8,60
1781076240000,55499.8,55499.8,55499.8,55499.8,630
1781076245000,55499.8,55499.8,55499.2,55499.2,90
1781076250000,55499.2,55499.8,55499.2,55499.8,150
1781076255000,55499.8,55499.8,55499.8,55499.8,90
1781076260000,55498.2,55498.2,55498.2,55498.2,30
1781076270000,55498.2,55498.2,55498.0,55498.0,60
1781076275000,55498.0,55498.0,55498.0,55498.0,450
1781076280000,55497.0,55498.0,55490.2,55498.0,120
1781076290000,55498.2,55498.2,55498.2,55498.2,270
1781076295000,55498.2,55498.2,55498.0,55498.0,120
1781076300000,55498.2,55498.2,55498.2,55498.2,270
1781076305000,55498.2,55498.2,55498.2,55498.2,30
1781076310000,55498.2,55498.2,55490.0,55490.0,240
1781076320000,55490.0,55490.0,55490.0,55490.0,30
1781076325000,55495.0,55495.0,55495.0,55495.0,30
1781076330000,55490.0,55490.0,55490.0,55490.0,150
1781076335000,55482.0,55482.0,55482.0,55482.0,30
1781076340000,55478.6,55478.6,55478.6,55478.6,30
1781076345000,55490.0,55490.0,55478.2,55478.2,120
1781076350000,55482.0,55482.0,55482.0,55482.0,30
1781076360000,55490.0,55490.0,55490.0,55490.0,60
1781076375000,55477.8,55477.8,55477.8,55477.8,30
1781076380000,55488.4,55488.4,55488.4,55488.4,30
1781076390000,55490.0,55490.0,55490.0,55490.0,30
1781076395000,55490.0,55490.0,55478.6,55478.6,90
1781076400000,55478.6,55478.6,55478.6,55478.6,30
1781076405000,55475.0,55475.0,55475.0,55475.0,120
1781076410000,55475.0,55475.0,55475.0,55475.0,60
1781076440000,55475.0,55475.0,55475.0,55475.0,90
1781076450000,55474.8,55474.8,55474.8,55474.8,30
1781076455000,55475.0,55475.0,55472.2,55472.2,60
1781076460000,55475.0,55475.0,55475.0,55475.0,30
1781076470000,55470.0,55470.0,55470.0,55470.0,30
1781076480000,55475.0,55475.0,55475.0,55475.0,30
1781076485000,55468.0,55475.0,55468.0,55475.0,150
1781076495000,55475.0,55475.0,55475.0,55475.0,60
1781076500000,55475.0,55475.0,55475.0,55475.0,60
1781076505000,55480.0,55488.0,55479.0,55479.0,990
1781076515000,55490.0,55490.0,55490.0,55490.0,30
1781076530000,55490.0,55490.0,55490.0,55490.0,150
1781076540000,55490.0,55490.0,55482.6,55482.6,120
1781076545000,55490.0,55490.0,55490.0,55490.0,30
1781076560000,55487.6,55487.6,55487.6,55487.6,120
1781076565000,55482.0,55482.0,55482.0,55482.0,60
1781076575000,55497.8,55497.8,55497.8,55497.8,390
1781076580000,55498.0,55498.0,55498.0,55498.0,60
1781076595000,55499.8,55505.4,55499.8,55505.4,270
1781076600000,55509.8,55509.8,55509.8,55509.8,30
1781076605000,55510.0,55520.0,55510.0,55520.0,750
1781076610000,55527.0,55527.0,55520.0,55527.0,180
1781076615000,55522.8,55530.0,55522.8,55530.0,210
1781076620000,55522.0,55522.0,55522.0,55522.0,120
1781076635000,55526.0,55526.0,55526.0,55526.0,30
1781076640000,55529.6,55529.6,55526.4,55526.4,150
1781076645000,55526.4,55526.6,55526.4,55526.6,120
1781076650000,55530.0,55530.0,55530.0,55530.0,30
1781076655000,55529.0,55529.0,55526.6,55526.6,150
1781076660000,55525.0,55525.0,55524.4,55525.0,780
1781076670000,55524.4,55524.6,55524.4,55524.6,180
1781076675000,55522.0,55522.0,55520.0,55520.0,120
1781076680000,55520.0,55520.0,55520.0,55520.0,30
1781076690000,55516.2,55524.0,55516.2,55524.0,150
1781076700000,55516.0,55516.0,55516.0,55516.0,30
1781076710000,55523.0,55523.0,55523.0,55523.0,150
1781076720000,55524.0,55525.0,55524.0,55525.0,480
1781076735000,55525.2,55525.2,55525.2,55525.2,60
1781076770000,55525.2,55532.8,55525.2,55532.8,210
1781076775000,55534.0,55534.0,55532.8,55532.8,90
1781076785000,55534.0,55534.0,55534.0,55534.0,30
1781076790000,55534.0,55534.0,55534.0,55534.0,30
1781076795000,55534.0,55534.0,55534.0,55534.0,600
1781076800000,55534.0,55540.0,55534.0,55540.0,390
1781076805000,55540.0,55540.0,55540.0,55540.0,180
1781076810000,55540.0,55540.0,55540.0,55540.0,180
1781076815000,55539.8,55539.8,55539.8,55539.8,30
1781076820000,55540.0,55543.0,55540.0,55542.2,360
1781076825000,55543.0,55543.0,55542.8,55543.0,420
1781076830000,55543.0,55543.0,55542.8,55543.0,420
1781076835000,55547.0,55550.0,55547.0,55550.0,690
1781076840000,55551.0,55558.0,55551.0,55558.0,840
1781076845000,55552.0,55560.0,55552.0,55560.0,360
1781076850000,55561.4,55570.0,55560.2,55560.2,450
1781076855000,55573.0,55573.0,55573.0,55573.0,210
1781076865000,55569.0,55577.0,55565.0,55577.0,390
1781076870000,55578.0,55578.0,55577.0,55577.0,360
1781076875000,55567.4,55580.0,55567.4,55567.6,210
1781076880000,55580.0,55580.0,55580.0,55580.0,1230
1781076885000,55575.8,55582.0,55575.8,55582.0,330
1781076890000,55590.0,55590.0,55590.0,55590.0,1320
1781076895000,55590.2,55592.0,55588.0,55588.0,660
1781076900000,55594.0,55594.0,55588.0,55588.0,120
1781076905000,55594.0,55599.0,55592.0,55592.0,1500
1781076910000,55599.0,55599.0,55599.0,55599.0,120
1781076915000,55598.8,55599.2,55598.8,55599.2,450
1781076920000,55599.2,55600.0,55599.2,55600.0,1260
1781076925000,55600.0,55600.0,55600.0,55600.0,540
1781076930000,55600.0,55600.0,55599.8,55599.8,510
1781076935000,55600.0,55600.0,55595.0,55595.0,510
1781076940000,55599.8,55600.0,55599.8,55600.0,150
1781076945000,55600.0,55600.0,55599.8,55599.8,150
1781076950000,55599.8,55599.8,55599.8,55599.8,90
1781076955000,55600.0,55600.0,55590.0,55590.0,330
1781076960000,55600.0,55600.0,55590.4,55595.6,180
1781076965000,55600.0,55600.0,55598.4,55600.0,750
1781076970000,55591.6,55592.4,55591.6,55592.4,60
1781076975000,55599.8,55599.8,55599.8,55599.8,60
1781076980000,55580.0,55585.0,55580.0,55585.0,540
1781076985000,55593.8,55594.8,55593.8,55594.8,60
1781076990000,55593.8,55593.8,55585.0,55585.0,390
1781076995000,55585.0,55585.2,55571.6,55585.2,390
1781077000000,55575.2,55590.0,55575.2,55590.0,210
1781077005000,55588.4,55588.4,55570.2,55570.2,270
1781077010000,55588.6,55588.6,55576.6,55576.6,270
1781077015000,55589.8,55589.8,55589.8,55589.8,30
1781077020000,55586.2,55586.2,55573.0,55573.0,180
1781077025000,55581.6,55581.6,55568.6,55568.6,150
1781077030000,55568.6,55569.6,55568.6,55569.6,60
1781077035000,55578.4,55578.8,55571.4,55571.4,120
1781077040000,55571.0,55587.8,55571.0,55587.8,390
1781077045000,55576.8,55576.8,55576.8,55576.8,60
1781077050000,55589.8,55589.8,55578.6,55578.6,60
1781077055000,55589.8,55589.8,55578.4,55578.4,60
1781077060000,55592.0,55592.0,55592.0,55592.0,390
1781077065000,55580.0,55580.0,55580.0,55580.0,60
1781077070000,55578.8,55592.0,55578.8,55592.0,120
1781077075000,55592.0,55593.8,55592.0,55593.8,210
1781077080000,55589.2,55594.8,55589.2,55594.8,210
1781077085000,55593.0,55593.0,55593.0,55593.0,90
1781077090000,55584.8,55584.8,55584.8,55584.8,120
1781077095000,55570.4,55583.8,55570.4,55583.8,60
1781077100000,55583.8,55583.8,55583.8,55583.8,60
1781077105000,55580.0,55580.0,55580.0,55580.0,30
1781077110000,55584.4,55584.4,55571.6,55584.4,390
1781077115000,55569.6,55569.6,55569.6,55569.6,90
1781077120000,55569.0,55569.0,55569.0,55569.0,180
1781077125000,55565.0,55565.0,55560.8,55560.8,60
1781077130000,55560.8,55560.8,55560.8,55560.8,30
1781077140000,55560.2,55560.8,55558.0,55560.8,240
1781077150000,55560.8,55560.8,55560.0,55560.0,90
1781077160000,55570.6,55580.0,55570.6,55580.0,90
1781077165000,55589.8,55589.8,55589.8,55589.8,60
1781077170000,55569.8,55569.8,55569.8,55569.8,30
1781077180000,55589.0,55589.0,55589.0,55589.0,30
1781077185000,55589.8,55589.8,55589.8,55589.8,60
1781077190000,55589.0,55589.0,55581.0,55581.0,60
1781077195000,55580.0,55589.8,55580.0,55589.8,720
1781077200000,55582.6,55599.8,55582.6,55590.0,780
1781077205000,55600.0,55600.0,55599.8,55599.8,360
1781077210000,55600.0,55600.0,55590.6,55590.6,90
1781077220000,55591.0,55600.0,55591.0,55600.0,240
1781077225000,55600.0,55600.0,55599.0,55600.0,270
1781077230000,55600.0,55606.2,55600.0,55606.0,930
1781077235000,55606.8,55607.0,55602.2,55605.6,210
1781077240000,55605.4,55607.0,55605.4,55607.0,240
1781077245000,55602.0,55602.0,55590.2,55590.2,270
1781077250000,55590.0,55590.0,55590.0,55590.0,30
1781077255000,55579.2,55583.4,55579.2,55583.4,60
1781077260000,55595.2,55595.2,55594.2,55594.2,90
1781077265000,55595.2,55600.0,55595.2,55600.0,180
1781077270000,55600.0,55600.0,55589.2,55589.2,150
1781077275000,55581.8,55593.8,55581.8,55593.8,90
1781077280000,55591.0,55593.6,55591.0,55593.6,60
1781077285000,55590.0,55590.0,55590.0,55590.0,60
1781077290000,55588.2,55588.2,55582.0,55582.0,90
1781077300000,55590.0,55590.0,55590.0,55590.0,30
1781077305000,55590.0,55590.0,55590.0,55590.0,30
1781077310000,55590.0,55590.0,55590.0,55590.0,30
1781077315000,55590.2,55593.0,55590.2,55593.0,150
1781077320000,55596.8,55596.8,55590.2,55590.2,120
1781077325000,55590.2,55590.2,55590.0,55590.0,120
1781077330000,55590.0,55590.0,55581.8,55581.8,150
1781077335000,55587.0,55587.0,55586.4,55586.4,150
1781077340000,55586.4,55595.2,55586.4,55592.0,120
1781077345000,55595.2,55595.2,55580.0,55580.0,180
1781077350000,55583.6,55590.6,55583.6,55590.6,60
1781077355000,55580.0,55580.0,55580.0,55580.0,30
1781077360000,55580.0,55580.0,55580.0,55580.0,60
1781077365000,55579.6,55580.0,55579.6,55580.0,60
1781077370000,55579.6,55579.6,55579.6,55579.6,30
1781077375000,55580.0,55580.0,55575.2,55575.2,60
1781077380000,55580.0,55580.0,55580.0,55580.0,90
1781077385000,55575.0,55575.0,55570.0,55570.0,480
1781077390000,55573.4,55573.4,55573.4,55573.4,30
1781077395000,55570.2,55570.2,55570.0,55570.0,90
1781077400000,55570.0,55575.0,55570.0,55575.0,210
1781077405000,55563.8,55575.0,55563.8,55575.0,60
1781077410000,55570.0,55570.0,55570.0,55570.0,30
1781077415000,55565.0,55565.0,55560.0,55560.0,120
1781077420000,55554.8,55554.8,55552.0,55552.0,90
1781077425000,55558.0,55560.0,55558.0,55560.0,60
1781077430000,55566.6,55566.6,55558.2,55558.2,360
1781077435000,55558.2,55558.2,55558.2,55558.2,30
1781077440000,55556.4,55556.4,55556.4,55556.4,60
1781077445000,55556.0,55556.0,55556.0,55556.0,30
1781077450000,55556.4,55556.4,55556.4,55556.4,30
1781077455000,55563.4,55563.4,55563.4,55563.4,30
1781077460000,55556.4,55563.4,55556.4,55563.4,60
1781077465000,55551.0,55551.0,55551.0,55551.0,90
1781077475000,55550.0,55550.0,55550.0,55550.0,60
1781077480000,55553.0,55553.0,55553.0,55553.0,120
1781077485000,55553.0,55553.0,55553.0,55553.0,30
1781077490000,55563.4,55563.4,55563.4,55563.4,120
1781077495000,55566.6,55570.0,55566.6,55570.0,120
1781077500000,55557.6,55570.0,55557.6,55570.0,90
1781077520000,55562.2,55562.2,55562.2,55562.2,60
1781077525000,55562.2,55562.2,55562.2,55562.2,30
1781077535000,55550.2,55550.2,55550.0,55550.0,60
1781077540000,55550.0,55556.0,55550.0,55556.0,60
1781077545000,55569.4,55569.4,55554.8,55554.8,90
1781077550000,55570.0,55570.0,55570.0,55570.0,30
1781077560000,55570.0,55570.0,55570.0,55570.0,180
1781077565000,55567.4,55568.2,55567.4,55568.2,90
1781077570000,55565.2,55570.2,55565.2,55570.2,90
1781077575000,55571.2,55580.0,55571.2,55580.0,150
1781077580000,55580.0,55580.0,55580.0,55580.0,90
1781077600000,55570.0,55570.0,55570.0,55570.0,60
1781077610000,55569.6,55569.6,55569.6,55569.6,30
1781077615000,55561.4,55561.4,55561.4,55561.4,30
1781077630000,55580.0,55580.0,55580.0,55580.0,270
1781077635000,55580.0,55590.0,55580.0,55590.0,120
1781077640000,55590.4,55590.4,55590.4,55590.4,90
1781077645000,55576.4,55576.4,55576.4,55576.4,60
1781077650000,55575.0,55580.0,55575.0,55580.0,480
1781077655000,55575.0,55575.0,55575.0,55575.0,120
1781077665000,55573.6,55573.6,55573.6,55573.6,150
1781077670000,55560.0,55560.0,55560.0,55560.0,30
1781077680000,55560.0,55560.0,55560.0,55560.0,30
1781077685000,55561.0,55561.0,55561.0,55561.0,30
1781077690000,55575.0,55575.0,55575.0,55575.0,30
1781077695000,55575.0,55575.0,55575.0,55575.0,30
1781077700000,55575.8,55575.8,55575.0,55575.0,150
1781077705000,55569.0,55569.0,55569.0,55569.0,30
1781077715000,55575.0,55575.0,55575.0,55575.0,30
1781077725000,55569.0,55569.0,55569.0,55569.0,30
1781077735000,55570.0,55570.0,55570.0,55570.0,90
1781077740000,55570.0,55574.2,55570.0,55574.2,150
1781077745000,55575.0,55575.0,55575.0,55575.0,30
1781077750000,55573.8,55573.8,55573.8,55573.8,60
1781077755000,55572.6,55572.6,55560.0,55560.0,120
1781077760000,55560.6,55560.6,55560.6,55560.6,30
1781077765000,55560.6,55569.8,55560.6,55568.8,180
1781077785000,55561.0,55567.8,55560.0,55567.8,150
1781077790000,55568.4,55568.4,55568.4,55568.4,30
1781077800000,55552.0,55552.0,55552.0,55552.0,60
1781077810000,55552.0,55552.0,55552.0,55552.0,30
1781077815000,55550.0,55550.0,55550.0,55550.0,30
1781077820000,55550.0,55551.0,55550.0,55551.0,150
1781077825000,55550.0,55550.0,55545.6,55545.6,330
1781077830000,55544.2,55544.2,55544.2,55544.2,30
1781077835000,55540.0,55540.0,55540.0,55540.0,150
1781077840000,55535.2,55543.6,55530.2,55530.2,90
1781077845000,55548.4,55548.4,55537.8,55537.8,120
1781077850000,55537.2,55537.2,55537.2,55537.2,30
1781077855000,55544.2,55545.8,55537.0,55537.0,300
1781077860000,55533.6,55548.0,55533.6,55548.0,60
1781077865000,55550.0,55550.0,55547.0,55547.0,120
1781077875000,55550.0,55550.0,55550.0,55550.0,30
1781077880000,55550.0,55550.0,55546.8,55546.8,90
1781077890000,55548.0,55548.0,55546.8,55546.8,120
1781077895000,55533.4,55540.0,55533.4,55540.0,120
1781077905000,55540.0,55546.8,55540.0,55546.8,90
1781077910000,55541.0,55555.0,55541.0,55555.0,780
1781077915000,55560.0,55560.0,55560.0,55560.0,60
1781077920000,55550.8,55558.6,55550.8,55558.6,240
1781077925000,55560.0,55560.0,55560.0,55560.0,30
1781077930000,55561.4,55561.6,55548.0,55548.0,390
1781077935000,55549.8,55549.8,55549.8,55549.8,30
1781077955000,55560.0,55560.0,55560.0,55560.0,60
1781077960000,55559.0,55559.0,55559.0,55559.0,30
1781077965000,55550.8,55550.8,55550.8,55550.8,150
1781077970000,55559.0,55559.0,55559.0,55559.0,30
1781077975000,55556.2,55556.2,55556.2,55556.2,30
1781077985000,55551.0,55555.0,55545.0,55545.0,210
1781077990000,55545.2,55545.2,55540.0,55540.0,60
1781077995000,55549.6,55549.6,55541.2,55541.2,60
1781078000000,55545.4,55545.4,55540.2,55540.4,120
1781078005000,55543.6,55543.6,55543.6,55543.6,30
1781078010000,55540.0,55540.0,55521.0,55521.0,330
1781078015000,55525.0,55525.0,55520.4,55520.4,210
1781078020000,55525.0,55525.0,55520.4,55525.0,150
1781078025000,55518.0,55535.0,55518.0,55518.0,180
1781078030000,55540.0,55544.0,55540.0,55544.0,60
1781078035000,55539.6,55540.2,55539.6,55540.2,270
1781078045000,55521.4,55521.4,55521.4,55521.4,30
1781078050000,55521.6,55521.6,55521.6,55521.6,30
1781078055000,55521.0,55521.0,55521.0,55521.0,60
1781078065000,55530.0,55530.0,55530.0,55530.0,150
1781078070000,55511.0,55511.0,55511.0,55511.0,60
1781078075000,55512.2,55512.2,55511.2,55511.2,60
1781078080000,55511.2,55511.2,55510.0,55510.0,540
1781078090000,55507.4,55507.4,55505.0,55505.0,150
1781078095000,55505.0,55505.0,55505.0,55505.0,120
1781078100000,55508.4,55508.4,55508.4,55508.4,30
1781078105000,55505.2,55533.2,55505.2,55533.2,240
1781078110000,55516.6,55516.6,55516.6,55516.6,30
1781078115000,55516.6,55540.0,55516.6,55540.0,330
1781078125000,55519.4,55519.4,55519.4,55519.4,300
1781078130000,55530.0,55530.0,55517.8,55517.8,270
1781078135000,55518.4,55539.8,55510.4,55539.8,360
1781078140000,55519.6,55520.0,55519.6,55520.0,180
1781078155000,55520.0,55520.0,55520.0,55520.0,60
1781078160000,55520.0,55540.0,55520.0,55540.0,90
1781078165000,55536.6,55536.6,55536.0,55536.0,210
1781078180000,55536.0,55536.0,55536.0,55536.0,60
1781078185000,55540.0,55540.0,55540.0,55540.0,60
1781078190000,55536.0,55540.0,55536.0,55540.0,90
1781078200000,55523.6,55523.6,55523.6,55523.6,30
1781078205000,55525.0,55525.0,55525.0,55525.0,30
1781078215000,55525.0,55525.0,55525.0,55525.0,60
1781078225000,55539.0,55539.0,55539.0,55539.0,60
1781078235000,55538.0,55540.0,55538.0,55540.0,420
1781078240000,55550.0,55560.0,55550.0,55560.0,300
1781078245000,55560.0,55570.0,55560.0,55570.0,300
1781078250000,55570.0,55570.0,55560.0,55560.0,300
1781078255000,55570.0,55577.0,55570.0,55577.0,570
1781078260000,55579.8,55584.0,55579.8,55584.0,330
1781078265000,55586.4,55589.0,55586.4,55589.0,330
1781078270000,55592.4,55593.0,55592.4,55593.0,450
1781078275000,55593.4,55594.2,55593.0,55593.0,540
1781078280000,55582.0,55584.8,55580.8,55584.8,300
1781078285000,55586.4,55587.2,55586.4,55587.2,180
1781078290000,55571.8,55571.8,55571.8,55571.8,60
1781078295000,55580.0,55580.0,55576.0,55576.0,150
1781078300000,55579.8,55579.8,55579.8,55579.8,60
1781078305000,55571.0,55571.0,55571.0,55571.0,30
1781078315000,55565.6,55565.6,55565.6,55565.6,30
1781078320000,55578.4,55578.4,55578.4,55578.4,90
1781078325000,55561.8,55576.8,55561.8,55576.8,300
1781078330000,55579.8,55579.8,55579.8,55579.8,60
1781078335000,55575.0,55575.0,55575.0,55575.0,90
1781078340000,55579.8,55579.8,55575.0,55575.0,120
1781078345000,55567.6,55567.6,55567.6,55567.6,30
1781078350000,55572.2,55572.2,55572.2,55572.2,30
1781078355000,55573.6,55573.6,55573.6,55573.6,30
1781078360000,55570.2,55570.2,55570.2,55570.2,30
1781078370000,55571.2,55571.2,55571.2,55571.2,180
1781078380000,55579.2,55579.2,55579.2,55579.2,180
1781078385000,55572.4,55572.4,55572.4,55572.4,30
1781078390000,55570.2,55570.2,55570.2,55570.2,30
1781078395000,55567.0,55567.0,55567.0,55567.0,30
1781078400000,55570.0,55570.0,55567.8,55567.8,120
1781078405000,55570.0,55570.0,55570.0,55570.0,90
1781078410000,55578.0,55578.0,55578.0,55578.0,90
1781078415000,55578.0,55579.8,55578.0,55579.8,60
1781078420000,55571.2,55571.2,55571.2,55571.2,30
1781078425000,55580.0,55580.0,55579.4,55580.0,150
1781078430000,55569.0,55569.0,55569.0,55569.0,180
1781078435000,55565.0,55576.8,55565.0,55576.8,90
1781078445000,55551.0,55558.8,55551.0,55558.8,330
1781078455000,55548.0,55548.0,55548.0,55548.0,30
1781078460000,55549.2,55558.2,55549.2,55558.2,60
1781078470000,55552.0,55552.0,55552.0,55552.0,30
1781078475000,55560.0,55560.0,55560.0,55560.0,90
1781078480000,55560.0,55560.0,55558.2,55560.0,300
1781078485000,55560.0,55568.6,55560.0,55568.6,150
1781078490000,55553.4,55553.4,55553.4,55553.4,30
1781078495000,55564.0,55564.0,55564.0,55564.0,30
1781078500000,55555.2,55563.8,55555.2,55563.8,150
1781078505000,55557.4,55557.4,55557.4,55557.4,30
1781078510000,55557.6,55557.6,55557.6,55557.6,60
1781078515000,55557.6,55561.2,55557.6,55561.2,60
1781078520000,55555.2,55555.2,55555.2,55555.2,90
1781078525000,55557.4,55557.4,55557.4,55557.4,60
1781078530000,55544.6,55554.6,55544.6,55554.6,60
1781078535000,55555.2,55566.2,55549.0,55566.2,150
1781078540000,55551.0,55565.2,55551.0,55555.4,150
1781078545000,55552.4,55552.4,55552.4,55552.4,60
1781078550000,55551.2,55552.8,55550.4,55552.8,180
1781078555000,55545.2,55545.2,55545.0,55545.0,90
1781078560000,55527.8,55528.6,55520.0,55520.0,210
1781078565000,55512.2,55512.2,55489.0,55501.4,1800
1781078570000,55496.6,55496.6,55489.2,55489.2,180
1781078575000,55489.2,55490.2,55487.0,55487.0,150
1781078580000,55486.0,55490.2,55486.0,55490.2,120
1781078585000,55502.8,55502.8,55502.8,55502.8,30
1781078590000,55506.6,55506.6,55502.8,55502.8,420
1781078595000,55502.2,55504.2,55491.8,55504.2,420
1781078600000,55490.0,55490.8,55485.0,55490.8,420
1781078605000,55481.2,55494.8,55481.2,55494.8,450
1781078610000,55482.0,55482.0,55480.0,55480.0,90
1781078615000,55489.4,55489.4,55480.4,55480.4,60
1781078620000,55480.6,55480.8,55470.8,55470.8,2280
1781078625000,55470.0,55482.2,55470.0,55482.2,1440
1781078630000,55481.8,55481.8,55481.8,55481.8,90
1781078635000,55489.8,55494.0,55489.8,55489.8,180
1781078640000,55489.8,55489.8,55489.8,55489.8,30
1781078645000,55496.6,55496.6,55495.4,55495.4,300
1781078650000,55495.4,55500.0,55495.4,55500.0,90
1781078665000,55516.6,55516.6,55513.4,55513.4,150
1781078670000,55495.6,55495.6,55495.6,55495.6,90
1781078685000,55491.6,55491.6,55491.6,55491.6,30
1781078690000,55495.8,55495.8,55495.8,55495.8,60
1781078695000,55495.8,55495.8,55495.4,55495.4,330
1781078700000,55495.2,55495.2,55495.2,55495.2,30
1781078710000,55508.0,55510.0,55508.0,55510.0,120
1781078715000,55496.8,55496.8,55496.8,55496.8,30
1781078720000,55490.4,55502.0,55490.4,55502.0,60
1781078725000,55501.8,55501.8,55501.8,55501.8,30
1781078730000,55491.4,55491.4,55491.4,55491.4,30
1781078735000,55498.2,55498.2,55498.2,55498.2,60
1781078740000,55481.8,55481.8,55481.8,55481.8,1740
1781078745000,55482.0,55486.4,55482.0,55486.4,120
1781078755000,55482.2,55482.2,55482.2,55482.2,30
1781078765000,55482.2,55482.2,55482.0,55482.0,90
1781078770000,55482.2,55482.2,55481.8,55481.8,180
1781078775000,55490.6,55490.6,55490.6,55490.6,90
1781078780000,55491.4,55491.4,55485.0,55485.0,60
1781078785000,55492.4,55492.4,55492.4,55492.4,30
1781078790000,55482.4,55482.4,55482.4,55482.4,30
1781078795000,55481.8,55490.0,55481.8,55490.0,120
1781078805000,55486.0,55490.0,55486.0,55490.0,60
1781078810000,55490.0,55490.0,55490.0,55490.0,90
1781078815000,55489.4,55489.4,55489.4,55489.4,30
1781078820000,55489.4,55490.0,55489.4,55490.0,120
1781078825000,55488.0,55490.0,55488.0,55490.0,90
1781078830000,55485.2,55485.2,55485.2,55485.2,60
1781078835000,55490.0,55490.0,55490.0,55490.0,30
1781078840000,55487.4,55487.4,55487.4,55487.4,120
1781078845000,55495.0,55495.0,55495.0,55495.0,30
1781078850000,55496.2,55496.2,55496.2,55496.2,60
1781078855000,55491.4,55491.4,55491.4,55491.4,30
1781078860000,55492.4,55505.0,55492.4,55505.0,270
1781078865000,55507.4,55507.4,55496.4,55496.4,540
1781078870000,55518.0,55518.0,55506.2,55506.2,210
1781078875000,55511.4,55511.4,55511.4,55511.4,30
1781078880000,55520.0,55526.2,55520.0,55526.2,150
1781078885000,55520.0,55520.0,55520.0,55520.0,30
1781078890000,55525.2,55528.6,55520.0,55528.6,150
1781078900000,55516.0,55516.0,55516.0,55516.0,60
1781078905000,55529.6,55533.8,55529.6,55533.8,60
1781078910000,55520.0,55520.0,55520.0,55520.0,90
1781078915000,55526.4,55526.4,55506.8,55506.8,180
1781078920000,55519.6,55519.6,55519.6,55519.6,30
1781078925000,55508.2,55521.8,55508.2,55521.8,90
1781078935000,55515.0,55515.0,55515.0,55515.0,30
1781078940000,55521.6,55521.6,55505.2,55505.2,180
1781078945000,55505.2,55506.2,55505.2,55506.2,60
1781078950000,55505.0,55505.0,55500.0,55500.0,570
1781078960000,55489.8,55489.8,55489.8,55489.8,30
1781078970000,55489.2,55489.2,55489.2,55489.2,90
1781078980000,55501.4,55501.4,55501.4,55501.4,30
1781078985000,55500.0,55500.0,55500.0,55500.0,60
1781078990000,55500.0,55500.0,55500.0,55500.0,90
1781078995000,55507.2,55507.2,55502.4,55502.4,180
1781079000000,55500.6,55500.6,55500.6,55500.6,120
1781079010000,55500.4,55500.4,55500.4,55500.4,30
1781079020000,55511.0,55511.0,55511.0,55511.0,30
1781079030000,55520.0,55521.0,55520.0,55521.0,930
1781079035000,55520.0,55527.4,55520.0,55527.4,90
1781079040000,55520.0,55520.0,55514.6,55514.6,60
1781079045000,55515.4,55515.4,55515.4,55515.4,30
1781079050000,55520.0,55520.0,55520.0,55520.0,30
1781079055000,55525.0,55527.4,55525.0,55527.4,90
1781079060000,55530.2,55530.2,55530.2,55530.2,120
1781079065000,55543.2,55543.2,55543.2,55543.2,60
1781079070000,55531.8,55542.0,55531.8,55541.6,300
1781079075000,55542.6,55542.6,55542.6,55542.6,120
1781079080000,55544.0,55544.0,55540.0,55540.0,90
1781079085000,55542.2,55542.2,55542.2,55542.2,4410
1781079090000,55541.4,55542.0,55531.2,55531.2,90
1781079095000,55530.0,55530.0,55530.0,55530.0,270
1781079100000,55533.6,55533.6,55531.0,55531.2,180
1781079105000,55530.0,55530.0,55518.6,55518.6,180
1781079110000,55531.0,55531.0,55530.8,55530.8,60
1781079115000,55529.4,55529.4,55518.8,55518.8,60
1781079120000,55511.8,55522.8,55511.8,55522.8,60
1781079125000,55512.8,55512.8,55512.8,55512.8,60
1781079130000,55520.0,55520.0,55520.0,55520.0,30
1781079135000,55521.0,55526.2,55520.0,55526.2,150
1781079140000,55511.6,55511.6,55511.6,55511.6,30
1781079145000,55512.0,55512.0,55512.0,55512.0,90
1781079150000,55520.0,55520.0,55520.0,55520.0,30
1781079155000,55507.2,55507.2,55507.2,55507.2,30
1781079165000,55508.8,55508.8,55508.8,55508.8,60
1781079170000,55520.0,55520.0,55507.4,55507.4,60
1781079175000,55507.2,55507.8,55500.0,55500.0,120
1781079180000,55500.0,55500.0,55500.0,55500.0,90
1781079185000,55501.0,55501.0,55500.0,55500.0,90
1781079190000,55500.0,55500.0,55500.0,55500.0,60
1781079200000,55481.8,55481.8,55480.0,55480.0,1620
1781079205000,55480.0,55480.2,55477.6,55477.6,1050
1781079215000,55476.6,55476.6,55476.6,55476.6,120
1781079220000,55476.8,55476.8,55470.0,55470.0,360
1781079225000,55460.0,55460.2,55460.0,55460.2,120
1781079230000,55460.0,55460.0,55460.0,55460.0,90
1781079235000,55460.0,55465.6,55460.0,55465.6,930
1781079245000,55476.8,55476.8,55475.8,55475.8,60
1781079250000,55480.0,55480.0,55462.2,55462.2,870
1781079255000,55462.0,55462.0,55462.0,55462.0,90
1781079260000,55462.0,55462.0,55462.0,55462.0,60
1781079265000,55460.0,55463.2,55460.0,55463.2,120
1781079275000,55465.0,55465.0,55462.2,55462.2,60
1781079280000,55476.8,55476.8,55476.8,55476.8,150
1781079285000,55476.8,55476.8,55465.0,55465.0,360
1781079290000,55476.8,55476.8,55476.8,55476.8,60
1781079295000,55467.0,55467.0,55467.0,55467.0,30
1781079300000,55476.8,55476.8,55474.4,55474.4,120
1781079305000,55490.0,55490.0,55490.0,55490.0,60
1781079310000,55485.6,55485.6,55484.6,55484.6,60
1781079315000,55500.0,55500.0,55500.0,55500.0,30
1781079320000,55500.0,55500.0,55484.6,55484.6,90
1781079325000,55487.6,55487.6,55487.6,55487.6,60
1781079335000,55500.0,55500.0,55498.6,55498.6,180
1781079340000,55505.0,55505.0,55505.0,55505.0,60
1781079345000,55500.0,55500.0,55495.6,55495.6,330
1781079350000,55484.0,55484.0,55484.0,55484.0,30
1781079355000,55475.0,55475.0,55470.2,55470.2,120
1781079360000,55470.0,55470.0,55465.2,55465.2,60
1781079365000,55466.0,55466.0,55466.0,55466.0,30
1781079370000,55465.2,55472.4,55465.2,55472.4,150
1781079375000,55484.8,55485.2,55484.8,55485.2,180
1781079380000,55493.6,55497.8,55482.0,55497.8,90
1781079385000,55497.4,55497.4,55497.4,55497.4,30
1781079390000,55497.8,55497.8,55497.8,55497.8,30
1781079395000,55493.4,55493.4,55491.2,55492.4,210
1781079405000,55477.2,55477.2,55471.8,55471.8,90
1781079415000,55470.0,55470.0,55465.0,55465.0,90
1781079420000,55465.4,55465.8,55465.4,55465.8,90
1781079425000,55471.8,55471.8,55471.8,55471.8,60
1781079430000,55462.0,55467.4,55459.4,55459.4,420
1781079435000,55462.8,55463.4,55462.8,55463.4,90
1781079440000,55453.2,55453.6,55453.2,55453.6,270
1781079445000,55453.2,55470.0,55453.2,55470.0,3390
1781079450000,55470.0,55471.8,55470.0,55471.8,60
1781079455000,55470.0,55470.0,55470.0,55470.0,30
1781079460000,55471.8,55471.8,55471.2,55471.2,120
1781079465000,55471.8,55471.8,55471.6,55471.8,180
1781079470000,55471.8,55471.8,55471.8,55471.8,30
1781079475000,55471.4,55471.4,55471.4,55471.4,30
1781079480000,55471.8,55471.8,55471.6,55471.6,150
1781079485000,55488.4,55488.4,55487.2,55487.2,2730
1781079490000,55490.8,55490.8,55490.2,55490.8,210
1781079495000,55489.4,55489.4,55489.4,55489.4,30
1781079500000,55485.4,55485.8,55485.4,55485.8,60
1781079510000,55490.0,55490.0,55485.0,55485.0,270
1781079515000,55475.0,55485.8,55475.0,55485.8,90
1781079525000,55473.6,55484.8,55473.6,55484.8,60
1781079530000,55484.8,55484.8,55484.8,55484.8,30
1781079535000,55482.8,55482.8,55482.8,55482.8,150
1781079540000,55478.2,55480.8,55478.2,55480.8,60
1781079545000,55485.0,55485.0,55485.0,55485.0,30
1781079550000,55478.0,55478.0,55478.0,55478.0,30
1781079555000,55477.4,55478.2,55462.4,55462.4,210
1781079560000,55471.4,55471.4,55471.4,55471.4,60
1781079570000,55465.0,55465.0,55465.0,55465.0,30
1781079580000,55461.2,55461.2,55461.2,55461.2,30
1781079585000,55461.4,55465.0,55461.4,55461.4,330
1781079595000,55453.0,55453.0,55451.2,55451.2,660
1781079600000,55461.0,55461.0,55461.0,55461.0,30
1781079605000,55461.4,55461.4,55450.0,55461.4,360
1781079610000,55451.4,55455.0,55451.4,55455.0,60
1781079615000,55455.4,55466.8,55455.4,55466.8,90
1781079620000,55457.4,55475.0,55457.4,55462.4,150
1781079625000,55478.6,55478.6,55463.6,55463.6,90
1781079630000,55476.0,55476.0,55476.0,55476.0,60
1781079635000,55465.4,55465.4,55465.4,55465.4,60
1781079640000,55478.6,55478.6,55478.6,55478.6,30
1781079645000,55465.0,55465.0,55465.0,55465.0,30
1781079650000,55479.0,55479.0,55479.0,55479.0,30
1781079655000,55466.6,55479.0,55466.6,55479.0,60
1781079660000,55463.2,55479.0,55463.2,55479.0,60
1781079665000,55479.0,55479.0,55479.0,55479.0,30
1781079670000,55465.6,55465.6,55461.4,55461.4,150
1781079675000,55476.4,55476.4,55475.8,55475.8,60
1781079680000,55465.0,55480.0,55465.0,55480.0,930
1781079685000,55462.2,55462.2,55462.2,55462.2,1650
1781079690000,55455.0,55455.0,55444.0,55444.0,750
1781079695000,55445.8,55445.8,55445.8,55445.8,30
1781079700000,55440.0,55440.0,55440.0,55440.0,120
1781079705000,55436.2,55448.0,55436.2,55448.0,60
1781079710000,55436.0,55436.0,55436.0,55436.0,90
1781079715000,55440.0,55440.0,55425.0,55425.0,630
1781079720000,55450.2,55450.2,55450.2,55450.2,30
1781079730000,55444.4,55444.4,55425.0,55425.0,150
1781079735000,55441.6,55441.6,55422.2,55422.6,1290
1781079740000,55442.0,55444.4,55442.0,55444.4,570
1781079745000,55442.0,55450.0,55442.0,55450.0,300
1781079750000,55450.0,55450.0,55449.2,55449.2,60
1781079755000,55450.0,55450.0,55450.0,55450.0,90
1781079760000,55460.0,55460.0,55460.0,55460.0,420
1781079765000,55460.0,55463.8,55460.0,55463.8,690
1781079770000,55465.2,55465.2,55465.2,55465.2,90
1781079775000,55450.0,55450.0,55450.0,55450.0,30
1781079785000,55441.0,55441.0,55441.0,55441.0,30
1781079790000,55441.2,55441.2,55441.2,55441.2,30
1781079800000,55441.0,55441.0,55441.0,55441.0,30
1781079810000,55440.0,55445.0,55439.2,55439.2,300
1781079815000,55440.0,55440.0,55440.0,55440.0,150
1781079820000,55439.0,55439.0,55439.0,55439.0,60
1781079825000,55440.0,55440.0,55440.0,55440.0,90
1781079830000,55441.0,55441.0,55441.0,55441.0,240
1781079835000,55450.0,55450.0,55450.0,55450.0,120
1781079840000,55463.2,55463.2,55463.2,55463.2,30
1781079850000,55452.6,55452.6,55452.6,55452.6,30
1781079855000,55469.2,55479.8,55469.2,55479.8,90
1781079860000,55457.4,55463.2,55457.4,55463.2,180
1781079870000,55458.0,55458.0,55450.0,55450.0,360
1781079885000,55450.0,55450.0,55450.0,55450.0,90
1781079895000,55450.0,55450.0,55450.0,55450.0,90
1781079900000,55475.6,55475.6,55475.6,55475.6,450
1781079905000,55447.0,55447.0,55447.0,55447.0,30
1781079910000,55449.2,55449.2,55449.2,55449.2,30
1781079920000,55474.6,55474.6,55449.2,55449.2,60
1781079930000,55453.0,55453.0,55453.0,55453.0,30
1781079935000,55474.6,55474.6,55474.6,55474.6,90
1781079945000,55452.0,55479.0,55452.0,55479.0,120
1781079950000,55474.6,55474.6,55454.2,55454.2,60
1781079970000,55475.0,55480.0,55475.0,55480.0,180
1781079975000,55480.0,55480.0,55480.0,55480.0,30
1781079980000,55475.8,55475.8,55475.8,55475.8,30
1781079995000,55476.0,55476.0,55476.0,55476.0,180
1781080005000,55476.0,55485.0,55476.0,55485.0,90
1781080015000,55476.0,55476.0,55476.0,55476.0,60
1781080020000,55476.0,55476.0,55474.6,55474.6,120
1781080025000,55474.6,55474.6,55474.6,55474.6,30
1781080030000,55470.0,55478.2,55459.0,55459.0,120
1781080035000,55458.4,55458.4,55458.4,55458.4,30
1781080040000,55454.6,55472.0,55454.6,55472.0,60
1781080050000,55458.0,55458.0,55458.0,55458.0,30
1781080060000,55460.0,55460.0,55458.0,55458.0,60
1781080065000,55459.2,55459.2,55451.2,55451.2,330
1781080070000,55451.0,55451.0,55450.0,55450.0,150
1781080075000,55450.0,55450.0,55450.0,55450.0,60
1781080080000,55450.0,55450.0,55450.0,55450.0,30
1781080090000,55450.0,55450.0,55450.0,55450.0,60
1781080095000,55450.0,55450.0,55449.0,55449.0,330
1781080110000,55444.0,55444.0,55444.0,55444.0,30
1781080120000,55446.0,55446.8,55446.0,55446.8,90
1781080125000,55457.2,55457.2,55457.2,55457.2,30
1781080130000,55444.2,55444.2,55444.2,55444.2,30
1781080135000,55457.0,55457.0,55445.0,55445.0,60
1781080140000,55444.0,55444.0,55443.0,55443.0,210
1781080145000,55443.0,55443.0,55441.0,55441.0,180
1781080150000,55455.0,55455.0,55455.0,55455.0,60
1781080155000,55448.0,55448.0,55448.0,55448.0,30
1781080160000,55450.2,55450.2,55447.0,55447.0,90
1781080165000,55443.0,55443.0,55440.0,55440.0,90
1781080170000,55450.0,55450.0,55450.0,55450.0,30
1781080175000,55440.0,55440.0,55440.0,55440.0,90
1781080185000,55441.0,55441.0,55441.0,55441.0,30
1781080190000,55441.0,55441.0,55441.0,55441.0,30
1781080205000,55440.0,55440.0,55440.0,55440.0,120
1781080210000,55440.6,55440.6,55438.4,55438.4,60
1781080215000,55438.2,55450.0,55438.2,55450.0,90
1781080225000,55443.2,55443.2,55443.2,55443.2,60
1781080235000,55439.6,55439.6,55439.6,55439.6,120
1781080240000,55440.0,55440.0,55435.6,55435.6,60
1781080250000,55434.4,55434.4,55434.4,55434.4,30
1781080255000,55450.0,55450.0,55450.0,55450.0,30
1781080265000,55439.4,55439.4,55439.4,55439.4,30
1781080275000,55426.0,55426.0,55426.0,55426.0,450
1781080280000,55425.0,55425.0,55420.0,55420.0,450
1781080285000,55417.0,55417.0,55417.0,55417.0,90
1781080290000,55427.6,55427.6,55419.0,55419.0,120
1781080295000,55440.0,55440.0,55422.4,55422.4,90
1781080300000,55440.0,55440.0,55440.0,55440.0,30
1781080305000,55440.0,55450.0,55440.0,55450.0,330
1781080320000,55485.0,55485.0,55468.0,55468.0,60
1781080325000,55484.4,55484.4,55484.4,55484.4,60
1781080330000,55485.0,55485.0,55485.0,55485.0,120
1781080335000,55485.0,55490.0,55485.0,55490.0,90
1781080340000,55488.6,55493.8,55488.6,55493.8,150
1781080345000,55494.0,55494.0,55491.2,55491.2,90
1781080350000,55489.0,55493.8,55489.0,55491.0,120
1781080355000,55475.8,55475.8,55475.8,55475.8,90
1781080380000,55470.0,55470.0,55470.0,55470.0,90
1781080385000,55460.0,55460.0,55460.0,55460.0,30
1781080395000,55487.6,55487.6,55487.6,55487.6,30
1781080400000,55462.0,55462.0,55462.0,55462.0,60
1781080405000,55458.2,55458.2,55458.2,55458.2,150
1781080410000,55489.0,55489.0,55488.0,55488.0,60
1781080420000,55470.0,55470.0,55470.0,55470.0,30
1781080425000,55450.6,55450.6,55450.6,55450.6,150
1781080430000,55484.2,55484.2,55484.2,55484.2,30
1781080440000,55485.0,55485.0,55485.0,55485.0,60
1781080450000,55484.2,55484.2,55484.2,55484.2,90
1781080460000,55484.6,55484.6,55484.6,55484.6,30
1781080480000,55484.0,55484.0,55484.0,55484.0,60
1781080490000,55484.0,55484.0,55484.0,55484.0,30
1781080495000,55483.0,55483.0,55483.0,55483.0,30
1781080500000,55484.6,55484.6,55484.6,55484.6,30
1781080510000,55484.6,55484.6,55484.6,55484.6,30
1781080515000,55460.4,55460.4,55460.4,55460.4,600
1781080525000,55466.6,55466.6,55466.6,55466.6,30
1781080540000,55484.0,55484.0,55484.0,55484.0,30
1781080555000,55484.0,55490.0,55484.0,55490.0,90
1781080560000,55484.0,55484.0,55484.0,55484.0,30
1781080580000,55490.0,55490.0,55490.0,55490.0,60
1781080585000,55490.0,55490.0,55490.0,55490.0,30
1781080595000,55490.0,55490.0,55484.0,55484.0,210
1781080600000,55477.0,55478.2,55466.6,55466.6,90
1781080605000,55459.6,55459.6,55459.6,55459.6,30
1781080635000,55467.6,55467.6,55467.6,55467.6,30
1781080645000,55467.2,55467.6,55460.8,55460.8,150
1781080650000,55458.6,55458.6,55450.0,55450.0,690
1781080655000,55460.0,55460.0,55460.0,55460.0,210
1781080660000,55460.0,55460.0,55460.0,55460.0,30
1781080665000,55460.0,55460.0,55460.0,55460.0,30
1781080670000,55460.0,55460.0,55460.0,55460.0,30
1781080675000,55460.0,55460.0,55460.0,55460.0,30
1781080680000,55460.0,55460.0,55460.0,55460.0,90
1781080685000,55460.0,55460.0,55460.0,55460.0,570
1781080690000,55460.0,55460.0,55460.0,55460.0,60
1781080700000,55460.0,55460.0,55460.0,55460.0,120
1781080705000,55460.0,55486.2,55460.0,55486.2,270
1781080710000,55467.6,55467.6,55467.6,55467.6,30
1781080715000,55481.8,55481.8,55481.8,55481.8,60
1781080725000,55486.6,55486.6,55486.6,55486.6,30
1781080730000,55486.2,55486.2,55486.2,55486.2,30
1781080735000,55496.6,55496.6,55496.6,55496.6,60
1781080740000,55485.4,55485.4,55485.4,55485.4,30
1781080745000,55475.8,55475.8,55475.8,55475.8,30
1781080750000,55476.4,55479.4,55476.4,55479.4,60
1781080755000,55462.2,55477.2,55462.2,55477.2,240
1781080760000,55475.0,55475.0,55475.0,55475.0,60
1781080765000,55462.0,55462.0,55462.0,55462.0,90
1781080770000,55450.4,55450.4,55450.4,55450.4,60
1781080775000,55450.0,55450.0,55440.0,55440.0,180
1781080780000,55434.0,55444.2,55434.0,55444.2,180
1781080785000,55444.4,55444.4,55444.4,55444.4,60
1781080810000,55441.8,55441.8,55441.8,55441.8,30
1781080815000,55427.0,55427.0,55427.0,55427.0,30
1781080830000,55432.4,55432.4,55432.4,55432.4,30
1781080835000,55441.8,55441.8,55441.8,55441.8,60
1781080840000,55441.8,55441.8,55441.8,55441.8,30
1781080845000,55441.8,55441.8,55441.8,55441.8,30
1781080860000,55420.0,55420.0,55420.0,55420.0,690
1781080865000,55416.0,55416.0,55390.0,55390.0,4470
1781080870000,55390.0,55390.0,55377.0,55380.0,660
1781080875000,55380.0,55380.0,55377.4,55380.0,360
1781080880000,55380.0,55400.0,55380.0,55400.0,300
1781080885000,55400.0,55400.0,55397.4,55397.4,90
1781080895000,55381.2,55381.2,55380.0,55380.0,240
1781080900000,55397.4,55397.4,55397.4,55397.4,30
1781080905000,55397.4,55397.4,55397.4,55397.4,150
1781080910000,55397.4,55399.0,55397.4,55399.0,240
1781080915000,55394.8,55400.0,55394.8,55400.0,60
1781080920000,55400.0,55400.0,55390.4,55390.4,90
1781080925000,55400.0,55400.0,55400.0,55400.0,30
1781080930000,55400.0,55400.0,55400.0,55400.0,60
1781080935000,55400.0,55400.0,55400.0,55400.0,30
1781080940000,55400.0,55400.0,55394.0,55394.0,90
1781080950000,55394.0,55394.0,55394.0,55394.0,270
1781080955000,55391.0,55393.4,55390.2,55390.2,90
1781080975000,55394.0,55394.0,55394.0,55394.0,180
1781080980000,55390.2,55390.2,55388.2,55390.0,510
1781080985000,55385.0,55385.0,55380.0,55380.0,240
1781080990000,55384.0,55384.0,55380.0,55380.0,90
1781080995000,55380.0,55380.0,55380.0,55380.0,30
1781081000000,55380.0,55380.0,55380.0,55380.0,150
1781081005000,55372.6,55380.0,55371.0,55380.0,990
1781081010000,55371.2,55371.2,55371.2,55371.2,60
1781081015000,55371.2,55371.2,55371.2,55371.2,60
1781081020000,55370.2,55370.2,55370.0,55370.0,240
1781081025000,55380.0,55380.0,55380.0,55380.0,90
1781081030000,55389.0,55389.0,55376.2,55376.2,120
1781081035000,55384.4,55384.4,55384.4,55384.4,120
1781081040000,55385.0,55385.0,55385.0,55385.0,30
1781081045000,55385.0,55385.0,55380.0,55380.0,210
1781081050000,55380.0,55380.0,55380.0,55380.0,30
1781081055000,55376.2,55376.2,55376.2,55376.2,30
1781081060000,55380.0,55384.2,55380.0,55384.2,120
1781081065000,55380.0,55380.0,55361.0,55361.0,1230
1781081070000,55361.0,55378.0,55361.0,55378.0,120
1781081075000,55370.0,55371.0,55361.0,55371.0,210
1781081080000,55361.0,55361.0,55360.0,55360.0,870
1781081085000,55375.2,55375.2,55360.2,55360.2,60
1781081090000,55375.2,55375.2,55375.2,55375.2,300
1781081095000,55371.0,55371.0,55371.0,55371.0,120
1781081100000,55360.0,55360.0,55360.0,55360.0,630
1781081105000,55360.0,55360.0,55355.0,55355.0,3720
1781081110000,55351.0,55355.6,55350.0,55355.6,300
1781081115000,55360.0,55363.4,55350.0,55350.0,990
1781081120000,55360.0,55375.0,55360.0,55375.0,90
1781081125000,55370.0,55370.0,55360.0,55360.0,150
1781081130000,55369.4,55369.8,55369.4,55369.8,240
1781081135000,55363.8,55370.0,55362.4,55362.4,150
1781081140000,55364.6,55370.0,55364.6,55370.0,60
1781081145000,55369.8,55369.8,55369.8,55369.8,60
1781081150000,55380.0,55380.0,55380.0,55380.0,90
1781081155000,55370.8,55370.8,55370.8,55370.8,90
1781081160000,55380.0,55380.0,55380.0,55380.0,90
1781081165000,55380.0,55380.0,55380.0,55380.0,210
1781081170000,55380.0,55412.0,55380.0,55412.0,240
1781081175000,55412.0,55412.0,55412.0,55412.0,30
1781081180000,55412.0,55412.0,55412.0,55412.0,30
1781081185000,55412.0,55415.2,55412.0,55412.0,210
1781081190000,55412.0,55412.0,55404.6,55404.6,120
1781081195000,55404.8,55404.8,55404.8,55404.8,30
1781081210000,55393.6,55393.6,55393.6,55393.6,60
1781081215000,55394.6,55394.6,55394.6,55394.6,60
1781081220000,55393.6,55393.6,55393.6,55393.6,30
1781081225000,55393.6,55393.6,55393.6,55393.6,30
1781081230000,55390.0,55390.0,55382.4,55382.4,210
1781081240000,55390.0,55390.0,55382.0,55382.0,120
1781081245000,55390.0,55390.0,55390.0,55390.0,30
1781081255000,55390.0,55390.0,55390.0,55390.0,30
1781081260000,55389.8,55390.0,55389.8,55390.0,240
1781081265000,55388.4,55395.0,55388.4,55395.0,300
1781081270000,55395.0,55395.0,55395.0,55395.0,60
1781081275000,55395.0,55395.0,55395.0,55395.0,30
1781081280000,55395.0,55395.0,55395.0,55395.0,30
1781081285000,55425.0,55425.0,55425.0,55425.0,540
1781081290000,55426.2,55426.8,55426.2,55426.6,150
1781081295000,55426.0,55426.0,55426.0,55426.0,30
1781081300000,55425.0,55426.0,55425.0,55426.0,90
1781081305000,55426.0,55430.0,55426.0,55430.0,60
1781081315000,55418.2,55431.8,55418.2,55431.8,90
1781081325000,55431.6,55432.0,55420.4,55420.4,90
1781081330000,55414.2,55422.8,55414.2,55422.8,60
1781081340000,55420.4,55420.4,55407.8,55407.8,60
1781081345000,55422.8,55422.8,55422.8,55422.8,30
1781081355000,55432.0,55440.0,55431.8,55440.0,240
1781081360000,55440.6,55440.6,55430.0,55430.0,90
1781081365000,55441.8,55442.0,55422.4,55422.4,210
1781081370000,55416.6,55416.6,55416.6,55416.6,30
1781081380000,55422.6,55422.6,55422.4,55422.4,60
1781081385000,55422.4,55422.4,55422.4,55422.4,30
1781081390000,55421.8,55421.8,55421.8,55421.8,30
1781081395000,55426.2,55426.2,55426.2,55426.2,60
1781081400000,55444.0,55449.0,55444.0,55449.0,180
1781081405000,55436.0,55436.0,55436.0,55436.0,180
1781081410000,55453.4,55453.4,55453.4,55453.4,30
1781081420000,55450.0,55450.0,55450.0,55450.0,60
1781081425000,55449.6,55449.6,55449.6,55449.6,30
1781081430000,55450.0,55450.0,55436.2,55450.0,210
1781081435000,55458.0,55458.0,55458.0,55458.0,120
1781081440000,55458.0,55458.0,55458.0,55458.0,90
1781081445000,55458.0,55458.0,55458.0,55458.0,30
1781081450000,55447.0,55447.0,55447.0,55447.0,30
1781081455000,55447.0,55447.0,55447.0,55447.0,30
1781081460000,55447.0,55458.0,55447.0,55458.0,120
1781081465000,55460.0,55464.8,55460.0,55464.8,450
1781081470000,55467.0,55467.0,55467.0,55467.0,270
1781081475000,55467.0,55475.0,55467.0,55475.0,60
1781081480000,55476.0,55476.0,55476.0,55476.0,300
1781081485000,55485.0,55486.8,55484.8,55486.8,540
1781081490000,55475.0,55475.0,55475.0,55475.0,60
1781081495000,55475.0,55475.0,55467.0,55467.0,90
1781081500000,55475.0,55475.0,55475.0,55475.0,30
1781081510000,55465.6,55467.0,55465.6,55467.0,270
1781081515000,55464.4,55464.4,55450.0,55450.0,180
1781081520000,55450.0,55450.0,55450.0,55450.0,60
1781081525000,55450.0,55450.0,55450.0,55450.0,90
1781081535000,55434.0,55439.2,55434.0,55435.6,630
1781081540000,55452.4,55457.4,55452.4,55457.4,60
1781081545000,55442.2,55442.2,55441.2,55441.2,120
1781081550000,55453.4,55453.4,55453.4,55453.4,120
1781081555000,55441.8,55441.8,55441.8,55441.8,120
1781081560000,55451.8,55451.8,55451.8,55451.8,30
1781081575000,55459.0,55459.0,55459.0,55459.0,30
1781081580000,55473.0,55473.0,55459.8,55459.8,90
1781081600000,55475.0,55475.0,55475.0,55475.0,60
1781081605000,55458.2,55462.2,55458.2,55462.2,150
1781081610000,55462.2,55465.2,55462.2,55465.2,180
1781081615000,55463.8,55465.2,55463.6,55465.2,120
1781081620000,55463.8,55463.8,55462.2,55462.2,120
1781081625000,55460.8,55467.0,55460.8,55467.0,150
1781081630000,55465.8,55465.8,55461.8,55461.8,90
1781081640000,55480.0,55480.0,55480.0,55480.0,30
1781081650000,55480.0,55483.0,55480.0,55480.0,120
1781081655000,55465.2,55465.2,55465.2,55465.2,30
1781081665000,55475.0,55475.0,55469.2,55472.8,1230
1781081670000,55464.2,55464.2,55464.2,55464.2,60
1781081685000,55460.0,55460.0,55460.0,55460.0,30
1781081690000,55451.0,55460.0,55451.0,55460.0,60
1781081700000,55450.0,55460.0,55450.0,55460.0,60
1781081710000,55445.6,55445.6,55445.6,55445.6,90
1781081725000,55460.0,55460.0,55460.0,55460.0,30
1781081740000,55460.0,55460.0,55460.0,55460.0,30
1781081745000,55470.6,55470.6,55470.6,55470.6,60
1781081750000,55475.0,55475.0,55472.6,55472.6,90
1781081755000,55468.2,55469.4,55450.0,55469.4,150
1781081780000,55480.0,55480.0,55480.0,55480.0,150
1781081785000,55478.4,55478.4,55477.0,55477.0,60
1781081790000,55477.2,55477.2,55477.2,55477.2,30
1781081795000,55477.4,55477.4,55476.0,55476.0,60
1781081805000,55478.6,55480.0,55477.6,55480.0,90
1781081810000,55480.0,55480.0,55480.0,55480.0,90
1781081820000,55480.0,55483.4,55475.0,55475.0,570
1781081830000,55480.0,55480.0,55460.0,55460.0,120
1781081840000,55443.0,55443.0,55443.0,55443.0,60
1781081845000,55443.0,55443.0,55441.2,55441.2,60
1781081850000,55435.0,55435.0,55435.0,55435.0,30
1781081855000,55444.4,55444.4,55444.4,55444.4,180
1781081860000,55444.4,55444.4,55441.2,55441.2,330
1781081865000,55422.2,55422.2,55422.2,55422.2,120
1781081870000,55431.0,55431.0,55430.0,55430.0,60
1781081875000,55422.2,55422.2,55422.2,55422.2,30
1781081880000,55422.2,55422.2,55422.2,55422.2,30
1781081890000,55429.0,55441.0,55429.0,55441.0,120
1781081895000,55442.8,55442.8,55439.8,55439.8,60
1781081905000,55441.0,55441.0,55439.8,55439.8,60
1781081915000,55439.6,55439.6,55439.6,55439.6,30
1781081950000,55429.2,55429.2,55429.2,55429.2,60
1781081960000,55422.2,55422.2,55422.2,55422.2,60
1781081965000,55432.0,55438.0,55432.0,55438.0,90
1781081970000,55429.2,55429.2,55429.2,55429.2,30
1781081975000,55438.0,55438.0,55430.0,55430.0,210
1781081980000,55430.0,55430.0,55430.0,55430.0,30
1781081985000,55438.0,55438.0,55438.0,55438.0,60
1781081990000,55439.6,55439.6,55439.6,55439.6,30
1781081995000,55437.8,55437.8,55437.8,55437.8,30
1781082000000,55430.6,55430.6,55430.6,55430.6,60
1781082010000,55430.0,55430.0,55420.0,55420.0,6360
1781082015000,55420.0,55420.0,55420.0,55420.0,30
1781082025000,55413.8,55413.8,55400.0,55400.0,300
1781082030000,55400.0,55400.0,55400.0,55400.0,120
1781082035000,55395.0,55404.0,55395.0,55404.0,60
1781082040000,55385.8,55395.0,55385.8,55395.0,180
1781082045000,55395.0,55410.0,55395.0,55410.0,870
1781082050000,55410.0,55410.4,55410.0,55410.4,390
1781082055000,55410.0,55410.0,55400.0,55400.0,420
1781082060000,55390.0,55390.0,55379.0,55379.0,300
1781082065000,55379.0,55380.0,55379.0,55380.0,120
1781082070000,55381.0,55381.0,55380.0,55380.0,60
1781082075000,55380.2,55390.0,55380.2,55390.0,120
1781082080000,55393.8,55393.8,55381.2,55381.2,150
1781082085000,55390.0,55390.0,55380.2,55380.2,180
1781082090000,55379.0,55379.0,55375.0,55375.0,270
1781082095000,55362.4,55375.0,55362.4,55375.0,390
1781082100000,55380.0,55380.0,55380.0,55380.0,30
1781082105000,55384.2,55384.2,55384.2,55384.2,30
1781082110000,55399.2,55399.2,55378.6,55378.6,60
1781082115000,55373.6,55378.6,55370.8,55370.8,90
1781082120000,55366.8,55366.8,55366.8,55366.8,30
1781082125000,55367.8,55371.0,55367.8,55371.0,60
1781082130000,55370.8,55370.8,55368.0,55368.0,120
1781082140000,55376.2,55377.8,55365.2,55377.8,120
1781082145000,55368.0,55379.0,55368.0,55377.0,90
1781082150000,55370.4,55370.4,55370.0,55370.0,300
1781082155000,55365.0,55365.2,55362.0,55363.2,120
1781082160000,55362.0,55365.0,55361.0,55361.0,360
1781082165000,55365.0,55365.0,55350.0,55350.0,6660
1781082170000,55350.0,55350.0,55338.0,55338.0,3240
1781082175000,55335.0,55342.2,55326.4,55342.2,690
1781082180000,55341.8,55341.8,55330.0,55330.0,990
1781082185000,55349.8,55365.0,55347.2,55365.0,210
1781082190000,55372.0,55376.0,55372.0,55376.0,180
1781082195000,55398.6,55398.6,55398.6,55398.6,90
1781082200000,55386.8,55386.8,55386.8,55386.8,330
1781082205000,55365.4,55386.8,55365.0,55365.0,330
1781082210000,55392.8,55392.8,55392.8,55392.8,300
1781082215000,55398.4,55398.4,55398.4,55398.4,90
1781082225000,55399.0,55399.0,55399.0,55399.0,30
1781082230000,55398.8,55399.0,55398.8,55399.0,60
1781082235000,55398.8,55398.8,55398.8,55398.8,60
1781082240000,55376.6,55376.6,55376.6,55376.6,30
1781082245000,55376.0,55376.0,55376.0,55376.0,30
1781082255000,55376.2,55376.2,55376.2,55376.2,270
1781082260000,55385.0,55385.0,55385.0,55385.0,90
1781082265000,55385.0,55385.0,55385.0,55385.0,60
1781082270000,55385.0,55385.0,55385.0,55385.0,120
1781082275000,55385.0,55385.0,55385.0,55385.0,90
1781082280000,55392.6,55392.6,55392.6,55392.6,30
1781082285000,55399.0,55399.0,55399.0,55399.0,60
1781082290000,55381.6,55399.0,55381.6,55399.0,120
1781082295000,55399.0,55399.0,55399.0,55399.0,60
1781082300000,55399.0,55410.0,55399.0,55410.0,390
1781082305000,55425.0,55425.0,55425.0,55425.0,180
1781082310000,55412.4,55437.2,55410.0,55410.0,330
1781082315000,55409.0,55410.0,55409.0,55410.0,150
1781082325000,55400.8,55400.8,55400.8,55400.8,30
1781082330000,55410.0,55410.0,55406.0,55406.0,180
1781082335000,55410.0,55410.0,55410.0,55410.0,120
1781082340000,55410.0,55410.0,55399.6,55399.6,120
1781082345000,55400.0,55400.0,55400.0,55400.0,90
1781082350000,55403.2,55403.2,55403.2,55403.2,30
1781082355000,55399.0,55399.0,55381.0,55381.0,210
1781082360000,55399.4,55399.4,55399.4,55399.4,210
1781082365000,55397.8,55397.8,55397.8,55397.8,90
1781082370000,55398.2,55399.4,55388.4,55399.4,150
1781082375000,55399.4,55399.4,55385.8,55385.8,210
1781082380000,55387.0,55387.0,55387.0,55387.0,30
1781082385000,55376.0,55376.0,55370.0,55370.0,150
1781082410000,55370.0,55370.0,55365.0,55365.0,60
1781082420000,55377.8,55377.8,55377.8,55377.8,60
1781082435000,55365.0,55365.0,55365.0,55365.0,60
1781082440000,55366.0,55366.0,55364.0,55364.0,150
1781082445000,55366.8,55366.8,55355.0,55355.0,540
1781082450000,55350.0,55350.0,55350.0,55350.0,60
1781082455000,55355.0,55355.0,55355.0,55355.0,450
1781082460000,55354.8,55354.8,55350.0,55350.0,120
1781082465000,55350.0,55355.0,55350.0,55355.0,90
1781082470000,55355.0,55355.0,55355.0,55355.0,30
1781082475000,55355.0,55355.0,55355.0,55355.0,30
1781082480000,55350.0,55350.0,55350.0,55350.0,240
1781082485000,55352.4,55352.4,55352.4,55352.4,570
1781082490000,55350.0,55350.0,55350.0,55350.0,30
1781082500000,55350.0,55350.0,55350.0,55350.0,60
1781082505000,55358.6,55358.6,55350.0,55350.0,510
1781082510000,55350.0,55350.0,55350.0,55350.0,510
1781082515000,55345.0,55345.0,55340.0,55340.0,60
1781082520000,55333.2,55333.4,55325.0,55325.0,1170
1781082525000,55313.0,55313.0,55303.0,55303.0,1590
1781082530000,55312.8,55313.6,55302.0,55313.6,600
1781082535000,55312.8,55312.8,55311.8,55311.8,150
1781082540000,55305.0,55307.8,55302.0,55302.0,1170
1781082545000,55302.0,55302.0,55302.0,55302.0,210
1781082550000,55303.0,55303.0,55303.0,55303.0,540
1781082555000,55305.0,55312.6,55305.0,55312.6,180
1781082560000,55305.0,55315.4,55305.0,55310.0,570
1781082565000,55312.6,55312.6,55307.0,55307.0,840
1781082570000,55290.0,55316.6,55290.0,55315.2,3090
1781082575000,55293.6,55318.8,55293.6,55318.8,570
1781082580000,55290.0,55290.0,55290.0,55290.0,1170
1781082585000,55290.0,55290.0,55275.0,55275.0,870
1781082590000,55283.2,55287.6,55275.0,55275.0,540
1781082595000,55285.0,55289.6,55285.0,55286.8,540
1781082600000,55275.0,55289.6,55275.0,55276.0,300
1781082605000,55275.0,55290.0,55275.0,55290.0,300
1781082610000,55290.0,55290.0,55289.0,55289.0,90
1781082615000,55289.0,55290.0,55281.2,55281.2,690
1781082620000,55281.4,55281.4,55281.4,55281.4,1110
1781082625000,55281.4,55282.2,55281.4,55282.2,630
1781082630000,55282.0,55310.0,55282.0,55310.0,1560
1781082635000,55325.0,55325.0,55325.0,55325.0,90
1781082640000,55302.0,55302.0,55301.0,55301.0,210
1781082645000,55299.2,55299.2,55288.4,55288.4,60
1781082650000,55286.2,55308.6,55286.2,55308.6,690
1781082655000,55288.4,55288.4,55280.0,55280.0,360
1781082660000,55310.0,55310.0,55310.0,55310.0,150
1781082665000,55310.0,55310.0,55310.0,55310.0,30
1781082670000,55315.0,55315.0,55315.0,55315.0,30
1781082675000,55295.0,55295.0,55280.0,55280.0,300
1781082680000,55281.4,55281.4,55281.4,55281.4,90
1781082685000,55295.8,55295.8,55295.8,55295.8,60
1781082690000,55280.0,55280.0,55280.0,55280.0,660
1781082695000,55280.0,55280.0,55280.0,55280.0,150
1781082700000,55280.0,55280.0,55280.0,55280.0,120
1781082705000,55286.2,55297.2,55286.2,55297.2,570
1781082710000,55288.8,55288.8,55288.8,55288.8,30
1781082715000,55280.0,55280.0,55276.0,55280.0,300
1781082720000,55280.0,55280.0,55276.0,55276.0,90
1781082725000,55272.0,55272.0,55270.0,55270.0,1710
1781082730000,55270.0,55270.0,55263.0,55263.0,960
1781082735000,55260.0,55260.0,55260.0,55260.0,900
1781082740000,55259.6,55260.0,55251.6,55251.6,840
1781082745000,55251.6,55254.8,55251.6,55251.6,180
1781082750000,55251.6,55254.0,55251.6,55254.0,780
1781082755000,55251.0,55251.0,55229.2,55229.2,2880
1781082760000,55225.0,55229.8,55225.0,55227.2,330
1781082765000,55225.0,55227.2,55224.0,55227.2,1140
1781082770000,55232.2,55241.2,55220.0,55241.2,930
1781082775000,55256.6,55256.6,55249.0,55249.0,720
1781082780000,55245.0,55245.0,55225.0,55242.2,930
1781082785000,55230.0,55240.0,55230.0,55230.0,390
1781082790000,55221.2,55240.0,55221.2,55240.0,720
1781082795000,55240.0,55240.0,55230.0,55230.0,780
1781082800000,55241.4,55250.0,55235.2,55235.2,960
1781082805000,55252.4,55252.4,55244.0,55244.0,570
1781082810000,55254.6,55254.6,55251.0,55251.0,90
1781082815000,55249.4,55249.4,55244.0,55247.6,1050
1781082820000,55247.0,55247.0,55247.0,55247.0,480
1781082825000,55240.0,55244.8,55235.6,55235.6,660
1781082835000,55223.6,55232.2,55223.6,55232.2,1050
1781082840000,55231.0,55247.0,55231.0,55243.2,870
1781082845000,55243.8,55244.2,55243.8,55244.2,150
1781082850000,55244.2,55244.2,55230.0,55230.0,180
1781082855000,55245.8,55245.8,55242.8,55242.8,180
1781082860000,55240.0,55240.0,55235.0,55235.0,90
1781082865000,55222.0,55222.0,55215.0,55215.0,1320
1781082870000,55214.6,55214.6,55211.0,55211.0,300
1781082875000,55214.8,55215.0,55210.0,55210.0,1680
1781082880000,55200.0,55202.0,55193.8,55202.0,3990
1781082885000,55192.8,55200.0,55192.8,55194.0,300
1781082890000,55193.0,55200.0,55193.0,55200.0,210
1781082895000,55200.6,55201.2,55191.0,55191.0,1020
1781082900000,55185.0,55191.0,55161.0,55163.0,4200
1781082905000,55160.6,55162.0,55153.4,55153.4,1200
1781082910000,55153.0,55173.2,55152.0,55173.2,1560
1781082915000,55152.2,55173.0,55152.2,55155.0,630
1781082920000,55152.0,55181.8,55152.0,55181.8,1050
1781082925000,55154.2,55170.0,55154.2,55170.0,600
1781082930000,55172.6,55172.6,55160.0,55160.0,1620
1781082935000,55179.0,55181.2,55176.8,55176.8,2310
1781082940000,55179.0,55181.4,55177.4,55180.4,1950
1781082945000,55176.8,55176.8,55155.0,55155.0,1230
1781082950000,55167.8,55167.8,55142.0,55142.0,2850
1781082955000,55154.8,55176.6,55154.8,55176.6,2550
1781082960000,55173.8,55173.8,55160.2,55160.2,2010
1781082965000,55148.0,55188.2,55148.0,55188.2,1920
1781082970000,55153.8,55189.0,55153.8,55171.6,300
1781082975000,55151.2,55186.2,55151.2,55161.0,540
1781082980000,55186.2,55186.4,55154.6,55186.4,1050
1781082985000,55167.2,55204.2,55167.2,55203.8,2850
1781082990000,55178.0,55206.2,55178.0,55206.2,1200
1781082995000,55203.8,55203.8,55200.0,55200.0,630
1781083000000,55204.0,55209.2,55204.0,55209.2,2760
1781083005000,55200.0,55210.6,55200.0,55200.0,990
1781083010000,55210.4,55210.4,55207.0,55207.0,150
1781083015000,55215.8,55244.0,55215.6,55244.0,1170
1781083020000,55221.8,55240.0,55221.8,55240.0,960
1781083025000,55239.2,55240.0,55239.2,55240.0,960
1781083030000,55231.2,55231.2,55221.0,55221.0,390
1781083035000,55221.0,55221.0,55207.0,55207.0,300
1781083040000,55217.8,55217.8,55207.0,55211.0,150
1781083045000,55212.0,55212.4,55212.0,55212.4,270
1781083050000,55212.4,55212.4,55212.4,55212.4,60
1781083055000,55212.4,55212.4,55212.4,55212.4,420
1781083060000,55208.0,55220.0,55208.0,55220.0,150
1781083065000,55219.0,55240.0,55219.0,55240.0,870
1781083070000,55244.0,55244.0,55240.0,55240.0,90
1781083075000,55244.0,55250.0,55244.0,55250.0,150
1781083080000,55251.8,55252.4,55236.2,55240.0,330
1781083085000,55234.8,55250.0,55234.8,55250.0,150
1781083090000,55249.8,55249.8,55249.8,55249.8,30
1781083095000,55250.0,55250.0,55231.0,55231.0,390
1781083100000,55230.0,55230.6,55230.0,55230.6,150
1781083110000,55219.8,55219.8,55219.8,55219.8,60
1781083115000,55220.0,55220.0,55220.0,55220.0,360
1781083120000,55220.0,55220.0,55220.0,55220.0,60
1781083125000,55220.0,55220.0,55215.0,55215.0,150
1781083130000,55211.6,55211.6,55211.6,55211.6,150
1781083135000,55210.0,55210.6,55210.0,55210.6,60
1781083140000,55203.0,55203.0,55200.0,55200.0,660
1781083145000,55200.0,55200.0,55200.0,55200.0,630
1781083150000,55199.0,55199.2,55199.0,55199.2,90
1781083155000,55198.8,55198.8,55195.8,55195.8,1260
1781083160000,55184.0,55184.0,55184.0,55184.0,90
1781083165000,55181.0,55200.0,55181.0,55200.0,210
1781083170000,55181.8,55181.8,55181.0,55181.0,300
1781083175000,55181.8,55181.8,55181.4,55181.4,90
1781083180000,55181.8,55181.8,55181.0,55181.0,210
1781083185000,55181.0,55200.0,55181.0,55200.0,750
1781083190000,55199.6,55205.4,55199.6,55200.0,150
1781083195000,55200.0,55200.0,55200.0,55200.0,60
1781083200000,55185.4,55187.8,55171.2,55171.4,750
1781083205000,55171.4,55185.4,55171.0,55185.4,240
1781083210000,55185.4,55192.0,55185.4,55191.2,90
1781083215000,55185.4,55185.4,55161.4,55161.4,330
1781083220000,55181.8,55181.8,55181.8,55181.8,60
1781083225000,55165.2,55186.6,55165.2,55168.8,150
1781083230000,55185.0,55185.0,55185.0,55185.0,30
1781083235000,55169.8,55169.8,55166.4,55166.4,60
1781083240000,55166.0,55185.8,55166.0,55166.0,210
1781083245000,55170.0,55170.0,55166.2,55166.2,60
1781083250000,55170.0,55170.0,55170.0,55170.0,90
1781083255000,55170.0,55170.0,55170.0,55170.0,90
1781083260000,55160.0,55160.0,55160.0,55160.0,2010
1781083265000,55160.0,55160.0,55151.0,55159.8,570
1781083270000,55150.0,55160.0,55150.0,55160.0,450
1781083275000,55139.6,55140.0,55139.6,55140.0,1710
1781083280000,55136.4,55140.0,55136.4,55139.2,720
1781083285000,55135.8,55139.4,55135.8,55135.8,210
1781083290000,55150.0,55185.0,55150.0,55185.0,1740
1781083295000,55186.6,55195.0,55186.6,55195.0,150
1781083300000,55185.0,55185.0,55181.0,55181.0,60
1781083305000,55200.0,55200.0,55200.0,55200.0,90
1781083310000,55196.6,55196.6,55185.0,55185.0,120
1781083320000,55187.0,55187.0,55180.0,55182.4,270
1781083325000,55182.4,55182.4,55182.4,55182.4,120
1781083330000,55187.8,55191.4,55187.6,55191.4,2850
1781083335000,55182.4,55186.6,55182.4,55186.6,420
1781083340000,55189.6,55189.6,55187.8,55187.8,180
1781083345000,55187.0,55187.0,55175.0,55175.0,90
1781083350000,55180.0,55180.0,55175.0,55175.0,60
1781083355000,55180.0,55180.0,55175.0,55175.0,150
1781083360000,55178.4,55183.4,55178.2,55183.4,1860
1781083365000,55186.4,55186.4,55176.6,55176.6,1230
1781083375000,55187.6,55187.6,55184.0,55184.0,300
1781083380000,55182.4,55182.4,55181.8,55181.8,510
1781083385000,55190.2,55203.8,55190.2,55203.8,2130
1781083390000,55204.8,55204.8,55204.8,55204.8,30
1781083395000,55194.4,55203.2,55191.4,55203.2,1140
1781083400000,55203.8,55203.8,55200.6,55200.6,90
1781083405000,55202.0,55203.4,55202.0,55203.4,120
1781083410000,55199.2,55203.8,55199.2,55201.8,930
1781083415000,55201.0,55201.0,55201.0,55201.0,60
1781083420000,55186.0,55186.0,55186.0,55186.0,30
1781083425000,55199.8,55199.8,55199.8,55199.8,30
1781083430000,55186.0,55186.0,55186.0,55186.0,60
1781083440000,55193.0,55193.0,55193.0,55193.0,60
1781083445000,55202.0,55211.0,55202.0,55211.0,2250
1781083450000,55212.0,55217.6,55212.0,55217.6,2280
1781083460000,55203.6,55215.0,55203.6,55215.0,2310
1781083465000,55217.6,55224.2,55217.6,55224.2,2010
1781083470000,55210.0,55210.0,55210.0,55210.0,30
1781083475000,55200.0,55200.0,55200.0,55200.0,60
1781083480000,55195.2,55195.2,55195.2,55195.2,30
1781083485000,55201.2,55220.0,55201.2,55220.0,90
1781083495000,55201.4,55231.2,55201.4,55231.2,1500
1781083500000,55229.4,55236.2,55229.4,55235.8,3180
1781083505000,55236.8,55240.0,55236.2,55239.4,2280
1781083510000,55239.6,55240.8,55239.6,55240.8,690
1781083515000,55241.8,55241.8,55236.8,55236.8,120
1781083520000,55236.4,55236.4,55230.0,55230.0,120
1781083525000,55236.0,55236.0,55236.0,55236.0,30
1781083530000,55224.4,55237.0,55224.4,55237.0,60
1781083535000,55235.0,55235.0,55220.0,55220.0,60
1781083545000,55237.6,55237.6,55220.0,55220.0,90
1781083550000,55234.6,55234.6,55234.6,55234.6,30
1781083565000,55237.0,55237.0,55237.0,55237.0,30
1781083570000,55237.0,55237.0,55237.0,55237.0,30
1781083580000,55239.0,55239.0,55239.0,55239.0,60
1781083585000,55239.4,55239.4,55239.4,55239.4,60
1781083590000,55230.0,55230.0,55230.0,55230.0,30
1781083595000,55228.4,55228.4,55228.4,55228.4,30
1781083600000,55229.2,55230.4,55229.2,55230.4,60
1781083605000,55232.0,55237.0,55232.0,55237.0,90
1781083610000,55230.0,55230.0,55230.0,55230.0,30
1781083615000,55223.2,55223.2,55223.2,55223.2,30
1781083630000,55233.6,55233.6,55223.2,55223.2,210
1781083635000,55234.4,55238.0,55225.6,55238.0,150
1781083640000,55230.2,55241.8,55230.2,55241.8,210
1781083645000,55233.2,55233.2,55233.2,55233.2,60
1781083650000,55232.0,55232.0,55232.0,55232.0,30
1781083660000,55232.0,55232.0,55220.0,55220.0,450
1781083670000,55215.4,55223.6,55215.4,55223.6,510
1781083675000,55228.2,55240.0,55228.2,55240.0,2760
1781083680000,55220.2,55220.2,55220.2,55220.2,120
1781083690000,55243.0,55243.0,55243.0,55243.0,60
1781083695000,55243.0,55243.0,55242.4,55242.4,180
1781083700000,55225.6,55238.2,55225.6,55238.2,300
1781083715000,55238.2,55238.2,55238.2,55238.2,60
1781083720000,55238.2,55238.2,55238.2,55238.2,30
1781083725000,55238.2,55238.2,55238.2,55238.2,90
1781083730000,55240.4,55240.4,55240.4,55240.4,30
1781083735000,55241.0,55242.0,55230.0,55242.0,540
1781083740000,55230.4,55230.4,55230.4,55230.4,30
1781083745000,55239.2,55241.2,55239.2,55241.2,90
1781083750000,55241.2,55241.2,55241.2,55241.2,30
1781083755000,55220.0,55220.0,55215.4,55215.4,240
1781083760000,55229.0,55229.0,55206.6,55206.6,60
1781083765000,55215.0,55215.0,55215.0,55215.0,30
1781083770000,55230.2,55240.0,55230.2,55240.0,2160
1781083775000,55240.0,55240.0,55240.0,55240.0,30
1781083780000,55243.0,55243.0,55243.0,55243.0,30
1781083790000,55244.0,55244.0,55244.0,55244.0,90
1781083795000,55244.4,55245.2,55240.0,55240.0,660
1781083800000,55225.0,55225.0,55200.0,55200.0,1830
1781083805000,55213.0,55230.4,55213.0,55230.4,2760
1781083810000,55231.6,55232.6,55207.8,55207.8,1410
1781083815000,55230.0,55230.0,55230.0,55230.0,1800
1781083820000,55239.4,55240.0,55210.0,55210.0,2730
1781083825000,55229.8,55239.4,55229.8,55236.4,2520
1781083830000,55245.0,55245.0,55245.0,55245.0,30
1781083840000,55240.0,55248.0,55240.0,55248.0,90
1781083845000,55227.2,55227.2,55227.2,55227.2,30
1781083850000,55227.4,55227.4,55227.4,55227.4,30
1781083855000,55240.0,55240.0,55240.0,55240.0,60
1781083860000,55240.0,55240.0,55240.0,55240.0,690
1781083865000,55240.0,55240.0,55230.0,55230.0,810
1781083870000,55230.0,55230.0,55230.0,55230.0,60
1781083885000,55240.0,55240.0,55240.0,55240.0,30
1781083890000,55240.0,55240.0,55240.0,55240.0,90
1781083895000,55238.6,55238.6,55232.0,55235.0,2490
1781083900000,55238.0,55238.0,55235.6,55235.8,2700
1781083905000,55236.8,55237.2,55220.0,55237.2,1410
1781083910000,55221.2,55235.0,55221.2,55235.0,90
1781083915000,55240.0,55240.0,55239.2,55239.2,450
1781083920000,55240.0,55240.0,55240.0,55240.0,210
1781083925000,55242.0,55242.0,55242.0,55242.0,60
1781083930000,55231.4,55231.4,55231.4,55231.4,30
1781083935000,55242.0,55242.0,55242.0,55242.0,30
1781083940000,55240.0,55241.0,55240.0,55241.0,90
1781083945000,55240.0,55240.0,55232.8,55232.8,240
1781083950000,55239.8,55239.8,55233.0,55239.6,1290
1781083955000,55238.0,55238.2,55237.4,55238.2,2130
1781083960000,55220.2,55233.4,55220.2,55233.4,1050
1781083965000,55236.0,55239.0,55236.0,55239.0,3180
1781083970000,55239.4,55240.0,55239.0,55240.0,2490
1781083975000,55238.4,55240.0,55238.4,55240.0,1020
1781083980000,55223.2,55239.6,55223.2,55239.2,1890
1781083985000,55240.0,55240.0,55239.4,55240.0,510
1781083990000,55239.6,55239.6,55239.2,55239.2,900
1781083995000,55239.6,55239.6,55239.6,55239.6,30
1781084005000,55239.0,55239.0,55239.0,55239.0,30
1781084010000,55220.0,55220.0,55214.2,55214.8,750
1781084015000,55220.0,55228.6,55220.0,55228.6,3180
1781084020000,55230.0,55240.0,55208.6,55240.0,2880
1781084025000,55240.0,55240.0,55237.4,55237.4,390
1781084030000,55225.6,55225.6,55225.6,55225.6,60
1781084035000,55225.0,55225.2,55225.0,55225.2,660
1781084040000,55226.6,55226.6,55225.2,55225.8,510
1781084045000,55220.0,55220.0,55220.0,55220.0,60
1781084055000,55240.0,55240.0,55238.8,55240.0,1380
1781084060000,55241.4,55241.6,55241.4,55241.6,180
1781084070000,55216.6,55216.6,55216.6,55216.6,30
1781084075000,55215.4,55239.4,55215.4,55239.4,90
1781084080000,55216.6,55216.6,55216.6,55216.6,150
1781084090000,55230.0,55230.0,55230.0,55230.0,60
1781084095000,55230.8,55230.8,55230.8,55230.8,510
1781084100000,55235.8,55239.2,55210.2,55239.2,2340
1781084105000,55215.4,55240.0,55215.4,55240.0,960
1781084110000,55240.0,55240.0,55239.8,55240.0,570
1781084120000,55233.6,55233.6,55221.2,55221.2,60
1781084125000,55207.2,55207.2,55207.2,55207.2,300
1781084130000,55207.4,55207.4,55207.4,55207.4,30
1781084140000,55207.2,55207.2,55203.6,55203.6,90
1781084145000,55203.8,55203.8,55203.6,55203.6,120
1781084150000,55203.8,55203.8,55203.8,55203.8,90
1781084160000,55200.0,55203.8,55200.0,55200.0,90
1781084165000,55200.0,55203.0,55200.0,55203.0,60
1781084170000,55202.6,55202.6,55202.6,55202.6,30
1781084175000,55233.0,55239.8,55233.0,55238.8,1770
1781084180000,55212.0,55238.6,55212.0,55238.6,600
1781084185000,55240.0,55240.0,55239.0,55239.0,1530
1781084190000,55240.0,55240.0,55239.8,55239.8,1080
1781084195000,55238.2,55240.0,55210.4,55240.0,1980
1781084200000,55239.6,55240.0,55239.4,55239.4,1410
1781084205000,55220.0,55239.0,55220.0,55239.0,1590
1781084210000,55210.2,55210.2,55210.2,55210.2,30
1781084215000,55207.2,55207.2,55207.2,55207.2,150
1781084220000,55210.0,55210.0,55210.0,55210.0,30
1781084225000,55207.0,55207.0,55207.0,55207.0,30
1781084230000,55208.6,55208.6,55200.0,55205.2,270
1781084235000,55205.4,55205.4,55200.0,55200.0,360
1781084240000,55210.0,55212.8,55210.0,55212.8,1350
1781084245000,55214.8,55221.6,55214.8,55221.6,2730
1781084250000,55221.8,55223.6,55221.8,55222.0,3150
1781084255000,55220.6,55222.6,55220.6,55222.6,1860
1781084260000,55190.0,55190.0,55184.2,55184.2,750
1781084265000,55180.2,55180.2,55180.2,55180.2,60
1781084270000,55180.2,55209.4,55180.2,55209.4,90
1781084275000,55180.6,55190.0,55180.6,55190.0,60
1781084280000,55180.2,55180.2,55180.2,55180.2,30
1781084285000,55217.6,55218.2,55217.6,55218.2,1410
1781084290000,55220.2,55220.2,55218.8,55219.8,660
1781084295000,55197.2,55200.0,55197.2,55200.0,90
1781084300000,55220.0,55220.0,55205.6,55205.6,60
1781084305000,55197.2,55197.2,55197.2,55197.2,60
1781084310000,55205.0,55205.0,55205.0,55205.0,30
1781084315000,55210.0,55210.0,55210.0,55210.0,30
1781084320000,55210.0,55210.0,55200.0,55210.0,2820
1781084325000,55230.4,55239.2,55209.6,55209.6,2880
1781084330000,55240.0,55240.0,55204.8,55240.0,1170
1781084335000,55240.0,55240.0,55208.4,55208.4,240
1781084345000,55203.8,55203.8,55203.8,55203.8,30
1781084365000,55230.0,55230.0,55220.0,55220.0,120
1781084370000,55220.0,55235.8,55220.0,55235.8,1440
1781084375000,55240.0,55240.0,55240.0,55240.0,2010
1781084380000,55239.0,55240.0,55238.0,55238.0,630
1781084385000,55240.0,55240.0,55240.0,55240.0,210
1781084405000,55220.2,55232.0,55220.2,55232.0,150
1781084410000,55220.0,55220.2,55220.0,55220.2,90
1781084415000,55238.2,55238.2,55238.2,55238.2,30
1781084420000,55203.0,55206.4,55203.0,55206.4,480
1781084425000,55203.0,55228.4,55203.0,55226.6,1410
1781084430000,55231.6,55233.8,55231.6,55233.8,3180
1781084435000,55240.0,55240.0,55234.6,55240.0,960
1781084440000,55240.0,55240.0,55239.8,55239.8,1350
1781084445000,55233.6,55233.6,55215.0,55215.0,60
1781084450000,55200.0,55200.0,55200.0,55200.0,1410
1781084455000,55196.0,55196.0,55194.4,55194.4,90
1781084460000,55191.0,55191.0,55190.0,55190.0,60
1781084465000,55190.0,55210.4,55190.0,55210.4,930
1781084470000,55211.2,55218.0,55211.2,55218.0,3270
1781084475000,55219.4,55222.0,55219.4,55222.0,2730
1781084480000,55222.0,55224.8,55222.0,55224.6,2280
1781084485000,55191.2,55223.4,55191.2,55223.4,840
1781084490000,55225.0,55229.8,55225.0,55229.8,2790
1781084495000,55231.2,55233.6,55228.2,55233.2,3150
1781084500000,55230.2,55230.8,55222.2,55222.2,930
1781084515000,55200.6,55200.6,55200.6,55200.6,60
1781084525000,55210.0,55210.0,55210.0,55210.0,30
1781084535000,55210.0,55210.0,55210.0,55210.0,30
1781084540000,55210.0,55210.0,55210.0,55210.0,120
1781084545000,55217.8,55217.8,55217.8,55217.8,90
1781084555000,55210.0,55210.0,55210.0,55210.0,60
1781084560000,55201.4,55201.4,55194.2,55194.2,750
1781084565000,55194.0,55194.0,55194.0,55194.0,330
1781084570000,55193.6,55194.2,55190.0,55190.0,600
1781084580000,55186.0,55190.0,55186.0,55190.0,330
1781084585000,55190.0,55190.0,55190.0,55190.0,30
1781084590000,55190.0,55190.0,55186.0,55186.0,120
1781084595000,55190.0,55190.0,55190.0,55190.0,60
1781084600000,55186.0,55186.0,55185.0,55185.0,210
1781084605000,55180.0,55185.0,55180.0,55185.0,120
1781084610000,55180.0,55185.0,55180.0,55180.0,690
1781084615000,55180.4,55180.4,55180.4,55180.4,30
1781084620000,55180.0,55180.0,55175.0,55178.0,1350
1781084625000,55175.0,55186.2,55170.0,55184.8,1050
1781084630000,55175.0,55175.2,55160.2,55160.2,300
1781084635000,55180.0,55180.0,55170.0,55170.0,150
1781084640000,55160.2,55185.2,55160.0,55160.0,120
1781084645000,55160.0,55168.8,55160.0,55160.0,270
1781084650000,55160.0,55160.0,55152.0,55160.0,270
1781084655000,55151.6,55151.6,55151.4,55151.4,90
1781084660000,55160.0,55169.8,55160.0,55169.8,120
1781084665000,55169.8,55169.8,55151.4,55151.4,540
1781084675000,55158.6,55165.0,55158.6,55165.0,60
1781084680000,55169.8,55169.8,55169.8,55169.8,30
1781084685000,55169.8,55169.8,55158.6,55158.6,150
1781084690000,55169.2,55169.2,55155.0,55155.0,180
1781084695000,55151.4,55155.0,55151.4,55155.0,90
1781084700000,55151.4,55154.8,55150.0,55150.0,1410
1781084705000,55138.0,55154.4,55135.0,55135.0,1800
1781084710000,55134.0,55134.0,55134.0,55134.0,420
1781084715000,55133.0,55148.8,55133.0,55135.0,210
1781084720000,55135.8,55135.8,55135.2,55135.2,90
1781084725000,55135.0,55150.0,55135.0,55135.0,150
1781084730000,55130.0,55150.0,55130.0,55150.0,510
1781084735000,55159.0,55159.0,55159.0,55159.0,60
1781084740000,55150.0,55150.0,55150.0,55150.0,30
1781084745000,55150.0,55154.0,55147.4,55154.0,420
1781084750000,55153.4,55153.4,55147.2,55147.2,90
1781084755000,55147.2,55147.2,55142.2,55142.2,60
1781084760000,55141.6,55142.4,55139.0,55139.0,210
1781084765000,55141.6,55141.6,55135.0,55139.0,210
1781084770000,55142.2,55142.2,55130.0,55141.6,390
1781084780000,55128.0,55142.8,55126.0,55126.0,2520
1781084785000,55144.6,55144.6,55125.0,55130.0,3360
1781084790000,55125.0,55145.2,55125.0,55144.6,2790
1781084795000,55144.4,55144.4,55141.2,55142.6,2790
1781084800000,55126.2,55148.8,55126.2,55148.8,2790
1781084805000,55148.0,55152.6,55148.0,55152.6,3210
1781084810000,55152.8,55157.4,55130.2,55130.2,1500
1781084815000,55130.2,55155.6,55126.2,55126.2,2550
1781084820000,55162.4,55180.0,55162.4,55180.0,3270
1781084825000,55143.2,55187.0,55143.2,55180.0,3360
1781084830000,55184.2,55184.2,55150.0,55181.4,1770
1781084835000,55189.4,55189.4,55177.0,55185.0,3270
1781084840000,55153.0,55188.4,55153.0,55186.2,4230
1781084845000,55186.8,55189.6,55186.8,55189.6,2940
1781084850000,55144.0,55144.0,55140.2,55140.2,630
1781084855000,55152.0,55152.0,55152.0,55152.0,90
1781084860000,55174.2,55174.2,55174.2,55174.2,30
1781084865000,55171.6,55178.0,55171.6,55178.0,120
1781084870000,55174.2,55174.2,55174.2,55174.2,60
1781084875000,55174.6,55174.6,55158.2,55158.2,120
1781084880000,55168.4,55168.4,55152.0,55152.0,240
1781084885000,55150.6,55150.6,55145.4,55145.4,240
1781084890000,55145.4,55145.4,55145.0,55145.0,120
1781084895000,55142.4,55142.4,55142.4,55142.4,30
1781084900000,55142.4,55142.4,55142.4,55142.4,60
1781084905000,55142.0,55142.0,55142.0,55142.0,90
1781084910000,55142.4,55142.4,55142.0,55142.0,90
1781084915000,55142.4,55142.4,55142.4,55142.4,90
1781084920000,55142.4,55142.4,55142.0,55142.2,270
1781084925000,55140.2,55141.8,55135.0,55141.8,360
1781084930000,55141.8,55141.8,55141.8,55141.8,30
1781084935000,55140.2,55140.2,55132.0,55132.0,60
1781084940000,55131.6,55131.6,55131.6,55131.6,30
1781084945000,55130.2,55130.2,55130.2,55130.2,120
1781084950000,55125.8,55130.2,55125.8,55130.2,840
1781084955000,55158.2,55170.6,55158.2,55170.6,1800
1781084960000,55164.4,55174.6,55146.2,55146.2,3270
1781084965000,55186.6,55193.4,55186.6,55193.0,2910
1781084970000,55200.0,55202.4,55192.6,55192.6,1350
1781084975000,55200.0,55200.0,55200.0,55200.0,60
1781084980000,55192.6,55200.0,55190.0,55200.0,150
1781084985000,55200.0,55200.0,55200.0,55200.0,240
1781084990000,55200.0,55205.2,55200.0,55205.2,60
1781084995000,55205.0,55205.0,55193.0,55195.8,180
1781085000000,55193.2,55193.2,55192.0,55192.0,90
1781085005000,55196.0,55196.0,55190.8,55190.8,120
1781085010000,55190.8,55190.8,55190.8,55190.8,180
1781085015000,55190.8,55190.8,55190.8,55190.8,30
1781085020000,55192.0,55192.0,55188.2,55188.2,210
1781085025000,55188.0,55188.0,55180.0,55180.0,480
1781085035000,55180.0,55180.0,55180.0,55180.0,30
1781085040000,55180.0,55180.0,55179.8,55179.8,60
1781085045000,55180.0,55180.0,55170.0,55170.0,150
1781085050000,55174.4,55174.4,55168.8,55168.8,360
1781085055000,55168.8,55168.8,55160.0,55160.0,390
1781085060000,55156.2,55156.2,55156.2,55156.2,60
1781085065000,55156.4,55156.4,55154.0,55154.0,270
1781085070000,55156.2,55156.2,55153.6,55153.6,90
1781085075000,55152.0,55152.0,55145.4,55145.4,1080
1781085080000,55150.0,55150.0,55150.0,55150.0,120
1781085085000,55146.0,55146.0,55146.0,55146.0,90
1781085090000,55150.0,55150.0,55150.0,55150.0,90
1781085095000,55146.4,55150.0,55146.0,55146.0,510
1781085100000,55150.0,55150.0,55146.0,55149.4,480
1781085105000,55146.0,55146.2,55146.0,55146.2,300
1781085110000,55149.8,55149.8,55145.0,55145.0,330
1781085115000,55140.0,55140.2,55140.0,55140.2,270
1781085120000,55140.0,55140.0,55138.6,55138.6,420
1781085125000,55138.8,55151.2,55135.0,55151.2,1140
1781085130000,55132.0,55160.6,55132.0,55160.6,2850
1781085135000,55145.6,55169.6,55145.6,55169.6,3060
1781085140000,55173.6,55179.4,55173.6,55179.4,2760
1781085145000,55144.0,55150.0,55144.0,55150.0,120
1781085150000,55150.0,55150.0,55150.0,55150.0,60
1781085155000,55140.4,55150.0,55140.4,55150.0,60
1781085160000,55150.0,55150.0,55150.0,55150.0,90
1781085165000,55150.0,55150.0,55150.0,55150.0,30
1781085170000,55142.0,55150.0,55142.0,55150.0,180
1781085175000,55142.4,55145.0,55142.4,55145.0,180
1781085180000,55142.2,55142.2,55142.0,55142.0,90
1781085185000,55150.0,55150.0,55150.0,55150.0,30
1781085190000,55150.0,55172.8,55150.0,55150.0,3480
1781085195000,55179.4,55182.6,55179.4,55182.6,3090
1781085200000,55181.4,55186.0,55181.4,55183.4,3330
1781085205000,55181.8,55181.8,55152.6,55152.6,570
1781085210000,55151.2,55155.0,55151.2,55151.2,180
1781085215000,55150.0,55150.0,55150.0,55150.0,30
1781085220000,55150.0,55182.8,55150.0,55182.8,2100
1781085225000,55183.2,55184.4,55180.6,55184.4,2790
1781085230000,55183.6,55188.0,55183.6,55188.0,3270
1781085235000,55188.6,55190.0,55188.6,55190.0,2610
1781085240000,55156.4,55156.4,55156.4,55156.4,60
1781085245000,55155.2,55180.2,55155.2,55180.2,270
1781085255000,55160.0,55160.0,55160.0,55160.0,120
1781085265000,55155.4,55155.4,55155.4,55155.4,60
1781085270000,55155.4,55180.0,55155.4,55180.0,150
1781085275000,55159.6,55159.6,55159.6,55159.6,330
1781085280000,55179.8,55179.8,55179.8,55179.8,90
1781085285000,55180.0,55200.0,55180.0,55200.0,2700
1781085290000,55200.0,55204.0,55200.0,55204.0,120
1781085295000,55197.4,55197.4,55180.0,55180.0,300
1781085300000,55180.0,55186.4,55180.0,55183.8,690
1781085305000,55210.8,55210.8,55184.2,55184.2,90
1781085310000,55213.8,55213.8,55213.8,55213.8,30
1781085315000,55215.2,55215.2,55215.2,55215.2,120
1781085320000,55195.2,55215.0,55195.2,55215.0,90
1781085325000,55225.6,55225.6,55219.8,55219.8,2250
1781085330000,55219.8,55219.8,55219.8,55219.8,2490
1781085335000,55223.8,55223.8,55219.8,55219.8,570
1781085340000,55222.6,55223.6,55219.8,55223.6,360
1781085345000,55219.8,55219.8,55219.8,55219.8,480
1781085350000,55222.6,55223.0,55219.8,55219.8,240
1781085360000,55219.8,55219.8,55219.8,55219.8,630
1781085365000,55223.0,55223.0,55220.2,55220.2,240
1781085370000,55219.8,55225.0,55219.8,55220.0,540
1781085375000,55223.8,55223.8,55219.8,55219.8,150
1781085380000,55220.6,55221.0,55220.6,55221.0,870
1781085385000,55219.8,55221.2,55219.8,55221.2,180
1781085390000,55219.8,55226.0,55219.8,55226.0,1770
1781085395000,55226.0,55226.0,55226.0,55226.0,1320
1781085400000,55226.0,55226.0,55226.0,55226.0,1560
1781085405000,55226.0,55226.0,55226.0,55226.0,1500
1781085410000,55226.0,55226.0,55226.0,55226.0,120
1781085415000,55227.6,55227.6,55227.6,55227.6,150
1781085420000,55226.0,55226.0,55226.0,55226.0,180
1781085425000,55227.6,55227.6,55226.0,55227.6,120
1781085430000,55228.0,55228.0,55226.0,55226.0,690
1781085435000,55226.0,55226.0,55226.0,55226.0,480
1781085440000,55226.0,55226.0,55226.0,55226.0,960
1781085445000,55226.0,55228.6,55226.0,55228.6,270
1781085450000,55228.6,55228.6,55226.8,55228.0,180
1781085455000,55226.8,55233.0,55226.8,55233.0,1890
1781085460000,55232.4,55239.4,55232.4,55239.4,510
1781085465000,55234.4,55234.4,55232.4,55232.4,330
1781085470000,55237.0,55237.0,55237.0,55237.0,900
1781085475000,55234.4,55234.6,55232.2,55232.2,210
1781085480000,55236.2,55236.2,55210.0,55210.0,1590
1781085485000,55230.2,55230.2,55230.2,55230.2,120
1781085490000,55200.0,55225.0,55200.0,55225.0,750
1781085495000,55224.0,55224.0,55224.0,55224.0,30
1781085500000,55223.6,55223.6,55223.4,55223.4,240
1781085505000,55223.4,55224.0,55217.0,55223.4,1020
1781085510000,55223.4,55225.0,55223.4,55225.0,390
1781085515000,55223.6,55225.0,55223.6,55223.8,240
1781085520000,55223.2,55224.0,55223.2,55224.0,210
1781085525000,55223.2,55223.2,55223.2,55223.2,840
1781085530000,55200.2,55225.0,55200.0,55200.0,330
1781085540000,55219.8,55219.8,55206.0,55209.2,150
1781085545000,55220.0,55223.2,55220.0,55223.2,180
1781085550000,55222.6,55222.6,55220.0,55220.0,420
1781085555000,55220.0,55220.0,55220.0,55220.0,450
1781085560000,55209.0,55209.0,55209.0,55209.0,210
1781085565000,55210.0,55218.0,55210.0,55218.0,180
1781085570000,55212.6,55215.0,55212.6,55215.0,510
1781085575000,55210.0,55219.2,55210.0,55210.2,180
1781085580000,55219.4,55219.4,55210.0,55210.0,690
1781085585000,55214.8,55219.0,55209.2,55219.0,420
1781085590000,55214.8,55214.8,55205.2,55205.2,90
1781085595000,55205.2,55220.0,55205.2,55210.0,150
1781149500000,54999.6,54999.6,54960.6,54980.0,1980
1781149505000,54960.8,54976.0,54941.2,54941.2,3270
1781149510000,54986.2,54986.2,54950.2,54971.2,2580
1781149515000,54979.0,54985.0,54951.0,54951.0,930
1781149520000,54952.0,54968.8,54950.0,54951.0,1290
1781149525000,54951.0,54967.4,54951.0,54951.0,630
1781149530000,54970.8,54978.0,54951.0,54978.0,1260
1781149535000,54977.6,54989.8,54969.4,54969.4,2040
1781149540000,54999.8,54999.8,54991.4,54991.4,1320
1781149545000,54987.0,54987.2,54977.2,54983.8,420
1781149550000,54983.6,54983.6,54980.0,54983.4,240
1781149555000,54969.4,54981.0,54969.4,54969.6,870
1781149560000,54951.0,54951.0,54921.0,54921.0,3960
1781149565000,54920.0,54929.2,54905.0,54905.0,1020
1781149570000,54905.0,54906.8,54900.2,54900.2,690
1781149575000,54900.0,54919.4,54900.0,54919.4,690
1781149580000,54941.0,54941.0,54915.4,54936.4,360
1781149585000,54912.4,54948.0,54912.4,54930.4,780
1781149590000,54915.4,54940.0,54915.2,54915.2,150
1781149595000,54920.0,54960.0,54920.0,54960.0,600
1781149600000,54961.0,54961.0,54948.0,54948.0,570
1781149605000,54948.0,54970.0,54948.0,54970.0,510
1781149610000,54950.0,54970.0,54948.0,54948.0,960
1781149615000,54940.6,54947.0,54938.6,54947.0,1290
1781149620000,54949.4,54950.6,54925.0,54949.0,300
1781149625000,54927.0,54941.0,54925.0,54941.0,840
1781149630000,54920.0,54920.0,54916.0,54920.0,330
1781149635000,54949.0,54949.0,54916.0,54916.0,1110
1781149640000,54920.0,54930.0,54920.0,54930.0,210
1781149645000,54920.0,54939.0,54916.2,54920.2,510
1781149650000,54920.0,54920.0,54920.0,54920.0,120
1781149655000,54920.0,54925.8,54920.0,54925.8,390
1781149660000,54916.0,54922.8,54915.4,54915.4,450
1781149665000,54920.0,54925.0,54920.0,54920.0,1200
1781149670000,54923.6,54947.2,54922.6,54922.6,360
1781149675000,54947.6,54947.6,54933.8,54933.8,570
1781149680000,54978.8,54980.0,54978.8,54980.0,180
1781149685000,54980.0,54999.0,54980.0,54999.0,720
1781149690000,55020.0,55039.2,55020.0,55039.0,810
1781149695000,55030.0,55030.0,55024.2,55024.2,840
1781149700000,55035.6,55050.0,55035.6,55050.0,930
1781149705000,55045.0,55048.8,55044.6,55044.6,660
1781149710000,55045.0,55072.2,55045.0,55065.2,1770
1781149715000,55064.6,55064.6,55037.8,55039.4,1170
1781149720000,55034.2,55034.2,55001.2,55001.2,1260
1781149725000,54990.0,55008.4,54990.0,55008.4,810
1781149730000,55010.0,55018.6,55010.0,55018.6,420
1781149735000,55025.0,55027.2,55025.0,55027.2,270
1781149740000,55023.8,55023.8,55020.0,55023.8,570
1781149745000,55027.2,55027.2,55004.2,55004.2,390
1781149750000,55020.0,55025.0,55012.4,55012.4,510
1781149755000,55040.0,55052.4,55040.0,55042.4,390
1781149760000,55046.6,55054.4,55046.6,55054.4,330
1781149765000,55053.4,55056.4,55050.0,55050.0,1500
1781149770000,55049.8,55050.6,55022.8,55050.6,360
1781149775000,55045.8,55051.4,55045.8,55051.4,420
1781149780000,55020.8,55051.8,55020.8,55046.4,720
1781149785000,55051.8,55053.2,55025.0,55025.0,300
1781149790000,55047.4,55047.4,55040.8,55045.2,120
1781149795000,55021.4,55070.0,55021.4,55069.8,390
1781149800000,55045.2,55052.6,55045.2,55047.2,960
1781149805000,55055.0,55058.0,55055.0,55058.0,180
1781149810000,55050.4,55073.0,55050.4,55071.8,240
1781149815000,55060.8,55060.8,55030.4,55030.4,870
1781149820000,55025.0,55047.2,55025.0,55034.6,360
1781149825000,55044.2,55051.4,55035.0,55035.0,690
1781149830000,55035.0,55050.0,55035.0,55050.0,570
1781149835000,55050.0,55050.0,55049.8,55050.0,120
1781149840000,55040.0,55059.8,55040.0,55050.0,180
1781149845000,55060.0,55065.0,55050.0,55050.0,510
1781149850000,55071.2,55075.0,55068.8,55075.0,180
1781149855000,55081.0,55087.0,55070.8,55070.8,810
1781149860000,55085.0,55085.0,55070.8,55070.8,540
1781149865000,55080.0,55086.8,55080.0,55086.8,360
1781149870000,55090.0,55090.0,55080.0,55080.0,180
1781149875000,55080.0,55086.4,55080.0,55086.4,150
1781149880000,55082.2,55082.2,55076.0,55076.0,1530
1781149885000,55090.0,55090.0,55090.0,55090.0,60
1781149890000,55093.8,55095.0,55090.0,55090.0,540
1781149895000,55099.0,55100.0,55095.0,55095.0,750
1781149900000,55099.8,55110.0,55095.0,55110.0,1050
1781149905000,55100.0,55120.0,55100.0,55120.0,150
1781149910000,55120.0,55121.0,55110.0,55111.0,210
1781149915000,55112.2,55112.2,55112.0,55112.2,1020
1781149920000,55115.4,55121.0,55114.0,55121.0,600
1781149925000,55124.0,55124.4,55120.0,55123.0,300
1781149930000,55121.8,55121.8,55120.0,55120.0,300
1781149935000,55120.0,55124.0,55120.0,55124.0,570
1781149940000,55098.6,55098.6,55080.0,55080.0,1500
1781149945000,55063.4,55097.6,55060.4,55085.0,2370
1781149950000,55084.4,55084.6,55065.0,55079.2,330
1781149960000,55069.2,55079.2,55069.2,55069.2,660
1781149965000,55065.0,55100.0,55065.0,55100.0,210
1781149970000,55085.0,55085.0,55085.0,55085.0,30
1781149975000,55070.0,55090.0,55065.2,55090.0,210
1781149980000,55080.0,55099.8,55071.2,55099.8,210
1781149985000,55100.0,55115.0,55100.0,55115.0,660
1781149990000,55115.0,55115.0,55115.0,55115.0,30
1781149995000,55107.4,55119.0,55107.4,55119.0,120
1781150000000,55123.0,55123.0,55123.0,55123.0,690
1781150005000,55123.0,55132.0,55123.0,55132.0,630
1781150010000,55106.8,55138.0,55106.8,55120.0,270
1781150015000,55136.4,55145.8,55136.4,55145.8,420
1781150020000,55134.4,55135.0,55110.0,55135.0,420
1781150025000,55134.6,55136.2,55133.4,55136.2,360
1781150030000,55124.2,55124.2,55105.6,55105.6,1830
1781150035000,55106.0,55115.8,55105.6,55115.8,510
1781150040000,55100.0,55103.6,55090.0,55103.6,330
1781150045000,55090.0,55100.0,55080.0,55080.0,360
1781150050000,55100.0,55100.0,55076.4,55100.0,120
1781150055000,55082.0,55082.0,55082.0,55082.0,30
1781150060000,55080.0,55080.0,55070.0,55077.4,240
1781150065000,55077.8,55077.8,55065.0,55070.0,360
1781150070000,55082.0,55082.0,55082.0,55082.0,30
1781150075000,55070.0,55082.0,55070.0,55082.0,180
1781150080000,55087.8,55087.8,55082.0,55082.0,60
1781150090000,55071.0,55071.0,55071.0,55071.0,60
1781150095000,55065.0,55065.0,55065.0,55065.0,30
1781150100000,55065.0,55074.8,55065.0,55074.8,390
1781150105000,55071.0,55071.0,55071.0,55071.0,30
1781150110000,55084.6,55084.6,55072.0,55072.0,120
1781150115000,55072.0,55080.0,55072.0,55080.0,90
1781150120000,55080.0,55090.0,55080.0,55090.0,90
1781150130000,55072.0,55072.0,55072.0,55072.0,90
1781150135000,55082.8,55082.8,55082.8,55082.8,60
1781150140000,55071.0,55076.8,55071.0,55076.8,240
1781150145000,55074.6,55076.8,55074.6,55076.8,390
1781150150000,55061.0,55076.8,55061.0,55076.8,120
1781150155000,55076.8,55076.8,55076.8,55076.8,30
1781150165000,55071.8,55071.8,55071.8,55071.8,30
1781150170000,55060.2,55060.2,55060.0,55060.0,120
1781150175000,55060.0,55060.0,55060.0,55060.0,30
1781150180000,55065.0,55065.0,55065.0,55065.0,30
1781150185000,55065.0,55065.0,55065.0,55065.0,150
1781150190000,55065.0,55065.0,55065.0,55065.0,30
1781150195000,55069.8,55069.8,55069.8,55069.8,510
1781150200000,55070.0,55070.0,55058.0,55058.0,60
1781150205000,55051.0,55065.0,55050.0,55050.0,300
1781150210000,55050.0,55050.0,55050.0,55050.0,60
1781150215000,55050.0,55065.0,55050.0,55065.0,210
1781150220000,55060.0,55098.4,55060.0,55098.4,510
1781150225000,55099.0,55099.0,55099.0,55099.0,30
1781150230000,55093.4,55093.4,55080.2,55080.2,510
1781150235000,55051.0,55051.0,55051.0,55051.0,120
1781150245000,55052.0,55052.0,55052.0,55052.0,30
1781150250000,55050.0,55050.0,55050.0,55050.0,180
1781150255000,55025.0,55025.0,55020.2,55020.2,510
1781150260000,55040.6,55040.6,55030.2,55030.2,60
1781150265000,55025.0,55040.6,55025.0,55040.6,60
1781150270000,55040.6,55040.6,55040.6,55040.6,90
1781150275000,55050.0,55050.0,55050.0,55050.0,60
1781150280000,55028.4,55048.0,55028.4,55048.0,120
1781150285000,55050.0,55050.0,55034.6,55034.6,180
1781150290000,55055.0,55055.0,55055.0,55055.0,60
1781150295000,55068.0,55080.0,55045.0,55045.0,240
1781150300000,55045.0,55075.6,55045.0,55045.0,150
1781150305000,55045.2,55078.6,55045.0,55045.0,120
1781150310000,55080.0,55081.0,55080.0,55081.0,150
1781150315000,55079.2,55079.2,55079.2,55079.2,30
1781150320000,55055.6,55055.6,55055.6,55055.6,30
1781150325000,55080.0,55085.0,55080.0,55085.0,150
1781150330000,55081.0,55090.0,55081.0,55090.0,600
1781150335000,55098.4,55105.0,55098.4,55105.0,2010
1781150340000,55100.8,55100.8,55100.0,55100.0,240
1781150345000,55098.6,55098.6,55098.6,55098.6,240
1781150350000,55100.0,55102.2,55099.6,55102.2,810
1781150355000,55100.0,55100.0,55100.0,55100.0,60
1781150360000,55102.2,55108.0,55100.0,55108.0,300
1781150365000,55115.0,55120.0,55108.0,55108.0,120
1781150370000,55119.8,55119.8,55116.6,55116.6,90
1781150375000,55120.0,55120.0,55120.0,55120.0,180
1781150380000,55116.6,55120.0,55116.6,55120.0,60
1781150385000,55120.0,55120.0,55100.0,55100.0,510
1781150390000,55087.4,55100.4,55087.4,55100.4,330
1781150400000,55071.2,55071.2,55071.2,55071.2,360
1781150410000,55090.0,55090.0,55090.0,55090.0,300
1781150415000,55080.0,55080.0,55080.0,55080.0,210
1781150425000,55080.0,55080.0,55080.0,55080.0,30
1781150430000,55080.0,55080.2,55080.0,55080.2,90
1781150435000,55071.6,55075.0,55070.0,55075.0,4770
1781150440000,55075.0,55075.0,55073.6,55073.6,2160
1781150445000,55075.0,55075.0,55075.0,55075.0,1200
1781150450000,55053.6,55053.6,55053.6,55053.6,90
1781150455000,55050.2,55050.2,55050.2,55050.2,540
1781150460000,55060.0,55060.0,55060.0,55060.0,120
1781150465000,55063.0,55063.0,55063.0,55063.0,30
1781150470000,55055.0,55055.0,55055.0,55055.0,90
1781150480000,55060.0,55060.0,55060.0,55060.0,30
1781150490000,55055.0,55066.8,55055.0,55066.8,60
1781150495000,55065.2,55065.2,55050.0,55060.0,1620
1781150500000,55060.0,55060.0,55060.0,55060.0,900
1781150505000,55060.0,55060.0,55040.0,55040.0,330
1781150510000,55030.0,55030.0,55030.0,55030.0,30
1781150515000,55040.0,55060.0,55040.0,55060.0,120
1781150520000,55051.4,55069.0,55051.4,55069.0,150
1781150525000,55050.2,55050.2,55050.2,55050.2,30
1781150530000,55053.0,55053.0,55053.0,55053.0,30
1781150535000,55080.0,55080.0,55080.0,55080.0,60
1781150545000,55089.0,55089.0,55089.0,55089.0,60
1781150550000,55087.0,55087.0,55087.0,55087.0,30
1781150555000,55087.0,55089.0,55087.0,55089.0,90
1781150560000,55098.0,55098.0,55089.0,55089.0,60
1781150565000,55087.0,55087.0,55080.0,55080.0,150
1781150570000,55087.0,55087.0,55087.0,55087.0,90
1781150580000,55075.2,55075.2,55075.2,55075.2,690
1781150585000,55072.8,55072.8,55072.8,55072.8,150
1781150590000,55063.0,55063.0,55051.0,55051.0,270
1781150595000,55057.2,55057.2,55057.2,55057.2,540
1781150600000,55050.0,55050.0,55050.0,55050.0,30
1781150605000,55050.0,55050.0,55050.0,55050.0,30
1781150615000,55040.0,55040.0,55040.0,55040.0,300
1781150620000,55031.2,55042.2,55031.2,55041.2,330
1781150625000,55041.0,55041.0,55041.0,55041.0,30
1781150630000,55041.2,55041.2,55041.2,55041.2,60
1781150635000,55041.2,55041.2,55041.2,55041.2,900
1781150640000,55036.0,55036.0,55025.0,55025.0,420
1781150645000,55040.8,55043.0,55040.8,55043.0,1020
1781150650000,55040.0,55040.0,55040.0,55040.0,480
1781150655000,55057.0,55057.0,55056.4,55056.4,90
1781150660000,55057.0,55057.0,55055.6,55055.6,90
1781150665000,55056.6,55056.6,55056.6,55056.6,150
1781150670000,55025.0,55025.0,55025.0,55025.0,90
1781150675000,55057.8,55058.2,55057.0,55058.2,720
1781150680000,55058.2,55058.2,55057.0,55057.0,90
1781150685000,55057.0,55060.6,55057.0,55060.6,60
1781150690000,55065.0,55065.0,55065.0,55065.0,30
1781150695000,55060.0,55060.0,55060.0,55060.0,30
1781150700000,55070.0,55070.0,55060.0,55060.0,630
1781150705000,55060.0,55070.0,55060.0,55070.0,60
1781150710000,55075.0,55075.0,55050.0,55050.0,1080
1781150720000,55047.8,55075.8,55047.8,55075.8,150
1781150725000,55075.8,55075.8,55066.0,55066.0,420
1781150735000,55057.6,55057.6,55057.6,55057.6,30
1781150740000,55051.0,55057.6,55050.0,55050.0,480
1781150745000,55050.0,55062.4,55050.0,55062.4,450
1781150750000,55050.0,55050.0,55050.0,55050.0,120
1781150760000,55040.0,55050.0,55031.0,55050.0,240
1781150765000,55036.8,55036.8,55036.8,55036.8,90
1781150770000,55076.0,55080.0,55076.0,55080.0,330
1781150775000,55080.0,55080.0,55080.0,55080.0,30
1781150780000,55088.0,55088.0,55074.8,55074.8,180
1781150790000,55077.0,55077.0,55077.0,55077.0,30
1781150800000,55080.0,55080.0,55080.0,55080.0,30
1781150805000,55088.0,55088.0,55088.0,55088.0,600
1781150810000,55084.0,55084.0,55084.0,55084.0,30
1781150815000,55089.0,55095.0,55089.0,55095.0,60
1781150820000,55089.0,55090.0,55089.0,55090.0,150
1781150825000,55092.0,55110.0,55092.0,55110.0,510
1781150830000,55114.2,55114.2,55108.8,55108.8,120
1781150835000,55109.4,55109.4,55100.6,55100.6,120
1781150840000,55097.6,55104.4,55097.6,55104.4,240
1781150845000,55104.4,55104.4,55104.4,55104.4,120
1781150855000,55101.2,55115.0,55101.2,55115.0,120
1781150860000,55121.0,55125.0,55121.0,55125.0,1440
1781150865000,55135.8,55135.8,55135.8,55135.8,360
1781150870000,55148.0,55148.0,55135.8,55135.8,510
1781150875000,55134.8,55139.2,55134.2,55136.4,180
1781150880000,55140.2,55140.2,55139.2,55139.2,390
1781150885000,55140.2,55141.4,55140.2,55141.4,180
1781150890000,55141.8,55141.8,55139.2,55139.2,120
1781150895000,55143.6,55143.6,55126.0,55126.0,480
1781150900000,55140.6,55143.4,55140.6,55143.4,750
1781150905000,55126.0,55126.0,55125.0,55125.0,420
1781150910000,55148.0,55148.0,55148.0,55148.0,30
1781150915000,55148.0,55158.8,55148.0,55158.8,1410
1781150920000,55156.8,55156.8,55134.0,55134.0,330
1781150925000,55150.0,55150.0,55150.0,55150.0,60
1781150930000,55140.6,55145.6,55130.0,55130.0,180
1781150935000,55149.8,55149.8,55140.6,55140.6,90
1781150940000,55131.6,55148.0,55131.6,55140.0,150
1781150945000,55139.0,55148.0,55139.0,55148.0,90
1781150950000,55150.0,55150.0,55150.0,55150.0,60
1781150955000,55168.0,55168.0,55161.6,55161.6,840
1781150960000,55161.4,55161.4,55161.4,55161.4,30
1781150965000,55160.0,55161.4,55160.0,55161.4,60
1781150970000,55161.6,55174.2,55160.0,55174.2,300
1781150975000,55164.0,55180.0,55161.4,55176.0,270
1781150980000,55180.0,55180.0,55166.0,55166.0,360
1781150985000,55175.0,55175.0,55173.8,55173.8,510
1781150990000,55170.8,55174.6,55166.0,55174.6,480
1781150995000,55173.8,55175.0,55173.8,55175.0,300
1781151000000,55184.0,55188.0,55180.4,55188.0,510
1781151005000,55185.8,55185.8,55167.6,55167.6,570
1781151010000,55163.0,55163.0,55151.0,55161.0,420
1781151015000,55150.8,55162.4,55150.8,55158.6,660
1781151020000,55130.0,55151.0,55130.0,55150.6,120
1781151025000,55130.0,55130.0,55130.0,55130.0,30
1781151030000,55130.0,55130.0,55130.0,55130.0,30
1781151035000,55146.4,55146.4,55146.4,55146.4,60
1781151045000,55145.0,55145.0,55145.0,55145.0,30
1781151055000,55132.0,55132.0,55122.0,55122.0,570
1781151060000,55115.0,55115.0,55115.0,55115.0,90
1781151065000,55101.4,55101.4,55101.4,55101.4,90
1781151070000,55100.0,55103.6,55100.0,55103.6,180
1781151085000,55100.0,55100.0,55100.0,55100.0,120
1781151090000,55107.4,55107.4,55106.8,55106.8,60
1781151095000,55124.0,55124.0,55124.0,55124.0,60
1781151105000,55098.4,55124.0,55098.4,55124.0,60
1781151135000,55130.0,55130.0,55106.8,55106.8,450
1781151140000,55120.0,55120.0,55120.0,55120.0,30
1781151145000,55101.4,55101.4,55101.4,55101.4,30
1781151150000,55107.8,55107.8,55106.2,55106.2,120
1781151165000,55106.0,55106.0,55106.0,55106.0,60
1781151180000,55106.0,55106.0,55106.0,55106.0,30
1781151190000,55120.0,55124.0,55120.0,55124.0,90
1781151195000,55140.0,55146.8,55140.0,55146.8,120
1781151200000,55147.0,55160.0,55147.0,55160.0,210
1781151205000,55166.0,55170.0,55166.0,55170.0,60
1781151210000,55150.2,55150.2,55150.2,55150.2,60
1781151220000,55179.8,55188.0,55179.8,55188.0,180
1781151225000,55190.0,55199.0,55190.0,55199.0,330
1781151230000,55197.2,55200.0,55197.2,55200.0,660
1781151235000,55200.0,55200.0,55185.6,55185.6,630
1781151240000,55200.0,55200.0,55196.2,55196.2,120
1781151245000,55196.2,55196.2,55196.0,55196.0,60
1781151250000,55186.0,55200.0,55186.0,55200.0,120
1781151255000,55185.2,55185.2,55185.2,55185.2,30
1781151260000,55200.0,55200.0,55181.2,55192.0,480
1781151265000,55192.2,55200.0,55191.0,55200.0,810
1781151270000,55201.0,55215.0,55201.0,55215.0,840
1781151275000,55220.0,55220.0,55196.0,55200.0,510
1781151280000,55220.0,55220.0,55220.0,55220.0,90
1781151285000,55225.0,55225.0,55225.0,55225.0,120
1781151290000,55230.0,55230.0,55220.0,55225.0,180
1781151295000,55228.2,55229.6,55228.2,55229.6,240
1781151300000,55225.0,55225.0,55225.0,55225.0,30
1781151305000,55201.0,55210.0,55200.2,55200.2,330
1781151310000,55228.8,55229.0,55228.8,55229.0,90
1781151315000,55210.2,55230.4,55210.2,55229.8,300
1781151320000,55230.0,55235.0,55225.0,55233.2,150
1781151325000,55235.0,55235.0,55231.0,55231.0,180
1781151330000,55230.8,55230.8,55210.0,55210.0,60
1781151340000,55216.0,55216.0,55201.0,55201.0,180
1781151350000,55216.0,55216.0,55207.8,55207.8,150
1781151355000,55222.0,55222.0,55200.2,55200.2,150
1781151360000,55220.0,55220.0,55220.0,55220.0,30
1781151365000,55206.2,55207.0,55206.2,55207.0,60
1781151370000,55200.2,55200.2,55200.2,55200.2,30
1781151385000,55220.6,55220.6,55203.0,55203.0,240
1781151390000,55203.0,55203.0,55203.0,55203.0,30
1781151395000,55218.2,55220.0,55218.2,55220.0,120
1781151405000,55224.0,55224.0,55224.0,55224.0,30
1781151410000,55221.0,55240.0,55221.0,55240.0,510
1781151415000,55248.8,55248.8,55248.8,55248.8,1110
1781151420000,55249.0,55250.0,55230.0,55230.0,630
1781151425000,55250.0,55250.0,55248.0,55250.0,270
1781151430000,55249.4,55250.0,55230.0,55250.0,240
1781151435000,55245.0,55245.0,55234.4,55245.0,150
1781151440000,55245.0,55245.0,55245.0,55245.0,30
1781151445000,55245.0,55245.0,55245.0,55245.0,60
1781151450000,55245.0,55245.0,55245.0,55245.0,90
1781151460000,55235.0,55243.4,55235.0,55235.0,120
1781151465000,55230.0,55230.0,55230.0,55230.0,90
1781151470000,55245.0,55245.0,55220.0,55243.4,300
1781151475000,55245.0,55245.0,55245.0,55245.0,60
1781151480000,55225.0,55245.0,55225.0,55243.6,90
1781151485000,55225.0,55229.4,55225.0,55229.4,420
1781151490000,55230.0,55230.0,55230.0,55230.0,30
1781151495000,55223.0,55223.0,55223.0,55223.0,420
1781151500000,55223.0,55223.0,55223.0,55223.0,180
1781151510000,55223.0,55223.0,55223.0,55223.0,30
1781151515000,55220.0,55220.0,55210.0,55210.0,150
1781151520000,55210.0,55220.0,55210.0,55220.0,150
1781151525000,55220.0,55220.0,55220.0,55220.0,30
1781151530000,55201.0,55211.0,55201.0,55211.0,150
1781151535000,55211.0,55211.0,55211.0,55211.0,30
1781151540000,55218.4,55220.0,55201.0,55220.0,90
1781151545000,55229.4,55229.4,55229.4,55229.4,570
1781151550000,55235.0,55235.0,55235.0,55235.0,150
1781151555000,55220.0,55220.0,55205.2,55205.2,120
1781151560000,55218.4,55238.0,55218.4,55238.0,60
1781151575000,55234.0,55248.0,55234.0,55240.0,1320
1781151580000,55240.0,55250.0,55240.0,55250.0,150
1781151585000,55250.0,55250.0,55250.0,55250.0,60
1781151590000,55250.0,55250.0,55249.4,55249.4,120
1781151595000,55240.0,55240.0,55240.0,55240.0,30
1781151600000,55240.0,55242.8,55240.0,55242.8,210
1781151605000,55250.0,55250.0,55242.8,55250.0,150
1781151610000,55244.0,55249.4,55230.0,55230.0,420
1781151615000,55225.0,55225.0,55225.0,55225.0,30
1781151620000,55249.4,55249.4,55225.0,55225.0,120
1781151625000,55249.0,55249.0,55249.0,55249.0,90
1781151630000,55225.0,55249.0,55225.0,55249.0,60
1781151635000,55228.8,55228.8,55228.8,55228.8,30
1781151645000,55249.4,55266.0,55249.4,55258.0,2670
1781151650000,55274.0,55274.0,55258.0,55258.0,120
1781151655000,55274.0,55274.0,55258.6,55258.8,90
1781151660000,55275.0,55275.0,55269.0,55269.0,150
1781151665000,55269.0,55275.0,55269.0,55275.0,60
1781151670000,55275.0,55275.0,55275.0,55275.0,30
1781151675000,55276.0,55290.0,55275.0,55290.0,1200
1781151680000,55290.0,55290.0,55275.0,55275.0,210
1781151685000,55285.0,55290.0,55285.0,55290.0,240
1781151690000,55281.6,55288.4,55281.6,55285.0,210
1781151695000,55290.0,55290.0,55290.0,55290.0,60
1781151700000,55290.0,55290.0,55290.0,55290.0,30
1781151705000,55290.0,55290.0,55289.0,55289.0,180
1781151710000,55289.0,55289.8,55280.0,55280.0,270
1781151715000,55289.0,55289.8,55289.0,55289.8,210
1781151720000,55289.8,55290.0,55289.8,55290.0,360
1781151725000,55290.0,55290.0,55290.0,55290.0,540
1781151730000,55290.0,55294.0,55290.0,55290.0,480
1781151735000,55299.0,55299.0,55281.2,55281.2,750
1781151740000,55290.0,55292.2,55285.8,55292.2,180
1781151745000,55299.0,55299.0,55299.0,55299.0,30
1781151750000,55299.0,55299.0,55299.0,55299.0,30
1781151755000,55292.2,55292.2,55292.2,55292.2,30
1781151760000,55292.2,55299.0,55289.8,55299.0,240
1781151765000,55314.8,55329.0,55304.6,55329.0,3480
1781151770000,55343.0,55350.0,55343.0,55344.8,1860
1781151775000,55330.6,55344.0,55330.6,55340.0,240
1781151780000,55340.0,55340.0,55329.0,55329.0,210
1781151785000,55329.0,55340.0,55329.0,55329.0,450
1781151790000,55344.0,55345.8,55344.0,55345.8,390
1781151795000,55350.0,55350.0,55330.0,55330.0,210
1781151800000,55349.0,55349.0,55340.0,55340.0,270
1781151805000,55329.0,55339.8,55329.0,55339.8,90
1781151810000,55328.2,55350.0,55317.6,55350.0,900
1781151815000,55330.0,55349.8,55330.0,55349.8,120
1781151820000,55330.0,55340.0,55330.0,55340.0,120
1781151825000,55345.0,55349.0,55345.0,55349.0,90
1781151830000,55349.0,55349.0,55326.6,55345.0,300
1781151835000,55349.0,55349.0,55328.8,55330.4,120
1781151840000,55328.0,55345.0,55328.0,55345.0,510
1781151845000,55334.0,55334.0,55331.0,55334.0,210
1781151850000,55333.2,55337.0,55333.2,55334.0,180
1781151855000,55339.0,55339.0,55337.0,55337.0,60
1781151860000,55337.0,55340.0,55335.0,55335.0,270
1781151865000,55337.2,55337.2,55327.0,55327.0,450
1781151870000,55311.0,55311.0,55311.0,55311.0,60
1781151875000,55329.8,55337.0,55311.0,55337.0,1050
1781151880000,55311.0,55329.0,55311.0,55327.2,630
1781151885000,55327.0,55327.0,55320.4,55320.4,330
1781151890000,55290.0,55304.8,55290.0,55304.8,150
1781151895000,55278.6,55293.8,55278.6,55293.8,120
1781151900000,55293.8,55293.8,55293.8,55293.8,30
1781151905000,55294.0,55294.0,55294.0,55294.0,120
1781151910000,55285.0,55285.0,55270.0,55270.0,540
1781151915000,55270.0,55284.0,55270.0,55270.0,780
1781151920000,55283.8,55283.8,55270.0,55270.0,270
1781151925000,55268.4,55268.4,55267.6,55267.6,90
1781151930000,55260.0,55260.0,55260.0,55260.0,180
1781151935000,55252.0,55252.0,55252.0,55252.0,120
1781151940000,55260.0,55265.0,55260.0,55265.0,480
1781151950000,55267.6,55270.0,55267.6,55270.0,360
1781151960000,55280.0,55285.4,55280.0,55285.4,930
1781151965000,55289.6,55289.6,55289.6,55289.6,180
1781151970000,55294.0,55294.0,55289.8,55289.8,240
1781151975000,55287.4,55289.6,55287.4,55289.6,60
1781151980000,55289.6,55289.6,55289.6,55289.6,60
1781151985000,55289.8,55289.8,55289.8,55289.8,120
1781151990000,55290.0,55300.0,55290.0,55300.0,630
1781151995000,55307.0,55312.2,55307.0,55312.2,240
1781152000000,55289.6,55300.0,55289.6,55300.0,90
1781152005000,55300.0,55300.0,55299.2,55299.2,210
1781152010000,55285.4,55285.4,55285.4,55285.4,30
1781152015000,55285.4,55288.4,55275.0,55275.0,840
1781152020000,55277.0,55277.0,55270.0,55270.0,330
1781152025000,55255.0,55255.0,55255.0,55255.0,30
1781152030000,55255.0,55260.0,55255.0,55260.0,150
1781152035000,55260.0,55260.0,55260.0,55260.0,30
1781152040000,55260.0,55260.0,55260.0,55260.0,30
1781152045000,55274.0,55274.0,55274.0,55274.0,180
1781152050000,55267.4,55267.4,55267.4,55267.4,60
1781152055000,55260.0,55260.0,55260.0,55260.0,60
1781152060000,55260.0,55260.0,55252.0,55252.0,210
1781152065000,55250.0,55250.4,55250.0,55250.4,360
1781152070000,55235.0,55235.0,55235.0,55235.0,360
1781152075000,55235.2,55236.2,55235.2,55236.2,510
1781152080000,55231.2,55231.2,55207.6,55207.6,630
1781152085000,55207.6,55207.6,55207.6,55207.6,150
1781152090000,55207.6,55208.0,55200.0,55208.0,540
1781152095000,55208.0,55209.4,55200.0,55204.0,720
1781152100000,55204.2,55204.2,55194.0,55194.0,420
1781152105000,55198.6,55198.6,55192.2,55192.2,330
1781152110000,55186.0,55191.2,55186.0,55191.2,90
1781152115000,55192.2,55192.2,55184.0,55184.0,150
1781152120000,55191.0,55191.0,55190.0,55190.0,60
1781152125000,55184.0,55184.0,55184.0,55184.0,30
1781152130000,55185.0,55185.0,55184.0,55184.0,210
1781152135000,55184.0,55188.4,55184.0,55188.4,60
1781152140000,55188.4,55189.0,55184.0,55184.0,240
1781152145000,55190.0,55190.0,55181.0,55181.0,120
1781152150000,55181.0,55181.0,55181.0,55181.0,60
1781152155000,55181.0,55184.0,55180.0,55180.0,180
1781152160000,55180.0,55180.0,55180.0,55180.0,30
1781152165000,55181.0,55182.0,55181.0,55182.0,90
1781152170000,55182.0,55185.0,55182.0,55185.0,150
1781152175000,55181.0,55190.0,55181.0,55190.0,60
1781152180000,55185.0,55185.0,55184.4,55185.0,510
1781152185000,55180.0,55180.0,55180.0,55180.0,30
1781152190000,55179.6,55179.6,55160.2,55160.2,480
1781152195000,55162.8,55162.8,55162.6,55162.6,90
1781152200000,55185.0,55185.0,55178.8,55178.8,240
1781152205000,55192.0,55198.0,55185.0,55185.0,90
1781152215000,55175.4,55175.4,55175.4,55175.4,30
1781152225000,55190.0,55190.0,55190.0,55190.0,60
1781152230000,55189.8,55190.0,55189.8,55190.0,60
1781152235000,55197.0,55209.0,55190.2,55209.0,420
1781152240000,55225.0,55225.0,55225.0,55225.0,60
1781152245000,55205.6,55205.6,55205.6,55205.6,30
1781152250000,55205.4,55224.8,55205.4,55224.8,90
1781152260000,55225.0,55225.0,55225.0,55225.0,90
1781152265000,55229.6,55229.6,55229.6,55229.6,30
1781152270000,55235.2,55235.2,55235.2,55235.2,60
1781152275000,55240.4,55240.4,55229.6,55229.6,270
1781152280000,55230.0,55238.6,55229.6,55229.6,390
1781152285000,55235.4,55235.4,55232.6,55232.6,60
1781152290000,55241.0,55241.0,55241.0,55241.0,30
1781152295000,55237.6,55237.6,55237.6,55237.6,30
1781152300000,55225.0,55235.4,55225.0,55235.4,120
1781152305000,55220.0,55220.0,55200.0,55200.0,240
1781152315000,55217.8,55217.8,55217.8,55217.8,210
1781152320000,55201.0,55201.0,55201.0,55201.0,60
1781152325000,55200.0,55200.0,55198.4,55198.4,120
1781152340000,55193.4,55193.4,55193.4,55193.4,60
1781152345000,55188.0,55188.0,55188.0,55188.0,60
1781152350000,55180.0,55180.0,55180.0,55180.0,90
1781152355000,55180.0,55180.0,55180.0,55180.0,30
1781152360000,55185.0,55185.0,55185.0,55185.0,60
1781152370000,55185.0,55185.0,55185.0,55185.0,30
1781152380000,55185.0,55200.0,55185.0,55200.0,210
1781152390000,55200.0,55200.0,55200.0,55200.0,30
1781152395000,55194.0,55194.0,55182.2,55182.2,60
1781152400000,55182.2,55182.2,55182.2,55182.2,30
1781152405000,55180.2,55180.2,55180.2,55180.2,300
1781152410000,55189.8,55189.8,55189.8,55189.8,60
1781152415000,55199.0,55199.0,55199.0,55199.0,30
1781152425000,55189.0,55189.0,55184.4,55184.4,180
1781152430000,55185.8,55185.8,55175.0,55175.0,240
1781152435000,55176.0,55176.0,55176.0,55176.0,30
1781152440000,55170.0,55170.0,55170.0,55170.0,30
1781152445000,55170.0,55170.0,55170.0,55170.0,60
1781152450000,55171.0,55171.0,55171.0,55171.0,60
1781152455000,55170.0,55170.0,55170.0,55170.0,30
1781152460000,55170.0,55176.0,55170.0,55176.0,90
1781152465000,55162.8,55162.8,55162.8,55162.8,420
1781152470000,55175.0,55175.0,55175.0,55175.0,30
1781152480000,55165.0,55175.0,55165.0,55175.0,90
1781152490000,55160.2,55163.2,55160.2,55163.2,90
1781152495000,55169.0,55169.0,55163.2,55163.2,150
1781152500000,55163.2,55163.2,55158.0,55158.0,990
1781152505000,55160.2,55160.2,55129.8,55130.0,3000
1781152515000,55125.0,55139.0,55125.0,55139.0,120
1781152520000,55128.0,55140.0,55128.0,55140.0,60
1781152525000,55140.0,55140.0,55140.0,55140.0,150
1781152530000,55140.0,55163.0,55140.0,55163.0,60
1781152535000,55137.2,55137.2,55136.8,55136.8,60
1781152540000,55163.2,55163.2,55163.2,55163.2,60
1781152560000,55150.0,55150.0,55150.0,55150.0,30
1781152565000,55169.0,55188.8,55169.0,55188.8,210
1781152570000,55199.0,55199.0,55188.0,55188.0,90
1781152575000,55191.0,55191.0,55191.0,55191.0,60
1781152580000,55200.0,55220.0,55200.0,55220.0,90
1781152585000,55194.0,55194.0,55194.0,55194.0,150
1781152590000,55220.0,55220.0,55220.0,55220.0,30
1781152595000,55220.0,55222.0,55220.0,55222.0,60
1781152600000,55224.0,55224.0,55224.0,55224.0,30
1781152610000,55230.0,55230.0,55222.0,55222.0,60
1781152620000,55215.0,55215.0,55200.0,55200.0,90
1781152625000,55205.0,55205.0,55205.0,55205.0,30
1781152630000,55200.0,55209.4,55200.0,55209.4,360
1781152640000,55209.4,55209.4,55209.4,55209.4,90
1781152645000,55209.4,55209.4,55200.6,55200.6,90
1781152655000,55230.0,55230.0,55230.0,55230.0,60
1781152665000,55240.0,55240.0,55240.0,55240.0,30
1781152680000,55240.0,55240.0,55240.0,55240.0,30
1781152685000,55216.4,55218.8,55216.4,55218.8,60
1781152690000,55240.0,55244.0,55240.0,55244.0,150
1781152695000,55223.8,55240.0,55223.8,55240.0,90
1781152700000,55249.0,55249.0,55249.0,55249.0,180
1781152705000,55233.4,55250.0,55233.4,55250.0,90
1781152710000,55255.4,55255.4,55255.4,55255.4,60
1781152715000,55265.0,55265.0,55265.0,55265.0,60
1781152720000,55250.0,55256.0,55250.0,55256.0,120
1781152735000,55250.0,55265.0,55250.0,55265.0,60
1781152740000,55284.6,55284.6,55284.6,55284.6,450
1781152745000,55284.0,55284.0,55250.0,55250.0,90
1781152755000,55250.0,55250.0,55250.0,55250.0,30
1781152760000,55277.4,55277.4,55277.4,55277.4,30
1781152775000,55242.0,55242.0,55242.0,55242.0,30
1781152785000,55240.0,55240.0,55240.0,55240.0,540
1781152795000,55240.8,55240.8,55240.8,55240.8,30
1781152810000,55240.0,55240.0,55240.0,55240.0,30
1781152815000,55260.0,55260.0,55260.0,55260.0,90
1781152820000,55241.0,55241.0,55241.0,55241.0,30
1781152830000,55260.0,55260.0,55260.0,55260.0,360
1781152835000,55276.0,55276.0,55276.0,55276.0,30
1781152840000,55257.2,55257.2,55257.2,55257.2,60
1781152845000,55249.6,55249.6,55249.6,55249.6,120
1781152860000,55250.0,55250.0,55250.0,55250.0,60
1781152870000,55270.0,55270.0,55270.0,55270.0,30
1781152880000,55276.0,55276.0,55276.0,55276.0,60
1781152885000,55276.0,55276.0,55276.0,55276.0,90
1781152890000,55276.0,55276.0,55270.0,55270.0,60
1781152895000,55270.0,55270.0,55270.0,55270.0,30
1781152905000,55270.0,55277.0,55270.0,55270.0,90
1781152910000,55270.0,55270.0,55270.0,55270.0,90
1781152920000,55270.0,55275.0,55270.0,55275.0,60
1781152925000,55280.0,55285.0,55280.0,55285.0,510
1781152940000,55270.0,55270.0,55270.0,55270.0,30
1781152945000,55260.2,55276.2,55260.2,55276.2,120
1781152960000,55277.0,55277.0,55277.0,55277.0,30
1781152970000,55266.4,55266.4,55266.4,55266.4,30
1781152975000,55259.4,55259.4,55259.4,55259.4,150
1781152980000,55263.2,55263.2,55255.2,55255.2,60
1781152990000,55255.2,55255.2,55255.2,55255.2,90
1781152995000,55255.2,55257.4,55255.2,55255.2,90
1781153000000,55255.2,55255.2,55255.2,55255.2,60
1781153015000,55276.6,55276.6,55276.6,55276.6,30
1781153030000,55275.4,55275.4,55272.2,55272.2,60
1781153035000,55256.0,55256.0,55256.0,55256.0,30
1781153040000,55256.0,55256.0,55256.0,55256.0,30
1781153050000,55265.8,55265.8,55265.8,55265.8,30
1781153055000,55256.0,55256.0,55256.0,55256.0,30
1781153060000,55256.0,55256.0,55256.0,55256.0,30
1781153065000,55256.0,55256.0,55256.0,55256.0,90
1781153070000,55258.8,55258.8,55255.0,55255.0,60
1781153075000,55256.0,55256.0,55255.0,55255.0,120
1781153080000,55255.0,55255.0,55255.0,55255.0,30
1781153085000,55255.0,55255.0,55212.6,55212.6,600
1781153090000,55212.6,55212.6,55212.6,55212.6,30
1781153105000,55229.8,55229.8,55229.8,55229.8,30
1781153120000,55241.6,55241.6,55241.6,55241.6,30
1781153130000,55216.2,55216.2,55216.2,55216.2,30
1781153140000,55229.8,55229.8,55229.8,55229.8,90
1781153160000,55251.0,55251.0,55251.0,55251.0,30
1781153165000,55233.4,55233.4,55233.4,55233.4,30
1781153170000,55251.0,55251.0,55251.0,55251.0,60
1781153175000,55251.0,55251.0,55250.0,55250.0,180
1781153185000,55255.0,55255.0,55255.0,55255.0,30
1781153190000,55260.0,55260.0,55260.0,55260.0,30
1781153195000,55264.8,55264.8,55264.8,55264.8,30
1781153200000,55275.0,55275.0,55275.0,55275.0,60
1781153205000,55275.0,55275.0,55275.0,55275.0,30
1781153210000,55275.0,55275.0,55275.0,55275.0,120
1781153215000,55271.0,55271.0,55271.0,55271.0,30
1781153230000,55275.0,55275.0,55275.0,55275.0,30
1781153235000,55275.0,55275.0,55260.0,55260.0,420
1781153265000,55267.0,55267.0,55266.0,55266.0,90
1781153275000,55278.2,55278.2,55278.2,55278.2,30
1781153285000,55280.0,55280.0,55280.0,55280.0,30
1781153290000,55260.8,55260.8,55260.8,55260.8,60
1781153295000,55250.0,55250.0,55250.0,55250.0,150
1781153305000,55251.0,55251.0,55251.0,55251.0,30
1781153310000,55240.0,55256.6,55240.0,55256.6,90
1781153315000,55230.2,55230.2,55230.2,55230.2,30
1781153320000,55256.6,55256.6,55256.6,55256.6,60
1781153325000,55266.8,55266.8,55266.8,55266.8,30
1781153330000,55277.2,55277.2,55277.2,55277.2,30
1781153335000,55259.2,55259.2,55259.2,55259.2,30
1781153340000,55280.0,55280.0,55266.8,55280.0,90
1781153345000,55280.0,55280.0,55266.8,55280.0,120
1781153355000,55280.0,55284.8,55280.0,55284.8,90
1781153365000,55285.0,55285.0,55285.0,55285.0,60
1781153375000,55280.0,55280.0,55280.0,55280.0,30
1781153385000,55284.8,55284.8,55280.0,55280.0,60
1781153390000,55285.0,55285.0,55285.0,55285.0,30
1781153395000,55290.0,55290.0,55290.0,55290.0,210
1781153400000,55290.8,55294.0,55290.8,55294.0,1170
1781153410000,55295.0,55295.0,55295.0,55295.0,30
1781153415000,55295.0,55300.0,55295.0,55300.0,210
1781153420000,55299.0,55299.0,55299.0,55299.0,30
1781153425000,55294.0,55294.0,55294.0,55294.0,300
1781153430000,55295.0,55295.0,55295.0,55295.0,30
1781153435000,55280.0,55280.0,55280.0,55280.0,60
1781153445000,55295.0,55300.0,55295.0,55300.0,600
1781153450000,55302.0,55318.0,55298.8,55298.8,240
1781153455000,55320.0,55320.0,55308.0,55308.0,60
1781153460000,55299.4,55319.8,55299.4,55319.8,90
1781153465000,55317.2,55317.2,55317.2,55317.2,60
1781153470000,55301.0,55310.0,55301.0,55310.0,150
1781153485000,55285.2,55285.2,55285.2,55285.2,60
1781153490000,55310.0,55310.0,55300.0,55300.0,60
1781153495000,55285.2,55285.2,55285.2,55285.2,30
1781153500000,55285.2,55285.2,55279.0,55279.0,210
1781153505000,55280.0,55280.0,55280.0,55280.0,30
1781153510000,55275.0,55287.6,55275.0,55287.6,120
1781153515000,55275.0,55275.0,55275.0,55275.0,150
1781153520000,55284.6,55284.6,55284.6,55284.6,30
1781153525000,55284.0,55284.0,55284.0,55284.0,30
1781153535000,55285.0,55295.0,55284.0,55284.0,120
1781153540000,55299.2,55299.2,55299.2,55299.2,150
1781153545000,55284.0,55284.0,55284.0,55284.0,150
1781153560000,55284.0,55284.0,55284.0,55284.0,60
1781153565000,55262.6,55262.6,55262.6,55262.6,30
1781153585000,55262.6,55262.6,55262.6,55262.6,60
1781153595000,55275.0,55294.2,55275.0,55294.2,120
1781153605000,55293.4,55293.4,55293.4,55293.4,60
1781153610000,55291.8,55291.8,55291.8,55291.8,30
1781153615000,55290.6,55290.6,55270.0,55270.0,240
1781153630000,55264.0,55264.0,55264.0,55264.0,30
1781153655000,55265.0,55284.2,55265.0,55284.2,90
1781153660000,55264.2,55264.2,55260.0,55260.0,330
1781153665000,55269.2,55269.2,55250.0,55250.0,450
1781153670000,55273.8,55273.8,55273.8,55273.8,30
1781153675000,55274.4,55274.4,55274.4,55274.4,30
1781153680000,55244.2,55262.6,55244.2,55262.6,90
1781153685000,55244.0,55244.0,55244.0,55244.0,30
1781153695000,55236.2,55236.2,55236.2,55236.2,60
1781153700000,55240.2,55240.2,55240.2,55240.2,30
1781153705000,55240.0,55240.0,55240.0,55240.0,30
1781153725000,55244.2,55260.0,55241.4,55260.0,150
1781153730000,55250.0,55252.0,55244.0,55252.0,90
1781153735000,55249.4,55265.0,55249.4,55265.0,150
1781153740000,55250.2,55250.2,55250.2,55250.2,30
1781153745000,55260.0,55260.0,55260.0,55260.0,30
1781153750000,55260.2,55260.2,55260.0,55260.0,60
1781153755000,55252.0,55252.0,55252.0,55252.0,30
1781153760000,55270.0,55270.0,55252.2,55252.2,120
1781153765000,55255.8,55255.8,55255.8,55255.8,30
1781153770000,55263.0,55263.0,55255.0,55255.0,90
1781153775000,55270.0,55290.0,55258.6,55290.0,120
1781153780000,55257.0,55257.0,55257.0,55257.0,30
1781153785000,55274.4,55290.0,55266.0,55266.0,90
1781153790000,55266.6,55285.2,55266.6,55285.2,60
1781153795000,55290.0,55293.4,55281.8,55293.4,120
1781153800000,55289.0,55289.0,55282.4,55282.4,60
1781153805000,55282.0,55300.0,55282.0,55300.0,420
1781153810000,55304.0,55304.0,55281.8,55283.8,90
1781153815000,55281.6,55310.0,55281.6,55310.0,150
1781153820000,55285.0,55285.0,55285.0,55285.0,30
1781153825000,55285.4,55310.0,55284.8,55310.0,120
1781153830000,55310.0,55310.0,55310.0,55310.0,60
1781153835000,55310.0,55310.0,55309.8,55309.8,60
1781153840000,55301.6,55301.6,55294.6,55294.6,180
1781153845000,55310.0,55310.0,55310.0,55310.0,30
1781153850000,55310.4,55310.4,55297.4,55310.0,210
1781153855000,55297.4,55297.4,55297.4,55297.4,60
1781153860000,55297.4,55297.4,55297.4,55297.4,120
1781153865000,55297.0,55310.0,55297.0,55298.0,570
1781153870000,55299.0,55310.4,55299.0,55310.4,60
1781153875000,55305.2,55319.8,55305.2,55319.8,420
1781153880000,55319.8,55324.6,55319.8,55324.6,870
1781153885000,55315.0,55315.0,55315.0,55315.0,30
1781153890000,55319.8,55319.8,55315.0,55315.0,90
1781153895000,55315.0,55315.0,55315.0,55315.0,240
1781153900000,55299.0,55299.0,55299.0,55299.0,30
1781153905000,55283.8,55300.0,55283.8,55300.0,150
1781153910000,55283.8,55283.8,55283.8,55283.8,30
1781153915000,55291.4,55291.4,55284.6,55284.6,60
1781153920000,55286.4,55289.6,55286.4,55289.6,90
1781153925000,55282.8,55295.0,55282.8,55295.0,60
1781153930000,55295.0,55295.0,55295.0,55295.0,120
1781153935000,55284.6,55299.0,55284.6,55299.0,60
1781153940000,55300.0,55300.0,55300.0,55300.0,60
1781153945000,55282.6,55282.6,55280.0,55280.0,90
1781153950000,55309.8,55309.8,55282.2,55308.8,210
1781153955000,55287.0,55299.8,55287.0,55299.8,60
1781153960000,55282.4,55282.4,55282.4,55282.4,30
1781153965000,55293.8,55298.6,55293.8,55298.6,60
1781153970000,55306.0,55313.0,55298.2,55313.0,150
1781153975000,55302.4,55313.0,55302.4,55311.0,120
1781153980000,55301.8,55301.8,55301.8,55301.8,30
1781153985000,55301.0,55301.0,55300.0,55300.0,60
1781153990000,55300.0,55300.0,55291.6,55300.0,150
1781153995000,55297.2,55297.2,55290.4,55290.4,150
1781154000000,55300.0,55300.0,55299.6,55300.0,390
1781154005000,55297.6,55297.6,55291.8,55291.8,60
1781154010000,55320.0,55320.0,55308.8,55308.8,90
1781154015000,55313.2,55313.2,55313.2,55313.2,30
1781154020000,55301.0,55320.0,55301.0,55320.0,180
1781154025000,55320.0,55320.0,55320.0,55320.0,90
1781154030000,55321.0,55321.0,55290.0,55290.0,60
1781154035000,55282.0,55282.0,55282.0,55282.0,30
1781154040000,55280.4,55291.4,55280.4,55291.4,60
1781154045000,55265.8,55265.8,55265.8,55265.8,360
1781154050000,55266.6,55266.6,55263.2,55263.2,90
1781154055000,55266.0,55266.0,55266.0,55266.0,30
1781154060000,55265.0,55265.0,55255.6,55255.6,90
1781154065000,55255.0,55261.0,55255.0,55261.0,60
1781154070000,55283.0,55283.0,55258.0,55280.6,120
1781154075000,55257.0,55257.0,55257.0,55257.0,30
1781154080000,55257.0,55257.0,55257.0,55257.0,30
1781154085000,55257.6,55257.6,55257.6,55257.6,60
1781154090000,55257.0,55257.0,55257.0,55257.0,30
1781154095000,55270.0,55270.0,55270.0,55270.0,150
1781154100000,55257.6,55257.6,55257.6,55257.6,30
1781154105000,55257.4,55257.4,55257.0,55257.0,60
1781154110000,55260.2,55260.2,55259.0,55259.0,60
1781154115000,55257.6,55257.6,55257.6,55257.6,30
1781154120000,55261.4,55261.4,55258.4,55258.4,90
1781154125000,55258.6,55258.6,55258.6,55258.6,30
1781154130000,55258.6,55258.6,55258.6,55258.6,90
1781154135000,55259.6,55287.0,55259.6,55282.2,90
1781154140000,55258.6,55269.4,55258.6,55269.4,60
1781154145000,55265.0,55275.0,55259.0,55275.0,330
1781154150000,55259.6,55275.0,55259.6,55275.0,150
1781154155000,55275.0,55275.0,55275.0,55275.0,90
1781154160000,55260.0,55275.0,55260.0,55275.0,60
1781154165000,55261.2,55267.2,55261.2,55267.2,120
1781154170000,55275.0,55288.0,55275.0,55288.0,360
1781154175000,55286.6,55288.8,55286.6,55288.8,180
1781154180000,55275.0,55275.0,55275.0,55275.0,30
1781154185000,55270.0,55270.0,55270.0,55270.0,30
1781154190000,55263.2,55264.0,55263.2,55264.0,60
1781154195000,55265.4,55265.4,55265.4,55265.4,30
1781154200000,55261.0,55261.0,55261.0,55261.0,30
1781154205000,55259.0,55259.0,55258.0,55258.0,60
1781154210000,55265.6,55265.6,55265.6,55265.6,30
1781154215000,55261.2,55261.2,55260.2,55260.2,90
1781154220000,55260.8,55260.8,55260.8,55260.8,30
1781154225000,55265.4,55265.4,55260.6,55260.6,60
1781154230000,55270.2,55270.2,55270.2,55270.2,60
1781154235000,55295.0,55295.0,55295.0,55295.0,60
1781154240000,55267.8,55267.8,55267.8,55267.8,30
1781154245000,55267.8,55267.8,55267.8,55267.8,30
1781154250000,55268.8,55284.4,55268.8,55284.4,90
1781154255000,55284.4,55284.4,55284.4,55284.4,30
1781154260000,55284.4,55284.4,55284.4,55284.4,30
1781154265000,55290.8,55290.8,55284.4,55284.4,270
1781154270000,55268.0,55268.0,55268.0,55268.0,30
1781154275000,55279.4,55300.0,55279.4,55300.0,150
1781154285000,55267.8,55267.8,55267.8,55267.8,90
1781154290000,55269.4,55271.6,55269.4,55271.6,90
1781154295000,55268.0,55268.0,55268.0,55268.0,30
1781154300000,55272.0,55272.0,55271.0,55271.2,240
1781154305000,55300.0,55300.0,55276.4,55281.2,120
1781154310000,55286.2,55286.2,55286.2,55286.2,60
1781154325000,55300.0,55300.0,55300.0,55300.0,30
1781154330000,55300.0,55300.0,55300.0,55300.0,60
1781154340000,55308.0,55308.0,55294.4,55294.4,60
1781154345000,55309.4,55309.4,55309.4,55309.4,30
1781154350000,55300.0,55300.0,55300.0,55300.0,30
1781154355000,55280.0,55280.0,55280.0,55280.0,30
1781154375000,55275.0,55275.0,55275.0,55275.0,120
1781154380000,55275.0,55275.0,55275.0,55275.0,60
1781154405000,55273.0,55273.0,55273.0,55273.0,30
1781154420000,55271.0,55271.0,55271.0,55271.0,30
1781154440000,55274.0,55274.0,55274.0,55274.0,30
1781154455000,55280.0,55280.0,55280.0,55280.0,60
1781154475000,55274.0,55274.0,55270.0,55270.0,90
1781154490000,55270.0,55270.0,55270.0,55270.0,30
1781154500000,55285.0,55285.0,55285.0,55285.0,30
1781154515000,55271.0,55271.0,55271.0,55271.0,30
1781154520000,55270.0,55271.4,55270.0,55271.4,60
1781154530000,55285.0,55285.0,55285.0,55285.0,30
1781154550000,55271.0,55271.0,55271.0,55271.0,30
1781154555000,55290.0,55290.0,55290.0,55290.0,30
1781154565000,55290.0,55300.0,55290.0,55300.0,420
1781154570000,55283.8,55283.8,55283.8,55283.8,60
1781154575000,55276.0,55276.0,55276.0,55276.0,30
1781154580000,55300.0,55300.0,55300.0,55300.0,30
1781154585000,55300.0,55300.0,55300.0,55300.0,630
1781154590000,55310.0,55310.0,55310.0,55310.0,60
1781154595000,55283.8,55283.8,55283.8,55283.8,30
1781154610000,55285.2,55285.2,55285.2,55285.2,30
1781154630000,55300.0,55300.0,55300.0,55300.0,60
1781154640000,55300.0,55300.0,55300.0,55300.0,30
1781154645000,55300.0,55300.0,55300.0,55300.0,30
1781154655000,55310.0,55310.0,55310.0,55310.0,30
1781154665000,55310.0,55310.0,55310.0,55310.0,30
1781154670000,55301.2,55301.2,55301.2,55301.2,30
1781154680000,55301.0,55301.0,55301.0,55301.0,30
1781154705000,55300.0,55301.0,55300.0,55301.0,540
1781154710000,55290.0,55290.0,55287.0,55287.0,60
1781154720000,55259.2,55260.4,55259.2,55260.4,150
1781154730000,55271.4,55271.4,55271.4,55271.4,30
1781154740000,55261.2,55261.2,55261.2,55261.2,30
1781154750000,55262.0,55262.0,55262.0,55262.0,30
1781154760000,55262.2,55262.2,55262.2,55262.2,30
1781154775000,55300.0,55300.0,55300.0,55300.0,30
1781154780000,55285.0,55285.0,55285.0,55285.0,30
1781154790000,55300.0,55300.0,55300.0,55300.0,150
1781154795000,55285.0,55285.0,55285.0,55285.0,60
1781154830000,55285.0,55285.0,55285.0,55285.0,30
1781154835000,55285.0,55285.0,55285.0,55285.0,30
1781154855000,55285.0,55285.0,55285.0,55285.0,30
1781154860000,55299.0,55299.8,55299.0,55299.8,330
1781154865000,55300.0,55300.0,55300.0,55300.0,120
1781154870000,55300.0,55300.0,55300.0,55300.0,30
1781154875000,55300.0,55300.0,55285.0,55285.0,210
1781154880000,55300.0,55300.0,55300.0,55300.0,30
1781154895000,55291.0,55300.0,55291.0,55300.0,90
1781154900000,55313.0,55313.0,55313.0,55313.0,150
1781154905000,55300.2,55300.2,55300.2,55300.2,150
1781154920000,55275.0,55275.0,55275.0,55275.0,60
1781154940000,55263.0,55271.2,55263.0,55271.2,60
1781154945000,55275.0,55275.0,55275.0,55275.0,60
1781154950000,55275.0,55275.0,55275.0,55275.0,60
1781154955000,55275.0,55275.0,55275.0,55275.0,60
1781154960000,55267.8,55267.8,55267.8,55267.8,30
1781154965000,55274.0,55274.0,55274.0,55274.0,60
1781154975000,55274.0,55274.0,55274.0,55274.0,30
1781154985000,55295.0,55295.0,55295.0,55295.0,60
1781155000000,55300.0,55300.2,55300.0,55300.2,120
1781155010000,55272.2,55272.2,55265.8,55265.8,60
1781155015000,55275.0,55275.0,55275.0,55275.0,30
1781155035000,55295.0,55295.0,55295.0,55295.0,30
1781155050000,55300.0,55300.0,55295.0,55295.0,90
1781155060000,55280.0,55280.0,55280.0,55280.0,30
1781155065000,55274.2,55274.2,55274.2,55274.2,30
1781155070000,55295.0,55295.0,55295.0,55295.0,30
1781155075000,55290.0,55290.0,55290.0,55290.0,90
1781155080000,55284.2,55300.0,55284.2,55300.0,120
1781155095000,55300.0,55300.0,55300.0,55300.0,30
1781155100000,55286.6,55286.6,55286.6,55286.6,30
1781155105000,55298.2,55298.2,55298.2,55298.2,90
1781155110000,55296.6,55296.6,55296.6,55296.6,30
1781155115000,55281.0,55281.0,55281.0,55281.0,30
1781155120000,55280.0,55280.0,55280.0,55280.0,60
1781155130000,55275.0,55275.0,55275.0,55275.0,90
1781155140000,55266.0,55266.0,55266.0,55266.0,30
1781155150000,55266.0,55266.0,55266.0,55266.0,30
1781155160000,55266.0,55266.0,55266.0,55266.0,30
1781155170000,55270.0,55270.0,55270.0,55270.0,30
1781155180000,55265.0,55265.0,55265.0,55265.0,30
1781155195000,55262.0,55262.0,55260.4,55260.4,60
1781155200000,55252.4,55252.4,55250.0,55250.0,300
1781155205000,55240.0,55240.0,55240.0,55240.0,630
1781155210000,55233.0,55233.0,55233.0,55233.0,30
1781155215000,55231.4,55231.4,55231.4,55231.4,30
1781155220000,55220.0,55221.8,55220.0,55221.8,270
1781155225000,55223.6,55223.6,55221.8,55221.8,240
1781155230000,55224.0,55224.0,55224.0,55224.0,30
1781155235000,55222.0,55222.0,55220.0,55220.0,1860
1781155240000,55209.4,55222.0,55209.4,55222.0,570
1781155250000,55222.0,55222.0,55222.0,55222.0,150
1781155255000,55222.0,55222.0,55222.0,55222.0,60
1781155260000,55208.0,55222.0,55208.0,55222.0,870
1781155265000,55231.6,55231.6,55231.6,55231.6,60
1781155270000,55235.4,55240.0,55235.4,55240.0,360
1781155280000,55219.6,55219.6,55219.6,55219.6,270
1781155285000,55223.4,55231.8,55223.4,55231.8,60
1781155290000,55237.0,55237.0,55237.0,55237.0,60
1781155295000,55245.0,55245.0,55239.0,55239.0,60
1781155300000,55240.0,55240.0,55233.4,55233.4,720
1781155305000,55240.0,55246.0,55240.0,55246.0,990
1781155310000,55245.0,55245.0,55230.0,55230.0,60
1781155315000,55225.0,55230.0,55225.0,55230.0,930
1781155320000,55210.4,55220.0,55210.0,55210.0,1290
1781155325000,55210.0,55210.0,55210.0,55210.0,330
1781155330000,55223.2,55223.2,55223.2,55223.2,30
1781155340000,55221.2,55221.2,55221.2,55221.2,360
1781155350000,55228.2,55228.2,55228.2,55228.2,60
1781155360000,55219.4,55219.4,55219.4,55219.4,90
1781155365000,55221.8,55221.8,55221.8,55221.8,60
1781155380000,55213.4,55213.4,55213.4,55213.4,90
1781155385000,55205.2,55205.2,55205.2,55205.2,150
1781155390000,55237.2,55237.2,55237.2,55237.2,60
1781155400000,55205.0,55205.0,55205.0,55205.0,60
1781155410000,55205.2,55205.2,55200.0,55200.0,270
1781155415000,55200.0,55200.0,55200.0,55200.0,690
1781155420000,55181.2,55200.8,55181.2,55200.8,270
1781155425000,55181.2,55181.2,55181.0,55181.0,60
1781155430000,55180.2,55180.2,55180.2,55180.2,30
1781155435000,55185.0,55185.0,55185.0,55185.0,30
1781155440000,55180.2,55190.0,55180.2,55190.0,150
1781155445000,55180.2,55180.2,55180.2,55180.2,30
1781155450000,55180.2,55180.2,55180.2,55180.2,30
1781155455000,55180.2,55180.2,55180.2,55180.2,120
1781155460000,55180.2,55180.2,55180.0,55180.0,330
1781155465000,55193.0,55193.0,55193.0,55193.0,30
1781155470000,55180.2,55180.2,55180.2,55180.2,60
1781155475000,55194.2,55194.2,55189.0,55190.2,150
1781155480000,55191.2,55191.2,55180.0,55180.0,180
1781155485000,55180.0,55180.2,55172.0,55172.0,330
1781155490000,55180.0,55180.2,55168.4,55169.6,270
1781155495000,55165.0,55165.0,55165.0,55165.0,30
1781155500000,55180.0,55180.0,55168.0,55168.0,390
1781155505000,55167.2,55180.0,55167.2,55180.0,60
1781155510000,55192.6,55192.6,55165.0,55165.0,120
1781155520000,55165.0,55165.0,55165.0,55165.0,330
1781155535000,55166.0,55166.0,55166.0,55166.0,30
1781155540000,55166.0,55166.0,55165.0,55165.0,90
1781155555000,55180.0,55190.0,55180.0,55180.0,120
1781155560000,55180.0,55180.0,55180.0,55180.0,30
1781155565000,55185.4,55185.4,55185.4,55185.4,30
1781155575000,55185.4,55185.4,55185.4,55185.4,30
1781155580000,55185.4,55185.4,55185.4,55185.4,60
1781155585000,55185.4,55189.0,55185.4,55185.4,120
1781155590000,55195.0,55195.0,55195.0,55195.0,30
1781155600000,55199.8,55199.8,55181.0,55181.0,90
1781155610000,55195.0,55195.0,55191.0,55191.0,240
1781155615000,55185.0,55185.0,55185.0,55185.0,30
1781155620000,55200.0,55200.0,55200.0,55200.0,240
1781155635000,55224.8,55224.8,55224.8,55224.8,30
1781155640000,55200.0,55200.0,55200.0,55200.0,30
1781155645000,55220.0,55220.0,55220.0,55220.0,30
1781155650000,55210.0,55210.0,55210.0,55210.0,30
1781155655000,55210.0,55210.0,55210.0,55210.0,60
1781155660000,55200.0,55200.0,55200.0,55200.0,30
1781155665000,55200.0,55200.0,55200.0,55200.0,30
1781155675000,55200.0,55201.8,55195.0,55201.8,150
1781155680000,55185.0,55185.0,55185.0,55185.0,60
1781155685000,55185.0,55185.0,55185.0,55185.0,60
1781155690000,55186.6,55186.6,55186.6,55186.6,90
1781155695000,55185.0,55185.0,55185.0,55185.0,60
1781155700000,55185.0,55185.0,55185.0,55185.0,60
1781155715000,55190.0,55190.0,55190.0,55190.0,30
1781155720000,55199.8,55199.8,55199.8,55199.8,30
1781155725000,55199.8,55199.8,55199.8,55199.8,30
1781155740000,55185.0,55185.0,55185.0,55185.0,30
1781155775000,55181.0,55181.0,55181.0,55181.0,30
1781155780000,55180.0,55180.0,55165.0,55165.0,180
1781155785000,55164.6,55165.0,55164.6,55165.0,600
1781155790000,55166.8,55176.6,55166.8,55176.6,1050
1781155800000,55182.2,55200.0,55182.2,55200.0,420
1781155820000,55193.6,55193.6,55164.4,55164.4,120
1781155840000,55160.0,55160.0,55160.0,55160.0,60
1781155855000,55160.0,55160.0,55160.0,55160.0,90
1781155860000,55160.0,55160.0,55160.0,55160.0,30
1781155870000,55170.8,55179.4,55158.0,55179.4,120
1781155880000,55160.0,55160.0,55160.0,55160.0,30
1781155885000,55170.0,55170.0,55170.0,55170.0,60
1781155895000,55160.0,55160.0,55160.0,55160.0,90
1781155900000,55158.0,55160.0,55158.0,55160.0,60
1781155905000,55158.0,55158.0,55158.0,55158.0,180
1781155910000,55158.0,55158.0,55152.2,55152.2,360
1781155915000,55151.0,55155.0,55151.0,55155.0,720
1781155920000,55151.0,55151.0,55150.0,55150.0,780
1781155925000,55150.0,55150.0,55143.0,55143.0,1350
1781155930000,55134.0,55134.0,55134.0,55134.0,210
1781155935000,55134.6,55134.6,55134.6,55134.6,750
1781155940000,55136.0,55136.0,55130.6,55130.6,660
1781155945000,55142.0,55142.0,55140.0,55140.0,90
1781155950000,55143.8,55150.0,55143.8,55150.0,270
1781155960000,55162.0,55162.0,55148.4,55150.0,240
1781155970000,55146.8,55149.4,55146.8,55149.4,90
1781155975000,55146.8,55146.8,55146.8,55146.8,30
1781155980000,55140.0,55140.0,55140.0,55140.0,240
1781155990000,55143.0,55143.0,55143.0,55143.0,30
1781155995000,55150.0,55160.2,55150.0,55155.6,600
1781156000000,55154.4,55154.4,55153.4,55153.4,510
1781156010000,55149.8,55149.8,55149.8,55149.8,30
1781156020000,55147.0,55147.0,55147.0,55147.0,60
1781156030000,55174.2,55179.6,55174.2,55179.6,150
1781156035000,55189.0,55227.4,55189.0,55227.4,300
1781156040000,55209.0,55237.2,55209.0,55237.2,240
1781156045000,55243.8,55243.8,55239.2,55239.2,90
1781156050000,55237.2,55237.4,55210.8,55210.8,150
1781156055000,55243.6,55243.6,55243.6,55243.6,150
1781156060000,55215.6,55243.6,55215.6,55243.6,180
1781156065000,55220.8,55220.8,55220.8,55220.8,60
1781156080000,55243.8,55243.8,55212.8,55212.8,390
1781156095000,55212.8,55212.8,55212.8,55212.8,30
1781156100000,55218.2,55218.2,55218.2,55218.2,30
1781156125000,55240.0,55240.0,55240.0,55240.0,90
1781156130000,55249.0,55249.0,55249.0,55249.0,90
1781156135000,55251.2,55251.2,55251.2,55251.2,30
1781156140000,55252.8,55252.8,55251.0,55251.0,90
1781156145000,55256.0,55256.0,55256.0,55256.0,60
1781156150000,55250.2,55250.2,55250.2,55250.2,30
1781156160000,55252.2,55259.0,55252.2,55259.0,270
1781156170000,55259.0,55259.0,55259.0,55259.0,60
1781156180000,55260.0,55260.0,55260.0,55260.0,90
1781156190000,55270.0,55270.0,55270.0,55270.0,1020
1781156195000,55269.8,55276.0,55269.8,55276.0,150
1781156200000,55276.0,55290.0,55276.0,55290.0,960
1781156205000,55290.0,55290.0,55290.0,55290.0,150
1781156210000,55290.6,55298.0,55290.6,55298.0,60
1781156215000,55298.0,55298.0,55298.0,55298.0,60
1781156220000,55281.0,55281.0,55281.0,55281.0,330
1781156225000,55281.0,55281.0,55281.0,55281.0,150
1781156230000,55298.0,55298.0,55274.0,55274.0,150
1781156235000,55258.2,55258.2,55258.2,55258.2,150
1781156240000,55270.0,55271.2,55237.8,55271.2,720
1781156250000,55237.0,55237.0,55237.0,55237.0,30
1781156255000,55260.0,55260.0,55260.0,55260.0,30
1781156260000,55240.0,55240.0,55240.0,55240.0,90
1781156275000,55250.0,55250.0,55250.0,55250.0,30
1781156280000,55230.0,55230.0,55226.0,55226.0,240
1781156285000,55230.0,55230.0,55230.0,55230.0,120
1781156295000,55230.0,55230.0,55230.0,55230.0,30
1781156300000,55230.0,55230.0,55230.0,55230.0,150
1781156310000,55254.4,55254.4,55254.4,55254.4,30
1781156320000,55230.0,55259.8,55230.0,55259.8,60
1781156330000,55230.0,55230.0,55230.0,55230.0,30
1781156340000,55254.6,55254.6,55247.0,55247.0,60
1781156350000,55246.6,55246.6,55231.0,55231.0,90
1781156355000,55230.0,55230.0,55230.0,55230.0,30
1781156360000,55226.0,55226.0,55212.8,55212.8,90
1781156365000,55209.0,55209.0,55209.0,55209.0,180
1781156375000,55201.0,55201.0,55201.0,55201.0,60
1781156380000,55200.0,55200.0,55200.0,55200.0,90
1781156390000,55205.4,55205.4,55205.4,55205.4,60
1781156400000,55210.0,55210.0,55205.6,55205.6,330
1781156405000,55205.4,55205.4,55205.4,55205.4,60
1781156420000,55203.2,55203.2,55203.2,55203.2,60
1781156440000,55203.0,55203.0,55203.0,55203.0,30
1781156475000,55210.0,55219.0,55210.0,55219.0,150
1781156480000,55210.6,55210.6,55210.6,55210.6,30
1781156485000,55230.0,55230.0,55230.0,55230.0,60
1781156490000,55210.6,55210.6,55210.6,55210.6,60
1781156500000,55213.0,55213.0,55213.0,55213.0,30
1781156520000,55217.0,55217.0,55217.0,55217.0,30
1781156535000,55213.0,55213.0,55213.0,55213.0,180
1781156540000,55203.0,55203.0,55203.0,55203.0,30
1781156560000,55203.0,55203.0,55203.0,55203.0,30
1781156570000,55203.0,55203.0,55203.0,55203.0,30
1781156575000,55219.8,55220.0,55219.8,55220.0,90
1781156580000,55202.0,55202.0,55202.0,55202.0,30
1781156595000,55210.0,55210.0,55210.0,55210.0,60
1781156600000,55219.0,55219.0,55219.0,55219.0,60
1781156620000,55200.4,55200.4,55200.4,55200.4,30
1781156640000,55200.0,55200.0,55200.0,55200.0,90
1781156650000,55230.0,55230.0,55230.0,55230.0,300
1781156660000,55201.0,55201.0,55201.0,55201.0,60
1781156680000,55201.0,55201.0,55201.0,55201.0,90
1781156695000,55200.0,55200.0,55200.0,55200.0,60
1781156700000,55200.0,55200.0,55200.0,55200.0,30
1781156730000,55200.0,55200.0,55200.0,55200.0,30
1781156740000,55200.4,55200.4,55200.4,55200.4,30
1781156800000,55202.0,55202.0,55202.0,55202.0,300
1781156805000,55200.0,55200.0,55200.0,55200.0,360
1781156810000,55200.0,55200.0,55200.0,55200.0,270
1781156815000,55200.0,55200.0,55200.0,55200.0,300
1781156820000,55222.0,55222.0,55194.6,55209.6,330
1781156825000,55200.0,55200.0,55200.0,55200.0,300
1781156835000,55204.0,55204.0,55201.6,55201.6,240
1781156840000,55203.6,55203.6,55203.6,55203.6,150
1781156845000,55220.0,55220.0,55220.0,55220.0,60
1781156850000,55216.4,55216.4,55216.4,55216.4,60
1781156855000,55222.0,55222.0,55222.0,55222.0,30
1781156860000,55218.6,55218.6,55218.6,55218.6,60
1781156865000,55215.4,55215.4,55215.4,55215.4,300
1781156880000,55217.4,55217.4,55217.4,55217.4,90
1781156895000,55230.0,55230.0,55230.0,55230.0,150
1781156900000,55235.0,55238.0,55235.0,55238.0,60
1781156915000,55240.0,55240.0,55240.0,55240.0,30
1781156920000,55250.0,55250.0,55237.0,55237.0,90
1781156930000,55252.0,55252.0,55252.0,55252.0,60
1781156935000,55255.0,55255.0,55255.0,55255.0,30
1781156940000,55252.0,55265.0,55252.0,55265.0,210
1781156960000,55255.4,55255.4,55255.4,55255.4,60
1781156965000,55257.0,55257.0,55257.0,55257.0,60
1781156990000,55255.6,55255.6,55255.6,55255.6,60
1781157000000,55252.0,55252.0,55252.0,55252.0,30
1781157005000,55250.0,55250.0,55250.0,55250.0,30
1781157015000,55257.0,55257.0,55257.0,55257.0,30
1781157030000,55257.0,55257.0,55257.0,55257.0,30
1781157040000,55254.6,55254.6,55254.6,55254.6,30
1781157055000,55253.6,55275.0,55253.6,55275.0,120
1781157060000,55275.0,55275.0,55275.0,55275.0,30
1781157075000,55260.0,55260.0,55260.0,55260.0,120
1781157080000,55279.0,55279.0,55263.6,55263.6,90
1781157085000,55262.6,55262.6,55262.6,55262.6,30
1781157090000,55262.4,55263.6,55262.4,55263.6,60
1781157100000,55264.8,55264.8,55264.8,55264.8,30
1781157110000,55279.0,55279.0,55279.0,55279.0,60
1781157115000,55285.0,55285.0,55285.0,55285.0,210
1781157120000,55278.2,55278.2,55278.2,55278.2,60
1781157125000,55294.0,55294.0,55294.0,55294.0,180
1781157130000,55293.8,55293.8,55293.8,55293.8,30
1781157135000,55294.0,55294.0,55276.0,55276.0,120
1781157140000,55275.0,55290.0,55275.0,55290.0,90
1781157145000,55294.0,55294.0,55292.0,55292.0,60
1781157155000,55296.0,55296.0,55296.0,55296.0,30
1781157160000,55290.0,55290.0,55275.0,55275.0,90
1781157165000,55275.0,55275.0,55275.0,55275.0,90
1781157170000,55290.0,55290.0,55290.0,55290.0,30
1781157180000,55280.0,55280.0,55275.0,55275.0,60
1781157205000,55275.0,55275.0,55275.0,55275.0,30
1781157210000,55283.0,55283.0,55283.0,55283.0,30
1781157215000,55283.0,55283.0,55283.0,55283.0,30
1781157220000,55283.0,55283.0,55283.0,55283.0,30
1781157225000,55284.0,55284.0,55284.0,55284.0,30
1781157235000,55275.0,55275.0,55275.0,55275.0,150
1781157240000,55262.0,55262.0,55262.0,55262.0,30
1781157245000,55275.6,55275.6,55275.6,55275.6,60
1781157255000,55270.0,55270.0,55270.0,55270.0,30
1781157260000,55250.0,55250.0,55250.0,55250.0,60
1781157270000,55247.4,55273.2,55239.2,55273.2,120
1781157280000,55250.0,55250.0,55250.0,55250.0,30
1781157295000,55275.0,55275.0,55275.0,55275.0,30
1781157300000,55258.0,55258.0,55258.0,55258.0,30
1781157305000,55260.0,55260.0,55260.0,55260.0,30
1781157345000,55270.0,55270.0,55270.0,55270.0,60
1781157350000,55270.0,55270.0,55270.0,55270.0,60
1781157355000,55269.0,55269.0,55269.0,55269.0,30
1781157360000,55260.0,55260.0,55260.0,55260.0,30
1781157365000,55261.0,55261.0,55261.0,55261.0,30
1781157370000,55275.0,55275.0,55275.0,55275.0,90
1781157375000,55280.0,55280.4,55278.8,55280.4,90
1781157380000,55282.4,55285.0,55282.4,55285.0,150
1781157400000,55285.0,55285.0,55285.0,55285.0,30
1781157410000,55285.8,55285.8,55285.8,55285.8,30
1781157415000,55291.8,55305.0,55291.8,55305.0,1020
1781157420000,55307.6,55319.8,55307.6,55319.8,930
1781157425000,55320.0,55320.0,55320.0,55320.0,630
1781157430000,55322.8,55325.4,55322.8,55325.0,510
1781157435000,55332.0,55335.0,55332.0,55335.0,1260
1781157440000,55335.0,55335.0,55321.6,55321.6,60
1781157445000,55319.0,55328.0,55319.0,55328.0,60
1781157450000,55340.0,55340.0,55340.0,55340.0,300
1781157455000,55313.4,55340.0,55313.4,55340.0,210
1781157460000,55340.0,55340.0,55340.0,55340.0,90
1781157465000,55340.0,55340.0,55340.0,55340.0,510
1781157470000,55344.0,55344.0,55344.0,55344.0,60
1781157475000,55348.0,55348.0,55340.0,55340.0,120
1781157480000,55342.4,55348.0,55323.0,55348.0,750
1781157485000,55359.0,55359.0,55350.0,55350.0,3180
1781157490000,55359.0,55359.0,55350.0,55350.0,180
1781157495000,55348.6,55348.6,55348.6,55348.6,30
1781157500000,55320.0,55350.0,55320.0,55350.0,270
1781157505000,55350.0,55350.0,55350.0,55350.0,60
1781157510000,55350.0,55350.0,55350.0,55350.0,300
1781157515000,55350.0,55360.0,55350.0,55360.0,390
1781157520000,55360.0,55360.0,55355.0,55360.0,150
1781157525000,55355.0,55360.0,55355.0,55355.0,210
1781157530000,55360.0,55360.0,55360.0,55360.0,90
1781157535000,55360.0,55360.0,55350.0,55350.0,300
1781157540000,55360.0,55360.0,55360.0,55360.0,30
1781157545000,55355.0,55355.0,55355.0,55355.0,30
1781157550000,55360.0,55360.0,55350.0,55350.0,60
1781157555000,55360.0,55360.0,55360.0,55360.0,30
1781157565000,55360.0,55360.0,55350.0,55350.0,330
1781157570000,55359.0,55359.0,55350.0,55350.0,60
1781157575000,55356.6,55356.6,55350.0,55356.6,120
1781157585000,55359.0,55359.0,55356.6,55356.6,90
1781157595000,55356.6,55360.0,55356.6,55360.0,240
1781157600000,55359.0,55360.0,55359.0,55359.0,120
1781157605000,55360.2,55367.0,55360.2,55365.0,570
1781157610000,55360.0,55360.0,55360.0,55360.0,90
1781157615000,55365.0,55374.8,55365.0,55374.8,1260
1781157620000,55385.0,55388.8,55385.0,55388.8,2730
1781157625000,55389.0,55391.0,55387.0,55391.0,1050
1781157630000,55400.0,55400.0,55390.0,55390.0,4170
1781157635000,55400.0,55400.0,55390.0,55400.0,300
1781157640000,55381.6,55385.2,55380.0,55385.2,630
1781157645000,55375.0,55375.0,55366.0,55366.0,390
1781157650000,55370.0,55370.0,55350.0,55350.0,300
1781157655000,55360.0,55360.0,55340.4,55340.4,390
1781157660000,55354.2,55368.6,55354.2,55368.6,60
1781157665000,55365.4,55365.4,55350.0,55350.0,120
1781157670000,55360.2,55360.2,55350.0,55350.0,120
1781157675000,55350.0,55350.0,55350.0,55350.0,420
1781157680000,55345.6,55345.6,55320.2,55320.2,120
1781157685000,55340.0,55343.2,55320.0,55320.0,360
1781157690000,55330.0,55330.0,55310.0,55310.0,330
1781157695000,55330.0,55330.0,55330.0,55330.0,30
1781157700000,55341.4,55341.4,55330.0,55330.0,180
1781157705000,55330.0,55330.0,55330.0,55330.0,30
1781157710000,55330.0,55330.0,55330.0,55330.0,120
1781157715000,55335.0,55335.0,55335.0,55335.0,30
1781157720000,55335.0,55335.0,55335.0,55335.0,120
1781157725000,55335.0,55340.0,55335.0,55340.0,210
1781157735000,55335.0,55335.0,55335.0,55335.0,30
1781157740000,55350.0,55350.0,55350.0,55350.0,30
1781157745000,55350.0,55350.0,55350.0,55350.0,30
1781157755000,55345.0,55345.0,55335.6,55335.6,120
1781157760000,55335.0,55335.0,55330.0,55330.0,270
1781157770000,55330.0,55330.0,55330.0,55330.0,30
1781157785000,55347.0,55347.0,55347.0,55347.0,30
1781157790000,55347.0,55347.0,55347.0,55347.0,30
1781157800000,55347.0,55350.8,55347.0,55350.8,540
1781157805000,55369.0,55369.0,55369.0,55369.0,120
1781157810000,55370.0,55370.0,55370.0,55370.0,30
1781157830000,55370.0,55370.0,55370.0,55370.0,90
1781157835000,55370.0,55370.0,55370.0,55370.0,30
1781157840000,55374.8,55374.8,55374.8,55374.8,30
1781157845000,55365.0,55365.0,55365.0,55365.0,30
1781157850000,55363.6,55363.6,55350.0,55350.0,90
1781157875000,55340.0,55340.0,55340.0,55340.0,60
1781157885000,55330.0,55330.0,55330.0,55330.0,60
1781157890000,55349.4,55349.4,55328.0,55328.0,90
1781157895000,55320.0,55320.0,55320.0,55320.0,60
1781157900000,55315.0,55328.2,55307.0,55328.2,120
1781157905000,55304.0,55304.0,55304.0,55304.0,120
1781157910000,55302.2,55302.2,55302.2,55302.2,30
1781157915000,55304.0,55304.0,55304.0,55304.0,30
1781157920000,55300.2,55300.2,55300.2,55300.2,60
1781157930000,55304.0,55304.0,55304.0,55304.0,60
1781157940000,55320.0,55320.0,55320.0,55320.0,30
1781157955000,55316.2,55317.8,55316.2,55317.8,60
1781157960000,55317.0,55317.0,55314.0,55314.0,60
1781157965000,55304.2,55304.2,55304.2,55304.2,60
1781157970000,55325.0,55325.0,55325.0,55325.0,30
1781157975000,55334.4,55336.8,55334.4,55336.8,60
1781157985000,55335.6,55335.6,55335.6,55335.6,30
1781157990000,55304.0,55304.0,55304.0,55304.0,30
1781157995000,55304.0,55304.0,55304.0,55304.0,60
1781158005000,55325.0,55325.0,55325.0,55325.0,30
1781158020000,55306.0,55306.0,55306.0,55306.0,30
1781158055000,55301.2,55301.2,55301.2,55301.2,210
1781158070000,55301.0,55301.0,55301.0,55301.0,30
1781158075000,55300.2,55300.2,55300.2,55300.2,30
1781158080000,55300.0,55300.0,55300.0,55300.0,120
1781158085000,55300.2,55300.2,55300.0,55300.0,150
1781158105000,55300.0,55300.0,55300.0,55300.0,60
1781158110000,55286.0,55286.0,55286.0,55286.0,60
1781158115000,55285.0,55285.0,55285.0,55285.0,30
1781158125000,55280.0,55280.0,55280.0,55280.0,30
1781158130000,55280.0,55280.0,55280.0,55280.0,90
1781158140000,55275.0,55275.0,55275.0,55275.0,90
1781158150000,55280.0,55280.0,55280.0,55280.0,30
1781158155000,55275.0,55279.8,55275.0,55279.8,120
1781158165000,55279.8,55279.8,55279.8,55279.8,30
1781158170000,55280.0,55280.0,55275.0,55275.0,90
1781158175000,55292.2,55292.2,55292.2,55292.2,120
1781158190000,55283.6,55283.6,55283.6,55283.6,30
1781158195000,55310.0,55310.0,55310.0,55310.0,120
1781158200000,55305.0,55305.0,55283.2,55283.2,60
1781158205000,55281.0,55281.0,55281.0,55281.0,30
1781158225000,55310.0,55310.0,55310.0,55310.0,30
1781158255000,55300.0,55300.0,55300.0,55300.0,30
1781158265000,55300.0,55300.0,55300.0,55300.0,30
1781158285000,55300.0,55300.0,55300.0,55300.0,30
1781158290000,55300.0,55300.0,55300.0,55300.0,30
1781158305000,55300.0,55300.0,55300.0,55300.0,180
1781158325000,55310.0,55310.0,55310.0,55310.0,60
1781158350000,55325.0,55325.0,55325.0,55325.0,30
1781158360000,55335.0,55335.0,55335.0,55335.0,30
1781158365000,55344.0,55344.0,55344.0,55344.0,150
1781158375000,55346.2,55346.2,55346.2,55346.2,30
1781158380000,55350.0,55350.0,55350.0,55350.0,30
1781158385000,55352.0,55352.0,55352.0,55352.0,30
1781158390000,55355.0,55355.0,55355.0,55355.0,30
1781158405000,55351.6,55351.6,55324.2,55324.2,120
1781158415000,55324.2,55359.4,55324.2,55359.4,90
1781158435000,55333.2,55333.2,55333.2,55333.2,30
1781158440000,55325.2,55325.2,55325.2,55325.2,30
1781158450000,55356.0,55356.0,55356.0,55356.0,30
1781158455000,55360.0,55360.0,55360.0,55360.0,30
1781158460000,55342.0,55342.0,55342.0,55342.0,30
1781158470000,55356.0,55356.0,55356.0,55356.0,60
1781158480000,55360.0,55360.0,55360.0,55360.0,540
1781158485000,55350.0,55350.0,55350.0,55350.0,30
1781158490000,55356.4,55356.4,55356.4,55356.4,30
1781158495000,55360.0,55360.0,55358.0,55358.0,600
1781158500000,55365.0,55375.0,55365.0,55375.0,660
1781158510000,55379.0,55379.0,55379.0,55379.0,150
1781158515000,55370.8,55370.8,55370.8,55370.8,30
1781158520000,55374.8,55374.8,55374.8,55374.8,90
1781158525000,55370.8,55370.8,55370.8,55370.8,30
1781158530000,55374.8,55374.8,55374.8,55374.8,60
1781158545000,55374.8,55374.8,55374.8,55374.8,90
1781158550000,55353.0,55360.0,55353.0,55360.0,120
1781158555000,55356.4,55356.4,55356.4,55356.4,90
1781158560000,55374.8,55374.8,55360.0,55360.0,120
1781158575000,55360.0,55360.0,55360.0,55360.0,30
1781158580000,55360.0,55360.0,55360.0,55360.0,30
1781158585000,55371.8,55371.8,55371.8,55371.8,30
1781158590000,55354.8,55354.8,55354.8,55354.8,90
1781158595000,55352.0,55370.0,55352.0,55370.0,90
1781158600000,55352.0,55352.0,55352.0,55352.0,30
1781158605000,55352.0,55352.0,55352.0,55352.0,30
1781158615000,55352.0,55352.0,55352.0,55352.0,30
1781158620000,55352.0,55364.0,55352.0,55364.0,90
1781158625000,55352.0,55352.0,55352.0,55352.0,30
1781158630000,55352.0,55352.0,55352.0,55352.0,60
1781158635000,55364.0,55364.0,55364.0,55364.0,300
1781158640000,55369.0,55369.0,55369.0,55369.0,390
1781158645000,55386.0,55388.0,55386.0,55388.0,1050
1781158650000,55390.0,55394.0,55390.0,55394.0,180
1781158655000,55381.8,55381.8,55381.8,55381.8,60
1781158660000,55389.8,55389.8,55389.8,55389.8,60
1781158665000,55390.0,55397.0,55390.0,55397.0,330
1781158670000,55399.0,55425.6,55399.0,55420.0,5190
1781158675000,55426.0,55428.0,55426.0,55428.0,420
1781158680000,55430.0,55434.0,55430.0,55433.8,300
1781158685000,55420.4,55434.0,55420.4,55434.0,60
1781158690000,55424.0,55424.0,55420.0,55420.0,990
1781158695000,55420.0,55420.0,55405.0,55408.6,2220
1781158715000,55419.0,55425.0,55419.0,55425.0,90
1781158720000,55418.0,55420.0,55418.0,55420.0,90
1781158725000,55420.0,55420.0,55420.0,55420.0,60
1781158730000,55424.0,55424.0,55424.0,55424.0,60
1781158735000,55424.0,55424.0,55424.0,55424.0,30
1781158740000,55422.0,55425.0,55422.0,55425.0,150
1781158745000,55425.0,55425.0,55425.0,55425.0,60
1781158750000,55422.0,55425.0,55420.0,55425.0,150
1781158755000,55425.0,55425.0,55425.0,55425.0,30
1781158760000,55402.0,55402.0,55402.0,55402.0,30
1781158765000,55421.8,55421.8,55421.8,55421.8,30
1781158770000,55415.0,55415.0,55400.0,55400.0,60
1781158780000,55415.0,55415.0,55415.0,55415.0,30
1781158785000,55418.4,55418.4,55418.4,55418.4,30
1781158790000,55420.0,55420.0,55420.0,55420.0,120
1781158795000,55420.0,55420.0,55420.0,55420.0,30
1781158800000,55402.2,55425.0,55402.2,55425.0,330
1781158805000,55408.8,55425.0,55401.8,55401.8,90
1781158815000,55425.0,55425.0,55425.0,55425.0,210
1781158820000,55421.4,55421.4,55421.4,55421.4,30
1781158825000,55425.0,55427.0,55421.0,55427.0,150
1781158830000,55428.0,55433.0,55428.0,55433.0,210
1781158835000,55440.0,55443.0,55440.0,55443.0,1110
1781158840000,55439.8,55439.8,55439.8,55439.8,90
1781158845000,55439.8,55439.8,55428.8,55428.8,180
1781158850000,55439.8,55439.8,55439.8,55439.8,360
1781158855000,55439.8,55439.8,55430.0,55430.0,90
1781158860000,55429.8,55444.0,55429.8,55444.0,900
1781158865000,55445.0,55449.0,55439.8,55439.8,720
1781158870000,55449.0,55449.0,55439.8,55439.8,90
1781158875000,55449.0,55450.0,55428.8,55450.0,1290
1781158880000,55448.0,55451.0,55437.0,55451.0,630
1781158885000,55450.0,55452.0,55450.0,55451.0,300
1781158890000,55450.0,55450.0,55450.0,55450.0,210
1781158895000,55455.0,55460.0,55455.0,55460.0,1050
1781158900000,55455.0,55455.0,55455.0,55455.0,120
1781158905000,55460.0,55460.0,55456.0,55456.0,60
1781158910000,55460.6,55460.6,55455.0,55460.0,150
1781158915000,55460.0,55460.0,55460.0,55460.0,300
1781158920000,55455.0,55455.0,55450.0,55450.0,1020
1781158925000,55460.0,55460.0,55460.0,55460.0,270
1781158930000,55460.0,55460.0,55460.0,55460.0,210
1781158935000,55450.0,55457.4,55448.0,55448.0,1230
1781158940000,55457.4,55457.4,55448.0,55448.0,60
1781158945000,55440.0,55440.0,55440.0,55440.0,60
1781158950000,55440.0,55440.0,55440.0,55440.0,90
1781158955000,55440.0,55445.0,55440.0,55445.0,180
1781158960000,55440.0,55440.0,55440.0,55440.0,60
1781158965000,55440.0,55445.0,55440.0,55445.0,210
1781158970000,55440.0,55445.0,55440.0,55440.0,150
1781158980000,55434.0,55434.0,55434.0,55434.0,1680
1781158985000,55430.0,55430.0,55426.0,55426.0,630
1781158990000,55434.0,55434.0,55434.0,55434.0,30
1781158995000,55434.0,55434.0,55434.0,55434.0,60
1781159000000,55434.0,55434.0,55434.0,55434.0,210
1781159005000,55460.0,55460.0,55460.0,55460.0,300
1781159010000,55434.2,55460.0,55434.2,55460.0,240
1781159015000,55460.0,55465.0,55460.0,55465.0,120
1781159020000,55467.0,55470.0,55458.0,55470.0,300
1781159025000,55470.0,55470.0,55470.0,55470.0,90
1781159030000,55472.8,55472.8,55472.8,55472.8,210
1781159035000,55473.0,55473.8,55473.0,55473.8,240
1781159040000,55451.0,55474.0,55451.0,55474.0,270
1781159045000,55451.0,55476.0,55451.0,55476.0,450
1781159050000,55477.0,55478.0,55477.0,55478.0,510
1781159055000,55480.0,55480.0,55477.0,55477.0,1320
1781159060000,55480.0,55480.2,55477.0,55477.0,810
1781159065000,55456.0,55466.4,55456.0,55466.4,480
1781159070000,55451.0,55451.0,55450.0,55450.0,120
1781159075000,55460.0,55460.0,55450.0,55450.0,390
1781159080000,55462.4,55464.6,55462.4,55464.6,360
1781159085000,55467.0,55467.0,55467.0,55467.0,330
1781159090000,55450.0,55464.8,55450.0,55458.2,750
1781159095000,55460.0,55460.0,55460.0,55460.0,300
1781159100000,55463.0,55463.0,55463.0,55463.0,330
1781159105000,55463.0,55463.0,55463.0,55463.0,450
1781159110000,55463.0,55463.0,55463.0,55463.0,60
1781159115000,55463.0,55463.0,55463.0,55463.0,210
1781159120000,55463.0,55470.0,55463.0,55470.0,150
1781159125000,55470.0,55470.0,55465.4,55465.4,240
1781159130000,55465.4,55473.0,55465.4,55473.0,240
1781159140000,55465.4,55474.8,55465.4,55465.4,270
1781159145000,55465.4,55465.4,55465.4,55465.4,720
1781159150000,55460.0,55460.0,55460.0,55460.0,360
1781159155000,55460.0,55462.2,55460.0,55462.2,90
1781159160000,55444.6,55444.6,55444.6,55444.6,30
1781159165000,55458.2,55463.8,55444.8,55444.8,120
1781159170000,55467.2,55467.2,55462.0,55462.0,180
1781159175000,55445.2,55462.0,55445.2,55462.0,300
1781159185000,55465.0,55475.0,55465.0,55475.0,330
1781159190000,55476.0,55478.8,55476.0,55478.8,390
1781159195000,55483.0,55483.0,55483.0,55483.0,300
1781159200000,55485.0,55485.4,55467.6,55485.4,540
1781159205000,55474.4,55489.2,55474.4,55489.2,180
1781159210000,55490.0,55490.0,55488.0,55488.0,330
1781159215000,55494.0,55494.0,55494.0,55494.0,540
1781159220000,55494.0,55494.0,55494.0,55494.0,150
1781159225000,55488.0,55494.0,55488.0,55494.0,480
1781159230000,55494.0,55494.0,55494.0,55494.0,150
1781159235000,55495.0,55495.0,55475.0,55475.0,270
1781159245000,55495.0,55495.0,55475.0,55475.0,480
1781159250000,55476.0,55476.0,55476.0,55476.0,30
1781159255000,55475.0,55494.0,55475.0,55494.0,90
1781159260000,55470.0,55489.0,55470.0,55489.0,120
1781159265000,55470.0,55489.0,55470.0,55489.0,180
1781159270000,55480.0,55490.0,55473.0,55473.0,210
1781159275000,55489.4,55496.0,55489.0,55496.0,180
1781159280000,55495.0,55496.0,55495.0,55496.0,330
1781159285000,55495.0,55495.0,55495.0,55495.0,90
1781159290000,55495.0,55495.0,55495.0,55495.0,150
1781159295000,55495.0,55495.0,55479.6,55479.6,120
1781159300000,55473.0,55473.0,55473.0,55473.0,30
1781159305000,55478.2,55478.2,55478.2,55478.2,90
1781159310000,55499.0,55499.0,55499.0,55499.0,540
1781159315000,55499.0,55499.2,55499.0,55499.0,630
1781159320000,55499.6,55499.6,55499.6,55499.6,570
1781159325000,55500.0,55500.0,55500.0,55500.0,1170
1781159330000,55490.0,55490.0,55490.0,55490.0,150
1781159335000,55490.0,55490.0,55490.0,55490.0,60
1781159340000,55494.4,55494.4,55494.4,55494.4,180
1781159345000,55487.0,55487.0,55473.0,55473.0,120
1781159350000,55470.0,55480.8,55461.0,55480.8,120
1781159355000,55480.8,55480.8,55473.0,55475.0,150
1781159360000,55479.2,55479.2,55476.4,55476.4,120
1781159375000,55471.0,55471.0,55456.0,55456.0,60
1781159380000,55455.0,55455.0,55455.0,55455.0,90
1781159385000,55450.0,55474.6,55450.0,55474.6,210
1781159390000,55444.6,55444.6,55444.6,55444.6,60
1781159395000,55449.4,55449.4,55445.0,55446.6,120
1781159400000,55479.8,55479.8,55478.2,55478.2,270
1781159405000,55463.6,55480.0,55463.6,55480.0,90
1781159410000,55490.0,55490.0,55490.0,55490.0,120
1781159415000,55481.0,55481.0,55481.0,55481.0,30
1781159420000,55481.0,55481.0,55481.0,55481.0,30
1781159425000,55489.0,55490.0,55489.0,55490.0,90
1781159430000,55481.0,55490.0,55481.0,55490.0,120
1781159435000,55490.0,55490.0,55481.0,55481.0,120
1781159440000,55481.8,55481.8,55481.0,55481.0,180
1781159445000,55481.0,55481.0,55455.2,55455.2,90
1781159455000,55474.8,55474.8,55474.8,55474.8,30
1781159460000,55455.6,55455.6,55455.6,55455.6,30
1781159470000,55470.0,55470.0,55465.0,55465.0,90
1781159475000,55465.0,55470.0,55461.0,55470.0,120
1781159480000,55460.2,55460.2,55460.2,55460.2,30
1781159485000,55470.0,55470.0,55470.0,55470.0,120
1781159490000,55471.0,55480.0,55471.0,55480.0,210
1781159495000,55474.0,55474.0,55466.8,55466.8,90
1781159505000,55490.0,55490.0,55490.0,55490.0,180
1781159510000,55464.2,55490.0,55464.0,55490.0,720
1781159515000,55460.2,55490.0,55460.2,55490.0,270
1781159520000,55490.0,55490.0,55490.0,55490.0,60
1781159535000,55490.0,55492.0,55475.4,55492.0,540
1781159540000,55495.0,55495.0,55495.0,55495.0,30
1781159545000,55475.4,55495.0,55475.4,55495.0,150
1781159550000,55490.0,55490.0,55490.0,55490.0,30
1781159555000,55470.6,55470.6,55470.6,55470.6,60
1781159565000,55472.8,55472.8,55472.8,55472.8,30
1781159570000,55490.0,55490.0,55490.0,55490.0,30
1781159575000,55495.0,55495.0,55490.0,55490.0,240
1781159580000,55495.0,55500.0,55491.4,55500.0,660
1781159585000,55500.0,55500.0,55491.4,55491.4,570
1781159590000,55500.0,55500.0,55500.0,55500.0,150
1781159605000,55491.4,55496.0,55491.4,55496.0,90
1781159610000,55500.0,55500.0,55500.0,55500.0,30
1781159615000,55499.0,55500.0,55499.0,55500.0,1110
1781159620000,55496.6,55496.6,55496.6,55496.6,210
1781159625000,55498.0,55498.0,55496.0,55496.4,90
1781159630000,55500.0,55500.0,55500.0,55500.0,30
1781159640000,55496.0,55496.0,55495.0,55495.0,90
1781159645000,55496.0,55497.0,55496.0,55497.0,90
1781159650000,55496.0,55496.4,55496.0,55496.4,90
1781159655000,55500.0,55500.0,55496.0,55496.0,120
1781159660000,55500.0,55500.0,55480.6,55480.6,90
1781159670000,55500.0,55500.0,55500.0,55500.0,150
1781159680000,55482.0,55482.0,55479.6,55479.6,150
1781159690000,55475.0,55475.0,55475.0,55475.0,150
1781159695000,55475.0,55475.0,55475.0,55475.0,150
1781159700000,55478.0,55479.0,55476.0,55479.0,240
1781159705000,55476.2,55476.2,55476.2,55476.2,600
1781159715000,55468.0,55476.2,55468.0,55476.2,60
1781159720000,55476.2,55479.0,55476.2,55479.0,90
1781159730000,55473.2,55473.2,55473.2,55473.2,30
1781159735000,55470.0,55470.0,55469.0,55469.0,120
1781159740000,55470.0,55470.0,55462.0,55462.0,60
1781159745000,55469.6,55469.6,55469.6,55469.6,90
1781159750000,55455.0,55455.0,55455.0,55455.0,60
1781159755000,55470.0,55470.0,55470.0,55470.0,120
1781159760000,55479.0,55479.0,55479.0,55479.0,300
1781159765000,55478.0,55479.0,55478.0,55479.0,150
1781159770000,55476.2,55476.2,55476.2,55476.2,30
1781159775000,55473.0,55473.0,55473.0,55473.0,840
1781159780000,55473.2,55479.0,55473.2,55476.2,360
1781159785000,55479.0,55479.0,55479.0,55479.0,90
1781159790000,55473.4,55479.0,55473.4,55479.0,270
1781159795000,55474.4,55479.0,55474.4,55479.0,60
1781159800000,55480.0,55480.0,55480.0,55480.0,1080
1781159805000,55486.0,55498.0,55486.0,55498.0,360
1781159820000,55498.0,55498.0,55498.0,55498.0,60
1781159825000,55499.0,55499.0,55499.0,55499.0,90
1781159830000,55499.0,55499.0,55499.0,55499.0,30
1781159835000,55499.0,55500.0,55499.0,55500.0,180
1781159840000,55500.0,55500.0,55500.0,55500.0,90
1781159845000,55499.0,55499.0,55496.0,55496.0,60
1781159850000,55496.0,55496.0,55496.0,55496.0,30
1781159855000,55500.0,55500.0,55495.0,55496.0,210
1781159860000,55500.0,55500.0,55500.0,55500.0,30
1781159865000,55496.0,55496.0,55496.0,55496.0,30
1781159870000,55495.0,55499.8,55495.0,55499.8,90
1781159875000,55500.0,55500.0,55500.0,55500.0,90
1781159880000,55500.0,55500.0,55500.0,55500.0,120
1781159885000,55500.0,55500.0,55500.0,55500.0,180
1781159890000,55500.0,55500.0,55500.0,55500.0,210
1781159895000,55500.0,55500.0,55495.2,55495.2,210
1781159900000,55499.0,55499.0,55499.0,55499.0,30
1781159905000,55499.0,55499.0,55499.0,55499.0,240
1781159910000,55495.0,55499.0,55495.0,55495.0,360
1781159915000,55499.0,55499.0,55495.2,55495.2,270
1781159920000,55495.0,55495.0,55495.0,55495.0,60
1781159925000,55498.0,55498.0,55495.0,55495.2,120
1781159935000,55499.0,55499.0,55495.0,55495.0,120
1781159940000,55496.0,55496.0,55496.0,55496.0,30
1781159945000,55499.0,55499.0,55499.0,55499.0,60
1781159950000,55499.0,55499.0,55499.0,55499.0,60
1781159955000,55499.0,55499.0,55495.0,55495.0,210
1781159960000,55499.0,55499.0,55499.0,55499.0,120
1781159965000,55500.0,55500.0,55500.0,55500.0,90
1781159970000,55496.0,55496.0,55496.0,55496.0,30
1781159975000,55495.0,55495.0,55495.0,55495.0,120
1781159980000,55475.0,55475.0,55475.0,55475.0,360
1781159985000,55500.0,55505.0,55476.0,55505.0,810
1781159990000,55488.2,55488.2,55485.6,55485.6,60
1781160005000,55463.8,55468.4,55463.8,55468.4,120
1781160010000,55467.4,55468.4,55467.4,55468.4,60
1781160015000,55462.2,55462.2,55462.2,55462.2,60
1781160030000,55461.0,55461.0,55461.0,55461.0,30
1781160035000,55459.0,55459.0,55459.0,55459.0,90
1781160040000,55453.0,55453.0,55453.0,55453.0,60
1781160045000,55453.0,55453.0,55453.0,55453.0,60
1781160050000,55460.0,55460.0,55460.0,55460.0,60
1781160055000,55455.2,55455.2,55455.2,55455.2,30
1781160060000,55455.8,55455.8,55455.8,55455.8,30
1781160065000,55460.0,55460.0,55460.0,55460.0,90
1781160070000,55455.2,55460.0,55455.2,55460.0,180
1781160095000,55455.0,55455.0,55455.0,55455.0,30
1781160100000,55460.0,55460.0,55460.0,55460.0,30
1781160105000,55460.0,55460.0,55455.0,55455.0,90
1781160110000,55455.0,55455.0,55455.0,55455.0,30
1781160115000,55455.0,55455.0,55454.0,55454.0,60
1781160120000,55460.0,55460.0,55458.4,55458.4,360
1781160125000,55456.0,55456.0,55456.0,55456.0,30
1781160130000,55460.0,55460.0,55456.0,55460.0,90
1781160135000,55460.0,55460.0,55460.0,55460.0,180
1781160140000,55460.2,55460.2,55460.2,55460.2,90
1781160145000,55460.8,55460.8,55460.8,55460.8,300
1781160150000,55475.0,55475.0,55463.2,55463.2,60
1781160155000,55480.0,55480.0,55480.0,55480.0,60
1781160160000,55480.0,55480.0,55480.0,55480.0,30
1781160175000,55490.0,55490.0,55489.0,55489.0,120
1781160180000,55480.0,55495.0,55480.0,55480.0,420
1781160185000,55480.0,55480.0,55480.0,55480.0,120
1781160190000,55480.0,55498.0,55480.0,55498.0,60
1781160205000,55480.0,55480.0,55480.0,55480.0,60
1781160210000,55499.0,55499.0,55499.0,55499.0,90
1781160220000,55480.0,55480.0,55480.0,55480.0,30
1781160235000,55485.6,55485.6,55485.6,55485.6,30
1781160240000,55485.6,55485.6,55485.6,55485.6,30
1781160245000,55499.0,55499.0,55499.0,55499.0,30
1781160250000,55500.0,55500.0,55500.0,55500.0,150
1781160255000,55499.0,55499.0,55499.0,55499.0,30
1781160270000,55494.0,55494.0,55494.0,55494.0,30
1781160275000,55498.0,55499.0,55498.0,55499.0,60
1781160280000,55500.0,55500.0,55500.0,55500.0,120
1781160285000,55500.0,55500.0,55500.0,55500.0,120
1781160290000,55500.0,55500.0,55500.0,55500.0,150
1781160295000,55500.0,55500.0,55500.0,55500.0,30
1781160300000,55500.2,55505.2,55500.2,55505.2,690
1781160305000,55507.6,55507.6,55507.6,55507.6,270
1781160310000,55516.0,55525.0,55516.0,55525.0,1140
1781160315000,55525.0,55525.0,55524.0,55525.0,210
1781160320000,55525.0,55525.0,55524.2,55524.2,180
1781160325000,55525.0,55528.0,55525.0,55528.0,1020
1781160330000,55530.0,55535.0,55530.0,55535.0,510
1781160335000,55540.0,55540.0,55535.0,55535.0,150
1781160340000,55540.0,55540.0,55540.0,55540.0,120
1781160345000,55540.0,55543.0,55540.0,55541.0,270
1781160350000,55541.0,55543.0,55541.0,55543.0,360
1781160355000,55539.0,55545.0,55539.0,55543.0,1200
1781160360000,55545.0,55548.0,55545.0,55548.0,300
1781160365000,55549.0,55550.0,55543.0,55549.8,780
1781160370000,55549.0,55550.0,55549.0,55550.0,510
1781160375000,55530.0,55530.0,55530.0,55530.0,30
1781160380000,55536.4,55536.4,55530.0,55530.0,90
1781160390000,55530.0,55530.0,55530.0,55530.0,150
1781160395000,55512.0,55512.0,55512.0,55512.0,180
1781160400000,55511.0,55512.0,55511.0,55512.0,90
1781160410000,55547.4,55548.8,55547.4,55548.8,150
1781160415000,55516.0,55516.4,55516.0,55516.4,150
1781160420000,55522.4,55522.4,55522.4,55522.4,30
1781160425000,55522.4,55522.4,55522.4,55522.4,60
1781160430000,55518.4,55518.4,55518.4,55518.4,120
1781160435000,55530.0,55548.0,55530.0,55548.0,90
1781160440000,55520.0,55548.0,55520.0,55548.0,60
1781160445000,55548.0,55548.0,55520.0,55520.0,60
1781160450000,55545.4,55545.4,55545.4,55545.4,30
1781160455000,55520.0,55520.0,55520.0,55520.0,60
1781160460000,55518.0,55537.8,55510.0,55510.0,720
1781160470000,55510.0,55510.0,55510.0,55510.0,60
1781160480000,55510.0,55510.0,55509.0,55509.0,60
1781160485000,55508.0,55508.0,55500.0,55500.0,150
1781160490000,55478.8,55478.8,55478.8,55478.8,120
1781160500000,55507.0,55507.0,55507.0,55507.0,180
1781160505000,55484.0,55484.0,55484.0,55484.0,30
1781160520000,55484.0,55484.0,55484.0,55484.0,60
1781160525000,55490.0,55490.0,55490.0,55490.0,60
1781160530000,55503.6,55503.6,55503.6,55503.6,30
1781160535000,55501.6,55501.6,55501.6,55501.6,60
1781160545000,55490.0,55490.0,55490.0,55490.0,60
1781160550000,55488.8,55488.8,55472.2,55472.2,120
1781160555000,55472.0,55472.0,55470.0,55470.0,60
1781160560000,55470.0,55470.0,55461.0,55461.0,60
1781160565000,55455.0,55475.0,55455.0,55475.0,120
1781160570000,55451.6,55470.0,55451.6,55470.0,120
1781160575000,55450.0,55450.0,55450.0,55450.0,150
1781160580000,55450.0,55450.0,55450.0,55450.0,60
1781160585000,55465.0,55465.0,55465.0,55465.0,60
1781160590000,55470.0,55470.0,55470.0,55470.0,30
1781160595000,55452.0,55452.0,55451.0,55451.0,60
1781160600000,55450.0,55450.0,55450.0,55450.0,420
1781160605000,55450.0,55450.0,55450.0,55450.0,30
1781160610000,55450.0,55450.0,55450.0,55450.0,30
1781160620000,55447.2,55447.2,55447.2,55447.2,30
1781160625000,55445.6,55445.6,55445.6,55445.6,30
1781160635000,55446.6,55446.6,55444.0,55444.0,90
1781160640000,55442.0,55460.0,55440.0,55460.0,420
1781160645000,55435.0,55435.0,55435.0,55435.0,60
1781160650000,55435.0,55435.0,55435.0,55435.0,300
1781160655000,55435.0,55435.0,55435.0,55435.0,30
1781160665000,55435.0,55435.0,55435.0,55435.0,30
1781160670000,55435.0,55435.0,55435.0,55435.0,180
1781160675000,55444.0,55444.0,55440.0,55440.0,60
1781160685000,55444.0,55444.0,55430.0,55430.0,180
1781160690000,55432.0,55450.0,55430.0,55450.0,120
1781160700000,55455.0,55455.0,55455.0,55455.0,30
1781160705000,55440.0,55440.0,55440.0,55440.0,30
1781160720000,55440.0,55440.0,55440.0,55440.0,60
1781160725000,55440.0,55440.0,55440.0,55440.0,60
1781160730000,55440.0,55440.0,55440.0,55440.0,60
1781160740000,55457.0,55457.0,55457.0,55457.0,30
1781160750000,55460.0,55474.2,55460.0,55474.2,240
1781160755000,55475.0,55475.0,55475.0,55475.0,60
1781160765000,55468.0,55470.0,55468.0,55470.0,60
1781160770000,55440.2,55440.2,55440.2,55440.2,60
1781160775000,55475.0,55475.0,55475.0,55475.0,300
1781160780000,55478.8,55478.8,55440.0,55470.6,150
1781160795000,55434.2,55434.2,55434.2,55434.2,990
1781160835000,55475.0,55475.0,55475.0,55475.0,150
1781160840000,55441.6,55441.6,55441.6,55441.6,60
1781160850000,55441.2,55441.2,55441.2,55441.2,30
1781160860000,55475.0,55475.0,55475.0,55475.0,180
1781160865000,55445.2,55445.2,55445.2,55445.2,30
1781160870000,55470.0,55470.0,55470.0,55470.0,30
1781160880000,55469.0,55469.0,55455.0,55455.0,60
1781160895000,55455.0,55455.0,55455.0,55455.0,30
1781160905000,55456.4,55456.4,55456.4,55456.4,30
1781160910000,55460.0,55475.0,55460.0,55475.0,210
1781160920000,55459.0,55459.0,55459.0,55459.0,30
1781160930000,55450.0,55450.0,55450.0,55450.0,180
1781160935000,55459.0,55459.0,55459.0,55459.0,30
1781160945000,55450.2,55450.2,55450.2,55450.2,30
1781160955000,55450.0,55470.0,55450.0,55470.0,90
1781160960000,55450.0,55450.0,55449.8,55449.8,120
1781160965000,55465.0,55465.0,55465.0,55465.0,30
1781160975000,55470.2,55470.2,55470.2,55470.2,30
1781160980000,55475.0,55475.0,55475.0,55475.0,120
1781160985000,55475.0,55479.0,55475.0,55479.0,180
1781160990000,55480.0,55494.0,55480.0,55494.0,210
1781160995000,55480.0,55489.0,55480.0,55489.0,180
1781161000000,55490.0,55498.8,55490.0,55498.8,390
1781161005000,55498.8,55499.0,55498.8,55499.0,150
1781161010000,55500.0,55500.0,55500.0,55500.0,210
1781161015000,55500.0,55500.0,55500.0,55500.0,180
1781161020000,55500.0,55500.0,55500.0,55500.0,150
1781161025000,55485.0,55485.0,55485.0,55485.0,90
1781161030000,55510.0,55510.0,55510.0,55510.0,150
1781161035000,55485.0,55504.8,55485.0,55504.8,270
1781161040000,55511.2,55511.2,55511.2,55511.2,240
1781161045000,55485.4,55503.0,55485.4,55503.0,180
1781161050000,55485.6,55508.4,55485.6,55508.4,210
1781161060000,55470.0,55470.0,55470.0,55470.0,930
1781161065000,55460.6,55470.0,55460.6,55470.0,690
1781161070000,55470.4,55470.4,55470.4,55470.4,30
1781161075000,55500.0,55500.0,55500.0,55500.0,30
1781161080000,55470.2,55503.6,55470.2,55503.6,300
1781161085000,55496.8,55496.8,55496.8,55496.8,180
1781161095000,55503.6,55508.0,55475.2,55475.2,270
1781161100000,55508.0,55508.0,55508.0,55508.0,180
1781161105000,55508.0,55508.0,55508.0,55508.0,180
1781161110000,55511.0,55525.0,55511.0,55525.0,300
1781161115000,55525.0,55530.0,55508.0,55530.0,210
1781161120000,55530.6,55530.6,55508.0,55508.0,90
1781161125000,55532.0,55532.0,55525.0,55525.0,180
1781161130000,55508.0,55534.6,55508.0,55534.6,330
1781161135000,55534.6,55534.6,55534.6,55534.6,180
1781161140000,55535.0,55535.0,55535.0,55535.0,210
1781161150000,55540.0,55542.6,55535.0,55535.0,300
1781161155000,55544.2,55544.2,55536.0,55536.0,240
1781161160000,55548.0,55548.0,55548.0,55548.0,180
1781161165000,55548.0,55548.0,55548.0,55548.0,150
1781161170000,55549.0,55549.8,55549.0,55549.8,360
1781161175000,55548.6,55548.6,55546.2,55546.2,360
1781161180000,55540.0,55546.0,55540.0,55546.0,240
1781161185000,55548.6,55548.6,55524.0,55545.0,240
1781161190000,55548.0,55548.0,55527.0,55527.0,60
1781161195000,55538.4,55538.4,55538.4,55538.4,240
1781161200000,55550.0,55550.0,55546.0,55550.0,900
1781161205000,55550.0,55550.0,55550.0,55550.0,150
1781161210000,55550.0,55550.0,55550.0,55550.0,150
1781161215000,55550.0,55554.0,55550.0,55554.0,1260
1781161220000,55550.0,55555.0,55550.0,55554.0,1470
1781161225000,55555.6,55558.0,55554.0,55554.0,270
1781161230000,55559.0,55567.0,55559.0,55565.0,810
1781161235000,55567.0,55570.0,55567.0,55570.0,360
1781161240000,55570.0,55570.0,55567.0,55570.0,390
1781161245000,55571.0,55573.8,55570.0,55573.6,420
1781161250000,55575.0,55580.0,55571.0,55580.0,1050
1781161255000,55580.0,55580.0,55570.0,55570.0,450
1781161260000,55565.0,55570.4,55565.0,55570.4,210
1781161265000,55569.0,55569.0,55550.0,55550.0,600
1781161270000,55540.2,55540.2,55540.2,55540.2,30
1781161275000,55560.0,55567.8,55560.0,55567.8,690
1781161280000,55575.0,55580.0,55575.0,55580.0,570
1781161285000,55579.8,55579.8,55576.8,55576.8,60
1781161290000,55580.0,55580.0,55580.0,55580.0,60
1781161295000,55580.0,55580.0,55570.0,55570.0,390
1781161300000,55570.0,55580.0,55570.0,55580.0,390
1781161305000,55580.0,55580.0,55565.8,55565.8,240
1781161310000,55578.4,55578.4,55578.4,55578.4,60
1781161315000,55580.0,55580.0,55580.0,55580.0,150
1781161325000,55578.4,55580.0,55577.0,55580.0,600
1781161330000,55565.0,55579.0,55565.0,55579.0,240
1781161335000,55579.0,55580.0,55563.8,55563.8,780
1781161340000,55578.0,55578.0,55578.0,55578.0,210
1781161345000,55583.0,55583.0,55583.0,55583.0,30
1781161350000,55580.0,55580.0,55580.0,55580.0,60
1781161360000,55580.0,55580.0,55580.0,55580.0,60
1781161365000,55576.0,55580.0,55576.0,55580.0,210
1781161370000,55584.0,55584.0,55570.0,55570.0,90
1781161375000,55573.6,55580.0,55573.6,55580.0,90
1781161380000,55580.0,55580.0,55580.0,55580.0,30
1781161385000,55584.0,55584.0,55584.0,55584.0,30
1781161390000,55588.0,55588.6,55584.0,55588.6,1590
1781161395000,55580.0,55589.8,55580.0,55589.8,690
1781161400000,55584.0,55588.6,55584.0,55588.6,60
1781161405000,55590.0,55590.0,55587.0,55587.0,120
1781161410000,55585.0,55594.0,55585.0,55594.0,720
1781161415000,55581.0,55595.0,55581.0,55595.0,1230
1781161420000,55568.2,55594.8,55568.2,55594.8,90
1781161425000,55581.0,55581.0,55581.0,55581.0,30
1781161430000,55595.0,55595.0,55595.0,55595.0,210
1781161435000,55591.2,55595.0,55591.2,55595.0,210
1781161440000,55595.0,55597.0,55595.0,55597.0,480
1781161445000,55598.0,55599.0,55598.0,55599.0,600
1781161450000,55596.0,55596.0,55596.0,55596.0,60
1781161455000,55596.0,55596.0,55581.8,55581.8,300
1781161460000,55583.8,55583.8,55583.8,55583.8,90
1781161465000,55585.0,55599.0,55585.0,55599.0,180
1781161470000,55595.4,55599.8,55595.4,55599.0,630
1781161475000,55599.8,55600.0,55572.0,55572.0,750
1781161480000,55600.0,55600.0,55600.0,55600.0,300
1781161485000,55574.4,55600.0,55574.4,55600.0,150
1781161490000,55574.4,55600.0,55574.4,55600.0,120
1781161495000,55574.4,55574.4,55573.8,55573.8,90
1781161500000,55600.0,55610.0,55598.2,55610.0,4590
1781161505000,55616.0,55616.0,55610.0,55616.0,210
1781161510000,55616.0,55616.0,55610.0,55610.0,180
1781161515000,55607.0,55616.0,55594.0,55594.0,330
1781161520000,55606.0,55620.0,55606.0,55610.0,780
1781161525000,55600.0,55600.0,55600.0,55600.0,90
1781161530000,55614.2,55614.2,55586.0,55586.0,210
1781161535000,55600.0,55600.0,55585.0,55586.0,120
1781161540000,55586.0,55586.0,55575.0,55575.0,300
1781161545000,55586.0,55586.0,55571.0,55586.0,210
1781161550000,55586.0,55586.0,55586.0,55586.0,30
1781161555000,55585.0,55595.0,55570.0,55595.0,330
1781161560000,55600.0,55600.0,55600.0,55600.0,90
1781161565000,55596.2,55600.0,55596.2,55600.0,60
1781161570000,55598.8,55598.8,55573.6,55573.6,60
1781161575000,55596.2,55596.2,55596.2,55596.2,30
1781161580000,55576.2,55576.2,55572.6,55572.6,90
1781161585000,55570.0,55599.0,55570.0,55599.0,90
1781161590000,55596.0,55599.4,55596.0,55599.4,60
1781161595000,55590.0,55590.0,55570.0,55570.0,330
1781161600000,55578.0,55578.0,55578.0,55578.0,30
1781161605000,55576.0,55576.0,55570.0,55570.0,180
1781161610000,55561.0,55581.2,55561.0,55581.2,210
1781161615000,55589.6,55589.6,55586.6,55586.6,90
1781161620000,55575.6,55585.6,55575.6,55585.6,60
1781161625000,55586.2,55586.2,55559.0,55559.0,1050
1781161630000,55571.6,55588.0,55571.6,55588.0,180
1781161635000,55579.8,55579.8,55554.4,55554.4,180
1781161640000,55552.2,55552.2,55552.2,55552.2,30
1781161650000,55575.0,55575.0,55575.0,55575.0,30
1781161655000,55565.6,55565.6,55565.6,55565.6,60
1781161670000,55557.0,55557.0,55557.0,55557.0,60
1781161680000,55579.0,55579.0,55579.0,55579.0,60
1781161685000,55557.2,55557.2,55557.2,55557.2,60
1781161690000,55570.0,55570.0,55570.0,55570.0,360
1781161695000,55591.6,55591.8,55560.4,55560.4,1290
1781161700000,55560.4,55560.4,55555.2,55557.8,210
1781161705000,55560.0,55560.4,55555.0,55560.4,240
1781161710000,55561.6,55579.0,55561.6,55579.0,90
1781161715000,55561.6,55583.2,55560.0,55583.2,120
1781161725000,55557.0,55557.0,55557.0,55557.0,60
1781161730000,55557.0,55557.0,55557.0,55557.0,30
1781161735000,55557.0,55575.8,55557.0,55575.8,60
1781161740000,55573.6,55573.6,55573.6,55573.6,30
1781161745000,55583.0,55583.0,55583.0,55583.0,60
1781161750000,55556.0,55556.0,55556.0,55556.0,30
1781161755000,55583.0,55583.0,55583.0,55583.0,30
1781161760000,55589.0,55589.0,55589.0,55589.0,90
1781161765000,55590.0,55590.0,55590.0,55590.0,30
1781161770000,55588.0,55588.0,55588.0,55588.0,30
1781161775000,55589.0,55589.0,55589.0,55589.0,30
1781161780000,55588.0,55590.0,55588.0,55590.0,120
1781161785000,55592.0,55593.0,55592.0,55593.0,60
1781161790000,55595.0,55595.0,55588.0,55588.0,90
1781161800000,55588.2,55597.0,55588.2,55597.0,150
1781161805000,55588.4,55599.0,55588.4,55599.0,60
1781161810000,55599.0,55599.0,55595.0,55595.0,150
1781161815000,55600.0,55600.0,55600.0,55600.0,330
1781161820000,55597.0,55600.0,55597.0,55600.0,660
1781161825000,55604.6,55605.0,55595.0,55595.0,390
1781161830000,55603.8,55603.8,55595.0,55595.0,240
1781161835000,55565.0,55565.0,55565.0,55565.0,480
1781161840000,55581.4,55581.4,55581.4,55581.4,90
1781161845000,55592.2,55592.2,55592.2,55592.2,120
1781161855000,55590.0,55590.0,55590.0,55590.0,30
1781161870000,55590.0,55599.0,55590.0,55599.0,180
1781161875000,55592.0,55599.0,55592.0,55599.0,60
1781161885000,55592.0,55592.0,55592.0,55592.0,180
1781161900000,55580.0,55580.0,55580.0,55580.0,30
1781161905000,55568.2,55568.2,55568.2,55568.2,30
1781161910000,55568.0,55568.0,55568.0,55568.0,60
1781161915000,55556.2,55556.2,55556.2,55556.2,30
1781161925000,55560.8,55560.8,55560.8,55560.8,60
1781161930000,55566.8,55566.8,55566.8,55566.8,30
1781161940000,55565.0,55585.0,55565.0,55585.0,180
1781161945000,55590.0,55595.0,55573.8,55595.0,540
1781161950000,55600.0,55609.8,55600.0,55609.8,330
1781161955000,55598.0,55610.0,55589.8,55610.0,120
1781161970000,55609.8,55609.8,55609.8,55609.8,30
1781161975000,55609.0,55610.0,55609.0,55610.0,90
1781161980000,55609.8,55609.8,55609.8,55609.8,30
1781161985000,55609.8,55615.0,55609.8,55612.8,300
1781161990000,55612.8,55616.0,55612.8,55616.0,120
1781161995000,55611.8,55611.8,55611.8,55611.8,30
1781162000000,55612.8,55612.8,55602.6,55602.6,480
1781162005000,55570.0,55590.2,55570.0,55590.2,1530
1781162010000,55580.6,55599.0,55580.6,55599.0,180
1781162015000,55599.6,55599.6,55574.4,55574.4,1740
1781162020000,55600.0,55610.0,55600.0,55610.0,210
1781162025000,55566.2,55602.2,55566.2,55588.8,3510
1781162030000,55606.4,55609.8,55579.0,55609.8,570
1781162035000,55607.2,55607.2,55598.0,55598.0,60
1781162040000,55598.0,55608.0,55598.0,55608.0,120
1781162045000,55609.8,55609.8,55608.0,55608.0,90
1781162050000,55610.0,55610.0,55608.0,55608.0,390
1781162055000,55585.6,55585.6,55585.6,55585.6,30
1781162070000,55605.0,55611.8,55605.0,55611.8,270
1781162075000,55598.4,55610.0,55598.4,55610.0,150
1781162080000,55597.2,55597.2,55592.6,55592.6,60
1781162085000,55602.6,55602.6,55602.6,55602.6,420
1781162090000,55614.8,55614.8,55614.8,55614.8,60
1781162100000,55607.4,55607.4,55602.6,55602.6,90
1781162105000,55602.6,55602.6,55602.6,55602.6,150
1781162110000,55614.8,55614.8,55614.8,55614.8,30
1781162115000,55615.0,55615.0,55615.0,55615.0,60
1781162125000,55606.2,55606.2,55606.2,55606.2,120
1781162130000,55592.6,55592.6,55592.6,55592.6,30
1781162135000,55592.6,55592.6,55592.6,55592.6,30
1781162145000,55592.6,55592.6,55592.6,55592.6,180
1781162150000,55592.6,55592.6,55592.6,55592.6,90
1781162160000,55606.2,55619.0,55593.4,55593.4,1290
1781162165000,55600.4,55600.4,55596.4,55596.4,180
1781162170000,55610.8,55610.8,55610.8,55610.8,30
1781162175000,55611.0,55611.0,55611.0,55611.0,30
1781162180000,55618.0,55618.0,55618.0,55618.0,30
1781162185000,55615.2,55615.2,55615.2,55615.2,360
1781162190000,55619.0,55619.0,55618.0,55618.0,90
1781162195000,55619.4,55619.4,55619.4,55619.4,30
1781162200000,55620.0,55630.0,55616.0,55619.4,1860
1781162205000,55629.0,55629.0,55629.0,55629.0,30
1781162215000,55629.0,55629.0,55629.0,55629.0,30
1781162220000,55629.0,55629.0,55619.4,55619.4,90
1781162225000,55629.0,55629.0,55619.4,55619.4,270
1781162230000,55621.2,55621.2,55621.2,55621.2,300
1781162235000,55613.2,55613.2,55586.2,55586.2,210
1781162240000,55628.6,55628.6,55628.6,55628.6,90
1781162245000,55628.6,55628.6,55602.0,55625.8,270
1781162250000,55596.8,55615.0,55596.8,55615.0,90
1781162260000,55605.0,55615.0,55605.0,55615.0,60
1781162270000,55615.0,55615.0,55615.0,55615.0,30
1781162275000,55615.0,55625.0,55615.0,55625.0,60
1781162280000,55624.0,55624.0,55624.0,55624.0,60
1781162285000,55623.0,55623.0,55615.0,55615.0,120
1781162290000,55615.0,55627.4,55601.8,55601.8,510
1781162295000,55627.6,55627.6,55600.4,55600.4,90
1781162300000,55600.4,55615.0,55600.4,55615.0,60
1781162305000,55621.6,55623.2,55621.6,55623.2,270
1781162310000,55601.0,55601.0,55601.0,55601.0,210
1781162315000,55612.4,55613.4,55600.0,55600.0,120
1781162320000,55600.0,55600.0,55600.0,55600.0,270
1781162325000,55593.0,55593.0,55593.0,55593.0,150
1781162330000,55591.0,55591.0,55591.0,55591.0,60
1781162335000,55597.4,55597.4,55586.4,55586.4,360
1781162340000,55586.4,55586.4,55586.4,55586.4,30
1781162345000,55586.8,55590.0,55586.8,55590.0,180
1781162350000,55585.2,55585.2,55585.2,55585.2,30
1781162355000,55585.0,55586.0,55585.0,55586.0,300
1781162360000,55575.2,55575.2,55575.0,55575.0,240
1781162365000,55580.6,55580.6,55580.6,55580.6,30
1781162370000,55580.6,55581.2,55570.0,55570.0,570
1781162375000,55560.0,55560.0,55551.2,55551.2,210
1781162380000,55552.0,55552.0,55552.0,55552.0,120
1781162385000,55552.0,55565.2,55552.0,55552.0,270
1781162390000,55552.0,55552.0,55550.0,55550.0,120
1781162395000,55550.0,55552.0,55550.0,55550.0,150
1781162400000,55550.0,55550.0,55549.8,55549.8,240
1781162405000,55563.0,55563.0,55549.0,55549.0,120
1781162410000,55548.0,55548.0,55548.0,55548.0,60
1781162415000,55544.0,55565.0,55544.0,55565.0,120
1781162420000,55547.0,55547.0,55541.8,55541.8,120
1781162425000,55568.8,55568.8,55568.8,55568.8,30
1781162430000,55538.0,55538.0,55538.0,55538.0,30
1781162435000,55538.6,55538.6,55538.6,55538.6,30
1781162440000,55538.0,55575.0,55538.0,55575.0,600
1781162445000,55539.0,55539.0,55539.0,55539.0,30
1781162450000,55547.2,55547.2,55544.4,55544.4,540
1781162455000,55550.0,55575.0,55550.0,55575.0,480
1781162460000,55575.0,55575.0,55575.0,55575.0,30
1781162465000,55574.8,55574.8,55574.8,55574.8,30
1781162470000,55555.0,55574.8,55555.0,55574.8,1530
1781162475000,55580.0,55580.0,55580.0,55580.0,90
1781162480000,55562.2,55562.2,55562.2,55562.2,30
1781162495000,55580.0,55580.0,55560.0,55560.0,120
1781162510000,55550.0,55550.0,55550.0,55550.0,120
1781162515000,55548.0,55548.0,55541.0,55541.0,360
1781162520000,55548.0,55548.0,55548.0,55548.0,30
1781162530000,55535.0,55548.0,55534.0,55534.0,210
1781162535000,55526.0,55526.0,55526.0,55526.0,450
1781162545000,55530.0,55530.0,55526.0,55526.0,60
1781162550000,55530.0,55530.0,55530.0,55530.0,30
1781162560000,55526.0,55526.0,55526.0,55526.0,300
1781162565000,55526.0,55526.0,55526.0,55526.0,60
1781162570000,55520.0,55520.0,55520.0,55520.0,60
1781162575000,55509.0,55509.0,55505.0,55505.0,420
1781162580000,55520.4,55520.4,55512.0,55512.0,540
1781162585000,55512.0,55512.0,55512.0,55512.0,30
1781162590000,55515.0,55515.0,55508.2,55508.2,60
1781162595000,55505.0,55505.0,55505.0,55505.0,60
1781162600000,55512.0,55512.0,55510.0,55510.0,420
1781162605000,55530.0,55530.0,55530.0,55530.0,30
1781162610000,55548.0,55548.0,55548.0,55548.0,90
1781162615000,55528.4,55548.0,55528.4,55548.0,240
1781162625000,55540.0,55548.0,55540.0,55548.0,90
1781162640000,55544.0,55544.0,55544.0,55544.0,30
1781162645000,55548.0,55550.0,55548.0,55550.0,270
1781162650000,55549.0,55549.0,55549.0,55549.0,90
1781162655000,55550.0,55550.0,55550.0,55550.0,90
1781162665000,55550.0,55550.0,55548.0,55548.0,150
1781162700000,55550.0,55550.0,55540.0,55540.0,60
1781162705000,55540.0,55540.0,55540.0,55540.0,30
1781162715000,55540.0,55540.0,55540.0,55540.0,30
1781162745000,55516.0,55523.6,55516.0,55523.6,270
1781162755000,55517.0,55517.0,55517.0,55517.0,60
1781162760000,55520.0,55520.0,55520.0,55520.0,30
1781162765000,55520.0,55520.0,55520.0,55520.0,150
1781162775000,55540.0,55540.0,55540.0,55540.0,210
1781162780000,55550.0,55550.0,55550.0,55550.0,60
1781162785000,55529.8,55550.0,55529.8,55550.0,180
1781162795000,55540.0,55540.0,55540.0,55540.0,30
1781162805000,55526.8,55526.8,55526.8,55526.8,120
1781162810000,55540.0,55540.0,55540.0,55540.0,30
1781162830000,55550.0,55550.0,55550.0,55550.0,30
1781162835000,55550.0,55550.0,55550.0,55550.0,60
1781162845000,55560.0,55560.0,55560.0,55560.0,30
1781162850000,55568.0,55568.0,55568.0,55568.0,150
1781162855000,55569.0,55569.0,55569.0,55569.0,30
1781162860000,55575.0,55575.0,55575.0,55575.0,60
1781162865000,55565.2,55570.0,55565.2,55570.0,90
1781162870000,55575.0,55589.0,55575.0,55589.0,120
1781162875000,55590.0,55590.0,55590.0,55590.0,60
1781162880000,55590.0,55590.0,55590.0,55590.0,60
1781162885000,55592.0,55595.0,55592.0,55595.0,270
1781162895000,55598.0,55599.0,55598.0,55599.0,120
1781162900000,55599.0,55599.0,55599.0,55599.0,30
1781162910000,55599.8,55600.0,55599.8,55600.0,150
1781162915000,55600.0,55600.0,55600.0,55600.0,420
1781162920000,55600.0,55600.0,55600.0,55600.0,90
1781162925000,55600.0,55600.0,55600.0,55600.0,30
1781162930000,55600.0,55600.0,55600.0,55600.0,30
1781162935000,55599.6,55599.6,55599.6,55599.6,30
1781162945000,55599.6,55599.6,55599.6,55599.6,30
1781162950000,55600.0,55600.0,55600.0,55600.0,30
1781162955000,55599.6,55599.6,55599.6,55599.6,90
1781162960000,55599.4,55599.4,55599.4,55599.4,30
1781162965000,55580.0,55580.0,55580.0,55580.0,30
1781162975000,55580.0,55580.0,55580.0,55580.0,30
1781162980000,55580.0,55580.0,55580.0,55580.0,120
1781162985000,55581.2,55581.2,55581.2,55581.2,30
1781162990000,55592.4,55597.0,55592.4,55597.0,150
1781163000000,55605.0,55610.0,55605.0,55610.0,600
1781163005000,55625.0,55626.0,55625.0,55626.0,840
1781163010000,55614.2,55630.0,55614.2,55630.0,600
1781163015000,55634.0,55634.0,55620.0,55634.0,600
1781163020000,55635.0,55640.0,55634.0,55637.0,1140
1781163025000,55640.0,55640.0,55637.0,55639.6,240
1781163030000,55640.0,55640.0,55640.0,55640.0,30
1781163035000,55640.0,55640.0,55640.0,55640.0,270
1781163040000,55640.0,55640.0,55640.0,55640.0,60
1781163045000,55634.0,55640.0,55634.0,55640.0,270
1781163050000,55635.0,55635.0,55634.0,55634.0,60
1781163055000,55640.0,55640.6,55640.0,55640.0,450
1781163060000,55641.0,55643.0,55640.2,55640.2,120
1781163065000,55643.0,55648.0,55643.0,55648.0,540
1781163070000,55646.0,55650.0,55646.0,55650.0,2130
1781163075000,55650.0,55650.0,55639.0,55643.0,300
1781163080000,55635.0,55635.0,55635.0,55635.0,30
1781163085000,55640.0,55640.8,55640.0,55640.8,120
1781163095000,55627.0,55627.0,55622.0,55622.0,90
1781163100000,55620.0,55620.0,55620.0,55620.0,180
1781163105000,55619.6,55619.6,55611.0,55611.0,90
1781163115000,55601.0,55601.0,55601.0,55601.0,30
1781163120000,55604.0,55604.0,55604.0,55604.0,30
1781163125000,55609.0,55620.0,55609.0,55620.0,210
1781163130000,55613.8,55613.8,55600.0,55600.0,120
1781163135000,55600.0,55602.0,55600.0,55602.0,60
1781163140000,55601.0,55601.0,55592.0,55592.0,60
1781163145000,55591.0,55599.8,55591.0,55599.4,120
1781163150000,55581.0,55590.0,55581.0,55590.0,120
1781163155000,55572.0,55572.0,55565.0,55565.0,120
1781163160000,55570.0,55570.0,55566.0,55570.0,90
1781163165000,55572.0,55572.0,55565.0,55565.0,90
1781163170000,55580.0,55580.0,55580.0,55580.0,30
1781163175000,55586.0,55590.0,55586.0,55590.0,60
1781163180000,55570.0,55570.0,55570.0,55570.0,90
1781163190000,55590.0,55590.0,55590.0,55590.0,30
1781163195000,55589.8,55589.8,55589.8,55589.8,30
1781163230000,55581.2,55581.2,55567.0,55567.0,90
1781163235000,55567.0,55567.0,55567.0,55567.0,30
1781163250000,55567.0,55567.0,55567.0,55567.0,60
1781163255000,55586.0,55586.0,55586.0,55586.0,30
1781163260000,55589.8,55590.0,55567.0,55590.0,150
1781163265000,55590.0,55590.0,55590.0,55590.0,90
1781163270000,55589.8,55589.8,55564.0,55564.0,60
1781163275000,55585.0,55585.0,55585.0,55585.0,30
1781163285000,55561.0,55561.0,55561.0,55561.0,30
1781163290000,55560.0,55560.0,55560.0,55560.0,60
1781163300000,55560.0,55560.0,55560.0,55560.0,90
1781163305000,55570.0,55570.0,55570.0,55570.0,30
1781163310000,55560.0,55560.0,55560.0,55560.0,30
1781163315000,55570.0,55570.0,55570.0,55570.0,300
1781163320000,55565.0,55565.0,55560.0,55560.0,120
1781163335000,55560.0,55560.0,55556.0,55556.0,60
1781163340000,55560.0,55560.0,55560.0,55560.0,30
1781163345000,55560.0,55560.0,55560.0,55560.0,750
1781163350000,55560.0,55560.0,55560.0,55560.0,90
1781163360000,55560.0,55560.0,55560.0,55560.0,30
1781163365000,55556.0,55556.0,55556.0,55556.0,30
1781163370000,55556.0,55556.0,55556.0,55556.0,30
1781163375000,55556.0,55556.0,55556.0,55556.0,30
1781163380000,55553.0,55553.0,55553.0,55553.0,90
1781163390000,55551.0,55553.0,55551.0,55553.0,120
1781163395000,55553.0,55560.0,55553.0,55560.0,150
1781163410000,55560.0,55560.0,55560.0,55560.0,30
1781163415000,55550.2,55550.2,55550.2,55550.2,30
1781163420000,55570.0,55570.0,55570.0,55570.0,510
1781163430000,55540.0,55540.0,55540.0,55540.0,300
1781163435000,55548.6,55548.6,55548.6,55548.6,30
1781163440000,55545.6,55545.6,55545.6,55545.6,30
1781163465000,55543.0,55543.0,55543.0,55543.0,30
1781163470000,55540.4,55540.4,55540.4,55540.4,30
1781163480000,55542.2,55542.2,55542.2,55542.2,30
1781163485000,55540.4,55568.0,55540.4,55568.0,180
1781163495000,55540.4,55540.4,55540.0,55540.0,120
1781163505000,55540.0,55540.0,55540.0,55540.0,60
1781163510000,55556.8,55556.8,55540.0,55540.0,120
1781163520000,55540.0,55540.0,55540.0,55540.0,60
1781163525000,55536.0,55536.0,55536.0,55536.0,180
1781163530000,55558.4,55558.4,55532.0,55532.0,90
1781163535000,55530.2,55530.2,55530.2,55530.2,210
1781163540000,55530.0,55530.0,55530.0,55530.0,90
1781163555000,55530.0,55530.0,55530.0,55530.0,90
1781163560000,55530.0,55530.0,55530.0,55530.0,90
1781163570000,55532.0,55532.0,55532.0,55532.0,30
1781163575000,55530.0,55530.0,55530.0,55530.0,30
1781163585000,55532.0,55532.0,55532.0,55532.0,30
1781163595000,55508.4,55508.4,55501.0,55501.0,1020
1781163600000,55501.0,55501.0,55500.0,55500.0,330
1781163605000,55500.0,55501.0,55500.0,55501.0,90
1781163610000,55500.0,55500.0,55500.0,55500.0,150
1781163615000,55494.0,55494.0,55494.0,55494.0,90
1781163620000,55494.0,55494.0,55494.0,55494.0,120
1781163625000,55501.6,55501.6,55494.0,55494.0,240
1781163630000,55494.0,55494.0,55494.0,55494.0,30
1781163635000,55494.0,55494.0,55494.0,55494.0,120
1781163640000,55498.2,55498.2,55498.2,55498.2,60
1781163645000,55494.0,55494.0,55494.0,55494.0,120
1781163650000,55495.0,55495.0,55494.0,55494.0,150
1781163665000,55495.0,55495.0,55494.0,55494.0,120
1781163670000,55490.0,55490.0,55490.0,55490.0,90
1781163675000,55490.0,55490.0,55490.0,55490.0,60
1781163680000,55485.2,55495.0,55485.2,55495.0,300
1781163690000,55490.0,55496.2,55490.0,55496.2,270
1781163695000,55490.0,55490.0,55485.0,55485.0,630
1781163700000,55485.0,55490.0,55485.0,55490.0,90
1781163705000,55484.0,55484.0,55484.0,55484.0,60
1781163710000,55490.0,55490.0,55481.0,55481.0,120
1781163715000,55480.0,55480.0,55476.0,55476.0,420
1781163720000,55476.0,55476.0,55476.0,55476.0,120
1781163725000,55475.2,55485.4,55466.8,55466.8,390
1781163730000,55466.8,55466.8,55466.8,55466.8,90
1781163735000,55460.0,55460.0,55457.4,55457.4,270
1781163740000,55428.2,55428.8,55425.6,55428.8,2550
1781163745000,55433.4,55434.2,55433.4,55434.2,300
1781163750000,55433.8,55433.8,55430.0,55433.8,180
1781163755000,55450.0,55450.0,55450.0,55450.0,60
1781163760000,55445.4,55445.4,55445.4,55445.4,60
1781163765000,55450.0,55450.0,55450.0,55450.0,30
1781163770000,55447.8,55447.8,55444.6,55444.6,150
1781163775000,55444.4,55450.0,55444.4,55450.0,300
1781163780000,55446.0,55461.0,55446.0,55450.0,270
1781163785000,55450.6,55450.6,55448.8,55448.8,90
1781163790000,55450.6,55470.0,55450.6,55470.0,90
1781163795000,55462.0,55462.0,55456.8,55456.8,180
1781163800000,55480.8,55480.8,55456.8,55456.8,60
1781163810000,55480.0,55480.0,55480.0,55480.0,30
1781163815000,55480.0,55480.0,55470.0,55470.0,60
1781163820000,55458.0,55458.0,55458.0,55458.0,90
1781163830000,55454.0,55454.0,55450.0,55450.0,150
1781163835000,55449.0,55449.0,55449.0,55449.0,1050
1781163840000,55452.2,55452.2,55451.4,55451.4,300
1781163845000,55449.2,55449.2,55449.2,55449.2,60
1781163850000,55432.0,55432.0,55430.0,55430.0,120
1781163855000,55422.0,55422.0,55422.0,55422.0,30
1781163860000,55416.0,55420.0,55416.0,55420.0,480
1781163865000,55435.0,55435.0,55422.0,55422.0,120
1781163870000,55426.0,55426.0,55426.0,55426.0,60
1781163875000,55425.2,55425.2,55425.2,55425.2,30
1781163880000,55449.0,55449.0,55425.0,55425.0,90
1781163885000,55422.0,55448.8,55420.0,55448.8,180
1781163895000,55420.0,55420.0,55420.0,55420.0,330
1781163900000,55447.0,55447.0,55417.8,55417.8,300
1781163905000,55420.0,55420.0,55416.0,55416.0,60
1781163910000,55415.8,55418.0,55415.6,55415.6,1530
1781163915000,55445.0,55445.0,55445.0,55445.0,180
1781163920000,55444.8,55444.8,55420.0,55420.0,330
1781163930000,55422.6,55422.6,55422.6,55422.6,30
1781163935000,55421.6,55425.0,55421.6,55425.0,240
1781163940000,55430.0,55430.0,55430.0,55430.0,180
1781163945000,55430.0,55430.0,55430.0,55430.0,210
1781163950000,55425.0,55425.0,55425.0,55425.0,30
1781163955000,55425.0,55425.0,55422.8,55422.8,60
1781163960000,55425.0,55440.0,55425.0,55440.0,750
1781163965000,55442.0,55442.0,55440.0,55440.0,300
1781163970000,55440.0,55440.0,55439.0,55439.0,90
1781163975000,55427.6,55440.0,55427.6,55440.0,150
1781163985000,55427.6,55427.6,55427.6,55427.6,30
1781163990000,55427.0,55427.0,55420.0,55420.0,90
1781163995000,55413.0,55413.0,55413.0,55413.0,420
1781164000000,55412.0,55412.0,55410.2,55410.2,180
1781164005000,55404.6,55404.6,55401.0,55401.0,1020
1781164010000,55401.0,55401.0,55385.0,55385.0,1710
1781164015000,55381.4,55383.0,55381.4,55383.0,330
1781164020000,55386.8,55386.8,55386.8,55386.8,30
1781164025000,55390.0,55410.0,55390.0,55410.0,240
1781164030000,55410.2,55410.2,55380.0,55380.0,510
1781164035000,55380.0,55380.0,55380.0,55380.0,210
1781164040000,55380.0,55380.0,55380.0,55380.0,180
1781164045000,55368.4,55370.8,55368.4,55370.8,780
1781164050000,55390.0,55395.2,55390.0,55395.2,300
1781164055000,55390.0,55390.0,55390.0,55390.0,30
1781164060000,55386.4,55386.4,55386.4,55386.4,840
1781164065000,55389.2,55389.2,55387.2,55387.2,390
1781164075000,55400.0,55400.0,55400.0,55400.0,30
1781164085000,55389.2,55390.0,55389.2,55390.0,150
1781164090000,55390.0,55390.0,55390.0,55390.0,90
1781164095000,55390.0,55390.0,55390.0,55390.0,240
1781164100000,55400.0,55400.0,55390.0,55390.0,90
1781164105000,55395.0,55395.0,55385.0,55385.0,360
1781164110000,55380.0,55386.8,55380.0,55386.8,180
1781164115000,55380.0,55380.0,55380.0,55380.0,180
1781164125000,55371.4,55375.0,55371.4,55375.0,150
1781164130000,55371.4,55371.4,55370.0,55370.0,150
1781164135000,55371.4,55371.4,55366.0,55366.0,510
1781164140000,55366.0,55375.0,55366.0,55375.0,60
1781164145000,55375.0,55375.0,55375.0,55375.0,30
1781164150000,55370.0,55370.0,55366.0,55366.0,270
1781164155000,55366.0,55366.0,55366.0,55366.0,30
1781164165000,55370.0,55370.0,55370.0,55370.0,60
1781164170000,55370.0,55370.0,55370.0,55370.0,60
1781164175000,55370.0,55383.0,55366.2,55383.0,120
1781164180000,55370.0,55380.0,55370.0,55380.0,150
1781164190000,55370.0,55370.0,55366.0,55366.0,150
1781164200000,55365.0,55367.0,55364.0,55364.0,990
1781164205000,55363.8,55363.8,55363.8,55363.8,120
1781164215000,55361.4,55363.8,55361.4,55363.8,60
1781164220000,55363.8,55371.0,55363.8,55371.0,210
1781164225000,55361.4,55361.4,55361.0,55361.0,540
1781164230000,55360.0,55360.0,55360.0,55360.0,90
1781164235000,55360.0,55370.0,55360.0,55370.0,90
1781164240000,55374.0,55374.0,55363.0,55363.0,60
1781164245000,55367.2,55367.2,55351.4,55351.4,390
1781164250000,55351.0,55351.0,55346.2,55346.2,2430
1781164255000,55350.0,55357.0,55350.0,55357.0,240
1781164260000,55357.0,55358.6,55334.4,55334.4,750
1781164265000,55334.0,55334.0,55322.0,55322.0,750
1781164270000,55319.0,55321.0,55310.0,55310.0,750
1781164275000,55310.0,55310.0,55310.0,55310.0,210
1781164280000,55310.0,55320.0,55310.0,55320.0,720
1781164285000,55327.8,55327.8,55327.8,55327.8,330
1781164290000,55310.0,55335.6,55310.0,55335.6,270
1781164295000,55338.4,55350.8,55338.4,55350.8,690
1781164300000,55333.4,55352.8,55333.4,55352.8,90
1781164305000,55340.0,55340.0,55340.0,55340.0,90
1781164310000,55327.8,55327.8,55318.0,55318.0,60
1781164315000,55331.2,55331.2,55326.8,55326.8,60
1781164320000,55315.0,55315.0,55315.0,55315.0,180
1781164325000,55326.2,55326.2,55315.0,55315.0,240
1781164330000,55320.2,55320.2,55310.0,55310.0,240
1781164335000,55310.0,55315.0,55310.0,55315.0,660
1781164340000,55311.0,55320.2,55311.0,55320.2,60
1781164345000,55315.0,55315.0,55315.0,55315.0,90
1781164350000,55315.0,55315.0,55315.0,55315.0,60
1781164355000,55315.0,55315.0,55315.0,55315.0,30
1781164370000,55316.0,55325.0,55316.0,55325.0,420
1781164375000,55316.0,55316.0,55316.0,55316.0,150
1781164380000,55320.0,55325.4,55316.0,55325.4,240
1781164385000,55316.8,55316.8,55316.8,55316.8,120
1781164390000,55339.0,55340.0,55339.0,55340.0,90
1781164395000,55339.2,55367.6,55339.0,55367.6,510
1781164400000,55339.0,55348.0,55339.0,55348.0,150
1781164405000,55350.0,55370.8,55350.0,55370.8,330
1781164410000,55375.0,55379.0,55375.0,55379.0,90
1781164415000,55379.0,55379.0,55379.0,55379.0,60
1781164420000,55380.0,55383.0,55370.0,55370.0,240
1781164425000,55370.8,55370.8,55370.0,55370.0,90
1781164430000,55355.0,55367.6,55355.0,55367.6,120
1781164435000,55356.6,55356.6,55356.6,55356.6,30
1781164445000,55330.0,55330.0,55325.0,55325.0,5070
1781164450000,55325.0,55325.0,55325.0,55325.0,30
1781164455000,55325.0,55325.0,55325.0,55325.0,30
1781164460000,55337.4,55337.4,55337.4,55337.4,30
1781164465000,55325.0,55340.8,55325.0,55340.8,240
1781164475000,55337.4,55337.4,55337.4,55337.4,30
1781164480000,55337.4,55337.4,55337.4,55337.4,90
1781164485000,55340.8,55340.8,55340.8,55340.8,30
1781164490000,55337.4,55356.6,55337.4,55356.6,150
1781164495000,55357.6,55357.6,55357.6,55357.6,30
1781164500000,55337.4,55358.6,55337.4,55358.6,120
1781164505000,55358.6,55358.6,55358.6,55358.6,30
1781164510000,55360.6,55360.6,55360.0,55360.0,180
1781164515000,55365.0,55365.0,55365.0,55365.0,810
1781164525000,55368.0,55378.0,55368.0,55378.0,90
1781164530000,55370.0,55370.0,55348.0,55348.0,1020
1781164535000,55346.8,55350.0,55346.8,55350.0,180
1781164540000,55330.0,55330.0,55330.0,55330.0,60
1781164545000,55330.0,55330.0,55330.0,55330.0,60
1781164550000,55325.0,55325.0,55325.0,55325.0,120
1781164555000,55321.6,55321.6,55321.6,55321.6,60
1781164560000,55325.0,55325.0,55322.0,55322.0,90
1781164570000,55341.8,55341.8,55320.0,55320.0,480
1781164575000,55318.6,55318.6,55316.0,55316.0,60
1781164580000,55318.6,55318.6,55311.0,55318.4,390
1781164590000,55311.0,55318.4,55311.0,55311.0,120
1781164595000,55310.0,55310.0,55310.0,55310.0,210
1781164600000,55305.8,55305.8,55305.8,55305.8,210
1781164605000,55305.8,55310.0,55305.0,55310.0,180
1781164610000,55310.0,55310.0,55310.0,55310.0,30
1781164615000,55305.8,55305.8,55305.8,55305.8,30
1781164620000,55316.0,55318.0,55316.0,55318.0,150
1781164630000,55318.0,55318.0,55316.0,55316.0,120
1781164635000,55316.0,55320.0,55316.0,55320.0,180
1781164640000,55320.0,55320.0,55296.6,55296.6,2550
1781164645000,55285.2,55285.2,55285.0,55285.0,90
1781164650000,55298.0,55300.0,55298.0,55300.0,210
1781164655000,55305.0,55305.0,55305.0,55305.0,510
1781164660000,55310.0,55310.0,55300.0,55310.0,390
1781164665000,55310.0,55310.0,55310.0,55310.0,60
1781164670000,55310.0,55310.0,55310.0,55310.0,510
1781164675000,55310.0,55310.0,55310.0,55310.0,180
1781164685000,55307.2,55307.2,55307.2,55307.2,60
1781164690000,55318.0,55318.0,55318.0,55318.0,30
1781164695000,55305.0,55310.0,55305.0,55310.0,180
1781164700000,55317.8,55317.8,55317.8,55317.8,30
1781164705000,55317.8,55317.8,55317.8,55317.8,60
1781164710000,55318.0,55330.0,55318.0,55330.0,870
1781164720000,55330.0,55330.0,55330.0,55330.0,60
1781164725000,55349.0,55349.0,55349.0,55349.0,90
1781164730000,55350.0,55350.0,55339.0,55339.0,450
1781164735000,55350.2,55350.2,55350.2,55350.2,30
1781164740000,55350.0,55350.0,55350.0,55350.0,30
1781164745000,55340.0,55340.0,55339.0,55339.0,270
1781164750000,55343.6,55343.6,55340.0,55340.0,420
1781164755000,55330.0,55330.0,55330.0,55330.0,30
1781164765000,55333.4,55333.4,55333.4,55333.4,60
1781164770000,55359.0,55359.0,55359.0,55359.0,30
1781164775000,55364.0,55364.0,55339.6,55339.6,60
1781164790000,55363.8,55366.6,55363.8,55366.6,120
1781164795000,55368.2,55368.2,55368.2,55368.2,60
1781164800000,55360.0,55360.0,55355.0,55355.0,270
1781164805000,55343.2,55360.0,55343.2,55360.0,60
1781164810000,55360.0,55363.2,55360.0,55363.2,300
1781164815000,55400.0,55400.0,55400.0,55400.0,270
1781164820000,55380.0,55400.0,55380.0,55400.0,60
1781164825000,55400.6,55400.6,55361.4,55361.4,90
1781164830000,55395.6,55395.6,55370.6,55370.6,210
1781164835000,55391.6,55391.6,55391.6,55391.6,30
1781164840000,55400.0,55400.0,55400.0,55400.0,180
1781164845000,55400.0,55400.0,55400.0,55400.0,420
1781164850000,55385.0,55385.0,55385.0,55385.0,30
1781164855000,55400.6,55400.6,55397.8,55397.8,150
1781164860000,55402.4,55402.4,55395.4,55395.4,210
1781164865000,55395.2,55396.2,55392.2,55396.2,420
1781164870000,55385.0,55385.0,55385.0,55385.0,30
1781164875000,55383.0,55383.0,55383.0,55383.0,30
1781164880000,55387.6,55387.6,55387.6,55387.6,30
1781164885000,55385.0,55397.4,55384.4,55384.4,420
1781164890000,55370.0,55370.0,55370.0,55370.0,120
1781164895000,55380.4,55380.4,55380.4,55380.4,30
1781164910000,55380.4,55380.4,55380.4,55380.4,30
1781164920000,55390.0,55390.0,55390.0,55390.0,90
1781164930000,55400.0,55400.0,55400.0,55400.0,30
1781164935000,55400.0,55400.0,55400.0,55400.0,60
1781164945000,55400.0,55400.0,55400.0,55400.0,90
1781164950000,55391.6,55391.6,55390.0,55390.0,60
1781164955000,55400.0,55400.0,55400.0,55400.0,30
1781164960000,55390.6,55399.0,55390.6,55399.0,90
1781164965000,55400.0,55400.0,55400.0,55400.0,150
1781164970000,55404.0,55410.0,55404.0,55410.0,120
1781164975000,55402.6,55402.6,55402.6,55402.6,30
1781164980000,55402.8,55402.8,55402.8,55402.8,30
1781164985000,55410.0,55410.0,55410.0,55410.0,30
1781164990000,55416.0,55416.0,55416.0,55416.0,120
1781164995000,55416.0,55416.0,55416.0,55416.0,30
1781165000000,55416.0,55416.0,55416.0,55416.0,30
1781165005000,55416.0,55425.0,55410.8,55410.8,300
1781165010000,55425.0,55425.0,55425.0,55425.0,60
1781165015000,55425.0,55430.0,55420.0,55420.0,390
1781165020000,55393.6,55393.6,55384.2,55384.2,960
1781165025000,55383.6,55383.6,55378.4,55378.4,1590
1781165030000,55377.2,55378.6,55377.2,55378.0,450
1781165035000,55410.6,55410.6,55377.2,55377.2,600
1781165040000,55377.6,55377.6,55359.2,55359.2,540
1781165045000,55358.8,55358.8,55352.0,55352.0,690
1781165050000,55350.0,55350.0,55334.4,55334.4,690
1781165055000,55334.8,55334.8,55326.0,55326.0,870
1781165060000,55328.4,55328.4,55321.2,55321.2,1050
1781165065000,55323.6,55323.6,55320.0,55320.0,390
1781165080000,55329.2,55329.2,55329.2,55329.2,60
1781165090000,55324.0,55324.0,55321.0,55321.0,150
1781165095000,55321.4,55330.0,55321.4,55330.0,90
1781165100000,55365.2,55365.2,55331.2,55331.2,450
1781165105000,55331.0,55358.2,55330.0,55330.0,90
1781165115000,55340.0,55375.0,55340.0,55375.0,90
1781165120000,55369.0,55369.0,55369.0,55369.0,30
1781165140000,55385.0,55385.0,55385.0,55385.0,30
1781165150000,55390.4,55390.4,55369.0,55369.0,180
1781165160000,55390.0,55390.0,55390.0,55390.0,30
1781165180000,55380.2,55380.2,55370.0,55370.0,60
1781165185000,55353.6,55353.6,55353.6,55353.6,60
1781165195000,55370.8,55370.8,55370.8,55370.8,30
1781165200000,55385.0,55385.0,55385.0,55385.0,90
1781165210000,55376.0,55376.0,55376.0,55376.0,30
1781165215000,55373.6,55390.0,55373.6,55390.0,90
1781165220000,55390.0,55390.0,55390.0,55390.0,630
1781165225000,55398.4,55398.4,55398.4,55398.4,150
1781165230000,55396.6,55398.0,55396.6,55398.0,720
1781165235000,55398.0,55398.0,55394.4,55394.4,630
1781165240000,55370.0,55394.2,55370.0,55394.2,60
1781165250000,55370.0,55398.0,55370.0,55398.0,60
1781165260000,55380.0,55380.0,55380.0,55380.0,120
1781165265000,55380.0,55380.0,55380.0,55380.0,30
1781165270000,55372.0,55372.0,55370.0,55370.0,60
1781165275000,55361.0,55361.0,55361.0,55361.0,30
1781165280000,55351.2,55351.2,55351.2,55351.2,30
1781165290000,55376.4,55376.4,55376.4,55376.4,30
1781165295000,55350.2,55350.2,55350.2,55350.2,60
1781165300000,55350.0,55350.0,55350.0,55350.0,180
1781165305000,55341.0,55341.0,55341.0,55341.0,30
1781165310000,55341.0,55341.0,55326.0,55340.0,120
1781165320000,55340.0,55340.0,55322.2,55322.2,60
1781165335000,55340.0,55340.0,55340.0,55340.0,30
1781165340000,55329.2,55329.2,55329.2,55329.2,60
1781165345000,55322.2,55322.2,55322.2,55322.2,30
1781165350000,55330.0,55330.0,55330.0,55330.0,60
1781165355000,55340.0,55340.0,55340.0,55340.0,30
1781165360000,55322.0,55329.2,55322.0,55322.0,120
1781165365000,55330.0,55330.0,55320.0,55320.0,150
1781165370000,55318.0,55318.0,55300.0,55300.0,1260
1781165375000,55282.6,55320.0,55282.6,55320.0,720
1781165380000,55292.0,55318.0,55292.0,55318.0,90
1781165385000,55287.4,55320.0,55287.4,55320.0,3060
1781165395000,55286.2,55286.2,55285.0,55285.0,960
1781165400000,55285.0,55291.4,55285.0,55291.4,480
1781165405000,55290.4,55290.4,55290.4,55290.4,30
1781165410000,55300.0,55305.0,55300.0,55305.0,690
1781165415000,55300.0,55310.0,55300.0,55310.0,360
1781165420000,55315.0,55320.0,55308.4,55320.0,360
1781165425000,55320.0,55320.0,55320.0,55320.0,300
1781165430000,55325.0,55325.0,55325.0,55325.0,210
1781165440000,55324.8,55324.8,55320.0,55320.0,60
1781165445000,55305.0,55310.0,55305.0,55310.0,60
1781165450000,55310.0,55310.0,55310.0,55310.0,30
1781165455000,55310.0,55310.0,55305.0,55305.0,510
1781165460000,55310.0,55310.0,55310.0,55310.0,30
1781165465000,55305.0,55310.0,55305.0,55310.0,120
1781165470000,55300.0,55300.0,55300.0,55300.0,660
1781165475000,55300.0,55300.0,55291.0,55291.0,90
1781165480000,55291.0,55291.0,55291.0,55291.0,60
1781165490000,55290.0,55290.0,55288.0,55290.0,300
1781165500000,55290.0,55300.0,55285.0,55285.0,690
1781165505000,55285.0,55285.0,55285.0,55285.0,150
1781165515000,55285.0,55300.0,55285.0,55300.0,90
1781165520000,55300.0,55300.0,55300.0,55300.0,30
1781165525000,55286.0,55300.0,55285.0,55300.0,270
1781165530000,55300.0,55300.0,55300.0,55300.0,570
1781165535000,55310.0,55310.0,55285.0,55285.0,240
1781165545000,55290.0,55290.0,55290.0,55290.0,30
1781165560000,55300.0,55300.0,55299.0,55299.0,60
1781165565000,55300.0,55300.0,55300.0,55300.0,270
1781165570000,55296.4,55296.4,55296.4,55296.4,30
1781165575000,55300.0,55300.0,55300.0,55300.0,60
1781165580000,55290.0,55290.0,55290.0,55290.0,90
1781165585000,55282.8,55290.0,55282.8,55290.0,540
1781165590000,55290.6,55290.6,55290.6,55290.6,30
1781165600000,55300.0,55300.0,55300.0,55300.0,60
1781165605000,55300.0,55300.0,55290.6,55290.6,60
1781165610000,55300.0,55300.0,55290.0,55290.0,210
1781165615000,55290.0,55290.0,55290.0,55290.0,120
1781165620000,55295.0,55295.0,55295.0,55295.0,180
1781165625000,55295.6,55295.6,55295.6,55295.6,30
1781165630000,55290.0,55290.0,55290.0,55290.0,30
1781165635000,55295.8,55295.8,55295.8,55295.8,30
1781165640000,55281.0,55281.0,55281.0,55281.0,60
1781165645000,55280.0,55281.2,55280.0,55280.4,180
1781165650000,55297.8,55297.8,55297.8,55297.8,180
1781165655000,55280.0,55280.0,55280.0,55280.0,30
1781165660000,55280.0,55280.0,55280.0,55280.0,210
1781165665000,55276.0,55276.0,55276.0,55276.0,330
1781165670000,55275.0,55275.0,55270.0,55270.0,660
1781165675000,55270.0,55275.0,55270.0,55270.0,150
1781165680000,55270.2,55275.0,55270.2,55275.0,120
1781165685000,55275.0,55280.0,55275.0,55280.0,150
1781165690000,55290.0,55290.0,55290.0,55290.0,120
1781165695000,55290.0,55290.0,55290.0,55290.0,60
1781165700000,55279.6,55279.6,55279.6,55279.6,240
1781165705000,55290.0,55290.0,55283.4,55283.4,120
1781165710000,55289.0,55289.0,55289.0,55289.0,90
1781165715000,55290.0,55290.0,55290.0,55290.0,60
1781165720000,55289.0,55289.0,55270.0,55270.0,210
1781165725000,55290.0,55290.0,55290.0,55290.0,120
1781165730000,55290.0,55290.0,55271.8,55271.8,150
1781165740000,55280.0,55280.0,55271.8,55271.8,240
1781165745000,55271.0,55271.0,55271.0,55271.0,360
1781165750000,55271.8,55271.8,55271.8,55271.8,480
1781165755000,55271.4,55271.4,55271.4,55271.4,60
1781165760000,55271.6,55271.6,55267.0,55267.0,330
1781165765000,55270.0,55280.0,55270.0,55270.0,330
1781165770000,55280.0,55280.0,55280.0,55280.0,30
1781165775000,55270.2,55270.2,55270.2,55270.2,90
1781165780000,55284.8,55284.8,55270.2,55270.2,210
1781165785000,55270.2,55270.2,55270.2,55270.2,30
1781165790000,55280.0,55280.0,55280.0,55280.0,30
1781165800000,55285.0,55285.0,55285.0,55285.0,60
1781165805000,55270.2,55270.2,55270.2,55270.2,30
1781165810000,55274.8,55274.8,55270.2,55274.0,360
1781165815000,55290.0,55290.0,55287.4,55287.4,390
1781165820000,55296.0,55300.0,55296.0,55298.0,540
1781165825000,55300.8,55310.0,55300.8,55310.0,1110
1781165830000,55309.6,55324.0,55309.6,55324.0,480
1781165835000,55327.0,55345.0,55327.0,55345.0,120
1781165840000,55324.0,55337.6,55324.0,55337.6,150
1781165845000,55311.0,55337.6,55311.0,55337.6,360
1781165850000,55341.4,55341.4,55313.8,55313.8,210
1781165855000,55336.0,55346.6,55332.8,55346.6,240
1781165865000,55335.0,55335.0,55335.0,55335.0,30
1781165870000,55312.0,55312.0,55306.4,55306.4,1080
1781165875000,55305.8,55305.8,55305.8,55305.8,180
1781165880000,55334.8,55334.8,55334.8,55334.8,30
1781165895000,55308.0,55309.4,55308.0,55309.4,390
1781165905000,55334.8,55334.8,55321.6,55321.6,120
1781165910000,55335.0,55335.0,55319.0,55319.0,60
1781165925000,55349.8,55349.8,55319.4,55319.4,210
1781165930000,55345.2,55345.2,55345.2,55345.2,30
1781165935000,55319.0,55319.0,55319.0,55319.0,30
1781165940000,55325.0,55325.0,55309.4,55309.4,120
1781165945000,55306.0,55306.0,55300.0,55300.0,210
1781165950000,55306.0,55306.0,55306.0,55306.0,30
1781165955000,55300.0,55300.0,55300.0,55300.0,60
1781165965000,55300.0,55300.0,55298.4,55298.4,120
1781165985000,55300.0,55300.0,55300.0,55300.0,30
1781165990000,55300.0,55300.0,55300.0,55300.0,30
1781166010000,55309.4,55309.4,55298.2,55298.2,60
1781166015000,55298.0,55298.0,55298.0,55298.0,60
1781166020000,55280.0,55280.0,55280.0,55280.0,120
1781166025000,55287.0,55298.0,55287.0,55298.0,150
1781166030000,55298.0,55298.0,55298.0,55298.0,30
1781166040000,55315.6,55315.6,55315.6,55315.6,30
1781166045000,55285.0,55285.0,55285.0,55285.0,90
1781166050000,55309.6,55309.6,55300.0,55300.0,60
1781166060000,55320.6,55320.6,55320.6,55320.6,30
1781166065000,55325.6,55325.6,55289.2,55289.2,90
1781166075000,55290.0,55290.0,55290.0,55290.0,30
1781166080000,55308.8,55308.8,55308.8,55308.8,30
1781166090000,55309.6,55309.6,55308.8,55308.8,60
1781166100000,55290.4,55290.4,55290.4,55290.4,30
1781166105000,55290.0,55290.0,55290.0,55290.0,60
1781166125000,55328.6,55328.6,55328.6,55328.6,30
1781166130000,55297.6,55297.6,55297.6,55297.6,120
1781166135000,55290.0,55290.0,55290.0,55290.0,60
1781166140000,55290.0,55290.0,55290.0,55290.0,30
1781166145000,55300.0,55300.0,55300.0,55300.0,30
1781166155000,55300.0,55300.0,55300.0,55300.0,30
1781166160000,55295.0,55295.0,55295.0,55295.0,30
1781166170000,55295.0,55295.0,55292.6,55292.6,150
1781166175000,55300.0,55310.0,55300.0,55310.0,60
1781166180000,55311.2,55339.0,55311.2,55339.0,120
1781166195000,55339.0,55339.0,55323.2,55323.2,60
1781166200000,55330.0,55330.0,55318.2,55318.2,210
1781166210000,55336.6,55339.0,55336.6,55339.0,90
1781166215000,55331.4,55331.4,55331.4,55331.4,30
1781166220000,55346.0,55349.0,55346.0,55349.0,90
1781166225000,55346.0,55346.0,55325.0,55325.0,120
1781166230000,55350.0,55350.0,55350.0,55350.0,90
1781166235000,55350.0,55350.0,55350.0,55350.0,90
1781166240000,55328.4,55328.4,55328.4,55328.4,30
1781166245000,55350.0,55350.0,55350.0,55350.0,30
1781166255000,55350.0,55350.0,55339.0,55339.0,90
1781166260000,55345.8,55350.0,55345.8,55350.0,60
1781166270000,55323.8,55323.8,55323.8,55323.8,30
1781166275000,55350.0,55350.0,55350.0,55350.0,30
1781166285000,55350.0,55350.0,55350.0,55350.0,30
1781166295000,55350.0,55358.0,55350.0,55350.0,210
1781166300000,55357.8,55357.8,55350.0,55350.0,120
1781166305000,55330.0,55330.0,55330.0,55330.0,30
1781166320000,55348.2,55350.0,55348.2,55350.0,60
1781166325000,55353.6,55353.6,55353.6,55353.6,60
1781166330000,55353.6,55353.6,55353.6,55353.6,150
1781166340000,55358.0,55358.0,55358.0,55358.0,60
1781166345000,55357.8,55357.8,55350.0,55350.0,180
1781166365000,55350.0,55350.0,55350.0,55350.0,30
1781166370000,55350.0,55350.0,55350.0,55350.0,30
1781166375000,55354.8,55354.8,55354.8,55354.8,30
1781166400000,55354.8,55354.8,55354.8,55354.8,30
1781166405000,55354.8,55354.8,55354.8,55354.8,30
1781166410000,55358.0,55358.0,55358.0,55358.0,30
1781166415000,55356.0,55356.0,55356.0,55356.0,30
1781166420000,55359.0,55359.0,55359.0,55359.0,30
1781166425000,55360.0,55360.0,55360.0,55360.0,150
1781166430000,55363.0,55367.0,55363.0,55367.0,330
1781166440000,55367.0,55367.0,55367.0,55367.0,90
1781166445000,55369.0,55369.8,55369.0,55369.8,90
1781166455000,55367.2,55367.2,55367.0,55367.0,60
1781166460000,55374.8,55374.8,55374.8,55374.8,120
1781166465000,55360.0,55360.0,55360.0,55360.0,30
1781166470000,55365.4,55365.4,55365.4,55365.4,30
1781166475000,55374.0,55374.0,55374.0,55374.0,750
1781166480000,55375.0,55375.0,55373.4,55373.4,90
1781166485000,55373.4,55375.0,55373.4,55375.0,90
1781166495000,55376.0,55380.0,55375.2,55380.0,270
1781166500000,55385.0,55385.0,55385.0,55385.0,60
1781166505000,55380.0,55385.0,55380.0,55385.0,90
1781166510000,55383.4,55383.4,55383.4,55383.4,30
1781166515000,55385.0,55385.0,55385.0,55385.0,30
1781166525000,55383.4,55385.0,55383.4,55385.0,60
1781166530000,55390.0,55390.0,55390.0,55390.0,120
1781166535000,55394.0,55394.0,55394.0,55394.0,90
1781166540000,55395.0,55400.0,55395.0,55400.0,330
1781166545000,55400.0,55400.0,55400.0,55400.0,30
1781166550000,55400.0,55400.0,55398.0,55398.0,90
1781166555000,55399.0,55399.0,55399.0,55399.0,210
1781166560000,55398.4,55398.4,55370.8,55370.8,120
1781166565000,55370.0,55374.6,55367.2,55367.2,120
1781166575000,55378.8,55378.8,55350.0,55350.0,90
1781166590000,55358.0,55358.0,55358.0,55358.0,90
1781166595000,55358.0,55358.0,55333.0,55333.0,90
1781166600000,55350.0,55350.0,55350.0,55350.0,30
1781166605000,55333.0,55333.0,55333.0,55333.0,30
1781166610000,55349.8,55349.8,55349.8,55349.8,30
1781166615000,55349.8,55349.8,55333.0,55333.0,60
1781166630000,55350.0,55350.0,55350.0,55350.0,60
1781166635000,55360.0,55360.0,55360.0,55360.0,30
1781166640000,55354.4,55354.4,55354.4,55354.4,30
1781166645000,55352.4,55352.4,55352.4,55352.4,300
1781166650000,55380.0,55380.0,55380.0,55380.0,30
1781166655000,55388.6,55388.6,55388.6,55388.6,60
1781166665000,55366.0,55366.0,55366.0,55366.0,60
1781166670000,55371.0,55371.0,55371.0,55371.0,90
1781166690000,55375.4,55375.4,55375.4,55375.4,60
1781166700000,55352.0,55352.0,55352.0,55352.0,30
1781166720000,55373.0,55373.0,55360.0,55360.0,60
1781166730000,55365.8,55365.8,55365.8,55365.8,30
1781166735000,55350.0,55350.0,55350.0,55350.0,60
1781166740000,55350.0,55350.0,55350.0,55350.0,30
1781166755000,55373.8,55373.8,55355.0,55355.0,60
1781166765000,55350.0,55360.0,55350.0,55360.0,90
1781166780000,55336.0,55336.0,55336.0,55336.0,60
1781166790000,55338.6,55338.6,55338.6,55338.6,120
1781166795000,55361.4,55361.4,55361.4,55361.4,30
1781166805000,55365.0,55365.0,55365.0,55365.0,60
1781166820000,55370.0,55370.0,55370.0,55370.0,30
1781166825000,55337.4,55337.4,55337.4,55337.4,240
1781166840000,55365.0,55365.0,55365.0,55365.0,30
1781166845000,55364.4,55364.4,55364.4,55364.4,30
1781166860000,55365.0,55365.0,55365.0,55365.0,90
1781166880000,55375.0,55375.0,55375.0,55375.0,30
1781166885000,55374.8,55393.0,55374.8,55393.0,900
1781166890000,55351.6,55351.6,55351.6,55351.6,300
1781166895000,55366.0,55366.0,55366.0,55366.0,90
1781166900000,55374.8,55374.8,55374.8,55374.8,90
1781166905000,55374.8,55374.8,55374.8,55374.8,30
1781166920000,55370.0,55370.0,55370.0,55370.0,30
1781166925000,55351.0,55351.0,55350.0,55350.0,240
1781166960000,55356.2,55356.2,55356.2,55356.2,60
1781166965000,55356.0,55356.0,55356.0,55356.0,30
1781167000000,55374.8,55374.8,55374.8,55374.8,30
1781167030000,55370.6,55370.6,55370.6,55370.6,30
1781167040000,55350.2,55350.2,55350.0,55350.0,210
1781167055000,55353.6,55353.6,55353.6,55353.6,30
1781167065000,55338.0,55338.0,55338.0,55338.0,60
1781167070000,55335.0,55335.0,55335.0,55335.0,210
1781167075000,55333.0,55333.0,55331.0,55331.0,300
1781167080000,55331.2,55331.2,55320.0,55320.0,90
1781167090000,55320.0,55320.0,55320.0,55320.0,30
1781167095000,55320.0,55320.0,55320.0,55320.0,30
1781167110000,55320.0,55320.0,55320.0,55320.0,120
1781167115000,55321.2,55321.2,55320.4,55320.4,150
1781167120000,55320.2,55320.2,55304.0,55304.0,60
1781167130000,55305.0,55305.0,55300.0,55300.0,420
1781167135000,55304.0,55305.2,55304.0,55305.2,210
1781167140000,55290.2,55290.2,55290.2,55290.2,90
1781167145000,55290.2,55290.2,55290.2,55290.2,360
1781167150000,55299.6,55299.6,55299.6,55299.6,30
1781167160000,55299.2,55299.2,55299.2,55299.2,30
1781167170000,55306.2,55306.2,55298.6,55298.6,390
1781167175000,55298.6,55298.6,55292.0,55292.0,60
1781167185000,55298.8,55298.8,55298.8,55298.8,30
1781167190000,55310.0,55310.0,55310.0,55310.0,30
1781167195000,55320.0,55320.0,55320.0,55320.0,30
1781167200000,55291.0,55291.0,55291.0,55291.0,90
1781167210000,55320.0,55320.0,55320.0,55320.0,90
1781167225000,55298.0,55310.0,55298.0,55310.0,60
1781167230000,55310.0,55310.0,55310.0,55310.0,120
1781167235000,55320.0,55320.0,55320.0,55320.0,30
1781167245000,55310.0,55310.0,55310.0,55310.0,30
1781167260000,55310.0,55310.0,55300.0,55300.0,60
1781167270000,55295.0,55295.0,55291.0,55291.0,120
1781167275000,55290.2,55300.2,55290.2,55300.2,60
1781167295000,55300.0,55300.0,55300.0,55300.0,90
1781167300000,55290.2,55295.0,55290.2,55295.0,90
1781167305000,55295.0,55295.0,55295.0,55295.0,30
1781167315000,55300.0,55300.0,55300.0,55300.0,30
1781167320000,55300.0,55318.6,55300.0,55318.6,60
1781167325000,55290.0,55290.0,55290.0,55290.0,150
1781167335000,55290.2,55290.2,55290.2,55290.2,30
1781167340000,55290.2,55290.2,55290.0,55290.0,510
1781167350000,55310.0,55310.0,55310.0,55310.0,30
1781167365000,55293.0,55293.0,55293.0,55293.0,30
1781167370000,55290.4,55290.4,55290.0,55290.0,360
1781167375000,55290.0,55290.0,55290.0,55290.0,60
1781167380000,55293.0,55293.0,55293.0,55293.0,480
1781167390000,55300.0,55310.0,55300.0,55310.0,60
1781167395000,55290.4,55290.4,55290.4,55290.4,60
1781167405000,55310.0,55310.0,55290.4,55290.4,510
1781167410000,55291.0,55291.0,55291.0,55291.0,30
1781167415000,55325.4,55325.4,55325.4,55325.4,270
1781167420000,55291.0,55291.0,55291.0,55291.0,180
1781167430000,55348.2,55348.4,55348.2,55348.4,90
1781167435000,55345.0,55345.0,55345.0,55345.0,30
1781167445000,55349.0,55349.0,55349.0,55349.0,30
1781167450000,55350.0,55350.0,55350.0,55350.0,60
1781167465000,55343.4,55343.4,55343.4,55343.4,30
1781167470000,55342.0,55342.0,55342.0,55342.0,30
1781167480000,55340.2,55340.2,55340.2,55340.2,30
1781167490000,55312.2,55312.2,55312.2,55312.2,30
1781167495000,55339.4,55339.4,55339.4,55339.4,30
1781167500000,55347.2,55347.2,55347.2,55347.2,150
1781167510000,55339.4,55339.4,55339.4,55339.4,30
1781167520000,55339.4,55339.4,55339.4,55339.4,30
1781167525000,55311.0,55311.0,55311.0,55311.0,30
1781167530000,55310.0,55310.0,55310.0,55310.0,120
1781167535000,55310.0,55310.0,55310.0,55310.0,30
1781167540000,55310.0,55310.0,55310.0,55310.0,120
1781167545000,55340.0,55340.0,55340.0,55340.0,30
1781167550000,55311.0,55311.0,55311.0,55311.0,30
1781167555000,55310.0,55336.0,55310.0,55336.0,90
1781167565000,55336.0,55336.0,55336.0,55336.0,60
1781167585000,55340.0,55350.0,55340.0,55350.0,420
1781167590000,55320.0,55320.0,55320.0,55320.0,60
1781167600000,55309.0,55310.0,55309.0,55310.0,330
1781167625000,55348.2,55348.2,55348.2,55348.2,30
1781167635000,55347.6,55347.6,55347.6,55347.6,30
1781167640000,55313.4,55348.0,55313.4,55348.0,60
1781167655000,55346.0,55348.0,55346.0,55348.0,180
1781167665000,55340.0,55340.0,55340.0,55340.0,30
1781167675000,55313.6,55313.6,55313.6,55313.6,30
1781167705000,55329.8,55329.8,55329.8,55329.8,30
1781167715000,55314.0,55320.0,55314.0,55320.0,90
1781167725000,55312.0,55312.0,55312.0,55312.0,30
1781167730000,55312.0,55312.0,55312.0,55312.0,60
1781167740000,55312.0,55312.0,55312.0,55312.0,30
1781167745000,55310.0,55310.0,55310.0,55310.0,30
1781167750000,55300.0,55300.0,55300.0,55300.0,300
1781167755000,55300.0,55305.8,55300.0,55305.6,420
1781167760000,55312.0,55312.0,55312.0,55312.0,210
1781167780000,55350.0,55350.0,55350.0,55350.0,90
1781167790000,55321.2,55321.2,55321.2,55321.2,30
1781167805000,55348.8,55348.8,55348.8,55348.8,30
1781167810000,55350.0,55355.4,55350.0,55355.4,1470
1781167815000,55364.0,55364.0,55364.0,55364.0,30
1781167820000,55362.0,55362.0,55362.0,55362.0,60
1781167830000,55353.6,55353.6,55353.6,55353.6,30
1781167840000,55365.0,55365.0,55365.0,55365.0,90
1781167850000,55370.0,55370.0,55370.0,55370.0,30
1781167855000,55370.0,55370.0,55370.0,55370.0,60
1781167860000,55370.0,55370.0,55370.0,55370.0,60
1781167865000,55380.0,55380.0,55380.0,55380.0,90
1781167870000,55362.0,55362.0,55362.0,55362.0,30
1781167875000,55380.0,55380.0,55380.0,55380.0,60
1781167880000,55380.0,55380.0,55379.8,55379.8,60
1781167885000,55350.2,55379.8,55350.2,55379.8,510
1781167890000,55365.0,55375.4,55365.0,55375.4,60
1781167895000,55350.0,55350.0,55350.0,55350.0,30
1781167900000,55375.0,55375.0,55375.0,55375.0,30
1781167905000,55350.0,55350.0,55350.0,55350.0,30
1781167920000,55350.0,55350.0,55350.0,55350.0,30
1781167935000,55366.0,55366.0,55366.0,55366.0,30
1781167940000,55350.0,55350.0,55350.0,55350.0,30
1781167965000,55357.8,55357.8,55357.8,55357.8,30
1781167975000,55359.8,55359.8,55359.8,55359.8,30
1781167980000,55359.8,55359.8,55351.0,55351.0,120
1781167990000,55360.0,55360.0,55360.0,55360.0,30
1781168000000,55346.6,55346.6,55346.6,55346.6,300
1781168015000,55360.0,55360.0,55360.0,55360.0,30
1781168020000,55340.0,55340.0,55340.0,55340.0,30
1781168035000,55340.0,55340.0,55340.0,55340.0,90
1781168040000,55340.0,55348.8,55340.0,55348.8,60
1781168055000,55347.0,55347.0,55320.0,55320.0,90
1781168060000,55327.6,55327.6,55327.6,55327.6,30
1781168090000,55344.2,55344.2,55344.2,55344.2,30
1781168095000,55319.0,55319.0,55319.0,55319.0,30
1781168110000,55350.0,55350.0,55350.0,55350.0,30
1781168125000,55349.8,55349.8,55349.8,55349.8,30
1781168130000,55321.4,55321.4,55321.4,55321.4,30
1781168135000,55343.8,55343.8,55318.6,55318.6,90
1781168145000,55343.8,55343.8,55343.8,55343.8,30
1781168155000,55350.0,55350.0,55350.0,55350.0,90
1781168160000,55360.0,55360.0,55360.0,55360.0,30
1781168165000,55360.0,55360.0,55360.0,55360.0,270
1781168170000,55340.4,55360.0,55340.4,55360.0,60
1781168180000,55351.2,55351.2,55351.2,55351.2,30
1781168200000,55353.0,55353.0,55353.0,55353.0,30
1781168210000,55354.4,55360.0,55354.4,55360.0,90
1781168215000,55374.0,55374.0,55374.0,55374.0,240
1781168220000,55374.0,55374.0,55374.0,55374.0,30
1781168230000,55380.0,55380.0,55380.0,55380.0,60
1781168235000,55380.0,55380.0,55380.0,55380.0,60
1781168245000,55379.0,55379.0,55374.0,55374.0,60
1781168250000,55380.0,55380.0,55375.4,55375.4,60
1781168255000,55379.0,55379.0,55375.0,55375.0,60
1781168260000,55380.0,55380.0,55380.0,55380.0,30
1781168265000,55375.4,55375.4,55375.4,55375.4,30
1781168275000,55375.0,55375.0,55375.0,55375.0,60
1781168280000,55380.2,55400.0,55380.2,55400.0,1350
1781168285000,55404.8,55420.0,55404.8,55420.0,180
1781168290000,55420.0,55424.8,55420.0,55424.8,180
1781168295000,55424.8,55424.8,55417.0,55424.8,150
1781168300000,55424.8,55424.8,55424.8,55424.8,30
1781168305000,55424.8,55434.0,55424.8,55434.0,720
1781168310000,55434.0,55439.0,55434.0,55439.0,540
1781168315000,55440.0,55443.0,55439.0,55443.0,240
1781168320000,55443.0,55443.0,55443.0,55443.0,30
1781168325000,55439.0,55439.0,55439.0,55439.0,210
1781168330000,55440.0,55440.4,55440.0,55440.0,120
1781168335000,55444.0,55448.0,55444.0,55448.0,570
1781168340000,55450.0,55454.4,55450.0,55450.4,420
1781168345000,55451.2,55455.0,55448.0,55455.0,450
1781168350000,55439.0,55458.0,55439.0,55458.0,150
1781168355000,55439.0,55440.0,55439.0,55440.0,1080
1781168360000,55439.0,55439.0,55439.0,55439.0,180
1781168365000,55425.0,55425.0,55425.0,55425.0,60
1781168370000,55440.0,55440.0,55440.0,55440.0,120
1781168375000,55430.0,55430.0,55430.0,55430.0,30
1781168380000,55435.0,55435.0,55435.0,55435.0,30
1781168385000,55440.0,55440.0,55440.0,55440.0,120
1781168390000,55440.0,55440.0,55440.0,55440.0,30
1781168395000,55440.0,55440.0,55438.0,55438.0,1500
1781168400000,55442.2,55442.2,55400.0,55400.0,330
1781168405000,55400.0,55400.0,55400.0,55400.0,30
1781168410000,55400.0,55400.0,55400.0,55400.0,30
1781168415000,55385.0,55399.8,55385.0,55399.8,90
1781168420000,55400.0,55400.0,55400.0,55400.0,180
1781168425000,55386.4,55386.4,55386.4,55386.4,60
1781168430000,55400.0,55400.0,55386.0,55386.0,60
1781168435000,55400.0,55400.0,55385.0,55385.0,630
1781168440000,55387.0,55387.0,55387.0,55387.0,30
1781168445000,55415.0,55415.0,55415.0,55415.0,30
1781168450000,55404.4,55415.0,55404.4,55415.0,150
1781168460000,55413.6,55434.0,55413.6,55434.0,120
1781168465000,55432.6,55432.6,55432.6,55432.6,180
1781168470000,55415.0,55415.0,55400.0,55400.0,60
1781168475000,55400.0,55400.0,55400.0,55400.0,30
1781168480000,55400.0,55400.0,55400.0,55400.0,30
1781168485000,55404.0,55404.0,55404.0,55404.0,120
1781168490000,55400.0,55404.0,55400.0,55404.0,240
1781168495000,55428.4,55428.4,55407.0,55407.0,120
1781168505000,55400.2,55400.2,55400.2,55400.2,30
1781168510000,55400.0,55400.0,55400.0,55400.0,30
1781168515000,55386.0,55416.2,55385.2,55385.2,90
1781168520000,55419.6,55419.6,55400.0,55400.0,90
1781168525000,55419.8,55420.0,55419.8,55420.0,90
1781168535000,55387.4,55400.0,55387.4,55400.0,150
1781168545000,55389.2,55389.2,55389.2,55389.2,30
1781168550000,55389.8,55389.8,55388.2,55388.2,60
1781168560000,55410.0,55410.0,55385.4,55385.4,60
1781168570000,55418.0,55418.0,55386.2,55386.2,60
1781168575000,55385.8,55385.8,55385.8,55385.8,120
1781168580000,55388.2,55388.2,55388.2,55388.2,30
1781168585000,55388.2,55388.2,55388.2,55388.2,30
1781168590000,55388.0,55388.0,55388.0,55388.0,30
1781168595000,55416.8,55418.0,55416.8,55418.0,60
1781168600000,55388.0,55417.0,55388.0,55417.0,90
1781168610000,55388.0,55388.0,55388.0,55388.0,30
1781168620000,55388.0,55388.0,55388.0,55388.0,30
1781168625000,55389.0,55389.0,55388.0,55388.0,60
1781168630000,55388.0,55388.0,55388.0,55388.0,120
1781168635000,55388.0,55388.0,55388.0,55388.0,480
1781168640000,55404.2,55404.2,55404.2,55404.2,30
1781168645000,55385.2,55385.2,55385.2,55385.2,30
1781168655000,55385.2,55385.2,55385.2,55385.2,30
1781168660000,55386.0,55386.0,55386.0,55386.0,30
1781168665000,55385.2,55385.2,55385.2,55385.2,30
1781168670000,55386.0,55386.0,55386.0,55386.0,30
1781168680000,55398.8,55398.8,55385.2,55385.2,120
1781168685000,55386.0,55386.0,55386.0,55386.0,330
1781168690000,55385.2,55385.2,55385.2,55385.2,30
1781168700000,55385.2,55385.2,55385.2,55385.2,60
1781168710000,55385.2,55385.2,55385.2,55385.2,30
1781168715000,55399.0,55399.0,55399.0,55399.0,30
1781168720000,55400.0,55400.0,55395.2,55395.6,90
1781168725000,55400.0,55400.0,55400.0,55400.0,30
1781168730000,55399.2,55410.0,55399.2,55410.0,60
1781168735000,55399.0,55399.0,55399.0,55399.0,60
1781168740000,55385.2,55385.2,55385.2,55385.2,60
1781168745000,55385.2,55385.2,55385.2,55385.2,30
1781168750000,55405.4,55405.4,55405.4,55405.4,60
1781168755000,55385.0,55400.0,55385.0,55400.0,60
1781168765000,55408.0,55408.0,55385.2,55385.2,60
1781168770000,55390.0,55390.0,55390.0,55390.0,30
1781168775000,55393.0,55393.0,55388.8,55388.8,60
1781168780000,55400.0,55400.0,55400.0,55400.0,30
1781168785000,55390.2,55390.2,55390.2,55390.2,30
1781168795000,55390.0,55390.0,55390.0,55390.0,30
1781168805000,55385.0,55385.0,55385.0,55385.0,120
1781168810000,55380.0,55380.0,55380.0,55380.0,60
1781168815000,55376.0,55376.0,55375.0,55375.0,150
1781168820000,55370.0,55370.0,55365.0,55365.0,90
1781168825000,55360.0,55360.0,55360.0,55360.0,330
1781168830000,55351.0,55351.0,55351.0,55351.0,120
1781168835000,55351.0,55351.0,55351.0,55351.0,30
1781168840000,55351.0,55351.0,55350.0,55350.0,240
1781168850000,55355.8,55355.8,55355.8,55355.8,90
1781168855000,55355.8,55380.0,55355.8,55380.0,150
1781168860000,55373.4,55373.4,55373.4,55373.4,30
1781168865000,55386.4,55386.4,55386.4,55386.4,30
1781168870000,55389.0,55389.0,55389.0,55389.0,120
1781168875000,55376.0,55376.0,55376.0,55376.0,30
1781168880000,55406.0,55406.0,55406.0,55406.0,30
1781168885000,55387.6,55389.0,55387.2,55387.2,90
1781168890000,55414.4,55414.4,55380.4,55414.2,120
1781168895000,55377.2,55377.2,55377.2,55377.2,30
1781168905000,55377.2,55377.2,55377.2,55377.2,30
1781168915000,55377.2,55377.2,55377.2,55377.2,30
1781168920000,55376.0,55376.0,55376.0,55376.0,30
1781168925000,55376.0,55376.0,55376.0,55376.0,270
1781168930000,55371.4,55371.4,55360.0,55360.0,60
1781168935000,55356.0,55356.0,55356.0,55356.0,30
1781168940000,55355.0,55355.0,55355.0,55355.0,30
1781168945000,55370.0,55370.0,55356.0,55356.0,90
1781168950000,55371.4,55371.4,55355.4,55355.4,180
1781168955000,55355.0,55355.0,55355.0,55355.0,30
1781168960000,55356.0,55356.0,55356.0,55356.0,30
1781168965000,55350.0,55350.0,55341.4,55341.4,600
1781168970000,55341.0,55358.2,55340.0,55358.2,360
1781168975000,55358.6,55359.8,55358.6,55359.8,300
1781168980000,55340.0,55340.0,55340.0,55340.0,60
1781168985000,55340.0,55350.0,55340.0,55350.0,90
1781168990000,55343.0,55375.4,55343.0,55375.4,60
1781168995000,55345.8,55345.8,55345.8,55345.8,60
1781169000000,55342.0,55342.0,55335.6,55340.0,720
1781169005000,55332.2,55340.2,55332.2,55340.2,60
1781169010000,55350.0,55350.0,55350.0,55350.0,30
1781169015000,55340.0,55340.0,55340.0,55340.0,90
1781169020000,55359.8,55359.8,55359.8,55359.8,30
1781169025000,55340.0,55340.0,55340.0,55340.0,30
1781169030000,55360.0,55360.0,55360.0,55360.0,180
1781169035000,55359.8,55359.8,55345.0,55345.0,90
1781169040000,55345.0,55345.0,55345.0,55345.0,60
1781169045000,55333.0,55333.0,55333.0,55333.0,30
1781169050000,55345.0,55345.0,55345.0,55345.0,30
1781169060000,55345.0,55345.0,55345.0,55345.0,30
1781169065000,55345.0,55345.0,55345.0,55345.0,30
1781169070000,55358.2,55358.2,55345.0,55345.0,60
1781169080000,55332.0,55332.0,55332.0,55332.0,60
1781169085000,55330.0,55330.0,55330.0,55330.0,90
1781169090000,55335.0,55345.0,55335.0,55345.0,60
1781169100000,55345.0,55358.8,55342.8,55358.8,360
1781169105000,55352.2,55360.0,55352.2,55360.0,1530
1781169110000,55350.0,55360.0,55350.0,55360.0,60
1781169115000,55360.0,55360.0,55350.0,55350.0,90
1781169120000,55359.8,55359.8,55352.0,55352.0,330
1781169125000,55350.0,55350.0,55350.0,55350.0,30
1781169135000,55350.0,55350.0,55350.0,55350.0,30
1781169140000,55350.0,55350.0,55350.0,55350.0,90
1781169145000,55350.0,55350.0,55345.2,55345.2,180
1781169150000,55360.0,55360.0,55360.0,55360.0,30
1781169155000,55345.2,55345.2,55344.6,55344.6,60
1781169165000,55340.0,55340.0,55340.0,55340.0,150
1781169170000,55361.4,55361.4,55340.0,55340.0,60
1781169175000,55361.2,55361.2,55361.2,55361.2,60
1781169180000,55330.0,55330.0,55330.0,55330.0,30
1781169185000,55330.0,55330.0,55330.0,55330.0,150
1781169190000,55327.6,55327.6,55327.6,55327.6,30
1781169195000,55325.0,55325.0,55320.0,55320.0,240
1781169200000,55330.0,55330.0,55330.0,55330.0,30
1781169210000,55325.0,55325.0,55320.0,55320.0,60
1781169215000,55330.0,55330.0,55320.2,55320.2,60
1781169220000,55320.0,55320.0,55320.0,55320.0,90
1781169225000,55312.0,55312.0,55311.0,55311.0,360
1781169230000,55310.0,55310.0,55304.0,55304.0,150
1781169235000,55301.0,55301.0,55300.8,55300.8,120
1781169240000,55300.0,55300.0,55300.0,55300.0,60
1781169245000,55300.8,55300.8,55300.0,55300.0,90
1781169250000,55300.8,55320.0,55300.8,55320.0,60
1781169255000,55300.0,55300.0,55300.0,55300.0,60
1781169265000,55320.0,55320.0,55300.0,55300.0,60
1781169270000,55300.2,55300.2,55300.2,55300.2,30
1781169275000,55331.6,55331.6,55301.0,55301.0,300
1781169280000,55319.0,55319.0,55319.0,55319.0,30
1781169285000,55300.2,55300.2,55300.2,55300.2,30
1781169290000,55300.0,55300.0,55300.0,55300.0,30
1781169295000,55325.2,55325.2,55300.2,55300.2,90
1781169300000,55300.2,55300.2,55300.2,55300.2,30
1781169305000,55300.0,55300.0,55300.0,55300.0,30
1781169310000,55329.8,55329.8,55300.0,55300.0,60
1781169320000,55302.0,55302.0,55302.0,55302.0,60
1781169325000,55328.4,55328.4,55328.4,55328.4,360
1781169330000,55300.0,55300.0,55299.0,55299.0,1530
1781169335000,55298.6,55298.6,55298.6,55298.6,60
1781169340000,55300.0,55300.0,55300.0,55300.0,30
1781169345000,55300.2,55300.2,55300.2,55300.2,30
1781169350000,55298.6,55298.6,55298.6,55298.6,30
1781169355000,55305.0,55305.0,55305.0,55305.0,60
1781169360000,55301.0,55301.0,55300.0,55300.0,60
1781169365000,55310.0,55310.0,55298.6,55298.6,60
1781169375000,55300.0,55300.0,55298.0,55298.0,90
1781169380000,55290.0,55299.0,55290.0,55299.0,150
1781169385000,55290.0,55304.8,55290.0,55302.6,300
1781169390000,55327.2,55327.2,55327.2,55327.2,60
1781169395000,55303.2,55303.2,55303.2,55303.2,30
1781169400000,55310.0,55310.0,55310.0,55310.0,30
1781169405000,55297.2,55297.2,55297.2,55297.2,30
1781169415000,55297.0,55297.0,55290.0,55290.0,90
1781169420000,55290.8,55290.8,55285.0,55285.0,1050
1781169425000,55282.0,55282.0,55281.0,55281.0,150
1781169430000,55291.0,55291.0,55275.0,55275.0,630
1781169435000,55260.0,55260.0,55253.0,55253.0,840
1781169440000,55264.0,55264.0,55250.0,55250.0,1050
1781169445000,55248.0,55248.0,55242.0,55246.8,1080
1781169450000,55247.4,55247.4,55231.0,55240.2,660
1781169455000,55240.2,55240.2,55228.0,55231.0,570
1781169460000,55231.0,55231.0,55225.0,55225.0,1290
1781169465000,55230.0,55230.2,55230.0,55230.0,540
1781169470000,55230.0,55240.0,55230.0,55240.0,870
1781169475000,55216.4,55240.0,55216.4,55240.0,270
1781169480000,55239.8,55239.8,55201.0,55201.0,1590
1781169485000,55211.4,55216.0,55209.4,55209.4,1050
1781169490000,55207.2,55240.0,55207.2,55240.0,180
1781169495000,55244.0,55250.0,55244.0,55250.0,300
1781169500000,55244.0,55244.0,55244.0,55244.0,120
1781169505000,55225.8,55252.8,55224.8,55224.8,570
1781169510000,55245.0,55250.0,55229.2,55229.2,150
1781169515000,55230.0,55230.0,55230.0,55230.0,30
1781169520000,55234.2,55245.0,55234.2,55245.0,180
1781169525000,55245.0,55245.0,55232.4,55232.4,750
1781169530000,55238.8,55250.0,55238.8,55250.0,60
1781169535000,55242.6,55250.0,55241.0,55250.0,120
1781169540000,55253.0,55260.0,55248.0,55248.0,540
1781169545000,55280.8,55280.8,55278.2,55278.2,180
1781169550000,55260.0,55280.0,55260.0,55260.0,120
1781169555000,55278.2,55299.4,55278.2,55299.4,60
1781169560000,55300.4,55300.4,55265.4,55265.4,60
1781169565000,55294.8,55296.8,55265.0,55296.8,90
1781169570000,55265.0,55265.0,55260.0,55260.0,120
1781169575000,55293.8,55293.8,55260.2,55260.2,90
1781169580000,55265.0,55265.0,55265.0,55265.0,30
1781169585000,55270.0,55270.0,55270.0,55270.0,450
1781169590000,55295.6,55295.6,55260.2,55260.2,60
1781169595000,55274.4,55274.4,55274.4,55274.4,30
1781169600000,55266.2,55266.2,55265.0,55265.0,90
1781169610000,55265.0,55280.0,55265.0,55270.0,90
1781169615000,55260.0,55260.0,55250.0,55250.0,150
1781169620000,55250.0,55260.0,55250.0,55260.0,90
1781169625000,55250.0,55250.0,55250.0,55250.0,210
1781169630000,55260.0,55260.0,55260.0,55260.0,30
1781169635000,55250.0,55260.0,55250.0,55260.0,60
1781169645000,55260.0,55260.0,55250.0,55250.0,120
1781169650000,55250.0,55250.0,55250.0,55250.0,30
1781169655000,55250.0,55255.0,55250.0,55255.0,60
1781169660000,55251.0,55260.0,55251.0,55260.0,60
1781169665000,55251.0,55251.0,55251.0,55251.0,30
1781169670000,55260.0,55260.0,55251.0,55251.0,60
1781169680000,55251.0,55251.0,55251.0,55251.0,60
1781169685000,55251.0,55255.0,55251.0,55255.0,120
1781169690000,55250.0,55260.0,55250.0,55255.0,240
1781169695000,55255.8,55255.8,55255.8,55255.8,30
1781169700000,55287.0,55287.0,55253.4,55253.4,60
1781169705000,55255.0,55276.6,55255.0,55276.6,60
1781169710000,55250.0,55276.8,55250.0,55276.8,60
1781169715000,55279.0,55279.0,55275.6,55275.6,90
1781169720000,55250.0,55250.0,55250.0,55250.0,90
1781169725000,55251.0,55251.0,55251.0,55251.0,30
1781169730000,55267.8,55267.8,55267.8,55267.8,90
1781169740000,55250.2,55250.2,55250.2,55250.2,60
1781169745000,55250.2,55250.2,55250.2,55250.2,30
1781169750000,55260.0,55260.0,55260.0,55260.0,90
1781169755000,55250.4,55268.0,55250.4,55268.0,150
1781169760000,55267.0,55267.0,55260.0,55260.0,60
1781169765000,55250.2,55250.2,55250.2,55250.2,30
1781169770000,55260.0,55260.0,55260.0,55260.0,30
1781169775000,55250.2,55250.2,55250.2,55250.2,30
1781169785000,55260.0,55263.8,55260.0,55263.8,90
1781169790000,55263.8,55270.0,55263.8,55270.0,60
1781169795000,55263.8,55263.8,55263.8,55263.8,30
1781169800000,55263.8,55263.8,55263.8,55263.8,60
1781169805000,55270.0,55270.0,55270.0,55270.0,60
1781169810000,55270.0,55274.0,55270.0,55274.0,90
1781169815000,55260.0,55260.0,55260.0,55260.0,90
1781169820000,55260.0,55260.0,55260.0,55260.0,30
1781169825000,55274.0,55274.0,55274.0,55274.0,510
1781169830000,55274.0,55274.0,55274.0,55274.0,30
1781169840000,55260.2,55280.8,55260.2,55280.8,90
1781169845000,55285.0,55285.0,55285.0,55285.0,30
1781169850000,55260.0,55260.0,55260.0,55260.0,30
1781169860000,55260.0,55285.0,55260.0,55285.0,60
1781169865000,55261.0,55261.0,55261.0,55261.0,30
1781169870000,55284.2,55284.2,55270.0,55270.0,150
1781169875000,55260.0,55260.0,55260.0,55260.0,60
1781169880000,55278.2,55278.2,55278.2,55278.2,30
1781169885000,55261.0,55277.4,55261.0,55277.4,60
1781169895000,55266.0,55279.2,55266.0,55279.2,90
1781169905000,55263.0,55263.0,55263.0,55263.0,30
1781169910000,55262.2,55262.2,55262.2,55262.2,60
1781169915000,55263.0,55263.0,55257.4,55257.4,120
1781169920000,55250.2,55250.2,55250.2,55250.2,30
1781169925000,55270.0,55270.0,55270.0,55270.0,60
1781169930000,55251.0,55251.0,55251.0,55251.0,30
1781169935000,55271.4,55271.4,55271.4,55271.4,60
1781169940000,55252.2,55252.2,55252.0,55252.0,60
1781169950000,55252.0,55269.4,55252.0,55269.4,90
1781169960000,55252.0,55252.0,55252.0,55252.0,30
1781169965000,55252.0,55252.0,55252.0,55252.0,30
1781169970000,55270.0,55270.0,55252.0,55252.0,120
1781169975000,55252.0,55252.0,55252.0,55252.0,30
1781169980000,55252.0,55270.0,55252.0,55270.0,150
1781169985000,55260.0,55260.0,55260.0,55260.0,30
1781169990000,55260.0,55260.0,55260.0,55260.0,60
1781169995000,55260.0,55270.0,55260.0,55270.0,180
1781170000000,55279.0,55279.0,55279.0,55279.0,30
1781170005000,55270.0,55280.0,55270.0,55280.0,90
1781170010000,55280.0,55280.0,55280.0,55280.0,30
1781170015000,55280.0,55280.0,55280.0,55280.0,60
1781170025000,55251.0,55251.0,55251.0,55251.0,450
1781170030000,55251.0,55251.0,55251.0,55251.0,30
1781170035000,55250.0,55266.2,55250.0,55250.0,90
1781170040000,55269.6,55269.6,55250.0,55250.0,60
1781170045000,55241.0,55241.0,55241.0,55241.0,30
1781170050000,55243.4,55243.4,55243.4,55243.4,30
1781170055000,55243.8,55243.8,55243.8,55243.8,90
1781170060000,55243.8,55243.8,55243.4,55243.4,60
1781170065000,55268.0,55268.0,55241.6,55241.6,60
1781170070000,55241.6,55241.6,55241.6,55241.6,30
1781170075000,55260.0,55260.0,55260.0,55260.0,30
1781170080000,55241.0,55260.0,55241.0,55260.0,120
1781170090000,55260.0,55277.0,55246.2,55277.0,90
1781170095000,55243.6,55243.6,55243.6,55243.6,60
1781170100000,55243.6,55276.0,55243.6,55276.0,120
1781170105000,55243.8,55243.8,55243.8,55243.8,60
1781170110000,55274.6,55274.6,55274.6,55274.6,30
1781170115000,55250.0,55250.0,55250.0,55250.0,30
1781170120000,55274.8,55274.8,55274.8,55274.8,60
1781170125000,55255.0,55255.0,55255.0,55255.0,30
1781170135000,55250.2,55250.2,55250.2,55250.2,30
1781170140000,55251.0,55251.0,55251.0,55251.0,30
1781170145000,55250.0,55250.0,55250.0,55250.0,120
1781170150000,55262.4,55262.4,55262.4,55262.4,60
1781170155000,55250.2,55250.2,55250.2,55250.2,30
1781170165000,55250.2,55250.2,55250.2,55250.2,30
1781170175000,55250.2,55279.8,55250.2,55279.8,60
1781170180000,55250.2,55250.2,55250.2,55250.2,60
1781170185000,55278.4,55281.6,55277.2,55281.6,240
1781170190000,55251.0,55251.0,55251.0,55251.0,30
1781170200000,55254.8,55290.0,55254.8,55290.0,180
1781170205000,55298.0,55298.0,55298.0,55298.0,90
1781170210000,55297.6,55297.6,55262.6,55263.8,270
1781170215000,55261.0,55261.0,55255.0,55255.0,90
1781170220000,55255.0,55255.2,55255.0,55255.0,150
1781170225000,55250.6,55250.6,55250.2,55250.2,90
1781170230000,55250.0,55265.6,55250.0,55265.6,60
1781170235000,55255.0,55255.0,55250.0,55250.0,330
1781170240000,55265.6,55265.6,55265.6,55265.6,30
1781170245000,55250.0,55250.0,55250.0,55250.0,90
1781170250000,55250.0,55261.6,55250.0,55261.6,90
1781170255000,55243.6,55253.6,55242.2,55253.6,330
1781170260000,55244.0,55244.0,55244.0,55244.0,30
1781170265000,55244.0,55244.0,55241.0,55241.0,120
1781170270000,55240.2,55268.8,55240.2,55268.8,90
1781170275000,55241.4,55253.6,55241.4,55253.6,150
1781170285000,55253.6,55260.4,55253.6,55260.4,60
1781170290000,55259.0,55259.0,55244.0,55244.0,60
1781170295000,55241.0,55259.0,55240.2,55240.2,210
1781170300000,55240.2,55240.2,55240.2,55240.2,270
1781170305000,55240.2,55240.2,55240.2,55240.2,60
1781170310000,55240.2,55240.2,55240.2,55240.2,30
1781170315000,55240.2,55258.2,55240.2,55258.2,90
1781170320000,55258.6,55258.6,55240.6,55240.6,60
1781170325000,55240.2,55240.2,55240.2,55240.2,450
1781170330000,55241.0,55241.0,55240.2,55240.2,720
1781170335000,55230.2,55230.2,55230.0,55230.0,2520
1781170340000,55225.0,55225.0,55220.0,55220.0,750
1781170345000,55221.2,55221.2,55220.0,55220.0,60
1781170350000,55220.0,55225.6,55211.0,55225.6,300
1781170355000,55225.2,55237.0,55225.2,55237.0,120
1781170360000,55237.0,55237.0,55237.0,55237.0,180
1781170365000,55230.0,55230.0,55220.0,55220.0,360
1781170370000,55238.4,55249.0,55238.4,55249.0,60
1781170375000,55248.6,55248.6,55248.6,55248.6,30
1781170385000,55230.0,55230.0,55230.0,55230.0,30
1781170390000,55239.4,55239.4,55225.0,55225.0,150
1781170395000,55226.0,55233.0,55226.0,55233.0,210
1781170400000,55237.4,55237.4,55237.4,55237.4,30
1781170405000,55226.0,55226.0,55226.0,55226.0,60
1781170415000,55225.2,55225.2,55220.0,55220.0,630
1781170420000,55222.0,55222.0,55222.0,55222.0,30
1781170425000,55235.0,55235.4,55235.0,55235.4,270
1781170430000,55237.4,55237.4,55237.4,55237.4,120
1781170435000,55237.4,55237.4,55237.4,55237.4,30
1781170440000,55237.4,55237.4,55225.0,55225.0,120
1781170450000,55237.4,55237.4,55225.2,55225.2,90
1781170455000,55237.2,55237.4,55237.2,55237.4,60
1781170460000,55237.4,55237.4,55237.4,55237.4,30
1781170465000,55247.0,55247.0,55247.0,55247.0,30
1781170470000,55230.2,55230.2,55230.2,55230.2,30
1781170475000,55247.0,55247.0,55225.4,55225.4,120
1781170480000,55246.2,55246.2,55226.0,55226.0,60
1781170485000,55249.0,55249.0,55225.0,55225.0,90
1781170490000,55225.0,55242.2,55225.0,55225.0,90
1781170495000,55225.0,55225.0,55225.0,55225.0,180
1781170500000,55245.0,55245.0,55245.0,55245.0,750
1781170505000,55225.0,55229.6,55225.0,55229.6,150
1781170510000,55220.0,55225.8,55220.0,55225.8,210
1781170515000,55220.0,55235.0,55220.0,55235.0,1050
1781170520000,55231.6,55231.6,55231.6,55231.6,30
1781170525000,55220.2,55220.2,55220.0,55220.0,90
1781170530000,55205.2,55205.2,55205.0,55205.0,90
1781170535000,55207.6,55230.0,55207.6,55230.0,390
1781170540000,55235.0,55235.0,55235.0,55235.0,90
1781170545000,55211.4,55211.4,55211.4,55211.4,30
1781170550000,55210.0,55210.0,55210.0,55210.0,60
1781170555000,55209.0,55234.8,55209.0,55234.8,60
1781170560000,55206.0,55210.0,55205.4,55210.0,90
1781170570000,55232.8,55232.8,55211.0,55211.0,60
1781170580000,55210.0,55210.0,55210.0,55210.0,90
1781170585000,55210.0,55210.0,55205.0,55205.0,120
1781170590000,55205.0,55214.0,55205.0,55210.0,180
1781170595000,55202.0,55218.8,55202.0,55218.8,210
1781170600000,55201.6,55201.6,55201.6,55201.6,90
1781170605000,55202.0,55202.0,55202.0,55202.0,420
1781170610000,55218.6,55218.6,55218.6,55218.6,270
1781170615000,55201.6,55201.6,55201.6,55201.6,30
1781170620000,55224.6,55224.6,55224.6,55224.6,300
1781170625000,55224.6,55231.2,55201.6,55224.6,150
1781170630000,55229.0,55229.0,55229.0,55229.0,30
1781170635000,55206.2,55206.2,55206.2,55206.2,30
1781170645000,55205.0,55229.0,55205.0,55229.0,60
1781170650000,55232.2,55232.2,55232.2,55232.2,30
1781170655000,55235.0,55235.0,55232.6,55232.6,180
1781170660000,55220.0,55220.0,55220.0,55220.0,60
1781170665000,55229.8,55229.8,55229.8,55229.8,30
1781170670000,55228.4,55228.4,55220.0,55220.0,60
1781170680000,55220.0,55228.2,55220.0,55221.6,120
1781170690000,55230.0,55230.0,55220.0,55220.0,60
1781170695000,55211.0,55211.0,55211.0,55211.0,30
1781170700000,55220.0,55220.0,55210.0,55210.0,60
1781170705000,55220.0,55220.0,55220.0,55220.0,30
1781170710000,55210.0,55210.0,55210.0,55210.0,30
1781170720000,55220.0,55229.8,55220.0,55229.8,60
1781170725000,55220.0,55220.0,55220.0,55220.0,30
1781170735000,55205.0,55209.8,55205.0,55207.0,180
1781170740000,55205.0,55205.0,55203.0,55203.0,120
1781170745000,55200.2,55200.2,55200.2,55200.2,960
1781170750000,55201.2,55201.2,55200.2,55200.2,120
1781170755000,55200.2,55200.2,55200.2,55200.2,60
1781170760000,55219.8,55219.8,55200.2,55200.2,90
1781170765000,55220.0,55220.0,55201.0,55201.0,120
1781170770000,55200.2,55202.2,55200.2,55202.2,330
1781170775000,55198.0,55199.8,55190.6,55190.6,4380
1781170780000,55192.6,55192.6,55189.0,55189.0,330
1781170785000,55190.0,55199.8,55190.0,55199.8,1440
1781170790000,55190.0,55195.0,55190.0,55195.0,90
1781170795000,55200.0,55200.0,55194.0,55194.6,180
1781170800000,55203.0,55213.6,55203.0,55213.6,300
1781170805000,55210.0,55210.0,55210.0,55210.0,30
1781170810000,55220.0,55220.0,55211.0,55211.0,90
1781170815000,55211.0,55211.0,55211.0,55211.0,90
1781170820000,55212.0,55212.0,55212.0,55212.0,90
1781170825000,55230.0,55230.0,55230.0,55230.0,60
1781170830000,55230.0,55230.0,55224.8,55224.8,270
1781170840000,55230.0,55230.0,55230.0,55230.0,210
1781170845000,55224.8,55225.0,55224.8,55225.0,60
1781170850000,55230.0,55231.2,55224.8,55231.2,930
1781170855000,55235.0,55235.0,55231.0,55231.0,120
1781170860000,55237.0,55239.0,55237.0,55239.0,90
1781170865000,55240.0,55240.0,55239.0,55239.0,120
1781170870000,55245.0,55250.0,55245.0,55250.0,150
1781170875000,55250.0,55250.0,55240.0,55240.0,210
1781170880000,55236.8,55236.8,55232.8,55232.8,510
1781170885000,55236.8,55239.8,55236.8,55239.8,90
1781170890000,55230.0,55230.0,55230.0,55230.0,30
1781170895000,55229.8,55229.8,55229.8,55229.8,30
1781170900000,55232.8,55232.8,55230.0,55230.0,60
1781170905000,55230.0,55232.8,55230.0,55232.8,60
1781170910000,55240.0,55240.0,55240.0,55240.0,270
1781170915000,55230.0,55230.0,55222.0,55222.0,120
1781170920000,55240.0,55240.0,55220.0,55220.0,60
1781170925000,55239.8,55239.8,55239.8,55239.8,30
1781170930000,55220.4,55236.0,55220.4,55236.0,60
1781170935000,55232.8,55232.8,55220.0,55220.0,90
1781170940000,55220.0,55235.0,55220.0,55235.0,690
1781170950000,55220.0,55235.0,55220.0,55235.0,60
1781170955000,55221.2,55221.2,55221.2,55221.2,240
1781170960000,55221.0,55239.8,55221.0,55239.8,60
1781170965000,55224.4,55224.4,55224.4,55224.4,30
1781170975000,55230.0,55230.0,55230.0,55230.0,30
1781170980000,55239.8,55239.8,55228.4,55228.4,1800
1781170985000,55224.4,55249.0,55224.4,55249.0,90
1781170990000,55229.0,55229.0,55229.0,55229.0,30
1781170995000,55229.6,55229.6,55229.6,55229.6,30
1781171000000,55248.8,55248.8,55248.8,55248.8,30
1781171005000,55230.2,55230.2,55230.2,55230.2,60
1781171010000,55240.0,55240.0,55240.0,55240.0,150
1781171015000,55240.0,55248.8,55240.0,55248.6,90
1781171020000,55240.2,55249.0,55240.2,55249.0,90
1781171025000,55242.0,55242.0,55242.0,55242.0,90
1781171030000,55241.2,55255.0,55241.2,55255.0,810
1781171035000,55250.8,55259.0,55250.8,55251.6,1080
1781171040000,55260.0,55261.6,55260.0,55261.6,120
1781171045000,55269.0,55270.0,55262.2,55265.8,150
1781171050000,55270.0,55289.0,55270.0,55289.0,210
1781171055000,55290.0,55290.0,55290.0,55290.0,300
1781171060000,55280.0,55280.0,55271.0,55279.6,150
1781171065000,55285.0,55285.0,55280.0,55285.0,510
1781171070000,55285.0,55285.0,55280.0,55285.0,360
1781171075000,55290.0,55290.0,55290.0,55290.0,300
1781171080000,55290.0,55294.0,55290.0,55294.0,420
1781171085000,55290.0,55290.0,55289.8,55289.8,210
1781171090000,55285.0,55295.0,55285.0,55289.8,150
1781171095000,55290.0,55290.0,55285.0,55285.0,60
1781171100000,55285.0,55285.0,55272.0,55272.0,300
1781171105000,55272.0,55275.0,55272.0,55275.0,150
1781171110000,55275.0,55275.0,55271.0,55272.0,120
1781171115000,55272.0,55289.2,55272.0,55289.2,60
1781171120000,55275.2,55275.2,55270.0,55270.0,90
1781171125000,55261.0,55285.6,55261.0,55285.6,60
1781171130000,55285.6,55285.6,55260.0,55260.0,60
1781171135000,55261.6,55261.6,55261.6,55261.6,90
1781171140000,55251.0,55251.0,55245.0,55245.0,240
1781171145000,55242.0,55242.0,55242.0,55242.0,30
1781171150000,55243.8,55250.0,55243.8,55250.0,240
1781171155000,55252.8,55272.0,55252.8,55272.0,360
1781171160000,55265.8,55265.8,55265.8,55265.8,30
1781171170000,55266.2,55266.2,55266.2,55266.2,60
1781171175000,55265.8,55265.8,55265.8,55265.8,30
1781171180000,55290.0,55290.0,55270.4,55270.4,210
1781171185000,55294.0,55294.0,55294.0,55294.0,330
1781171190000,55294.0,55294.0,55280.8,55280.8,60
1781171195000,55295.0,55295.0,55295.0,55295.0,90
1781171200000,55296.0,55299.0,55293.8,55299.0,270
1781171205000,55300.0,55300.0,55300.0,55300.0,150
1781171210000,55300.0,55304.0,55299.8,55304.0,420
1781171215000,55300.0,55307.6,55300.0,55307.6,90
1781171220000,55304.0,55316.0,55304.0,55309.2,1320
1781171225000,55320.0,55320.0,55306.0,55306.0,150
1781171230000,55320.0,55320.0,55319.0,55319.0,180
1781171235000,55309.6,55309.6,55309.6,55309.6,30
1781171240000,55318.8,55319.6,55318.8,55319.6,90
1781171245000,55315.0,55315.0,55315.0,55315.0,120
1781171250000,55315.0,55315.0,55315.0,55315.0,210
1781171255000,55309.0,55315.0,55309.0,55315.0,180
1781171265000,55309.0,55320.0,55309.0,55320.0,120
1781171270000,55319.0,55320.0,55319.0,55320.0,120
1781171275000,55305.8,55305.8,55305.8,55305.8,30
1781171280000,55325.0,55330.0,55320.0,55320.0,420
1781171285000,55320.0,55320.0,55320.0,55320.0,150
1781171290000,55320.0,55320.0,55320.0,55320.0,90
1781171295000,55321.6,55325.0,55321.6,55325.0,150
1781171300000,55320.0,55320.0,55320.0,55320.0,60
1781171305000,55323.0,55323.0,55323.0,55323.0,90
1781171310000,55321.6,55321.6,55320.0,55320.0,330
1781171315000,55329.0,55329.0,55329.0,55329.0,60
1781171320000,55320.0,55320.0,55320.0,55320.0,300
1781171340000,55310.0,55319.0,55310.0,55319.0,90
1781171345000,55307.4,55307.4,55305.0,55305.0,180
1781171350000,55306.6,55306.6,55301.0,55301.0,150
1781171355000,55302.6,55302.6,55300.2,55300.2,60
1781171360000,55300.0,55300.0,55300.0,55300.0,60
1781171365000,55300.0,55310.0,55300.0,55310.0,270
1781171370000,55299.8,55299.8,55299.8,55299.8,60
1781171375000,55310.0,55310.0,55310.0,55310.0,1140
1781171380000,55312.0,55312.0,55310.0,55310.0,150
1781171385000,55310.0,55311.0,55310.0,55311.0,570
1781171390000,55312.0,55312.0,55312.0,55312.0,30
1781171395000,55310.0,55310.0,55310.0,55310.0,60
1781171400000,55310.0,55310.0,55300.0,55300.0,450
1781171405000,55317.0,55317.0,55317.0,55317.0,60
1781171410000,55320.0,55322.8,55320.0,55322.8,1020
1781171415000,55322.0,55323.0,55322.0,55323.0,150
1781171420000,55322.8,55323.8,55321.8,55321.8,180
1781171425000,55299.8,55300.0,55299.8,55300.0,270
1781171430000,55299.8,55300.0,55299.8,55300.0,120
1781171435000,55300.0,55300.0,55299.4,55299.4,330
1781171440000,55300.0,55300.0,55296.0,55300.0,210
1781171445000,55319.0,55319.0,55319.0,55319.0,150
1781171450000,55320.0,55324.0,55320.0,55324.0,60
1781171455000,55319.0,55325.0,55301.8,55301.8,180
1781171460000,55320.0,55320.0,55306.2,55306.2,120
1781171465000,55325.0,55329.0,55325.0,55329.0,150
1781171470000,55330.0,55330.0,55325.0,55330.0,240
1781171475000,55328.0,55328.0,55328.0,55328.0,30
1781171480000,55330.0,55330.0,55305.6,55324.0,840
1781171485000,55304.4,55325.0,55304.4,55325.0,90
1781171490000,55330.0,55330.2,55330.0,55330.2,180
1781171495000,55331.0,55331.4,55329.2,55329.2,150
1781171500000,55329.2,55330.2,55310.0,55330.2,90
1781171505000,55330.2,55330.2,55329.0,55329.0,150
1781171510000,55305.0,55325.0,55303.0,55303.0,990
1781171515000,55322.2,55322.6,55322.2,55322.6,120
1781171520000,55310.0,55321.4,55305.2,55321.4,150
1781171525000,55321.4,55321.4,55321.4,55321.4,90
1781171530000,55322.8,55327.6,55316.0,55327.6,630
1781171535000,55324.8,55324.8,55316.0,55316.4,660
1781171540000,55325.8,55325.8,55301.0,55301.0,120
1781171545000,55325.2,55325.2,55324.0,55324.0,90
1781171550000,55323.4,55323.4,55303.8,55303.8,180
1781171555000,55320.4,55322.8,55303.8,55322.8,210
1781171560000,55316.0,55319.0,55315.8,55319.0,150
1781171565000,55314.0,55315.0,55314.0,55315.0,60
1781171570000,55320.0,55324.8,55313.0,55320.0,210
1781171575000,55301.0,55324.8,55300.4,55300.4,360
1781171580000,55324.6,55324.6,55323.0,55324.0,150
1781171585000,55310.0,55324.8,55305.0,55305.0,90
1781171590000,55313.6,55313.6,55299.0,55300.0,690
1781171595000,55300.0,55300.0,55296.2,55300.0,300
1781171600000,55296.6,55296.6,55291.0,55296.6,150
1781171605000,55299.4,55300.0,55297.6,55297.6,360
1781171610000,55300.0,55300.0,55297.0,55297.2,1140
1781171615000,55297.4,55300.0,55297.4,55300.0,120
1781171620000,55300.0,55300.0,55293.4,55293.4,180
1781171625000,55300.0,55300.0,55297.2,55300.0,150
1781171630000,55296.8,55300.0,55294.8,55300.0,270
1781171635000,55299.0,55300.0,55296.6,55296.6,540
1781171640000,55300.0,55300.0,55300.0,55300.0,360
1781171645000,55300.0,55319.6,55290.0,55319.6,330
1781171650000,55292.4,55318.8,55292.4,55318.8,210
1781171655000,55320.0,55320.0,55295.8,55297.4,180
1781171660000,55298.6,55325.0,55296.2,55296.2,360
1781171665000,55326.0,55326.0,55308.0,55308.0,180
1781171670000,55307.2,55322.0,55300.0,55300.0,180
1781171675000,55298.6,55300.0,55296.0,55296.0,180
1781171680000,55300.0,55300.0,55290.0,55290.0,180
1781171685000,55315.0,55315.0,55295.0,55300.0,330
1781171690000,55318.8,55318.8,55296.0,55296.0,180
1781171695000,55296.0,55314.8,55296.0,55296.0,210
1781171700000,55317.0,55317.0,55295.0,55295.0,270
1781171705000,55304.6,55316.8,55295.0,55295.0,270
1781171710000,55318.6,55319.0,55294.0,55294.0,210
1781171715000,55319.0,55319.0,55300.0,55300.0,210
1781171720000,55318.8,55318.8,55300.0,55300.0,240
1781171725000,55316.0,55316.0,55300.0,55300.0,180
1781171730000,55316.0,55316.0,55295.0,55295.0,330
1781171735000,55295.0,55300.0,55295.0,55300.0,150
1781171740000,55295.0,55312.0,55290.0,55290.0,600
1781171745000,55308.8,55308.8,55290.0,55290.0,210
1781171750000,55290.0,55307.2,55290.0,55293.0,480
1781171755000,55309.8,55313.6,55288.0,55288.0,330
1781171760000,55313.6,55313.6,55282.0,55282.0,270
1781171765000,55313.6,55313.6,55309.0,55309.0,150
1781171770000,55281.0,55309.0,55276.4,55276.4,690
1781171775000,55310.6,55310.6,55310.0,55310.0,540
1781171780000,55275.0,55308.0,55275.0,55280.0,150
1781171785000,55275.0,55308.8,55275.0,55275.0,240
1781171790000,55275.0,55307.6,55275.0,55300.0,150
1781171795000,55276.2,55308.4,55275.0,55275.0,210
1781171800000,55307.8,55307.8,55274.8,55274.8,210
1781171805000,55308.6,55308.8,55275.8,55308.8,150
1781171810000,55307.0,55310.0,55307.0,55310.0,180
1781171815000,55310.0,55310.0,55280.8,55310.0,630
1781171820000,55280.4,55310.0,55280.0,55309.0,360
1781171825000,55279.8,55281.8,55279.8,55281.8,720
1781171830000,55281.8,55309.0,55278.2,55278.2,3960
1781171835000,55307.0,55307.8,55276.2,55307.8,720
1781171840000,55276.2,55307.8,55276.2,55307.8,270
1781171845000,55280.0,55310.0,55280.0,55310.0,600
1781171850000,55310.0,55310.0,55280.2,55280.2,120
1781171855000,55280.0,55313.8,55280.0,55280.2,180
1781171860000,55280.0,55280.0,55280.0,55280.0,1590
1781171865000,55280.0,55305.0,55280.0,55305.0,720
1781171870000,55280.2,55310.0,55280.2,55280.6,570
1781171875000,55314.4,55314.4,55282.2,55314.4,630
1781171880000,55281.0,55310.0,55281.0,55310.0,600
1781171885000,55281.2,55309.8,55281.2,55309.8,600
1781171890000,55310.0,55310.0,55285.0,55310.0,570
1781171895000,55310.0,55310.0,55284.4,55310.0,660
1781171900000,55285.0,55314.8,55283.6,55283.6,1290
1781171905000,55314.0,55314.0,55283.4,55286.4,570
1781171910000,55280.0,55290.0,55280.0,55285.0,1020
1781171915000,55286.4,55311.0,55283.8,55283.8,540
1781171920000,55285.0,55311.0,55283.6,55311.0,1110
1781171925000,55312.8,55313.0,55283.2,55313.0,810
1781171930000,55313.8,55313.8,55285.0,55285.0,660
1781171935000,55285.0,55318.4,55283.4,55318.4,1920
1781171940000,55284.2,55312.8,55283.8,55283.8,870
1781171945000,55312.4,55312.4,55312.4,55312.4,480
1781171950000,55286.0,55286.0,55286.0,55286.0,450
1781171955000,55288.0,55300.0,55284.0,55300.0,1020
1781171960000,55300.0,55315.4,55284.8,55284.8,1080
1781171965000,55285.0,55310.2,55283.0,55283.0,750
1781171970000,55285.0,55306.4,55283.2,55306.4,960
1781171975000,55282.4,55282.4,55282.4,55282.4,450
1781171980000,55299.2,55314.8,55282.0,55314.8,900
1781171985000,55299.8,55299.8,55285.0,55299.6,660
1781171990000,55285.0,55285.0,55281.0,55281.0,510
1781171995000,55300.0,55315.0,55280.0,55315.0,480
1781235900000,55900.2,55950.0,55840.4,55950.0,5370
1781235905000,55913.8,55915.6,55906.4,55914.8,4590
1781235910000,55921.2,55968.0,55921.2,55965.0,4530
1781235915000,55974.8,55974.8,55951.8,55974.0,2520
1781235920000,55972.0,55988.0,55965.0,55975.0,3810
1781235925000,55989.0,55990.0,55975.0,55975.0,2370
1781235930000,55992.0,55992.0,55975.0,55978.4,4170
1781235935000,55987.0,55999.0,55987.0,55987.8,3480
1781235940000,55999.0,56000.0,55988.0,55995.0,2460
1781235945000,55970.2,55984.8,55970.2,55984.8,2340
1781235950000,55950.8,55973.4,55950.8,55970.6,1500
1781235955000,55970.8,55971.0,55951.0,55971.0,1260
1781235960000,55987.0,56000.0,55987.0,56000.0,5010
1781235965000,56000.0,56010.0,55990.4,56010.0,3930
1781235970000,56020.0,56020.0,56000.0,56020.0,1650
1781235975000,56016.0,56016.0,56000.0,56000.0,1740
1781235980000,56001.0,56011.8,56000.0,56009.4,2490
1781235985000,56000.0,56010.6,55990.0,56000.0,1290
1781235990000,56000.0,56000.0,55987.0,55991.0,600
1781235995000,55991.0,55998.2,55980.4,55996.4,870
1781236000000,55996.4,55996.4,55970.8,55974.6,1620
1781236005000,55971.0,55971.2,55970.0,55970.0,1200
1781236010000,55967.4,55980.0,55966.6,55980.0,630
1781236015000,55974.8,55979.8,55974.8,55974.8,600
1781236020000,55974.8,55974.8,55955.4,55955.4,450
1781236025000,55969.0,55969.0,55951.2,55951.2,1350
1781236030000,55935.0,55949.8,55935.0,55949.8,1830
1781236035000,55949.6,55949.6,55943.0,55947.4,750
1781236040000,55949.4,55950.0,55943.4,55950.0,1920
1781236045000,55951.0,55960.0,55951.0,55959.2,2430
1781236050000,55961.6,55982.8,55961.6,55982.8,180
1781236055000,55961.8,55962.8,55960.0,55962.8,270
1781236060000,55960.0,55964.4,55960.0,55964.4,360
1781236065000,55965.8,55980.0,55965.8,55980.0,660
1781236070000,55979.8,55980.0,55975.4,55980.0,570
1781236075000,55980.0,55980.0,55975.8,55980.0,450
1781236080000,55983.0,55990.0,55983.0,55990.0,810
1781236085000,55980.0,55981.6,55980.0,55980.0,840
1781236090000,55978.4,55978.4,55975.0,55975.0,1950
1781236095000,55975.0,55980.0,55975.0,55975.0,840
1781236100000,55975.0,55980.0,55975.0,55975.6,570
1781236105000,55975.0,55980.0,55975.0,55975.0,1200
1781236110000,55975.0,55987.0,55975.0,55986.2,1050
1781236115000,55980.0,55985.0,55970.0,55977.6,450
1781236120000,55981.4,55981.4,55963.6,55963.6,180
1781236125000,55960.0,55960.0,55950.0,55950.0,1200
1781236130000,55950.0,55954.2,55950.0,55954.2,1980
1781236135000,55960.0,55960.0,55958.2,55958.6,210
1781236140000,55960.0,55975.0,55958.6,55975.0,750
1781236145000,55962.0,55975.0,55950.0,55950.0,180
1781236150000,55950.0,55960.0,55948.2,55960.0,330
1781236155000,55953.0,55975.0,55953.0,55975.0,1200
1781236160000,55960.0,55970.0,55951.2,55951.2,510
1781236165000,55968.4,55968.4,55955.6,55955.6,150
1781236170000,55970.0,55970.0,55965.0,55965.0,330
1781236175000,55970.0,55970.0,55958.0,55958.0,420
1781236180000,55958.0,55960.0,55958.0,55960.0,300
1781236185000,55960.0,55971.4,55960.0,55971.4,870
1781236190000,55971.4,55975.0,55971.4,55975.0,480
1781236195000,55977.6,55981.4,55975.4,55981.4,990
1781236200000,55990.0,55994.0,55990.0,55990.0,1020
1781236205000,55990.0,55998.0,55982.4,55998.0,1320
1781236210000,55990.6,55998.0,55990.6,55998.0,840
1781236215000,55989.8,56000.0,55989.8,56000.0,1620
1781236220000,55989.8,56000.0,55989.8,55989.8,150
1781236225000,56000.0,56000.0,55997.0,55997.0,150
1781236230000,55991.0,56000.0,55991.0,56000.0,1320
1781236235000,56000.0,56000.0,55999.0,55999.0,270
1781236240000,55999.0,55999.0,55990.6,55990.6,720
1781236245000,55981.0,55982.0,55981.0,55982.0,1620
1781236250000,55988.2,55988.2,55981.0,55982.0,720
1781236255000,55982.0,55982.0,55980.0,55980.0,1290
1781236260000,55980.0,55995.0,55980.0,55995.0,330
1781236265000,55995.0,55995.0,55995.0,55995.0,570
1781236270000,55999.6,55999.8,55999.6,55999.6,870
1781236275000,56000.0,56000.0,55999.0,55999.0,840
1781236280000,55999.0,56001.0,55999.0,56001.0,1530
1781236285000,56004.0,56007.0,56004.0,56007.0,1110
1781236290000,55994.0,55994.0,55990.0,55990.0,2400
1781236295000,55993.6,55993.6,55990.0,55990.0,210
1781236300000,55993.4,55993.4,55990.0,55990.0,330
1781236305000,55990.0,55992.8,55990.0,55992.8,180
1781236310000,55980.0,55980.0,55972.6,55972.6,270
1781236315000,55973.0,55988.8,55973.0,55988.8,210
1781236320000,55974.4,55975.8,55974.4,55975.8,240
1781236325000,55981.0,55981.0,55978.4,55980.6,810
1781236330000,55980.8,55990.0,55980.0,55980.0,780
1781236335000,55981.8,55999.0,55981.8,55999.0,300
1781236340000,55983.4,55999.6,55983.4,55999.6,210
1781236345000,55985.0,55995.0,55985.0,55995.0,420
1781236350000,55987.2,55994.6,55987.2,55994.6,120
1781236355000,55994.4,55994.4,55985.0,55985.0,450
1781236360000,55987.2,55990.0,55987.2,55990.0,330
1781236365000,55990.0,55990.0,55990.0,55990.0,270
1781236370000,55990.0,55992.0,55982.0,55982.0,1050
1781236375000,55990.0,55990.0,55980.0,55980.0,720
1781236380000,55980.0,55985.2,55980.0,55985.2,600
1781236385000,55985.6,55990.0,55980.6,55980.6,420
1781236390000,55982.4,55982.4,55979.2,55979.2,510
1781236395000,55977.0,55979.2,55977.0,55979.2,90
1781236400000,55979.2,55979.2,55975.0,55975.0,90
1781236405000,55975.0,55975.0,55973.2,55975.0,120
1781236410000,55972.0,55972.0,55970.0,55970.0,150
1781236415000,55969.6,55973.2,55969.6,55973.2,720
1781236420000,55973.2,55973.2,55973.2,55973.2,420
1781236425000,55973.2,55975.0,55973.2,55973.2,390
1781236430000,55973.2,55973.2,55973.2,55973.2,210
1781236435000,55973.2,55973.2,55970.0,55970.0,300
1781236440000,55961.0,55961.0,55953.0,55960.8,630
1781236445000,55953.2,55958.6,55953.2,55958.6,780
1781236450000,55955.0,55955.0,55947.4,55950.0,870
1781236455000,55954.4,55962.4,55954.4,55962.4,720
1781236460000,55965.6,55969.8,55965.6,55966.2,180
1781236465000,55969.6,55969.6,55959.2,55959.2,60
1781236470000,55955.2,55969.6,55953.2,55953.2,870
1781236475000,55955.2,55955.2,55951.4,55951.4,90
1781236480000,55950.0,55955.0,55950.0,55950.0,390
1781236485000,55950.8,55950.8,55950.8,55950.8,120
1781236490000,55950.8,55950.8,55947.2,55947.2,180
1781236495000,55942.0,55949.8,55941.0,55941.0,690
1781236500000,55942.0,55969.0,55942.0,55969.0,1830
1781236505000,55973.2,55977.8,55970.6,55977.8,900
1781236510000,55977.8,55977.8,55970.0,55970.0,930
1781236515000,55970.0,55970.0,55965.8,55965.8,180
1781236520000,55960.0,55960.0,55958.4,55959.4,690
1781236525000,55959.4,55960.0,55954.8,55959.4,390
1781236530000,55954.4,55954.4,55949.6,55949.6,360
1781236535000,55947.4,55949.2,55940.2,55940.2,780
1781236540000,55947.0,55947.0,55940.0,55940.6,450
1781236545000,55944.0,55945.0,55940.0,55940.0,240
1781236550000,55930.0,55930.0,55930.0,55930.0,150
1781236555000,55925.0,55925.0,55921.2,55921.2,450
1781236560000,55929.0,55929.0,55916.2,55922.2,1230
1781236565000,55924.2,55924.2,55917.0,55922.0,630
1781236570000,55920.6,55920.6,55920.0,55920.4,240
1781236575000,55919.6,55919.8,55917.4,55919.4,1950
1781236580000,55919.8,55928.4,55919.8,55926.4,1590
1781236585000,55929.0,55940.0,55928.2,55940.0,1320
1781236590000,55932.2,55939.8,55932.2,55937.4,480
1781236595000,55939.2,55939.2,55930.0,55937.4,630
1781236600000,55935.4,55935.4,55934.6,55934.6,870
1781236605000,55930.2,55937.4,55930.2,55937.4,1350
1781236610000,55939.6,55944.0,55939.6,55944.0,1140
1781236615000,55949.4,55950.0,55949.4,55949.4,240
1781236620000,55949.4,55952.4,55949.4,55952.4,870
1781236625000,55953.8,55958.2,55953.8,55958.2,150
1781236630000,55960.0,55960.0,55948.2,55960.0,870
1781236635000,55960.0,55975.0,55960.0,55975.0,480
1781236640000,55965.0,55970.0,55965.0,55965.0,120
1781236645000,55965.0,55965.0,55965.0,55965.0,330
1781236650000,55949.2,55949.2,55949.2,55949.2,60
1781236655000,55958.0,55960.0,55942.0,55942.0,630
1781236660000,55942.8,55955.2,55942.8,55955.2,300
1781236665000,55955.2,55955.2,55955.2,55955.2,30
1781236670000,55944.2,55953.6,55944.2,55947.6,390
1781236675000,55953.2,55955.2,55952.4,55955.2,420
1781236680000,55965.4,55975.0,55965.4,55969.4,780
1781236685000,55969.4,55969.4,55969.4,55969.4,210
1781236690000,55970.6,55970.6,55969.8,55969.8,630
1781236695000,55970.0,55970.0,55970.0,55970.0,210
1781236700000,55969.6,55969.6,55969.6,55969.6,300
1781236705000,55969.6,55969.6,55961.6,55964.6,150
1781236710000,55960.0,55960.0,55960.0,55960.0,30
1781236715000,55953.6,55953.6,55944.6,55944.6,900
1781236720000,55944.6,55949.8,55944.6,55949.8,90
1781236725000,55942.8,55943.0,55942.8,55943.0,330
1781236730000,55940.0,55940.0,55937.4,55937.4,120
1781236735000,55940.0,55940.0,55940.0,55940.0,60
1781236740000,55943.0,55943.0,55942.8,55942.8,1350
1781236745000,55942.8,55943.0,55942.8,55942.8,210
1781236750000,55943.0,55943.0,55942.8,55942.8,210
1781236755000,55943.0,55943.0,55942.8,55942.8,150
1781236760000,55942.8,55942.8,55937.8,55937.8,300
1781236765000,55943.0,55943.0,55935.2,55935.2,240
1781236770000,55942.6,55943.0,55941.4,55943.0,480
1781236775000,55942.6,55942.6,55942.6,55942.6,30
1781236780000,55943.0,55953.6,55943.0,55953.6,1380
1781236785000,55955.0,55955.0,55953.8,55953.8,360
1781236790000,55953.8,55953.8,55951.0,55953.8,420
1781236795000,55949.6,55949.6,55936.4,55936.4,720
1781236800000,55949.4,55964.6,55949.4,55958.0,2700
1781236805000,55959.2,55964.6,55959.2,55959.2,300
1781236810000,55955.0,55955.0,55955.0,55955.0,180
1781236815000,55950.0,55950.0,55940.0,55940.0,630
1781236820000,55950.0,55950.0,55939.8,55939.8,240
1781236825000,55940.6,55940.6,55934.0,55939.6,480
1781236830000,55940.0,55940.0,55938.2,55938.2,360
1781236835000,55950.0,55950.0,55950.0,55950.0,120
1781236840000,55949.4,55949.4,55947.4,55948.0,540
1781236845000,55954.4,55954.4,55954.0,55954.0,90
1781236850000,55953.8,55955.0,55953.8,55955.0,1950
1781236855000,55955.6,55965.0,55955.6,55965.0,330
1781236860000,55965.0,55965.0,55965.0,55965.0,330
1781236865000,55966.0,55967.0,55966.0,55967.0,180
1781236870000,55967.0,55968.4,55967.0,55967.0,420
1781236875000,55955.0,55962.2,55950.0,55950.0,540
1781236880000,55941.6,55941.6,55941.6,55941.6,90
1781236885000,55940.4,55940.4,55935.0,55935.0,210
1781236890000,55931.4,55931.4,55926.0,55926.0,540
1781236895000,55939.8,55939.8,55926.0,55926.0,330
1781236900000,55933.8,55939.0,55933.8,55935.2,180
1781236905000,55938.8,55940.0,55938.8,55940.0,420
1781236910000,55943.2,55946.8,55943.2,55946.8,360
1781236915000,55949.8,55949.8,55948.2,55948.2,120
1781236920000,55950.0,55960.0,55949.8,55960.0,450
1781236925000,55954.8,55956.0,55954.8,55956.0,90
1781236930000,55952.2,55959.6,55952.2,55955.0,180
1781236935000,55960.0,55960.0,55953.2,55953.2,390
1781236940000,55951.8,55951.8,55951.8,55951.8,30
1781236945000,55951.2,55955.2,55951.0,55951.0,780
1781236950000,55955.0,55955.0,55954.0,55954.0,210
1781236955000,55952.0,55955.0,55952.0,55955.0,810
1781236960000,55953.0,55953.0,55952.0,55952.0,630
1781236965000,55952.0,55952.0,55943.0,55945.2,510
1781236970000,55946.2,55946.2,55945.2,55945.2,300
1781236975000,55949.8,55950.0,55945.2,55945.2,450
1781236980000,55955.2,55955.2,55951.0,55955.2,600
1781236985000,55951.0,55959.0,55951.0,55959.0,270
1781236990000,55953.0,55958.8,55953.0,55958.8,150
1781236995000,55951.2,55960.0,55951.2,55960.0,150
1781237000000,55950.0,55951.0,55950.0,55951.0,390
1781237005000,55958.8,55958.8,55951.0,55951.0,690
1781237010000,55951.0,55960.0,55950.0,55960.0,300
1781237015000,55960.0,55960.0,55952.0,55960.0,270
1781237020000,55960.0,55960.0,55953.0,55953.0,120
1781237025000,55960.0,55960.0,55954.0,55959.0,120
1781237030000,55959.0,55959.0,55959.0,55959.0,240
1781237035000,55950.0,55960.0,55950.0,55960.0,540
1781237040000,55967.0,55967.0,55951.0,55964.8,570
1781237045000,55950.8,55950.8,55950.8,55950.8,150
1781237050000,55951.0,55951.0,55950.0,55950.0,660
1781237055000,55951.0,55951.0,55950.0,55950.0,90
1781237060000,55960.0,55960.0,55951.0,55951.0,150
1781237065000,55950.0,55951.0,55950.0,55951.0,150
1781237070000,55951.0,55951.0,55951.0,55951.0,30
1781237075000,55951.0,55958.0,55951.0,55951.0,180
1781237080000,55959.0,55959.0,55959.0,55959.0,90
1781237085000,55955.0,55955.0,55951.0,55951.0,180
1781237090000,55955.0,55955.0,55951.0,55951.0,120
1781237095000,55955.2,55959.0,55950.0,55959.0,210
1781237100000,55952.6,55960.0,55952.6,55960.0,270
1781237105000,55960.0,55960.0,55953.6,55960.0,540
1781237110000,55953.6,55953.6,55951.0,55951.0,120
1781237115000,55950.0,55950.0,55950.0,55950.0,60
1781237120000,55950.0,55950.0,55950.0,55950.0,90
1781237125000,55952.6,55952.6,55950.0,55950.0,120
1781237130000,55950.8,55950.8,55940.0,55940.0,210
1781237135000,55943.0,55943.0,55943.0,55943.0,30
1781237140000,55940.0,55952.6,55940.0,55943.6,210
1781237145000,55959.6,55960.0,55959.6,55960.0,180
1781237150000,55959.2,55959.2,55945.8,55951.0,120
1781237155000,55960.0,55960.0,55959.8,55960.0,120
1781237160000,55947.8,55947.8,55947.8,55947.8,60
1781237165000,55940.2,55957.8,55940.2,55957.8,120
1781237170000,55958.4,55958.4,55942.4,55942.4,150
1781237175000,55941.4,55941.4,55941.4,55941.4,60
1781237180000,55940.0,55940.0,55931.0,55931.0,120
1781237185000,55930.0,55930.0,55925.0,55929.8,300
1781237190000,55927.2,55945.2,55927.2,55943.6,270
1781237195000,55925.4,55926.0,55925.0,55926.0,330
1781237200000,55920.2,55922.4,55920.2,55920.2,240
1781237205000,55905.6,55921.0,55905.6,55921.0,690
1781237210000,55921.8,55921.8,55906.8,55906.8,300
1781237215000,55920.0,55920.0,55920.0,55920.0,30
1781237220000,55908.4,55920.0,55908.4,55920.0,210
1781237225000,55922.0,55950.0,55920.6,55949.8,330
1781237230000,55950.0,55950.0,55949.8,55949.8,60
1781237235000,55949.6,55949.6,55949.6,55949.6,30
1781237240000,55949.6,55949.6,55949.6,55949.6,30
1781237250000,55950.0,55950.0,55950.0,55950.0,120
1781237255000,55921.6,55931.2,55921.6,55931.2,360
1781237260000,55930.4,55930.4,55930.4,55930.4,60
1781237265000,55929.8,55929.8,55916.4,55925.2,450
1781237270000,55916.0,55916.0,55916.0,55916.0,60
1781237275000,55917.0,55917.0,55916.0,55916.0,120
1781237280000,55917.0,55917.0,55917.0,55917.0,60
1781237285000,55920.0,55924.6,55920.0,55924.6,300
1781237290000,55930.0,55930.0,55930.0,55930.0,30
1781237295000,55930.0,55950.0,55930.0,55950.0,720
1781237300000,55934.6,55947.2,55934.6,55947.2,90
1781237305000,55933.0,55934.6,55933.0,55933.6,450
1781237310000,55949.8,55950.0,55932.2,55950.0,450
1781237320000,55950.0,55950.0,55950.0,55950.0,90
1781237325000,55937.8,55937.8,55937.8,55937.8,60
1781237330000,55954.6,55955.0,55954.6,55955.0,120
1781237335000,55951.0,55954.8,55951.0,55954.8,90
1781237340000,55950.0,55950.0,55950.0,55950.0,30
1781237345000,55923.6,55949.4,55923.6,55949.4,480
1781237350000,55949.4,55949.4,55949.4,55949.4,90
1781237355000,55925.8,55925.8,55920.0,55920.0,90
1781237365000,55919.2,55919.2,55919.2,55919.2,30
1781237370000,55944.8,55946.2,55920.0,55920.0,210
1781237375000,55920.0,55920.0,55920.0,55920.0,30
1781237380000,55919.2,55919.2,55916.0,55916.0,360
1781237385000,55909.0,55917.8,55909.0,55917.8,150
1781237390000,55910.0,55918.0,55908.0,55908.0,180
1781237400000,55920.0,55920.0,55920.0,55920.0,30
1781237405000,55908.0,55908.0,55905.0,55905.0,600
1781237410000,55918.0,55918.0,55918.0,55918.0,300
1781237415000,55906.6,55906.6,55903.0,55903.0,450
1781237420000,55903.0,55903.0,55903.0,55903.0,90
1781237425000,55905.0,55905.0,55903.0,55905.0,1590
1781237430000,55891.0,55891.0,55880.0,55880.0,330
1781237435000,55890.0,55890.0,55881.0,55881.0,90
1781237440000,55880.0,55881.4,55879.8,55881.4,570
1781237445000,55883.2,55891.6,55883.2,55891.6,360
1781237450000,55891.4,55900.0,55891.4,55900.0,420
1781237455000,55901.4,55901.4,55901.4,55901.4,30
1781237460000,55894.4,55900.0,55894.4,55897.0,150
1781237465000,55905.0,55905.0,55893.6,55905.0,180
1781237470000,55906.0,55906.0,55906.0,55906.0,60
1781237475000,55893.6,55901.4,55893.6,55901.4,90
1781237480000,55888.0,55900.0,55888.0,55900.0,120
1781237485000,55885.0,55885.0,55885.0,55885.0,30
1781237495000,55885.0,55885.0,55879.0,55879.0,240
1781237500000,55878.0,55898.0,55878.0,55879.0,90
1781237505000,55878.0,55878.0,55878.0,55878.0,60
1781237510000,55872.0,55873.0,55872.0,55872.0,690
1781237515000,55878.6,55878.8,55878.6,55878.8,90
1781237520000,55876.0,55877.0,55876.0,55876.0,390
1781237525000,55876.0,55876.0,55873.8,55874.2,150
1781237530000,55878.8,55878.8,55870.0,55870.0,570
1781237535000,55867.0,55878.0,55867.0,55878.0,630
1781237540000,55880.0,55880.0,55877.4,55880.0,450
1781237545000,55880.0,55900.0,55880.0,55900.0,210
1781237550000,55897.2,55897.2,55880.2,55880.2,180
1781237555000,55879.8,55880.0,55879.8,55880.0,300
1781237560000,55898.8,55898.8,55881.0,55881.0,120
1781237565000,55880.4,55882.0,55880.4,55881.2,90
1781237570000,55898.0,55898.0,55898.0,55898.0,60
1781237575000,55885.0,55898.0,55885.0,55885.8,480
1781237580000,55885.0,55885.6,55885.0,55885.6,120
1781237585000,55880.0,55885.0,55880.0,55885.0,360
1781237590000,55897.8,55897.8,55897.8,55897.8,90
1781237600000,55885.0,55885.0,55881.0,55881.0,90
1781237605000,55895.0,55895.0,55895.0,55895.0,90
1781237610000,55885.0,55885.0,55881.0,55881.0,390
1781237615000,55881.0,55885.0,55879.0,55885.0,300
1781237625000,55858.0,55874.6,55858.0,55874.2,1320
1781237630000,55878.6,55878.6,55858.0,55874.0,330
1781237635000,55869.8,55870.0,55856.0,55856.0,120
1781237640000,55870.0,55874.2,55860.0,55874.2,150
1781237645000,55880.0,55880.0,55861.0,55874.2,240
1781237650000,55863.0,55863.0,55863.0,55863.0,30
1781237655000,55874.2,55874.2,55865.0,55865.0,120
1781237660000,55874.0,55874.2,55874.0,55874.0,270
1781237665000,55874.2,55875.0,55874.2,55875.0,120
1781237670000,55872.4,55880.0,55872.4,55880.0,120
1781237675000,55880.0,55890.0,55880.0,55890.0,480
1781237680000,55881.0,55890.0,55881.0,55890.0,270
1781237685000,55892.0,55898.0,55890.0,55890.0,480
1781237690000,55890.0,55890.0,55890.0,55890.0,90
1781237695000,55890.0,55890.0,55890.0,55890.0,30
1781237700000,55899.4,55900.0,55883.0,55900.0,210
1781237705000,55899.0,55900.0,55899.0,55900.0,780
1781237710000,55906.0,55920.0,55906.0,55920.0,390
1781237715000,55920.0,55921.0,55920.0,55921.0,180
1781237720000,55936.8,55937.4,55930.0,55930.0,630
1781237725000,55933.0,55933.8,55933.0,55933.8,90
1781237730000,55929.8,55931.8,55929.8,55931.8,90
1781237735000,55930.0,55930.0,55925.0,55925.0,120
1781237740000,55933.2,55933.2,55932.8,55932.8,150
1781237745000,55905.0,55914.4,55905.0,55914.4,330
1781237750000,55913.0,55913.0,55905.6,55905.6,60
1781237755000,55903.8,55910.2,55903.8,55910.2,90
1781237760000,55901.2,55901.2,55901.2,55901.2,30
1781237765000,55902.2,55912.8,55902.2,55912.8,60
1781237770000,55900.2,55901.0,55900.2,55901.0,420
1781237775000,55915.0,55915.0,55915.0,55915.0,30
1781237780000,55914.4,55914.4,55905.0,55905.0,120
1781237785000,55901.0,55901.0,55900.0,55900.0,90
1781237790000,55893.0,55893.0,55893.0,55893.0,150
1781237795000,55881.0,55893.0,55881.0,55893.0,60
1781237800000,55892.0,55892.0,55875.0,55875.0,120
1781237805000,55874.4,55874.4,55874.4,55874.4,30
1781237810000,55893.0,55893.0,55874.2,55874.2,90
1781237815000,55890.0,55890.0,55878.8,55878.8,60
1781237820000,55893.0,55893.0,55890.0,55890.0,120
1781237825000,55900.0,55900.0,55900.0,55900.0,570
1781237835000,55899.8,55901.0,55899.8,55901.0,300
1781237840000,55901.2,55911.0,55901.2,55911.0,60
1781237845000,55920.0,55925.8,55920.0,55925.8,240
1781237850000,55930.0,55930.0,55925.8,55925.8,90
1781237855000,55925.4,55930.0,55925.4,55926.4,120
1781237860000,55907.6,55907.6,55907.6,55907.6,150
1781237865000,55933.0,55933.0,55926.4,55926.4,90
1781237870000,55933.0,55933.0,55932.8,55932.8,90
1781237875000,55911.0,55911.0,55910.0,55910.0,90
1781237880000,55910.0,55910.0,55910.0,55910.0,180
1781237885000,55910.0,55910.0,55901.0,55901.0,150
1781237890000,55900.0,55909.4,55900.0,55900.0,330
1781237895000,55900.0,55900.0,55900.0,55900.0,30
1781237900000,55899.8,55899.8,55899.8,55899.8,30
1781237905000,55899.8,55899.8,55899.8,55899.8,30
1781237910000,55900.0,55900.0,55900.0,55900.0,180
1781237915000,55875.0,55900.0,55875.0,55900.0,210
1781237920000,55879.2,55879.2,55879.2,55879.2,90
1781237925000,55900.0,55900.0,55900.0,55900.0,120
1781237935000,55900.0,55900.0,55900.0,55900.0,60
1781237940000,55890.0,55890.0,55890.0,55890.0,270
1781237945000,55900.0,55900.6,55900.0,55900.6,60
1781237950000,55887.4,55922.0,55887.4,55922.0,300
1781237955000,55924.8,55924.8,55922.8,55922.8,210
1781237960000,55922.8,55923.0,55922.8,55923.0,90
1781237965000,55901.6,55901.6,55901.6,55901.6,30
1781237970000,55920.0,55920.0,55920.0,55920.0,60
1781237975000,55900.6,55900.6,55900.6,55900.6,30
1781237980000,55920.0,55920.0,55920.0,55920.0,30
1781237985000,55902.2,55920.0,55902.2,55920.0,60
1781237990000,55920.0,55923.0,55920.0,55923.0,120
1781237995000,55920.0,55920.0,55920.0,55920.0,30
1781238000000,55915.0,55915.0,55915.0,55915.0,240
1781238005000,55920.0,55920.0,55920.0,55920.0,30
1781238010000,55919.8,55925.0,55919.8,55919.8,300
1781238015000,55923.0,55923.0,55919.8,55919.8,60
1781238020000,55903.2,55920.8,55903.2,55904.2,90
1781238025000,55923.0,55923.0,55923.0,55923.0,30
1781238030000,55919.8,55919.8,55919.8,55919.8,60
1781238035000,55919.8,55919.8,55904.4,55904.4,90
1781238040000,55902.0,55902.0,55902.0,55902.0,60
1781238045000,55919.8,55919.8,55919.8,55919.8,30
1781238050000,55903.0,55920.0,55902.2,55920.0,120
1781238055000,55919.8,55919.8,55919.8,55919.8,30
1781238060000,55903.2,55920.0,55903.2,55920.0,60
1781238065000,55903.2,55903.2,55898.4,55898.4,480
1781238070000,55920.0,55920.0,55920.0,55920.0,30
1781238075000,55920.0,55920.0,55920.0,55920.0,60
1781238080000,55923.0,55925.0,55921.2,55925.0,150
1781238085000,55922.0,55929.8,55908.4,55929.8,120
1781238090000,55901.8,55901.8,55901.8,55901.8,30
1781238095000,55928.0,55929.8,55928.0,55929.8,90
1781238100000,55901.8,55901.8,55901.8,55901.8,150
1781238105000,55900.8,55928.0,55900.8,55928.0,120
1781238110000,55920.8,55920.8,55920.8,55920.8,30
1781238115000,55925.0,55925.0,55925.0,55925.0,30
1781238120000,55928.0,55928.0,55928.0,55928.0,60
1781238125000,55928.0,55928.0,55928.0,55928.0,60
1781238130000,55928.0,55928.0,55928.0,55928.0,120
1781238135000,55925.0,55925.0,55905.0,55905.0,60
1781238140000,55925.0,55928.4,55925.0,55928.4,90
1781238145000,55929.4,55930.0,55905.0,55905.0,150
1781238150000,55929.0,55929.0,55929.0,55929.0,30
1781238155000,55906.0,55906.0,55906.0,55906.0,30
1781238160000,55910.6,55910.6,55910.6,55910.6,30
1781238165000,55907.0,55907.0,55905.0,55905.0,90
1781238170000,55925.0,55930.0,55925.0,55930.0,120
1781238175000,55930.0,55930.0,55930.0,55930.0,120
1781238180000,55930.0,55930.0,55930.0,55930.0,30
1781238185000,55930.0,55930.0,55908.0,55930.0,90
1781238190000,55930.0,55930.0,55930.0,55930.0,30
1781238195000,55930.0,55930.0,55930.0,55930.0,30
1781238205000,55925.0,55929.0,55925.0,55929.0,60
1781238210000,55925.0,55925.0,55925.0,55925.0,30
1781238215000,55925.0,55929.0,55907.0,55929.0,270
1781238220000,55905.0,55929.0,55905.0,55929.0,60
1781238225000,55905.0,55905.0,55905.0,55905.0,90
1781238230000,55929.0,55929.0,55929.0,55929.0,30
1781238235000,55905.0,55905.0,55905.0,55905.0,90
1781238240000,55920.2,55920.2,55920.2,55920.2,30
1781238245000,55905.4,55905.4,55905.4,55905.4,120
1781238250000,55910.6,55910.6,55910.6,55910.6,570
1781238260000,55905.4,55905.4,55893.0,55893.0,90
1781238265000,55890.0,55890.0,55890.0,55890.0,30
1781238270000,55902.0,55902.0,55881.0,55881.0,180
1781238275000,55881.0,55902.0,55881.0,55902.0,60
1781238285000,55902.0,55902.0,55902.0,55902.0,30
1781238290000,55902.0,55902.0,55886.0,55886.0,60
1781238295000,55880.0,55880.0,55880.0,55880.0,90
1781238300000,55886.0,55900.0,55886.0,55900.0,90
1781238305000,55902.0,55902.0,55885.8,55885.8,210
1781238310000,55887.2,55900.0,55886.0,55900.0,210
1781238315000,55905.0,55905.0,55905.0,55905.0,150
1781238320000,55910.0,55910.0,55893.0,55910.0,150
1781238325000,55905.0,55905.0,55905.0,55905.0,60
1781238330000,55920.0,55920.0,55920.0,55920.0,60
1781238335000,55905.0,55905.0,55905.0,55905.0,30
1781238340000,55915.0,55915.0,55915.0,55915.0,30
1781238345000,55900.0,55900.0,55881.8,55881.8,300
1781238350000,55915.0,55915.0,55915.0,55915.0,30
1781238355000,55915.0,55915.0,55915.0,55915.0,30
1781238360000,55882.8,55882.8,55882.8,55882.8,150
1781238365000,55900.0,55900.0,55900.0,55900.0,30
1781238370000,55915.0,55915.0,55915.0,55915.0,120
1781238375000,55915.0,55915.0,55915.0,55915.0,30
1781238380000,55915.0,55915.0,55915.0,55915.0,30
1781238385000,55914.0,55914.0,55914.0,55914.0,30
1781238395000,55910.0,55914.0,55910.0,55914.0,60
1781238400000,55920.0,55920.0,55920.0,55920.0,30
1781238405000,55923.0,55923.0,55923.0,55923.0,30
1781238410000,55920.0,55924.8,55920.0,55924.8,90
1781238415000,55886.4,55886.4,55886.4,55886.4,270
1781238420000,55911.8,55911.8,55886.4,55886.4,60
1781238430000,55908.8,55908.8,55908.8,55908.8,60
1781238440000,55908.8,55908.8,55908.8,55908.8,60
1781238450000,55900.0,55900.0,55900.0,55900.0,300
1781238455000,55908.8,55923.0,55908.8,55923.0,120
1781238460000,55923.0,55923.0,55923.0,55923.0,120
1781238465000,55922.8,55923.0,55922.8,55923.0,60
1781238470000,55924.8,55924.8,55924.8,55924.8,330
1781238475000,55900.0,55921.8,55900.0,55921.8,60
1781238480000,55900.0,55900.0,55900.0,55900.0,30
1781238485000,55920.0,55920.0,55920.0,55920.0,30
1781238490000,55920.0,55920.0,55920.0,55920.0,30
1781238495000,55920.0,55920.0,55920.0,55920.0,30
1781238500000,55920.0,55920.0,55920.0,55920.0,30
1781238505000,55901.0,55901.0,55900.8,55900.8,120
1781238510000,55901.0,55901.0,55900.0,55900.0,90
1781238515000,55900.0,55900.0,55900.0,55900.0,90
1781238520000,55900.0,55900.0,55900.0,55900.0,120
1781238525000,55900.0,55900.0,55900.0,55900.0,30
1781238530000,55900.0,55900.0,55889.0,55889.0,150
1781238535000,55886.4,55886.4,55886.4,55886.4,30
1781238540000,55881.2,55881.2,55881.2,55881.2,90
1781238545000,55881.2,55900.0,55881.2,55900.0,210
1781238550000,55880.8,55880.8,55880.8,55880.8,30
1781238555000,55900.0,55900.0,55900.0,55900.0,60
1781238565000,55900.0,55900.0,55900.0,55900.0,150
1781238575000,55882.2,55882.2,55882.2,55882.2,150
1781238585000,55900.0,55900.0,55879.6,55879.6,630
1781238590000,55880.0,55900.0,55880.0,55900.0,180
1781238595000,55900.0,55900.0,55900.0,55900.0,30
1781238600000,55900.0,55900.0,55900.0,55900.0,60
1781238605000,55879.0,55879.0,55879.0,55879.0,90
1781238610000,55900.0,55900.0,55885.2,55885.2,60
1781238615000,55889.2,55889.2,55889.2,55889.2,30
1781238620000,55899.0,55899.0,55899.0,55899.0,120
1781238625000,55890.0,55890.0,55890.0,55890.0,30
1781238630000,55890.0,55890.0,55890.0,55890.0,180
1781238635000,55883.2,55900.0,55877.4,55900.0,120
1781238640000,55876.0,55876.0,55876.0,55876.0,330
1781238645000,55890.0,55890.0,55890.0,55890.0,30
1781238655000,55890.0,55890.0,55890.0,55890.0,240
1781238665000,55890.0,55890.0,55890.0,55890.0,30
1781238670000,55884.0,55884.0,55884.0,55884.0,90
1781238675000,55890.0,55890.0,55890.0,55890.0,90
1781238680000,55880.0,55890.0,55880.0,55890.0,90
1781238685000,55880.0,55885.0,55880.0,55885.0,60
1781238690000,55890.0,55898.0,55890.0,55898.0,60
1781238695000,55900.0,55900.0,55900.0,55900.0,30
1781238700000,55890.0,55890.0,55890.0,55890.0,60
1781238705000,55900.0,55900.0,55890.0,55890.0,300
1781238710000,55900.0,55904.8,55900.0,55904.8,150
1781238715000,55900.0,55906.4,55900.0,55906.4,600
1781238720000,55904.8,55904.8,55900.0,55900.0,240
1781238725000,55904.8,55904.8,55904.8,55904.8,90
1781238730000,55900.0,55900.0,55884.6,55884.6,180
1781238735000,55896.4,55896.4,55896.4,55896.4,30
1781238740000,55885.4,55886.0,55885.4,55886.0,150
1781238745000,55882.2,55892.0,55880.0,55892.0,240
1781238750000,55896.6,55896.6,55875.0,55875.0,570
1781238755000,55875.0,55875.2,55875.0,55875.2,180
1781238760000,55871.2,55871.2,55871.2,55871.2,120
1781238765000,55885.0,55885.0,55860.0,55860.0,420
1781238770000,55880.0,55880.0,55880.0,55880.0,30
1781238775000,55860.0,55860.0,55860.0,55860.0,150
1781238780000,55878.8,55878.8,55878.0,55878.0,60
1781238790000,55878.8,55878.8,55878.8,55878.8,30
1781238800000,55881.0,55881.0,55881.0,55881.0,30
1781238805000,55858.0,55858.0,55855.4,55855.4,120
1781238810000,55877.4,55877.4,55864.4,55864.4,90
1781238815000,55868.4,55868.4,55868.4,55868.4,30
1781238820000,55860.0,55860.0,55850.0,55850.0,870
1781238825000,55852.0,55864.4,55850.0,55864.4,210
1781238830000,55849.6,55849.6,55849.6,55849.6,510
1781238835000,55858.0,55858.0,55851.0,55851.0,90
1781238840000,55859.4,55859.4,55854.8,55854.8,90
1781238845000,55854.0,55854.0,55819.0,55819.0,1980
1781238850000,55818.0,55835.0,55816.6,55835.0,180
1781238855000,55835.0,55835.0,55818.4,55818.4,150
1781238860000,55815.0,55829.8,55815.0,55829.8,60
1781238870000,55820.0,55829.8,55816.0,55819.0,240
1781238880000,55820.0,55828.0,55820.0,55824.2,240
1781238885000,55830.0,55839.6,55830.0,55839.6,450
1781238890000,55850.0,55850.0,55844.2,55844.2,120
1781238895000,55850.0,55854.0,55850.0,55854.0,150
1781238900000,55844.2,55854.0,55844.2,55854.0,180
1781238905000,55853.0,55854.0,55853.0,55854.0,60
1781238915000,55853.0,55854.0,55853.0,55854.0,90
1781238920000,55854.0,55858.0,55854.0,55858.0,840
1781238925000,55880.0,55880.0,55871.8,55871.8,90
1781238930000,55880.0,55887.2,55880.0,55887.2,90
1781238935000,55888.0,55888.0,55884.8,55884.8,60
1781238940000,55896.0,55896.0,55896.0,55896.0,90
1781238945000,55896.0,55896.0,55896.0,55896.0,60
1781238950000,55900.0,55900.0,55900.0,55900.0,90
1781238955000,55877.6,55877.6,55877.6,55877.6,90
1781238960000,55900.0,55900.0,55900.0,55900.0,30
1781238965000,55882.4,55882.4,55882.4,55882.4,30
1781238970000,55882.4,55899.0,55882.4,55899.0,60
1781238980000,55899.0,55899.0,55877.6,55877.6,60
1781238985000,55899.8,55900.0,55899.0,55899.0,90
1781238990000,55900.0,55900.0,55900.0,55900.0,60
1781238995000,55900.0,55900.0,55900.0,55900.0,90
1781239000000,55900.0,55900.0,55900.0,55900.0,30
1781239005000,55908.0,55910.0,55908.0,55910.0,630
1781239010000,55903.2,55910.0,55903.2,55910.0,60
1781239015000,55910.0,55911.0,55910.0,55911.0,120
1781239020000,55890.0,55910.0,55890.0,55910.0,180
1781239025000,55910.0,55910.0,55900.0,55900.0,60
1781239030000,55910.0,55910.0,55893.0,55893.0,90
1781239035000,55909.2,55909.2,55909.2,55909.2,30
1781239040000,55905.0,55905.0,55904.8,55904.8,90
1781239045000,55900.0,55900.0,55900.0,55900.0,30
1781239050000,55880.0,55880.0,55880.0,55880.0,600
1781239055000,55870.0,55870.0,55870.0,55870.0,30
1781239060000,55892.8,55892.8,55870.0,55870.0,150
1781239070000,55889.8,55890.0,55870.0,55870.0,150
1781239075000,55870.0,55870.0,55870.0,55870.0,30
1781239080000,55870.0,55870.0,55870.0,55870.0,60
1781239085000,55862.0,55870.0,55862.0,55870.0,120
1781239095000,55862.0,55862.2,55862.0,55862.2,90
1781239105000,55870.0,55870.0,55870.0,55870.0,30
1781239110000,55870.0,55870.0,55870.0,55870.0,30
1781239115000,55870.0,55870.0,55870.0,55870.0,60
1781239120000,55865.0,55865.0,55865.0,55865.0,30
1781239125000,55870.0,55870.0,55865.2,55865.2,60
1781239130000,55870.0,55870.0,55870.0,55870.0,30
1781239135000,55889.8,55889.8,55889.8,55889.8,90
1781239140000,55873.8,55884.6,55873.8,55884.6,90
1781239145000,55871.0,55871.0,55871.0,55871.0,60
1781239150000,55882.0,55882.0,55882.0,55882.0,30
1781239155000,55865.0,55865.0,55865.0,55865.0,60
1781239160000,55881.8,55881.8,55862.0,55862.0,120
1781239165000,55870.0,55880.4,55870.0,55880.4,90
1781239175000,55860.0,55877.2,55860.0,55877.2,60
1781239180000,55862.0,55862.0,55862.0,55862.0,30
1781239185000,55862.0,55862.0,55862.0,55862.0,150
1781239190000,55860.0,55860.0,55860.0,55860.0,120
1781239195000,55877.2,55877.2,55877.2,55877.2,30
1781239200000,55864.0,55864.0,55864.0,55864.0,30
1781239205000,55877.0,55877.0,55877.0,55877.0,60
1781239210000,55862.0,55862.0,55862.0,55862.0,60
1781239215000,55854.0,55854.0,55854.0,55854.0,60
1781239220000,55850.0,55876.6,55850.0,55876.6,270
1781239230000,55844.2,55875.2,55844.2,55875.2,120
1781239235000,55878.8,55878.8,55878.8,55878.8,60
1781239240000,55850.0,55850.0,55850.0,55850.0,120
1781239245000,55849.8,55849.8,55844.0,55844.0,210
1781239250000,55849.8,55849.8,55849.8,55849.8,30
1781239260000,55850.0,55850.0,55850.0,55850.0,30
1781239265000,55850.0,55850.0,55850.0,55850.0,30
1781239275000,55825.2,55833.0,55825.2,55830.0,360
1781239280000,55825.0,55825.0,55825.0,55825.0,120
1781239285000,55845.8,55845.8,55820.0,55820.0,330
1781239290000,55818.0,55818.0,55818.0,55818.0,60
1781239295000,55820.0,55820.0,55810.0,55820.0,1050
1781239300000,55810.0,55820.0,55810.0,55820.0,240
1781239305000,55815.0,55815.0,55815.0,55815.0,30
1781239310000,55820.0,55820.0,55815.0,55815.0,60
1781239315000,55820.0,55820.0,55806.0,55806.0,420
1781239320000,55816.0,55816.0,55810.0,55810.0,360
1781239325000,55820.0,55834.4,55820.0,55834.4,780
1781239330000,55840.0,55850.0,55840.0,55850.0,90
1781239335000,55833.6,55833.6,55833.6,55833.6,180
1781239340000,55840.0,55850.0,55840.0,55850.0,150
1781239345000,55850.0,55850.0,55850.0,55850.0,30
1781239350000,55850.0,55850.0,55850.0,55850.0,30
1781239355000,55850.0,55850.0,55850.0,55850.0,30
1781239360000,55844.6,55844.6,55844.6,55844.6,90
1781239365000,55850.0,55850.0,55850.0,55850.0,180
1781239370000,55839.4,55850.0,55839.4,55850.0,60
1781239375000,55840.0,55840.0,55840.0,55840.0,120
1781239380000,55839.8,55839.8,55839.8,55839.8,30
1781239385000,55849.0,55849.0,55849.0,55849.0,30
1781239395000,55849.0,55849.0,55830.0,55830.0,60
1781239400000,55849.8,55850.0,55849.8,55850.0,120
1781239410000,55847.6,55847.6,55847.6,55847.6,90
1781239415000,55847.6,55849.8,55827.6,55849.8,150
1781239420000,55834.0,55849.0,55834.0,55849.0,90
1781239425000,55849.0,55849.0,55849.0,55849.0,30
1781239430000,55849.0,55849.0,55849.0,55849.0,60
1781239435000,55849.0,55849.0,55849.0,55849.0,60
1781239445000,55849.0,55849.0,55849.0,55849.0,30
1781239455000,55850.0,55850.0,55850.0,55850.0,60
1781239465000,55849.0,55849.0,55849.0,55849.0,60
1781239470000,55849.0,55849.0,55849.0,55849.0,60
1781239475000,55849.0,55850.0,55845.0,55845.0,210
1781239480000,55840.4,55853.4,55840.4,55853.4,300
1781239490000,55850.0,55850.0,55840.0,55840.0,180
1781239495000,55840.0,55840.0,55840.0,55840.0,60
1781239500000,55854.0,55854.0,55854.0,55854.0,90
1781239510000,55855.0,55855.0,55855.0,55855.0,60
1781239520000,55866.0,55866.0,55845.0,55845.0,60
1781239525000,55845.0,55845.0,55836.8,55845.0,120
1781239535000,55845.0,55845.0,55845.0,55845.0,30
1781239545000,55845.0,55845.0,55845.0,55845.0,90
1781239555000,55845.0,55845.0,55845.0,55845.0,60
1781239565000,55845.0,55845.0,55845.0,55845.0,30
1781239570000,55837.2,55845.0,55837.2,55845.0,90
1781239575000,55845.0,55845.0,55845.0,55845.0,30
1781239580000,55845.0,55845.0,55845.0,55845.0,30
1781239585000,55836.2,55845.0,55836.2,55845.0,150
1781239590000,55835.8,55844.6,55835.8,55844.6,720
1781239595000,55830.2,55830.2,55830.2,55830.2,120
1781239600000,55843.8,55843.8,55843.8,55843.8,30
1781239610000,55844.4,55844.4,55844.4,55844.4,60
1781239615000,55830.0,55830.0,55830.0,55830.0,180
1781239620000,55843.8,55843.8,55825.0,55825.0,390
1781239625000,55821.2,55825.0,55812.0,55825.0,510
1781239630000,55811.0,55811.0,55802.0,55802.0,600
1781239635000,55802.0,55827.4,55802.0,55827.4,60
1781239640000,55802.0,55807.6,55802.0,55807.6,390
1781239645000,55802.0,55822.8,55802.0,55822.8,330
1781239650000,55802.0,55815.0,55802.0,55815.0,60
1781239655000,55822.8,55822.8,55822.8,55822.8,30
1781239660000,55822.0,55822.0,55822.0,55822.0,120
1781239665000,55827.4,55827.4,55802.0,55802.0,240
1781239670000,55820.0,55820.0,55820.0,55820.0,30
1781239680000,55802.0,55820.0,55802.0,55820.0,240
1781239685000,55802.0,55802.0,55802.0,55802.0,60
1781239690000,55822.0,55824.4,55822.0,55824.4,60
1781239700000,55817.6,55817.6,55802.0,55802.0,300
1781239705000,55801.0,55812.4,55801.0,55812.4,90
1781239710000,55801.0,55801.0,55800.0,55800.0,660
1781239715000,55800.0,55819.4,55800.0,55819.4,210
1781239720000,55815.0,55815.0,55815.0,55815.0,30
1781239725000,55821.8,55822.6,55800.0,55822.6,90
1781239730000,55815.0,55815.0,55800.0,55800.0,150
1781239735000,55806.0,55806.0,55806.0,55806.0,120
1781239740000,55800.0,55800.0,55800.0,55800.0,90
1781239745000,55806.0,55806.0,55806.0,55806.0,30
1781239750000,55806.0,55806.0,55806.0,55806.0,30
1781239755000,55802.0,55806.0,55802.0,55806.0,60
1781239760000,55806.0,55806.0,55806.0,55806.0,30
1781239770000,55806.0,55806.0,55806.0,55806.0,90
1781239775000,55809.0,55809.0,55809.0,55809.0,30
1781239780000,55809.0,55809.0,55809.0,55809.0,30
1781239785000,55809.0,55809.0,55806.0,55806.0,120
1781239790000,55806.0,55806.0,55806.0,55806.0,210
1781239795000,55802.0,55802.0,55802.0,55802.0,60
1781239800000,55803.0,55803.0,55802.0,55802.0,90
1781239805000,55803.0,55818.0,55801.0,55818.0,150
1781239815000,55830.0,55830.0,55830.0,55830.0,30
1781239825000,55830.0,55835.0,55830.0,55835.0,60
1781239830000,55835.0,55835.0,55835.0,55835.0,30
1781239835000,55840.2,55840.2,55840.2,55840.2,60
1781239840000,55850.0,55850.0,55840.0,55840.0,150
1781239845000,55840.0,55840.0,55840.0,55840.0,60
1781239850000,55840.0,55850.0,55840.0,55850.0,300
1781239855000,55850.0,55856.0,55850.0,55856.0,270
1781239860000,55860.0,55870.0,55860.0,55870.0,240
1781239865000,55875.0,55880.0,55875.0,55880.0,180
1781239870000,55880.0,55881.0,55880.0,55881.0,150
1781239875000,55882.0,55888.4,55882.0,55888.4,630
1781239880000,55888.4,55896.4,55888.4,55893.8,1290
1781239890000,55893.8,55893.8,55880.0,55880.0,330
1781239895000,55885.0,55885.0,55885.0,55885.0,90
1781239900000,55871.0,55890.8,55871.0,55890.8,60
1781239905000,55893.0,55893.8,55893.0,55893.8,90
1781239910000,55893.8,55893.8,55893.8,55893.8,60
1781239915000,55893.8,55893.8,55871.0,55871.0,90
1781239920000,55893.8,55893.8,55875.0,55875.0,90
1781239925000,55895.0,55895.0,55895.0,55895.0,30
1781239930000,55875.0,55894.6,55875.0,55894.6,330
1781239935000,55894.6,55900.0,55894.6,55900.0,1860
1781239940000,55900.0,55900.0,55899.4,55899.4,60
1781239945000,55897.4,55897.4,55897.4,55897.4,60
1781239950000,55900.0,55900.0,55900.0,55900.0,60
1781239955000,55899.8,55899.8,55899.8,55899.8,30
1781239960000,55899.8,55899.8,55899.0,55899.0,60
1781239970000,55899.0,55899.0,55899.0,55899.0,60
1781239975000,55897.0,55897.0,55897.0,55897.0,30
1781239980000,55899.0,55899.0,55899.0,55899.0,30
1781239985000,55899.0,55899.0,55899.0,55899.0,30
1781239990000,55899.0,55899.0,55885.0,55885.0,90
1781239995000,55904.0,55904.0,55904.0,55904.0,30
1781240000000,55904.0,55908.0,55904.0,55908.0,150
1781240005000,55910.0,55910.0,55910.0,55910.0,150
1781240010000,55910.0,55910.0,55910.0,55910.0,30
1781240015000,55910.0,55911.0,55910.0,55911.0,60
1781240025000,55913.0,55913.0,55911.0,55911.0,90
1781240030000,55913.0,55913.0,55913.0,55913.0,30
1781240035000,55911.0,55911.0,55911.0,55911.0,30
1781240040000,55914.0,55914.0,55910.0,55910.0,60
1781240045000,55915.0,55915.0,55915.0,55915.0,60
1781240050000,55915.0,55915.0,55915.0,55915.0,30
1781240055000,55916.0,55916.0,55916.0,55916.0,300
1781240060000,55915.0,55915.0,55915.0,55915.0,90
1781240065000,55915.0,55916.0,55915.0,55916.0,90
1781240075000,55910.0,55922.0,55910.0,55922.0,240
1781240080000,55923.0,55923.0,55923.0,55923.0,90
1781240085000,55922.0,55922.0,55922.0,55922.0,120
1781240090000,55925.0,55925.0,55925.0,55925.0,510
1781240095000,55927.0,55927.0,55925.0,55925.0,90
1781240100000,55930.0,55930.0,55930.0,55930.0,1080
1781240105000,55930.0,55930.0,55930.0,55930.0,240
1781240110000,55930.0,55934.0,55930.0,55934.0,1020
1781240115000,55934.0,55934.0,55934.0,55934.0,90
1781240120000,55927.0,55934.0,55927.0,55934.0,300
1781240125000,55940.0,55942.0,55940.0,55942.0,810
1781240130000,55943.0,55945.0,55943.0,55945.0,150
1781240140000,55945.0,55964.0,55945.0,55964.0,2580
1781240145000,55967.0,55967.0,55948.0,55967.0,360
1781240150000,55967.0,55967.0,55941.8,55941.8,240
1781240155000,55967.0,55967.0,55967.0,55967.0,90
1781240160000,55967.0,55969.0,55967.0,55969.0,150
1781240165000,55934.0,55934.0,55934.0,55934.0,4590
1781240170000,55934.0,55934.0,55934.0,55934.0,180
1781240175000,55934.0,55934.0,55934.0,55934.0,90
1781240180000,55934.0,55934.0,55934.0,55934.0,90
1781240185000,55934.0,55934.0,55934.0,55934.0,60
1781240190000,55934.0,55934.0,55934.0,55934.0,270
1781240195000,55934.0,55934.0,55934.0,55934.0,240
1781240200000,55934.0,55934.0,55934.0,55934.0,90
1781240205000,55934.0,55934.0,55934.0,55934.0,60
1781240210000,55930.4,55934.0,55930.4,55934.0,90
1781240215000,55934.0,55934.0,55934.0,55934.0,30
1781240220000,55934.0,55934.0,55934.0,55934.0,150
1781240225000,55934.0,55934.0,55934.0,55934.0,30
1781240230000,55930.4,55930.4,55930.4,55930.4,60
1781240235000,55934.0,55934.0,55934.0,55934.0,30
1781240240000,55934.0,55934.0,55930.4,55930.4,150
1781240245000,55930.4,55930.4,55930.4,55930.4,60
1781240250000,55934.0,55934.0,55934.0,55934.0,30
1781240255000,55934.0,55934.0,55930.0,55934.0,420
1781240260000,55943.0,55943.0,55943.0,55943.0,90
1781240265000,55934.0,55943.0,55934.0,55943.0,150
1781240270000,55934.0,55934.0,55934.0,55934.0,30
1781240275000,55943.0,55943.0,55943.0,55943.0,60
1781240285000,55943.0,55943.0,55943.0,55943.0,90
1781240290000,55942.0,55943.0,55942.0,55943.0,60
1781240295000,55943.0,55943.0,55943.0,55943.0,60
1781240300000,55943.0,55943.0,55943.0,55943.0,30
1781240305000,55943.0,55943.0,55943.0,55943.0,60
1781240310000,55941.4,55941.4,55930.0,55940.2,210
1781240315000,55930.0,55934.8,55925.0,55934.8,180
1781240320000,55937.4,55938.2,55930.2,55930.2,90
1781240325000,55925.0,55925.0,55925.0,55925.0,150
1781240330000,55928.6,55928.6,55920.0,55920.0,90
1781240335000,55920.0,55921.2,55919.2,55919.2,570
1781240340000,55904.0,55904.0,55904.0,55904.0,30
1781240345000,55902.0,55904.0,55902.0,55904.0,60
1781240350000,55910.0,55910.0,55910.0,55910.0,120
1781240355000,55900.0,55900.0,55890.2,55890.2,540
1781240360000,55890.0,55890.0,55890.0,55890.0,30
1781240365000,55915.0,55915.0,55915.0,55915.0,30
1781240370000,55916.6,55916.6,55916.6,55916.6,30
1781240375000,55915.0,55915.0,55885.0,55885.0,60
1781240385000,55910.0,55910.0,55910.0,55910.0,30
1781240390000,55893.2,55920.0,55893.2,55920.0,120
1781240395000,55914.0,55914.0,55914.0,55914.0,30
1781240400000,55914.0,55914.0,55914.0,55914.0,210
1781240405000,55885.0,55885.0,55885.0,55885.0,30
1781240410000,55913.8,55913.8,55913.8,55913.8,30
1781240415000,55894.2,55894.2,55894.2,55894.2,30
1781240420000,55913.8,55913.8,55913.8,55913.8,30
1781240430000,55914.0,55914.0,55913.8,55913.8,90
1781240435000,55914.0,55920.0,55914.0,55920.0,750
1781240440000,55909.4,55909.4,55909.4,55909.4,30
1781240445000,55925.0,55935.0,55925.0,55935.0,120
1781240455000,55943.0,55943.0,55943.0,55943.0,90
1781240460000,55921.6,55921.6,55921.6,55921.6,90
1781240465000,55940.0,55940.0,55921.6,55921.6,60
1781240470000,55921.6,55921.6,55921.6,55921.6,30
1781240475000,55940.0,55940.2,55940.0,55940.2,60
1781240480000,55929.0,55929.0,55929.0,55929.0,90
1781240485000,55929.0,55929.0,55929.0,55929.0,30
1781240490000,55943.0,55943.0,55940.0,55940.0,300
1781240495000,55920.0,55920.0,55920.0,55920.0,60
1781240500000,55940.0,55940.0,55940.0,55940.0,30
1781240505000,55943.0,55958.0,55943.0,55958.0,570
1781240510000,55958.0,55958.0,55958.0,55958.0,60
1781240520000,55958.0,55958.0,55940.0,55940.0,90
1781240525000,55940.0,55940.0,55940.0,55940.0,30
1781240530000,55950.0,55950.0,55940.0,55940.0,60
1781240535000,55950.0,55955.0,55950.0,55955.0,90
1781240545000,55957.6,55957.8,55957.6,55957.8,90
1781240550000,55957.8,55957.8,55957.8,55957.8,120
1781240555000,55958.0,55958.0,55955.0,55955.0,120
1781240560000,55955.0,55955.0,55955.0,55955.0,30
1781240565000,55957.8,55957.8,55955.0,55955.0,120
1781240570000,55931.0,55931.0,55931.0,55931.0,60
1781240580000,55955.0,55955.0,55955.0,55955.0,30
1781240585000,55931.0,55931.0,55931.0,55931.0,150
1781240590000,55949.0,55949.0,55949.0,55949.0,30
1781240600000,55947.8,55947.8,55925.0,55946.6,90
1781240605000,55925.0,55925.0,55925.0,55925.0,60
1781240610000,55940.6,55940.6,55940.6,55940.6,30
1781240615000,55946.0,55946.0,55946.0,55946.0,30
1781240625000,55946.0,55946.0,55946.0,55946.0,30
1781240635000,55925.0,55946.6,55925.0,55946.6,60
1781240645000,55946.0,55946.0,55946.0,55946.0,30
1781240655000,55946.0,55946.6,55931.2,55946.6,180
1781240660000,55946.6,55946.6,55927.0,55927.0,120
1781240670000,55923.8,55923.8,55923.8,55923.8,90
1781240680000,55946.0,55946.0,55946.0,55946.0,30
1781240685000,55925.6,55925.6,55925.6,55925.6,30
1781240690000,55945.8,55945.8,55945.8,55945.8,30
1781240700000,55944.8,55944.8,55940.2,55940.2,90
1781240705000,55940.6,55940.6,55940.6,55940.6,30
1781240715000,55940.0,55945.0,55940.0,55945.0,60
1781240725000,55943.4,55943.4,55943.4,55943.4,30
1781240735000,55942.0,55942.0,55942.0,55942.0,30
1781240740000,55943.4,55943.4,55943.4,55943.4,30
1781240745000,55940.0,55944.0,55940.0,55944.0,60
1781240750000,55928.0,55943.0,55928.0,55943.0,60
1781240755000,55925.8,55928.0,55925.8,55928.0,120
1781240760000,55920.0,55920.0,55920.0,55920.0,90
1781240765000,55928.0,55928.0,55928.0,55928.0,30
1781240770000,55932.6,55932.6,55932.6,55932.6,30
1781240775000,55933.0,55933.0,55903.2,55903.2,120
1781240780000,55925.0,55925.0,55925.0,55925.0,60
1781240785000,55929.2,55929.2,55929.2,55929.2,30
1781240790000,55939.0,55939.0,55939.0,55939.0,30
1781240795000,55925.0,55925.0,55925.0,55925.0,30
1781240800000,55929.2,55929.2,55929.2,55929.2,30
1781240805000,55940.0,55940.0,55940.0,55940.0,30
1781240810000,55945.0,55945.0,55945.0,55945.0,60
1781240815000,55944.4,55944.4,55944.4,55944.4,30
1781240825000,55935.0,55935.0,55935.0,55935.0,30
1781240835000,55935.0,55935.0,55935.0,55935.0,30
1781240840000,55934.8,55934.8,55934.8,55934.8,30
1781240850000,55930.0,55930.0,55928.4,55928.4,120
1781240855000,55930.0,55930.0,55897.0,55897.0,360
1781240860000,55926.2,55926.2,55926.2,55926.2,30
1781240870000,55930.0,55930.0,55897.0,55897.0,210
1781240875000,55930.0,55930.0,55930.0,55930.0,30
1781240880000,55902.4,55902.4,55902.4,55902.4,60
1781240885000,55925.0,55925.0,55925.0,55925.0,30
1781240895000,55930.0,55930.0,55930.0,55930.0,60
1781240905000,55930.0,55930.0,55930.0,55930.0,30
1781240915000,55939.8,55939.8,55939.8,55939.8,30
1781240925000,55939.8,55939.8,55939.8,55939.8,30
1781240930000,55939.8,55939.8,55939.8,55939.8,30
1781240940000,55936.6,55936.6,55936.6,55936.6,30
1781240950000,55905.0,55939.2,55905.0,55939.2,60
1781240960000,55939.6,55939.6,55939.6,55939.6,30
1781240965000,55909.2,55939.6,55909.2,55939.6,210
1781240970000,55939.8,55940.0,55939.8,55940.0,120
1781240975000,55940.0,55940.0,55940.0,55940.0,30
1781240985000,55940.0,55940.0,55940.0,55940.0,60
1781240995000,55940.0,55940.0,55940.0,55940.0,90
1781241000000,55940.0,55940.0,55940.0,55940.0,30
1781241005000,55940.0,55940.0,55921.8,55921.8,60
1781241010000,55940.0,55940.0,55940.0,55940.0,30
1781241020000,55939.0,55939.0,55939.0,55939.0,60
1781241030000,55939.0,55939.0,55939.0,55939.0,30
1781241035000,55939.0,55939.0,55939.0,55939.0,30
1781241040000,55939.0,55940.0,55939.0,55940.0,90
1781241045000,55917.6,55917.6,55917.6,55917.6,120
1781241050000,55917.6,55940.0,55917.6,55940.0,300
1781241055000,55940.0,55940.0,55940.0,55940.0,30
1781241060000,55944.0,55944.0,55940.0,55940.0,60
1781241065000,55945.0,55955.0,55945.0,55955.0,600
1781241070000,55955.0,55955.0,55955.0,55955.0,90
1781241075000,55950.4,55950.4,55950.4,55950.4,270
1781241080000,55947.0,55947.0,55947.0,55947.0,30
1781241085000,55944.0,55944.0,55944.0,55944.0,30
1781241095000,55946.4,55946.4,55946.4,55946.4,30
1781241100000,55947.4,55947.4,55947.4,55947.4,840
1781241105000,55943.0,55943.0,55943.0,55943.0,30
1781241110000,55950.0,55950.0,55950.0,55950.0,30
1781241120000,55945.0,55945.0,55945.0,55945.0,30
1781241125000,55925.0,55925.0,55925.0,55925.0,60
1781241130000,55943.4,55943.4,55943.4,55943.4,30
1781241140000,55942.0,55942.0,55942.0,55942.0,60
1781241145000,55942.0,55942.0,55942.0,55942.0,30
1781241150000,55942.0,55942.0,55942.0,55942.0,30
1781241155000,55942.0,55942.0,55942.0,55942.0,30
1781241165000,55930.0,55942.0,55930.0,55942.0,60
1781241170000,55936.0,55936.0,55936.0,55936.0,30
1781241175000,55943.4,55943.4,55925.0,55925.0,90
1781241185000,55939.4,55939.4,55925.0,55925.0,60
1781241190000,55940.2,55940.2,55940.2,55940.2,30
1781241195000,55930.0,55930.0,55930.0,55930.0,300
1781241200000,55933.6,55933.6,55933.6,55933.6,30
1781241205000,55932.0,55941.2,55932.0,55941.2,60
1781241210000,55941.8,55941.8,55941.8,55941.8,30
1781241215000,55920.0,55920.0,55920.0,55920.0,30
1781241220000,55932.8,55932.8,55920.0,55920.0,60
1781241225000,55931.4,55931.4,55918.0,55929.4,180
1781241230000,55926.6,55926.6,55926.6,55926.6,30
1781241235000,55909.2,55919.4,55909.2,55919.4,60
1781241245000,55925.6,55925.6,55925.6,55925.6,30
1781241250000,55925.6,55925.6,55925.6,55925.6,60
1781241255000,55930.0,55930.0,55930.0,55930.0,30
1781241260000,55938.8,55938.8,55938.8,55938.8,30
1781241265000,55930.0,55930.0,55930.0,55930.0,90
1781241275000,55925.8,55925.8,55925.8,55925.8,60
1781241280000,55925.8,55925.8,55925.8,55925.8,30
1781241285000,55923.6,55923.6,55923.6,55923.6,210
1781241290000,55925.0,55925.0,55925.0,55925.0,30
1781241295000,55923.6,55923.6,55923.4,55923.4,90
1781241300000,55900.0,55921.6,55900.0,55921.6,90
1781241305000,55921.6,55921.6,55921.6,55921.6,60
1781241310000,55921.0,55921.0,55921.0,55921.0,90
1781241315000,55900.0,55900.0,55900.0,55900.0,30
1781241320000,55900.0,55920.6,55900.0,55920.6,120
1781241325000,55920.0,55920.0,55920.0,55920.0,60
1781241330000,55920.0,55920.0,55920.0,55920.0,30
1781241335000,55920.0,55920.0,55920.0,55920.0,120
1781241340000,55920.0,55920.0,55900.0,55900.0,120
1781241345000,55920.8,55920.8,55920.8,55920.8,30
1781241355000,55920.2,55920.2,55920.2,55920.2,30
1781241365000,55927.6,55927.6,55900.6,55900.6,90
1781241375000,55930.0,55930.0,55930.0,55930.0,90
1781241380000,55900.2,55930.6,55900.2,55930.6,150
1781241390000,55925.4,55925.4,55925.4,55925.4,30
1781241400000,55926.0,55926.0,55925.4,55925.4,90
1781241410000,55929.8,55929.8,55928.4,55928.4,90
1781241415000,55925.4,55926.2,55924.4,55924.4,120
1781241420000,55921.6,55921.6,55921.6,55921.6,60
1781241425000,55920.2,55920.2,55920.2,55920.2,30
1781241430000,55920.4,55920.4,55920.4,55920.4,30
1781241435000,55900.0,55903.6,55900.0,55903.6,360
1781241440000,55903.2,55903.2,55903.2,55903.2,60
1781241445000,55904.0,55904.0,55904.0,55904.0,30
1781241450000,55892.0,55892.0,55890.0,55890.0,150
1781241455000,55880.2,55880.2,55860.0,55860.0,510
1781241460000,55860.0,55860.0,55860.0,55860.0,60
1781241465000,55872.2,55872.2,55872.2,55872.2,30
1781241470000,55864.0,55865.0,55860.0,55865.0,180
1781241475000,55855.0,55855.0,55855.0,55855.0,30
1781241480000,55872.2,55894.0,55872.2,55894.0,180
1781241485000,55908.0,55908.0,55908.0,55908.0,30
1781241490000,55920.0,55920.0,55920.0,55920.0,30
1781241495000,55916.2,55916.2,55916.2,55916.2,60
1781241500000,55909.4,55909.4,55870.8,55870.8,240
1781241510000,55900.0,55900.0,55897.4,55897.4,90
1781241515000,55900.0,55900.0,55900.0,55900.0,30
1781241525000,55920.0,55920.0,55920.0,55920.0,30
1781241530000,55920.0,55920.0,55920.0,55920.0,60
1781241535000,55900.0,55924.4,55900.0,55900.0,90
1781241545000,55918.0,55918.0,55918.0,55918.0,30
1781241555000,55925.0,55925.0,55925.0,55925.0,30
1781241560000,55920.0,55930.0,55920.0,55930.0,90
1781241565000,55930.0,55930.0,55930.0,55930.0,30
1781241570000,55945.0,55946.0,55945.0,55946.0,150
1781241580000,55945.0,55945.0,55945.0,55945.0,30
1781241585000,55930.0,55930.0,55930.0,55930.0,30
1781241590000,55939.0,55939.0,55939.0,55939.0,90
1781241595000,55900.0,55900.0,55900.0,55900.0,120
1781241600000,55900.0,55900.0,55900.0,55900.0,30
1781241605000,55900.0,55930.0,55900.0,55930.0,90
1781241610000,55900.2,55900.2,55900.2,55900.2,30
1781241615000,55926.8,55926.8,55926.8,55926.8,30
1781241620000,55926.0,55926.0,55926.0,55926.0,30
1781241625000,55921.8,55921.8,55921.8,55921.8,30
1781241630000,55924.6,55924.6,55924.6,55924.6,30
1781241635000,55895.0,55916.0,55895.0,55916.0,150
1781241640000,55916.2,55916.2,55916.0,55916.0,90
1781241650000,55916.2,55916.2,55916.2,55916.2,60
1781241655000,55916.0,55916.0,55891.2,55891.2,60
1781241660000,55917.0,55917.0,55917.0,55917.0,30
1781241670000,55918.2,55918.2,55918.2,55918.2,30
1781241675000,55886.8,55886.8,55886.8,55886.8,30
1781241680000,55918.0,55918.0,55918.0,55918.0,30
1781241690000,55919.6,55920.0,55919.6,55920.0,90
1781241695000,55920.0,55925.0,55920.0,55925.0,180
1781241700000,55925.0,55925.0,55925.0,55925.0,30
1781241705000,55925.0,55925.0,55925.0,55925.0,30
1781241715000,55925.0,55926.0,55925.0,55926.0,240
1781241725000,55940.0,55940.0,55940.0,55940.0,30
1781241730000,55926.0,55937.6,55926.0,55937.6,60
1781241735000,55907.6,55907.6,55907.6,55907.6,30
1781241740000,55940.0,55940.0,55940.0,55940.0,30
1781241750000,55910.8,55910.8,55909.2,55909.2,90
1781241760000,55908.6,55944.8,55908.6,55944.8,60
1781241765000,55911.2,55911.2,55911.2,55911.2,30
1781241770000,55935.0,55935.0,55935.0,55935.0,30
1781241775000,55940.0,55940.0,55940.0,55940.0,60
1781241780000,55940.0,55940.0,55940.0,55940.0,30
1781241785000,55940.0,55940.0,55940.0,55940.0,30
1781241790000,55940.0,55940.0,55940.0,55940.0,30
1781241795000,55945.0,55948.0,55945.0,55948.0,420
1781241800000,55948.0,55949.0,55948.0,55949.0,240
1781241805000,55950.0,55950.0,55950.0,55950.0,120
1781241815000,55950.0,55950.0,55949.2,55949.2,90
1781241820000,55948.0,55950.0,55948.0,55950.0,120
1781241825000,55950.0,55950.0,55950.0,55950.0,90
1781241830000,55950.0,55950.0,55950.0,55950.0,90
1781241835000,55948.6,55948.6,55948.6,55948.6,60
1781241840000,55950.0,55950.0,55950.0,55950.0,90
1781241845000,55952.0,55952.0,55952.0,55952.0,240
1781241850000,55955.0,55955.0,55950.0,55955.0,150
1781241855000,55951.0,55951.0,55951.0,55951.0,30
1781241860000,55955.0,55955.0,55955.0,55955.0,240
1781241865000,55955.0,55955.0,55947.8,55955.0,210
1781241870000,55952.8,55955.0,55952.8,55955.0,270
1781241875000,55955.0,55955.0,55955.0,55955.0,330
1781241880000,55965.0,55965.0,55965.0,55965.0,300
1781241885000,55965.0,55965.0,55965.0,55965.0,90
1781241890000,55960.0,55965.0,55960.0,55965.0,90
1781241895000,55964.4,55965.0,55964.4,55965.0,90
1781241900000,55965.0,55965.0,55965.0,55965.0,150
1781241905000,55965.0,55968.0,55965.0,55968.0,120
1781241915000,55970.0,55970.8,55970.0,55970.8,150
1781241920000,55971.0,55971.0,55970.8,55971.0,120
1781241925000,55975.0,55975.0,55960.0,55960.0,420
1781241930000,55970.8,55975.0,55970.8,55975.0,720
1781241940000,55960.0,55975.0,55960.0,55975.0,330
1781241945000,55959.0,55959.0,55959.0,55959.0,30
1781241950000,55973.4,55974.4,55973.4,55974.4,60
1781241955000,55965.0,55965.0,55965.0,55965.0,30
1781241960000,55974.2,55974.2,55974.2,55974.2,30
1781241965000,55974.4,55974.4,55974.0,55974.0,90
1781241970000,55974.2,55975.0,55974.2,55975.0,60
1781241975000,55974.2,55974.2,55974.2,55974.2,30
1781241980000,55974.2,55976.0,55974.2,55976.0,540
1781241985000,55974.0,55980.4,55974.0,55980.4,660
1781241990000,55967.2,55982.0,55967.2,55982.0,60
1781241995000,55982.4,55982.4,55982.4,55982.4,30
1781242000000,55984.0,55984.0,55984.0,55984.0,30
1781242005000,55984.4,55984.4,55982.4,55982.4,90
1781242010000,55982.4,55982.4,55982.4,55982.4,30
1781242015000,55984.4,55984.4,55982.4,55982.4,60
1781242020000,55978.0,55978.4,55976.0,55978.4,210
1781242025000,55976.0,55978.4,55976.0,55978.4,60
1781242030000,55977.4,55977.4,55976.4,55976.4,150
1781242035000,55975.0,55975.0,55975.0,55975.0,30
1781242040000,55975.0,55975.0,55975.0,55975.0,120
1781242045000,55975.0,55975.0,55975.0,55975.0,30
1781242050000,55975.0,55975.0,55969.2,55969.2,120
1781242055000,55969.2,55975.0,55969.2,55975.0,60
1781242060000,55975.0,55975.0,55975.0,55975.0,360
1781242065000,55974.2,55980.0,55974.2,55980.0,300
1781242070000,55960.2,55980.0,55960.2,55980.0,180
1781242075000,55980.0,55980.0,55980.0,55980.0,30
1781242080000,55980.0,55980.0,55980.0,55980.0,330
1781242085000,55982.2,55982.2,55960.0,55960.0,120
1781242090000,55984.0,55984.0,55984.0,55984.0,60
1781242095000,55980.0,55985.0,55980.0,55985.0,270
1781242100000,55985.0,55985.0,55960.2,55985.0,150
1781242105000,55985.0,55985.0,55963.0,55963.0,300
1781242110000,55985.0,55985.0,55985.0,55985.0,60
1781242115000,55960.0,55960.0,55960.0,55960.0,90
1781242120000,55984.0,55985.0,55984.0,55985.0,90
1781242125000,55982.2,55982.2,55982.2,55982.2,30
1781242130000,55984.4,55984.4,55984.0,55984.0,60
1781242135000,55955.0,55983.6,55955.0,55983.6,150
1781242140000,55981.0,55981.0,55981.0,55981.0,30
1781242145000,55981.0,55981.8,55981.0,55981.8,60
1781242150000,55982.8,55982.8,55982.8,55982.8,150
1781242155000,55955.0,55980.0,55955.0,55980.0,240
1781242165000,55980.0,55980.0,55980.0,55980.0,30
1781242175000,55980.0,55980.0,55980.0,55980.0,60
1781242180000,55980.0,55980.0,55980.0,55980.0,60
1781242190000,55980.0,55980.0,55980.0,55980.0,60
1781242195000,55980.0,55984.0,55980.0,55984.0,90
1781242200000,55985.0,55985.0,55975.0,55975.0,240
1781242205000,55984.0,55985.0,55984.0,55985.0,120
1781242210000,55985.0,55985.0,55985.0,55985.0,60
1781242215000,55985.0,55985.0,55985.0,55985.0,90
1781242220000,55985.0,55985.6,55985.0,55985.6,60
1781242230000,55987.0,55987.0,55987.0,55987.0,30
1781242235000,55985.0,55985.6,55985.0,55985.6,150
1781242245000,55985.0,55985.0,55960.2,55960.2,270
1781242255000,55973.0,55973.0,55965.0,55965.0,120
1781242260000,55959.0,55959.0,55959.0,55959.0,60
1781242265000,55965.0,55965.0,55955.0,55955.0,60
1781242270000,55965.0,55965.0,55965.0,55965.0,30
1781242280000,55964.6,55964.6,55964.6,55964.6,30
1781242290000,55965.2,55965.6,55965.2,55965.6,120
1781242300000,55965.6,55965.6,55965.6,55965.6,30
1781242310000,55960.0,55960.0,55960.0,55960.0,180
1781242315000,55980.8,55980.8,55980.8,55980.8,30
1781242320000,55980.0,55980.0,55980.0,55980.0,30
1781242325000,55979.8,55979.8,55979.8,55979.8,60
1781242335000,55975.8,55975.8,55975.8,55975.8,30
1781242345000,55972.2,55972.2,55960.0,55960.0,120
1781242355000,55970.0,55970.0,55955.0,55955.0,60
1781242360000,55955.0,55955.0,55955.0,55955.0,240
1781242365000,55960.0,55964.8,55960.0,55964.8,60
1781242370000,55943.0,55943.0,55943.0,55943.0,270
1781242375000,55952.0,55952.0,55945.0,55945.0,60
1781242380000,55962.6,55962.6,55940.0,55940.0,90
1781242390000,55930.4,55958.6,55930.2,55930.2,90
1781242400000,55958.6,55958.6,55958.6,55958.6,30
1781242405000,55955.2,55955.2,55955.2,55955.2,60
1781242410000,55956.6,55956.6,55956.6,55956.6,30
1781242415000,55957.4,55957.4,55950.0,55950.0,60
1781242425000,55955.8,55955.8,55955.8,55955.8,30
1781242430000,55933.4,55933.4,55933.4,55933.4,60
1781242435000,55958.0,55958.0,55958.0,55958.0,30
1781242445000,55958.0,55958.0,55935.8,55935.8,60
1781242455000,55935.8,55935.8,55935.8,55935.8,30
1781242460000,55940.0,55940.0,55940.0,55940.0,30
1781242470000,55950.0,55950.0,55950.0,55950.0,30
1781242475000,55958.0,55958.0,55958.0,55958.0,120
1781242480000,55958.0,55958.0,55958.0,55958.0,30
1781242490000,55959.0,55959.0,55959.0,55959.0,210
1781242495000,55935.8,55935.8,55935.8,55935.8,120
1781242500000,55950.0,55950.0,55935.8,55935.8,60
1781242505000,55960.0,55960.0,55960.0,55960.0,30
1781242510000,55963.2,55963.2,55963.2,55963.2,30
1781242515000,55963.2,55963.2,55939.6,55939.6,90
1781242525000,55966.0,55966.0,55937.6,55937.6,180
1781242530000,55937.6,55937.6,55937.6,55937.6,90
1781242535000,55937.6,55937.6,55937.6,55937.6,120
1781242540000,55937.4,55937.6,55937.4,55937.6,60
1781242545000,55937.6,55937.6,55937.6,55937.6,60
1781242550000,55937.6,55937.6,55937.6,55937.6,30
1781242560000,55937.6,55937.6,55937.6,55937.6,30
1781242565000,55937.6,55937.6,55937.6,55937.6,30
1781242570000,55928.2,55936.0,55928.2,55936.0,60
1781242580000,55936.0,55936.0,55936.0,55936.0,30
1781242585000,55936.0,55936.0,55936.0,55936.0,30
1781242590000,55928.0,55936.0,55928.0,55936.0,90
1781242595000,55936.0,55936.0,55925.0,55925.0,390
1781242600000,55920.0,55920.0,55920.0,55920.0,30
1781242605000,55933.8,55933.8,55933.8,55933.8,60
1781242610000,55920.0,55920.0,55920.0,55920.0,60
1781242615000,55933.6,55933.6,55933.6,55933.6,30
1781242625000,55934.4,55934.4,55920.0,55920.0,150
1781242630000,55932.0,55932.0,55905.0,55905.0,180
1781242635000,55918.0,55918.0,55905.0,55905.0,60
1781242640000,55911.0,55922.2,55911.0,55922.2,630
1781242650000,55907.0,55918.4,55907.0,55918.4,60
1781242655000,55921.4,55921.4,55907.0,55907.0,60
1781242660000,55914.8,55914.8,55914.6,55914.6,330
1781242670000,55917.6,55917.6,55917.6,55917.6,30
1781242680000,55915.0,55915.0,55915.0,55915.0,30
1781242685000,55915.0,55938.2,55915.0,55938.2,90
1781242690000,55907.8,55907.8,55907.8,55907.8,60
1781242695000,55938.2,55938.2,55938.2,55938.2,30
1781242700000,55908.0,55908.0,55908.0,55908.0,30
1781242705000,55938.0,55938.0,55938.0,55938.0,30
1781242710000,55908.0,55908.0,55908.0,55908.0,60
1781242715000,55938.0,55938.0,55908.0,55908.0,60
1781242725000,55938.2,55938.2,55938.2,55938.2,60
1781242730000,55938.2,55938.2,55938.2,55938.2,30
1781242740000,55938.2,55938.2,55938.2,55938.2,30
1781242750000,55938.0,55938.0,55938.0,55938.0,30
1781242755000,55938.2,55938.2,55938.2,55938.2,30
1781242760000,55938.2,55938.2,55938.2,55938.2,30
1781242765000,55936.2,55936.2,55936.2,55936.2,30
1781242770000,55937.8,55937.8,55937.8,55937.8,30
1781242775000,55937.2,55937.2,55937.2,55937.2,30
1781242780000,55912.0,55912.0,55911.0,55911.0,90
1781242785000,55912.0,55912.0,55912.0,55912.0,90
1781242790000,55912.0,55912.0,55912.0,55912.0,30
1781242795000,55912.0,55912.0,55912.0,55912.0,60
1781242800000,55912.0,55912.0,55912.0,55912.0,30
1781242805000,55912.0,55912.0,55912.0,55912.0,240
1781242810000,55912.0,55912.0,55912.0,55912.0,420
1781242815000,55938.2,55938.2,55938.2,55938.2,30
1781242820000,55912.0,55912.0,55912.0,55912.0,30
1781242825000,55933.6,55933.6,55933.6,55933.6,30
1781242830000,55938.2,55938.2,55938.2,55938.2,30
1781242840000,55938.2,55938.2,55938.2,55938.2,90
1781242850000,55938.2,55939.8,55938.2,55939.8,330
1781242855000,55940.0,55940.0,55940.0,55940.0,60
1781242860000,55940.0,55940.0,55931.0,55931.0,270
1781242865000,55938.2,55940.0,55926.8,55940.0,120
1781242870000,55940.0,55940.0,55940.0,55940.0,30
1781242875000,55942.8,55942.8,55942.8,55942.8,240
1781242880000,55942.8,55942.8,55942.8,55942.8,120
1781242885000,55950.0,55950.0,55950.0,55950.0,60
1781242890000,55950.0,55955.0,55950.0,55955.0,120
1781242895000,55960.0,55960.0,55960.0,55960.0,30
1781242900000,55960.0,55960.0,55960.0,55960.0,30
1781242905000,55966.0,55966.0,55966.0,55966.0,30
1781242910000,55970.0,55970.0,55970.0,55970.0,30
1781242915000,55955.0,55955.0,55955.0,55955.0,120
1781242920000,55972.0,55972.0,55972.0,55972.0,30
1781242925000,55955.2,55955.2,55955.2,55955.2,60
1781242930000,55975.0,55980.0,55975.0,55980.0,450
1781242935000,55980.0,55980.0,55980.0,55980.0,30
1781242940000,55980.0,55980.0,55977.2,55977.2,60
1781242950000,55979.0,55979.0,55975.0,55975.0,90
1781242955000,55980.0,55980.0,55979.4,55979.4,60
1781242960000,55976.0,55976.0,55976.0,55976.0,90
1781242965000,55971.6,55971.6,55971.6,55971.6,30
1781242975000,55980.0,55980.0,55979.6,55979.6,60
1781242985000,55980.0,55980.0,55980.0,55980.0,30
1781242995000,55980.0,55984.0,55965.4,55965.4,240
1781243000000,55985.0,55985.0,55985.0,55985.0,30
1781243010000,55987.8,55990.0,55960.0,55960.0,1260
1781243015000,55983.0,55983.0,55983.0,55983.0,30
1781243020000,55983.0,55983.0,55983.0,55983.0,60
1781243025000,55983.0,55983.0,55955.2,55955.2,120
1781243030000,55983.0,55983.0,55982.8,55982.8,90
1781243035000,55982.4,55982.4,55982.4,55982.4,240
1781243040000,55983.0,55983.0,55965.0,55965.0,660
1781243045000,55955.0,55977.8,55949.0,55977.8,120
1781243055000,55951.0,55978.0,55951.0,55978.0,60
1781243065000,55978.0,55978.0,55978.0,55978.0,30
1781243070000,55976.4,55976.4,55976.4,55976.4,30
1781243075000,55976.4,55976.4,55976.4,55976.4,60
1781243085000,55978.0,55978.0,55978.0,55978.0,30
1781243095000,55978.0,55978.0,55977.6,55977.6,90
1781243100000,55985.0,55990.0,55985.0,55990.0,150
1781243105000,55990.0,55991.0,55990.0,55991.0,360
1781243110000,55992.8,55993.6,55992.8,55993.6,210
1781243115000,55994.0,55994.0,55984.0,55984.0,270
1781243120000,55991.6,55991.6,55986.8,55986.8,90
1781243130000,55987.8,55987.8,55987.8,55987.8,180
1781243135000,55989.0,55990.0,55989.0,55990.0,60
1781243140000,55994.0,55995.0,55994.0,55995.0,240
1781243145000,55991.6,55991.8,55965.2,55965.6,150
1781243155000,55980.0,55980.0,55980.0,55980.0,30
1781243165000,55985.0,55985.0,55978.8,55978.8,60
1781243170000,55978.2,55978.2,55978.2,55978.2,60
1781243175000,55978.8,55978.8,55978.8,55978.8,30
1781243180000,55980.0,55980.0,55980.0,55980.0,30
1781243185000,55965.0,55965.0,55965.0,55965.0,60
1781243190000,55980.0,55980.0,55980.0,55980.0,90
1781243195000,55985.0,55985.0,55985.0,55985.0,30
1781243200000,55989.8,55989.8,55986.2,55986.2,360
1781243205000,55986.2,55986.2,55986.0,55986.0,60
1781243210000,55984.8,55984.8,55984.8,55984.8,30
1781243215000,55979.2,55979.2,55979.2,55979.2,30
1781243220000,55960.0,55960.0,55960.0,55960.0,60
1781243225000,55975.6,55976.0,55975.6,55976.0,90
1781243230000,55959.0,55959.0,55959.0,55959.0,30
1781243235000,55976.0,55976.0,55976.0,55976.0,30
1781243245000,55975.2,55975.2,55975.0,55975.0,60
1781243255000,55974.2,55974.2,55970.6,55970.6,90
1781243260000,55970.6,55980.2,55970.6,55980.2,240
1781243265000,55985.0,55988.4,55985.0,55988.4,930
1781243270000,55980.0,55980.0,55980.0,55980.0,330
1781243280000,55975.0,55975.0,55975.0,55975.0,30
1781243285000,55963.6,55963.6,55962.6,55962.6,60
1781243290000,55972.2,55972.2,55972.2,55972.2,30
1781243295000,55969.4,55969.4,55969.4,55969.4,90
1781243300000,55970.0,55970.0,55955.0,55955.0,90
1781243305000,55969.0,55969.0,55969.0,55969.0,30
1781243315000,55968.2,55968.2,55968.2,55968.2,30
1781243325000,55965.0,55965.0,55965.0,55965.0,30
1781243335000,55967.2,55967.2,55967.2,55967.2,60
1781243345000,55967.6,55967.6,55950.4,55950.4,150
1781243350000,55950.0,55950.4,55950.0,55950.4,60
1781243355000,55930.2,55930.2,55930.2,55930.2,30
1781243360000,55940.0,55940.0,55940.0,55940.0,30
1781243370000,55935.0,55935.0,55935.0,55935.0,90
1781243380000,55930.8,55930.8,55922.0,55922.0,90
1781243390000,55931.0,55931.0,55931.0,55931.0,60
1781243395000,55928.4,55931.0,55928.4,55931.0,90
1781243400000,55920.0,55920.0,55920.0,55920.0,90
1781243405000,55924.4,55924.4,55924.4,55924.4,30
1781243410000,55910.8,55910.8,55910.2,55910.2,120
1781243415000,55922.2,55922.2,55922.2,55922.2,270
1781243420000,55900.0,55900.0,55900.0,55900.0,60
1781243425000,55926.8,55926.8,55900.0,55900.0,60
1781243430000,55886.8,55886.8,55886.8,55886.8,660
1781243435000,55924.8,55924.8,55924.8,55924.8,60
1781243445000,55924.8,55924.8,55924.8,55924.8,30
1781243450000,55925.6,55925.6,55925.6,55925.6,30
1781243455000,55902.4,55902.4,55902.4,55902.4,30
1781243460000,55886.6,55886.6,55886.6,55886.6,210
1781243465000,55890.4,55917.4,55890.4,55917.4,90
1781243470000,55919.8,55919.8,55919.8,55919.8,30
1781243480000,55913.0,55920.0,55912.0,55912.0,120
1781243485000,55891.2,55891.2,55891.2,55891.2,30
1781243490000,55912.0,55912.0,55896.2,55896.2,90
1781243495000,55921.6,55925.0,55921.6,55925.0,120
1781243500000,55930.0,55930.0,55930.0,55930.0,30
1781243505000,55920.0,55920.0,55920.0,55920.0,60
1781243510000,55920.0,55921.6,55913.4,55913.4,450
1781243515000,55930.0,55947.2,55930.0,55944.8,540
1781243520000,55930.0,55930.0,55930.0,55930.0,60
1781243525000,55949.4,55949.4,55949.4,55949.4,30
1781243535000,55950.0,55950.0,55930.0,55930.0,60
1781243540000,55950.0,55951.2,55950.0,55951.2,90
1781243545000,55920.6,55920.6,55920.6,55920.6,90
1781243550000,55952.4,55952.4,55927.8,55927.8,210
1781243555000,55950.0,55950.0,55950.0,55950.0,120
1781243560000,55934.8,55934.8,55934.8,55934.8,90
1781243570000,55954.4,55954.4,55954.4,55954.4,30
1781243575000,55958.4,55958.4,55958.4,55958.4,30
1781243580000,55950.0,55950.0,55950.0,55950.0,30
1781243585000,55941.8,55950.0,55941.8,55950.0,90
1781243595000,55943.8,55956.6,55943.8,55956.6,120
1781243605000,55956.8,55956.8,55956.8,55956.8,30
1781243610000,55936.6,55936.6,55936.6,55936.6,30
1781243615000,55956.8,55962.6,55956.8,55962.6,120
1781243625000,55961.8,55961.8,55941.6,55941.6,60
1781243630000,55960.0,55960.0,55960.0,55960.0,30
1781243635000,55939.4,55939.4,55939.4,55939.4,150
1781243640000,55960.0,55962.6,55960.0,55962.6,90
1781243650000,55964.0,55974.4,55964.0,55974.4,180
1781243660000,55960.0,55960.0,55960.0,55960.0,30
1781243665000,55961.0,55961.0,55960.0,55960.0,60
1781243670000,55968.2,55968.2,55968.2,55968.2,30
1781243675000,55942.0,55966.4,55942.0,55966.4,60
1781243685000,55967.8,55967.8,55967.8,55967.8,30
1781243690000,55967.6,55967.6,55967.6,55967.6,30
1781243695000,55967.8,55967.8,55967.8,55967.8,30
1781243705000,55952.6,55964.2,55952.6,55964.2,90
1781243710000,55959.6,55959.6,55959.6,55959.6,30
1781243720000,55958.6,55958.6,55958.6,55958.6,30
1781243730000,55945.8,55945.8,55945.8,55945.8,30
1781243735000,55943.2,55943.2,55937.0,55937.0,120
1781243740000,55941.6,55941.6,55941.6,55941.6,30
1781243750000,55946.2,55946.2,55946.2,55946.2,30
1781243755000,55936.0,55936.0,55936.0,55936.0,30
1781243760000,55945.0,55945.0,55945.0,55945.0,30
1781243765000,55936.0,55939.2,55936.0,55939.2,90
1781243770000,55936.0,55936.0,55925.0,55925.0,60
1781243775000,55925.0,55925.0,55925.0,55925.0,30
1781243780000,55904.0,55904.0,55904.0,55904.0,120
1781243785000,55928.8,55928.8,55928.8,55928.8,30
1781243795000,55920.6,55920.6,55920.6,55920.6,30
1781243800000,55922.6,55922.6,55922.6,55922.6,30
1781243805000,55925.8,55925.8,55925.8,55925.8,30
1781243810000,55934.8,55934.8,55934.8,55934.8,30
1781243815000,55916.4,55916.4,55916.4,55916.4,30
1781243820000,55939.4,55944.0,55939.4,55944.0,60
1781243830000,55920.0,55932.6,55920.0,55920.0,90
1781243835000,55945.0,55945.0,55945.0,55945.0,30
1781243840000,55932.6,55932.6,55932.6,55932.6,30
1781243845000,55922.0,55922.0,55922.0,55922.0,30
1781243850000,55930.2,55930.2,55926.4,55926.4,210
1781243855000,55922.4,55922.4,55922.4,55922.4,30
1781243860000,55926.4,55926.4,55926.4,55926.4,30
1781243865000,55926.0,55926.0,55926.0,55926.0,30
1781243870000,55925.0,55925.0,55925.0,55925.0,120
1781243875000,55925.0,55925.0,55925.0,55925.0,210
1781243885000,55926.0,55926.0,55926.0,55926.0,30
1781243895000,55926.0,55929.0,55926.0,55929.0,120
1781243900000,55925.4,55925.4,55924.4,55924.4,120
1781243905000,55928.6,55928.6,55928.6,55928.6,30
1781243910000,55930.0,55930.0,55930.0,55930.0,120
1781243915000,55935.2,55935.2,55935.2,55935.2,90
1781243920000,55937.8,55937.8,55937.8,55937.8,30
1781243930000,55940.0,55940.0,55940.0,55940.0,30
1781243935000,55949.0,55949.0,55949.0,55949.0,30
1781243940000,55943.2,55943.2,55943.0,55943.0,90
1781243945000,55944.0,55944.0,55944.0,55944.0,30
1781243955000,55928.6,55928.6,55928.6,55928.6,30
1781243960000,55914.4,55914.4,55914.4,55914.4,150
1781243965000,55937.6,55937.6,55912.4,55912.4,210
1781243970000,55913.0,55913.0,55913.0,55913.0,30
1781243975000,55913.6,55913.6,55913.6,55913.6,60
1781243980000,55910.0,55936.2,55910.0,55933.4,120
1781243990000,55933.4,55933.4,55933.4,55933.4,30
1781244000000,55941.2,55943.6,55941.2,55943.6,1080
1781244005000,55950.0,55956.2,55950.0,55956.2,1230
1781244010000,55957.2,55958.2,55955.4,55958.2,2250
1781244020000,55956.0,55956.0,55956.0,55956.0,30
1781244025000,55935.0,55935.0,55935.0,55935.0,270
1781244030000,55919.8,55919.8,55919.8,55919.8,30
1781244035000,55935.0,55935.0,55935.0,55935.0,30
1781244040000,55920.0,55920.0,55920.0,55920.0,30
1781244045000,55931.2,55931.2,55931.2,55931.2,30
1781244050000,55920.0,55920.0,55920.0,55920.0,30
1781244055000,55934.8,55934.8,55934.8,55934.8,30
1781244065000,55929.8,55930.0,55929.8,55930.0,60
1781244070000,55910.0,55931.4,55910.0,55931.4,180
1781244075000,55925.6,55925.6,55925.6,55925.6,30
1781244080000,55932.8,55932.8,55932.8,55932.8,60
1781244085000,55930.8,55930.8,55929.8,55929.8,60
1781244090000,55930.6,55930.6,55930.6,55930.6,30
1781244100000,55925.0,55925.0,55925.0,55925.0,30
1781244105000,55906.0,55925.0,55906.0,55925.0,150
1781244110000,55930.0,55930.0,55930.0,55930.0,60
1781244120000,55930.6,55935.8,55930.6,55935.8,60
1781244125000,55942.2,55942.2,55942.2,55942.2,30
1781244130000,55943.6,55943.6,55943.6,55943.6,30
1781244135000,55939.0,55939.0,55939.0,55939.0,30
1781244140000,55912.0,55912.0,55912.0,55912.0,90
1781244145000,55940.8,55940.8,55940.8,55940.8,30
1781244155000,55940.0,55940.0,55940.0,55940.0,30
1781244165000,55939.0,55940.0,55939.0,55940.0,60
1781244170000,55933.0,55950.0,55933.0,55950.0,90
1781244175000,55960.0,55961.0,55960.0,55961.0,60
1781244180000,55961.4,55962.0,55961.4,55962.0,60
1781244185000,55956.2,55956.2,55956.2,55956.2,90
1781244190000,55963.4,55963.4,55962.0,55962.0,90
1781244195000,55936.8,55948.6,55936.8,55948.6,60
1781244200000,55960.0,55960.0,55960.0,55960.0,60
1781244210000,55956.2,55956.2,55956.2,55956.2,30
1781244215000,55960.0,55960.0,55960.0,55960.0,30
1781244225000,55940.6,55960.0,55940.6,55960.0,120
1781244235000,55960.0,55960.0,55960.0,55960.0,30
1781244245000,55960.0,55960.0,55960.0,55960.0,30
1781244250000,55959.8,55960.0,55959.8,55960.0,60
1781244255000,55959.8,55960.0,55959.8,55960.0,60
1781244260000,55964.0,55964.0,55964.0,55964.0,30
1781244270000,55960.0,55965.0,55960.0,55965.0,60
1781244275000,55967.8,55967.8,55967.8,55967.8,30
1781244280000,55964.0,55968.0,55964.0,55968.0,60
1781244285000,55960.0,55960.0,55960.0,55960.0,30
1781244290000,55968.0,55968.0,55968.0,55968.0,30
1781244300000,55968.2,55968.2,55968.2,55968.2,30
1781244305000,55951.0,55951.0,55950.0,55950.0,390
1781244315000,55950.0,55950.0,55933.0,55933.0,60
1781244320000,55950.0,55950.0,55950.0,55950.0,30
1781244325000,55945.6,55950.0,55945.6,55950.0,60
1781244330000,55941.0,55941.0,55930.6,55930.6,90
1781244335000,55950.0,55950.0,55950.0,55950.0,60
1781244340000,55950.0,55950.0,55950.0,55950.0,30
1781244350000,55964.8,55964.8,55964.8,55964.8,150
1781244360000,55960.8,55964.6,55960.8,55964.6,120
1781244365000,55929.2,55929.2,55929.2,55929.2,120
1781244370000,55957.6,55957.6,55957.6,55957.6,30
1781244380000,55962.0,55962.0,55962.0,55962.0,30
1781244385000,55930.8,55948.0,55930.8,55948.0,180
1781244390000,55950.0,55950.0,55950.0,55950.0,30
1781244395000,55946.2,55946.2,55946.2,55946.2,30
1781244400000,55946.2,55946.2,55946.2,55946.2,120
1781244405000,55942.2,55942.2,55942.2,55942.2,30
1781244415000,55946.2,55946.2,55946.2,55946.2,30
1781244420000,55942.2,55950.0,55942.2,55950.0,60
1781244425000,55960.0,55960.0,55960.0,55960.0,120
1781244430000,55962.0,55962.0,55952.4,55952.4,210
1781244440000,55946.2,55946.2,55946.2,55946.2,30
1781244450000,55942.0,55942.0,55942.0,55942.0,30
1781244460000,55943.6,55943.6,55943.6,55943.6,90
1781244465000,55942.6,55942.6,55942.6,55942.6,30
1781244470000,55955.6,55955.6,55955.6,55955.6,30
1781244480000,55958.0,55958.0,55951.8,55951.8,90
1781244485000,55936.2,55936.2,55936.2,55936.2,90
1781244495000,55955.0,55955.0,55955.0,55955.0,90
1781244500000,55952.2,55952.2,55952.2,55952.2,30
1781244505000,55952.2,55955.0,55952.2,55955.0,90
1781244515000,55960.0,55960.0,55960.0,55960.0,30
1781244525000,55960.0,55965.0,55960.0,55965.0,60
1781244530000,55964.4,55965.0,55956.0,55965.0,90
1781244540000,55965.0,55965.0,55965.0,55965.0,30
1781244550000,55959.8,55959.8,55959.8,55959.8,60
1781244560000,55966.0,55966.0,55966.0,55966.0,30
1781244570000,55965.0,55969.0,55965.0,55969.0,60
1781244575000,55970.0,55970.0,55970.0,55970.0,30
1781244585000,55965.0,55965.0,55965.0,55965.0,30
1781244590000,55970.0,55970.0,55970.0,55970.0,30
1781244595000,55970.0,55970.0,55963.6,55963.6,60
1781244600000,55963.8,55964.0,55963.8,55964.0,450
1781244605000,55964.8,55964.8,55964.8,55964.8,210
1781244615000,55969.0,55969.0,55969.0,55969.0,30
1781244620000,55970.0,55970.0,55970.0,55970.0,30
1781244630000,55968.4,55968.4,55966.0,55966.0,180
1781244635000,55966.8,55966.8,55966.8,55966.8,30
1781244640000,55967.6,55967.6,55967.6,55967.6,30
1781244650000,55970.0,55970.0,55970.0,55970.0,30
1781244655000,55970.0,55970.0,55970.0,55970.0,30
1781244665000,55969.0,55969.0,55969.0,55969.0,60
1781244670000,55969.8,55969.8,55969.8,55969.8,30
1781244675000,55970.0,55970.8,55970.0,55970.8,360
1781244680000,55973.6,55973.6,55973.6,55973.6,30
1781244685000,55973.6,55973.6,55973.6,55973.6,30
1781244690000,55973.8,55973.8,55973.8,55973.8,120
1781244695000,55975.0,55975.0,55975.0,55975.0,390
1781244700000,55975.0,55977.0,55975.0,55977.0,60
1781244705000,55975.0,55975.0,55975.0,55975.0,90
1781244710000,55975.0,55975.0,55975.0,55975.0,90
1781244715000,55975.0,55975.0,55975.0,55975.0,30
1781244720000,55975.0,55975.0,55975.0,55975.0,240
1781244725000,55977.0,55977.0,55977.0,55977.0,30
1781244730000,55978.0,55978.0,55978.0,55978.0,30
1781244740000,55980.0,55980.0,55965.6,55965.6,60
1781244745000,55980.0,55980.0,55980.0,55980.0,120
1781244755000,55965.6,55980.0,55965.6,55980.0,180
1781244760000,55965.4,55965.4,55965.4,55965.4,90
1781244765000,55979.0,55979.0,55979.0,55979.0,30
1781244775000,55975.0,55975.0,55974.0,55974.0,180
1781244780000,55979.0,55979.0,55979.0,55979.0,30
1781244785000,55979.0,55979.0,55975.0,55975.0,150
1781244790000,55975.0,55975.0,55975.0,55975.0,60
1781244800000,55980.0,55980.0,55980.0,55980.0,30
1781244810000,55971.8,55972.8,55971.8,55972.8,60
1781244815000,55973.0,55973.0,55973.0,55973.0,30
1781244820000,55973.0,55973.2,55973.0,55973.0,120
1781244825000,55973.0,55973.0,55965.0,55965.0,90
1781244830000,55966.0,55966.0,55966.0,55966.0,30
1781244835000,55960.0,55960.0,55960.0,55960.0,90
1781244840000,55960.0,55961.0,55960.0,55961.0,60
1781244845000,55972.2,55972.2,55972.2,55972.2,30
1781244855000,55961.0,55979.0,55961.0,55979.0,120
1781244860000,55977.4,55977.4,55977.4,55977.4,30
1781244865000,55976.0,55976.0,55961.4,55961.4,120
1781244875000,55974.4,55974.4,55974.4,55974.4,30
1781244880000,55974.6,55974.6,55974.6,55974.6,30
1781244890000,55974.6,55974.6,55974.6,55974.6,30
1781244905000,55962.0,55962.0,55962.0,55962.0,180
1781244910000,55961.4,55961.4,55961.4,55961.4,90
1781244930000,55954.8,55954.8,55954.8,55954.8,120
1781244945000,55956.6,55960.0,55956.6,55960.0,90
1781244965000,55969.0,55969.0,55969.0,55969.0,30
1781245000000,55969.0,55969.0,55969.0,55969.0,30
1781245010000,55970.0,55970.0,55970.0,55970.0,30
1781245015000,55967.4,55970.0,55967.4,55970.0,60
1781245020000,55968.0,55968.0,55968.0,55968.0,60
1781245030000,55968.6,55968.6,55968.6,55968.6,30
1781245040000,55974.0,55974.0,55974.0,55974.0,30
1781245045000,55974.2,55974.2,55974.2,55974.2,30
1781245050000,55976.0,55979.0,55976.0,55979.0,60
1781245055000,55979.0,55979.0,55976.0,55976.0,60
1781245060000,55980.0,55980.0,55980.0,55980.0,360
1781245065000,55980.6,55980.6,55979.8,55979.8,90
1781245070000,55979.6,55979.8,55979.6,55979.8,210
1781245075000,55980.0,55980.0,55980.0,55980.0,120
1781245080000,55982.0,55983.8,55982.0,55983.8,390
1781245085000,55980.0,55980.0,55980.0,55980.0,60
1781245090000,55980.0,55980.0,55980.0,55980.0,90
1781245095000,55970.0,55979.2,55970.0,55979.2,360
1781245100000,55980.4,55980.4,55980.4,55980.4,30
1781245115000,55979.2,55979.2,55979.2,55979.2,30
1781245120000,55979.0,55979.0,55979.0,55979.0,30
1781245125000,55979.0,55979.0,55979.0,55979.0,30
1781245135000,55979.0,55979.0,55976.0,55976.0,60
1781245140000,55976.0,55976.0,55976.0,55976.0,30
1781245155000,55980.0,55980.0,55980.0,55980.0,30
1781245165000,55975.0,55975.0,55975.0,55975.0,30
1781245170000,55970.6,55970.6,55970.4,55970.4,300
1781245185000,55970.6,55970.6,55970.6,55970.6,30
1781245190000,55973.6,55973.6,55973.6,55973.6,30
1781245195000,55970.4,55970.4,55970.4,55970.4,300
1781245215000,55969.8,55969.8,55969.8,55969.8,60
1781245225000,55973.0,55973.0,55973.0,55973.0,30
1781245255000,55960.6,55970.0,55960.6,55970.0,60
1781245260000,55967.8,55967.8,55967.8,55967.8,30
1781245275000,55968.2,55968.2,55968.2,55968.2,30
1781245280000,55974.8,55974.8,55974.8,55974.8,150
1781245290000,55970.0,55970.0,55970.0,55970.0,30
1781245305000,55972.8,55972.8,55972.8,55972.8,30
1781245315000,55966.2,55966.2,55966.2,55966.2,30
1781245330000,55969.4,55969.4,55969.4,55969.4,60
1781245340000,55967.4,55967.4,55967.4,55967.4,120
1781245350000,55969.4,55969.4,55969.4,55969.4,90
1781245355000,55969.4,55969.4,55969.4,55969.4,150
1781245360000,55960.6,55960.6,55960.6,55960.6,210
1781245375000,55953.4,55953.4,55953.4,55953.4,30
1781245390000,55952.4,55956.4,55945.0,55945.0,270
1781245395000,55940.0,55940.0,55940.0,55940.0,30
1781245400000,55940.0,55940.0,55940.0,55940.0,90
1781245405000,55948.4,55948.4,55948.4,55948.4,90
1781245410000,55949.4,55949.4,55949.4,55949.4,30
1781245430000,55936.8,55936.8,55935.0,55935.0,90
1781245435000,55936.2,55936.2,55936.2,55936.2,60
1781245440000,55943.2,55943.2,55943.2,55943.2,60
1781245450000,55945.4,55945.4,55945.4,55945.4,30
1781245455000,55942.4,55947.6,55942.4,55947.6,150
1781245460000,55946.6,55946.6,55946.6,55946.6,30
1781245465000,55950.0,55950.0,55950.0,55950.0,60
1781245495000,55949.2,55949.2,55949.2,55949.2,30
1781245505000,55952.2,55952.2,55952.2,55952.2,30
1781245510000,55956.2,55956.2,55956.2,55956.2,30
1781245525000,55956.0,55956.0,55956.0,55956.0,30
1781245530000,55956.6,55956.6,55956.6,55956.6,30
1781245550000,55958.2,55965.0,55958.2,55965.0,90
1781245555000,55969.4,55969.4,55969.4,55969.4,60
1781245560000,55965.0,55965.0,55965.0,55965.0,30
1781245570000,55969.2,55969.2,55969.2,55969.2,30
1781245575000,55970.0,55970.0,55970.0,55970.0,30
1781245595000,55968.4,55968.4,55968.4,55968.4,30
1781245605000,55970.0,55970.0,55970.0,55970.0,120
1781245615000,55974.0,55974.0,55974.0,55974.0,30
1781245630000,55974.0,55974.0,55972.2,55972.2,150
1781245635000,55974.0,55974.0,55974.0,55974.0,30
1781245645000,55972.2,55972.2,55972.2,55972.2,720
1781245660000,55968.0,55968.0,55968.0,55968.0,30
1781245675000,55970.0,55970.0,55970.0,55970.0,60
1781245680000,55968.0,55968.0,55968.0,55968.0,120
1781245685000,55958.0,55958.0,55958.0,55958.0,180
1781245695000,55958.0,55958.0,55958.0,55958.0,30
1781245700000,55955.0,55962.2,55955.0,55962.2,240
1781245720000,55946.0,55946.0,55946.0,55946.0,30
1781245725000,55955.0,55955.0,55955.0,55955.0,30
1781245745000,55959.8,55959.8,55959.8,55959.8,30
1781245775000,55946.0,55946.0,55946.0,55946.0,30
1781245780000,55946.0,55946.0,55946.0,55946.0,30
1781245785000,55940.0,55940.0,55926.4,55926.4,60
1781245790000,55928.2,55928.2,55928.2,55928.2,30
1781245795000,55928.2,55928.2,55928.2,55928.2,60
1781245805000,55928.0,55928.0,55928.0,55928.0,180
1781245810000,55926.0,55926.0,55926.0,55926.0,30
1781245815000,55925.0,55925.0,55925.0,55925.0,30
1781245820000,55925.0,55925.0,55925.0,55925.0,30
1781245825000,55926.0,55926.0,55926.0,55926.0,30
1781245830000,55920.0,55920.2,55920.0,55920.2,150
1781245835000,55930.0,55930.0,55930.0,55930.0,30
1781245850000,55930.0,55930.0,55930.0,55930.0,30
1781245855000,55930.0,55930.0,55930.0,55930.0,30
1781245865000,55930.0,55930.0,55930.0,55930.0,90
1781245875000,55930.0,55930.0,55930.0,55930.0,60
1781245880000,55930.0,55930.0,55930.0,55930.0,30
1781245890000,55943.0,55943.0,55943.0,55943.0,30
1781245900000,55930.0,55930.0,55930.0,55930.0,60
1781245935000,55926.0,55930.0,55926.0,55930.0,120
1781245950000,55930.0,55930.0,55930.0,55930.0,60
1781245955000,55930.0,55930.0,55930.0,55930.0,30
1781246005000,55946.0,55946.0,55946.0,55946.0,30
1781246015000,55950.0,55950.0,55946.8,55946.8,150
1781246020000,55947.2,55947.2,55947.2,55947.2,90
1781246025000,55942.2,55942.2,55930.0,55930.0,240
1781246040000,55941.8,55941.8,55941.8,55941.8,30
1781246055000,55935.8,55935.8,55935.8,55935.8,30
1781246075000,55950.0,55950.0,55950.0,55950.0,30
1781246085000,55950.0,55950.0,55950.0,55950.0,60
1781246105000,55949.0,55949.0,55949.0,55949.0,90
1781246110000,55949.0,55949.0,55949.0,55949.0,60
1781246115000,55950.0,55950.0,55949.0,55950.0,90
1781246120000,55935.8,55935.8,55935.8,55935.8,60
1781246135000,55950.0,55950.0,55950.0,55950.0,30
1781246150000,55949.6,55949.6,55949.6,55949.6,30
1781246170000,55949.8,55950.0,55949.8,55950.0,90
1781246180000,55950.2,55950.2,55950.2,55950.2,30
1781246185000,55958.0,55958.0,55958.0,55958.0,30
1781246190000,55959.0,55959.0,55959.0,55959.0,30
1781246205000,55952.2,55952.2,55952.2,55952.2,30
1781246235000,55955.8,55955.8,55955.8,55955.8,60
1781246245000,55955.8,55955.8,55955.8,55955.8,30
1781246255000,55955.8,55955.8,55955.8,55955.8,270
1781246270000,55938.8,55938.8,55938.8,55938.8,30
1781246280000,55939.0,55939.0,55939.0,55939.0,30
1781246285000,55939.0,55939.0,55939.0,55939.0,60
1781246290000,55941.4,55941.4,55941.4,55941.4,30
1781246295000,55936.4,55937.8,55936.4,55937.8,240
1781246310000,55932.0,55932.0,55932.0,55932.0,330
1781246325000,55932.0,55932.0,55932.0,55932.0,30
1781246330000,55930.0,55932.0,55930.0,55932.0,60
1781246340000,55937.8,55937.8,55937.8,55937.8,30
1781246350000,55935.0,55935.0,55935.0,55935.0,30
1781246355000,55925.0,55925.0,55925.0,55925.0,60
1781246360000,55925.0,55925.0,55925.0,55925.0,30
1781246365000,55925.0,55925.0,55925.0,55925.0,30
1781246370000,55923.0,55923.0,55915.8,55915.8,330
1781246375000,55915.2,55915.2,55915.2,55915.2,30
1781246380000,55917.4,55917.4,55915.6,55915.6,90
1781246390000,55915.6,55915.8,55915.6,55915.8,60
1781246395000,55915.2,55915.2,55915.2,55915.2,60
1781246400000,55912.0,55912.0,55912.0,55912.0,300
1781246405000,55911.0,55911.0,55911.0,55911.0,30
1781246415000,55911.0,55911.0,55911.0,55911.0,60
1781246420000,55910.0,55910.0,55905.8,55905.8,150
1781246425000,55905.0,55905.0,55905.0,55905.0,30
1781246430000,55911.0,55911.0,55911.0,55911.0,30
1781246440000,55905.8,55905.8,55905.8,55905.8,150
1781246445000,55905.0,55905.0,55904.0,55904.0,150
1781246450000,55900.0,55900.0,55899.0,55899.0,630
1781246455000,55894.0,55894.0,55880.0,55880.0,720
1781246475000,55886.0,55886.0,55886.0,55886.0,120
1781246480000,55889.4,55889.4,55885.0,55885.0,360
1781246485000,55886.0,55886.0,55880.0,55880.0,60
1781246495000,55880.0,55880.0,55880.0,55880.0,60
1781246500000,55880.0,55880.0,55880.0,55880.0,60
1781246515000,55881.0,55888.0,55881.0,55888.0,150
1781246535000,55888.0,55888.0,55888.0,55888.0,30
1781246540000,55880.2,55880.2,55880.2,55880.2,30
1781246545000,55885.2,55885.2,55875.0,55875.0,690
1781246550000,55872.0,55876.0,55872.0,55876.0,150
1781246560000,55871.0,55871.0,55871.0,55871.0,30
1781246570000,55870.2,55870.2,55870.2,55870.2,30
1781246575000,55870.0,55870.0,55870.0,55870.0,120
1781246580000,55870.0,55870.0,55870.0,55870.0,360
1781246585000,55867.0,55867.0,55867.0,55867.0,330
1781246590000,55865.0,55865.0,55865.0,55865.0,210
1781246595000,55862.4,55862.4,55858.0,55858.0,450
1781246610000,55858.0,55858.0,55858.0,55858.0,210
1781246615000,55860.0,55860.0,55858.0,55858.0,60
1781246620000,55857.0,55857.0,55845.8,55845.8,1410
1781246625000,55834.0,55849.0,55834.0,55849.0,270
1781246635000,55849.0,55849.0,55849.0,55849.0,60
1781246640000,55840.0,55840.0,55840.0,55840.0,60
1781246645000,55840.0,55840.0,55840.0,55840.0,30
1781246650000,55845.0,55845.0,55845.0,55845.0,30
1781246655000,55835.4,55835.4,55835.4,55835.4,30
1781246660000,55838.0,55838.0,55836.0,55836.0,90
1781246670000,55835.4,55835.4,55835.4,55835.4,150
1781246675000,55835.4,55836.2,55835.4,55835.4,150
1781246680000,55835.4,55847.8,55835.0,55847.8,150
1781246685000,55847.8,55847.8,55835.0,55835.0,90
1781246700000,55834.0,55843.4,55834.0,55843.4,180
1781246705000,55855.0,55858.0,55855.0,55858.0,60
1781246710000,55840.0,55858.2,55840.0,55858.2,90
1781246715000,55856.8,55856.8,55856.8,55856.8,30
1781246725000,55856.8,55856.8,55850.0,55850.0,60
1781246730000,55849.0,55849.0,55849.0,55849.0,60
1781246735000,55849.0,55849.0,55849.0,55849.0,30
1781246760000,55849.0,55849.0,55849.0,55849.0,30
1781246775000,55849.0,55849.0,55849.0,55849.0,60
1781246780000,55849.0,55849.0,55849.0,55849.0,30
1781246785000,55849.0,55849.0,55849.0,55849.0,30
1781246790000,55845.2,55845.2,55845.2,55845.2,30
1781246795000,55846.2,55846.2,55846.2,55846.2,30
1781246800000,55846.2,55849.0,55846.2,55849.0,60
1781246805000,55846.2,55849.0,55846.2,55849.0,60
1781246810000,55846.0,55846.0,55846.0,55846.0,30
1781246815000,55849.0,55849.0,55847.0,55847.0,60
1781246820000,55849.0,55849.0,55849.0,55849.0,30
1781246835000,55852.2,55852.2,55852.2,55852.2,30
1781246845000,55858.0,55860.0,55858.0,55860.0,180
1781246850000,55864.8,55864.8,55864.8,55864.8,30
1781246870000,55866.2,55866.2,55866.2,55866.2,60
1781246880000,55852.4,55852.4,55852.4,55852.4,60
1781246885000,55852.6,55852.6,55845.0,55850.0,1320
1781246890000,55849.8,55849.8,55849.8,55849.8,60
1781246895000,55840.0,55840.0,55840.0,55840.0,120
1781246900000,55830.0,55830.0,55830.0,55830.0,750
1781246905000,55830.0,55830.0,55830.0,55830.0,30
1781246910000,55830.0,55836.8,55827.0,55836.8,330
1781246915000,55831.8,55831.8,55831.8,55831.8,30
1781246920000,55830.2,55833.2,55830.2,55833.2,90
1781246925000,55830.0,55833.8,55830.0,55833.8,60
1781246935000,55826.0,55833.8,55826.0,55833.8,210
1781246940000,55825.0,55833.8,55825.0,55833.8,150
1781246945000,55840.0,55840.0,55840.0,55840.0,30
1781246950000,55840.0,55844.2,55840.0,55844.2,120
1781246955000,55848.8,55848.8,55848.0,55848.0,150
1781246960000,55825.0,55825.0,55825.0,55825.0,90
1781246965000,55849.8,55849.8,55849.8,55849.8,30
1781246985000,55827.0,55827.0,55827.0,55827.0,30
1781246995000,55845.2,55845.2,55845.2,55845.2,30
1781247000000,55849.0,55850.0,55849.0,55850.0,120
1781247005000,55855.0,55855.0,55855.0,55855.0,30
1781247020000,55880.0,55880.0,55880.0,55880.0,90
1781247025000,55890.0,55890.0,55879.0,55879.0,180
1781247030000,55891.0,55891.0,55891.0,55891.0,30
1781247035000,55870.4,55870.4,55870.4,55870.4,60
1781247045000,55871.0,55871.0,55871.0,55871.0,30
1781247060000,55875.0,55890.0,55875.0,55890.0,90
1781247065000,55875.2,55875.2,55875.2,55875.2,30
1781247080000,55880.6,55888.0,55880.6,55888.0,210
1781247085000,55888.0,55888.0,55887.2,55887.2,120
1781247090000,55877.2,55877.2,55877.2,55877.2,60
1781247100000,55872.0,55872.0,55872.0,55872.0,60
1781247105000,55872.0,55872.2,55872.0,55872.2,210
1781247140000,55890.0,55890.0,55890.0,55890.0,30
1781247145000,55890.0,55890.0,55890.0,55890.0,60
1781247150000,55891.0,55891.0,55891.0,55891.0,60
1781247160000,55889.6,55889.6,55889.6,55889.6,30
1781247170000,55885.2,55889.6,55885.2,55889.6,120
1781247185000,55889.6,55889.6,55889.6,55889.6,30
1781247190000,55887.0,55889.6,55887.0,55889.6,60
1781247195000,55887.8,55887.8,55887.8,55887.8,60
1781247205000,55890.0,55890.0,55890.0,55890.0,120
1781247210000,55890.0,55890.0,55890.0,55890.0,30
1781247225000,55894.4,55894.4,55894.4,55894.4,30
1781247230000,55893.4,55898.0,55893.4,55898.0,120
1781247235000,55900.0,55900.0,55900.0,55900.0,30
1781247245000,55887.0,55887.0,55887.0,55887.0,60
1781247250000,55895.4,55895.4,55895.4,55895.4,60
1781247255000,55895.4,55895.4,55895.4,55895.4,30
1781247265000,55895.0,55895.0,55895.0,55895.0,60
1781247270000,55899.0,55900.0,55899.0,55900.0,360
1781247280000,55903.8,55903.8,55900.2,55900.2,120
1781247290000,55904.0,55904.0,55904.0,55904.0,30
1781247300000,55901.2,55901.2,55901.2,55901.2,30
1781247305000,55902.2,55904.0,55902.2,55904.0,120
1781247310000,55905.0,55910.0,55905.0,55910.0,390
1781247315000,55912.4,55915.0,55912.4,55915.0,90
1781247335000,55916.0,55920.0,55916.0,55920.0,60
1781247345000,55916.0,55916.0,55916.0,55916.0,30
1781247355000,55917.2,55917.2,55917.2,55917.2,30
1781247360000,55920.0,55925.0,55920.0,55925.0,90
1781247365000,55925.0,55925.0,55925.0,55925.0,30
1781247375000,55925.0,55925.0,55925.0,55925.0,90
1781247380000,55925.0,55925.0,55925.0,55925.0,60
1781247400000,55923.0,55923.0,55923.0,55923.0,30
1781247415000,55920.0,55920.0,55920.0,55920.0,30
1781247420000,55920.0,55920.0,55920.0,55920.0,30
1781247425000,55920.0,55920.0,55920.0,55920.0,30
1781247435000,55920.0,55920.0,55920.0,55920.0,30
1781247450000,55920.0,55929.0,55920.0,55929.0,90
1781247470000,55921.6,55927.6,55921.6,55927.6,60
1781247490000,55925.8,55925.8,55925.8,55925.8,90
1781247495000,55926.0,55926.0,55926.0,55926.0,30
1781247510000,55926.0,55926.0,55926.0,55926.0,90
1781247515000,55930.0,55930.0,55926.2,55926.2,180
1781247520000,55930.0,55930.0,55930.0,55930.0,150
1781247525000,55934.0,55934.0,55932.0,55932.0,150
1781247530000,55934.0,55934.0,55934.0,55934.0,60
1781247535000,55934.0,55934.0,55922.4,55922.4,210
1781247580000,55934.0,55934.0,55934.0,55934.0,60
1781247585000,55940.0,55940.0,55940.0,55940.0,180
1781247590000,55943.0,55943.0,55943.0,55943.0,180
1781247605000,55940.0,55940.0,55940.0,55940.0,60
1781247625000,55939.8,55939.8,55931.0,55937.6,150
1781247635000,55920.0,55920.0,55920.0,55920.0,60
1781247660000,55920.0,55920.0,55920.0,55920.0,30
1781247685000,55919.0,55919.0,55919.0,55919.0,30
1781247710000,55919.0,55919.0,55919.0,55919.0,30
1781247715000,55918.8,55918.8,55917.0,55917.0,90
1781247725000,55917.0,55917.0,55916.0,55916.0,60
1781247730000,55916.0,55916.0,55916.0,55916.0,30
1781247740000,55915.0,55915.0,55915.0,55915.0,60
1781247750000,55911.0,55911.0,55911.0,55911.0,30
1781247760000,55911.0,55911.0,55911.0,55911.0,30
1781247770000,55910.0,55910.0,55910.0,55910.0,60
1781247775000,55911.0,55911.0,55911.0,55911.0,30
1781247785000,55916.0,55916.0,55916.0,55916.0,60
1781247790000,55915.8,55915.8,55915.8,55915.8,30
1781247795000,55911.0,55911.0,55911.0,55911.0,30
1781247800000,55906.0,55906.0,55906.0,55906.0,30
1781247810000,55910.0,55910.0,55910.0,55910.0,30
1781247815000,55906.0,55906.0,55906.0,55906.0,30
1781247820000,55910.0,55910.0,55910.0,55910.0,30
1781247825000,55909.6,55909.6,55909.6,55909.6,30
1781247830000,55901.0,55901.0,55901.0,55901.0,60
1781247835000,55900.0,55900.0,55900.0,55900.0,60
1781247870000,55908.0,55908.0,55905.0,55905.0,120
1781247875000,55903.2,55903.2,55903.2,55903.2,30
1781247880000,55908.0,55908.0,55908.0,55908.0,30
1781247885000,55908.0,55908.0,55908.0,55908.0,60
1781247895000,55908.0,55908.0,55908.0,55908.0,60
1781247900000,55908.0,55908.0,55908.0,55908.0,30
1781247905000,55907.8,55907.8,55907.8,55907.8,30
1781247915000,55907.8,55908.0,55907.8,55908.0,60
1781247935000,55908.0,55908.0,55908.0,55908.0,60
1781247950000,55907.8,55907.8,55907.8,55907.8,90
1781247955000,55908.0,55908.0,55908.0,55908.0,30
1781247960000,55905.2,55905.2,55905.2,55905.2,30
1781247970000,55908.0,55908.0,55908.0,55908.0,30
1781247975000,55908.0,55908.0,55908.0,55908.0,60
1781248010000,55908.0,55908.0,55908.0,55908.0,30
1781248015000,55907.6,55915.0,55907.6,55915.0,120
1781248020000,55912.0,55912.0,55912.0,55912.0,30
1781248025000,55915.0,55915.0,55915.0,55915.0,30
1781248035000,55910.8,55910.8,55910.8,55910.8,30
1781248040000,55910.8,55910.8,55910.8,55910.8,30
1781248045000,55905.2,55905.2,55905.2,55905.2,120
1781248060000,55906.0,55906.0,55906.0,55906.0,60
1781248065000,55906.0,55906.0,55906.0,55906.0,30
1781248095000,55910.0,55910.0,55910.0,55910.0,30
1781248115000,55910.6,55910.6,55910.6,55910.6,30
1781248120000,55911.4,55911.4,55911.4,55911.4,30
1781248130000,55913.0,55913.0,55912.6,55912.6,150
1781248135000,55912.8,55912.8,55912.8,55912.8,30
1781248140000,55914.0,55914.0,55914.0,55914.0,30
1781248145000,55914.0,55914.4,55914.0,55914.4,60
1781248150000,55914.8,55914.8,55914.8,55914.8,90
1781248155000,55915.0,55915.0,55915.0,55915.0,60
1781248165000,55915.0,55915.0,55915.0,55915.0,30
1781248175000,55915.0,55915.0,55915.0,55915.0,60
1781248200000,55905.4,55905.4,55905.4,55905.4,30
1781248215000,55905.4,55905.4,55905.4,55905.4,30
1781248220000,55902.4,55902.4,55902.4,55902.4,60
1781248225000,55905.4,55905.4,55900.0,55900.0,450
1781248230000,55888.4,55889.0,55875.4,55875.4,1260
1781248235000,55884.2,55884.2,55884.2,55884.2,540
1781248240000,55889.0,55889.0,55889.0,55889.0,60
1781248250000,55890.0,55890.0,55889.8,55889.8,150
1781248260000,55889.8,55889.8,55889.8,55889.8,30
1781248265000,55889.8,55889.8,55889.8,55889.8,30
1781248270000,55887.0,55887.0,55887.0,55887.0,30
1781248275000,55887.0,55887.0,55881.0,55881.0,90
1781248280000,55881.0,55881.0,55881.0,55881.0,30
1781248285000,55881.0,55881.0,55881.0,55881.0,30
1781248290000,55875.0,55875.0,55875.0,55875.0,420
1781248295000,55875.0,55875.0,55875.0,55875.0,30
1781248300000,55875.0,55875.0,55862.6,55862.6,180
1781248305000,55863.6,55863.6,55863.6,55863.6,30
1781248310000,55885.0,55885.0,55885.0,55885.0,30
1781248315000,55867.4,55867.4,55867.4,55867.4,30
1781248320000,55867.0,55867.0,55867.0,55867.0,30
1781248345000,55869.0,55869.0,55869.0,55869.0,90
1781248350000,55870.0,55870.0,55870.0,55870.0,30
1781248355000,55884.0,55884.0,55884.0,55884.0,60
1781248370000,55869.8,55869.8,55869.8,55869.8,90
1781248375000,55862.2,55862.2,55862.2,55862.2,60
1781248380000,55862.2,55862.2,55861.0,55861.0,60
1781248385000,55861.0,55861.0,55861.0,55861.0,150
1781248390000,55861.0,55861.0,55860.0,55860.0,90
1781248395000,55860.0,55860.0,55860.0,55860.0,30
1781248400000,55857.0,55857.0,55857.0,55857.0,60
1781248405000,55850.0,55850.0,55850.0,55850.0,90
1781248410000,55860.0,55860.0,55860.0,55860.0,30
1781248420000,55850.0,55850.0,55850.0,55850.0,60
1781248425000,55860.0,55860.0,55860.0,55860.0,30
1781248430000,55850.0,55850.0,55850.0,55850.0,30
1781248440000,55850.0,55850.0,55850.0,55850.0,60
1781248445000,55850.0,55850.0,55850.0,55850.0,300
1781248450000,55865.0,55865.0,55865.0,55865.0,3210
1781248455000,55865.0,55865.2,55865.0,55865.2,150
1781248460000,55865.2,55865.2,55865.2,55865.2,60
1781248465000,55865.2,55865.2,55865.2,55865.2,30
1781248470000,55865.2,55865.2,55865.0,55865.0,1590
1781248475000,55875.2,55875.2,55865.0,55865.0,510
1781248480000,55874.8,55875.0,55874.8,55875.0,2160
1781248485000,55875.0,55875.0,55875.0,55875.0,2490
1781248490000,55875.0,55875.0,55875.0,55875.0,660
1781248495000,55874.8,55874.8,55865.0,55874.8,480
1781248505000,55865.0,55865.0,55860.0,55860.0,390
1781248510000,55851.0,55851.0,55850.0,55850.0,150
1781248515000,55851.0,55851.0,55851.0,55851.0,330
1781248520000,55850.0,55850.0,55850.0,55850.0,90
1781248525000,55851.0,55851.0,55845.0,55845.0,180
1781248530000,55851.0,55851.0,55851.0,55851.0,120
1781248535000,55846.6,55846.6,55846.6,55846.6,30
1781248540000,55845.0,55852.8,55845.0,55852.8,120
1781248550000,55855.0,55855.0,55855.0,55855.0,90
1781248555000,55857.8,55857.8,55857.8,55857.8,30
1781248560000,55857.8,55857.8,55857.8,55857.8,30
1781248570000,55852.0,55852.0,55852.0,55852.0,90
1781248585000,55864.0,55864.0,55864.0,55864.0,30
1781248590000,55869.0,55869.0,55869.0,55869.0,90
1781248595000,55864.0,55873.4,55864.0,55873.4,60
1781248600000,55874.0,55874.0,55874.0,55874.0,30
1781248605000,55880.0,55880.0,55880.0,55880.0,120
1781248615000,55887.0,55900.0,55887.0,55900.0,780
1781248620000,55899.4,55900.0,55899.4,55900.0,60
1781248630000,55904.4,55904.8,55904.4,55904.8,900
1781248635000,55904.8,55909.0,55900.0,55900.0,630
1781248640000,55900.0,55900.0,55900.0,55900.0,30
1781248645000,55885.0,55885.0,55885.0,55885.0,30
1781248650000,55905.2,55905.2,55905.2,55905.2,90
1781248655000,55900.8,55900.8,55900.6,55900.6,270
1781248660000,55885.2,55885.2,55885.0,55885.0,120
1781248665000,55898.0,55898.0,55898.0,55898.0,30
1781248670000,55898.0,55898.0,55898.0,55898.0,30
1781248680000,55896.6,55896.6,55896.6,55896.6,420
1781248690000,55891.0,55891.0,55890.0,55890.0,240
1781248695000,55890.6,55890.6,55890.6,55890.6,60
1781248700000,55890.0,55890.0,55890.0,55890.0,300
1781248705000,55890.6,55890.6,55890.6,55890.6,180
1781248710000,55885.0,55885.8,55885.0,55885.8,390
1781248715000,55885.0,55885.0,55884.6,55884.6,330
1781248720000,55884.6,55885.0,55884.6,55885.0,240
1781248725000,55884.6,55884.6,55884.6,55884.6,270
1781248730000,55884.4,55884.4,55880.0,55880.0,210
1781248735000,55875.0,55875.4,55875.0,55875.4,60
1781248740000,55875.8,55875.8,55870.0,55870.0,480
1781248745000,55873.4,55873.4,55873.4,55873.4,30
1781248765000,55861.0,55861.0,55861.0,55861.0,30
1781248770000,55865.2,55865.2,55865.2,55865.2,60
1781248775000,55865.2,55865.2,55865.2,55865.2,30
1781248780000,55865.8,55865.8,55865.8,55865.8,30
1781248785000,55872.8,55873.0,55872.8,55873.0,480
1781248795000,55873.4,55874.6,55873.4,55874.6,150
1781248800000,55873.4,55873.4,55873.4,55873.4,180
1781248805000,55865.6,55865.6,55865.6,55865.6,120
1781248810000,55855.0,55855.0,55855.0,55855.0,90
1781248815000,55865.0,55865.0,55864.4,55864.4,210
1781248830000,55853.0,55862.2,55853.0,55862.2,150
1781248840000,55862.2,55862.2,55862.2,55862.2,30
1781248845000,55862.2,55862.2,55862.2,55862.2,90
1781248850000,55862.2,55862.2,55862.2,55862.2,90
1781248865000,55863.2,55864.4,55863.2,55864.4,180
1781248870000,55885.0,55885.0,55885.0,55885.0,60
1781248880000,55898.0,55898.0,55898.0,55898.0,30
1781248890000,55903.8,55905.0,55903.8,55905.0,870
1781248900000,55909.2,55909.2,55909.2,55909.2,180
1781248905000,55905.0,55905.0,55905.0,55905.0,30
1781248910000,55910.0,55910.0,55910.0,55910.0,120
1781248920000,55910.0,55910.0,55910.0,55910.0,30
1781248925000,55909.4,55909.4,55909.4,55909.4,390
1781248930000,55885.6,55885.6,55885.6,55885.6,270
1781248935000,55878.6,55878.6,55878.6,55878.6,30
1781248940000,55878.4,55878.4,55878.4,55878.4,90
1781248960000,55901.6,55901.6,55901.6,55901.6,30
1781248965000,55906.0,55906.0,55906.0,55906.0,540
1781248975000,55899.8,55900.2,55899.8,55900.2,150
1781248980000,55890.0,55896.8,55890.0,55896.8,180
1781249015000,55891.0,55891.0,55891.0,55891.0,60
1781249020000,55891.0,55891.0,55891.0,55891.0,30
1781249035000,55891.4,55891.8,55891.4,55891.8,60
1781249040000,55910.0,55910.0,55909.8,55909.8,120
1781249060000,55908.6,55908.6,55908.6,55908.6,210
1781249065000,55907.6,55908.0,55907.6,55908.0,150
1781249075000,55910.0,55910.0,55910.0,55910.0,90
1781249080000,55909.8,55909.8,55909.8,55909.8,60
1781249085000,55915.0,55915.0,55915.0,55915.0,630
1781249090000,55909.8,55909.8,55909.8,55909.8,60
1781249135000,55910.0,55910.0,55910.0,55910.0,30
1781249140000,55910.0,55910.0,55910.0,55910.0,60
1781249145000,55910.0,55910.0,55910.0,55910.0,60
1781249160000,55910.2,55910.2,55910.2,55910.2,30
1781249165000,55910.0,55910.0,55909.8,55909.8,120
1781249185000,55909.0,55909.0,55882.6,55882.6,60
1781249190000,55909.0,55909.0,55909.0,55909.0,30
1781249210000,55905.0,55905.0,55905.0,55905.0,30
1781249215000,55905.0,55905.0,55905.0,55905.0,30
1781249220000,55900.0,55900.0,55900.0,55900.0,30
1781249230000,55904.4,55904.4,55891.0,55891.0,180
1781249240000,55886.4,55886.4,55886.4,55886.4,30
1781249250000,55890.4,55890.4,55890.4,55890.4,30
1781249255000,55887.6,55887.6,55887.6,55887.6,30
1781249260000,55890.4,55890.4,55890.4,55890.4,60
1781249265000,55897.0,55897.0,55897.0,55897.0,60
1781249270000,55897.2,55897.2,55890.8,55890.8,60
1781249275000,55890.8,55890.8,55890.8,55890.8,30
1781249295000,55890.8,55890.8,55890.8,55890.8,30
1781249300000,55891.0,55891.0,55891.0,55891.0,30
1781249310000,55892.0,55892.0,55892.0,55892.0,60
1781249315000,55892.4,55892.4,55892.4,55892.4,30
1781249330000,55896.0,55896.0,55896.0,55896.0,60
1781249350000,55900.0,55900.0,55900.0,55900.0,60
1781249370000,55900.2,55900.2,55900.2,55900.2,30
1781249375000,55906.0,55906.0,55901.0,55901.0,360
1781249385000,55892.4,55892.4,55892.4,55892.4,30
1781249425000,55892.4,55892.4,55891.6,55891.6,120
1781249435000,55890.2,55890.4,55890.2,55890.4,150
1781249450000,55890.0,55890.0,55890.0,55890.0,120
1781249475000,55892.0,55892.0,55892.0,55892.0,30
1781249510000,55885.0,55885.0,55885.0,55885.0,30
1781249530000,55885.0,55885.0,55885.0,55885.0,30
1781249535000,55885.0,55885.0,55885.0,55885.0,30
1781249545000,55886.6,55886.6,55886.6,55886.6,30
1781249550000,55881.0,55881.0,55881.0,55881.0,30
1781249560000,55880.0,55880.0,55880.0,55880.0,90
1781249585000,55886.6,55886.6,55886.6,55886.6,60
1781249615000,55905.0,55905.0,55905.0,55905.0,120
1781249620000,55915.0,55915.0,55915.0,55915.0,30
1781249630000,55895.6,55895.6,55895.6,55895.6,30
1781249635000,55904.4,55904.4,55904.4,55904.4,30
1781249640000,55915.0,55915.0,55915.0,55915.0,60
1781249645000,55915.8,55915.8,55915.8,55915.8,30
1781249650000,55920.0,55920.0,55920.0,55920.0,180
1781249655000,55920.0,55920.0,55920.0,55920.0,60
1781249675000,55920.0,55920.0,55920.0,55920.0,60
1781249680000,55919.0,55919.0,55919.0,55919.0,30
1781249690000,55919.0,55919.0,55919.0,55919.0,30
1781249715000,55919.0,55919.0,55919.0,55919.0,270
1781249720000,55920.0,55920.0,55920.0,55920.0,450
1781249725000,55923.0,55925.0,55923.0,55925.0,270
1781249730000,55932.0,55937.8,55932.0,55937.8,810
1781249735000,55937.8,55937.8,55937.8,55937.8,30
1781249740000,55937.8,55939.0,55937.8,55939.0,120
1781249745000,55937.8,55938.4,55937.8,55938.4,660
1781249750000,55949.0,55949.0,55949.0,55949.0,210
1781249755000,55949.0,55949.0,55949.0,55949.0,30
1781249760000,55950.0,55956.0,55950.0,55956.0,1770
1781249765000,55953.0,55957.0,55953.0,55957.0,120
1781249770000,55953.0,55957.0,55953.0,55957.0,300
1781249775000,55957.0,55957.0,55957.0,55957.0,60
1781249790000,55957.0,55957.0,55957.0,55957.0,60
1781249795000,55957.0,55957.0,55957.0,55957.0,60
1781249800000,55954.4,55957.0,55954.4,55957.0,90
1781249810000,55955.0,55955.0,55955.0,55955.0,90
1781249825000,55955.0,55955.0,55950.0,55950.0,570
1781249830000,55944.0,55944.0,55944.0,55944.0,120
1781249835000,55945.0,55945.0,55945.0,55945.0,90
1781249850000,55945.4,55945.4,55945.4,55945.4,120
1781249855000,55948.4,55948.4,55948.4,55948.4,90
1781249860000,55914.6,55914.6,55914.6,55914.6,570
1781249865000,55914.2,55914.2,55914.2,55914.2,30
1781249870000,55914.2,55914.2,55914.2,55914.2,60
1781249880000,55914.2,55914.2,55914.2,55914.2,150
1781249885000,55914.6,55914.6,55914.6,55914.6,30
1781249890000,55917.8,55917.8,55917.8,55917.8,30
1781249895000,55936.0,55936.0,55936.0,55936.0,60
1781249900000,55934.2,55934.2,55934.2,55934.2,180
1781249910000,55929.6,55929.6,55929.6,55929.6,90
1781249915000,55929.8,55929.8,55929.8,55929.8,30
1781249920000,55926.0,55926.0,55926.0,55926.0,90
1781249930000,55930.4,55930.4,55927.0,55927.0,150
1781249950000,55912.6,55912.6,55912.6,55912.6,30
1781249955000,55912.0,55912.0,55912.0,55912.0,60
1781249970000,55912.0,55912.0,55912.0,55912.0,30
1781249985000,55926.0,55930.0,55926.0,55930.0,240
1781249995000,55931.4,55931.4,55931.4,55931.4,30
1781250000000,55925.0,55925.0,55925.0,55925.0,30
1781250025000,55925.6,55925.6,55925.6,55925.6,30
1781250060000,55932.0,55941.0,55932.0,55941.0,90
1781250090000,55948.8,55948.8,55948.8,55948.8,30
1781250100000,55948.0,55948.0,55948.0,55948.0,60
1781250115000,55948.0,55948.0,55948.0,55948.0,90
1781250120000,55945.0,55945.0,55945.0,55945.0,30
1781250125000,55948.0,55948.8,55948.0,55948.8,120
1781250130000,55955.0,55958.0,55955.0,55958.0,1050
1781250135000,55958.0,55960.0,55958.0,55960.0,180
1781250140000,55951.0,55962.0,55951.0,55962.0,480
1781250145000,55951.2,55957.6,55951.2,55957.6,870
1781250150000,55958.8,55958.8,55956.4,55956.4,270
1781250155000,55951.6,55951.6,55951.6,55951.6,90
1781250160000,55951.6,55951.6,55931.0,55931.0,150
1781250165000,55943.6,55943.6,55943.6,55943.6,60
1781250175000,55951.6,55951.6,55951.6,55951.6,240
1781250180000,55950.6,55950.6,55950.6,55950.6,60
1781250190000,55958.6,55958.6,55958.6,55958.6,150
1781250205000,55950.6,55956.8,55950.6,55956.8,120
1781250210000,55958.8,55958.8,55958.8,55958.8,60
1781250220000,55951.8,55951.8,55951.8,55951.8,30
1781250225000,55950.6,55952.2,55950.6,55952.2,210
1781250250000,55942.2,55942.2,55942.2,55942.2,60
1781250255000,55947.0,55947.0,55947.0,55947.0,60
1781250280000,55947.0,55947.0,55947.0,55947.0,30
1781250290000,55950.0,55950.0,55950.0,55950.0,30
1781250300000,55949.2,55949.2,55949.2,55949.2,60
1781250315000,55948.8,55948.8,55948.8,55948.8,90
1781250320000,55931.2,55931.2,55931.2,55931.2,30
1781250325000,55949.2,55949.2,55949.2,55949.2,60
1781250330000,55938.4,55938.4,55938.4,55938.4,30
1781250335000,55955.0,55955.0,55938.4,55938.4,60
1781250350000,55955.0,55955.0,55955.0,55955.0,150
1781250355000,55950.0,55950.0,55950.0,55950.0,30
1781250360000,55960.0,55960.0,55960.0,55960.0,180
1781250365000,55956.4,55956.4,55956.4,55956.4,30
1781250395000,55956.6,55956.6,55956.6,55956.6,30
1781250400000,55964.2,55964.2,55964.2,55964.2,30
1781250405000,55956.4,55956.4,55956.4,55956.4,150
1781250430000,55951.0,55951.0,55951.0,55951.0,30
1781250445000,55951.0,55951.0,55951.0,55951.0,30
1781250450000,55952.0,55952.0,55952.0,55952.0,30
1781250460000,55956.4,55956.4,55951.0,55951.0,330
1781250465000,55961.0,55961.0,55951.0,55951.0,120
1781250470000,55964.0,55970.0,55964.0,55970.0,570
1781250475000,55970.0,55977.4,55970.0,55977.4,930
1781250480000,55975.6,55975.6,55975.6,55975.6,30
1781250485000,55984.4,55984.4,55983.0,55983.0,1080
1781250490000,55981.2,55981.2,55976.0,55976.0,210
1781250495000,55956.6,55974.2,55956.6,55974.2,240
1781250510000,55974.2,55974.2,55974.2,55974.2,90
1781250515000,55974.2,55974.2,55974.2,55974.2,150
1781250520000,55980.0,55980.0,55980.0,55980.0,60
1781250540000,55980.0,55980.0,55980.0,55980.0,120
1781250545000,55980.0,55980.0,55980.0,55980.0,90
1781250555000,55962.6,55962.6,55961.0,55961.0,210
1781250575000,55980.0,55980.0,55980.0,55980.0,30
1781250585000,55980.0,55984.0,55980.0,55984.0,90
1781250590000,55984.2,55984.2,55957.8,55957.8,330
1781250595000,55958.2,55958.2,55956.4,55956.4,90
1781250610000,55972.6,55972.6,55972.6,55972.6,60
1781250620000,55984.0,55984.0,55972.6,55972.6,60
1781250625000,55979.4,55979.4,55979.4,55979.4,30
1781250630000,55985.0,55985.0,55985.0,55985.0,540
1781250635000,55982.0,55982.0,55981.0,55981.0,90
1781250640000,55988.0,55988.0,55988.0,55988.0,30
1781250645000,55989.0,55989.0,55981.6,55981.6,180
1781250650000,55989.0,55989.0,55989.0,55989.0,240
1781250655000,55989.0,55989.0,55989.0,55989.0,150
1781250660000,55989.0,55989.0,55982.2,55982.2,60
1781250665000,55989.0,55989.0,55989.0,55989.0,30
1781250675000,55989.0,55989.0,55989.0,55989.0,30
1781250680000,55989.4,55991.4,55989.4,55991.4,1230
1781250685000,55993.0,55993.0,55993.0,55993.0,30
1781250690000,55994.4,55994.4,55993.4,55993.4,510
1781250695000,55995.0,55995.0,55995.0,55995.0,30
1781250700000,55996.6,55996.6,55994.4,55994.4,240
1781250705000,55990.0,55990.0,55990.0,55990.0,210
1781250710000,55990.0,55990.0,55990.0,55990.0,60
1781250720000,55994.0,55995.0,55994.0,55995.0,2010
1781250725000,55999.8,55999.8,55999.4,55999.4,240
1781250730000,55999.8,56000.0,55999.8,56000.0,960
1781250735000,55999.8,56000.0,55999.8,56000.0,180
1781250740000,55999.8,55999.8,55999.8,55999.8,90
1781250745000,55999.8,56000.0,55999.8,56000.0,60
1781250750000,55990.0,55999.8,55990.0,55999.8,2880
1781250755000,56001.0,56001.0,56000.0,56000.0,120
1781250760000,56001.0,56001.0,56000.0,56000.0,60
1781250765000,56002.2,56002.2,56002.2,56002.2,60
1781250770000,56005.0,56005.0,56005.0,56005.0,480
1781250775000,56005.0,56005.0,56004.0,56004.0,150
1781250780000,56005.0,56005.0,56005.0,56005.0,60
1781250790000,56009.4,56009.4,56005.0,56005.0,210
1781250795000,56005.0,56005.0,56005.0,56005.0,90
1781250805000,56000.0,56000.0,55983.4,55983.4,300
1781250810000,56005.0,56005.0,56005.0,56005.0,30
1781250820000,55995.0,55995.0,55983.8,55983.8,210
1781250835000,55984.0,55984.0,55984.0,55984.0,30
1781250840000,55985.0,55985.0,55983.8,55983.8,180
1781250845000,55983.8,55983.8,55983.8,55983.8,30
1781250850000,56000.0,56000.0,56000.0,56000.0,240
1781250860000,56000.0,56000.0,56000.0,56000.0,480
1781250870000,55998.0,55998.0,55995.0,55996.4,120
1781250875000,55984.0,55984.0,55984.0,55984.0,120
1781250880000,55978.0,55978.0,55960.0,55960.0,270
1781250885000,55960.0,55960.0,55960.0,55960.0,60
1781250890000,55960.0,55960.0,55960.0,55960.0,120
1781250895000,55961.0,55961.0,55961.0,55961.0,30
1781250900000,55953.0,55953.0,55953.0,55953.0,90
1781250915000,55958.0,55958.0,55958.0,55958.0,300
1781250925000,55956.0,55956.0,55956.0,55956.0,30
1781250935000,55956.0,55956.0,55950.0,55950.0,570
1781250940000,55953.6,55953.6,55941.0,55941.0,120
1781250945000,55940.0,55940.0,55940.0,55940.0,30
1781250950000,55940.0,55940.0,55940.0,55940.0,60
1781250955000,55950.0,55950.0,55940.0,55940.0,180
1781250965000,55941.0,55941.0,55941.0,55941.0,60
1781250970000,55941.0,55950.0,55941.0,55950.0,120
1781250980000,55945.6,55950.0,55945.6,55950.0,90
1781250995000,55960.0,55960.0,55960.0,55960.0,30
1781251010000,55965.0,55990.0,55965.0,55990.0,300
1781251015000,55999.0,56001.0,55999.0,56001.0,510
1781251020000,56005.0,56050.0,56005.0,56050.0,6630
1781251025000,56040.6,56075.0,56040.6,56064.0,2310
1781251030000,56075.0,56080.0,56075.0,56080.0,900
1781251035000,56090.0,56099.0,56086.6,56091.0,2220
1781251040000,56078.0,56094.8,56078.0,56094.8,540
1781251045000,56100.0,56120.0,56100.0,56120.0,5280
1781251050000,56100.0,56111.8,56100.0,56111.8,450
1781251055000,56104.2,56125.0,56104.2,56125.0,780
1781251060000,56120.0,56125.0,56111.8,56125.0,510
1781251065000,56120.0,56135.0,56119.4,56119.4,870
1781251070000,56119.4,56119.4,56111.6,56111.8,3270
1781251075000,56108.2,56108.2,56100.0,56100.2,1410
1781251080000,56067.0,56104.6,56067.0,56104.6,840
1781251085000,56104.6,56115.6,56104.6,56115.4,180
1781251090000,56114.2,56114.2,56104.6,56104.6,450
1781251095000,56117.0,56117.0,56104.6,56115.4,1380
1781251100000,56117.2,56117.2,56100.0,56105.0,1770
1781251105000,56100.0,56111.0,56100.0,56100.0,90
1781251110000,56100.0,56100.0,56100.0,56100.0,210
1781251115000,56082.6,56111.2,56082.6,56100.0,390
1781251120000,56110.0,56110.0,56110.0,56110.0,240
1781251125000,56115.4,56117.0,56110.0,56115.4,360
1781251130000,56116.0,56125.0,56116.0,56125.0,630
1781251135000,56116.0,56120.0,56116.0,56120.0,180
1781251140000,56125.0,56130.0,56117.2,56117.2,420
1781251145000,56131.6,56131.6,56117.4,56117.4,120
1781251150000,56134.0,56134.0,56130.0,56131.0,780
1781251155000,56131.0,56140.0,56131.0,56140.0,960
1781251160000,56140.0,56142.0,56140.0,56142.0,420
1781251165000,56141.8,56145.0,56131.6,56145.0,660
1781251170000,56149.0,56149.6,56131.0,56131.0,1620
1781251175000,56148.4,56149.2,56141.8,56141.8,1320
1781251180000,56144.2,56145.6,56142.4,56145.6,690
1781251185000,56142.0,56142.2,56141.8,56142.2,360
1781251190000,56140.8,56150.0,56140.8,56150.0,600
1781251195000,56142.2,56148.8,56142.2,56148.8,510
1781251200000,56150.0,56150.0,56148.8,56150.0,1170
1781251205000,56150.0,56150.0,56148.8,56149.8,1410
1781251210000,56140.2,56150.0,56140.2,56150.0,2460
1781251215000,56158.0,56158.0,56158.0,56158.0,840
1781251220000,56160.0,56160.0,56158.0,56158.0,300
1781251225000,56158.0,56158.0,56158.0,56158.0,570
1781251230000,56155.0,56155.0,56148.8,56148.8,1560
1781251235000,56125.2,56151.4,56125.2,56125.2,270
1781251240000,56150.0,56151.0,56150.0,56150.0,300
1781251245000,56158.0,56158.0,56150.2,56153.2,180
1781251250000,56153.2,56158.0,56153.2,56158.0,180
1781251255000,56150.2,56150.2,56125.2,56125.2,1650
1781251260000,56125.2,56125.2,56125.2,56125.2,90
1781251265000,56147.0,56156.0,56147.0,56156.0,450
1781251270000,56140.0,56146.2,56140.0,56146.2,330
1781251275000,56146.2,56158.0,56146.2,56150.0,150
1781251280000,56146.2,56161.0,56146.2,56161.0,390
1781251285000,56161.0,56161.0,56151.0,56151.0,480
1781251290000,56165.0,56167.0,56164.0,56167.0,540
1781251295000,56182.0,56183.4,56168.0,56182.0,2040
1781251300000,56182.0,56183.8,56181.8,56183.8,360
1781251305000,56167.0,56184.0,56164.0,56164.0,210
1781251310000,56183.8,56183.8,56164.2,56180.0,690
1781251315000,56185.0,56185.0,56175.0,56183.8,660
1781251320000,56164.0,56179.0,56164.0,56179.0,240
1781251325000,56170.0,56170.0,56164.0,56168.6,300
1781251330000,56166.0,56170.0,56166.0,56167.4,210
1781251335000,56189.0,56190.0,56175.0,56190.0,2040
1781251340000,56191.0,56191.4,56190.4,56191.4,330
1781251345000,56196.0,56196.0,56191.4,56191.4,540
1781251350000,56195.0,56195.0,56194.4,56194.4,150
1781251355000,56196.4,56199.8,56196.4,56196.4,1170
1781251360000,56199.8,56200.0,56199.8,56199.8,2520
1781251365000,56200.0,56200.0,56199.8,56199.8,1380
1781251370000,56199.8,56200.0,56199.8,56200.0,360
1781251375000,56200.0,56200.0,56199.0,56199.0,780
1781251380000,56196.4,56204.8,56196.4,56204.8,1020
1781251385000,56219.0,56220.0,56214.0,56214.2,1050
1781251390000,56220.0,56223.8,56219.2,56219.2,720
1781251395000,56219.2,56221.6,56214.2,56214.2,870
1781251400000,56221.0,56221.0,56210.0,56210.0,810
1781251405000,56202.2,56210.0,56195.0,56195.0,300
1781251410000,56210.0,56210.0,56210.0,56210.0,60
1781251415000,56203.2,56210.0,56203.0,56210.0,330
1781251420000,56210.0,56210.0,56210.0,56210.0,210
1781251425000,56210.0,56220.0,56210.0,56220.0,7680
1781251430000,56220.0,56224.0,56220.0,56224.0,1230
1781251435000,56230.4,56230.4,56210.0,56226.6,1500
1781251440000,56220.0,56220.0,56210.0,56210.0,870
1781251445000,56210.0,56220.0,56210.0,56220.0,240
1781251450000,56220.0,56223.8,56220.0,56223.8,420
1781251455000,56214.6,56220.0,56214.6,56220.0,450
1781251460000,56225.0,56225.0,56220.0,56220.0,630
1781251465000,56220.0,56225.0,56220.0,56220.0,150
1781251470000,56225.0,56230.0,56225.0,56230.0,300
1781251475000,56230.0,56239.0,56230.0,56239.0,1080
1781251480000,56240.0,56240.0,56235.0,56235.0,360
1781251485000,56237.8,56237.8,56230.0,56235.0,960
1781251490000,56234.2,56234.2,56230.0,56230.0,1470
1781251495000,56225.2,56230.0,56219.8,56230.0,1230
1781251500000,56234.2,56234.2,56231.0,56231.0,630
1781251505000,56230.0,56232.8,56230.0,56230.0,750
1781251510000,56230.0,56230.0,56219.6,56219.6,60
1781251515000,56216.0,56221.0,56216.0,56221.0,150
1781251520000,56215.2,56215.2,56203.6,56203.6,840
1781251525000,56215.6,56215.6,56202.6,56202.6,210
1781251530000,56219.6,56219.6,56204.6,56204.6,240
1781251535000,56208.0,56208.0,56208.0,56208.0,120
1781251540000,56207.4,56215.0,56207.4,56207.4,300
1781251545000,56215.0,56220.0,56215.0,56220.0,210
1781251550000,56230.0,56230.0,56230.0,56230.0,180
1781251555000,56230.0,56232.8,56230.0,56232.0,630
1781251560000,56230.0,56235.0,56230.0,56235.0,450
1781251565000,56238.0,56238.0,56235.0,56235.0,150
1781251570000,56235.0,56235.0,56235.0,56235.0,570
1781251575000,56240.4,56243.0,56240.4,56243.0,300
1781251580000,56242.4,56244.4,56242.4,56244.0,1470
1781251585000,56240.4,56246.0,56240.4,56246.0,600
1781251590000,56249.0,56249.0,56249.0,56249.0,360
1781251595000,56249.0,56250.0,56249.0,56250.0,660
1781251600000,56250.0,56250.0,56249.0,56249.8,840
1781251605000,56250.0,56250.0,56249.8,56250.0,810
1781251610000,56250.0,56250.0,56249.8,56250.0,1710
1781251615000,56249.2,56251.0,56249.2,56249.6,1590
1781251620000,56253.0,56258.0,56253.0,56258.0,660
1781251625000,56257.8,56257.8,56257.8,56257.8,120
1781251630000,56258.0,56264.8,56258.0,56264.8,1170
1781251635000,56270.0,56275.0,56270.0,56274.2,2040
1781251640000,56276.0,56276.0,56271.2,56275.0,330
1781251645000,56270.2,56276.0,56270.2,56271.6,420
1781251650000,56275.0,56275.0,56270.2,56270.2,540
1781251655000,56271.4,56275.0,56270.0,56275.0,240
1781251660000,56275.0,56278.8,56275.0,56275.0,540
1781251665000,56279.8,56280.0,56279.8,56280.0,240
1781251670000,56284.0,56285.0,56279.6,56284.8,300
1781251675000,56290.0,56290.0,56284.0,56290.0,1170
1781251680000,56280.0,56280.0,56278.6,56278.6,420
1781251685000,56280.6,56291.0,56280.6,56291.0,660
1781251690000,56286.2,56294.0,56286.2,56294.0,330
1781251695000,56294.0,56294.0,56289.8,56294.0,360
1781251700000,56285.0,56290.0,56283.0,56290.0,1230
1781251705000,56294.0,56294.0,56290.0,56290.0,240
1781251710000,56290.0,56294.4,56290.0,56290.0,3000
1781251715000,56293.0,56293.0,56280.0,56280.0,360
1781251720000,56288.2,56288.2,56278.0,56278.0,660
1781251725000,56277.0,56285.6,56270.2,56270.2,150
1781251730000,56284.8,56284.8,56270.0,56270.0,360
1781251735000,56266.6,56270.0,56266.6,56270.0,150
1781251740000,56270.0,56284.8,56270.0,56280.0,420
1781251745000,56285.0,56288.0,56285.0,56288.0,330
1781251750000,56285.6,56290.0,56284.8,56284.8,240
1781251755000,56288.2,56294.0,56284.8,56294.0,750
1781251760000,56284.8,56295.0,56284.8,56295.0,240
1781251765000,56295.0,56298.0,56295.0,56298.0,390
1781251770000,56298.0,56298.0,56298.0,56298.0,480
1781251775000,56298.0,56299.0,56298.0,56298.0,1800
1781251780000,56300.0,56300.0,56290.0,56300.0,1020
1781251785000,56300.0,56307.0,56300.0,56307.0,2190
1781251790000,56300.0,56310.0,56300.0,56300.0,210
1781251795000,56300.0,56300.0,56300.0,56300.0,30
1781251800000,56315.0,56321.0,56310.0,56320.0,2010
1781251805000,56320.0,56325.0,56320.0,56325.0,150
1781251810000,56315.0,56325.0,56315.0,56325.0,270
1781251815000,56328.0,56330.0,56320.0,56320.0,420
1781251820000,56330.0,56333.0,56330.0,56333.0,270
1781251825000,56336.0,56339.0,56336.0,56339.0,1050
1781251830000,56340.0,56340.0,56330.0,56333.0,570
1781251835000,56349.0,56350.0,56340.0,56350.0,1350
1781251840000,56350.0,56355.0,56350.0,56355.0,1320
1781251845000,56357.0,56362.0,56355.0,56362.0,330
1781251850000,56370.0,56370.0,56370.0,56370.0,330
1781251855000,56367.2,56372.2,56367.2,56372.2,180
1781251860000,56375.0,56375.0,56370.2,56375.0,870
1781251865000,56391.0,56399.8,56390.0,56390.0,3780
1781251870000,56390.0,56400.0,56390.0,56400.0,5100
1781251875000,56394.2,56394.2,56390.0,56390.0,480
1781251880000,56390.0,56390.0,56380.0,56380.0,4170
1781251885000,56370.2,56370.2,56355.0,56355.0,240
1781251890000,56357.4,56360.0,56350.0,56360.0,1440
1781251895000,56351.4,56352.6,56340.0,56340.0,1530
1781251900000,56350.0,56355.0,56350.0,56351.6,240
1781251905000,56351.6,56355.0,56340.0,56355.0,150
1781251910000,56360.0,56360.0,56347.0,56347.0,750
1781251915000,56360.0,56360.0,56360.0,56360.0,60
1781251920000,56360.0,56360.0,56350.0,56350.0,150
1781251925000,56359.8,56359.8,56341.6,56341.6,180
1781251930000,56350.0,56350.0,56342.4,56342.4,300
1781251935000,56347.6,56347.6,56347.2,56347.2,120
1781251940000,56342.0,56350.4,56340.4,56340.4,180
1781251945000,56342.0,56342.0,56320.0,56320.0,330
1781251950000,56319.8,56336.4,56319.8,56336.4,210
1781251955000,56324.8,56333.0,56324.8,56324.8,240
1781251960000,56323.4,56323.4,56322.4,56322.4,150
1781251965000,56325.0,56325.0,56320.0,56320.0,90
1781251970000,56320.0,56324.8,56320.0,56324.8,90
1781251975000,56330.0,56337.8,56330.0,56335.0,180
1781251980000,56318.4,56330.0,56317.6,56317.6,600
1781251985000,56318.2,56330.0,56318.2,56330.0,270
1781251990000,56335.0,56335.0,56322.4,56322.4,330
1781251995000,56335.0,56338.0,56335.0,56338.0,240
1781252000000,56340.0,56345.0,56338.0,56338.0,360
1781252005000,56340.4,56340.4,56333.4,56333.4,120
1781252010000,56330.0,56347.8,56330.0,56347.8,180
1781252015000,56348.0,56348.0,56340.0,56340.0,90
1781252020000,56350.0,56350.0,56350.0,56350.0,120
1781252025000,56350.0,56350.0,56342.6,56350.0,240
1781252030000,56340.0,56350.0,56340.0,56350.0,210
1781252035000,56335.2,56350.0,56335.2,56335.2,180
1781252040000,56340.0,56340.0,56340.0,56340.0,30
1781252045000,56349.0,56349.0,56335.4,56335.4,180
1781252050000,56349.0,56351.0,56349.0,56351.0,630
1781252055000,56349.0,56350.0,56349.0,56350.0,180
1781252060000,56350.8,56350.8,56350.8,56350.8,150
1781252065000,56350.8,56350.8,56350.8,56350.8,30
1781252070000,56350.8,56360.0,56350.8,56360.0,270
1781252075000,56350.8,56360.0,56350.8,56360.0,240
1781252080000,56360.0,56369.0,56360.0,56360.0,210
1781252085000,56360.0,56374.0,56360.0,56365.0,270
1781252090000,56370.0,56375.0,56370.0,56375.0,210
1781252095000,56370.0,56379.6,56370.0,56375.0,180
1781252100000,56379.8,56379.8,56376.0,56376.0,210
1781252105000,56380.0,56384.0,56380.0,56383.8,210
1781252110000,56385.0,56385.0,56383.8,56383.8,360
1781252115000,56384.0,56388.0,56384.0,56388.0,210
1781252120000,56385.6,56385.6,56375.0,56375.0,780
1781252125000,56377.4,56377.4,56375.0,56375.0,180
1781252130000,56385.0,56385.0,56368.8,56368.8,960
1781252135000,56360.6,56360.6,56350.0,56350.0,1020
1781252140000,56357.4,56357.4,56349.0,56349.0,990
1781252145000,56348.2,56348.2,56340.4,56341.0,840
1781252155000,56341.0,56341.0,56341.0,56341.0,90
1781252160000,56350.0,56360.0,56350.0,56360.0,330
1781252165000,56375.8,56376.6,56375.0,56376.6,270
1781252170000,56375.0,56380.0,56375.0,56380.0,390
1781252175000,56375.0,56375.0,56375.0,56375.0,300
1781252180000,56382.8,56382.8,56380.0,56382.8,90
1781252185000,56380.0,56380.0,56380.0,56380.0,1290
1781252190000,56375.0,56375.0,56375.0,56375.0,390
1781252195000,56390.0,56390.0,56390.0,56390.0,630
1781252200000,56390.0,56390.0,56390.0,56390.0,60
1781252205000,56380.0,56390.0,56380.0,56380.0,150
1781252210000,56390.0,56399.0,56390.0,56390.2,180
1781252215000,56390.2,56390.2,56390.2,56390.2,180
1781252220000,56390.2,56390.2,56380.6,56380.6,210
1781252225000,56380.0,56380.0,56380.0,56380.0,60
1781252230000,56380.0,56380.0,56370.2,56380.0,390
1781252235000,56378.0,56390.0,56374.4,56390.0,330
1781252240000,56379.8,56399.0,56379.8,56399.0,180
1781252245000,56399.8,56399.8,56385.0,56385.0,120
1781252250000,56400.0,56400.0,56399.0,56399.0,1710
1781252255000,56401.0,56412.0,56401.0,56412.0,570
1781252260000,56415.0,56415.0,56412.2,56412.2,120
1781252265000,56420.0,56432.0,56420.0,56420.0,2220
1781252270000,56420.0,56425.0,56420.0,56425.0,330
1781252275000,56432.0,56435.0,56432.0,56435.0,180
1781252280000,56437.0,56441.0,56420.0,56425.0,1440
1781252285000,56439.8,56439.8,56439.0,56439.0,120
1781252290000,56420.6,56439.8,56420.6,56439.8,180
1781252295000,56420.0,56439.6,56420.0,56420.0,210
1781252300000,56438.0,56439.0,56420.0,56439.0,270
1781252305000,56420.0,56440.0,56420.0,56440.0,780
1781252310000,56443.0,56444.0,56421.0,56440.0,300
1781252315000,56438.8,56438.8,56438.4,56438.4,150
1781252320000,56436.8,56436.8,56436.8,56436.8,90
1781252325000,56421.0,56436.0,56420.0,56420.2,330
1781252330000,56420.0,56430.0,56420.0,56430.0,1260
1781252335000,56420.0,56438.6,56420.0,56438.6,270
1781252340000,56438.6,56438.6,56438.6,56438.6,30
1781252345000,56438.0,56440.0,56433.8,56433.8,360
1781252350000,56441.0,56442.8,56441.0,56442.8,180
1781252355000,56443.0,56444.0,56443.0,56444.0,330
1781252360000,56441.4,56448.0,56441.4,56448.0,990
1781252365000,56448.0,56450.0,56448.0,56450.0,2220
1781252370000,56448.0,56450.0,56448.0,56450.0,420
1781252375000,56447.0,56450.0,56447.0,56449.8,630
1781252380000,56447.0,56450.0,56447.0,56447.0,240
1781252385000,56447.0,56450.0,56445.2,56447.0,450
1781252390000,56440.0,56440.0,56427.0,56427.0,300
1781252395000,56422.4,56427.0,56422.4,56427.0,210
1781252400000,56426.8,56426.8,56420.0,56420.0,360
1781252405000,56422.4,56448.8,56422.4,56448.8,330
1781252410000,56422.4,56425.0,56422.4,56425.0,330
1781252415000,56431.4,56431.4,56431.0,56431.0,150
1781252420000,56422.4,56422.4,56401.4,56401.4,1260
1781252425000,56422.0,56422.0,56400.0,56400.0,150
1781252430000,56400.0,56419.8,56400.0,56410.0,270
1781252435000,56400.0,56400.0,56400.0,56400.0,240
1781252440000,56410.0,56410.0,56400.0,56410.0,450
1781252445000,56400.0,56400.0,56389.8,56389.8,600
1781252450000,56382.0,56400.0,56381.0,56381.0,210
1781252455000,56400.0,56400.0,56390.0,56390.0,90
1781252460000,56390.0,56400.0,56385.0,56400.0,690
1781252465000,56380.0,56380.0,56380.0,56380.0,360
1781252470000,56380.0,56400.0,56376.0,56376.0,330
1781252475000,56375.0,56375.0,56370.0,56370.0,270
1781252480000,56367.4,56380.0,56367.4,56380.0,90
1781252485000,56377.0,56397.6,56377.0,56397.6,120
1781252490000,56400.0,56400.0,56381.4,56381.4,210
1781252495000,56400.0,56400.0,56385.2,56391.8,120
1781252500000,56400.0,56400.0,56400.0,56400.0,150
1781252505000,56385.2,56400.0,56385.2,56400.0,210
1781252510000,56388.0,56388.0,56388.0,56388.0,90
1781252515000,56400.0,56410.0,56395.0,56410.0,690
1781252520000,56412.4,56412.4,56410.2,56410.2,540
1781252525000,56430.0,56430.0,56430.0,56430.0,60
1781252530000,56430.0,56430.0,56412.4,56412.4,450
1781252535000,56426.0,56426.0,56426.0,56426.0,30
1781252540000,56430.0,56430.0,56430.0,56430.0,180
1781252545000,56426.0,56430.0,56426.0,56430.0,150
1781252550000,56418.8,56439.8,56418.8,56439.8,150
1781252555000,56440.0,56445.0,56440.0,56445.0,120
1781252560000,56430.0,56448.0,56430.0,56430.0,180
1781252565000,56448.0,56448.0,56430.0,56447.8,90
1781252570000,56448.0,56449.8,56448.0,56449.8,240
1781252575000,56449.8,56449.8,56430.0,56430.0,120
1781252580000,56447.0,56447.0,56447.0,56447.0,90
1781252585000,56430.0,56447.6,56430.0,56430.0,330
1781252590000,56440.0,56440.0,56440.0,56440.0,270
1781252595000,56449.8,56449.8,56447.6,56447.6,300
1781252600000,56449.8,56449.8,56449.8,56449.8,30
1781252605000,56444.2,56444.2,56444.2,56444.2,30
1781252610000,56447.6,56449.8,56444.4,56444.4,180
1781252615000,56442.0,56442.0,56442.0,56442.0,120
1781252620000,56442.2,56442.2,56440.0,56440.0,330
1781252625000,56440.0,56440.2,56440.0,56440.0,600
1781252630000,56447.8,56447.8,56440.0,56447.6,180
1781252635000,56440.0,56442.6,56440.0,56442.6,240
1781252640000,56441.8,56441.8,56441.8,56441.8,60
1781252645000,56440.0,56440.0,56440.0,56440.0,540
1781252650000,56442.2,56442.2,56440.0,56440.0,210
1781252655000,56440.0,56444.0,56440.0,56444.0,90
1781252660000,56440.0,56442.2,56440.0,56440.0,180
1781252665000,56440.0,56440.0,56423.6,56437.0,420
1781252670000,56420.0,56420.0,56410.0,56410.0,330
1781252675000,56410.0,56410.0,56410.0,56410.0,30
1781252680000,56419.0,56440.0,56419.0,56419.0,630
1781252685000,56413.8,56420.0,56410.8,56410.8,420
1781252690000,56434.2,56434.2,56434.2,56434.2,30
1781252695000,56410.8,56433.0,56410.8,56433.0,90
1781252700000,56433.8,56433.8,56433.8,56433.8,30
1781252705000,56432.8,56432.8,56420.0,56420.0,180
1781252710000,56432.6,56432.6,56432.6,56432.6,60
1781252715000,56420.4,56420.4,56420.4,56420.4,90
1781252720000,56430.0,56430.0,56420.0,56420.0,360
1781252725000,56420.0,56426.8,56420.0,56420.0,270
1781252730000,56409.6,56409.6,56400.0,56400.0,690
1781252735000,56391.8,56409.6,56391.8,56409.6,60
1781252740000,56430.0,56430.0,56409.0,56409.0,120
1781252745000,56401.2,56430.0,56401.2,56430.0,240
1781252750000,56410.0,56410.0,56410.0,56410.0,60
1781252755000,56400.6,56400.6,56400.6,56400.6,60
1781252765000,56401.0,56401.0,56401.0,56401.0,60
1781252770000,56401.2,56409.0,56401.2,56409.0,60
1781252775000,56420.0,56420.0,56420.0,56420.0,30
1781252780000,56420.0,56420.0,56420.0,56420.0,30
1781252785000,56426.8,56426.8,56401.0,56402.2,150
1781252795000,56402.2,56402.2,56402.2,56402.2,120
1781252800000,56426.8,56426.8,56412.6,56412.6,300
1781252805000,56426.8,56426.8,56415.0,56415.0,90
1781252810000,56426.8,56426.8,56411.0,56411.0,150
1781252815000,56426.8,56426.8,56414.4,56426.8,510
1781252820000,56426.8,56426.8,56414.4,56414.4,120
1781252825000,56425.0,56425.0,56425.0,56425.0,60
1781252830000,56426.0,56426.8,56426.0,56426.8,360
1781252835000,56425.0,56425.0,56425.0,56425.0,120
1781252840000,56430.0,56430.0,56430.0,56430.0,330
1781252845000,56425.0,56425.0,56425.0,56425.0,60
1781252850000,56430.0,56434.2,56430.0,56434.2,120
1781252855000,56435.0,56440.0,56435.0,56440.0,210
1781252860000,56442.0,56464.0,56442.0,56464.0,3510
1781252865000,56484.0,56487.0,56484.0,56487.0,1710
1781252870000,56487.2,56488.0,56460.6,56460.6,660
1781252875000,56489.4,56489.4,56465.0,56465.0,300
1781252880000,56487.0,56487.0,56463.0,56463.0,210
1781252885000,56465.0,56481.8,56465.0,56481.8,150
1781252890000,56485.2,56485.2,56460.4,56484.8,1050
1781252895000,56481.6,56485.2,56481.6,56485.2,300
1781252900000,56492.0,56492.0,56451.6,56451.6,2250
1781252905000,56466.6,56466.6,56466.6,56466.6,30
1781252910000,56460.0,56460.0,56460.0,56460.0,30
1781252915000,56460.0,56474.0,56455.0,56474.0,510
1781252920000,56450.0,56475.8,56450.0,56475.8,390
1781252925000,56450.2,56469.6,56450.2,56469.6,360
1781252930000,56461.0,56461.0,56461.0,56461.0,60
1781252935000,56460.0,56478.8,56460.0,56478.8,840
1781252940000,56456.4,56456.4,56456.4,56456.4,30
1781252945000,56460.0,56460.0,56460.0,56460.0,30
1781252950000,56483.4,56483.4,56483.4,56483.4,600
1781252955000,56460.0,56460.0,56459.0,56459.0,570
1781252960000,56459.0,56459.0,56459.0,56459.0,780
1781252965000,56467.6,56467.6,56467.6,56467.6,570
1781252970000,56466.0,56466.0,56466.0,56466.0,780
1781252975000,56470.0,56470.0,56462.0,56462.0,90
1781252980000,56460.0,56460.0,56460.0,56460.0,660
1781252985000,56456.0,56456.0,56455.0,56455.4,420
1781252990000,56455.0,56459.8,56455.0,56459.8,60
1781252995000,56455.0,56455.0,56455.0,56455.0,570
1781253000000,56455.0,56460.0,56455.0,56460.0,810
1781253005000,56460.0,56460.0,56460.0,56460.0,120
1781253010000,56460.0,56460.0,56460.0,56460.0,90
1781253015000,56460.0,56460.0,56455.2,56455.2,120
1781253020000,56455.2,56456.2,56455.2,56456.2,240
1781253025000,56460.0,56460.0,56460.0,56460.0,270
1781253030000,56462.0,56470.0,56462.0,56470.0,270
1781253040000,56465.0,56480.0,56465.0,56480.0,210
1781253045000,56466.0,56466.0,56466.0,56466.0,30
1781253050000,56479.0,56479.0,56479.0,56479.0,30
1781253055000,56466.0,56475.0,56466.0,56475.0,150
1781253060000,56479.0,56479.0,56479.0,56479.0,30
1781253070000,56466.2,56479.0,56466.2,56466.2,120
1781253075000,56466.2,56479.0,56466.2,56472.6,90
1781253080000,56480.0,56480.0,56480.0,56480.0,420
1781253085000,56480.0,56480.0,56480.0,56480.0,270
1781253090000,56482.0,56485.0,56466.2,56485.0,510
1781253095000,56496.0,56496.0,56486.0,56486.0,510
1781253100000,56485.0,56485.0,56460.2,56460.2,930
1781253105000,56460.0,56474.6,56460.0,56473.0,420
1781253110000,56471.4,56471.4,56471.4,56471.4,30
1781253115000,56461.0,56461.0,56461.0,56461.0,30
1781253120000,56466.0,56466.0,56460.0,56460.0,870
1781253125000,56464.0,56464.0,56462.4,56462.4,840
1781253135000,56471.2,56471.2,56471.2,56471.2,30
1781253140000,56471.2,56471.2,56455.0,56455.0,60
1781253145000,56471.2,56471.2,56455.0,56471.2,330
1781253155000,56455.0,56455.0,56455.0,56455.0,30
1781253165000,56455.0,56455.0,56455.0,56455.0,60
1781253175000,56455.0,56455.0,56455.0,56455.0,120
1781253180000,56455.0,56470.0,56451.0,56470.0,210
1781253185000,56455.0,56455.0,56455.0,56455.0,330
1781253190000,56470.0,56470.0,56470.0,56470.0,60
1781253195000,56470.0,56470.0,56470.0,56470.0,1200
1781253200000,56460.0,56460.0,56460.0,56460.0,30
1781253205000,56450.8,56450.8,56450.8,56450.8,240
1781253210000,56465.8,56465.8,56450.0,56450.0,120
1781253220000,56450.0,56450.0,56450.0,56450.0,150
1781253225000,56445.0,56465.0,56445.0,56465.0,60
1781253230000,56445.0,56445.2,56445.0,56445.2,120
1781253235000,56445.0,56445.2,56445.0,56445.2,90
1781253240000,56459.6,56459.6,56459.6,56459.6,30
1781253245000,56445.0,56445.0,56445.0,56445.0,180
1781253250000,56446.0,56450.0,56446.0,56450.0,90
1781253255000,56445.6,56459.8,56445.0,56459.8,150
1781253260000,56445.4,56460.0,56445.0,56460.0,150
1781253265000,56461.0,56461.0,56445.0,56445.0,60
1781253270000,56450.0,56450.0,56450.0,56450.0,30
1781253275000,56446.0,56446.0,56445.0,56445.0,90
1781253280000,56459.8,56470.2,56459.8,56470.2,4260
1781253285000,56471.2,56471.2,56470.0,56470.0,60
1781253290000,56478.8,56479.0,56478.8,56479.0,210
1781253295000,56480.0,56480.0,56480.0,56480.0,6120
1781253300000,56485.0,56490.0,56485.0,56490.0,120
1781253305000,56475.0,56490.0,56475.0,56490.0,270
1781253310000,56500.0,56500.0,56500.0,56500.0,5970
1781253315000,56510.0,56511.0,56505.2,56505.2,270
1781253320000,56515.0,56516.2,56500.0,56515.0,1110
1781253325000,56514.2,56515.0,56487.0,56500.0,450
1781253330000,56505.6,56505.6,56500.2,56505.0,420
1781253335000,56509.4,56509.4,56500.2,56505.0,1200
1781253345000,56504.4,56504.4,56491.6,56500.2,300
1781253350000,56500.0,56500.0,56487.0,56487.0,240
1781253355000,56475.0,56475.6,56470.0,56475.6,1320
1781253360000,56470.0,56474.2,56470.0,56474.2,1200
1781253365000,56470.0,56471.0,56470.0,56470.0,300
1781253370000,56475.0,56476.8,56475.0,56476.8,150
1781253375000,56480.8,56480.8,56470.0,56470.0,660
1781253380000,56470.0,56470.0,56470.0,56470.0,150
1781253385000,56470.0,56480.0,56470.0,56480.0,930
1781253390000,56480.8,56480.8,56470.0,56470.0,180
1781253395000,56480.0,56480.0,56480.0,56480.0,30
1781253400000,56470.0,56470.0,56470.0,56470.0,120
1781253405000,56478.0,56478.0,56470.0,56470.0,60
1781253410000,56480.0,56480.0,56480.0,56480.0,600
1781253415000,56483.8,56483.8,56480.0,56480.8,90
1781253420000,56480.0,56480.0,56480.0,56480.0,660
1781253425000,56480.0,56480.8,56480.0,56480.8,450
1781253430000,56480.0,56480.0,56480.0,56480.0,360
1781253435000,56475.0,56480.0,56475.0,56480.0,300
1781253440000,56480.0,56480.0,56460.8,56460.8,540
1781253445000,56480.0,56480.0,56480.0,56480.0,90
1781253450000,56460.8,56460.8,56460.8,56460.8,60
1781253455000,56480.0,56480.0,56480.0,56480.0,90
1781253460000,56480.0,56481.0,56480.0,56480.0,150
1781253465000,56485.0,56485.0,56485.0,56485.0,30
1781253470000,56484.0,56485.0,56481.0,56481.0,120
1781253475000,56485.0,56485.0,56485.0,56485.0,90
1781253490000,56480.2,56488.0,56480.2,56488.0,210
1781253500000,56484.0,56484.0,56484.0,56484.0,30
1781253505000,56485.0,56485.0,56485.0,56485.0,120
1781253510000,56485.0,56485.0,56480.2,56480.2,840
1781253515000,56485.0,56485.0,56480.2,56480.2,120
1781253520000,56483.8,56485.4,56483.8,56485.4,180
1781253525000,56480.2,56480.2,56480.2,56480.2,60
1781253530000,56495.0,56495.0,56490.0,56490.0,1110
1781253535000,56490.0,56497.4,56490.0,56497.4,60
1781253540000,56490.0,56490.0,56490.0,56490.0,660
1781253545000,56495.4,56495.4,56495.4,56495.4,30
1781253550000,56498.0,56498.0,56480.2,56480.2,150
1781253555000,56486.2,56486.2,56480.2,56480.2,270
1781253560000,56485.2,56485.2,56480.2,56480.2,360
1781253565000,56480.2,56480.2,56480.2,56480.2,450
1781253570000,56482.6,56482.6,56480.2,56480.2,150
1781253575000,56481.4,56481.4,56480.2,56480.2,150
1781253580000,56480.2,56489.4,56480.2,56489.4,210
1781253585000,56492.0,56492.0,56492.0,56492.0,30
1781253590000,56500.0,56500.0,56500.0,56500.0,2490
1781253595000,56500.0,56500.0,56492.0,56492.0,1650
1781253600000,56496.8,56496.8,56480.0,56480.0,180
1781253605000,56480.0,56480.0,56480.0,56480.0,60
1781253610000,56480.0,56480.0,56480.0,56480.0,30
1781253615000,56480.0,56480.0,56480.0,56480.0,240
1781253620000,56480.0,56480.0,56469.0,56469.0,510
1781253625000,56465.2,56487.0,56465.2,56487.0,90
1781253630000,56465.0,56465.0,56465.0,56465.0,30
1781253635000,56465.0,56465.0,56460.8,56460.8,210
1781253640000,56460.8,56460.8,56460.8,56460.8,60
1781253645000,56460.0,56460.8,56453.0,56453.0,570
1781253650000,56460.8,56460.8,56418.6,56418.6,1470
1781253655000,56412.0,56430.0,56412.0,56417.2,480
1781253660000,56415.6,56440.0,56415.6,56440.0,240
1781253665000,56430.2,56448.0,56430.2,56448.0,870
1781253670000,56437.0,56440.0,56437.0,56440.0,480
1781253675000,56440.2,56447.2,56440.2,56447.2,1050
1781253680000,56451.0,56468.0,56451.0,56468.0,90
1781253685000,56475.0,56475.0,56475.0,56475.0,150
1781253690000,56479.0,56479.2,56477.8,56477.8,210
1781253695000,56480.0,56480.0,56477.8,56477.8,360
1781253705000,56499.0,56499.0,56475.0,56475.0,360
1781253710000,56475.0,56475.0,56475.0,56475.0,30
1781253715000,56461.8,56475.0,56461.8,56475.0,270
1781253720000,56475.0,56475.0,56470.0,56470.0,120
1781253725000,56493.6,56493.6,56472.0,56472.0,450
1781253735000,56499.0,56499.0,56499.0,56499.0,30
1781253740000,56499.0,56499.0,56480.6,56480.6,120
1781253745000,56499.0,56500.0,56499.0,56499.0,390
1781253750000,56485.8,56485.8,56485.8,56485.8,90
1781253755000,56500.0,56500.0,56500.0,56500.0,150
1781253760000,56500.0,56500.0,56489.6,56490.0,210
1781253765000,56500.0,56500.0,56500.0,56500.0,90
1781253770000,56489.6,56500.0,56489.6,56500.0,240
1781253775000,56490.0,56490.0,56490.0,56490.0,30
1781253780000,56500.0,56500.0,56500.0,56500.0,90
1781253785000,56499.0,56500.0,56499.0,56500.0,210
1781253790000,56500.0,56500.0,56500.0,56500.0,480
1781253795000,56499.8,56499.8,56499.8,56499.8,150
1781253800000,56500.0,56500.0,56500.0,56500.0,30
1781253805000,56499.8,56510.0,56488.8,56488.8,360
1781253810000,56500.0,56509.8,56500.0,56509.8,90
1781253815000,56509.8,56509.8,56500.4,56505.0,390
1781253820000,56510.0,56515.0,56509.8,56515.0,960
1781253825000,56510.0,56515.0,56510.0,56515.0,540
1781253830000,56515.0,56519.0,56515.0,56515.0,150
1781253835000,56520.0,56525.0,56520.0,56525.0,390
1781253840000,56525.0,56531.8,56525.0,56531.8,1470
1781253845000,56533.0,56548.0,56533.0,56542.0,780
1781253850000,56548.8,56550.0,56548.8,56550.0,900
1781253855000,56555.0,56564.8,56555.0,56564.8,810
1781253860000,56565.0,56566.4,56563.0,56565.0,420
1781253865000,56565.0,56570.0,56565.0,56570.0,180
1781253870000,56570.0,56570.0,56565.0,56565.0,450
1781253875000,56570.0,56575.0,56570.0,56570.0,240
1781253880000,56576.4,56580.0,56560.0,56560.0,510
1781253885000,56578.2,56578.2,56565.0,56565.0,420
1781253890000,56565.0,56565.0,56565.0,56565.0,180
1781253895000,56565.0,56565.0,56565.0,56565.0,150
1781253900000,56555.0,56565.0,56555.0,56565.0,810
1781253905000,56560.0,56560.0,56560.0,56560.0,240
1781253910000,56556.0,56563.8,56556.0,56563.8,90
1781253915000,56570.0,56570.0,56562.2,56562.2,300
1781253920000,56575.0,56580.0,56575.0,56580.0,210
1781253925000,56580.0,56598.8,56580.0,56598.8,2580
1781253930000,56597.0,56597.0,56597.0,56597.0,30
1781253935000,56598.8,56598.8,56590.0,56590.0,150
1781253940000,56593.6,56593.6,56590.0,56590.0,180
1781253945000,56595.0,56595.0,56594.6,56594.6,120
1781253950000,56597.0,56597.0,56594.6,56594.6,780
1781253955000,56598.8,56599.0,56597.0,56597.0,630
1781253960000,56599.0,56599.0,56599.0,56599.0,420
1781253965000,56599.0,56599.8,56599.0,56599.8,240
1781253970000,56600.0,56600.0,56599.0,56599.0,1170
1781253975000,56600.0,56609.0,56600.0,56600.0,420
1781253980000,56606.4,56610.0,56606.4,56606.4,240
1781253985000,56610.6,56618.0,56600.0,56600.0,1440
1781253990000,56600.0,56602.8,56579.4,56579.4,1290
1781253995000,56599.4,56600.0,56579.6,56580.4,300
1781254000000,56582.0,56582.0,56580.0,56581.0,180
1781254005000,56580.6,56580.6,56580.0,56580.4,150
1781254010000,56580.4,56581.2,56580.4,56581.2,660
1781254015000,56588.0,56588.0,56588.0,56588.0,30
1781254020000,56587.6,56606.4,56587.6,56606.4,300
1781254025000,56607.0,56607.0,56600.0,56600.0,270
1781254030000,56608.4,56608.4,56608.4,56608.4,480
1781254035000,56607.4,56615.0,56607.4,56615.0,240
1781254040000,56615.0,56639.0,56615.0,56639.0,1380
1781254045000,56649.8,56650.0,56640.0,56647.0,1440
1781254050000,56640.0,56657.4,56640.0,56657.4,1290
1781254055000,56658.0,56658.0,56650.0,56654.4,240
1781254060000,56647.8,56647.8,56640.0,56640.0,1260
1781254065000,56618.0,56647.0,56618.0,56647.0,540
1781254070000,56647.0,56647.0,56642.8,56643.0,330
1781254075000,56641.0,56641.0,56620.0,56620.0,750
1781254080000,56644.8,56644.8,56620.0,56625.0,600
1781254085000,56632.8,56634.8,56626.0,56626.0,120
1781254090000,56626.0,56630.0,56625.0,56625.0,150
1781254095000,56626.0,56626.0,56625.0,56625.0,210
1781254100000,56625.0,56627.0,56625.0,56625.0,300
1781254105000,56625.0,56627.0,56625.0,56627.0,570
1781254110000,56631.0,56641.0,56631.0,56641.0,210
1781254115000,56640.2,56645.0,56640.2,56645.0,630
1781254120000,56643.8,56643.8,56632.4,56632.4,450
1781254125000,56645.6,56647.0,56645.6,56647.0,210
1781254130000,56645.6,56645.6,56645.6,56645.6,30
1781254135000,56650.0,56650.0,56650.0,56650.0,420
1781254140000,56650.0,56650.0,56650.0,56650.0,390
1781254145000,56660.0,56660.0,56629.8,56660.0,1380
1781254150000,56647.2,56660.0,56647.2,56660.0,90
1781254155000,56660.0,56660.0,56660.0,56660.0,1200
1781254160000,56660.0,56666.0,56660.0,56666.0,270
1781254165000,56650.0,56666.0,56650.0,56666.0,390
1781254170000,56650.4,56666.0,56650.4,56666.0,150
1781254175000,56666.0,56666.0,56666.0,56666.0,180
1781254180000,56670.0,56677.2,56670.0,56670.0,1260
1781254185000,56670.0,56670.4,56653.0,56670.4,210
1781254190000,56653.0,56669.8,56653.0,56669.8,150
1781254195000,56670.0,56670.0,56655.0,56655.0,240
1781254200000,56667.6,56671.2,56667.6,56671.2,240
1781254205000,56660.0,56669.8,56660.0,56669.8,270
1781254210000,56655.2,56671.8,56655.2,56668.6,180
1781254215000,56655.4,56660.0,56655.2,56660.0,360
1781254220000,56655.2,56655.2,56655.2,56655.2,540
1781254225000,56655.0,56655.0,56654.0,56654.0,1080
1781254230000,56655.0,56655.0,56651.4,56651.4,540
1781254235000,56655.0,56655.0,56655.0,56655.0,150
1781254240000,56655.0,56655.0,56650.0,56655.0,1200
1781254245000,56655.0,56655.0,56651.4,56651.4,60
1781254250000,56653.2,56653.2,56653.2,56653.2,30
1781254255000,56653.2,56653.2,56653.2,56653.2,90
1781254260000,56650.0,56650.0,56650.0,56650.0,330
1781254265000,56650.0,56650.0,56626.0,56626.0,270
1781254270000,56625.2,56650.0,56625.2,56650.0,90
1781254275000,56625.0,56625.0,56625.0,56625.0,90
1781254280000,56625.0,56625.0,56625.0,56625.0,30
1781254285000,56625.0,56655.0,56620.0,56620.0,1020
1781254290000,56620.4,56635.0,56620.4,56635.0,300
1781254295000,56627.4,56627.4,56625.6,56625.6,420
1781254300000,56645.0,56645.0,56625.4,56642.8,330
1781254305000,56626.2,56640.8,56626.2,56640.8,150
1781254310000,56649.0,56660.0,56649.0,56660.0,660
1781254315000,56647.6,56666.0,56647.6,56666.0,90
1781254320000,56654.8,56654.8,56654.8,56654.8,120
1781254325000,56666.0,56670.0,56666.0,56666.0,330
1781254330000,56666.0,56666.0,56666.0,56666.0,450
1781254335000,56659.0,56660.0,56659.0,56660.0,90
1781254340000,56666.0,56666.0,56659.0,56666.0,570
1781254345000,56680.0,56680.0,56655.0,56655.0,1560
1781254350000,56655.0,56655.0,56655.0,56655.0,1440
1781254355000,56655.0,56655.0,56655.0,56655.0,30
1781254360000,56665.0,56665.0,56665.0,56665.0,30
1781254365000,56665.0,56665.0,56655.0,56655.0,90
1781254370000,56665.0,56670.0,56665.0,56670.0,360
1781254375000,56670.0,56670.0,56665.0,56665.0,660
1781254380000,56669.2,56669.2,56650.0,56650.0,270
1781254385000,56650.0,56650.0,56650.0,56650.0,30
1781254390000,56650.0,56650.0,56630.0,56650.0,330
1781254395000,56640.0,56650.0,56640.0,56650.0,180
1781254400000,56666.0,56669.0,56650.0,56669.0,90
1781254405000,56669.0,56669.0,56650.0,56650.0,300
1781254410000,56648.6,56648.6,56648.6,56648.6,210
1781254415000,56650.0,56650.0,56650.0,56650.0,360
1781254420000,56669.0,56669.0,56651.2,56669.0,420
1781254425000,56650.0,56650.0,56645.8,56645.8,720
1781254430000,56644.2,56650.0,56644.2,56650.0,660
1781254435000,56636.8,56643.2,56636.8,56643.2,990
1781254440000,56650.0,56650.0,56643.0,56649.6,1050
1781254445000,56642.4,56645.8,56642.4,56645.8,630
1781254450000,56645.0,56650.0,56645.0,56648.6,810
1781254455000,56665.0,56665.0,56665.0,56665.0,60
1781254460000,56652.0,56668.8,56652.0,56668.8,60
1781254465000,56669.0,56670.0,56652.6,56670.0,330
1781254470000,56650.6,56650.6,56649.6,56649.6,2400
1781254475000,56649.6,56650.0,56649.6,56650.0,300
1781254480000,56650.0,56650.0,56650.0,56650.0,690
1781254485000,56650.0,56650.0,56650.0,56650.0,840
1781254490000,56650.0,56650.0,56650.0,56650.0,810
1781254495000,56649.8,56649.8,56642.4,56642.4,180
1781254500000,56650.0,56650.0,56650.0,56650.0,960
1781254505000,56650.0,56650.0,56650.0,56650.0,630
1781254510000,56650.0,56650.0,56650.0,56650.0,420
1781254515000,56650.0,56650.0,56650.0,56650.0,90
1781254520000,56650.0,56650.0,56642.4,56650.0,390
1781254525000,56641.6,56650.0,56628.8,56628.8,510
1781254530000,56630.0,56641.8,56628.8,56641.8,150
1781254535000,56642.4,56650.0,56642.4,56650.0,870
1781254540000,56650.0,56650.0,56650.0,56650.0,1320
1781254545000,56642.6,56650.0,56642.6,56650.0,120
1781254550000,56650.0,56650.0,56642.6,56642.6,210
1781254555000,56650.0,56650.0,56633.6,56633.6,1140
1781254560000,56641.8,56641.8,56641.8,56641.8,360
1781254565000,56641.8,56650.0,56641.8,56650.0,360
1781254570000,56633.6,56633.6,56633.6,56633.6,60
1781254575000,56641.0,56641.0,56633.6,56640.0,180
1781254580000,56640.0,56650.0,56639.4,56650.0,150
1781254585000,56642.8,56642.8,56642.8,56642.8,60
1781254590000,56650.0,56650.0,56650.0,56650.0,240
1781254595000,56642.8,56650.0,56633.6,56650.0,150
1781254600000,56627.2,56627.2,56627.2,56627.2,90
1781254605000,56625.0,56626.8,56622.8,56622.8,210
1781254610000,56650.0,56650.0,56650.0,56650.0,120
1781254615000,56650.0,56650.0,56623.6,56650.0,180
1781254625000,56643.8,56644.0,56638.0,56638.0,300
1781254630000,56644.0,56644.4,56644.0,56644.4,90
1781254635000,56650.0,56650.0,56645.4,56645.4,720
1781254640000,56650.0,56650.0,56650.0,56650.0,120
1781254645000,56642.0,56653.6,56642.0,56644.0,480
1781254650000,56650.0,56650.0,56650.0,56650.0,210
1781254655000,56648.2,56650.0,56648.2,56650.0,330
1781254660000,56650.0,56660.0,56650.0,56660.0,1230
1781254665000,56661.0,56667.4,56661.0,56667.4,360
1781254670000,56670.0,56673.0,56670.0,56673.0,330
1781254675000,56673.4,56675.0,56673.4,56675.0,630
1781254685000,56675.0,56679.0,56673.4,56679.0,330
1781254690000,56679.0,56679.0,56675.0,56675.0,90
1781254695000,56673.4,56673.4,56673.4,56673.4,120
1781254710000,56673.4,56673.4,56670.0,56670.0,60
1781254715000,56675.0,56679.0,56675.0,56679.0,90
1781254720000,56681.0,56688.0,56681.0,56688.0,450
1781254725000,56688.0,56689.0,56688.0,56689.0,390
1781254730000,56688.0,56690.0,56688.0,56690.0,660
1781254735000,56682.0,56690.0,56682.0,56690.0,270
1781254740000,56694.0,56695.0,56694.0,56695.0,120
1781254745000,56690.0,56697.0,56690.0,56697.0,360
1781254750000,56698.0,56699.0,56698.0,56699.0,270
1781254755000,56700.0,56700.0,56697.0,56699.6,1320
1781254760000,56700.0,56701.0,56700.0,56701.0,750
1781254765000,56706.0,56710.0,56706.0,56708.4,900
1781254770000,56710.0,56710.2,56708.0,56708.0,270
1781254775000,56711.0,56711.0,56711.0,56711.0,150
1781254780000,56706.2,56713.0,56706.2,56713.0,240
1781254785000,56704.0,56704.0,56704.0,56704.0,780
1781254790000,56704.0,56704.4,56700.0,56700.0,270
1781254795000,56701.6,56701.6,56690.0,56690.0,240
1781254800000,56700.0,56700.0,56700.0,56700.0,150
1781254805000,56690.4,56693.6,56690.4,56693.6,240
1781254810000,56690.0,56690.0,56690.0,56690.0,180
1781254815000,56690.0,56693.4,56690.0,56693.4,750
1781254820000,56689.6,56689.6,56689.6,56689.6,990
1781254825000,56694.0,56694.0,56689.8,56689.8,120
1781254830000,56689.8,56690.0,56689.8,56690.0,120
1781254835000,56694.0,56695.0,56689.8,56689.8,390
1781254840000,56694.0,56700.0,56694.0,56695.0,570
1781254845000,56704.0,56707.4,56704.0,56704.0,570
1781254850000,56700.0,56700.0,56700.0,56700.0,30
1781254855000,56700.0,56709.8,56700.0,56709.8,600
1781254860000,56709.8,56709.8,56709.8,56709.8,60
1781254865000,56709.8,56712.0,56700.0,56700.0,720
1781254870000,56713.8,56714.0,56713.8,56714.0,90
1781254875000,56714.0,56720.0,56714.0,56720.0,600
1781254880000,56720.0,56720.0,56717.0,56717.0,60
1781254885000,56720.0,56721.0,56720.0,56721.0,270
1781254890000,56720.0,56720.0,56720.0,56720.0,60
1781254895000,56730.0,56732.0,56721.0,56732.0,570
1781254900000,56732.0,56732.6,56724.6,56727.2,510
1781254905000,56717.0,56732.0,56717.0,56732.0,870
1781254910000,56727.6,56727.6,56724.0,56724.0,120
1781254915000,56720.0,56721.0,56720.0,56721.0,300
1781254920000,56719.8,56719.8,56700.0,56715.4,180
1781254925000,56700.0,56720.0,56700.0,56700.0,270
1781254930000,56715.0,56715.0,56700.0,56715.0,210
1781254935000,56700.0,56715.0,56700.0,56715.0,150
1781254940000,56700.2,56714.8,56700.2,56714.8,720
1781254945000,56710.0,56710.0,56710.0,56710.0,180
1781254950000,56710.0,56710.0,56710.0,56710.0,30
1781254955000,56701.0,56710.0,56701.0,56710.0,150
1781254960000,56700.0,56720.0,56700.0,56720.0,120
1781254965000,56710.0,56710.0,56710.0,56710.0,60
1781254970000,56710.0,56710.0,56710.0,56710.0,60
1781254975000,56710.0,56710.0,56710.0,56710.0,120
1781254980000,56700.0,56700.0,56700.0,56700.0,30
1781254985000,56710.0,56710.0,56710.0,56710.0,270
1781254990000,56710.0,56710.0,56710.0,56710.0,90
1781254995000,56720.0,56720.0,56720.0,56720.0,300
1781255000000,56710.0,56710.0,56701.0,56701.0,90
1781255005000,56700.0,56700.0,56700.0,56700.0,60
1781255010000,56700.0,56700.0,56700.0,56700.0,90
1781255015000,56700.0,56701.0,56700.0,56701.0,270
1781255020000,56701.0,56701.0,56700.0,56700.0,120
1781255025000,56700.0,56700.0,56700.0,56700.0,210
1781255030000,56722.8,56722.8,56720.0,56720.0,480
1781255035000,56700.0,56700.0,56700.0,56700.0,60
1781255040000,56700.0,56701.0,56700.0,56701.0,300
1781255045000,56701.0,56705.6,56700.0,56705.6,720
1781255050000,56702.0,56702.0,56702.0,56702.0,60
1781255055000,56700.0,56705.6,56700.0,56705.6,90
1781255060000,56700.0,56711.2,56700.0,56711.2,60
1781255065000,56716.6,56716.6,56713.8,56713.8,120
1781255070000,56700.0,56713.2,56700.0,56713.2,390
1781255075000,56700.0,56713.0,56700.0,56700.0,300
1781255080000,56713.6,56713.6,56711.0,56711.0,210
1781255085000,56700.0,56700.0,56700.0,56700.0,270
1781255090000,56700.0,56705.0,56700.0,56705.0,300
1781255095000,56713.6,56715.0,56713.6,56715.0,120
1781255100000,56713.6,56715.0,56705.0,56705.0,150
1781255105000,56705.0,56715.0,56705.0,56715.0,150
1781255115000,56715.0,56715.0,56715.0,56715.0,90
1781255120000,56714.6,56714.6,56705.0,56705.0,270
1781255125000,56705.0,56710.6,56705.0,56710.6,60
1781255130000,56705.0,56711.6,56705.0,56710.0,270
1781255135000,56710.0,56710.0,56700.0,56700.0,1380
1781255140000,56700.0,56700.0,56680.0,56680.0,1110
1781255145000,56695.8,56695.8,56680.0,56680.0,90
1781255150000,56674.6,56674.6,56660.0,56660.0,900
1781255155000,56650.0,56650.0,56643.8,56643.8,1050
1781255160000,56646.0,56663.6,56644.4,56663.2,1350
1781255165000,56674.6,56674.6,56674.6,56674.6,60
1781255170000,56670.0,56670.0,56649.2,56650.0,900
1781255175000,56649.2,56649.2,56649.2,56649.2,600
1781255180000,56625.0,56659.2,56625.0,56626.6,1260
1781255185000,56626.6,56627.2,56621.2,56621.2,270
1781255190000,56626.8,56655.0,56626.8,56655.0,240
1781255195000,56626.6,56636.2,56626.6,56636.2,180
1781255200000,56626.6,56636.0,56622.0,56622.0,390
1781255205000,56650.0,56650.0,56629.4,56629.4,390
1781255210000,56650.0,56650.0,56635.6,56635.6,510
1781255215000,56650.0,56650.0,56638.4,56650.0,330
1781255220000,56640.4,56640.4,56640.4,56640.4,60
1781255225000,56645.0,56649.2,56645.0,56649.2,90
1781255230000,56641.0,56641.0,56641.0,56641.0,90
1781255235000,56641.0,56641.0,56641.0,56641.0,90
1781255240000,56650.0,56660.0,56650.0,56660.0,630
1781255245000,56650.0,56656.0,56650.0,56656.0,120
1781255250000,56645.2,56655.0,56645.2,56655.0,360
1781255255000,56655.0,56655.0,56655.0,56655.0,390
1781255260000,56654.0,56654.0,56653.6,56653.6,180
1781255265000,56670.0,56670.0,56653.6,56653.6,90
1781255270000,56653.4,56653.4,56653.4,56653.4,60
1781255275000,56670.0,56670.0,56669.6,56669.6,210
1781255280000,56669.6,56674.8,56669.6,56674.8,60
1781255285000,56674.8,56674.8,56674.8,56674.8,90
1781255290000,56679.8,56698.4,56679.8,56679.8,570
1781255295000,56688.0,56695.4,56688.0,56690.6,210
1781255300000,56679.8,56679.8,56679.8,56679.8,30
1781255305000,56690.4,56690.4,56679.8,56690.2,210
1781255310000,56679.8,56679.8,56679.8,56679.8,30
1781255315000,56679.8,56697.8,56679.8,56697.8,150
1781255320000,56699.8,56699.8,56699.8,56699.8,570
1781255325000,56700.0,56700.0,56699.8,56699.8,540
1781255330000,56699.2,56699.2,56699.2,56699.2,90
1781255335000,56699.2,56699.2,56699.0,56699.0,240
1781255340000,56699.0,56699.0,56680.0,56680.0,450
1781255345000,56698.8,56699.0,56698.8,56699.0,240
1781255350000,56700.0,56700.0,56700.0,56700.0,210
1781255355000,56700.0,56700.0,56700.0,56700.0,420
1781255360000,56700.0,56700.0,56700.0,56700.0,660
1781255365000,56700.0,56710.0,56700.0,56710.0,570
1781255370000,56712.6,56712.6,56710.0,56710.0,120
1781255375000,56720.0,56720.0,56715.0,56715.0,120
1781255380000,56715.0,56720.0,56711.0,56720.0,300
1781255385000,56709.0,56720.0,56709.0,56720.0,90
1781255390000,56720.0,56720.0,56711.0,56711.0,210
1781255395000,56720.0,56724.0,56720.0,56724.0,330
1781255400000,56721.0,56730.0,56721.0,56730.0,540
1781255405000,56730.0,56730.0,56730.0,56730.0,360
1781255410000,56731.0,56731.0,56731.0,56731.0,60
1781255415000,56740.0,56740.0,56730.0,56740.0,570
1781255420000,56740.0,56740.0,56724.0,56724.0,390
1781255425000,56724.0,56724.0,56724.0,56724.0,90
1781255430000,56721.0,56739.6,56721.0,56739.6,330
1781255435000,56725.0,56730.0,56725.0,56725.0,240
1781255440000,56730.0,56730.0,56730.0,56730.0,180
1781255445000,56730.0,56738.0,56730.0,56738.0,240
1781255450000,56735.0,56735.0,56735.0,56735.0,30
1781255455000,56730.2,56740.0,56730.0,56740.0,150
1781255460000,56740.0,56740.0,56740.0,56740.0,270
1781255465000,56720.0,56720.0,56713.8,56713.8,240
1781255470000,56718.4,56718.4,56718.4,56718.4,60
1781255475000,56732.0,56740.0,56718.0,56740.0,300
1781255480000,56711.6,56711.6,56711.6,56711.6,90
1781255485000,56711.0,56717.4,56711.0,56717.4,150
1781255490000,56718.0,56718.0,56714.0,56714.0,120
1781255495000,56710.0,56714.0,56710.0,56714.0,240
1781255500000,56717.0,56719.8,56717.0,56719.8,150
1781255505000,56719.6,56719.6,56719.6,56719.6,90
1781255515000,56710.0,56719.8,56708.0,56719.8,270
1781255520000,56708.0,56708.0,56707.8,56707.8,120
1781255525000,56707.8,56719.8,56707.0,56719.8,120
1781255530000,56720.0,56720.0,56712.8,56719.8,120
1781255535000,56720.0,56720.0,56713.0,56720.0,210
1781255540000,56715.0,56715.0,56714.2,56714.2,90
1781255545000,56734.0,56734.0,56734.0,56734.0,60
1781255550000,56734.8,56734.8,56718.6,56718.6,90
1781255555000,56731.8,56732.0,56731.8,56732.0,90
1781255560000,56720.0,56735.0,56720.0,56735.0,150
1781255565000,56734.8,56735.0,56731.8,56735.0,120
1781255570000,56730.2,56730.2,56730.0,56730.0,90
1781255575000,56735.0,56740.0,56735.0,56740.0,630
1781255580000,56739.8,56740.0,56739.8,56740.0,120
1781255585000,56740.0,56740.0,56735.4,56735.4,450
1781255590000,56740.0,56740.0,56740.0,56740.0,60
1781255595000,56740.0,56740.0,56740.0,56740.0,390
1781255600000,56740.0,56740.0,56730.0,56730.0,120
1781255605000,56740.0,56748.0,56740.0,56748.0,600
1781255610000,56731.8,56731.8,56730.2,56730.2,240
1781255615000,56730.0,56748.0,56730.0,56748.0,240
1781255620000,56732.0,56732.0,56732.0,56732.0,30
1781255625000,56732.0,56748.0,56732.0,56748.0,240
1781255630000,56749.0,56750.0,56747.0,56747.0,690
1781255635000,56748.0,56748.0,56747.0,56748.0,270
1781255640000,56748.0,56748.0,56746.0,56746.0,210
1781255645000,56748.0,56748.0,56748.0,56748.0,180
1781255650000,56746.0,56749.0,56746.0,56749.0,120
1781255655000,56746.0,56750.0,56746.0,56750.0,210
1781255660000,56749.0,56749.0,56746.0,56746.0,180
1781255665000,56748.0,56748.0,56746.0,56746.0,210
1781255670000,56746.0,56747.2,56746.0,56747.2,300
1781255675000,56750.0,56750.0,56746.2,56746.2,570
1781255680000,56750.0,56750.0,56746.6,56746.6,360
1781255685000,56750.0,56754.0,56750.0,56754.0,1080
1781255690000,56770.0,56770.0,56767.0,56770.0,2460
1781255695000,56761.4,56770.0,56761.4,56770.0,240
1781255700000,56760.0,56770.0,56760.0,56760.0,480
1781255705000,56764.4,56765.4,56764.4,56765.0,300
1781255710000,56765.0,56770.0,56765.0,56765.0,210
1781255715000,56770.0,56770.0,56765.0,56765.0,330
1781255720000,56770.0,56770.0,56760.0,56765.0,420
1781255725000,56770.0,56770.0,56760.0,56770.0,360
1781255730000,56770.0,56770.0,56750.6,56770.0,450
1781255735000,56770.0,56770.4,56770.0,56770.4,480
1781255740000,56775.0,56775.0,56750.0,56770.0,390
1781255745000,56771.0,56775.0,56770.0,56775.0,510
1781255750000,56760.0,56775.0,56760.0,56770.4,360
1781255755000,56760.0,56760.0,56755.0,56755.0,180
1781255760000,56775.0,56775.0,56755.0,56755.0,330
1781255765000,56769.8,56770.0,56760.0,56770.0,360
1781255770000,56770.0,56770.0,56760.2,56770.0,390
1781255775000,56761.2,56775.0,56761.2,56770.0,330
1781255780000,56770.0,56777.0,56770.0,56777.0,180
1781255785000,56775.0,56780.0,56775.0,56780.0,480
1781255790000,56777.0,56788.8,56777.0,56788.8,540
1781255795000,56795.4,56800.0,56795.4,56800.0,2190
1781255800000,56800.0,56800.0,56796.8,56800.0,2700
1781255805000,56800.0,56808.0,56800.0,56805.0,690
1781255810000,56800.8,56810.0,56800.0,56810.0,390
1781255815000,56801.4,56815.0,56801.0,56801.0,480
1781255820000,56815.0,56815.0,56815.0,56815.0,150
1781255825000,56815.0,56815.0,56810.0,56810.0,390
1781255830000,56811.2,56811.2,56810.0,56810.0,150
1781255835000,56815.0,56820.0,56815.0,56820.0,990
1781255840000,56820.0,56830.0,56820.0,56825.2,690
1781255845000,56820.0,56834.0,56820.0,56830.0,450
1781255850000,56834.6,56837.0,56830.0,56830.0,510
1781255855000,56839.0,56845.0,56835.0,56835.0,300
1781255860000,56830.0,56837.0,56830.0,56837.0,420
1781255865000,56837.0,56840.0,56830.0,56830.0,120
1781255870000,56837.0,56837.0,56830.0,56837.0,150
1781255875000,56840.0,56844.0,56839.0,56844.0,120
1781255880000,56830.0,56830.0,56830.0,56830.0,210
1781255885000,56821.2,56844.0,56821.2,56844.0,90
1781255890000,56845.0,56845.0,56830.0,56845.0,180
1781255895000,56830.0,56848.0,56830.0,56848.0,630
1781255900000,56822.4,56822.4,56821.4,56821.4,330
1781255905000,56821.4,56849.0,56821.4,56822.4,240
1781255910000,56837.0,56837.0,56830.0,56830.0,60
1781255915000,56849.0,56849.0,56832.6,56832.6,360
1781255920000,56839.2,56849.0,56839.2,56849.0,630
1781255925000,56849.0,56849.8,56846.2,56849.8,270
1781255930000,56846.2,56849.8,56838.8,56838.8,120
1781255935000,56840.0,56849.0,56838.8,56849.0,150
1781255940000,56836.6,56850.0,56836.6,56850.0,690
1781255945000,56850.0,56850.0,56849.0,56849.0,570
1781255950000,56850.0,56851.2,56850.0,56850.0,480
1781255955000,56854.0,56855.0,56849.0,56850.0,330
1781255960000,56850.0,56859.0,56850.0,56859.0,120
1781255965000,56860.0,56860.0,56860.0,56860.0,90
1781255970000,56851.0,56872.6,56851.0,56870.0,480
1781255975000,56854.0,56872.6,56854.0,56872.6,330
1781255980000,56874.0,56874.0,56855.6,56855.6,240
1781255985000,56855.6,56855.6,56855.4,56855.4,150
1781255990000,56871.0,56878.2,56854.0,56854.0,600
1781255995000,56879.0,56879.0,56872.0,56875.0,120
1781256000000,56880.0,56882.0,56880.0,56880.4,270
1781256005000,56880.0,56884.0,56880.0,56884.0,210
1781256010000,56888.0,56888.0,56884.0,56884.0,540
1781256015000,56884.2,56888.8,56884.0,56884.0,1380
1781256020000,56884.2,56884.2,56875.0,56875.0,240
1781256025000,56884.0,56889.0,56875.0,56875.0,360
1781256030000,56880.0,56880.0,56875.0,56875.0,120
1781256035000,56880.0,56880.0,56875.0,56875.0,360
1781256040000,56880.0,56880.0,56860.0,56860.0,150
1781256045000,56880.0,56880.0,56880.0,56880.0,450
1781256050000,56858.8,56888.0,56858.8,56888.0,300
1781256055000,56880.0,56888.0,56880.0,56888.0,90
1781256060000,56883.0,56883.0,56870.0,56870.0,60
1781256065000,56875.0,56875.0,56860.0,56875.0,270
1781256070000,56853.8,56875.0,56853.8,56875.0,630
1781256075000,56853.4,56862.0,56850.2,56850.2,150
1781256080000,56850.0,56850.0,56850.0,56850.0,270
1781256085000,56850.4,56865.0,56850.0,56865.0,150
1781256090000,56850.0,56862.6,56850.0,56862.6,120
1781256095000,56850.2,56875.0,56850.2,56875.0,210
1781256100000,56850.0,56850.4,56850.0,56850.4,210
1781256105000,56850.0,56850.4,56850.0,56850.4,120
1781256110000,56855.0,56855.0,56850.0,56850.0,1320
1781256115000,56841.0,56841.0,56830.0,56830.0,300
1781256120000,56830.0,56846.8,56830.0,56846.8,1530
1781256125000,56821.0,56831.0,56820.8,56820.8,420
1781256130000,56821.0,56846.6,56818.8,56818.8,570
1781256135000,56812.0,56820.0,56810.0,56810.0,150
1781256140000,56820.0,56820.0,56810.0,56816.6,3210
1781256145000,56810.4,56820.0,56810.4,56820.0,900
1781256150000,56820.0,56846.8,56820.0,56846.8,450
1781256155000,56823.4,56850.0,56823.4,56850.0,180
1781256160000,56830.0,56850.0,56830.0,56850.0,300
1781256165000,56850.0,56855.0,56850.0,56855.0,300
1781256170000,56855.0,56860.0,56855.0,56860.0,630
1781256175000,56860.0,56870.0,56860.0,56870.0,390
1781256180000,56860.0,56870.0,56860.0,56860.0,480
1781256185000,56859.0,56859.0,56850.0,56850.0,90
1781256190000,56840.2,56840.2,56840.0,56840.2,240
1781256195000,56855.8,56870.0,56855.8,56870.0,150
1781256200000,56846.8,56869.6,56840.2,56869.6,1350
1781256205000,56855.2,56855.8,56855.2,56855.2,240
1781256210000,56855.8,56855.8,56855.2,56855.2,360
1781256215000,56850.0,56855.6,56850.0,56855.6,360
1781256220000,56870.0,56870.0,56866.0,56866.0,150
1781256225000,56870.0,56870.0,56865.2,56865.2,150
1781256230000,56880.0,56880.0,56870.0,56879.0,270
1781256235000,56870.0,56880.0,56870.0,56880.0,120
1781256240000,56879.0,56880.0,56879.0,56880.0,180
1781256245000,56887.0,56888.0,56879.0,56879.0,690
1781256250000,56888.8,56888.8,56860.0,56860.0,570
1781256255000,56883.4,56883.4,56880.0,56883.4,120
1781256260000,56856.6,56880.0,56853.4,56853.4,150
1781256265000,56857.4,56858.8,56857.4,56857.8,150
1781256270000,56880.0,56880.0,56858.8,56858.8,180
1781256275000,56870.0,56875.0,56857.6,56875.0,630
1781256280000,56875.0,56875.0,56868.0,56868.0,180
1781256285000,56875.0,56875.0,56875.0,56875.0,690
1781256290000,56875.0,56875.0,56873.6,56873.6,270
1781256295000,56880.0,56883.4,56871.4,56871.4,510
1781256300000,56888.0,56890.0,56880.0,56890.0,570
1781256305000,56890.0,56890.0,56861.0,56861.0,1080
1781256310000,56890.0,56890.0,56890.0,56890.0,660
1781256315000,56890.0,56890.0,56867.8,56867.8,870
1781256320000,56867.8,56867.8,56867.8,56867.8,360
1781256325000,56867.8,56881.8,56856.8,56881.8,360
1781256330000,56867.8,56867.8,56867.0,56867.0,300
1781256335000,56867.0,56867.0,56866.0,56866.0,300
1781256340000,56867.0,56867.0,56852.2,56857.6,930
1781256345000,56867.0,56867.0,56850.6,56850.6,270
1781256350000,56848.8,56861.0,56848.8,56861.0,150
1781256355000,56877.6,56877.6,56857.4,56860.0,510
1781256360000,56855.0,56860.0,56849.4,56849.4,210
1781256365000,56860.0,56876.8,56860.0,56876.8,240
1781256370000,56860.0,56860.0,56840.0,56848.8,300
1781256375000,56848.8,56848.8,56840.0,56848.8,390
1781256380000,56840.0,56848.8,56840.0,56848.8,270
1781256385000,56848.8,56848.8,56840.0,56840.0,180
1781256390000,56840.0,56843.2,56834.2,56834.2,330
1781256395000,56832.8,56848.8,56832.8,56848.8,420
1781256400000,56848.8,56848.8,56845.0,56845.0,420
1781256405000,56845.0,56850.0,56845.0,56850.0,720
1781256410000,56849.4,56850.0,56841.0,56841.0,360
1781256415000,56840.0,56850.0,56832.8,56832.8,480
1781256420000,56848.8,56848.8,56830.0,56848.8,180
1781256425000,56848.0,56849.0,56834.8,56849.0,150
1781256430000,56850.0,56860.0,56850.0,56860.0,390
1781256435000,56850.0,56860.0,56850.0,56860.0,60
1781256440000,56850.0,56850.0,56850.0,56850.0,90
1781256445000,56860.0,56867.0,56860.0,56867.0,120
1781256450000,56850.0,56850.0,56839.4,56839.4,120
1781256455000,56839.8,56850.0,56839.8,56839.8,120
1781256460000,56850.0,56850.0,56832.0,56832.0,720
1781256465000,56832.6,56848.0,56832.6,56848.0,330
1781256470000,56836.8,56836.8,56835.8,56835.8,120
1781256475000,56832.0,56832.0,56832.0,56832.0,120
1781256480000,56850.0,56850.0,56850.0,56850.0,180
1781256485000,56856.4,56860.0,56855.4,56860.0,330
1781256490000,56860.0,56865.0,56860.0,56865.0,300
1781256495000,56865.0,56870.0,56865.0,56870.0,180
1781256500000,56870.0,56870.0,56870.0,56870.0,150
1781256505000,56870.0,56870.0,56870.0,56870.0,240
1781256510000,56870.0,56870.0,56870.0,56870.0,30
1781256515000,56875.0,56875.0,56875.0,56875.0,660
1781256520000,56870.0,56870.0,56855.2,56865.0,180
1781256525000,56872.0,56872.0,56860.2,56872.0,210
1781256530000,56865.0,56872.0,56859.6,56872.0,270
1781256535000,56870.6,56877.0,56870.6,56872.2,180
1781256540000,56872.0,56872.0,56872.0,56872.0,90
1781256545000,56872.0,56872.0,56872.0,56872.0,870
1781256550000,56893.2,56893.2,56873.0,56887.8,750
1781256555000,56888.0,56895.6,56888.0,56895.6,540
1781256560000,56895.8,56895.8,56894.4,56894.4,270
1781256565000,56899.0,56899.0,56894.4,56894.4,570
1781256570000,56892.6,56899.0,56892.6,56899.0,960
1781256575000,56892.6,56892.6,56892.6,56892.6,180
1781256580000,56893.6,56893.6,56887.8,56887.8,270
1781256585000,56869.4,56871.4,56869.4,56871.4,210
1781256590000,56870.8,56871.0,56870.8,56871.0,60
1781256595000,56871.0,56876.0,56870.8,56876.0,240
1781256600000,56850.0,56850.0,56815.6,56821.0,1020
1781256605000,56808.0,56821.4,56807.0,56807.0,270
1781256610000,56808.2,56808.2,56800.0,56800.0,1500
1781256615000,56817.8,56841.2,56812.8,56841.2,720
1781256620000,56829.4,56829.4,56820.0,56820.4,720
1781256625000,56830.0,56830.0,56821.0,56829.6,480
1781256630000,56824.0,56840.0,56824.0,56840.0,780
1781256635000,56841.0,56855.0,56841.0,56855.0,240
1781256640000,56860.0,56860.0,56840.4,56850.6,360
1781256645000,56856.4,56860.0,56856.4,56860.0,360
1781256650000,56860.0,56860.0,56857.8,56857.8,300
1781256655000,56857.4,56860.0,56857.4,56860.0,630
1781256660000,56860.0,56860.0,56860.0,56860.0,1140
1781256665000,56868.0,56868.0,56835.8,56835.8,750
1781256670000,56820.2,56831.4,56820.2,56831.4,270
1781256675000,56812.4,56820.0,56811.4,56820.0,810
1781256680000,56826.6,56826.6,56803.8,56819.6,420
1781256685000,56805.0,56814.6,56805.0,56814.6,240
1781256690000,56805.6,56812.6,56805.6,56808.4,270
1781256695000,56806.6,56821.0,56806.6,56821.0,570
1781256700000,56831.0,56831.0,56821.2,56821.2,120
1781256705000,56821.2,56821.2,56808.2,56808.2,690
1781256710000,56810.6,56821.0,56810.6,56814.4,900
1781256715000,56814.4,56815.0,56805.6,56815.0,240
1781256720000,56815.0,56815.0,56805.0,56807.8,1350
1781256725000,56820.0,56829.8,56810.6,56829.2,390
1781256730000,56829.8,56829.8,56816.0,56824.4,750
1781256735000,56825.2,56825.2,56821.8,56825.0,240
1781256740000,56824.4,56828.0,56821.8,56828.0,510
1781256745000,56845.0,56850.0,56837.6,56850.0,510
1781256750000,56840.4,56860.0,56840.4,56859.8,240
1781256755000,56860.0,56860.0,56846.4,56846.4,900
1781256760000,56850.0,56850.0,56845.6,56845.6,210
1781256765000,56845.6,56855.0,56841.4,56855.0,660
1781256770000,56850.0,56860.0,56847.8,56860.0,300
1781256775000,56854.0,56871.0,56854.0,56870.0,1170
1781256780000,56873.6,56873.6,56857.2,56859.6,330
1781256785000,56862.4,56887.0,56862.4,56887.0,720
1781256790000,56886.8,56888.0,56883.8,56888.0,240
1781256795000,56890.0,56895.0,56890.0,56895.0,450
1781256800000,56888.2,56895.0,56888.2,56890.0,1080
1781256805000,56893.0,56896.8,56886.0,56886.0,450
1781256810000,56895.2,56895.2,56888.8,56888.8,510
1781256815000,56900.0,56900.0,56895.2,56895.2,930
1781256820000,56895.2,56895.2,56895.2,56895.2,300
1781256825000,56895.2,56895.2,56892.8,56892.8,90
1781256830000,56880.0,56892.0,56880.0,56892.0,150
1781256835000,56892.0,56894.0,56886.8,56892.0,390
1781256840000,56895.0,56895.0,56880.0,56880.0,840
1781256845000,56886.4,56894.8,56880.6,56880.6,360
1781256850000,56894.8,56894.8,56894.8,56894.8,210
1781256855000,56900.0,56900.0,56892.0,56900.0,810
1781256860000,56886.2,56901.0,56886.2,56901.0,930
1781256865000,56885.8,56900.0,56885.8,56900.0,150
1781256870000,56901.0,56901.0,56900.0,56900.0,420
1781256875000,56920.0,56920.0,56911.4,56920.0,720
1781256880000,56920.0,56925.0,56920.0,56920.0,300
1781256885000,56920.0,56922.4,56920.0,56922.4,300
1781256890000,56926.4,56926.4,56902.4,56923.4,780
1781256895000,56911.2,56914.0,56892.6,56892.6,420
1781256900000,56900.0,56900.0,56896.8,56900.0,480
1781256905000,56900.0,56914.0,56900.0,56914.0,360
1781256910000,56906.0,56907.2,56900.0,56900.0,390
1781256915000,56893.0,56896.2,56888.2,56888.2,1410
1781256920000,56880.0,56880.0,56875.0,56875.0,450
1781256925000,56866.0,56870.0,56866.0,56870.0,690
1781256930000,56870.6,56870.6,56869.2,56869.2,720
1781256935000,56865.2,56870.0,56860.8,56870.0,510
1781256940000,56860.2,56870.0,56860.2,56870.0,210
1781256945000,56866.0,56870.0,56866.0,56870.0,270
1781256950000,56865.2,56880.0,56865.2,56880.0,450
1781256955000,56880.0,56885.2,56880.0,56885.2,570
1781256960000,56880.0,56880.0,56880.0,56880.0,210
1781256965000,56886.8,56889.0,56886.8,56889.0,120
1781256970000,56880.0,56889.0,56880.0,56889.0,120
1781256975000,56888.8,56890.4,56888.8,56890.4,120
1781256980000,56881.0,56882.0,56881.0,56882.0,1350
1781256985000,56890.0,56890.0,56882.2,56885.0,330
1781256990000,56885.0,56885.0,56873.0,56883.2,210
1781256995000,56879.0,56897.0,56878.0,56897.0,960
1781257000000,56890.0,56900.0,56889.8,56889.8,2580
1781257005000,56873.0,56882.0,56873.0,56882.0,120
1781257010000,56882.0,56882.0,56871.0,56871.0,210
1781257015000,56892.0,56892.0,56876.4,56876.4,630
1781257020000,56871.0,56878.0,56871.0,56878.0,900
1781257025000,56880.0,56895.4,56880.0,56880.0,930
1781257030000,56880.0,56890.8,56880.0,56890.8,1170
1781257035000,56890.8,56898.2,56890.8,56898.2,600
1781257040000,56880.0,56884.2,56880.0,56884.2,120
1781257045000,56882.2,56883.2,56881.0,56881.0,300
1781257050000,56884.2,56884.2,56880.0,56881.2,720
1781257055000,56881.2,56881.2,56880.0,56880.0,900
1781257060000,56876.4,56878.8,56876.4,56876.4,180
1781257065000,56875.6,56876.4,56875.6,56876.4,120
1781257070000,56876.4,56876.4,56870.0,56876.4,420
1781257075000,56880.0,56880.0,56875.0,56875.0,630
1781257080000,56865.0,56865.0,56858.0,56858.0,1380
1781257085000,56862.4,56862.4,56860.8,56860.8,150
1781257090000,56860.8,56860.8,56850.0,56860.8,810
1781257095000,56860.0,56860.0,56850.0,56850.0,2220
1781257100000,56845.0,56851.0,56845.0,56851.0,930
1781257105000,56846.0,56848.4,56840.2,56840.2,270
1781257110000,56841.2,56846.0,56840.0,56846.0,450
1781257115000,56860.0,56860.0,56846.0,56860.0,360
1781257120000,56860.0,56860.0,56860.0,56860.0,90
1781257125000,56860.2,56875.0,56860.2,56875.0,930
1781257130000,56859.0,56875.0,56859.0,56875.0,780
1781257135000,56880.0,56880.0,56880.0,56880.0,360
1781257140000,56856.8,56871.6,56856.8,56871.6,510
1781257145000,56865.6,56876.6,56865.6,56876.6,90
1781257150000,56871.6,56871.6,56860.0,56860.0,150
1781257155000,56860.0,56860.0,56860.0,56860.0,480
1781257160000,56856.0,56856.0,56850.0,56850.0,270
1781257165000,56860.0,56860.0,56855.0,56855.0,150
1781257170000,56860.0,56860.0,56845.8,56850.8,330
1781257175000,56850.8,56850.8,56845.8,56845.8,300
1781257180000,56845.8,56845.8,56845.8,56845.8,90
1781257185000,56845.8,56845.8,56840.0,56840.0,210
1781257190000,56840.0,56842.4,56825.4,56825.4,450
1781257195000,56825.2,56828.4,56825.2,56825.2,510
1781257200000,56821.0,56825.0,56821.0,56825.0,360
1781257205000,56820.0,56825.0,56820.0,56820.0,270
1781257210000,56825.0,56825.0,56814.0,56818.0,1020
1781257215000,56820.0,56820.0,56820.0,56820.0,390
1781257220000,56811.0,56820.0,56811.0,56815.4,300
1781257225000,56815.4,56816.0,56815.4,56816.0,60
1781257230000,56809.0,56820.0,56809.0,56813.8,1050
1781257235000,56805.0,56810.0,56803.2,56810.0,540
1781257240000,56813.8,56813.8,56810.8,56813.8,570
1781257245000,56807.4,56813.8,56805.0,56805.0,2130
1781257250000,56803.2,56810.0,56803.2,56808.0,1710
1781257255000,56815.0,56820.0,56812.8,56820.0,450
1781257260000,56808.2,56810.0,56808.2,56810.0,750
1781257265000,56810.0,56810.0,56803.0,56803.0,300
1781257270000,56803.0,56830.0,56803.0,56830.0,2700
1781257275000,56803.2,56815.2,56803.0,56803.0,4170
1781257280000,56803.0,56805.0,56803.0,56805.0,120
1781257285000,56810.0,56810.0,56808.8,56808.8,90
1781257290000,56810.0,56810.0,56810.0,56810.0,240
1781257295000,56805.0,56805.0,56803.0,56803.0,180
1781257300000,56807.8,56833.8,56807.8,56833.8,1530
1781257305000,56830.0,56845.8,56830.0,56845.8,390
1781257310000,56845.8,56845.8,56845.8,56845.8,120
1781257315000,56850.0,56850.0,56850.0,56850.0,210
1781257320000,56860.0,56880.0,56860.0,56880.0,480
1781257325000,56869.8,56877.4,56869.8,56877.4,150
1781257330000,56880.0,56880.0,56880.0,56880.0,420
1781257335000,56880.0,56880.0,56873.2,56873.2,150
1781257340000,56874.8,56874.8,56874.8,56874.8,90
1781257345000,56880.0,56882.2,56880.0,56880.0,390
1781257350000,56869.8,56876.0,56850.2,56876.0,300
1781257355000,56881.8,56881.8,56864.0,56881.8,120
1781257360000,56881.8,56881.8,56873.0,56881.8,90
1781257365000,56880.0,56880.0,56856.4,56856.4,180
1781257370000,56880.0,56883.0,56880.0,56883.0,210
1781257375000,56883.0,56900.0,56883.0,56883.0,13470
1781257380000,56880.0,56891.8,56871.0,56891.8,270
1781257385000,56857.2,56857.4,56850.6,56850.6,570
1781257390000,56857.2,56883.8,56857.2,56883.8,150
1781257395000,56877.4,56878.6,56877.4,56878.6,180
1781257400000,56858.0,56880.0,56855.2,56880.0,450
1781257405000,56868.6,56868.6,56868.6,56868.6,90
1781257410000,56869.4,56880.0,56869.4,56875.2,300
1781257415000,56893.4,56900.0,56875.2,56900.0,2970
1781257420000,56900.0,56900.2,56900.0,56900.2,660
1781257425000,56900.0,56900.0,56900.0,56900.0,1080
1781257430000,56900.0,56904.4,56900.0,56904.4,480
1781257435000,56904.0,56904.0,56900.0,56900.0,150
1781257440000,56900.0,56900.0,56867.8,56900.0,1050
1781257445000,56900.0,56900.4,56900.0,56900.0,180
1781257450000,56900.0,56902.2,56900.0,56902.2,180
1781257455000,56902.2,56902.4,56900.0,56900.0,150
1781257460000,56901.2,56901.2,56901.2,56901.2,90
1781257465000,56901.2,56905.0,56901.2,56901.6,240
1781257470000,56900.0,56901.2,56900.0,56901.2,150
1781257475000,56882.0,56905.0,56882.0,56886.4,540
1781257480000,56886.8,56904.0,56886.8,56895.6,240
1781257485000,56895.8,56904.8,56895.8,56900.0,120
1781257490000,56897.4,56904.8,56897.4,56904.8,90
1781257495000,56899.0,56905.0,56899.0,56905.0,210
1781257500000,56900.0,56905.0,56900.0,56905.0,690
1781257505000,56905.0,56905.0,56878.2,56878.2,570
1781257510000,56900.0,56905.0,56900.0,56905.0,210
1781257515000,56897.8,56905.0,56897.8,56905.0,240
1781257520000,56890.2,56890.2,56890.2,56890.2,150
1781257525000,56900.0,56902.4,56899.8,56899.8,360
1781257530000,56899.8,56902.4,56899.8,56901.2,120
1781257535000,56901.2,56901.2,56901.2,56901.2,90
1781257540000,56900.0,56900.0,56900.0,56900.0,240
1781257545000,56900.0,56905.0,56900.0,56905.0,450
1781257550000,56905.0,56905.0,56897.8,56897.8,510
1781257555000,56898.4,56905.0,56898.4,56905.0,210
1781257560000,56900.0,56901.8,56900.0,56901.8,90
1781257565000,56904.0,56904.0,56904.0,56904.0,90
1781257570000,56905.0,56905.0,56902.6,56902.6,180
1781257575000,56903.8,56905.0,56903.8,56905.0,60
1781257580000,56905.0,56908.0,56905.0,56908.0,300
1781257585000,56901.0,56903.8,56901.0,56903.8,150
1781257590000,56902.0,56905.0,56900.2,56905.0,240
1781257595000,56905.0,56908.6,56905.0,56908.6,180
1781257600000,56901.0,56909.0,56901.0,56905.0,180
1781257605000,56905.0,56905.0,56900.0,56901.0,300
1781257610000,56910.0,56910.0,56905.4,56910.0,300
1781257615000,56910.0,56915.0,56905.4,56915.0,240
1781257620000,56910.2,56911.6,56900.0,56900.0,330
1781257625000,56900.0,56906.2,56900.0,56906.2,120
1781257630000,56900.0,56900.0,56900.0,56900.0,270
1781257635000,56900.0,56901.2,56900.0,56900.0,180
1781257640000,56900.0,56900.0,56900.0,56900.0,690
1781257645000,56900.0,56907.0,56890.0,56907.0,570
1781257650000,56905.0,56905.0,56905.0,56905.0,120
1781257655000,56902.6,56902.6,56902.6,56902.6,210
1781257660000,56890.0,56890.0,56876.8,56876.8,690
1781257665000,56900.0,56905.0,56878.4,56905.0,270
1781257670000,56900.0,56900.0,56880.4,56900.0,510
1781257675000,56900.0,56900.0,56889.4,56900.0,150
1781257680000,56880.4,56900.0,56880.4,56890.4,360
1781257685000,56900.0,56900.0,56891.4,56891.4,180
1781257690000,56900.0,56900.0,56900.0,56900.0,150
1781257695000,56873.6,56898.6,56873.6,56898.6,570
1781257700000,56889.6,56895.4,56889.6,56895.4,60
1781257705000,56895.4,56895.4,56880.0,56880.0,570
1781257710000,56875.4,56899.0,56875.4,56899.0,210
1781257715000,56895.8,56899.0,56880.8,56899.0,300
1781257720000,56880.0,56900.0,56880.0,56900.0,210
1781257725000,56890.0,56900.0,56890.0,56890.6,150
1781257730000,56899.8,56900.0,56899.8,56900.0,210
1781257735000,56900.0,56900.0,56890.8,56890.8,210
1781257740000,56890.0,56900.0,56890.0,56900.0,270
1781257745000,56880.2,56892.4,56880.0,56892.4,210
1781257750000,56890.0,56890.0,56880.0,56880.0,90
1781257755000,56898.8,56898.8,56892.6,56892.6,270
1781257760000,56890.0,56890.4,56880.0,56880.0,1020
1781257765000,56893.6,56893.6,56887.0,56887.0,150
1781257770000,56887.4,56887.4,56887.4,56887.4,150
1781257775000,56895.0,56895.0,56890.0,56890.0,180
1781257780000,56890.0,56890.0,56880.0,56886.0,180
1781257785000,56882.6,56896.0,56882.6,56896.0,210
1781257790000,56896.4,56896.4,56875.0,56875.0,210
1781257795000,56876.0,56897.6,56876.0,56897.6,240
1781257800000,56871.2,56882.6,56871.2,56882.6,210
1781257805000,56884.0,56884.0,56871.2,56871.2,60
1781257810000,56871.2,56891.0,56871.2,56891.0,120
1781257815000,56886.0,56886.0,56880.0,56880.0,330
1781257820000,56870.0,56880.0,56870.0,56880.0,210
1781257825000,56875.0,56880.0,56875.0,56880.0,120
1781257830000,56870.0,56880.0,56866.2,56880.0,900
1781257835000,56869.4,56898.2,56863.8,56863.8,510
1781257840000,56890.0,56890.0,56864.2,56864.2,210
1781257845000,56866.6,56866.6,56860.0,56865.2,1710
1781257850000,56880.6,56889.8,56880.6,56889.8,60
1781257855000,56885.2,56889.8,56885.2,56889.8,90
1781257860000,56871.8,56880.0,56871.8,56880.0,90
1781257865000,56875.0,56880.0,56875.0,56880.0,120
1781257870000,56871.8,56880.6,56871.8,56876.0,300
1781257875000,56876.0,56876.0,56866.8,56870.0,300
1781257880000,56870.0,56870.0,56865.0,56865.0,570
1781257885000,56865.4,56865.4,56865.4,56865.4,30
1781257890000,56865.0,56865.0,56865.0,56865.0,120
1781257895000,56870.0,56870.0,56865.0,56870.0,840
1781257900000,56860.0,56870.6,56860.0,56870.0,870
1781257905000,56870.0,56875.0,56864.2,56875.0,120
1781257910000,56870.4,56888.0,56870.4,56888.0,780
1781257915000,56883.4,56883.4,56870.0,56870.0,210
1781257920000,56870.0,56883.4,56864.2,56883.4,240
1781257925000,56870.0,56876.6,56870.0,56876.6,120
1781257930000,56870.0,56888.0,56870.0,56886.6,510
1781257935000,56894.8,56894.8,56881.2,56890.8,3870
1781257940000,56870.0,56877.8,56870.0,56877.8,120
1781257945000,56870.0,56877.6,56870.0,56870.0,450
1781257950000,56870.0,56890.0,56870.0,56880.0,180
1781257955000,56890.0,56890.0,56879.4,56879.4,210
1781257960000,56880.0,56887.2,56870.0,56870.0,240
1781257965000,56887.6,56887.6,56870.0,56870.0,240
1781257970000,56870.0,56870.0,56870.0,56870.0,210
1781257975000,56870.0,56870.0,56870.0,56870.0,180
1781257980000,56870.0,56872.0,56864.2,56872.0,270
1781257985000,56875.0,56886.6,56871.0,56871.0,600
1781257990000,56870.0,56872.0,56866.0,56872.0,150
1781257995000,56870.0,56883.8,56870.0,56875.0,840
1781258000000,56865.0,56869.4,56864.0,56869.4,120
1781258005000,56865.0,56875.0,56865.0,56867.4,300
1781258010000,56875.0,56875.0,56860.0,56865.6,390
1781258015000,56875.0,56875.0,56865.6,56865.6,180
1781258020000,56868.0,56868.0,56868.0,56868.0,60
1781258025000,56870.0,56870.0,56865.0,56870.0,270
1781258030000,56869.6,56869.6,56860.0,56860.0,180
1781258035000,56853.4,56862.6,56853.4,56860.0,210
1781258040000,56853.4,56855.6,56850.0,56855.0,1680
1781258045000,56855.0,56860.0,56855.0,56860.0,270
1781258050000,56859.8,56860.0,56836.0,56855.0,570
1781258055000,56859.8,56859.8,56831.0,56831.0,150
1781258060000,56830.0,56855.8,56830.0,56855.8,270
1781258065000,56859.4,56859.4,56830.0,56830.0,300
1781258070000,56830.0,56857.0,56830.0,56857.0,210
1781258075000,56860.0,56860.0,56831.6,56831.6,330
1781258080000,56860.0,56860.0,56850.0,56857.0,150
1781258085000,56860.0,56860.0,56840.6,56840.6,330
1781258090000,56860.0,56860.0,56849.0,56860.0,420
1781258095000,56837.6,56860.0,56837.6,56860.0,120
1781258100000,56870.0,56870.0,56830.0,56869.8,1020
1781258105000,56859.8,56859.8,56859.8,56859.8,30
1781258110000,56859.8,56865.0,56859.8,56865.0,90
1781258115000,56860.0,56869.0,56860.0,56869.0,180
1781258120000,56870.0,56870.0,56869.0,56870.0,420
1781258125000,56863.6,56870.0,56863.6,56870.0,300
1781258130000,56870.0,56872.0,56863.6,56863.6,270
1781258135000,56871.6,56873.2,56870.2,56873.2,510
1781258140000,56860.0,56875.0,56860.0,56875.0,180
1781258145000,56875.0,56875.0,56868.6,56868.6,180
1781258150000,56868.6,56875.0,56867.4,56875.0,180
1781258155000,56860.0,56867.4,56860.0,56867.0,360
1781258160000,56861.0,56870.0,56861.0,56870.0,720
1781258165000,56867.0,56875.0,56867.0,56875.0,90
1781258170000,56880.0,56882.0,56880.0,56882.0,1350
1781258175000,56890.0,56897.0,56890.0,56897.0,660
1781258180000,56867.2,56898.8,56867.2,56898.8,570
1781258185000,56898.8,56898.8,56880.0,56880.0,180
1781258190000,56880.0,56880.0,56880.0,56880.0,150
1781258195000,56894.8,56894.8,56894.6,56894.6,120
1781258200000,56894.0,56895.8,56883.0,56883.0,1740
1781258205000,56895.8,56895.8,56870.0,56895.0,480
1781258210000,56895.8,56895.8,56890.4,56890.4,150
1781258215000,56872.6,56890.0,56867.0,56867.0,720
1781258220000,56874.6,56890.0,56874.6,56882.2,180
1781258225000,56888.8,56899.0,56888.8,56899.0,450
1781258230000,56880.0,56899.0,56880.0,56899.0,270
1781258235000,56880.0,56900.0,56880.0,56900.0,1140
1781258240000,56899.0,56899.0,56890.0,56890.0,210
1781258245000,56890.0,56900.0,56890.0,56900.0,300
1781258250000,56890.0,56900.0,56890.0,56900.0,240
1781258255000,56895.0,56895.0,56892.4,56892.4,120
1781258260000,56890.0,56895.0,56890.0,56890.0,390
1781258265000,56900.0,56900.0,56890.0,56900.0,390
1781258270000,56900.0,56900.0,56890.0,56899.8,210
1781258275000,56895.0,56900.0,56895.0,56900.0,150
1781258280000,56908.0,56908.0,56899.8,56908.0,2760
1781258285000,56908.0,56914.4,56899.8,56914.4,570
1781258290000,56915.8,56916.0,56913.2,56913.2,690
1781258295000,56913.0,56914.4,56900.0,56914.4,780
1781258300000,56906.8,56910.0,56906.8,56910.0,240
1781258305000,56910.0,56912.6,56899.0,56899.0,1830
1781258310000,56899.0,56899.0,56899.0,56899.0,330
1781258315000,56890.0,56890.0,56889.8,56889.8,1740
1781258320000,56890.0,56892.4,56890.0,56892.4,270
1781258325000,56885.0,56885.0,56880.0,56880.0,360
1781258330000,56880.0,56884.8,56875.0,56877.2,690
1781258335000,56889.2,56900.0,56889.2,56900.0,330
1781258340000,56898.4,56898.4,56898.4,56898.4,210
1781258345000,56900.0,56900.0,56898.4,56899.0,840
1781258350000,56900.0,56900.0,56900.0,56900.0,360
1781258355000,56900.0,56900.0,56900.0,56900.0,510
1781258360000,56900.0,56900.0,56900.0,56900.0,930
1781258365000,56900.0,56909.0,56898.4,56900.0,720
1781258370000,56898.4,56898.4,56898.0,56898.2,1020
1781258375000,56898.2,56898.2,56897.4,56897.4,360
1781258380000,56898.0,56898.0,56884.6,56893.8,510
1781258385000,56891.4,56897.8,56891.4,56893.8,630
1781258390000,56892.2,56892.2,56884.6,56890.0,570
1781258395000,56887.0,56898.0,56887.0,56898.0,330
