datetime,open,high,low,close,volume
1465789500000,8124.0,8130.0,8104.0,8112.9,3032775
1465793100000,8112.5,8118.9,8097.1,8102.95,1288350
1465796700000,8102.75,8106.35,8082.2,8084.0,2023200
1465800300000,8084.0,8127.85,8083.3,8115.5,2167350
1465803900000,8114.0,8147.0,8112.1,8118.95,2025000
1465807500000,8118.1,8132.5,8108.7,8130.0,1444350
1465811100000,8129.15,8134.95,8128.95,8131.0,1034325
1465875900000,8130.55,8138.45,8093.0,8116.4,3522000
1465879500000,8116.2,8122.0,8107.2,8110.1,1028700
1465883100000,8110.1,8124.9,8106.0,8112.9,994650
1465886700000,8114.35,8117.0,8098.45,8114.95,1182825
1465890300000,8114.0,8116.0,8076.0,8084.6,2160375
1465893900000,8084.85,8125.5,8077.5,8118.05,2273100
1465897500000,8117.85,8124.0,8117.1,8121.8,865650
1465962300000,8105.1,8159.0,8105.1,8145.0,2150475
1465965900000,8145.0,8149.65,8130.55,8140.1,702000
1465969500000,8140.0,8156.8,8136.55,8152.9,749400
1465973100000,8151.65,8174.4,8148.3,8167.0,1775475
1465976700000,8166.0,8198.8,8155.45,8194.95,2084400
1465980300000,8193.75,8232.4,8187.55,8215.3,3248550
1465983900000,8216.95,8222.35,8212.6,8217.35,916725
1466048700000,8185.35,8194.0,8105.6,8112.5,4907850
1466052300000,8114.4,8125.8,8090.2,8097.4,2506125
1466055900000,8096.35,8109.4,8085.0,8090.95,1728675
1466059500000,8090.2,8131.0,8087.7,8120.05,2241600
1466063100000,8120.1,8151.9,8114.5,8137.45,2475525
1466066700000,8136.0,8172.65,8118.0,8153.4,2973825
1466070300000,8152.6,8157.0,8150.0,8154.8,877875
1466135100000,8200.0,8221.2,8172.15,8186.2,3100875
1466138700000,8186.9,8200.2,8181.5,8186.2,888825
1466142300000,8185.25,8191.55,8175.1,8186.0,752175
1466145900000,8186.9,8204.4,8161.3,8195.95,1935450
1466149500000,8196.0,8202.0,8172.0,8188.0,1070100
1466153100000,8188.8,8190.0,8151.3,8172.6,2502675
1466156700000,8172.7,8177.75,8160.4,8163.15,1165650
1466394300000,8106.0,8225.0,8106.0,8202.05,5841600
1466397900000,8202.05,8211.95,8190.15,8203.7,1102650
1466401500000,8204.45,8228.65,8199.05,8225.05,1539825
1466405100000,8225.45,8252.6,8224.1,8238.5,2420550
1466408700000,8239.0,8243.0,8225.65,8239.15,931500
1466412300000,8239.9,8262.0,8239.9,8256.15,2166225
1466415900000,8256.0,8257.0,8246.95,8252.85,1053525
1466480700000,8251.15,8253.0,8216.0,8226.1,2145375
1466484300000,8226.85,8240.0,8222.85,8231.4,731925
1466487900000,8230.1,8238.5,8223.5,8225.0,566700
1466491500000,8225.0,8235.15,8205.8,8222.0,1375200
1466495100000,8222.0,8237.35,8216.65,8234.0,1003725
1466498700000,8233.4,8235.3,8219.2,8225.6,956625
1466502300000,8226.4,8228.0,8221.5,8221.75,840675
1466567100000,8226.85,8253.25,8217.3,8239.0,1791450
1466570700000,8239.0,8239.5,8212.3,8227.35,1129575
1466574300000,8227.75,8233.0,8216.15,8225.8,502875
1466577900000,8224.7,8233.4,8206.1,8213.9,1004700
1466581500000,8213.35,8223.95,8154.0,8183.05,3468750
1466585100000,8184.1,8214.05,8183.1,8203.5,1753350
1466588700000,8203.5,8208.7,8200.45,8202.0,903300
1466653500000,8206.1,8221.0,8190.15,8203.1,1353000
1466657100000,8203.05,8212.95,8201.0,8212.0,564375
1466660700000,8212.85,8214.9,8204.1,8211.4,496575
1466664300000,8211.4,8246.0,8204.05,8232.5,2125050
1466667900000,8232.5,8249.0,8222.4,8242.05,1075950
1466671500000,8242.0,8307.15,8238.85,8280.4,4276725
1466675100000,8281.0,8289.8,8275.4,8289.0,941325
1466739900000,8125.0,8125.0,7957.3,7972.05,11626425
1466743500000,7974.1,7984.45,7944.95,7965.05,2997900
1466747100000,7965.05,7981.65,7940.1,7950.0,2054400
1466750700000,7950.0,8020.0,7927.1,8018.85,5425050
1466754300000,8019.0,8083.8,8004.85,8083.8,4793250
1466757900000,8083.8,8098.0,8041.0,8088.75,3775800
1466761500000,8088.75,8092.1,8075.5,8075.6,1210350
1466999100000,8050.1,8103.6,8048.0,8073.95,3099000
1467002700000,8074.45,8090.05,8072.9,8081.6,1016550
1467006300000,8081.55,8118.0,8080.05,8103.5,1885125
1467009900000,8103.5,8130.0,8098.35,8110.25,2145150
1467013500000,8109.1,8116.0,8055.0,8082.35,2987325
1467017100000,8081.15,8121.3,8081.05,8105.6,2990850
1467020700000,8106.95,8109.0,8103.2,8104.0,744900
1467085500000,8090.0,8124.6,8085.0,8113.5,2853225
1467089100000,8113.85,8121.9,8110.45,8117.8,1076025
1467092700000,8117.8,8127.7,8111.05,8117.3,996525
1467096300000,8117.15,8158.9,8116.0,8151.1,2914050
1467099900000,8150.1,8155.95,8126.3,8135.0,1819800
1467103500000,8136.0,8143.0,8114.85,8136.0,2060100
1467107100000,8136.0,8137.4,8132.1,8135.0,743700
1467171900000,8162.5,8187.9,8162.5,8183.5,2592825
1467175500000,8183.5,8189.65,8165.55,8167.0,1522425
1467179100000,8167.0,8182.0,8155.75,8179.45,1561575
1467182700000,8180.0,8187.2,8173.75,8178.65,1051725
1467186300000,8178.65,8197.4,8178.0,8195.9,1778400
1467189900000,8195.0,8214.8,8194.6,8200.5,2327850
1467193500000,8200.5,8204.9,8197.1,8203.95,812925
1467258300000,8255.0,8275.0,8253.0,8271.65,2823900
1467261900000,8271.5,8272.45,8247.6,8260.75,1771650
1467265500000,8260.8,8262.9,8241.05,8250.0,1523700
1467269100000,8250.85,8263.9,8238.2,8260.5,2114925
1467272700000,8259.9,8310.0,8259.05,8306.25,3346875
1467276300000,8306.25,8307.25,8272.35,8287.0,3907275
1467279900000,8287.0,8289.9,8286.5,8288.45,1180200
1467344700000,8310.0,8374.25,8310.0,8366.1,3149925
1467348300000,8365.1,8372.45,8357.0,8363.15,963075
1467351900000,8364.9,8378.0,8356.0,8374.95,847200
1467355500000,8374.0,8375.0,8358.1,8358.2,807300
1467359100000,8357.4,8377.25,8347.5,8368.0,1411125
1467362700000,8368.3,8372.05,8355.0,8356.05,1115025
1467366300000,8356.0,8358.8,8350.0,8358.8,901575
1467603900000,8385.1,8403.85,8385.1,8393.6,1862250
1467607500000,8393.9,8409.15,8393.1,8403.05,1001100
1467611100000,8403.05,8406.25,8396.55,8404.6,679050
1467614700000,8404.95,8415.0,8382.1,8387.95,1572825
1467618300000,8386.25,8396.0,8376.0,8387.5,1108350
1467621900000,8387.95,8395.5,8382.55,8386.1,960450
1467625500000,8386.05,8390.05,8383.6,8388.0,866100
1467690300000,8381.0,8382.5,8358.0,8365.0,1573200
1467693900000,8364.6,8368.0,8345.1,8362.35,1017750
1467697500000,8362.5,8380.0,8358.9,8360.2,1031775
1467701100000,8360.9,8369.5,8351.85,8366.45,1132200
1467704700000,8365.1,8367.2,8342.0,8352.0,1245375
1467708300000,8352.05,8358.7,8345.0,8352.0,1344750
1467711900000,8351.85,8358.6,8349.0,8352.0,1037700
1467863100000,8347.7,8358.0,8330.05,8348.1,1679700
1467866700000,8348.1,8356.7,8342.1,8346.0,574050
1467870300000,8346.0,8354.45,8341.2,8344.1,418425
1467873900000,8343.55,8367.45,8338.1,8358.4,1037475
1467877500000,8357.5,8392.0,8356.7,8386.0,1670850
1467881100000,8386.0,8387.9,8350.15,8352.75,1567650
1467884700000,8352.5,8370.0,8352.5,8368.75,659100
1467949500000,8350.0,8353.0,8295.05,8316.9,3940575
1467953100000,8316.75,8324.0,8308.45,8313.2,932925
1467956700000,8314.9,8323.1,8310.6,8318.05,588000
1467960300000,8318.9,8339.0,8310.0,8331.0,1370700
1467963900000,8332.4,8348.9,8325.1,8326.4,1112400
1467967500000,8326.5,8339.9,8316.35,8333.4,1065225
1467971100000,8332.6,8342.8,8332.2,8342.5,854100
1468208700000,8432.75,8479.9,8422.35,8474.3,4708500
1468212300000,8475.35,8484.1,8468.1,8473.85,1176000
1468215900000,8473.05,8479.35,8468.6,8477.3,607425
1468219500000,8477.35,8483.0,8469.35,8474.7,729675
1468223100000,8474.7,8487.6,8467.9,8486.0,998625
1468226700000,8486.95,8489.9,8464.75,8488.8,1700400
1468230300000,8488.0,8496.0,8487.0,8491.05,1261350
1468295100000,8512.1,8516.9,8493.65,8500.3,1560225
1468298700000,8500.45,8507.6,8497.7,8500.2,553800
1468302300000,8500.2,8519.0,8500.0,8515.0,1008600
1468305900000,8515.0,8523.0,8508.8,8509.4,1281900
1468309500000,8509.4,8518.95,8492.0,8517.1,1316925
1468313100000,8517.95,8534.55,8511.0,8531.45,1647750
1468316700000,8530.55,8532.55,8522.0,8528.5,822300
1468381500000,8539.95,8545.0,8516.3,8521.8,1880325
1468385100000,8521.3,8529.2,8503.45,8513.0,1328700
1468388700000,8513.0,8520.95,8501.1,8520.55,964875
1468392300000,8520.0,8520.6,8506.0,8511.35,796875
1468395900000,8512.0,8531.7,8512.0,8526.95,889350
1468399500000,8526.2,8533.45,8511.15,8519.4,1220475
1468403100000,8519.0,8523.0,8512.0,8514.15,718350
1468467900000,8521.0,8526.5,8509.55,8519.45,989250
1468471500000,8520.0,8523.6,8512.75,8519.85,428400
1468475100000,8519.4,8558.8,8517.05,8554.0,1821600
1468478700000,8553.5,8568.85,8550.55,8555.45,1225425
1468482300000,8555.45,8566.8,8554.1,8563.6,797325
1468485900000,8563.85,8581.45,8553.7,8579.85,1521525
1468489500000,8579.85,8584.0,8572.0,8583.0,1093725
1468554300000,8589.9,8605.0,8547.5,8559.0,3042600
1468557900000,8559.9,8563.0,8533.2,8545.8,1923900
1468561500000,8545.85,8551.0,8525.0,8536.1,1066350
1468565100000,8536.0,8576.45,8531.5,8576.45,1398675
1468568700000,8576.45,8580.0,8553.65,8561.95,1323450
1468572300000,8563.4,8569.0,8536.35,8554.0,1482675
1468575900000,8553.05,8559.9,8547.2,8557.65,824100
1468813500000,8571.5,8595.3,8570.35,8586.1,1850025
1468817100000,8586.1,8596.3,8581.1,8593.9,586500
1468820700000,8593.9,8595.95,8586.0,8592.75,426900
1468824300000,8592.15,8604.0,8580.05,8583.7,1323900
1468827900000,8584.0,8588.0,8551.35,8566.95,1950375
1468831500000,8567.3,8568.0,8520.05,8522.0,2263875
1468835100000,8522.0,8522.6,8510.0,8511.0,1017750
1468899900000,8525.0,8538.0,8501.65,8524.0,2113050
1468903500000,8523.4,8536.4,8520.0,8528.35,792600
1468907100000,8528.35,8529.5,8515.1,8521.6,662700
1468910700000,8521.6,8555.0,8510.25,8515.2,2214525
1468914300000,8515.0,8515.45,8485.6,8500.6,2499075
1468917900000,8500.6,8549.8,8493.1,8548.0,2126700
1468921500000,8548.0,8553.0,8541.25,8553.0,862050
1468986300000,8549.9,8575.0,8542.5,8566.1,1741650
1468989900000,8566.0,8574.45,8559.1,8566.25,702000
1468993500000,8567.1,8587.15,8565.6,8579.4,1141200
1468997100000,8579.4,8583.7,8563.65,8569.5,811950
1469000700000,8570.15,8584.0,8567.0,8579.0,880425
1469004300000,8579.85,8590.4,8578.3,8583.75,1081650
1469007900000,8583.6,8591.65,8579.45,8591.0,779775
1469072700000,8888.0,8888.0,8562.5,8568.05,1534425
1469076300000,8568.4,8582.45,8567.5,8578.4,624750
1469079900000,8578.8,8583.65,8556.3,8563.8,792150
1469083500000,8563.75,8571.65,8535.65,8539.0,1565775
1469087100000,8539.45,8569.95,8531.0,8542.2,1812000
1469090700000,8542.0,8548.95,8511.7,8521.0,2124300
1469094300000,8521.65,8523.8,8516.0,8519.0,736725
1469159100000,8527.15,8527.75,8500.5,8523.7,1731150
1469162700000,8523.45,8523.8,8509.9,8520.7,641175
1469166300000,8520.05,8559.0,8518.0,8552.65,1661850
1469169900000,8552.1,8562.6,8536.9,8556.1,1397400
1469173500000,8555.5,8557.0,8518.05,8554.95,1449375
1469177100000,8556.15,8563.9,8548.55,8552.25,1312950
1469180700000,8552.2,8558.0,8550.15,8552.1,852150
1469418300000,8545.0,8552.0,8530.75,8545.95,1927050
1469421900000,8545.95,8578.2,8543.25,8572.5,1573575
1469425500000,8573.4,8600.0,8573.0,8591.85,2351175
1469429100000,8591.65,8614.25,8584.0,8608.0,2083650
1469432700000,8609.0,8643.8,8609.0,8634.55,2827125
1469436300000,8634.3,8645.6,8631.0,8641.05,1785675
1469439900000,8641.05,8643.8,8634.25,8637.9,953400
1469504700000,8602.1,8648.85,8602.1,8634.6,2792100
1469508300000,8634.95,8644.8,8629.2,8643.95,1559925
1469511900000,8644.0,8646.75,8636.2,8643.25,2272425
1469515500000,8643.45,8646.45,8627.0,8630.5,1543200
1469519100000,8630.6,8643.05,8625.75,8637.7,1269675
1469522700000,8637.7,8652.05,8578.35,8586.0,3286200
1469526300000,8586.05,8589.0,8576.55,8585.0,988800
1469591100000,8602.1,8667.5,8594.1,8663.0,3421875
1469594700000,8662.25,8662.45,8636.3,8641.1,1710300
1469598300000,8641.1,8642.25,8566.05,8578.4,4049100
1469601900000,8577.85,8614.0,8568.55,8586.1,2004375
1469605500000,8586.0,8605.0,8580.85,8589.45,1591875
1469609100000,8589.15,8628.0,8582.3,8625.85,1983225
1469612700000,8626.0,8626.0,8608.05,8609.0,796275
1469677500000,8625.5,8650.0,8615.05,8640.0,1801800
1469681100000,8640.0,8656.85,8636.5,8648.0,1260225
1469684700000,8648.0,8653.0,8642.0,8648.95,1174350
1469688300000,8649.1,8659.9,8634.0,8653.85,1464225
1469691900000,8653.95,8657.9,8633.5,8642.45,1601325
1469695500000,8642.1,8666.0,8627.0,8665.5,3571125
1469699100000,8665.55,8667.9,8663.45,8666.9,1042950
1469763900000,8708.0,8744.7,8668.5,8677.45,1915425
1469767500000,8677.05,8698.85,8677.05,8691.75,732750
1469771100000,8692.0,8705.15,8681.75,8691.4,767325
1469774700000,8691.35,8694.75,8678.0,8693.95,534000
1469778300000,8692.55,8698.5,8674.55,8682.55,1301850
1469781900000,8684.2,8690.7,8672.9,8684.75,1886400
1469785500000,8684.85,8693.9,8683.1,8691.8,927300
1470023100000,8702.2,8740.0,8702.2,8733.0,1833825
1470026700000,8733.0,8747.0,8727.65,8732.5,1134975
1470030300000,8732.55,8736.85,8675.0,8696.8,1950675
1470033900000,8696.85,8697.45,8642.05,8650.9,2938200
1470037500000,8650.85,8684.75,8624.45,8682.6,2329725
1470041100000,8681.75,8684.55,8656.0,8680.0,1162125
1470044700000,8680.05,8691.9,8675.1,8689.25,778575
1470109500000,8676.0,8736.05,8666.8,8701.55,2312550
1470113100000,8701.45,8714.4,8691.1,8713.95,604350
1470116700000,8714.0,8717.35,8685.1,8693.05,947175
1470120300000,8694.0,8695.5,8666.1,8683.45,1220475
1470123900000,8683.25,8689.0,8640.1,8640.1,1846350
1470127500000,8640.0,8674.0,8638.0,8656.0,1575750
1470131100000,8655.7,8665.0,8654.0,8663.95,639375
1470195900000,8641.0,8649.25,8598.2,8643.05,3876525
1470199500000,8644.6,8645.9,8610.65,8616.5,1331925
1470203100000,8614.9,8617.75,8588.6,8613.5,1955925
1470206700000,8612.0,8619.0,8589.1,8589.1,1024050
1470210300000,8589.2,8628.1,8585.1,8617.85,1415175
1470213900000,8616.0,8622.5,8576.4,8579.0,1778400
1470217500000,8579.0,8581.4,8568.0,8575.0,1336425
1470282300000,8625.25,8631.0,8547.6,8595.35,4061700
1470285900000,8595.15,8604.0,8585.2,8596.1,1157625
1470289500000,8596.75,8607.6,8586.0,8591.25,794700
1470293100000,8589.75,8598.0,8570.05,8572.5,884400
1470296700000,8572.5,8582.0,8560.0,8564.55,1224750
1470300300000,8564.8,8586.0,8559.0,8584.0,1524750
1470303900000,8583.95,8607.75,8583.6,8604.0,1091175
1470368700000,8632.65,8681.4,8631.6,8660.0,2799750
1470372300000,8660.0,8692.5,8658.1,8682.0,1934625
1470375900000,8682.9,8686.5,8674.9,8678.0,595200
1470379500000,8678.45,8687.7,8670.05,8674.35,845925
1470383100000,8673.9,8689.5,8667.5,8669.1,707175
1470386700000,8668.8,8717.0,8660.0,8708.35,2594400
1470390300000,8709.0,8715.9,8703.55,8705.95,1326300
1470627900000,8748.5,8754.9,8733.5,8743.35,1943175
1470631500000,8743.95,8745.7,8733.65,8741.05,495825
1470635100000,8741.1,8746.6,8731.0,8741.5,613650
1470638700000,8740.65,8753.35,8738.65,8747.6,586275
1470642300000,8747.2,8753.8,8735.2,8750.45,765000
1470645900000,8750.05,8760.0,8740.1,8745.0,1277625
1470649500000,8744.0,8745.0,8726.45,8728.0,1009350
1470714300000,8739.8,8751.7,8713.8,8721.75,1272375
1470717900000,8721.2,8730.05,8687.0,8720.1,1563000
1470721500000,8720.25,8732.05,8676.0,8687.0,1723125
1470725100000,8687.0,8688.0,8661.7,8668.9,1538400
1470728700000,8668.9,8702.4,8667.65,8697.0,999300
1470732300000,8697.95,8713.0,8691.0,8701.2,1274700
1470735900000,8701.4,8709.8,8695.5,8698.55,728175
1470800700000,8717.15,8724.0,8626.5,8636.9,2852025
1470804300000,8635.1,8645.95,8615.0,8631.6,2445225
1470807900000,8631.0,8637.9,8610.75,8627.6,1217100
1470811500000,8627.25,8639.0,8612.2,8629.45,1015425
1470815100000,8629.5,8629.5,8605.5,8614.0,1282275
1470818700000,8614.0,8626.0,8592.85,8597.0,1936050
1470822300000,8596.95,8599.05,8590.0,8594.0,1143075
1470887100000,8595.0,8609.8,8570.1,8590.8,2096475
1470890700000,8591.35,8612.1,8586.7,8607.0,829575
1470894300000,8606.6,8630.0,8604.8,8619.05,1422600
1470897900000,8619.95,8620.0,8576.65,8586.0,1544475
1470901500000,8586.0,8588.85,8565.0,8569.75,1238100
1470905100000,8568.15,8615.0,8567.95,8609.65,1896375
1470908700000,8610.0,8621.4,8609.65,8621.35,984675
1470973500000,8614.0,8690.0,8613.95,8681.95,3876900
1470977100000,8680.95,8688.0,8674.0,8681.0,933600
1470980700000,8681.0,8682.9,8651.0,8671.1,1254375
1470984300000,8671.0,8686.0,8659.05,8682.1,1057800
1470987900000,8682.7,8684.0,8662.25,8674.25,639150
1470991500000,8673.0,8702.5,8662.4,8676.05,1961700
1470995100000,8676.0,8681.35,8670.0,8672.0,786300
1471319100000,8695.35,8706.25,8665.05,8685.35,1558725
1471322700000,8685.35,8686.5,8655.45,8663.95,868800
1471326300000,8663.95,8664.95,8601.0,8609.3,3005700
1471329900000,8609.5,8634.0,8608.15,8626.15,1030875
1471333500000,8625.5,8629.15,8611.0,8623.45,773475
1471337100000,8623.45,8672.95,8621.3,8662.75,2669625
1471340700000,8663.0,8666.4,8655.0,8658.5,627375
1471405500000,8650.25,8670.7,8637.6,8648.1,1572750
1471409100000,8648.1,8664.1,8644.15,8662.55,713250
1471412700000,8662.9,8666.85,8651.0,8666.0,555525
1471416300000,8664.55,8689.55,8630.0,8643.95,2248425
1471419900000,8644.05,8645.9,8610.5,8623.45,2180475
1471423500000,8621.6,8639.15,8613.3,8628.0,1418550
1471427100000,8627.75,8634.0,8627.35,8631.1,830550
1471491900000,8655.2,8682.0,8655.2,8672.4,1887750
1471495500000,8672.45,8713.95,8672.45,8698.3,2816550
1471499100000,8697.05,8701.75,8687.7,8693.65,748575
1471502700000,8693.0,8702.0,8689.1,8694.75,963750
1471506300000,8694.75,8707.95,8670.9,8679.5,1372575
1471509900000,8679.7,8693.7,8672.4,8688.05,1116675
1471513500000,8688.05,8688.8,8677.65,8679.05,835575
1471578300000,8692.4,8697.4,8675.2,8688.5,1329600
1471581900000,8688.5,8691.95,8681.9,8683.0,442875
1471585500000,8684.0,8703.0,8682.0,8695.5,671250
1471589100000,8695.6,8696.5,8650.0,8666.95,2093325
1471592700000,8666.85,8674.45,8657.35,8672.1,889500
1471596300000,8673.0,8684.9,8661.0,8679.05,954900
1471599900000,8679.9,8682.0,8673.35,8682.0,618525
1471837500000,8680.5,8693.8,8633.0,8645.25,3621225
1471841100000,8645.6,8647.5,8616.0,8633.55,2527950
1471844700000,8633.55,8638.35,8618.35,8625.8,1843500
1471848300000,8625.8,8644.35,8622.6,8635.1,1832700
1471851900000,8635.1,8658.0,8631.5,8651.35,2034375
1471855500000,8652.75,8657.45,8624.0,8634.4,1939200
1471859100000,8634.4,8635.0,8627.65,8631.4,985425
1471923900000,8621.25,8637.8,8603.0,8628.8,4219650
1471927500000,8628.8,8632.0,8612.25,8621.0,2347275
1471931100000,8621.0,8628.0,8617.55,8623.1,1840125
1471934700000,8623.1,8643.0,8616.65,8625.7,2103825
1471938300000,8625.0,8631.55,8591.25,8603.65,2860800
1471941900000,8602.45,8641.7,8602.45,8638.1,2298375
1471945500000,8638.1,8655.0,8638.1,8654.9,1568775
1472010300000,8640.25,8682.95,8630.0,8636.25,2592300
1472013900000,8636.95,8643.9,8632.75,8638.05,887475
1472017500000,8638.05,8646.05,8632.9,8632.9,1288125
1472021100000,8632.4,8654.9,8617.1,8650.0,2349675
1472024700000,8649.8,8651.75,8629.15,8639.85,1154025
1472028300000,8639.9,8667.6,8639.9,8654.85,2281350
1472031900000,8654.0,8656.4,8649.1,8654.5,997800
1472096700000,8679.95,8685.0,8665.0,8677.0,1982250
1472100300000,8676.5,8678.0,8668.4,8674.1,1494150
1472103900000,8674.1,8676.0,8665.35,8669.0,1114425
1472107500000,8669.0,8671.6,8653.55,8656.6,1327725
1472111100000,8656.7,8663.45,8622.9,8636.25,3137775
1472114700000,8636.0,8636.7,8585.95,8589.0,4442100
1472118300000,8589.6,8595.0,8589.1,8592.95,1069350
1472183100000,8645.05,8664.95,8613.0,8627.0,2536950
1472186700000,8627.0,8635.65,8611.0,8624.0,1370475
1472190300000,8624.0,8633.15,8606.0,8614.3,940875
1472193900000,8616.05,8627.95,8609.8,8616.85,1143600
1472197500000,8616.25,8632.55,8606.0,8615.0,1073700
1472201100000,8615.0,8624.9,8596.2,8622.0,1747350
1472204700000,8622.6,8631.95,8619.0,8629.6,940725
1472442300000,8609.9,8613.5,8578.0,8594.4,1990200
1472445900000,8594.05,8615.1,8591.55,8604.5,990900
1472449500000,8604.5,8619.2,8603.0,8608.9,1114125
1472453100000,8608.6,8618.0,8600.0,8608.15,1653375
1472456700000,8608.6,8625.0,8595.05,8623.85,1150200
1472460300000,8623.9,8649.0,8620.1,8640.45,2233875
1472463900000,8640.4,8669.8,8638.6,8660.0,1413675
1472528700000,8680.0,8714.0,8668.0,8710.05,3049800
1472532300000,8710.05,8719.0,8705.5,8713.1,992925
1472535900000,8712.3,8725.0,8707.5,8724.3,886875
1472539500000,8724.25,8756.9,8723.8,8755.5,2296050
1472543100000,8755.3,8763.9,8746.45,8758.5,1494600
1472546700000,8758.85,8798.9,8758.05,8792.0,3146175
1472550300000,8792.25,8804.45,8790.8,8802.35,1391100
1472615100000,8791.0,8840.0,8789.45,8830.6,2863050
1472618700000,8829.15,8830.0,8816.15,8825.75,913500
1472622300000,8825.9,8830.0,8816.05,8817.05,619575
1472625900000,8817.0,8844.95,8811.55,8844.95,1355550
1472629500000,8844.95,8863.7,8838.0,8838.0,1995375
1472633100000,8838.05,8857.95,8828.35,8831.85,2739975
1472636700000,8831.0,8840.0,8824.8,8839.15,1770525
1472701500000,8833.5,8854.7,8817.85,8831.8,1782975
1472705100000,8831.8,8844.4,8830.0,8837.55,540000
1472708700000,8837.9,8838.75,8811.5,8820.95,1097175
1472712300000,8821.4,8836.9,8815.0,8831.7,681900
1472715900000,8831.85,8845.2,8825.15,8839.85,1072050
1472719500000,8839.1,8842.45,8790.95,8801.25,2363100
1472723100000,8801.85,8817.4,8800.55,8816.4,656925
1472787900000,8811.8,8823.0,8796.65,8809.05,1524300
1472791500000,8809.35,8814.05,8801.2,8810.2,546900
1472795100000,8810.85,8819.8,8807.35,8809.95,487950
1472798700000,8810.0,8818.8,8793.6,8808.75,1015725
1472802300000,8809.75,8836.0,8801.4,8824.95,1152450
1472805900000,8825.0,8847.1,8820.9,8839.8,1656600
1472809500000,8839.0,8843.9,8835.95,8843.9,765825
1473133500000,8891.0,8918.4,8886.25,8912.0,2216400
1473137100000,8912.5,8922.9,8910.05,8914.8,878325
1473140700000,8914.1,8927.5,8914.0,8926.05,732600
1473144300000,8926.0,8933.0,8920.15,8928.55,796800
1473147900000,8928.45,8934.5,8920.3,8931.55,630900
1473151500000,8931.55,8963.75,8922.15,8963.1,1797525
1473155100000,8962.95,8969.1,8961.15,8966.0,979050
1473219900000,8975.6,8989.5,8946.05,8954.4,2356425
1473223500000,8955.0,8983.0,8952.65,8972.95,854250
1473227100000,8972.95,8980.85,8961.35,8976.5,787050
1473230700000,8976.45,8978.6,8956.7,8967.8,651975
1473234300000,8967.75,8983.95,8964.0,8970.95,836925
1473237900000,8970.3,8972.7,8942.1,8954.0,1538850
1473241500000,8954.35,8958.25,8945.8,8957.7,653025
1473306300000,8953.1,8953.9,8933.8,8942.9,1315950
1473309900000,8943.85,8968.8,8940.6,8960.0,1021725
1473313500000,8959.95,8970.0,8955.55,8962.45,516000
1473317100000,8963.85,8976.0,8944.0,8967.35,1060950
1473320700000,8967.6,8971.0,8956.75,8959.25,660825
1473324300000,8959.65,8994.5,8957.6,8983.0,1726725
1473327900000,8983.2,8983.65,8975.05,8975.95,676350
1473392700000,8962.0,8962.0,8911.3,8912.0,2640075
1473396300000,8911.85,8921.9,8897.3,8918.0,1799325
1473399900000,8918.0,8921.0,8904.95,8906.4,858600
1473403500000,8906.8,8933.85,8890.5,8926.05,1684800
1473407100000,8927.0,8943.0,8918.0,8938.85,1322550
1473410700000,8938.95,8940.85,8895.1,8897.7,1524450
1473414300000,8897.75,8908.45,8895.2,8903.0,768675
1473651900000,8805.25,8805.25,8748.3,8768.1,5597400
1473655500000,8768.1,8770.75,8755.0,8762.75,1065075
1473659100000,8762.85,8774.45,8756.05,8772.0,713775
1473662700000,8772.05,8773.3,8750.0,8766.0,1615650
1473666300000,8766.0,8766.95,8735.55,8746.9,1937925
1473669900000,8747.05,8751.75,8727.0,8740.45,1888800
1473673500000,8739.85,8748.0,8738.0,8746.6,1069800
1473824700000,8736.3,8755.5,8726.0,8727.0,1898325
1473828300000,8727.3,8739.0,8717.3,8731.6,1250475
1473831900000,8731.25,8752.45,8729.15,8752.4,903150
1473835500000,8751.45,8768.75,8738.05,8738.3,1507800
1473839100000,8739.25,8764.0,8736.6,8759.8,837975
1473842700000,8759.0,8771.0,8739.5,8769.0,1195950
1473846300000,8769.25,8779.8,8764.4,8777.75,1024350
1473911100000,8764.1,8778.0,8735.0,8736.9,2002725
1473914700000,8736.9,8754.0,8728.0,8750.85,1244250
1473918300000,8750.95,8761.0,8747.1,8750.0,625200
1473921900000,8751.0,8758.0,8737.85,8754.5,1000125
1473925500000,8754.5,8766.0,8746.0,8764.45,619050
1473929100000,8764.9,8777.65,8755.05,8765.95,1167375
1473932700000,8765.95,8784.0,8765.2,8782.25,889575
1473997500000,8808.0,8870.85,8808.0,8862.0,3922575
1474001100000,8860.6,8878.8,8860.35,8871.2,1140600
1474004700000,8871.15,8877.95,8865.1,8874.95,411975
1474008300000,8875.0,8876.5,8853.75,8857.5,861000
1474011900000,8857.95,8858.65,8769.5,8790.95,4097400
1474015500000,8791.05,8814.9,8782.0,8809.25,2039550
1474019100000,8809.15,8819.9,8804.2,8809.0,1025400
1474256700000,8811.9,8831.8,8798.85,8823.65,1672125
1474260300000,8823.9,8848.4,8818.3,8829.9,1281750
1474263900000,8829.85,8838.0,8825.25,8836.25,435375
1474267500000,8836.25,8837.75,8827.05,8836.4,530100
1474271100000,8836.15,8844.0,8816.65,8831.55,887625
1474274700000,8831.05,8845.5,8827.0,8831.85,839850
1474278300000,8831.8,8836.0,8828.7,8830.0,586875
1474343100000,8806.65,8820.0,8786.1,8805.0,1841550
1474346700000,8804.6,8810.85,8802.0,8804.0,486675
1474350300000,8804.0,8805.95,8795.0,8804.1,665100
1474353900000,8804.9,8811.9,8796.95,8808.85,629100
1474357500000,8808.1,8814.0,8791.75,8803.05,1149300
1474361100000,8803.95,8812.0,8797.6,8803.75,1002600
1474364700000,8803.75,8809.95,8803.0,8804.0,880800
1474429500000,8814.0,8844.5,8803.85,8827.0,2239200
1474433100000,8826.5,8856.6,8822.7,8847.25,1602825
1474436700000,8847.25,8855.15,8841.15,8843.0,678825
1474440300000,8843.0,8850.5,8830.5,8834.25,687525
1474443900000,8834.3,8840.0,8813.85,8817.8,1396050
1474447500000,8817.65,8819.7,8784.9,8809.05,2310300
1474451100000,8809.7,8810.0,8804.5,8807.85,694275
1474515900000,8880.25,8918.0,8875.85,8888.85,3536400
1474519500000,8889.45,8897.2,8883.0,8887.65,873525
1474523100000,8888.6,8888.6,8861.05,8875.95,1632000
1474526700000,8875.95,8884.0,8863.8,8878.0,895350
1474530300000,8878.0,8888.65,8866.05,8883.0,1447350
1474533900000,8882.15,8895.05,8874.5,8888.0,1528650
1474537500000,8888.2,8888.85,8876.1,8878.45,889950
1474602300000,8885.25,8889.35,8867.0,8873.05,1525800
1474605900000,8873.65,8880.85,8871.1,8879.5,431850
1474609500000,8879.35,8888.0,8875.5,8885.85,556200
1474613100000,8886.0,8888.85,8868.2,8870.65,645225
1474616700000,8870.65,8879.9,8863.45,8875.0,903075
1474620300000,8875.5,8878.5,8837.65,8843.0,1999425
1474623900000,8842.85,8849.4,8830.1,8832.8,1103400
1474861500000,8813.8,8821.6,8795.6,8810.0,2899200
1474865100000,8809.6,8813.0,8801.0,8803.5,1383600
1474868700000,8803.8,8804.0,8781.0,8787.3,2094600
1474872300000,8787.0,8791.9,8762.0,8766.4,2654175
1474875900000,8766.4,8769.45,8741.0,8749.9,3144900
1474879500000,8749.5,8754.0,8731.1,8737.3,2475525
1474883100000,8737.05,8740.2,8726.7,8733.9,1195875
1474947900000,8765.0,8776.35,8748.4,8752.6,2596725
1474951500000,8752.9,8758.75,8742.1,8745.15,2164500
1474955100000,8745.15,8771.75,8745.15,8767.5,2016975
1474958700000,8768.0,8769.75,8736.5,8743.9,1593300
1474962300000,8743.15,8751.4,8735.9,8743.9,1178550
1474965900000,8743.4,8748.9,8697.9,8710.0,3427125
1474969500000,8709.5,8730.9,8709.0,8729.5,1112175
1475034300000,8710.0,8742.0,8706.0,8735.55,2085000
1475037900000,8735.05,8739.85,8718.2,8730.0,950400
1475041500000,8729.6,8738.0,8727.55,8735.05,1052850
1475045100000,8735.8,8764.0,8732.35,8747.5,1949925
1475048700000,8747.5,8771.05,8742.65,8762.75,1342350
1475052300000,8763.0,8783.9,8747.0,8755.1,2591550
1475055900000,8755.85,8766.55,8755.05,8759.1,909075
1475120700000,8801.25,8801.95,8775.05,8777.6,2395650
1475124300000,8777.55,8781.9,8763.55,8774.0,1619325
1475127900000,8774.1,8777.45,8757.75,8759.0,1589475
1475131500000,8758.5,8759.65,8562.05,8618.55,9156825
1475135100000,8618.6,8673.8,8604.55,8614.2,3232575
1475138700000,8615.0,8623.5,8567.1,8586.5,4044150
1475142300000,8586.35,8592.4,8586.0,8591.4,1103025
1475207100000,8607.8,8657.65,8595.0,8625.85,3584775
1475210700000,8625.6,8649.75,8617.0,8628.0,1254825
1475214300000,8628.0,8636.4,8600.1,8602.0,1430700
1475217900000,8602.0,8628.0,8593.3,8621.1,2134800
1475221500000,8621.55,8637.0,8604.4,8629.1,1421175
1475225100000,8631.0,8669.35,8621.55,8640.0,2885325
1475228700000,8639.1,8655.95,8637.15,8650.45,938400
1475466300000,8682.0,8734.65,8656.25,8723.0,4248150
1475469900000,8722.9,8755.0,8721.35,8744.95,2069100
1475473500000,8744.05,8746.0,8722.4,8734.35,1000275
1475477100000,8734.2,8747.5,8724.55,8742.0,707325
1475480700000,8742.0,8773.4,8738.25,8749.0,1313400
1475484300000,8749.05,8783.0,8749.0,8779.55,1737825
1475487900000,8780.1,8788.0,8772.0,8786.5,1079325
1475552700000,8790.1,8811.95,8777.1,8784.6,3173175
1475556300000,8784.0,8793.85,8772.0,8782.95,1325700
1475559900000,8782.0,8784.9,8765.0,8778.85,585225
1475563500000,8777.9,8792.25,8768.6,8785.0,602100
1475567100000,8785.4,8797.45,8770.6,8770.6,539850
1475570700000,8770.1,8820.0,8766.0,8806.75,3696825
1475574300000,8807.75,8813.4,8800.35,8804.3,842250
1475639100000,8815.2,8837.75,8770.8,8777.05,1933125
1475642700000,8778.0,8783.4,8750.0,8779.05,1397850
1475646300000,8778.95,8785.0,8765.35,8774.2,630975
1475649900000,8775.75,8795.0,8757.6,8786.9,1289550
1475653500000,8786.95,8802.35,8778.1,8781.1,970275
1475657100000,8781.1,8795.0,8780.05,8783.15,970050
1475660700000,8782.2,8784.95,8765.75,8768.0,1065900
1475725500000,8797.0,8805.0,8775.4,8794.35,1567275
1475729100000,8794.35,8798.9,8786.2,8794.0,517425
1475732700000,8794.0,8802.0,8788.0,8800.4,589725
1475736300000,8800.2,8815.0,8792.75,8802.85,1062450
1475739900000,8802.0,8803.0,8725.9,8746.55,3179325
1475743500000,8746.5,8748.75,8711.0,8734.0,2538525
1475747100000,8733.3,8741.95,8730.0,8737.0,773400
1475811900000,8737.2,8747.75,8706.3,8726.25,1923525
1475815500000,8725.4,8731.0,8711.3,8717.5,747150
1475819100000,8717.5,8718.4,8697.55,8703.95,1016400
1475822700000,8705.0,8723.0,8692.6,8693.25,1222425
1475826300000,8693.05,8739.3,8691.3,8730.0,1944225
1475829900000,8731.0,8731.4,8708.65,8719.0,1220325
1475833500000,8719.0,8725.95,8718.5,8720.0,859125
1476071100000,8746.4,8775.9,8732.15,8743.5,1913025
1476074700000,8743.5,8753.1,8739.6,8748.4,473850
1476078300000,8747.8,8753.0,8743.1,8747.55,316725
1476081900000,8747.5,8752.05,8733.0,8741.1,657225
1476085500000,8740.1,8747.8,8736.0,8745.25,457050
1476089100000,8744.3,8747.25,8735.0,8737.4,782100
1476092700000,8736.55,8745.0,8736.05,8744.9,719625
1476330300000,8677.75,8677.75,8633.05,8640.55,3624000
1476333900000,8641.95,8647.7,8627.0,8631.05,1366875
1476337500000,8631.8,8637.7,8617.0,8622.95,847275
1476341100000,8623.0,8627.0,8578.45,8582.2,2708100
1476344700000,8581.9,8589.4,8551.0,8576.0,2609250
1476348300000,8576.1,8586.85,8561.65,8585.15,2199000
1476351900000,8585.05,8588.3,8579.15,8581.8,1122375
1476416700000,8590.0,8607.95,8565.05,8575.7,2803875
1476420300000,8575.95,8597.6,8572.1,8581.8,928425
1476423900000,8581.5,8597.7,8577.55,8592.8,791100
1476427500000,8593.45,8606.9,8583.05,8588.8,912300
1476431100000,8588.25,8611.0,8574.0,8589.05,1566375
1476434700000,8589.0,8610.0,8582.55,8601.9,1184325
1476438300000,8602.0,8613.85,8600.05,8613.2,874725
1476675900000,8608.0,8612.0,8571.0,8585.25,2001675
1476679500000,8586.45,8592.0,8577.3,8591.5,472725
1476683100000,8590.0,8591.9,8525.0,8534.2,2145000
1476686700000,8535.0,8548.0,8520.0,8542.0,1969275
1476690300000,8542.0,8545.4,8530.4,8536.95,1209825
1476693900000,8537.1,8541.0,8507.35,8523.55,2202225
1476697500000,8523.55,8531.8,8520.1,8530.3,917700
1476762300000,8561.0,8590.0,8560.05,8586.5,2550450
1476765900000,8587.6,8598.0,8572.5,8592.0,1204125
1476769500000,8591.95,8604.75,8586.8,8593.2,869325
1476773100000,8593.2,8635.0,8590.05,8627.0,2021025
1476776700000,8627.1,8659.2,8620.7,8657.0,2206125
1476780300000,8657.0,8687.0,8647.7,8681.45,2046900
1476783900000,8681.6,8685.95,8674.9,8675.0,1148925
1476848700000,8690.0,8691.6,8660.25,8665.85,1636050
1476852300000,8665.85,8669.9,8656.05,8668.5,724500
1476855900000,8667.7,8679.3,8660.0,8674.0,576225
1476859500000,8674.0,8676.5,8643.25,8654.0,1186200
1476863100000,8653.5,8696.5,8640.5,8687.0,1662675
1476866700000,8687.5,8695.0,8647.5,8665.0,1490775
1476870300000,8665.0,8668.0,8660.9,8661.9,558075
1476935100000,8695.25,8728.2,8685.65,8716.0,2943450
1476938700000,8716.0,8717.8,8700.0,8714.2,1104675
1476942300000,8715.0,8719.5,8681.55,8696.7,1340700
1476945900000,8696.65,8698.5,8675.75,8692.95,950025
1476949500000,8693.1,8712.0,8686.5,8691.75,1045425
1476953100000,8691.8,8713.0,8687.55,8702.6,1021200
1476956700000,8702.1,8709.0,8702.1,8709.0,656475
1477021500000,8700.0,8702.85,8660.95,8673.5,2126925
1477025100000,8673.0,8673.0,8661.1,8662.6,707775
1477028700000,8662.65,8671.5,8655.0,8667.15,808050
1477032300000,8667.5,8682.0,8664.25,8677.45,603900
1477035900000,8677.45,8684.0,8665.1,8666.45,636825
1477039500000,8666.0,8710.3,8658.0,8696.1,2188800
1477043100000,8697.0,8706.0,8694.0,8704.85,808125
1477280700000,8718.0,8731.75,8690.1,8703.9,1800900
1477284300000,8704.2,8709.9,8698.25,8700.0,559500
1477287900000,8699.7,8718.0,8697.0,8715.0,668250
1477291500000,8715.0,8741.95,8711.0,8734.0,1693200
1477295100000,8734.85,8748.0,8728.7,8739.0,1356750
1477298700000,8739.0,8745.0,8712.1,8721.75,1737525
1477302300000,8721.75,8723.9,8714.0,8721.6,794550
1477367100000,8715.6,8715.6,8661.0,8668.25,3509775
1477370700000,8668.9,8682.0,8663.0,8681.4,1466250
1477374300000,8681.4,8712.25,8680.2,8697.9,2409975
1477377900000,8697.9,8707.2,8677.55,8679.0,1167600
1477381500000,8679.55,8699.0,8675.2,8694.0,1194975
1477385100000,8693.35,8705.9,8686.05,8696.0,1190700
1477388700000,8696.15,8705.0,8695.0,8703.0,672375
1477453500000,8662.25,8669.0,8585.55,8643.8,3362925
1477457100000,8643.2,8653.45,8639.3,8644.35,1354800
1477460700000,8644.35,8647.4,8638.4,8645.25,1104450
1477464300000,8645.8,8646.0,8621.85,8640.5,1858575
1477467900000,8640.05,8645.05,8630.45,8633.55,1383075
1477471500000,8633.9,8635.7,8599.95,8622.95,2605650
1477475100000,8623.0,8624.5,8609.0,8611.5,845400
1477539900000,8587.35,8591.0,8562.8,8572.3,2863200
1477543500000,8573.0,8576.9,8557.0,8567.7,1565925
1477547100000,8567.7,8569.3,8546.85,8557.5,1681500
1477550700000,8557.5,8592.7,8557.4,8585.75,2048625
1477554300000,8585.5,8610.7,8577.55,8579.5,2518350
1477557900000,8579.15,8623.55,8570.05,8615.95,3162075
1477561500000,8615.95,8617.45,8614.7,8616.3,851475
1477626300000,8626.0,8648.0,8605.0,8646.35,2759325
1477629900000,8646.4,8682.0,8646.0,8664.45,1809150
1477633500000,8664.1,8668.0,8652.2,8660.35,757725
1477637100000,8660.3,8666.9,8631.1,8652.0,1430625
1477640700000,8651.95,8656.0,8643.0,8654.0,704025
1477644300000,8653.5,8680.0,8653.5,8669.35,1597500
1477647900000,8669.5,8670.65,8662.75,8670.0,796650
1477971900000,8639.0,8660.9,8633.25,8652.6,1816200
1477975500000,8653.2,8654.75,8642.1,8652.6,441300
1477979100000,8652.55,8678.0,8651.25,8675.0,1062375
1477982700000,8675.0,8704.6,8672.5,8684.25,1588500
1477986300000,8684.0,8696.8,8675.3,8677.95,949800
1477989900000,8677.7,8679.75,8646.55,8648.05,1686600
1477993500000,8647.9,8654.45,8647.0,8650.0,606225
1478058300000,8568.0,8579.0,8542.5,8557.85,3306300
1478061900000,8559.95,8569.6,8542.7,8552.25,1306125
1478065500000,8552.0,8559.0,8532.4,8545.15,1041675
1478069100000,8545.0,8569.0,8543.5,8564.4,1026075
1478072700000,8564.4,8574.0,8549.55,8558.45,1160025
1478076300000,8558.45,8569.5,8531.3,8539.0,1551150
1478079900000,8539.5,8550.85,8538.55,8549.4,810900
1478144700000,8519.0,8558.0,8505.35,8551.0,2260200
1478148300000,8551.0,8565.95,8545.4,8555.9,789300
1478151900000,8555.85,8558.8,8540.0,8541.85,658500
1478155500000,8542.0,8558.95,8527.5,8533.6,897075
1478159100000,8535.0,8547.65,8511.1,8528.7,1830975
1478162700000,8528.4,8547.25,8510.7,8516.35,1558950
1478166300000,8516.5,8519.4,8512.95,8519.05,1026000
1478231100000,8496.55,8530.0,8477.35,8504.4,2563650
1478234700000,8503.0,8503.35,8472.0,8476.25,1789350
1478238300000,8475.65,8502.0,8462.8,8493.0,1699725
1478241900000,8493.0,8502.55,8480.75,8489.9,816675
1478245500000,8489.4,8491.4,8433.0,8446.3,2643825
1478249100000,8446.5,8467.65,8425.55,8456.55,2057925
1478252700000,8456.4,8462.0,8454.55,8458.0,880200
1478490300000,8519.0,8539.0,8509.95,8529.0,2408025
1478493900000,8529.3,8547.0,8527.6,8537.55,1189200
1478497500000,8537.65,8544.0,8525.8,8539.35,543675
1478501100000,8540.0,8550.0,8537.05,8543.6,709725
1478504700000,8545.0,8560.0,8540.1,8544.8,1160775
1478508300000,8545.15,8549.9,8521.25,8525.2,1358175
1478511900000,8525.1,8527.2,8503.5,8507.05,1030425
1478576700000,8542.25,8549.7,8526.5,8536.9,1593300
1478580300000,8537.05,8540.0,8511.0,8523.1,918450
1478583900000,8523.3,8532.9,8517.0,8520.9,464550
1478587500000,8521.85,8526.45,8507.5,8518.15,816525
1478591100000,8518.5,8537.6,8510.9,8533.4,978150
1478594700000,8533.4,8589.0,8530.4,8575.15,2806200
1478598300000,8575.15,8576.0,8562.7,8564.0,1174125
1478663100000,8102.25,8375.0,8076.0,8272.0,14797500
1478666700000,8271.0,8284.95,8189.0,8249.65,4120725
1478670300000,8248.15,8318.4,8233.25,8266.55,2776200
1478673900000,8268.15,8356.0,8260.4,8344.45,2976900
1478677500000,8342.3,8472.95,8332.0,8458.3,4897575
1478681100000,8457.3,8493.5,8421.25,8455.8,3503025
1478684700000,8455.8,8490.0,8450.6,8479.0,1262925
1478749500000,8515.55,8579.0,8515.55,8571.5,3830250
1478753100000,8572.95,8614.0,8565.7,8607.3,2381400
1478756700000,8607.3,8613.9,8591.65,8603.8,1521300
1478760300000,8604.0,8611.9,8562.9,8588.2,1411200
1478763900000,8588.4,8605.8,8574.0,8587.6,1307475
1478767500000,8588.0,8596.0,8551.6,8555.0,2068125
1478771100000,8555.0,8555.95,8540.85,8543.85,1357800
1478835900000,8430.0,8475.5,8412.2,8418.7,5436300
1478839500000,8420.0,8431.7,8403.0,8409.0,1847925
1478843100000,8410.4,8422.85,8396.35,8398.4,1396800
1478846700000,8398.1,8419.9,8374.0,8417.5,2291025
1478850300000,8417.45,8428.0,8384.0,8397.15,1528125
1478853900000,8398.1,8398.5,8315.85,8327.0,4278675
1478857500000,8325.55,8338.75,8320.25,8335.95,1779750
1479181500000,8279.0,8287.75,8158.1,8159.85,5866050
1479185100000,8160.65,8227.4,8144.0,8200.75,2837550
1479188700000,8200.0,8200.0,8150.0,8198.35,2638575
1479192300000,8197.0,8198.15,8160.05,8183.65,1371525
1479195900000,8182.0,8218.95,8170.55,8199.0,1899825
1479199500000,8197.95,8199.5,8138.1,8142.35,2691600
1479203100000,8143.35,8147.35,8124.0,8126.35,1768200
1479267900000,8205.15,8225.0,8125.2,8160.0,4370025
1479271500000,8158.6,8178.9,8145.2,8170.65,1388850
1479275100000,8170.65,8189.8,8157.5,8178.7,1002750
1479278700000,8178.65,8207.75,8158.15,8171.0,1735125
1479282300000,8169.8,8180.85,8126.5,8158.1,2214900
1479285900000,8156.65,8175.0,8115.95,8116.1,2500800
1479289500000,8117.0,8120.0,8095.25,8100.1,1468200
1479354300000,8075.25,8168.0,8040.1,8116.95,3294975
1479357900000,8116.95,8138.95,8107.2,8135.6,1222500
1479361500000,8135.0,8155.0,8128.05,8144.8,1259625
1479365100000,8143.2,8143.45,8115.35,8135.75,887400
1479368700000,8136.25,8136.25,8073.55,8105.0,2140500
1479372300000,8105.45,8126.8,8065.6,8099.55,2593125
1479375900000,8097.25,8104.7,8090.0,8100.0,1053300
1479440700000,8097.85,8104.9,8055.4,8077.85,2514750
1479444300000,8077.4,8103.6,8072.5,8094.95,1203675
1479447900000,8095.0,8108.5,8080.0,8100.0,1371750
1479451500000,8100.0,8133.9,8091.5,8129.8,1682475
1479455100000,8128.3,8139.0,8085.4,8089.75,1854075
1479458700000,8088.15,8088.95,8061.0,8071.25,2005125
1479462300000,8071.25,8079.55,8069.0,8070.0,783450
1479699900000,8100.0,8109.0,8010.0,8020.0,3434775
1479703500000,8019.95,8027.5,7945.45,7959.45,3520050
1479707100000,7959.45,7978.5,7949.55,7959.5,2074725
1479710700000,7960.0,7984.9,7947.95,7983.5,1481775
1479714300000,7984.0,7988.8,7927.15,7931.0,2214675
1479717900000,7930.5,7966.9,7921.0,7932.05,2803125
1479721500000,7933.0,7959.2,7930.05,7958.85,1207575
1479786300000,7996.35,8015.5,7947.35,7966.75,4617450
1479789900000,7966.75,7984.0,7961.55,7969.95,1218000
1479793500000,7970.0,7976.0,7942.7,7949.7,1607850
1479797100000,7950.0,7969.0,7940.0,7956.55,1376100
1479800700000,7956.75,7975.0,7950.35,7973.5,1435275
1479804300000,7971.95,8018.5,7970.75,7999.65,2968950
1479807900000,7998.5,8022.0,7995.55,8017.5,1104675
1479872700000,8050.05,8058.0,7982.0,7990.85,3357600
1479876300000,7990.2,8032.9,7972.2,8020.75,2832675
1479879900000,8020.75,8029.0,8003.05,8006.9,1217700
1479883500000,8006.9,8024.35,8000.45,8017.85,1313175
1479887100000,8017.85,8046.7,8013.0,8025.05,2148900
1479890700000,8026.5,8045.0,8022.0,8029.0,2246175
1479894300000,8029.0,8032.8,8013.75,8015.0,1102725
1479959100000,7987.0,7996.3,7967.6,7990.4,2992725
1479962700000,7989.7,7993.95,7979.95,7984.95,1695525
1479966300000,7984.4,8002.4,7984.0,7996.45,1741350
1479969900000,7996.0,8000.0,7956.2,7960.0,1768275
1479973500000,7960.0,7987.3,7947.25,7984.1,2685150
1479977100000,7983.5,8018.65,7954.95,7959.0,4482975
1479980700000,7959.0,7965.9,7959.0,7965.0,1041375
1480045500000,8033.95,8065.0,8006.0,8044.0,2741025
1480049100000,8044.8,8089.0,8032.6,8070.35,2077875
1480052700000,8070.55,8095.95,8067.5,8084.05,1329225
1480056300000,8084.9,8103.0,8076.1,8087.45,1245225
1480059900000,8087.5,8108.95,8083.55,8103.0,1633200
1480063500000,8103.0,8138.7,8092.0,8132.0,2166225
1480067100000,8132.75,8133.45,8118.6,8118.6,975300
1480304700000,8088.25,8147.1,8078.25,8123.35,2363850
1480308300000,8124.0,8157.9,8118.9,8147.2,1303050
1480311900000,8148.0,8168.45,8144.25,8164.05,919125
1480315500000,8165.0,8167.8,8148.0,8158.45,828750
1480319100000,8158.1,8159.6,8124.55,8139.05,1335975
1480322700000,8139.1,8168.0,8134.0,8148.0,1565550
1480326300000,8148.5,8156.15,8143.35,8143.35,696225
1480391100000,8155.0,8199.8,8147.0,8190.0,2267400
1480394700000,8190.0,8219.9,8190.0,8198.0,1902375
1480398300000,8199.0,8211.75,8194.6,8200.25,519525
1480401900000,8201.5,8219.55,8188.9,8211.05,974475
1480405500000,8211.95,8216.0,8185.35,8199.0,1303500
1480409100000,8199.0,8199.05,8161.0,8168.85,2299425
1480412700000,8168.1,8180.0,8167.0,8176.0,784500
1480477500000,8186.55,8211.0,8166.4,8203.0,2025600
1480481100000,8203.0,8210.0,8197.05,8205.2,765825
1480484700000,8205.0,8207.0,8188.05,8194.0,813150
1480488300000,8193.4,8202.8,8183.65,8201.95,756450
1480491900000,8202.0,8228.5,8193.25,8219.95,1695750
1480495500000,8220.0,8268.0,8218.0,8264.45,3242700
1480499100000,8264.6,8270.75,8244.75,8253.6,1314300
1480563900000,8259.0,8272.5,8225.4,8242.0,2364900
1480567500000,8241.05,8253.0,8229.5,8240.0,853575
1480571100000,8240.95,8246.0,8227.0,8231.9,647250
1480574700000,8231.95,8252.05,8223.55,8251.25,772950
1480578300000,8249.15,8256.95,8232.65,8237.6,888900
1480581900000,8238.2,8245.4,8205.15,8215.4,1704900
1480585500000,8215.35,8218.7,8205.05,8209.95,700950
1480650300000,8164.8,8170.0,8140.0,8160.0,2792925
1480653900000,8159.5,8165.7,8125.95,8145.2,1519575
1480657500000,8145.0,8150.6,8133.0,8142.5,638475
1480661100000,8142.5,8145.0,8131.55,8137.0,511425
1480664700000,8136.75,8190.0,8136.75,8147.55,3080175
1480668300000,8149.6,8152.95,8092.0,8110.05,2749350
1480671900000,8110.9,8122.0,8108.45,8109.5,716625
1480909500000,8092.1,8127.95,8092.1,8103.55,1671375
1480913100000,8103.7,8114.0,8098.0,8103.95,556425
1480916700000,8103.95,8107.5,8076.1,8085.4,868725
1480920300000,8085.0,8116.4,8080.6,8113.0,1060425
1480923900000,8115.4,8171.0,8103.1,8155.1,2634750
1480927500000,8157.0,8173.8,8142.8,8161.05,1829925
1480931100000,8161.4,8175.0,8161.0,8173.0,786750
1480995900000,8173.0,8219.0,8157.1,8188.25,2193975
1480999500000,8186.75,8193.6,8177.0,8189.95,595950
1481003100000,8191.0,8202.55,8184.75,8187.95,766500
1481006700000,8188.0,8195.2,8177.95,8190.0,522900
1481010300000,8190.0,8206.0,8173.05,8198.15,1006350
1481013900000,8198.25,8208.9,8171.1,8176.9,1597575
1481017500000,8176.95,8176.95,8157.5,8165.0,812625
1481082300000,8188.25,8191.2,8175.0,8177.4,982875
1481085900000,8177.45,8197.95,8173.05,8190.55,595425
1481089500000,8190.0,8190.8,8178.05,8188.0,432000
1481093100000,8188.0,8208.25,8183.0,8203.0,1072425
1481096700000,8202.75,8218.8,8195.0,8203.75,1093650
1481100300000,8203.8,8208.0,8095.0,8111.95,5442600
1481103900000,8111.7,8140.0,8106.05,8136.0,1038075
1481168700000,8176.0,8248.8,8176.0,8247.4,4141725
1481172300000,8247.4,8259.85,8238.1,8243.0,1307175
1481175900000,8243.45,8252.5,8235.55,8250.05,561825
1481179500000,8250.1,8263.95,8240.0,8245.95,1101600
1481183100000,8247.0,8265.0,8246.0,8262.7,1140600
1481186700000,8263.0,8267.75,8248.0,8256.0,1579650
1481190300000,8255.35,8257.4,8250.65,8252.7,1073325
1481255100000,8275.15,8283.95,8255.65,8277.6,1883625
1481258700000,8277.6,8282.9,8265.2,8275.0,623400
1481262300000,8274.75,8293.5,8272.05,8280.1,993600
1481265900000,8280.0,8286.4,8265.2,8267.95,731700
1481269500000,8267.95,8283.0,8265.0,8275.8,676575
1481273100000,8275.45,8294.0,8271.95,8276.9,1186650
1481276700000,8276.2,8281.0,8273.4,8276.75,740700
1481514300000,8250.0,8250.9,8211.0,8215.55,2195625
1481517900000,8215.55,8223.8,8206.55,8219.8,799575
1481521500000,8220.05,8227.6,8212.0,8222.7,546750
1481525100000,8222.35,8227.0,8208.6,8217.0,421125
1481528700000,8216.5,8221.15,8184.0,8201.35,1663425
1481532300000,8201.5,8201.95,8164.05,8181.0,2306700
1481535900000,8181.0,8190.0,8180.05,8183.0,839700
1481600700000,8189.95,8194.95,8172.3,8190.95,1245150
1481604300000,8190.95,8192.8,8178.1,8190.4,493350
1481607900000,8190.4,8200.0,8189.95,8196.2,612975
1481611500000,8196.15,8206.75,8183.0,8191.65,772875
1481615100000,8193.0,8222.0,8185.0,8211.5,1473900
1481618700000,8211.95,8243.85,8208.5,8226.65,1917900
1481622300000,8226.55,8227.8,8221.35,8223.0,706725
1481687100000,8229.0,8229.0,8202.5,8210.9,1317825
1481690700000,8211.0,8213.4,8195.75,8203.2,658725
1481694300000,8203.2,8219.0,8202.0,8208.0,461775
1481697900000,8206.0,8212.0,8172.0,8182.95,1476075
1481701500000,8182.95,8227.0,8182.95,8213.25,1610325
1481705100000,8213.3,8224.25,8188.85,8195.7,1256550
1481708700000,8195.2,8204.0,8191.2,8203.0,757575
1481773500000,8129.0,8264.0,8123.6,8222.75,5814825
1481777100000,8222.75,8239.7,8202.2,8202.2,1315200
1481780700000,8202.85,8205.35,8166.0,8178.0,2170875
1481784300000,8178.5,8209.5,8170.35,8194.9,1179450
1481787900000,8194.45,8214.0,8180.35,8183.0,1212225
1481791500000,8182.6,8196.0,8170.05,8172.0,1482375
1481795100000,8172.0,8177.9,8167.2,8177.0,955350
1481859900000,8189.0,8189.0,8143.55,8153.0,2267700
1481863500000,8152.85,8156.75,8145.75,8152.7,640575
1481867100000,8153.15,8154.45,8140.2,8147.25,637650
1481870700000,8147.0,8152.0,8135.0,8148.55,831825
1481874300000,8148.75,8163.05,8140.1,8151.2,976200
1481877900000,8150.9,8160.0,8140.8,8145.4,1570200
1481881500000,8145.2,8150.8,8145.0,8145.9,1139775
1482119100000,8132.25,8142.0,8124.55,8140.5,1189125
1482122700000,8140.0,8148.7,8133.5,8143.95,586575
1482126300000,8143.95,8147.5,8136.4,8138.35,388875
1482129900000,8138.05,8143.85,8136.6,8139.0,317250
1482133500000,8137.8,8141.95,8131.5,8136.25,457800
1482137100000,8136.25,8148.0,8126.6,8127.1,951150
1482140700000,8127.15,8128.0,8112.55,8127.55,904950
1482205500000,8125.0,8134.4,8116.0,8124.8,977175
1482209100000,8123.1,8129.4,8112.65,8115.5,737850
1482212700000,8116.0,8116.95,8080.2,8090.55,1951650
1482216300000,8091.35,8101.8,8082.2,8086.4,623250
1482219900000,8086.0,8094.0,8072.0,8084.55,1162650
1482223500000,8084.55,8109.4,8081.75,8093.45,1491900
1482227100000,8092.7,8108.8,8092.6,8108.0,888150
1482291900000,8120.5,8124.5,8093.4,8110.5,1482300
1482295500000,8110.6,8124.0,8102.15,8105.0,704175
1482299100000,8105.45,8113.9,8103.0,8110.0,420750
1482302700000,8109.55,8116.5,8101.3,8102.95,331425
1482306300000,8102.05,8116.0,8101.8,8115.4,541650
1482309900000,8115.0,8120.0,8075.3,8078.0,1509750
1482313500000,8078.15,8080.0,8073.05,8077.5,823500
1482378300000,8054.1,8066.95,8015.0,8017.45,2310000
1482381900000,8016.4,8025.0,8004.0,8007.5,1331700
1482385500000,8007.5,8013.9,7993.0,8004.3,1358625
1482389100000,8004.85,8006.4,7981.55,7985.15,1465650
1482392700000,7985.85,8002.95,7975.15,7986.05,1754025
1482396300000,7987.0,8003.5,7979.05,7993.9,1671525
1482399900000,7993.95,8007.2,7990.55,8005.25,1061475
1482464700000,7975.0,7990.65,7956.25,7960.0,2109075
1482468300000,7960.0,7979.1,7953.0,7973.05,1233750
1482471900000,7973.05,7998.95,7972.75,7987.55,1223400
1482475500000,7987.0,8006.4,7983.35,8003.75,1477950
1482479100000,8004.0,8037.35,7993.0,7993.15,2295450
1482482700000,7993.0,8004.85,7980.1,7992.95,1386675
1482486300000,7993.0,8000.55,7990.4,8000.55,743175
1482723900000,7970.0,7970.0,7896.35,7927.5,3418875
1482727500000,7927.05,7928.1,7912.55,7915.0,1238175
1482731100000,7915.0,7918.4,7901.0,7904.15,1017975
1482734700000,7904.15,7922.15,7898.2,7918.75,894750
1482738300000,7918.8,7938.9,7916.05,7920.45,1131150
1482741900000,7921.0,7930.0,7900.55,7907.85,1278300
1482745500000,7908.95,7919.6,7905.1,7917.7,717825
1482810300000,7920.0,7930.45,7906.6,7924.6,1678500
1482813900000,7924.8,7951.95,7924.15,7948.15,2017875
1482817500000,7950.0,7955.6,7936.25,7948.0,1531125
1482821100000,7948.0,7949.25,7938.05,7943.8,1176675
1482824700000,7944.0,7976.9,7943.25,7966.35,1807125
1482828300000,7967.0,8045.45,7962.15,8041.0,3970500
1482831900000,8040.0,8044.0,8022.0,8025.75,1182375
1482896700000,8044.0,8076.65,8026.55,8059.95,2761500
1482900300000,8059.2,8068.25,8052.3,8063.4,1788975
1482903900000,8063.0,8087.9,8056.35,8085.0,1553175
1482907500000,8085.35,8093.7,8071.5,8084.05,1586925
1482911100000,8083.6,8100.0,8063.0,8067.95,1990725
1482914700000,8067.45,8068.55,8024.0,8026.1,3081825
1482918300000,8026.05,8037.1,8025.0,8033.1,801000
1482983100000,8028.0,8058.0,8025.0,8047.95,1843950
1482986700000,8048.05,8060.0,8044.0,8046.0,1020900
1482990300000,8046.9,8050.0,8036.6,8048.1,1113675
1482993900000,8049.3,8059.9,8044.2,8049.4,1337475
1482997500000,8049.95,8073.65,8041.15,8064.0,1614375
1483001100000,8063.5,8109.0,8054.3,8108.3,3365550
1483004700000,8108.95,8108.95,8103.55,8104.85,1263975
1483069500000,8136.6,8187.0,8130.0,8179.0,2438850
1483073100000,8178.1,8179.95,8168.0,8173.0,646725
1483076700000,8172.95,8193.0,8171.6,8186.5,802425
1483080300000,8186.5,8189.0,8175.55,8187.6,653250
1483083900000,8187.6,8189.45,8177.4,8183.0,594150
1483087500000,8183.0,8207.1,8169.0,8183.45,2369625
1483091100000,8184.0,8190.35,8182.45,8187.0,1119675
1483328700000,8215.05,8215.05,8158.2,8165.4,1832775
1483332300000,8165.1,8173.3,8151.0,8159.0,932850
1483335900000,8159.3,8176.0,8153.15,8166.85,715725
1483339500000,8166.9,8180.0,8156.95,8178.7,594000
1483343100000,8178.7,8209.0,8171.5,8202.4,1605300
1483346700000,8202.0,8218.8,8181.6,8195.0,1910025
1483350300000,8194.0,8196.75,8187.5,8190.05,773775
1483415100000,8200.0,8205.0,8159.0,8195.0,2179725
1483418700000,8195.1,8224.0,8188.55,8216.0,1469100
1483422300000,8216.0,8228.0,8202.0,8214.1,960300
1483425900000,8214.1,8221.0,8212.1,8213.65,519225
1483429500000,8214.35,8214.35,8182.05,8197.65,1593450
1483433100000,8195.1,8222.95,8195.05,8196.0,1152300
1483436700000,8195.4,8200.0,8189.65,8189.65,639900
1483501500000,8202.25,8223.4,8196.45,8219.25,1965375
1483505100000,8220.0,8221.0,8200.4,8204.7,713250
1483508700000,8205.95,8216.0,8187.35,8189.0,959625
1483512300000,8188.8,8213.95,8187.3,8206.1,584475
1483515900000,8205.05,8217.95,8197.5,8206.95,684750
1483519500000,8206.95,8208.7,8188.5,8204.1,1066350
1483523100000,8205.1,8208.45,8201.15,8207.0,823650
1483587900000,8254.7,8267.5,8236.15,8260.0,2831925
1483591500000,8260.0,8274.65,8257.0,8273.95,1029450
1483595100000,8273.5,8289.0,8273.0,8285.75,1455600
1483598700000,8285.65,8287.95,8271.25,8282.75,1260975
1483602300000,8282.75,8295.7,8276.85,8280.5,1209525
1483605900000,8280.5,8298.7,8267.9,8290.0,1972800
1483609500000,8288.7,8291.45,8281.0,8288.0,1027950
1483674300000,8305.55,8329.6,8301.15,8315.55,2168700
1483677900000,8315.5,8315.6,8277.8,8279.0,1717575
1483681500000,8279.35,8297.7,8279.35,8295.95,578850
1483685100000,8295.95,8299.7,8281.0,8287.0,650850
1483688700000,8287.45,8294.7,8272.0,8283.25,944100
1483692300000,8285.0,8291.0,8256.5,8266.5,1560975
1483695900000,8266.9,8276.2,8264.65,8269.5,747300
1483933500000,8266.0,8272.4,8245.7,8257.45,1378725
1483937100000,8258.0,8258.75,8241.1,8251.0,730650
1483940700000,8251.0,8266.0,8249.1,8260.7,451950
1483944300000,8260.1,8262.9,8253.0,8255.0,243750
1483947900000,8254.55,8268.9,8249.75,8263.3,575175
1483951500000,8263.6,8265.6,8247.25,8253.0,657450
1483955100000,8252.05,8254.0,8245.0,8253.85,660450
1484019900000,8274.8,8295.0,8260.0,8283.1,1911450
1484023500000,8283.4,8288.0,8272.6,8274.35,671325
1484027100000,8274.95,8284.0,8273.05,8279.35,370200
1484030700000,8277.55,8286.0,8273.05,8284.45,307725
1484034300000,8284.4,8298.0,8282.35,8286.3,904050
1484037900000,8286.8,8292.5,8278.65,8290.25,946425
1484041500000,8289.8,8298.75,8289.45,8296.1,842475
1484106300000,8335.0,8354.0,8324.0,8345.95,2329050
1484109900000,8345.95,8351.85,8343.2,8346.95,639525
1484113500000,8346.1,8353.5,8344.05,8351.0,545775
1484117100000,8350.65,8377.8,8349.3,8375.15,1700925
1484120700000,8375.15,8384.8,8370.95,8381.9,1063650
1484124300000,8382.0,8399.8,8381.55,8386.55,1525950
1484127900000,8386.55,8388.4,8381.05,8385.65,876450
1484192700000,8403.2,8419.0,8386.05,8396.7,2648850
1484196300000,8396.45,8412.4,8394.8,8406.95,951825
1484199900000,8406.8,8408.35,8392.65,8398.0,642825
1484203500000,8398.1,8416.8,8393.0,8415.2,755175
1484207100000,8415.1,8416.0,8400.0,8404.3,791325
1484210700000,8404.0,8424.0,8396.35,8414.75,1612950
1484214300000,8414.0,8423.2,8414.0,8422.0,716100
1484279100000,8454.9,8457.0,8395.0,8397.25,2682750
1484282700000,8397.0,8411.0,8388.2,8405.05,1002900
1484286300000,8405.05,8417.1,8401.75,8410.4,583725
1484289900000,8411.4,8411.5,8401.1,8407.0,452250
1484293500000,8407.0,8414.5,8393.0,8394.0,780000
1484297100000,8395.0,8426.1,8390.0,8418.25,1332600
1484300700000,8418.5,8419.45,8411.25,8418.45,663750
1484538300000,8404.0,8409.75,8385.05,8407.3,1564050
1484541900000,8407.5,8427.4,8407.0,8419.5,1073775
1484545500000,8419.15,8424.05,8412.8,8417.0,294150
1484549100000,8416.6,8432.95,8413.65,8429.0,570975
1484552700000,8429.0,8444.0,8428.3,8437.0,1132800
1484556300000,8436.0,8442.5,8424.5,8430.0,813225
1484559900000,8429.75,8436.9,8429.05,8436.0,689925
1484624700000,8433.9,8448.0,8426.15,8431.15,1410150
1484628300000,8430.3,8430.3,8402.1,8410.75,1412025
1484631900000,8410.1,8417.5,8392.5,8397.9,998025
1484635500000,8397.95,8417.5,8393.8,8413.55,962250
1484639100000,8413.55,8416.9,8397.8,8403.4,724425
1484642700000,8403.4,8415.5,8396.1,8412.5,985350
1484646300000,8412.8,8412.95,8401.5,8402.1,796200
1484711100000,8426.0,8468.95,8412.9,8462.0,2906550
1484714700000,8462.65,8468.0,8447.65,8453.0,1022100
1484718300000,8452.4,8456.45,8429.95,8429.95,753675
1484721900000,8429.6,8434.7,8419.15,8426.8,1054800
1484725500000,8427.05,8432.4,8406.05,8420.95,1280475
1484729100000,8420.05,8437.9,8408.15,8433.0,1202850
1484732700000,8433.0,8433.5,8425.2,8430.0,590175
1484797500000,8422.0,8431.25,8409.0,8416.85,1116600
1484801100000,8415.7,8429.95,8412.05,8427.9,877125
1484804700000,8427.9,8446.9,8427.05,8438.15,961050
1484808300000,8437.85,8444.7,8430.0,8437.0,489600
1484811900000,8435.6,8437.3,8423.7,8427.35,739425
1484815500000,8427.0,8454.0,8424.2,8440.85,1280700
1484819100000,8439.0,8442.1,8437.4,8438.95,503775
1484883900000,8400.0,8430.0,8400.0,8421.4,1689075
1484887500000,8420.0,8421.7,8410.05,8417.1,708450
1484891100000,8417.9,8434.0,8417.0,8426.5,850200
1484894700000,8426.45,8427.4,8366.0,8384.95,2778525
1484898300000,8384.5,8384.5,8356.7,8362.5,1781625
1484901900000,8362.75,8370.3,8352.2,8361.45,1748100
1484905500000,8361.2,8365.75,8358.0,8363.0,1125900
1485143100000,8350.0,8405.95,8333.4,8391.05,2581650
1485146700000,8391.8,8418.0,8385.2,8404.45,1793625
1485150300000,8404.0,8407.05,8376.7,8384.8,1458225
1485153900000,8384.9,8384.9,8365.0,8373.7,1530600
1485157500000,8373.7,8382.9,8360.4,8378.85,1258575
1485161100000,8378.7,8399.0,8372.1,8399.0,1895325
1485164700000,8399.0,8411.6,8398.15,8410.95,1132650
1485229500000,8421.4,8441.35,8416.0,8439.1,2423175
1485233100000,8439.1,8450.0,8435.4,8447.75,2272275
1485236700000,8447.8,8448.4,8435.1,8443.0,1335000
1485240300000,8443.8,8450.0,8435.35,8440.0,1364325
1485243900000,8441.35,8462.85,8436.0,8462.5,2275725
1485247500000,8462.05,8483.3,8459.1,8477.0,2754300
1485251100000,8477.0,8488.0,8476.5,8487.0,979125
1485315900000,8504.9,8521.9,8496.3,8506.45,3132000
1485319500000,8506.45,8526.2,8504.2,8523.1,1547850
1485323100000,8523.05,8529.0,8519.0,8527.7,1442400
1485326700000,8527.85,8543.15,8521.1,8540.5,1441575
1485330300000,8541.0,8551.0,8538.35,8544.0,1715850
1485333900000,8545.0,8603.0,8543.0,8601.0,3907275
1485337500000,8601.25,8606.4,8599.9,8604.2,1132200
1485488700000,8649.95,8682.0,8641.1,8672.65,2700150
1485492300000,8673.0,8695.0,8671.0,8688.75,1333800
1485495900000,8688.4,8698.15,8681.45,8693.0,893550
1485499500000,8692.95,8693.15,8666.0,8678.5,1250625
1485503100000,8678.5,8694.85,8671.8,8692.0,1022925
1485506700000,8692.0,8693.3,8662.0,8672.0,1294350
1485510300000,8671.0,8674.0,8666.5,8672.45,866625
1485747900000,8645.0,8666.0,8636.35,8656.0,1843725
1485751500000,8655.9,8658.45,8641.6,8648.0,647925
1485755100000,8648.5,8662.7,8646.6,8653.45,513975
1485758700000,8654.0,8659.5,8648.0,8656.0,462450
1485762300000,8656.4,8681.95,8648.3,8650.0,1492500
1485765900000,8649.95,8662.9,8642.7,8654.4,1165200
1485769500000,8654.0,8658.9,8652.7,8658.9,711975
1485834300000,8639.8,8639.8,8605.0,8626.3,2710350
1485837900000,8626.5,8626.9,8605.55,8614.6,1236000
1485841500000,8614.55,8615.0,8579.6,8584.0,1962450
1485845100000,8583.05,8632.0,8579.0,8606.9,1931100
1485848700000,8606.0,8619.9,8596.0,8609.4,948525
1485852300000,8609.1,8610.0,8581.95,8587.65,1442925
1485855900000,8587.55,8588.25,8576.25,8586.0,1108425
1485920700000,8600.15,8612.0,8575.0,8580.1,1930950
1485924300000,8580.15,8595.0,8555.0,8587.1,1417725
1485927900000,8588.05,8607.55,8558.1,8571.85,1530075
1485931500000,8570.3,8689.0,8561.05,8645.0,6256500
1485935100000,8644.75,8718.0,8639.4,8707.55,4357875
1485938700000,8708.0,8747.45,8703.0,8742.3,2678025
1485942300000,8742.35,8742.9,8728.8,8737.9,1052850
1486007100000,8730.0,8737.25,8701.05,8730.0,3088050
1486010700000,8730.0,8734.9,8721.7,8722.9,809775
1486014300000,8723.4,8724.55,8697.3,8713.1,1323675
1486017900000,8713.6,8739.4,8711.65,8732.55,835350
1486021500000,8733.1,8762.65,8724.35,8757.95,1609950
1486025100000,8759.0,8773.8,8746.55,8747.1,1653750
1486028700000,8747.55,8747.55,8730.05,8731.6,985500
1486093500000,8744.95,8763.9,8731.3,8742.8,1553700
1486097100000,8742.6,8748.1,8725.25,8740.1,1043475
1486100700000,8740.1,8743.2,8727.45,8741.5,530550
1486104300000,8741.65,8746.7,8728.7,8730.5,508350
1486107900000,8730.5,8762.0,8727.55,8758.8,1029000
1486111500000,8759.8,8760.35,8731.7,8755.2,1339800
1486115100000,8755.4,8757.9,8750.55,8757.0,800025
1486352700000,8808.0,8825.9,8791.15,8810.2,2479875
1486356300000,8811.0,8819.7,8809.0,8818.5,563475
1486359900000,8818.25,8821.0,8811.55,8816.45,531450
1486363500000,8816.5,8834.4,8813.0,8826.4,777600
1486367100000,8825.45,8826.0,8781.8,8809.1,2016000
1486370700000,8810.05,8822.6,8805.1,8816.85,1130250
1486374300000,8815.0,8818.5,8812.6,8815.0,764025
1486439100000,8800.45,8809.0,8787.0,8799.4,1739475
1486442700000,8799.4,8803.75,8787.0,8788.45,507675
1486446300000,8789.45,8801.7,8786.25,8795.0,458250
1486449900000,8795.5,8804.4,8792.85,8803.0,402450
1486453500000,8803.4,8811.9,8785.0,8792.1,707475
1486457100000,8793.1,8797.4,8758.7,8781.0,1909425
1486460700000,8781.0,8793.85,8779.5,8790.0,648300
1486525500000,8785.6,8804.75,8783.6,8788.65,1106775
1486529100000,8788.0,8802.15,8788.0,8793.4,501675
1486532700000,8793.5,8796.0,8784.45,8789.0,432675
1486536300000,8789.2,8789.2,8780.0,8786.0,431850
1486539900000,8784.9,8793.8,8770.85,8785.5,699675
1486543500000,8786.05,8799.25,8732.5,8799.25,4234800
1486547100000,8799.05,8813.95,8794.25,8803.7,1311450
1486611900000,8816.3,8843.8,8787.0,8789.15,2418900
1486615500000,8789.25,8789.95,8735.95,8754.55,3191325
1486619100000,8754.5,8774.85,8733.0,8761.65,1530075
1486622700000,8761.5,8782.3,8761.5,8778.0,791400
1486626300000,8778.05,8808.55,8770.0,8777.15,1858950
1486629900000,8776.7,8798.5,8771.25,8795.15,1170600
1486633500000,8795.45,8807.0,8791.8,8805.05,699450
1486698300000,8829.9,8839.9,8801.1,8820.75,1828050
1486701900000,8820.15,8822.8,8808.15,8813.0,503775
1486705500000,8812.95,8819.9,8809.5,8817.5,387075
1486709100000,8817.5,8823.25,8809.15,8816.75,487725
1486712700000,8815.95,8826.0,8786.55,8821.95,1468800
1486716300000,8822.7,8828.0,8799.0,8809.45,1282800
1486719900000,8809.1,8811.9,8805.0,8808.0,609000
1486957500000,8836.65,8846.0,8807.0,8823.55,1622925
1486961100000,8823.1,8827.65,8806.35,8816.1,676350
1486964700000,8815.4,8815.4,8769.0,8782.5,1572300
1486968300000,8780.0,8785.0,8765.5,8778.1,1142475
1486971900000,8778.6,8824.2,8778.4,8816.4,1913925
1486975500000,8817.0,8820.2,8796.05,8817.05,1272450
1486979100000,8816.2,8820.5,8810.3,8814.4,687075
1487043900000,8824.0,8828.55,8786.1,8813.4,1813350
1487047500000,8813.9,8817.25,8803.6,8806.5,630000
1487051100000,8806.35,8811.0,8798.6,8806.35,432825
1487054700000,8806.2,8812.95,8792.85,8808.2,634275
1487058300000,8808.3,8825.9,8807.25,8815.7,1099725
1487061900000,8815.2,8830.0,8804.6,8814.5,1326600
1487065500000,8814.0,8814.9,8805.0,8805.15,777675
1487130300000,8826.1,8827.2,8797.1,8802.65,1775475
1487133900000,8802.2,8806.25,8778.15,8779.9,1848975
1487137500000,8780.8,8787.0,8743.0,8757.0,2786475
1487141100000,8757.5,8758.2,8733.05,8747.0,1699275
1487144700000,8746.55,8771.0,8727.0,8760.9,2163150
1487148300000,8760.9,8771.95,8735.0,8743.55,1657350
1487151900000,8743.15,8750.65,8737.6,8750.0,938700
1487216700000,8760.0,8768.0,8734.0,8741.55,1468500
1487220300000,8742.0,8759.0,8741.0,8758.5,762975
1487223900000,8758.5,8796.15,8758.05,8782.05,2053350
1487227500000,8782.05,8786.85,8768.55,8769.0,563550
1487231100000,8769.75,8794.9,8766.3,8784.0,991800
1487234700000,8783.8,8795.05,8778.1,8787.7,1179375
1487238300000,8788.1,8789.8,8782.1,8785.55,752775
1487303100000,8869.75,8872.45,8800.1,8813.95,3792525
1487306700000,8815.0,8839.9,8810.55,8839.9,996675
1487310300000,8839.2,8849.9,8827.0,8847.0,961200
1487313900000,8847.55,8863.75,8825.0,8828.0,1671300
1487317500000,8828.7,8838.65,8821.1,8832.9,1324500
1487321100000,8834.1,8843.9,8825.0,8828.9,919650
1487324700000,8828.9,8828.9,8823.85,8826.0,669450
1487562300000,8828.2,8840.0,8810.0,8834.95,1527600
1487565900000,8833.65,8843.4,8832.3,8837.05,1292400
1487569500000,8837.9,8857.9,8837.0,8847.55,1140600
1487573100000,8847.4,8858.95,8842.9,8855.95,759375
1487576700000,8856.35,8868.85,8852.0,8861.05,1226325
1487580300000,8861.1,8872.35,8860.55,8865.55,1325925
1487583900000,8865.5,8881.3,8865.0,8878.75,1356975
1487648700000,8880.05,8893.1,8871.3,8889.05,2390100
1487652300000,8889.05,8889.95,8862.05,8869.4,2303850
1487655900000,8869.8,8877.1,8864.1,8871.0,1849050
1487659500000,8871.25,8872.85,8858.85,8860.8,1733400
1487663100000,8861.0,8884.9,8859.9,8882.9,1202400
1487666700000,8882.4,8924.5,8876.0,8912.55,2462175
1487670300000,8913.0,8913.2,8902.25,8907.0,1151550
1487735100000,8918.95,8937.3,8913.65,8931.55,2171175
1487738700000,8932.0,8949.95,8931.5,8946.2,1527900
1487742300000,8946.3,8957.6,8937.9,8951.7,1099500
1487745900000,8951.1,8957.3,8905.5,8918.5,1812675
1487749500000,8918.7,8931.8,8901.55,8909.95,1858050
1487753100000,8908.8,8928.95,8902.35,8924.65,2471250
1487756700000,8924.05,8924.3,8917.3,8920.1,693975
1487821500000,8934.25,8949.0,8925.95,8942.65,2234175
1487825100000,8942.65,8960.9,8940.7,8958.95,1939725
1487828700000,8958.3,8966.75,8954.2,8955.65,1802175
1487832300000,8955.75,8977.9,8947.95,8976.95,1553925
1487835900000,8977.45,8982.9,8958.45,8965.55,1818825
1487839500000,8966.0,8982.85,8931.7,8932.9,3604425
1487843100000,8932.9,8941.0,8932.0,8940.0,977475
1488167100000,8939.95,8957.1,8921.0,8944.4,1939050
1488170700000,8943.15,8946.0,8923.55,8932.0,1070025
1488174300000,8931.5,8936.5,8922.5,8927.8,701250
1488177900000,8928.8,8939.95,8927.1,8938.0,380325
1488181500000,8938.7,8946.95,8932.0,8943.95,723300
1488185100000,8943.05,8943.05,8909.0,8920.05,1568325
1488188700000,8921.0,8922.6,8912.5,8919.5,681000
1488253500000,8921.5,8938.45,8916.2,8925.2,1289175
1488257100000,8924.9,8927.75,8915.2,8918.6,415875
1488260700000,8918.6,8922.5,8905.0,8918.05,936375
1488264300000,8918.0,8923.95,8911.1,8915.5,490725
1488267900000,8916.0,8917.0,8884.15,8914.75,1522575
1488271500000,8914.8,8920.95,8903.1,8907.0,1143300
1488275100000,8907.55,8914.1,8905.5,8914.1,844275
1488339900000,8924.0,8981.4,8921.7,8961.0,3379200
1488343500000,8961.0,8964.75,8951.6,8959.0,652800
1488347100000,8960.0,8961.95,8949.8,8959.0,445500
1488350700000,8959.15,8968.9,8955.45,8957.9,557700
1488354300000,8957.95,8980.35,8954.1,8975.7,1074675
1488357900000,8975.0,8994.0,8970.7,8978.0,1635975
1488361500000,8977.95,8979.5,8969.05,8970.25,733575
1488426300000,9001.0,9009.0,8987.85,9002.15,1858125
1488429900000,9002.15,9009.45,8992.6,9003.3,1094400
1488433500000,9003.0,9018.3,8982.6,8994.55,1633200
1488437100000,8994.95,8999.95,8968.5,8978.85,1398750
1488440700000,8977.05,8984.0,8961.0,8980.15,1015425
1488444300000,8980.5,8982.35,8898.25,8905.55,2997450
1488447900000,8905.4,8920.9,8901.3,8912.5,1016550
1488512700000,8884.0,8911.85,8876.95,8892.75,2621850
1488516300000,8892.4,8899.75,8881.5,8883.4,658725
1488519900000,8883.35,8897.5,8881.7,8885.9,503775
1488523500000,8885.5,8893.0,8872.7,8878.3,1013475
1488527100000,8877.9,8904.95,8877.55,8902.6,875700
1488530700000,8903.5,8923.85,8902.6,8912.8,1603125
1488534300000,8913.4,8933.0,8912.35,8930.0,1034550
1488771900000,8935.0,8985.0,8928.45,8968.05,2552175
1488775500000,8968.05,8985.0,8968.05,8978.85,737250
1488779100000,8978.5,8978.6,8963.3,8967.85,494775
1488782700000,8967.5,8973.85,8945.05,8953.3,854550
1488786300000,8953.25,8962.9,8948.25,8951.0,592575
1488789900000,8951.1,8984.0,8950.3,8981.0,1014600
1488793500000,8980.25,8983.3,8977.0,8978.1,689775
1488858300000,8986.9,8988.9,8965.55,8969.5,1122300
1488861900000,8969.5,8978.55,8961.05,8973.0,700425
1488865500000,8973.65,8974.45,8960.05,8962.1,511950
1488869100000,8962.0,8972.9,8961.85,8971.3,360225
1488872700000,8973.5,8977.0,8962.1,8974.0,499950
1488876300000,8972.7,8981.9,8966.1,8972.45,746325
1488879900000,8973.3,8975.5,8971.25,8973.05,486150
1488944700000,8974.0,8980.0,8961.0,8964.0,1141650
1488948300000,8964.1,8968.55,8907.65,8921.8,2303625
1488951900000,8920.2,8928.65,8909.0,8922.0,1229400
1488955500000,8922.8,8934.7,8918.1,8930.35,659700
1488959100000,8931.0,8959.4,8930.0,8945.95,1757625
1488962700000,8946.0,8956.0,8936.3,8950.5,1070775
1488966300000,8950.5,8955.4,8949.1,8954.5,744300
1489031100000,8923.0,8939.0,8912.65,8930.9,1378950
1489034700000,8931.35,8948.0,8926.0,8939.4,749625
1489038300000,8938.25,8944.0,8929.05,8933.55,435900
1489041900000,8933.75,8937.0,8921.05,8934.0,648525
1489045500000,8934.45,8947.35,8928.2,8946.85,657450
1489049100000,8945.7,8977.8,8945.7,8954.8,2289675
1489052700000,8953.9,8957.95,8946.65,8956.0,815850
1489117500000,8975.0,9002.9,8957.35,8963.9,2277825
1489121100000,8963.4,8971.0,8955.3,8964.4,590475
1489124700000,8964.0,8964.65,8945.2,8960.1,842250
1489128300000,8961.1,8968.6,8960.1,8964.15,369300
1489131900000,8964.2,8967.6,8916.4,8934.3,1747350
1489135500000,8934.15,8968.8,8927.0,8955.5,1902675
1489139100000,8955.55,8961.35,8952.0,8954.85,894750
1489463100000,9145.0,9158.0,9077.6,9101.4,7420950
1489466700000,9100.1,9114.45,9095.8,9109.6,1465125
1489470300000,9109.6,9111.3,9101.35,9106.15,795000
1489473900000,9106.25,9109.85,9097.5,9104.4,558750
1489477500000,9104.35,9121.8,9100.6,9116.0,1356000
1489481100000,9116.0,9117.0,9085.2,9104.95,1877700
1489484700000,9104.65,9106.95,9096.1,9097.8,799500
1489549500000,9116.2,9128.9,9105.1,9124.15,1534575
1489553100000,9124.2,9130.0,9118.8,9123.1,609675
1489556700000,9123.7,9124.65,9111.15,9121.05,571050
1489560300000,9120.0,9123.65,9115.2,9118.5,426225
1489563900000,9119.25,9126.1,9108.7,9122.0,719550
1489567500000,9122.0,9125.95,9108.9,9114.0,821325
1489571100000,9114.0,9115.5,9101.5,9105.0,833325
1489635900000,9156.0,9173.1,9154.5,9158.0,2681400
1489639500000,9158.5,9161.95,9155.0,9156.05,600000
1489643100000,9156.05,9160.9,9152.1,9157.65,539625
1489646700000,9158.0,9170.0,9155.35,9167.0,591675
1489650300000,9167.0,9171.95,9160.2,9171.0,605325
1489653900000,9171.0,9179.0,9163.95,9173.05,1440300
1489657500000,9173.5,9181.25,9172.95,9178.0,989250
1489722300000,9212.85,9212.85,9180.0,9186.85,2512950
1489725900000,9186.55,9187.85,9171.0,9172.95,1119525
1489729500000,9171.95,9180.0,9167.0,9171.45,836625
1489733100000,9171.7,9182.0,9170.0,9178.4,473775
1489736700000,9177.55,9188.85,9177.0,9179.8,623475
1489740300000,9179.0,9187.0,9170.0,9170.05,1329225
1489743900000,9170.05,9172.0,9165.3,9168.0,1439775
1489981500000,9164.95,9164.95,9147.5,9151.25,1413750
1489985100000,9151.2,9153.0,9142.0,9150.15,1046100
1489988700000,9150.05,9155.0,9144.15,9154.65,490050
1489992300000,9153.25,9156.5,9148.65,9152.0,385050
1489995900000,9152.2,9161.4,9149.7,9153.5,579075
1489999500000,9153.95,9155.6,9148.65,9154.4,811350
1490003100000,9153.7,9158.1,9151.5,9157.0,786675
1490067900000,9165.15,9171.85,9145.05,9147.9,1397550
1490071500000,9147.0,9147.0,9125.5,9137.25,1097550
1490075100000,9137.15,9138.35,9127.5,9131.65,820200
1490078700000,9133.15,9133.5,9113.65,9116.0,953700
1490082300000,9116.0,9138.3,9115.5,9132.45,820875
1490085900000,9132.15,9145.35,9122.15,9143.15,1286250
1490089500000,9145.0,9154.45,9140.15,9154.45,1157475
1490154300000,9081.0,9130.0,9063.0,9069.0,3226350
1490157900000,9068.65,9078.35,9065.0,9067.7,1044975
1490161500000,9068.4,9082.55,9067.55,9077.0,686625
1490165100000,9076.6,9097.7,9076.6,9093.45,1179075
1490168700000,9093.45,9093.95,9079.5,9086.5,753450
1490172300000,9086.5,9089.0,9046.0,9052.1,2741625
1490175900000,9051.9,9053.9,9045.0,9046.75,1030875
1490240700000,9068.25,9077.5,9061.05,9067.5,1498050
1490244300000,9067.0,9090.0,9066.8,9083.0,1057275
1490247900000,9083.75,9093.45,9080.05,9083.0,705900
1490251500000,9083.0,9085.0,9072.4,9078.4,450000
1490255100000,9078.0,9084.1,9070.5,9083.6,547950
1490258700000,9084.0,9121.4,9079.85,9110.6,2121975
1490262300000,9110.6,9114.65,9099.0,9104.85,908775
1490327100000,9117.85,9146.6,9099.5,9140.35,2427525
1490330700000,9140.5,9143.65,9134.3,9136.0,637650
1490334300000,9136.0,9141.0,9132.25,9139.2,366675
1490337900000,9138.5,9140.65,9130.1,9132.0,492675
1490341500000,9131.85,9140.5,9121.65,9137.5,764250
1490345100000,9137.5,9140.1,9120.0,9120.0,1371675
1490348700000,9120.0,9121.95,9107.65,9112.05,981150
1490586300000,9109.0,9111.05,9057.85,9064.0,3086925
1490589900000,9064.75,9066.9,9054.0,9064.5,1490775
1490593500000,9064.2,9065.6,9038.5,9043.55,1896450
1490597100000,9044.3,9049.5,9035.25,9045.0,1501575
1490600700000,9045.0,9070.0,9038.0,9067.5,1731675
1490604300000,9068.2,9079.2,9062.4,9067.3,2075100
1490607900000,9067.35,9069.95,9061.3,9067.35,1090650
1490672700000,9095.15,9106.25,9088.25,9100.2,2623125
1490676300000,9100.2,9123.8,9095.0,9114.9,1778925
1490679900000,9114.9,9117.05,9107.95,9112.8,903300
1490683500000,9113.0,9118.5,9108.2,9111.0,1156275
1490687100000,9111.0,9111.0,9090.05,9106.9,1429125
1490690700000,9106.1,9109.3,9085.4,9103.0,1490325
1490694300000,9103.2,9119.9,9103.0,9118.85,878475
1490759100000,9140.55,9140.65,9118.8,9130.6,1755150
1490762700000,9130.0,9137.15,9130.0,9135.0,1693275
1490766300000,9135.1,9148.0,9135.1,9142.15,1391100
1490769900000,9142.15,9145.5,9135.5,9141.3,819525
1490773500000,9140.85,9150.7,9131.2,9137.1,1711575
1490777100000,9137.9,9141.75,9125.0,9141.4,2076225
1490780700000,9141.4,9151.4,9141.05,9151.0,1141125
1490845500000,9150.35,9170.0,9144.1,9166.25,2021025
1490849100000,9166.25,9169.9,9157.0,9162.0,1162725
1490852700000,9162.45,9164.05,9158.0,9158.1,1262625
1490856300000,9158.2,9160.0,9152.6,9157.6,1060725
1490859900000,9157.5,9169.65,9147.5,9164.9,1501800
1490863500000,9165.0,9178.0,9140.05,9170.0,3571425
1490867100000,9169.95,9176.0,9169.85,9174.8,1146075
1490931900000,9185.25,9208.4,9179.55,9187.0,1702725
1490935500000,9186.6,9187.85,9176.0,9185.8,953025
1490939100000,9185.0,9189.95,9177.0,9182.9,540450
1490942700000,9182.5,9188.1,9181.5,9183.85,370800
1490946300000,9183.85,9204.85,9183.45,9203.15,940275
1490949900000,9203.35,9207.2,9191.0,9195.15,1777575
1490953500000,9194.95,9202.25,9194.5,9198.9,969825
1491191100000,9221.65,9223.8,9203.5,9217.95,1799850
1491194700000,9217.95,9222.7,9213.0,9219.0,534675
1491198300000,9218.55,9234.75,9217.55,9230.0,611550
1491201900000,9230.65,9239.9,9227.6,9236.1,862950
1491205500000,9236.05,9248.0,9232.2,9243.15,782925
1491209100000,9244.0,9264.0,9238.15,9259.2,1862250
1491212700000,9258.55,9274.0,9258.55,9274.0,1413375
1491363900000,9280.0,9280.0,9247.85,9259.15,1337475
1491367500000,9258.65,9268.8,9258.0,9268.15,562425
1491371100000,9268.15,9280.0,9265.55,9265.75,836400
1491374700000,9266.25,9284.0,9266.25,9276.8,736800
1491378300000,9276.95,9288.9,9274.9,9282.85,1018200
1491381900000,9282.85,9294.85,9277.15,9288.65,1604775
1491385500000,9288.55,9290.0,9280.0,9282.05,744525
1491450300000,9254.8,9258.9,9241.1,9252.75,1733925
1491453900000,9252.85,9254.65,9231.0,9240.0,1086150
1491457500000,9240.5,9267.9,9237.1,9263.0,872775
1491461100000,9263.6,9266.0,9240.9,9247.95,1060050
1491464700000,9247.0,9258.0,9245.25,9249.0,424050
1491468300000,9247.45,9283.0,9240.85,9277.0,1941225
1491471900000,9276.95,9278.0,9262.25,9263.7,1049400
1491536700000,9234.8,9252.9,9221.25,9249.45,1649550
1491540300000,9250.0,9257.7,9248.5,9251.0,703650
1491543900000,9250.25,9253.4,9242.1,9251.4,464700
1491547500000,9251.0,9264.45,9242.55,9262.5,580200
1491551100000,9263.95,9269.75,9254.4,9263.45,636150
1491554700000,9262.9,9266.25,9200.4,9210.05,2957100
1491558300000,9209.9,9217.35,9208.0,9217.0,893175
1491795900000,9225.6,9229.9,9202.7,9218.0,1505850
1491799500000,9217.7,9248.3,9214.5,9235.2,968475
1491803100000,9234.85,9236.85,9216.95,9219.7,759750
1491806700000,9219.7,9227.6,9194.0,9199.95,983325
1491810300000,9200.05,9221.65,9200.05,9220.4,557550
1491813900000,9221.4,9237.0,9206.3,9208.75,1457700
1491817500000,9208.55,9212.15,9207.05,9208.85,497100
1491882300000,9194.85,9224.45,9187.55,9222.4,1871850
1491885900000,9222.45,9264.4,9218.85,9253.05,2206200
1491889500000,9253.0,9254.45,9237.05,9243.6,663375
1491893100000,9243.6,9258.55,9240.0,9253.7,536850
1491896700000,9253.0,9269.75,9251.0,9257.05,955800
1491900300000,9258.0,9269.95,9252.55,9263.25,962700
1491903900000,9263.5,9268.15,9262.3,9267.6,721875
1491968700000,9251.9,9262.0,9170.1,9197.9,4442250
1491972300000,9198.95,9209.85,9191.3,9207.5,1145400
1491975900000,9207.0,9223.9,9195.0,9213.1,835275
1491979500000,9213.1,9255.0,9213.05,9244.25,1901100
1491983100000,9243.8,9249.55,9216.0,9225.85,949500
1491986700000,9226.0,9232.7,9206.0,9225.35,1314600
1491990300000,9225.35,9226.85,9218.9,9226.0,636825
1492055100000,9205.75,9215.0,9190.4,9209.0,1747950
1492058700000,9209.15,9218.0,9204.05,9212.85,441375
1492062300000,9213.0,9222.0,9208.3,9208.5,450600
1492065900000,9209.0,9212.3,9191.1,9203.2,947475
1492069500000,9203.35,9208.85,9191.6,9198.9,542400
1492073100000,9199.0,9205.0,9178.0,9182.35,1475850
1492076700000,9182.05,9185.0,9177.5,9179.95,1018500
1492400700000,9172.25,9182.4,9142.25,9159.9,2082225
1492404300000,9160.45,9178.0,9156.4,9172.25,830325
1492407900000,9173.0,9173.0,9155.8,9160.75,478500
1492411500000,9161.4,9171.0,9156.05,9161.55,309225
1492415100000,9162.0,9167.7,9155.05,9164.0,327375
1492418700000,9164.0,9171.95,9153.95,9166.15,567825
1492422300000,9166.85,9172.85,9164.4,9166.1,460425
1492487100000,9171.35,9246.65,9167.95,9233.9,3374400
1492490700000,9233.95,9238.7,9226.45,9230.5,676575
1492494300000,9230.9,9239.2,9228.5,9233.15,404025
1492497900000,9234.35,9234.75,9201.0,9202.3,1110600
1492501500000,9202.0,9202.0,9170.55,9189.2,2119050
1492505100000,9189.2,9195.35,9118.55,9126.25,3769800
1492508700000,9126.35,9130.0,9115.2,9116.9,1126050
1492573500000,9119.95,9133.6,9096.55,9116.0,2405175
1492577100000,9116.0,9129.35,9110.55,9123.5,606150
1492580700000,9123.5,9125.05,9105.5,9113.85,639600
1492584300000,9114.2,9128.9,9109.15,9118.0,657225
1492587900000,9118.4,9126.35,9108.0,9114.0,529050
1492591500000,9114.8,9128.35,9099.7,9127.75,1239675
1492595100000,9127.75,9147.0,9127.3,9145.55,1119900
1492659900000,9125.55,9144.0,9120.6,9125.3,1345950
1492663500000,9125.3,9154.0,9122.6,9143.05,1172475
1492667100000,9143.0,9165.0,9137.1,9157.3,913050
1492670700000,9158.15,9161.5,9139.3,9153.2,644700
1492674300000,9153.2,9154.75,9140.0,9149.95,533550
1492677900000,9150.0,9169.9,9137.15,9166.2,1062675
1492681500000,9165.5,9170.0,9160.15,9163.0,756900
1492746300000,9207.55,9207.55,9159.0,9164.5,1753500
1492749900000,9164.35,9171.05,9156.35,9170.5,557850
1492753500000,9170.4,9171.9,9156.75,9159.9,554475
1492757100000,9160.0,9161.05,9108.85,9112.4,2266800
1492760700000,9111.35,9121.0,9090.5,9097.15,2290425
1492764300000,9097.15,9131.0,9092.9,9121.55,1656975
1492767900000,9121.65,9133.2,9121.5,9129.95,912750
1493005500000,9140.15,9172.95,9129.8,9163.0,3377475
1493009100000,9163.0,9167.0,9154.8,9165.6,770775
1493012700000,9165.55,9186.4,9158.85,9179.3,1933650
1493016300000,9179.95,9209.8,9179.95,9208.0,2044050
1493019900000,9208.25,9223.4,9207.05,9222.6,2103825
1493023500000,9222.5,9234.5,9209.6,9226.65,1788075
1493027100000,9226.5,9231.0,9220.65,9225.0,847275
1493091900000,9264.8,9264.8,9244.15,9253.7,3566175
1493095500000,9254.0,9272.1,9251.85,9268.25,1613850
1493099100000,9268.2,9278.45,9266.45,9275.3,1281600
1493102700000,9275.3,9284.9,9270.6,9272.0,1432650
1493106300000,9270.9,9289.75,9256.65,9283.05,2439450
1493109900000,9283.1,9294.9,9281.2,9292.25,1901325
1493113500000,9292.15,9297.95,9292.05,9296.0,760500
1493178300000,9308.25,9338.0,9305.3,9333.8,2437800
1493181900000,9333.3,9348.75,9331.25,9342.4,2253675
1493185500000,9342.0,9353.9,9338.3,9346.15,1478700
1493189100000,9345.0,9346.7,9328.2,9336.65,1339200
1493192700000,9336.65,9357.45,9329.15,9329.15,1680150
1493196300000,9330.4,9350.0,9297.6,9346.95,3179325
1493199900000,9346.65,9350.0,9341.7,9344.0,982125
1493264700000,9344.7,9354.1,9325.0,9333.0,2044200
1493268300000,9333.0,9355.0,9332.5,9346.1,1676325
1493271900000,9346.6,9353.45,9341.75,9344.85,1524975
1493275500000,9344.05,9351.0,9332.25,9350.15,1449600
1493279100000,9351.0,9366.0,9345.0,9354.1,1691025
1493282700000,9353.0,9364.5,9340.0,9343.0,2957400
1493286300000,9344.05,9346.4,9342.4,9343.5,1759950
1493351100000,9353.15,9353.8,9327.8,9331.15,1789500
1493354700000,9331.25,9337.15,9322.95,9330.1,752175
1493358300000,9329.9,9333.15,9313.0,9323.95,887625
1493361900000,9324.0,9341.35,9321.95,9333.6,1020300
1493365500000,9334.85,9358.7,9332.7,9336.4,1108725
1493369100000,9336.85,9346.3,9328.7,9329.7,850875
1493372700000,9329.7,9337.45,9328.7,9330.9,951375
1493696700000,9337.0,9372.0,9337.0,9361.65,1711650
1493700300000,9361.65,9362.2,9300.0,9304.55,2094225
1493703900000,9304.0,9314.1,9281.0,9312.0,1383900
1493707500000,9312.4,9333.95,9312.4,9328.2,933300
1493711100000,9329.6,9344.85,9317.5,9322.55,999000
1493714700000,9322.45,9340.8,9312.35,9339.6,807975
1493718300000,9339.7,9343.75,9336.2,9341.0,622650
1493783100000,9342.05,9366.0,9315.1,9345.15,1735725
1493786700000,9345.0,9349.0,9336.5,9340.85,561225
1493790300000,9340.0,9344.3,9330.75,9333.05,426375
1493793900000,9333.2,9342.65,9324.45,9341.85,640725
1493797500000,9342.95,9348.85,9336.65,9346.6,595425
1493801100000,9346.8,9347.0,9330.25,9339.3,783075
1493804700000,9339.3,9344.0,9336.0,9337.0,486300
1493869500000,9358.25,9375.0,9344.0,9357.0,1735350
1493873100000,9357.0,9358.0,9350.25,9351.85,388650
1493876700000,9352.3,9356.2,9346.0,9346.0,635325
1493880300000,9346.4,9352.85,9332.8,9348.65,895200
1493883900000,9348.55,9377.0,9348.55,9373.4,1310250
1493887500000,9373.4,9384.0,9368.0,9375.0,1193700
1493891100000,9374.5,9381.4,9372.75,9381.0,616875
1493955900000,9359.8,9359.8,9330.55,9340.4,2024475
1493959500000,9339.25,9342.25,9331.85,9341.4,515325
1493963100000,9340.95,9341.0,9302.7,9314.9,2035125
1493966700000,9314.6,9326.5,9306.0,9306.0,893175
1493970300000,9305.75,9332.7,9297.0,9322.45,1777050
1493973900000,9321.4,9324.4,9302.15,9318.0,1133700
1493977500000,9318.0,9322.7,9310.75,9315.7,852150
1494215100000,9336.1,9349.0,9322.15,9343.95,1302450
1494218700000,9343.95,9363.45,9340.2,9361.1,1042125
1494222300000,9361.1,9362.0,9335.2,9338.0,931875
1494225900000,9337.55,9347.2,9330.0,9331.35,854325
1494229500000,9332.0,9349.9,9331.5,9343.65,414825
1494233100000,9343.2,9353.3,9336.85,9346.7,625725
1494236700000,9346.15,9347.5,9338.75,9345.65,524025
1494301500000,9350.25,9357.0,9331.95,9344.9,1523700
1494305100000,9344.6,9359.4,9343.5,9353.2,809400
1494308700000,9353.2,9355.0,9346.5,9352.0,301875
1494312300000,9351.85,9370.0,9347.65,9370.0,780075
1494315900000,9370.0,9372.65,9352.0,9353.5,748200
1494319500000,9352.7,9357.0,9344.0,9350.4,680325
1494323100000,9350.15,9353.7,9347.35,9350.6,469875
1494387900000,9359.35,9409.9,9357.95,9399.55,2832600
1494391500000,9399.55,9412.5,9398.15,9406.1,752025
1494395100000,9406.3,9407.0,9391.5,9398.85,663900
1494398700000,9398.85,9414.0,9387.05,9401.75,1129125
1494402300000,9401.25,9407.0,9392.5,9405.2,576150
1494405900000,9404.95,9421.0,9401.05,9417.35,1406925
1494409500000,9416.4,9424.5,9416.4,9417.6,999000
1494474300000,9431.6,9449.4,9431.6,9444.3,1441950
1494477900000,9444.15,9458.65,9442.7,9455.9,733425
1494481500000,9455.25,9464.0,9452.6,9459.25,529500
1494485100000,9459.8,9463.45,9447.85,9448.0,534375
1494488700000,9447.9,9455.0,9441.05,9446.8,661800
1494492300000,9445.2,9454.0,9434.5,9442.7,801450
1494495900000,9443.0,9443.85,9436.0,9437.0,656400
1494560700000,9428.25,9443.1,9401.0,9417.35,2063550
1494564300000,9417.9,9423.0,9410.0,9421.0,588600
1494567900000,9421.3,9423.0,9405.45,9411.0,616050
1494571500000,9411.2,9415.35,9396.0,9407.4,909675
1494575100000,9407.0,9413.0,9392.6,9398.45,756600
1494578700000,9397.5,9415.0,9389.05,9413.35,1280700
1494582300000,9413.35,9421.9,9413.3,9420.5,663450
1494819900000,9448.0,9453.55,9437.0,9444.95,1239225
1494823500000,9444.95,9452.75,9444.0,9447.6,434250
1494827100000,9447.2,9452.45,9445.0,9446.5,355275
1494830700000,9446.5,9454.4,9442.0,9445.1,414900
1494834300000,9445.0,9448.45,9441.7,9446.4,342000
1494837900000,9445.7,9454.0,9442.05,9452.0,573375
1494841500000,9451.5,9457.8,9450.1,9456.9,593025
1494906300000,9462.2,9493.95,9458.0,9470.0,2346075
1494909900000,9469.6,9475.05,9463.6,9474.35,580200
1494913500000,9474.0,9480.0,9472.75,9477.0,340725
1494917100000,9477.7,9492.0,9477.6,9491.0,600825
1494920700000,9491.65,9527.6,9486.8,9525.25,2041125
1494924300000,9525.0,9532.5,9516.15,9520.35,1343475
1494927900000,9521.2,9526.6,9518.65,9519.0,797775
1494992700000,9518.75,9518.75,9493.6,9514.0,1542450
1494996300000,9514.0,9518.45,9507.5,9510.0,522975
1494999900000,9510.0,9513.9,9502.7,9512.55,337725
1495003500000,9512.75,9524.35,9497.35,9521.05,817575
1495007100000,9522.0,9537.75,9518.8,9526.0,844125
1495010700000,9525.95,9535.0,9517.65,9533.75,844575
1495014300000,9534.0,9536.5,9531.6,9534.0,580500
1495079100000,9476.05,9503.0,9470.1,9479.6,2583000
1495082700000,9479.5,9482.0,9463.0,9479.0,1572900
1495086300000,9479.0,9494.85,9475.0,9490.6,720000
1495089900000,9490.85,9490.85,9476.2,9477.7,766725
1495093500000,9478.0,9482.0,9464.0,9465.1,964950
1495097100000,9465.1,9470.5,9437.55,9445.75,2394000
1495100700000,9446.25,9446.9,9433.3,9436.6,1070250
1495165500000,9463.45,9512.4,9462.0,9500.6,3078000
1495169100000,9500.0,9508.4,9470.0,9470.4,1231950
1495172700000,9470.5,9470.5,9408.25,9419.35,2996475
1495176300000,9418.65,9438.85,9401.55,9424.0,1603125
1495179900000,9423.15,9453.85,9406.55,9448.9,1187625
1495183500000,9449.5,9458.7,9431.15,9438.05,1407600
1495187100000,9438.5,9455.5,9436.7,9455.5,798375
1495424700000,9480.0,9492.05,9459.0,9465.7,1751025
1495428300000,9465.0,9470.5,9452.2,9465.15,893475
1495431900000,9466.0,9470.05,9458.1,9463.3,1095075
1495435500000,9463.25,9466.0,9433.05,9436.25,1444200
1495439100000,9436.5,9461.25,9426.9,9450.2,1228500
1495442700000,9451.15,9454.5,9432.7,9440.9,1418175
1495446300000,9440.85,9448.0,9438.25,9445.0,644850
1495511100000,9458.65,9464.0,9381.1,9395.9,3273225
1495514700000,9395.85,9407.45,9386.65,9392.5,1906650
1495518300000,9392.9,9399.0,9386.1,9393.05,1008225
1495521900000,9393.05,9434.95,9387.9,9428.35,1633875
1495525500000,9428.0,9447.45,9417.0,9429.4,2159175
1495529100000,9429.55,9429.95,9371.0,9386.5,2724600
1495532700000,9385.6,9395.15,9385.0,9388.45,787800
1495597500000,9401.25,9420.0,9392.55,9407.0,2802975
1495601100000,9407.0,9439.9,9405.7,9423.5,2164800
1495604700000,9423.6,9425.0,9402.0,9405.45,1380900
1495608300000,9406.9,9407.2,9353.0,9362.4,4319025
1495611900000,9362.45,9395.0,9351.0,9353.5,2000250
1495615500000,9353.6,9367.9,9340.0,9360.75,2023725
1495619100000,9361.0,9375.0,9359.0,9374.35,1100625
1495683900000,9384.95,9408.9,9378.5,9399.65,3207975
1495687500000,9399.7,9424.45,9398.45,9416.0,1933350
1495691100000,9415.0,9421.2,9406.3,9413.0,1038225
1495694700000,9412.95,9431.5,9402.1,9423.8,1253925
1495698300000,9423.35,9473.85,9418.0,9464.5,2885250
1495701900000,9465.7,9517.9,9461.55,9515.0,3133725
1495705500000,9515.0,9516.1,9508.0,9511.9,1660650
1495770300000,9490.1,9535.0,9475.0,9529.05,2742900
1495773900000,9529.05,9548.6,9523.0,9533.0,986175
1495777500000,9532.25,9549.8,9526.3,9549.4,813675
1495781100000,9548.25,9567.7,9538.6,9567.7,997950
1495784700000,9567.5,9574.5,9557.0,9570.4,1360650
1495788300000,9569.35,9586.5,9560.75,9578.2,1353675
1495791900000,9578.15,9580.5,9568.1,9569.05,954900
1496029500000,9560.0,9616.95,9552.9,9554.25,3454950
1496033100000,9554.1,9589.45,9543.55,9589.0,1747425
1496036700000,9588.05,9600.2,9579.35,9593.0,891375
1496040300000,9593.1,9604.0,9589.05,9598.85,706950
1496043900000,9598.95,9639.85,9590.0,9638.05,1344150
1496047500000,9638.0,9638.0,9595.0,9603.6,1875525
1496051100000,9603.2,9611.95,9603.2,9608.95,808275
1496115900000,9590.25,9627.85,9582.4,9603.6,1870350
1496119500000,9604.2,9607.0,9586.0,9605.4,873225
1496123100000,9605.4,9615.5,9598.25,9612.9,539550
1496126700000,9612.75,9618.1,9592.15,9613.45,703725
1496130300000,9613.45,9624.6,9612.15,9622.05,673800
1496133900000,9622.0,9633.35,9617.0,9618.15,853050
1496137500000,9618.0,9624.75,9615.0,9615.05,674325
1496202300000,9616.6,9632.7,9610.0,9620.95,1502700
1496205900000,9620.95,9622.45,9612.3,9618.0,425400
1496209500000,9617.95,9624.9,9607.2,9622.35,452325
1496213100000,9622.05,9629.15,9619.0,9624.9,461850
1496216700000,9624.05,9636.0,9617.0,9631.0,840825
1496220300000,9630.75,9641.7,9618.25,9632.0,1806900
1496223900000,9630.9,9631.75,9624.45,9629.0,1120950
1496288700000,9626.0,9634.4,9613.55,9625.8,996150
1496292300000,9626.0,9644.95,9625.5,9631.7,708375
1496295900000,9632.45,9633.0,9625.0,9626.55,385575
1496299500000,9626.3,9626.3,9595.95,9611.95,1320525
1496303100000,9612.0,9639.35,9611.05,9629.1,821175
1496306700000,9629.0,9636.0,9622.0,9631.75,487875
1496310300000,9631.7,9633.0,9627.0,9631.0,534450
1496375100000,9660.15,9672.0,9646.45,9647.15,1648050
1496378700000,9648.0,9664.0,9647.0,9664.0,467400
1496382300000,9664.0,9667.0,9646.8,9653.05,679725
1496385900000,9653.5,9663.4,9653.5,9659.25,476025
1496389500000,9659.0,9667.4,9654.3,9659.1,523350
1496393100000,9659.65,9669.8,9652.3,9654.4,968850
1496396700000,9653.55,9655.9,9643.2,9644.45,797850
1496634300000,9655.15,9679.0,9653.0,9672.6,1466775
1496637900000,9672.55,9682.9,9670.0,9680.65,535575
1496641500000,9681.6,9699.0,9680.8,9693.45,1045425
1496645100000,9693.25,9694.95,9672.0,9681.05,836400
1496648700000,9681.0,9693.1,9676.0,9690.5,384825
1496652300000,9690.5,9694.0,9682.0,9683.65,656550
1496655900000,9683.95,9689.25,9683.05,9685.1,706425
1496720700000,9700.0,9704.0,9663.35,9673.05,1661775
1496724300000,9674.6,9684.5,9670.5,9672.75,494100
1496727900000,9672.5,9681.3,9670.0,9674.2,482550
1496731500000,9674.2,9674.7,9658.7,9666.4,996075
1496735100000,9666.4,9674.85,9663.05,9669.75,412200
1496738700000,9670.45,9674.85,9659.05,9664.6,838125
1496742300000,9664.4,9670.7,9663.0,9666.15,666825
1496807100000,9672.1,9695.5,9666.7,9695.0,1000125
1496810700000,9695.0,9698.4,9683.2,9689.4,555000
1496814300000,9689.3,9691.9,9680.35,9683.15,263325
1496817900000,9683.15,9684.4,9651.0,9667.0,1473225
1496821500000,9666.75,9668.55,9656.5,9659.7,381225
1496825100000,9659.8,9681.4,9650.65,9680.9,1753800
1496828700000,9679.2,9684.8,9676.7,9684.8,530250
1496893500000,9690.5,9705.0,9660.65,9671.7,1479975
1496897100000,9671.45,9674.0,9661.0,9670.1,381375
1496900700000,9670.0,9679.6,9667.35,9674.5,455625
1496904300000,9675.0,9682.4,9670.35,9680.15,367200
1496907900000,9680.75,9683.8,9674.0,9680.0,325200
1496911500000,9680.0,9684.4,9660.25,9666.0,879000
1496915100000,9666.5,9674.0,9666.1,9670.0,630150
1496979900000,9668.85,9668.85,9619.95,9635.0,2646300
1496983500000,9634.9,9645.3,9632.25,9635.85,614475
1496987100000,9634.6,9640.15,9632.0,9638.4,226575
1496990700000,9638.0,9657.95,9628.2,9653.4,894975
1496994300000,9653.95,9657.1,9633.6,9646.6,761700
1496997900000,9646.0,9693.85,9645.9,9683.65,2041275
1497001500000,9683.3,9684.95,9676.8,9680.25,573225
1497239100000,9626.6,9642.5,9606.15,9623.4,2872125
1497242700000,9623.7,9631.0,9617.0,9630.0,712725
1497246300000,9630.4,9635.35,9618.75,9623.4,630000
1497249900000,9623.0,9629.4,9612.7,9619.05,547575
1497253500000,9619.05,9629.35,9605.0,9613.45,828225
1497257100000,9613.9,9622.4,9602.0,9617.0,1285200
1497260700000,9617.0,9626.85,9615.0,9621.0,757875
1497325500000,9637.6,9660.6,9628.6,9641.0,1445700
1497329100000,9640.75,9648.4,9636.6,9646.65,338925
1497332700000,9646.7,9656.65,9639.45,9652.85,486225
1497336300000,9652.9,9654.95,9645.1,9649.0,335400
1497339900000,9648.95,9655.85,9635.0,9637.3,636525
1497343500000,9638.5,9643.35,9611.5,9621.8,1277850
1497347100000,9622.0,9622.6,9608.25,9613.3,639375
1497411900000,9618.6,9625.0,9598.25,9610.5,1365900
1497415500000,9610.5,9617.75,9604.5,9613.0,538575
1497419100000,9613.0,9616.8,9599.4,9609.65,652800
1497422700000,9609.65,9637.5,9605.5,9629.0,1149750
1497426300000,9628.9,9640.0,9625.0,9632.0,799275
1497429900000,9632.25,9647.0,9631.0,9638.0,948150
1497433500000,9637.0,9639.0,9634.1,9638.15,438525
1497498300000,9618.55,9626.35,9607.1,9620.0,1456200
1497501900000,9620.1,9626.0,9616.2,9619.05,314100
1497505500000,9618.6,9622.0,9605.75,9610.9,556200
1497509100000,9610.85,9615.0,9596.05,9603.0,1011600
1497512700000,9603.0,9610.0,9592.5,9602.3,731250
1497516300000,9602.1,9607.0,9584.25,9602.05,1249275
1497519900000,9602.05,9604.85,9596.0,9598.25,738525
1497584700000,9607.75,9620.8,9607.25,9619.55,1056900
1497588300000,9619.1,9626.9,9597.7,9605.0,963450
1497591900000,9604.6,9607.25,9595.45,9602.9,511875
1497595500000,9604.0,9613.9,9602.0,9608.0,493875
1497599100000,9608.0,9613.75,9598.55,9601.0,446475
1497602700000,9600.55,9609.0,9585.0,9601.4,1283175
1497606300000,9602.0,9603.0,9588.15,9590.0,1140750
1497843900000,9626.0,9651.2,9625.5,9641.0,1761600
1497847500000,9639.5,9646.0,9636.9,9641.6,435000
1497851100000,9641.95,9645.0,9639.35,9640.05,290325
1497854700000,9640.05,9651.0,9639.7,9644.8,533475
1497858300000,9644.5,9680.0,9643.4,9676.3,1696650
1497861900000,9676.9,9697.0,9675.0,9677.0,1645125
1497865500000,9675.45,9677.2,9670.2,9674.95,761100
1497930300000,9684.0,9685.0,9673.9,9681.5,749400
1497933900000,9681.6,9688.8,9679.45,9681.5,365175
1497937500000,9681.35,9689.6,9680.0,9687.5,442200
1497941100000,9687.15,9687.9,9663.75,9675.9,621150
1497944700000,9675.9,9678.35,9662.0,9668.5,405000
1497948300000,9669.2,9680.0,9665.5,9675.7,431025
1497951900000,9675.7,9678.0,9671.05,9676.5,520275
1498016700000,9644.9,9654.0,9615.8,9638.15,2069400
1498020300000,9638.9,9639.0,9631.7,9633.7,342225
1498023900000,9633.5,9642.45,9632.2,9640.1,313875
1498027500000,9640.85,9643.25,9631.7,9636.15,323925
1498031100000,9636.15,9656.5,9623.25,9648.9,886500
1498034700000,9648.0,9668.0,9648.0,9652.25,1303575
1498038300000,9652.25,9658.8,9651.75,9657.65,531000
1498103100000,9680.15,9688.0,9668.1,9676.3,1278750
1498106700000,9676.3,9698.3,9673.15,9697.05,1111050
1498110300000,9697.25,9716.0,9696.85,9707.0,1590975
1498113900000,9706.05,9708.5,9686.75,9698.15,814650
1498117500000,9698.0,9698.85,9673.65,9683.2,885750
1498121100000,9683.95,9684.95,9616.65,9642.95,2486625
1498124700000,9642.95,9645.9,9630.05,9631.35,879525
1498189500000,9639.95,9640.0,9595.0,9609.7,2144325
1498193100000,9609.7,9618.55,9599.0,9605.05,961200
1498196700000,9605.45,9606.25,9574.2,9588.1,1541175
1498200300000,9588.0,9609.0,9586.6,9602.4,1058025
1498203900000,9602.6,9615.0,9593.35,9609.55,959250
1498207500000,9608.75,9612.9,9587.2,9590.5,1129125
1498211100000,9590.2,9594.7,9583.1,9592.0,932775
1498535100000,9615.0,9616.9,9532.55,9545.95,4822425
1498538700000,9545.95,9547.6,9522.55,9531.55,3066225
1498542300000,9531.1,9544.0,9530.0,9541.0,1197150
1498545900000,9541.7,9542.3,9511.55,9516.6,1310400
1498549500000,9516.15,9519.0,9480.05,9483.45,2133825
1498553100000,9483.5,9522.05,9481.25,9519.4,2401575
1498556700000,9519.8,9522.0,9512.0,9515.0,841950
1498621500000,9503.35,9524.0,9483.85,9497.95,2471175
1498625100000,9497.95,9517.75,9495.6,9502.25,1514850
1498628700000,9501.9,9520.45,9499.0,9511.6,1207125
1498632300000,9511.6,9513.0,9485.1,9494.95,1106475
1498635900000,9494.2,9498.0,9472.0,9495.95,1558050
1498639500000,9495.0,9504.3,9481.9,9495.05,1576500
1498643100000,9495.9,9503.9,9493.5,9503.8,776325
1498707900000,9525.25,9561.8,9524.05,9556.2,3157425
1498711500000,9556.2,9556.7,9546.0,9555.65,1727175
1498715100000,9555.5,9584.9,9552.65,9577.0,1997700
1498718700000,9577.0,9577.1,9511.05,9517.0,2389125
1498722300000,9515.8,9529.0,9497.4,9518.5,1996425
1498725900000,9518.0,9547.95,9503.0,9508.9,2952825
1498729500000,9506.9,9509.5,9504.05,9506.0,2350500
1498794300000,9493.25,9493.25,9451.5,9472.2,2411775
1498797900000,9472.65,9489.8,9472.2,9483.75,944775
1498801500000,9484.0,9488.8,9474.2,9488.8,707925
1498805100000,9488.0,9505.0,9477.25,9494.1,1202625
1498808700000,9494.15,9499.2,9468.65,9479.95,861375
1498812300000,9479.25,9514.75,9479.25,9514.75,1749825
1498815900000,9514.75,9529.05,9513.4,9515.2,1162800
1499053500000,9547.7,9576.95,9538.75,9566.6,2461125
1499057100000,9566.15,9614.45,9566.0,9606.6,2024400
1499060700000,9606.85,9623.15,9596.7,9614.5,1057050
1499064300000,9614.5,9624.8,9606.0,9609.8,639375
1499067900000,9609.25,9612.05,9586.4,9605.25,1208700
1499071500000,9605.25,9620.0,9602.6,9615.0,1268775
1499075100000,9615.95,9634.65,9614.0,9627.0,1077300
1499139900000,9623.4,9643.55,9617.05,9634.0,2046525
1499143500000,9634.0,9634.0,9598.0,9607.65,1543425
1499147100000,9607.9,9623.0,9601.65,9609.55,860400
1499150700000,9609.55,9629.5,9595.1,9626.75,841575
1499154300000,9626.0,9637.9,9620.0,9633.55,658125
1499157900000,9633.65,9639.8,9623.0,9623.5,927300
1499161500000,9623.0,9625.25,9619.05,9620.0,621825
1499226300000,9636.15,9640.0,9615.0,9636.0,986775
1499229900000,9636.0,9648.0,9633.05,9642.65,780600
1499233500000,9642.85,9642.9,9629.0,9632.0,447450
1499237100000,9631.9,9642.0,9626.6,9638.15,689700
1499240700000,9639.0,9640.9,9626.2,9636.95,447300
1499244300000,9636.5,9645.0,9631.1,9644.35,818400
1499247900000,9643.2,9651.0,9643.2,9647.5,672975
1499312700000,9653.0,9668.45,9642.55,9662.45,2014575
1499316300000,9662.65,9682.95,9662.55,9677.45,921000
1499319900000,9677.45,9681.4,9672.0,9679.85,394500
1499323500000,9679.85,9687.75,9675.25,9680.95,651300
1499327100000,9680.9,9697.9,9672.95,9694.0,1067025
1499330700000,9693.8,9702.9,9668.0,9673.0,1726875
1499334300000,9673.4,9676.75,9667.0,9668.0,645975
1499399100000,9654.0,9667.25,9644.25,9653.2,1376175
1499402700000,9653.25,9660.05,9646.85,9657.2,639300
1499406300000,9657.35,9666.0,9655.9,9664.1,367650
1499409900000,9664.9,9665.85,9654.55,9662.0,465675
1499413500000,9662.05,9682.0,9654.95,9674.65,1063800
1499417100000,9674.35,9682.05,9664.0,9666.0,757425
1499420700000,9666.0,9671.7,9663.3,9668.0,632700
1499658300000,9700.15,9719.0,9688.25,9711.75,1982475
1499669100000,9712.0,9738.65,9708.3,9737.0,1245000
1499672700000,9738.0,9780.0,9736.9,9776.75,2048250
1499676300000,9776.15,9793.5,9773.2,9778.4,1716075
1499679900000,9778.4,9782.35,9770.0,9774.35,866025
1499744700000,9801.65,9814.0,9786.5,9802.1,1822125
1499748300000,9802.1,9809.8,9795.85,9804.45,501900
1499751900000,9805.0,9818.75,9804.2,9815.95,494700
1499755500000,9816.0,9829.0,9814.0,9824.9,739050
1499759100000,9824.9,9826.0,9803.15,9818.0,965475
1499762700000,9818.6,9819.0,9780.6,9789.0,1512075
1499766300000,9789.3,9792.7,9783.9,9792.0,574125
1499831100000,9802.0,9817.45,9786.65,9792.0,1636200
1499834700000,9792.0,9811.0,9787.5,9793.75,1040550
1499838300000,9794.3,9803.95,9786.2,9789.45,777750
1499841900000,9788.95,9809.3,9787.55,9803.6,845175
1499845500000,9803.6,9808.0,9796.35,9806.0,558675
1499849100000,9806.0,9817.85,9798.75,9817.0,983325
1499852700000,9817.0,9830.0,9815.1,9828.65,1025025
1499917500000,9872.15,9879.65,9862.25,9872.1,2144775
1499921100000,9872.6,9878.0,9869.1,9872.0,654825
1499924700000,9872.9,9875.25,9859.05,9869.0,713025
1499928300000,9868.05,9872.5,9857.5,9870.5,479025
1499931900000,9870.4,9883.65,9865.55,9879.6,859125
1499935500000,9879.7,9889.5,9868.0,9887.1,1043250
1499939100000,9887.0,9892.9,9885.0,9885.2,725775
1500003900000,9907.0,9907.0,9863.25,9874.7,1485000
1500007500000,9874.3,9876.0,9858.1,9868.95,832650
1500011100000,9868.5,9885.5,9862.0,9882.6,783975
1500014700000,9882.6,9889.8,9877.5,9885.0,402600
1500018300000,9885.0,9889.8,9879.05,9885.55,363075
1500021900000,9885.55,9903.8,9875.75,9899.0,1126650
1500025500000,9899.0,9904.45,9896.55,9903.05,678525
1500263100000,9926.15,9929.0,9906.1,9918.1,1685325
1500266700000,9918.1,9923.75,9916.2,9918.2,479175
1500270300000,9917.95,9920.0,9911.3,9912.9,389175
1500273900000,9913.0,9924.0,9909.5,9918.8,416625
1500277500000,9919.5,9934.0,9916.3,9934.0,867975
1500281100000,9934.05,9942.95,9926.0,9932.65,1143675
1500284700000,9932.65,9935.0,9930.6,9933.85,773625
1500349500000,9873.2,9905.2,9863.0,9894.0,3203850
1500353100000,9894.0,9897.7,9858.6,9873.0,1485000
1500356700000,9873.25,9886.7,9870.7,9878.95,768075
1500360300000,9878.65,9879.9,9863.6,9865.7,676800
1500363900000,9865.1,9895.35,9863.95,9891.15,1078275
1500367500000,9890.85,9896.0,9832.0,9849.85,2944350
1500371100000,9849.85,9852.6,9845.05,9852.6,813075
1500435900000,9875.25,9883.6,9865.4,9877.05,1418700
1500439500000,9877.6,9887.85,9874.0,9879.4,791925
1500443100000,9879.4,9891.5,9878.0,9885.0,539175
1500446700000,9885.55,9895.0,9881.25,9887.15,706125
1500450300000,9886.2,9890.65,9875.0,9885.0,731925
1500453900000,9885.05,9923.15,9882.4,9916.7,2018400
1500457500000,9916.7,9925.0,9913.05,9923.0,794400
1500522300000,9927.75,9929.0,9907.8,9908.25,1088325
1500525900000,9908.3,9916.5,9903.6,9914.15,569400
1500529500000,9914.9,9915.35,9902.55,9904.0,344700
1500533100000,9903.75,9904.0,9866.3,9886.9,2009175
1500536700000,9886.75,9899.0,9872.2,9881.95,841650
1500540300000,9882.0,9899.5,9873.0,9885.0,1090575
1500543900000,9884.0,9891.7,9882.0,9886.85,585075
1500608700000,9900.05,9919.75,9878.95,9917.85,1661175
1500612300000,9918.0,9918.85,9904.4,9911.05,540150
1500615900000,9911.55,9911.6,9886.7,9893.0,691875
1500619500000,9892.8,9899.65,9833.3,9846.35,2740725
1500623100000,9845.15,9879.8,9841.75,9868.05,1232850
1500626700000,9869.95,9916.4,9868.55,9908.5,2169150
1500630300000,9908.85,9916.4,9906.25,9910.1,737250
1500867900000,9924.9,9945.85,9914.15,9941.65,1719525
1500871500000,9942.0,9964.8,9941.5,9959.65,1158600
1500875100000,9959.7,9962.1,9951.8,9957.0,721425
1500878700000,9956.95,9962.5,9953.5,9953.5,788250
1500882300000,9953.5,9972.2,9948.45,9970.5,1000275
1500885900000,9970.7,9973.8,9939.1,9955.0,2048175
1500889500000,9955.4,9963.1,9953.35,9961.5,918825
1500954300000,9985.4,9994.85,9953.5,9965.5,2003400
1500957900000,9964.0,9968.95,9953.55,9961.0,1050450
1500961500000,9960.5,9963.7,9950.85,9958.0,956025
1500965100000,9958.0,9966.95,9951.0,9958.0,754875
1500968700000,9958.7,9974.9,9955.65,9973.5,770100
1500972300000,9973.0,9980.25,9960.15,9972.25,1417575
1500975900000,9972.0,9974.15,9970.0,9974.05,748200
1501040700000,9975.25,9984.7,9964.2,9979.0,1356375
1501044300000,9978.15,9990.9,9978.0,9987.0,1044600
1501047900000,9987.05,10000.0,9984.2,9996.7,1235100
1501051500000,9997.05,10009.0,9988.0,9995.95,1300425
1501055100000,9995.8,10003.5,9986.95,9997.5,973275
1501058700000,9997.0,10023.5,9994.9,10021.0,2283075
1501062300000,10021.0,10032.0,10020.0,10030.75,1259850
1501127100000,10042.4,10099.4,10042.35,10084.6,3095925
1501130700000,10084.6,10109.75,10080.0,10107.75,2125425
1501134300000,10107.4,10117.9,10094.0,10102.0,1989375
1501137900000,10101.75,10102.1,10055.55,10077.75,2789250
1501141500000,10079.45,10080.0,10045.75,10068.0,1873125
1501145100000,10068.3,10082.0,10010.0,10024.5,3264825
1501148700000,10024.3,10025.9,10020.1,10022.4,1322250
1501213500000,10011.5,10024.0,9990.0,10021.3,3127650
1501217100000,10021.3,10032.0,10006.65,10021.8,1084425
1501220700000,10021.7,10030.6,10015.25,10029.9,700875
1501224300000,10029.9,10039.7,10012.55,10021.7,858375
1501227900000,10022.6,10022.6,9991.0,10015.05,1429050
1501231500000,10015.05,10049.65,10007.0,10042.0,2040300
1501235100000,10040.75,10053.3,10034.6,10039.0,1157625
1501472700000,10038.25,10078.0,10038.25,10063.5,1157250
1501476300000,10063.5,10073.3,10058.0,10065.4,384300
1501479900000,10065.75,10075.4,10064.65,10069.1,406050
1501483500000,10069.9,10084.9,10065.75,10079.0,560400
1501487100000,10079.7,10089.25,10072.6,10076.0,445725
1501490700000,10076.0,10114.2,10065.0,10104.9,1486275
1501494300000,10105.0,10109.85,10102.8,10102.8,692625
1501559100000,10115.0,10134.0,10110.0,10122.05,1224375
1501562700000,10122.05,10128.0,10106.0,10113.95,522375
1501566300000,10113.0,10120.9,10105.0,10118.7,338625
1501569900000,10117.75,10130.0,10115.35,10121.0,401250
1501573500000,10121.8,10138.0,10116.75,10132.15,425700
1501577100000,10131.3,10139.0,10110.05,10137.9,904725
1501580700000,10137.2,10149.9,10136.5,10147.25,674175
1501645500000,10149.0,10149.0,10125.0,10129.3,933300
1501649100000,10129.8,10132.85,10119.9,10126.3,505875
1501652700000,10127.4,10131.4,10121.15,10123.8,302625
1501656300000,10123.0,10125.9,10113.0,10114.45,456300
1501659900000,10114.75,10128.4,10100.7,10111.2,772500
1501663500000,10111.9,10134.5,10090.1,10114.1,2339850
1501667100000,10114.1,10114.9,10081.0,10081.0,1042650
1501731900000,10081.1,10087.9,10056.0,10060.9,1698075
1501735500000,10060.9,10066.95,10050.1,10060.25,897675
1501739100000,10060.5,10074.0,10058.3,10066.9,360525
1501742700000,10067.0,10081.85,10064.0,10078.0,401325
1501746300000,10077.95,10079.0,10056.6,10067.15,623325
1501749900000,10068.0,10069.6,10024.0,10050.0,1854525
1501753500000,10048.75,10051.85,10034.05,10036.65,787275
1501818300000,10028.45,10054.7,10018.25,10043.85,1279050
1501821900000,10043.85,10048.5,10027.1,10038.7,673275
1501825500000,10038.0,10043.9,10032.55,10038.0,300825
1501829100000,10038.8,10054.85,10035.2,10045.75,449175
1501832700000,10046.95,10096.0,10043.75,10093.6,1796775
1501836300000,10092.65,10124.0,10072.55,10111.15,2478375
1501839900000,10112.15,10118.3,10107.6,10111.05,858900
1502077500000,10099.0,10119.0,10088.0,10102.85,1222200
1502081100000,10102.85,10115.5,10094.45,10109.0,561675
1502084700000,10107.65,10112.45,10103.25,10105.5,208050
1502088300000,10105.8,10112.4,10103.0,10111.4,306375
1502091900000,10110.6,10112.9,10095.55,10112.5,433725
1502095500000,10112.0,10117.6,10094.4,10096.0,520200
1502099100000,10096.0,10098.0,10079.5,10085.6,553050
1502163900000,10081.1,10104.9,10000.0,10003.35,3393450
1502167500000,10004.0,10016.9,9958.5,10016.9,2890575
1502171100000,10015.8,10042.5,10009.0,10023.0,1304625
1502174700000,10023.0,10036.35,10018.15,10023.0,560550
1502178300000,10022.1,10029.0,9984.2,9997.0,1276875
1502181900000,9997.0,10006.9,9984.9,9993.35,945975
1502185500000,9992.5,10009.9,9991.55,10003.9,751350
1502250300000,9977.75,9982.35,9950.2,9977.9,2105925
1502253900000,9977.1,9989.0,9959.65,9967.5,847725
1502257500000,9967.5,9971.5,9953.1,9962.0,428250
1502261100000,9962.0,9971.5,9955.15,9958.3,597375
1502264700000,9958.15,9964.1,9932.15,9950.25,1942275
1502268300000,9950.0,9980.0,9931.0,9931.1,1808100
1502271900000,9931.0,9932.75,9912.2,9912.3,1166625
1502336700000,9895.0,9895.0,9864.8,9882.95,2296425
1502340300000,9882.0,9919.9,9881.05,9914.8,1164825
1502343900000,9913.85,9915.95,9895.1,9899.0,741600
1502347500000,9898.9,9905.75,9879.1,9887.0,852375
1502351100000,9886.05,9890.0,9865.4,9886.5,1135950
1502354700000,9887.0,9887.0,9803.55,9842.9,3195375
1502358300000,9843.4,9882.7,9843.0,9875.5,1228425
1502423100000,9776.75,9779.3,9748.2,9767.65,3805275
1502426700000,9767.95,9790.0,9765.0,9780.95,1544850
1502430300000,9781.4,9800.0,9773.95,9786.0,1066875
1502433900000,9785.1,9787.9,9758.0,9769.75,1262250
1502437500000,9770.0,9775.9,9722.0,9730.95,1980375
1502441100000,9731.0,9752.4,9710.1,9748.8,2380350
1502444700000,9747.05,9753.7,9736.0,9737.05,998850
1502682300000,9778.25,9815.9,9776.7,9803.0,2092425
1502685900000,9803.0,9812.75,9797.7,9806.9,768075
1502689500000,9807.0,9825.0,9804.95,9812.2,807750
1502693100000,9812.2,9824.05,9809.1,9824.05,545400
1502696700000,9824.8,9830.0,9812.35,9822.25,708525
1502700300000,9822.25,9837.8,9814.2,9818.0,1195200
1502703900000,9818.0,9821.0,9808.0,9809.0,715875
1502855100000,9829.4,9834.5,9778.2,9795.75,2372850
1502858700000,9795.75,9818.8,9795.0,9812.9,891675
1502862300000,9812.85,9824.5,9796.7,9816.6,735225
1502865900000,9816.6,9864.35,9815.6,9857.45,2123925
1502869500000,9857.0,9885.0,9854.8,9871.6,2006850
1502873100000,9873.0,9909.0,9865.85,9904.95,1908075
1502876700000,9904.5,9910.0,9902.2,9906.65,872400
1502941500000,9927.9,9938.0,9899.45,9922.5,2111700
1502945100000,9923.05,9940.0,9888.1,9890.0,1493775
1502948700000,9890.0,9905.0,9881.6,9897.55,1133700
1502952300000,9897.55,9934.25,9897.55,9933.0,1154100
1502955900000,9933.0,9935.0,9911.4,9913.9,776325
1502959500000,9912.7,9932.25,9898.9,9898.9,1148850
1502963100000,9898.8,9916.5,9894.0,9913.5,636975
1503027900000,9869.0,9869.0,9821.0,9847.0,2843325
1503031500000,9848.0,9855.0,9841.0,9846.95,460275
1503035100000,9846.95,9854.5,9833.15,9841.6,504750
1503038700000,9841.5,9841.6,9810.0,9811.85,1344900
1503042300000,9811.85,9827.0,9794.2,9825.3,1518975
1503045900000,9825.3,9865.0,9805.4,9861.1,2408175
1503049500000,9861.05,9865.85,9848.2,9849.7,926475
1503287100000,9869.95,9884.0,9847.35,9870.5,1649250
1503290700000,9870.5,9875.0,9825.0,9849.0,1561575
1503294300000,9848.05,9849.35,9821.0,9830.8,754800
1503297900000,9830.5,9835.0,9802.1,9810.4,919575
1503301500000,9810.4,9823.15,9784.9,9795.05,1446450
1503305100000,9796.1,9808.95,9763.0,9768.9,1959150
1503308700000,9768.95,9769.9,9755.0,9765.0,985950
1503373500000,9810.5,9837.45,9775.1,9778.9,3990450
1503377100000,9777.0,9798.9,9769.8,9795.0,1112175
1503380700000,9795.0,9820.0,9781.9,9815.0,932475
1503384300000,9815.0,9828.35,9790.1,9797.0,1189200
1503387900000,9796.75,9814.9,9772.1,9776.0,1323375
1503391500000,9775.65,9799.95,9772.0,9783.75,1347750
1503395100000,9783.75,9793.85,9776.65,9792.9,543825
1503459900000,9811.0,9831.85,9800.1,9817.25,1806600
1503463500000,9817.25,9825.0,9809.55,9818.5,467100
1503467100000,9818.5,9829.9,9810.6,9825.05,583950
1503470700000,9825.65,9833.0,9805.0,9814.0,892800
1503474300000,9813.0,9816.7,9801.1,9811.0,506850
1503477900000,9811.0,9874.25,9797.0,9864.0,2993325
1503481500000,9864.0,9865.1,9857.2,9859.1,767700
1503546300000,9872.0,9880.0,9855.05,9863.1,1280100
1503549900000,9862.05,9866.25,9852.15,9862.75,453150
1503553500000,9862.5,9870.0,9859.8,9861.8,406350
1503557100000,9861.1,9889.5,9860.05,9873.0,941925
1503560700000,9873.0,9879.0,9864.5,9878.7,507825
1503564300000,9879.0,9888.9,9872.0,9873.6,839325
1503567900000,9873.1,9882.95,9864.45,9879.9,664950
1503891900000,9905.75,9918.0,9884.3,9917.9,1582350
1503895500000,9917.7,9919.5,9907.5,9911.55,840000
1503899100000,9911.5,9933.45,9907.5,9932.7,1232400
1503902700000,9932.0,9939.35,9910.1,9915.0,1361175
1503906300000,9915.15,9918.4,9900.2,9904.5,1146450
1503909900000,9904.5,9920.95,9902.05,9915.5,1099275
1503913500000,9915.5,9921.0,9914.5,9915.0,627450
1503978300000,9879.0,9879.0,9842.95,9843.0,2702325
1503981900000,9844.0,9848.75,9830.0,9832.95,1883775
1503985500000,9832.5,9858.7,9832.0,9851.65,1164300
1503989100000,9851.65,9857.1,9821.0,9831.65,1282950
1503992700000,9831.0,9832.0,9787.5,9799.9,2157975
1503996300000,9799.9,9807.95,9782.7,9800.0,1711125
1503999900000,9800.0,9803.15,9792.4,9793.95,1059675
1504064700000,9850.25,9889.0,9846.5,9879.0,2582700
1504068300000,9878.7,9886.0,9870.55,9882.05,811875
1504071900000,9881.6,9914.0,9881.2,9905.85,1675500
1504075500000,9905.95,9918.8,9896.2,9897.0,1065300
1504079100000,9897.0,9904.75,9890.3,9901.85,756075
1504082700000,9903.35,9903.4,9877.05,9882.1,1683825
1504086300000,9882.0,9884.6,9878.25,9881.0,764475
1504151100000,9871.0,9892.05,9863.1,9865.9,1942425
1504154700000,9865.9,9872.75,9856.55,9861.9,2315700
1504158300000,9861.0,9892.95,9855.2,9892.0,1400700
1504161900000,9892.0,9903.0,9867.1,9867.55,1882950
1504165500000,9867.9,9886.35,9864.55,9883.5,1190025
1504169100000,9883.05,9921.5,9880.2,9919.5,3710700
1504172700000,9919.5,9922.05,9916.45,9919.7,1261800
1504237500000,9945.3,9999.0,9937.55,9992.7,2094675
1504241100000,9992.7,9993.95,9980.0,9980.95,686100
1504244700000,9980.25,9988.0,9977.0,9984.9,503850
1504248300000,9984.95,9996.0,9982.5,9995.0,495075
1504251900000,9995.0,10012.7,9989.5,9992.0,1163775
1504255500000,9992.0,10017.85,9985.0,10013.1,1019325
1504259100000,10013.0,10013.4,9999.0,10001.0,691275
1504496700000,10009.0,10009.0,9977.0,9980.0,1258650
1504500300000,9980.0,9982.5,9961.5,9973.5,871425
1504503900000,9973.5,9973.9,9894.8,9906.0,2881500
1504507500000,9905.8,9924.95,9887.0,9924.0,1751775
1504511100000,9924.0,9928.5,9893.0,9913.05,1006125
1504514700000,9914.8,9938.7,9908.7,9932.5,1294125
1504518300000,9931.85,9932.5,9919.0,9920.0,809100
1504583100000,9945.0,9969.0,9928.0,9954.35,1548900
1504586700000,9954.0,9967.0,9952.05,9963.3,406350
1504590300000,9964.0,9964.0,9936.9,9938.85,591075
1504593900000,9937.5,9952.0,9915.25,9949.7,1464675
1504597500000,9950.0,9968.0,9942.5,9965.0,902925
1504601100000,9965.0,9982.0,9964.65,9969.6,1278375
1504604700000,9969.3,9975.5,9965.65,9975.0,730725
1504669500000,9925.55,9932.0,9909.95,9919.2,1936425
1504673100000,9919.7,9934.4,9913.55,9928.45,585750
1504676700000,9929.0,9939.9,9922.05,9930.05,683025
1504680300000,9930.05,9948.0,9921.45,9940.25,941175
1504683900000,9940.8,9954.75,9931.85,9943.1,815325
1504687500000,9943.2,9948.5,9927.75,9930.95,919725
1504691100000,9931.55,9944.7,9930.0,9944.7,746925
1504755900000,9958.25,9982.0,9958.0,9967.65,1424325
1504759500000,9968.5,9972.5,9958.3,9961.1,437025
1504763100000,9961.1,9962.45,9947.0,9955.45,635700
1504766700000,9955.45,9959.9,9948.7,9953.7,427575
1504770300000,9953.65,9970.65,9951.0,9962.05,574500
1504773900000,9962.0,9967.6,9948.25,9957.6,733050
1504777500000,9957.6,9959.5,9949.0,9952.85,681075
1504842300000,9973.7,9978.0,9963.0,9967.05,940050
1504845900000,9966.65,9970.0,9933.55,9954.0,1187850
1504849500000,9953.4,9962.2,9948.0,9955.0,419100
1504853100000,9955.4,9958.0,9925.1,9930.1,923475
1504856700000,9930.0,9942.9,9928.05,9936.1,665175
1504860300000,9935.0,9960.0,9920.95,9954.9,1224900
1504863900000,9954.55,9954.9,9942.8,9946.2,602775
1505101500000,9995.55,10010.0,9985.25,10001.95,1631100
1505105100000,10002.0,10006.65,9993.0,10003.05,525900
1505108700000,10003.1,10042.0,10002.95,10036.9,2141400
1505112300000,10036.65,10038.5,10027.0,10036.5,469350
1505115900000,10037.0,10047.0,10033.0,10043.0,494625
1505119500000,10042.3,10049.5,10023.45,10027.0,865500
1505123100000,10027.0,10029.45,10019.25,10023.2,692775
1505187900000,10055.0,10059.55,10036.7,10049.1,1448025
1505191500000,10049.15,10070.0,10048.5,10066.25,914475
1505195100000,10066.0,10069.9,10061.1,10067.0,376350
1505198700000,10067.0,10072.0,10058.5,10067.65,418725
1505202300000,10067.05,10087.0,10065.0,10086.4,824100
1505205900000,10086.8,10114.35,10079.9,10107.0,1778475
1505209500000,10106.6,10112.6,10102.75,10104.9,976575
1505274300000,10105.0,10132.75,10090.0,10125.55,1859025
1505277900000,10125.55,10129.5,10116.0,10121.75,410025
1505281500000,10120.2,10124.85,10114.5,10123.1,442050
1505285100000,10123.05,10139.0,10116.25,10134.1,681900
1505288700000,10133.9,10144.7,10128.0,10134.0,633675
1505292300000,10134.1,10134.55,10081.1,10081.95,2121525
1505295900000,10081.05,10102.5,10078.0,10096.85,961275
1505360700000,10087.35,10143.45,10087.35,10130.0,1652100
1505364300000,10129.65,10136.5,10102.05,10103.25,849750
1505367900000,10103.5,10109.7,10089.0,10095.5,1032225
1505371500000,10095.8,10107.4,10093.2,10103.1,447000
1505375100000,10103.35,10109.5,10092.1,10102.45,544575
1505378700000,10101.0,10126.0,10100.0,10109.45,1025550
1505382300000,10109.65,10118.95,10108.0,10117.0,467400
1505447100000,10080.05,10102.45,10068.0,10075.5,2307000
1505450700000,10076.45,10084.0,10066.0,10070.0,794850
1505454300000,10069.3,10079.7,10065.55,10076.05,570975
1505457900000,10076.05,10084.0,10072.0,10079.8,521775
1505461500000,10079.8,10094.7,10065.0,10089.8,954600
1505465100000,10089.8,10132.4,10084.25,10104.2,2664900
1505468700000,10104.75,10106.85,10094.55,10097.8,1180575
1505706300000,10142.0,10188.0,10140.0,10179.0,2149650
1505709900000,10179.5,10181.7,10172.0,10177.0,413100
1505713500000,10178.0,10182.35,10173.0,10180.0,310875
1505717100000,10180.0,10188.8,10172.5,10175.8,454950
1505720700000,10175.45,10185.0,10170.1,10182.05,537900
1505724300000,10182.1,10184.0,10171.0,10173.0,733125
1505727900000,10173.45,10181.0,10168.0,10180.0,907800
1505792700000,10175.6,10175.6,10153.65,10154.95,1250700
1505796300000,10154.95,10162.8,10148.05,10158.6,764925
1505799900000,10158.6,10165.0,10158.1,10161.0,292725
1505803500000,10160.5,10165.45,10157.0,10162.05,318675
1505807100000,10162.5,10179.0,10160.5,10172.2,685050
1505810700000,10172.2,10175.0,10160.3,10167.9,796575
1505814300000,10167.6,10171.5,10165.8,10169.35,434625
1505879100000,10170.0,10178.4,10162.0,10166.45,985575
1505882700000,10166.4,10167.0,10158.1,10159.1,497925
1505886300000,10159.15,10165.05,10155.0,10162.0,268200
1505889900000,10162.5,10166.8,10158.1,10162.5,279375
1505893500000,10162.5,10171.4,10157.45,10169.8,450450
1505897100000,10169.3,10181.65,10166.1,10166.75,879525
1505900700000,10166.7,10169.3,10163.8,10168.75,556200
1505965500000,10151.75,10174.5,10093.25,10108.0,2836575
1505969100000,10108.0,10109.9,10072.65,10107.6,2015850
1505972700000,10107.65,10114.4,10097.6,10102.65,682125
1505976300000,10102.3,10122.9,10100.3,10104.1,735225
1505979900000,10104.15,10126.25,10102.9,10124.0,596250
1505983500000,10123.75,10155.0,10123.6,10139.6,1428150
1505987100000,10139.1,10142.45,10135.4,10138.0,559575
1506051900000,10085.15,10099.0,10035.1,10039.35,3503925
1506055500000,10038.9,10049.5,10026.05,10032.9,1389000
1506059100000,10033.0,10039.4,10020.15,10033.95,1085700
1506062700000,10033.1,10042.45,10011.65,10035.0,1209150
1506066300000,10035.0,10037.45,9987.0,10004.4,1576725
1506069900000,10005.25,10010.7,9981.5,9985.35,2373825
1506073500000,9985.35,9988.0,9973.7,9976.1,1123275
1506311100000,9965.0,9969.25,9881.15,9882.0,3922350
1506314700000,9882.95,9917.5,9863.0,9894.5,2378550
1506318300000,9895.4,9898.1,9881.0,9890.05,948975
1506321900000,9890.35,9901.95,9865.0,9876.85,1336350
1506325500000,9876.85,9882.7,9841.1,9865.0,1642875
1506329100000,9864.9,9892.0,9858.0,9882.0,1797075
1506332700000,9882.0,9885.0,9879.0,9880.0,835800
1506397500000,9861.95,9889.95,9843.0,9849.0,1993500
1506401100000,9848.9,9858.15,9825.0,9836.8,1783425
1506404700000,9837.1,9866.55,9830.0,9861.3,1093725
1506408300000,9861.3,9869.0,9846.15,9860.4,771000
1506411900000,9860.4,9891.6,9854.15,9880.5,1229550
1506415500000,9880.55,9904.4,9868.55,9869.35,1870050
1506419100000,9870.7,9870.7,9851.0,9856.0,753900
1506483900000,9898.25,9900.6,9847.0,9850.15,2419275
1506487500000,9849.65,9857.0,9813.25,9839.5,1978500
1506491100000,9840.0,9846.0,9823.55,9827.0,1254825
1506494700000,9828.0,9831.3,9791.1,9810.05,2580900
1506498300000,9810.0,9819.6,9783.65,9790.0,1414275
1506501900000,9791.35,9797.0,9731.55,9732.0,3593025
1506505500000,9732.25,9747.05,9718.25,9740.3,1472100
1506570300000,9723.15,9751.35,9695.0,9744.0,3330375
1506573900000,9744.0,9761.45,9729.65,9743.6,2081700
1506577500000,9743.0,9757.15,9733.0,9737.9,1323600
1506581100000,9737.8,9746.85,9700.05,9701.0,1810575
1506584700000,9702.05,9746.95,9699.0,9742.0,1610550
1506588300000,9740.6,9777.45,9725.0,9760.4,3633150
1506591900000,9761.0,9769.9,9760.25,9767.7,1193775
1506656700000,9802.35,9850.0,9802.35,9831.25,2290050
1506660300000,9831.15,9843.0,9828.0,9842.0,786225
1506663900000,9842.1,9865.0,9836.55,9860.0,1023825
1506667500000,9858.6,9870.0,9855.0,9869.5,696975
1506671100000,9869.5,9881.0,9860.0,9872.05,1073400
1506674700000,9871.8,9873.35,9788.0,9795.0,3192900
1506678300000,9795.15,9802.3,9791.0,9795.4,1039575
1507002300000,9895.0,9896.0,9842.0,9851.05,2090100
1507005900000,9851.9,9878.0,9846.0,9876.0,772875
1507009500000,9876.0,9879.75,9864.9,9866.8,809700
1507013100000,9867.0,9877.5,9856.3,9862.0,570300
1507016700000,9861.65,9866.5,9838.2,9852.3,971250
1507020300000,9852.05,9873.95,9850.2,9869.4,830925
1507023900000,9869.4,9872.0,9863.5,9870.0,643875
1507088700000,9866.3,9920.0,9860.4,9913.1,2088000
1507092300000,9913.0,9938.0,9910.2,9935.1,1734525
1507095900000,9935.9,9937.65,9922.4,9930.3,609450
1507099500000,9930.3,9938.0,9924.1,9928.7,490425
1507103100000,9928.0,9935.0,9913.0,9916.3,620700
1507106700000,9916.05,9954.0,9903.95,9920.95,2640150
1507110300000,9920.65,9947.0,9916.05,9944.0,919950
1507175100000,9931.0,9965.0,9925.0,9954.3,1529850
1507178700000,9954.9,9956.3,9913.0,9919.0,1180800
1507182300000,9918.65,9927.0,9911.8,9915.35,477600
1507185900000,9916.05,9928.85,9912.45,9925.0,608325
1507189500000,9924.6,9938.35,9915.0,9923.0,835575
1507193100000,9922.4,9927.6,9899.95,9900.95,1039350
1507196700000,9901.0,9915.4,9899.05,9915.0,672600
1507261500000,9930.1,9983.0,9928.05,9980.6,2435700
1507265100000,9981.5,9990.8,9968.0,9986.0,1022325
1507268700000,9986.4,9989.7,9973.5,9974.95,571800
1507272300000,9974.95,9984.9,9970.0,9979.5,320850
1507275900000,9979.8,9995.0,9966.25,9975.0,831450
1507279500000,9975.0,10006.4,9967.6,10004.5,1175100
1507283100000,10005.05,10017.8,10004.0,10017.0,1070475
1507520700000,9991.3,10033.0,9983.65,10024.95,1723650
1507524300000,10025.6,10032.8,10009.95,10010.0,645750
1507527900000,10010.0,10017.6,9998.25,10006.0,635625
1507531500000,10006.0,10014.5,9993.8,10010.95,598875
1507535100000,10010.15,10022.55,10006.55,10015.45,408300
1507538700000,10016.0,10024.8,10004.85,10015.0,553650
1507542300000,10014.45,10020.5,10011.1,10019.3,474000
1507607100000,10029.2,10039.9,10015.65,10024.7,1031400
1507610700000,10024.65,10042.0,10016.5,10039.0,582675
1507614300000,10039.45,10047.9,10028.35,10034.5,745425
1507617900000,10033.25,10039.4,10027.5,10037.95,274875
1507621500000,10037.0,10039.8,10012.5,10020.0,710250
1507625100000,10020.0,10038.9,10016.25,10034.3,707475
1507628700000,10034.0,10038.0,10032.05,10036.7,423825
1507693500000,10052.0,10079.8,10048.25,10076.25,1566675
1507697100000,10076.25,10084.0,10072.1,10075.0,723525
1507700700000,10075.0,10079.5,10069.7,10077.9,477825
1507704300000,10076.95,10078.65,10068.65,10068.9,400575
1507707900000,10069.0,10069.0,9992.7,10011.5,2773950
1507711500000,10011.3,10012.5,9969.5,9993.1,2794650
1507715100000,9993.1,9994.8,9980.9,9981.6,972000
1507779900000,10018.0,10036.95,9995.05,10024.5,2025225
1507783500000,10024.5,10039.9,10020.7,10033.25,635775
1507787100000,10031.15,10048.0,10030.0,10042.3,589425
1507790700000,10042.9,10048.0,10018.55,10028.05,691875
1507794300000,10027.6,10062.85,10022.6,10060.05,822675
1507797900000,10060.0,10114.0,10060.0,10111.7,2974575
1507801500000,10111.0,10117.4,10108.0,10116.65,947700
1507866300000,10130.0,10179.7,10117.0,10164.0,2763675
1507869900000,10163.2,10190.0,10158.3,10179.15,1282800
1507873500000,10179.1,10185.0,10172.15,10176.5,962400
1507877100000,10176.95,10194.5,10170.55,10191.0,859650
1507880700000,10191.7,10208.7,10185.3,10201.2,1444125
1507884300000,10200.15,10219.2,10184.0,10193.0,1878225
1507887900000,10193.8,10195.5,10187.0,10193.0,790725
1508125500000,10220.0,10260.95,10220.0,10246.0,2691000
1508129100000,10246.95,10250.0,10197.0,10208.0,2105100
1508132700000,10208.6,10241.45,10206.0,10235.0,862200
1508136300000,10235.25,10239.95,10207.0,10214.1,812850
1508139900000,10213.9,10253.0,10213.35,10251.0,936525
1508143500000,10250.95,10260.0,10240.95,10252.15,1048875
1508147100000,10252.35,10260.4,10251.0,10256.95,597450
1508211900000,10240.65,10253.8,10228.0,10238.0,1126800
1508215500000,10237.5,10268.3,10233.3,10265.0,865575
1508219100000,10265.15,10271.4,10250.2,10251.55,633075
1508222700000,10251.55,10252.15,10232.8,10246.3,911625
1508226300000,10247.0,10256.4,10235.0,10248.55,484125
1508229900000,10248.55,10261.75,10245.35,10252.35,611850
1508233500000,10251.6,10258.05,10249.15,10255.1,492750
1508298300000,10229.0,10232.4,10203.0,10219.35,1477425
1508301900000,10217.75,10220.7,10205.6,10216.45,650625
1508305500000,10215.85,10219.85,10195.25,10206.05,793875
1508309100000,10206.4,10238.0,10204.05,10237.0,1002000
1508312700000,10237.3,10251.95,10225.15,10235.0,784575
1508316300000,10236.0,10244.0,10225.35,10226.95,821100
1508319900000,10226.5,10248.0,10225.35,10247.0,605925
1508730300000,10175.0,10226.65,10156.4,10166.75,3398475
1508733900000,10166.75,10188.55,10161.35,10176.3,1166775
1508737500000,10176.25,10178.85,10119.6,10127.15,2136525
1508741100000,10126.25,10142.45,10120.4,10130.95,1185000
1508744700000,10130.25,10170.15,10124.1,10164.15,1275525
1508748300000,10163.0,10196.25,10154.35,10192.0,1492875
1508751900000,10191.5,10200.0,10185.75,10196.1,821850
1508816700000,10203.05,10238.0,10189.0,10237.95,2538075
1508820300000,10236.9,10244.0,10218.0,10220.0,1741050
1508823900000,10220.0,10226.3,10208.65,10222.45,1335225
1508827500000,10223.1,10233.0,10211.6,10219.0,1812000
1508831100000,10218.1,10225.0,10187.75,10206.65,1532475
1508834700000,10206.65,10228.15,10205.7,10220.4,1427100
1508838300000,10220.5,10222.9,10217.0,10220.0,638025
1508903100000,10335.0,10351.0,10254.05,10256.65,4354650
1508906700000,10256.0,10274.75,10247.7,10269.7,1551375
1508910300000,10269.7,10279.75,10263.15,10270.95,1324650
1508913900000,10270.95,10302.4,10264.0,10301.5,1211325
1508917500000,10300.5,10318.7,10282.85,10311.1,1549350
1508921100000,10311.1,10312.05,10284.0,10293.85,1526100
1508924700000,10293.85,10296.45,10284.0,10289.55,584325
1508989500000,10279.8,10293.7,10267.5,10285.85,2149275
1508993100000,10285.0,10291.45,10275.4,10287.85,2123775
1508996700000,10289.0,10312.0,10286.0,10305.0,2274225
1509000300000,10305.0,10327.75,10303.1,10317.55,2414025
1509003900000,10318.75,10340.95,10308.3,10327.55,1779000
1509007500000,10327.55,10354.3,10296.5,10346.0,3455475
1509011100000,10346.1,10348.0,10342.05,10345.0,1277475
1509075900000,10371.0,10384.0,10355.2,10360.25,1445250
1509079500000,10360.6,10369.95,10356.4,10359.0,442650
1509083100000,10359.0,10373.95,10347.0,10361.0,739950
1509086700000,10360.0,10382.25,10356.5,10368.9,631275
1509090300000,10369.4,10390.0,10365.05,10382.0,842625
1509093900000,10382.0,10384.85,10350.45,10351.0,1129275
1509097500000,10352.0,10361.65,10346.0,10361.2,543900
1509335100000,10380.25,10399.0,10368.1,10387.5,1338075
1509338700000,10387.45,10390.0,10378.15,10383.5,530850
1509342300000,10383.7,10395.8,10376.5,10387.5,381150
1509345900000,10387.5,10394.0,10377.65,10388.1,282150
1509349500000,10388.85,10396.9,10380.0,10392.0,409200
1509353100000,10393.0,10404.9,10387.05,10389.25,690525
1509356700000,10389.85,10393.2,10383.05,10393.2,666825
1509421500000,10375.15,10388.8,10366.25,10370.15,1020075
1509425100000,10370.9,10371.5,10350.0,10360.15,1094025
1509428700000,10361.0,10373.75,10356.6,10372.0,340875
1509432300000,10371.55,10382.0,10366.15,10379.35,401925
1509435900000,10378.5,10382.0,10356.0,10360.5,613725
1509439500000,10360.15,10372.9,10359.4,10366.7,634425
1509443100000,10366.7,10372.5,10363.95,10371.8,513225
1509507900000,10402.65,10459.9,10402.65,10454.25,2581575
1509511500000,10454.25,10460.0,10447.45,10458.7,699150
1509515100000,10458.05,10469.95,10458.0,10469.3,656475
1509518700000,10469.0,10480.0,10465.45,10472.5,742425
1509522300000,10472.05,10476.0,10460.0,10471.05,599475
1509525900000,10471.05,10489.45,10461.0,10477.4,887475
1509529500000,10478.05,10483.0,10471.55,10472.15,833700
1509594300000,10459.0,10472.75,10445.0,10464.3,1480350
1509597900000,10464.25,10471.0,10460.0,10465.4,432975
1509601500000,10465.9,10469.75,10436.0,10444.4,788775
1509605100000,10445.0,10455.0,10433.0,10454.0,480450
1509608700000,10453.95,10464.5,10447.55,10462.0,472050
1509612300000,10461.4,10469.0,10445.5,10456.9,800250
1509615900000,10456.9,10459.55,10452.45,10453.05,579225
1509680700000,10469.7,10477.75,10425.05,10447.05,1702425
1509684300000,10447.9,10464.5,10447.15,10462.85,626700
1509687900000,10463.0,10465.7,10452.3,10463.25,385800
1509691500000,10463.7,10470.6,10458.0,10463.85,365850
1509695100000,10463.85,10485.0,10463.15,10481.05,861375
1509698700000,10481.05,10489.0,10469.1,10483.0,832725
1509702300000,10483.0,10492.9,10482.65,10489.0,711750
1509939900000,10452.6,10468.45,10441.5,10453.15,1325700
1509943500000,10455.0,10480.0,10453.0,10473.0,665925
1509947100000,10472.85,10475.0,10465.0,10472.0,370950
1509950700000,10472.05,10517.45,10471.1,10506.75,1386450
1509954300000,10506.75,10530.0,10501.0,10513.0,818850
1509957900000,10514.6,10522.0,10498.15,10499.0,922875
1509961500000,10499.5,10502.8,10475.0,10477.05,847050
1510026300000,10505.1,10515.0,10462.15,10463.2,1775475
1510029900000,10463.3,10464.0,10430.0,10451.4,2241750
1510033500000,10451.15,10469.95,10431.0,10465.15,972300
1510037100000,10466.0,10477.9,10435.45,10442.3,888300
1510040700000,10442.0,10446.25,10386.0,10399.8,2653425
1510044300000,10400.05,10424.0,10381.1,10408.15,3493350
1510047900000,10408.05,10414.95,10402.25,10409.5,1431000
1510112700000,10410.05,10422.65,10375.0,10389.0,1628400
1510116300000,10388.0,10407.8,10372.5,10378.45,1101000
1510119900000,10378.9,10414.45,10375.9,10394.7,860625
1510123500000,10394.15,10396.4,10375.0,10382.45,791475
1510127100000,10381.6,10402.1,10356.5,10363.95,1259025
1510130700000,10363.65,10366.0,10333.3,10355.55,1953375
1510134300000,10357.35,10366.8,10351.15,10365.15,764550
1510199100000,10385.65,10399.95,10377.65,10382.1,1267575
1510202700000,10382.4,10388.0,10341.7,10351.9,1435125
1510206300000,10351.3,10363.7,10330.0,10337.5,1041675
1510209900000,10337.5,10342.9,10303.0,10337.0,2417550
1510213500000,10335.85,10340.0,10317.35,10324.4,731850
1510217100000,10323.0,10357.9,10323.0,10353.95,1090050
1510220700000,10353.8,10375.5,10351.95,10372.9,913950
1510285500000,10341.25,10347.95,10311.6,10324.0,1504200
1510289100000,10323.1,10353.0,10322.1,10346.05,992775
1510292700000,10346.05,10350.0,10328.0,10328.0,535650
1510296300000,10327.75,10338.85,10322.1,10334.0,662250
1510299900000,10332.9,10379.5,10332.9,10342.45,1578450
1510303500000,10340.25,10356.5,10284.0,10354.05,3201225
1510307100000,10354.45,10354.75,10340.0,10348.0,915900
1510544700000,10342.5,10354.0,10304.0,10308.0,1606950
1510548300000,10307.95,10315.9,10296.15,10300.5,644025
1510551900000,10299.75,10308.35,10290.0,10304.0,916050
1510555500000,10304.0,10317.0,10302.4,10314.2,455925
1510559100000,10314.2,10314.2,10285.0,10304.0,844575
1510562700000,10304.85,10313.75,10265.25,10267.7,2075475
1510566300000,10267.5,10268.85,10259.05,10264.85,1234650
1510631100000,10259.75,10278.0,10235.0,10247.85,1813275
1510634700000,10248.05,10267.0,10245.95,10253.0,875775
1510638300000,10253.0,10256.25,10231.35,10238.95,995400
1510641900000,10238.95,10246.75,10228.0,10241.3,1218450
1510645500000,10241.25,10259.0,10238.5,10247.0,949425
1510649100000,10247.3,10273.0,10226.3,10230.4,1492725
1510652700000,10230.15,10234.9,10225.1,10231.2,894750
1510717500000,10199.9,10207.75,10182.0,10198.95,1987050
1510721100000,10198.95,10204.95,10180.1,10191.5,1007175
1510724700000,10192.0,10199.4,10185.25,10187.0,585150
1510728300000,10187.0,10195.0,10167.0,10186.5,1032225
1510731900000,10185.15,10188.7,10160.0,10161.1,1035000
1510735500000,10160.8,10160.9,10125.4,10157.0,2652975
1510739100000,10157.0,10165.0,10148.55,10163.0,948075
1510803900000,10174.0,10189.0,10162.0,10186.0,1644525
1510807500000,10186.0,10191.7,10177.1,10184.0,621525
1510811100000,10184.85,10220.05,10183.85,10218.5,1649925
1510814700000,10218.5,10244.0,10214.2,10229.55,1409550
1510818300000,10229.45,10230.0,10205.0,10225.05,825675
1510821900000,10225.0,10246.95,10220.75,10238.3,1163700
1510825500000,10238.15,10265.0,10238.0,10264.0,1474725
1510890300000,10344.8,10373.25,10331.1,10349.8,3642675
1510893900000,10350.9,10365.2,10350.05,10357.5,663750
1510897500000,10357.1,10357.75,10336.1,10346.0,844725
1510901100000,10345.5,10349.9,10332.8,10341.75,575325
1510904700000,10341.95,10358.0,10336.0,10343.5,520725
1510908300000,10343.05,10346.45,10312.0,10317.15,1698675
1510911900000,10317.0,10317.0,10292.75,10298.9,1164900
1511149500000,10297.65,10335.7,10276.8,10301.25,1513950
1511153100000,10302.0,10310.85,10291.0,10309.5,386250
1511156700000,10308.65,10323.5,10302.6,10317.15,556125
1511160300000,10317.45,10317.7,10301.75,10308.7,266175
1511163900000,10310.0,10323.2,10304.3,10313.95,490050
1511167500000,10313.0,10342.0,10312.25,10322.1,1183575
1511171100000,10322.05,10325.65,10310.3,10321.55,543150
1511235900000,10348.8,10367.5,10348.0,10359.1,1214175
1511239500000,10358.0,10389.45,10356.1,10377.0,1361700
1511243100000,10376.6,10382.05,10365.45,10373.1,499650
1511246700000,10373.05,10382.0,10370.8,10375.95,490050
1511250300000,10374.15,10388.25,10373.5,10378.0,759150
1511253900000,10378.0,10378.0,10337.45,10351.15,1738050
1511257500000,10351.0,10354.95,10346.3,10351.6,515475
1511322300000,10383.3,10388.0,10327.1,10333.5,1924425
1511325900000,10333.9,10349.25,10321.0,10342.05,1167600
1511329500000,10344.05,10372.9,10338.25,10366.45,842400
1511333100000,10366.45,10372.15,10353.25,10361.05,519525
1511336700000,10361.0,10373.9,10355.0,10358.5,441375
1511340300000,10358.25,10365.0,10342.95,10356.85,788700
1511343900000,10356.7,10362.0,10353.5,10360.0,620250
1511408700000,10368.4,10377.0,10341.75,10369.0,935025
1511412300000,10369.25,10373.85,10358.1,10372.9,414300
1511415900000,10372.85,10389.0,10364.6,10374.0,763500
1511419500000,10374.0,10375.6,10310.1,10317.4,1693950
1511423100000,10317.5,10353.95,10312.5,10344.0,1619025
1511426700000,10344.0,10373.95,10338.0,10366.3,1396350
1511430300000,10366.0,10374.0,10366.0,10371.0,697875
1511495100000,10366.25,10408.0,10366.25,10396.6,2002425
1511498700000,10396.6,10407.9,10391.0,10400.0,671700
1511502300000,10400.0,10414.0,10395.0,10410.0,587475
1511505900000,10410.0,10415.0,10401.15,10409.65,603825
1511509500000,10409.0,10424.0,10405.0,10412.55,1126500
1511513100000,10412.55,10421.95,10403.05,10409.45,1164300
1511516700000,10409.0,10418.0,10404.0,10417.9,862500
1511754300000,10380.05,10390.0,10356.0,10365.0,1943400
1511757900000,10365.45,10373.75,10360.95,10366.1,737550
1511761500000,10366.45,10371.95,10365.8,10367.85,658875
1511765100000,10367.5,10368.85,10353.0,10361.8,800850
1511768700000,10361.8,10388.0,10360.1,10384.2,917100
1511772300000,10383.6,10424.0,10378.2,10419.9,2408175
1511775900000,10421.15,10425.5,10417.15,10423.3,804450
1511840700000,10391.0,10417.85,10386.0,10408.05,1272225
1511844300000,10408.05,10414.8,10401.05,10406.2,688200
1511847900000,10406.2,10408.0,10395.85,10402.0,662775
1511851500000,10402.0,10414.55,10396.75,10411.0,788925
1511855100000,10411.0,10428.0,10372.0,10377.0,1751625
1511858700000,10377.0,10386.9,10360.2,10379.15,1343250
1511862300000,10378.6,10381.0,10371.0,10373.95,526125
1511927100000,10398.4,10404.85,10376.0,10385.0,1382175
1511930700000,10385.0,10396.75,10383.5,10393.7,587175
1511934300000,10393.65,10410.4,10386.5,10390.75,1149450
1511937900000,10391.15,10404.3,10389.0,10403.0,689625
1511941500000,10403.0,10404.8,10367.6,10374.15,1104525
1511945100000,10374.6,10387.05,10362.55,10378.05,1137900
1511948700000,10378.0,10379.35,10340.35,10354.05,1371675
1512013500000,10321.2,10324.0,10282.55,10292.0,2562900
1512017100000,10292.0,10296.0,10277.0,10288.75,1629600
1512020700000,10288.75,10290.0,10264.75,10274.05,1776375
1512024300000,10274.2,10282.95,10260.15,10273.75,1274100
1512027900000,10272.3,10312.95,10272.3,10309.45,1395750
1512031500000,10309.45,10312.9,10216.5,10228.25,3807600
1512035100000,10228.0,10229.0,10223.2,10225.55,1415250
1512099900000,10289.0,10308.45,10269.15,10282.5,2360550
1512103500000,10282.55,10294.4,10241.25,10249.45,1356225
1512107100000,10250.0,10257.8,10232.6,10247.8,1552650
1512110700000,10247.8,10269.9,10239.0,10253.65,797775
1512114300000,10253.05,10256.3,10216.35,10225.75,1332150
1512117900000,10224.5,10227.45,10153.0,10156.55,3203250
1512121500000,10156.05,10163.0,10138.05,10145.0,1531800
1512359100000,10167.75,10179.0,10126.55,10158.35,2649750
1512362700000,10159.0,10182.95,10156.0,10172.0,1075650
1512366300000,10172.35,10193.5,10169.0,10187.5,879825
1512369900000,10186.5,10197.0,10175.15,10189.7,579975
1512373500000,10189.7,10198.0,10143.15,10162.6,1479525
1512377100000,10163.0,10173.7,10137.55,10152.25,1102275
1512380700000,10152.2,10168.75,10150.2,10166.0,718125
1512445500000,10126.35,10145.0,10091.45,10117.5,3313875
1512449100000,10117.05,10132.8,10111.0,10121.8,842550
1512452700000,10122.4,10127.0,10105.15,10118.95,648075
1512456300000,10118.95,10126.95,10098.0,10105.5,866325
1512459900000,10105.65,10156.0,10097.5,10150.0,1701750
1512463500000,10150.0,10179.75,10141.3,10141.5,1762725
1512467100000,10142.0,10149.85,10141.5,10146.0,638700
1512531900000,10111.4,10126.85,10095.0,10109.0,2058825
1512535500000,10109.0,10119.0,10104.1,10115.45,908100
1512539100000,10115.45,10116.0,10066.9,10093.0,1976775
1512542700000,10093.8,10097.45,10079.05,10083.9,517200
1512546300000,10083.8,10098.45,10079.0,10089.5,723750
1512549900000,10090.0,10107.5,10052.65,10066.0,2720925
1512553500000,10065.0,10074.0,10059.05,10073.2,927450
1512618300000,10080.0,10134.9,10079.0,10110.1,2322675
1512621900000,10109.15,10164.0,10108.65,10156.85,1940550
1512625500000,10156.1,10158.0,10125.0,10127.3,999450
1512629100000,10128.95,10144.95,10124.3,10136.4,671775
1512632700000,10135.6,10159.65,10135.1,10150.75,761700
1512636300000,10150.45,10215.0,10150.45,10215.0,2605650
1512639900000,10215.0,10218.15,10204.0,10206.35,878250
1512704700000,10220.5,10266.0,10211.25,10261.15,2480400
1512708300000,10261.15,10283.9,10260.2,10278.0,1420875
1512711900000,10278.05,10287.0,10263.1,10271.45,952500
1512715500000,10272.7,10283.0,10258.3,10264.5,633000
1512719100000,10264.5,10288.75,10255.0,10282.2,856725
1512722700000,10282.85,10297.9,10271.1,10291.0,1273050
1512726300000,10291.0,10297.95,10287.5,10290.2,1013550
1512963900000,10317.9,10341.3,10314.0,10329.2,1491300
1512967500000,10329.2,10335.0,10304.6,10320.65,891825
1512971100000,10321.05,10323.3,10306.0,10306.0,462600
1512974700000,10306.0,10322.0,10302.2,10313.9,613725
1512978300000,10313.5,10334.45,10304.6,10330.7,664125
1512981900000,10330.75,10347.3,10329.5,10343.65,1286175
1512985500000,10343.65,10354.35,10342.95,10352.0,796500
1513050300000,10332.9,10337.45,10291.1,10295.0,1948425
1513053900000,10295.0,10303.5,10286.15,10293.85,668925
1513057500000,10293.5,10303.9,10288.95,10296.0,573975
1513061100000,10295.65,10301.0,10283.05,10291.25,451050
1513064700000,10290.5,10298.8,10280.0,10285.55,603825
1513068300000,10285.6,10294.95,10254.15,10267.9,1487850
1513071900000,10268.15,10269.0,10258.2,10264.0,744375
1513136700000,10240.9,10264.4,10220.0,10248.0,1817325
1513140300000,10247.1,10323.9,10242.0,10322.0,1977150
1513143900000,10322.0,10332.75,10310.2,10325.0,1584075
1513147500000,10326.15,10326.15,10312.1,10321.0,664125
1513151100000,10320.8,10324.95,10230.0,10234.6,2625075
1513154700000,10234.0,10246.0,10190.1,10215.45,2907675
1513158300000,10215.5,10229.95,10212.0,10227.0,796350
1513223100000,10259.8,10259.8,10200.9,10232.35,1931250
1513226700000,10232.35,10233.9,10182.55,10182.7,1130700
1513230300000,10184.0,10199.5,10171.15,10188.2,1631550
1513233900000,10188.0,10217.0,10163.3,10210.0,1417050
1513237500000,10209.95,10224.0,10192.2,10219.15,1424400
1513241100000,10220.0,10274.0,10208.0,10273.95,2371200
1513244700000,10273.55,10296.95,10270.05,10289.0,1331475
1513309500000,10363.85,10400.0,10355.0,10386.8,4441575
1513313100000,10386.95,10387.45,10362.0,10375.3,1147950
1513316700000,10375.2,10376.0,10362.0,10374.9,479700
1513320300000,10374.45,10384.95,10363.55,10370.0,457875
1513323900000,10370.6,10377.9,10343.0,10363.0,1418550
1513327500000,10363.15,10373.4,10355.0,10363.4,1230300
1513331100000,10363.3,10363.5,10351.8,10356.4,1098150
1513568700000,10201.25,10430.85,10060.0,10401.5,13079100
1513572300000,10402.3,10447.7,10391.3,10422.05,3039750
1513575900000,10422.05,10450.0,10411.5,10450.0,1464375
1513579500000,10449.2,10459.85,10427.95,10435.5,1682925
1513583100000,10434.5,10445.85,10414.7,10420.0,1260675
1513586700000,10419.5,10438.15,10388.05,10409.15,2039175
1513590300000,10408.55,10410.4,10390.35,10410.4,966375
1513655100000,10425.05,10438.9,10412.25,10424.05,1549650
1513658700000,10423.95,10437.0,10421.0,10430.0,513375
1513662300000,10429.35,10434.0,10426.0,10427.0,392700
1513665900000,10426.8,10436.3,10421.05,10425.0,671025
1513669500000,10425.0,10444.9,10420.0,10437.2,1552650
1513673100000,10437.25,10476.0,10437.05,10473.25,2268600
1513676700000,10473.3,10474.05,10469.9,10472.15,770175
1513741500000,10472.0,10486.9,10447.65,10463.0,1855200
1513745100000,10463.95,10484.45,10460.2,10482.95,824325
1513748700000,10484.6,10495.0,10475.65,10481.6,1511175
1513752300000,10482.05,10492.8,10476.0,10484.0,511125
1513755900000,10484.1,10492.95,10475.5,10480.25,770550
1513759500000,10480.25,10504.55,10459.75,10467.55,2006700
1513763100000,10467.65,10475.15,10462.0,10471.6,880125
1513827900000,10470.4,10485.0,10451.0,10462.0,1857900
1513831500000,10462.0,10470.0,10450.95,10464.95,947700
1513835100000,10464.0,10469.9,10452.25,10460.0,481575
1513838700000,10461.4,10465.4,10442.95,10463.25,698475
1513842300000,10463.15,10467.4,10451.1,10460.85,919575
1513845900000,10462.0,10476.85,10456.3,10465.0,1353525
1513849500000,10465.15,10468.0,10455.9,10457.9,626925
1513914300000,10460.1,10494.65,10456.0,10484.9,1764525
1513917900000,10484.85,10502.35,10482.35,10489.4,1091100
1513921500000,10489.4,10494.0,10482.1,10491.9,608100
1513925100000,10493.0,10503.0,10490.75,10496.3,1103700
1513928700000,10496.8,10501.65,10486.15,10486.9,1115850
1513932300000,10487.45,10512.9,10474.0,10510.6,1875600
1513935900000,10510.9,10514.7,10505.0,10509.9,1005075
1514259900000,10506.05,10512.9,10496.6,10503.45,1096725
1514263500000,10504.2,10508.65,10498.0,10505.4,612375
1514267100000,10504.7,10515.0,10503.5,10506.1,493425
1514270700000,10506.0,10511.0,10502.0,10508.25,534600
1514274300000,10508.25,10515.0,10504.6,10510.9,604275
1514277900000,10511.0,10527.8,10506.25,10525.65,2162850
1514281500000,10526.1,10537.85,10524.95,10530.15,1785525
1514346300000,10529.0,10554.45,10516.65,10546.15,2010150
1514349900000,10546.15,10551.9,10541.2,10546.0,1237200
1514353500000,10546.0,10549.55,10542.0,10544.9,1115175
1514357100000,10544.9,10551.0,10540.0,10548.8,938025
1514360700000,10549.0,10566.0,10545.05,10557.3,1529400
1514364300000,10557.5,10559.75,10476.3,10513.9,3830625
1514367900000,10513.9,10515.0,10488.1,10491.55,1000575
1514432700000,10509.0,10517.9,10488.0,10496.0,2494500
1514436300000,10495.8,10508.95,10492.5,10506.5,1918425
1514439900000,10506.5,10508.45,10495.4,10500.3,2001525
1514443500000,10499.9,10510.8,10495.85,10503.6,1531575
1514447100000,10503.4,10532.75,10492.55,10524.5,2514300
1514450700000,10524.95,10540.45,10474.1,10483.4,4649175
1514454300000,10483.25,10483.35,10478.0,10479.0,1287000
1514519100000,10501.65,10540.0,10469.0,10536.0,1375125
1514522700000,10536.4,10554.85,10534.45,10545.55,837450
1514526300000,10545.55,10550.0,10533.3,10541.1,519075
1514529900000,10540.25,10542.1,10533.95,10536.65,313425
1514533500000,10537.95,10551.0,10531.05,10547.2,811350
1514537100000,10547.85,10559.35,10538.95,10555.15,2260200
1514540700000,10556.0,10568.0,10555.05,10556.0,1913850
1514778300000,10540.0,10554.15,10534.05,10549.95,1071000
1514781900000,10549.2,10555.85,10548.0,10549.1,385425
1514785500000,10550.4,10556.5,10547.55,10549.15,262575
1514789100000,10549.8,10554.35,10548.2,10549.1,150450
1514792700000,10548.8,10551.8,10533.0,10549.5,660675
1514796300000,10550.0,10554.3,10483.35,10507.0,3282900
1514799900000,10507.0,10507.0,10487.5,10490.0,1838025
1514864700000,10521.15,10524.0,10441.0,10463.0,3697500
1514868300000,10463.85,10487.9,10455.0,10474.9,1383300
1514871900000,10474.35,10476.3,10462.5,10469.0,347775
1514875500000,10470.25,10488.5,10463.65,10468.2,590250
1514879100000,10468.4,10478.85,10447.9,10449.5,1050825
1514882700000,10449.15,10484.0,10436.5,10472.15,1773075
1514886300000,10472.0,10472.85,10463.0,10464.5,463200
1514951100000,10490.25,10543.4,10485.1,10530.75,3237375
1514954700000,10530.6,10532.4,10511.65,10512.95,665625
1514958300000,10513.0,10520.9,10506.8,10508.6,452850
1514961900000,10508.9,10517.4,10478.6,10493.8,1373250
1514965500000,10493.95,10503.8,10484.4,10495.1,636975
1514969100000,10495.2,10501.75,10456.55,10466.0,2046750
1514972700000,10466.0,10474.45,10466.0,10471.6,732900
1515037500000,10498.25,10498.25,10463.35,10474.0,1173975
1515041100000,10473.7,10487.0,10470.0,10480.9,480450
1515044700000,10480.35,10510.0,10480.3,10503.25,958350
1515048300000,10502.0,10505.9,10483.1,10496.0,615000
1515051900000,10496.0,10522.0,10489.9,10500.0,1312425
1515055500000,10500.0,10531.8,10497.05,10521.45,1362525
1515059100000,10521.0,10536.75,10521.0,10536.75,935550
1515123900000,10550.0,10573.6,10539.05,10564.6,2232000
1515127500000,10564.25,10566.0,10556.0,10558.15,616800
1515131100000,10558.25,10561.9,10536.5,10549.85,892050
1515134700000,10550.0,10557.7,10542.0,10551.0,402825
1515138300000,10550.5,10567.0,10545.0,10564.5,708300
1515141900000,10565.0,10575.0,10556.15,10565.65,1099800
1515145500000,10565.5,10582.0,10565.0,10578.5,949425
1515383100000,10623.15,10628.0,10604.45,10624.3,1881525
1515386700000,10624.3,10631.9,10618.55,10626.3,778875
1515390300000,10626.65,10634.6,10624.6,10627.3,501975
1515393900000,10627.4,10633.6,10621.95,10626.5,258900
1515397500000,10626.5,10628.55,10615.7,10622.0,503325
1515401100000,10622.15,10639.9,10619.05,10633.55,1045875
1515404700000,10634.0,10636.05,10623.6,10625.1,787425
1515469500000,10645.15,10654.95,10616.8,10637.0,1863750
1515473100000,10637.0,10644.9,10634.15,10638.25,700575
1515476700000,10638.4,10645.7,10625.55,10629.05,617850
1515480300000,10628.4,10633.2,10620.0,10628.0,786675
1515483900000,10628.0,10639.0,10612.25,10632.2,910350
1515487500000,10632.85,10656.95,10626.6,10644.0,1191075
1515491100000,10643.85,10649.0,10639.95,10642.5,539850
1515555900000,10643.95,10648.0,10625.25,10642.6,1521900
1515559500000,10642.05,10644.75,10623.2,10630.65,743925
1515563100000,10631.3,10632.0,10596.6,10612.15,1705725
1515566700000,10611.6,10624.65,10610.0,10619.0,586725
1515570300000,10619.0,10642.3,10609.3,10632.95,944400
1515573900000,10632.95,10638.7,10613.0,10637.95,945750
1515577500000,10637.95,10641.6,10634.0,10635.15,609150
1515642300000,10629.95,10639.15,10615.5,10635.5,1273425
1515645900000,10635.2,10647.8,10631.35,10636.9,600750
1515649500000,10637.0,10647.85,10633.55,10642.85,501000
1515653100000,10642.95,10682.35,10642.85,10665.95,1476675
1515656700000,10665.45,10667.35,10654.5,10667.0,554325
1515660300000,10666.1,10672.75,10636.0,10654.5,2089650
1515663900000,10654.5,10661.8,10650.45,10660.0,824400
1515728700000,10689.65,10694.0,10677.6,10681.4,1245750
1515732300000,10681.0,10688.0,10670.45,10678.1,807525
1515735900000,10677.7,10684.65,10663.35,10670.5,680850
1515739500000,10670.0,10670.0,10602.3,10633.4,4431525
1515743100000,10633.0,10665.85,10627.65,10657.85,1409925
1515746700000,10658.0,10695.0,10656.5,10692.1,1655550
1515750300000,10692.0,10694.0,10681.75,10684.2,723450
1515987900000,10720.0,10748.9,10711.25,10740.0,2008350
1515991500000,10739.75,10771.0,10739.75,10767.4,1703325
1515995100000,10767.6,10774.0,10746.1,10746.65,1050750
1515998700000,10746.9,10752.6,10737.0,10748.45,691725
1516002300000,10746.4,10761.9,10738.0,10740.0,985350
1516005900000,10740.05,10763.0,10740.05,10744.05,943425
1516009500000,10744.15,10747.0,10737.95,10745.05,865725
1516074300000,10754.0,10759.0,10735.7,10748.0,1507275
1516077900000,10747.1,10748.8,10709.6,10724.55,1664250
1516081500000,10725.05,10745.05,10722.8,10741.5,793125
1516085100000,10741.15,10743.6,10714.8,10719.05,872550
1516088700000,10720.0,10729.85,10696.0,10707.85,1791975
1516092300000,10708.0,10722.0,10691.05,10705.55,1665150
1516095900000,10705.85,10724.0,10700.0,10723.0,856800
1516160700000,10704.75,10735.9,10665.35,10715.55,3320025
1516164300000,10716.85,10733.5,10716.15,10725.65,884850
1516167900000,10726.55,10730.0,10720.45,10726.9,441750
1516171500000,10726.65,10754.9,10725.25,10748.65,1356075
1516175100000,10749.0,10763.8,10743.6,10749.5,1117650
1516178700000,10749.35,10793.0,10742.0,10787.65,1983525
1516182300000,10788.15,10805.25,10786.7,10798.95,1165725
1516247100000,10865.5,10873.45,10842.3,10850.3,2949150
1516250700000,10850.3,10859.95,10846.5,10856.6,1071750
1516254300000,10856.65,10857.75,10829.05,10852.0,1193475
1516257900000,10852.0,10865.0,10848.65,10858.95,752175
1516261500000,10858.95,10867.3,10837.0,10850.0,1217775
1516265100000,10849.0,10850.65,10774.05,10813.0,3284175
1516268700000,10813.0,10824.05,10809.45,10814.2,869400
1516333500000,10820.0,10848.8,10792.15,10845.7,2597625
1516337100000,10846.15,10855.75,10840.1,10846.65,932550
1516340700000,10846.3,10848.0,10830.0,10837.0,567000
1516344300000,10837.4,10838.7,10815.4,10830.1,865800
1516347900000,10830.0,10844.0,10822.35,10833.2,776025
1516351500000,10834.0,10900.0,10828.6,10896.3,2643825
1516355100000,10895.5,10918.15,10895.5,10918.0,1186200
1516592700000,10914.5,10920.0,10890.0,10900.25,2256525
1516596300000,10900.25,10907.0,10883.5,10903.5,1506825
1516599900000,10904.3,10909.9,10897.35,10906.4,876600
1516603500000,10908.85,10924.9,10906.0,10914.0,1096725
1516607100000,10913.95,10943.0,10902.4,10934.9,1496025
1516610700000,10934.9,10982.4,10922.6,10957.7,2364000
1516614300000,10957.65,10971.0,10956.75,10963.65,819975
1516679100000,10988.25,11039.0,10988.25,11038.0,2833500
1516682700000,11036.95,11044.8,11030.55,11036.9,1228500
1516686300000,11036.9,11062.5,11028.85,11058.9,1680375
1516689900000,11059.0,11088.0,11054.8,11061.35,2603475
1516693500000,11061.4,11078.05,11040.3,11050.05,1573725
1516697100000,11051.0,11091.85,11046.55,11090.25,2451300
1516700700000,11091.0,11094.9,11080.0,11085.1,1110975
1516765500000,11079.0,11104.5,11043.15,11087.9,3193050
1516769100000,11087.0,11100.2,11069.5,11089.8,1229400
1516772700000,11089.4,11094.4,11076.35,11077.35,1139625
1516776300000,11077.25,11097.0,11063.85,11097.0,1383675
1516779900000,11097.0,11114.9,11073.9,11086.85,2356575
1516783500000,11087.05,11096.95,11077.1,11088.3,1631700
1516787100000,11088.0,11088.0,11078.15,11082.1,769275
1516851900000,11101.0,11101.0,11063.2,11084.4,2552925
1516855500000,11084.4,11086.1,11060.05,11061.6,2130075
1516859100000,11061.15,11071.35,11046.45,11061.8,2803200
1516862700000,11061.8,11063.85,11033.15,11034.05,2248500
1516866300000,11033.85,11077.0,11011.05,11072.0,3801825
1516869900000,11071.85,11080.35,11024.0,11072.2,3912600
1516873500000,11072.0,11073.4,11065.0,11070.6,1322550
1517197500000,11141.25,11154.0,11080.0,11142.65,2059425
1517201100000,11141.9,11167.0,11137.5,11161.0,1007700
1517204700000,11160.45,11174.0,11154.0,11168.0,699825
1517208300000,11167.2,11169.9,11157.15,11167.0,610950
1517211900000,11167.0,11185.6,11161.0,11166.05,1154625
1517215500000,11166.0,11166.0,11126.0,11139.5,1794150
1517219100000,11139.5,11140.9,11129.8,11138.2,710025
1517283900000,11097.15,11121.0,11053.15,11077.7,2961675
1517287500000,11076.85,11086.05,11068.0,11079.95,827325
1517291100000,11078.05,11089.1,11066.05,11066.65,669000
1517294700000,11066.9,11083.35,11060.1,11081.0,630525
1517298300000,11082.15,11098.95,11067.0,11082.85,1121550
1517301900000,11082.9,11096.3,11062.0,11071.45,1177500
1517305500000,11071.0,11078.55,11068.0,11070.75,679500
1517370300000,11039.0,11077.7,11030.3,11065.0,2035200
1517373900000,11065.3,11071.8,11031.3,11043.0,1177725
1517377500000,11042.35,11048.0,11033.9,11041.5,507825
1517381100000,11042.1,11050.0,11011.0,11035.9,1369575
1517384700000,11035.0,11036.35,11007.35,11029.3,1175175
1517388300000,11030.15,11065.0,11017.15,11053.9,2145075
1517391900000,11054.0,11062.0,11047.65,11059.0,906225
1517456700000,11064.25,11123.25,11058.25,11086.0,2529150
1517460300000,11087.0,11110.0,11068.0,11101.0,1073700
1517463900000,11100.0,11106.75,11000.0,11015.5,2615775
1517467500000,11015.0,11071.35,10880.7,11064.0,13664625
1517471100000,11062.15,11139.4,11036.0,11075.0,3917400
1517474700000,11075.0,11086.0,11016.6,11038.9,3098400
1517478300000,11038.95,11039.9,11026.35,11033.9,1098300
1517543100000,10928.0,10950.0,10902.45,10910.0,4002675
1517546700000,10909.95,10913.15,10833.0,10866.7,4261800
1517550300000,10866.0,10891.5,10855.1,10860.6,1094475
1517553900000,10863.0,10897.0,10852.55,10879.55,1316925
1517557500000,10881.9,10882.0,10816.0,10828.0,1985925
1517561100000,10829.0,10833.9,10753.4,10770.55,3813675
1517564700000,10770.55,10771.95,10735.05,10740.65,1593900
1517802300000,10629.0,10698.25,10606.0,10680.55,5082525
1517805900000,10680.6,10684.05,10651.2,10670.85,1082850
1517809500000,10671.0,10706.5,10666.0,10674.05,1178250
1517813100000,10676.0,10722.0,10670.3,10691.0,1382325
1517816700000,10691.0,10694.2,10642.6,10659.5,1841325
1517820300000,10659.5,10689.4,10655.0,10676.0,1637325
1517823900000,10676.45,10705.0,10674.5,10704.95,1156500
1517888700000,10318.8,10435.4,10300.0,10316.3,11644725
1517892300000,10316.9,10381.0,10300.0,10381.0,3393375
1517895900000,10380.2,10382.95,10348.95,10363.2,1529250
1517899500000,10363.8,10432.7,10353.85,10390.0,3517800
1517903100000,10390.0,10544.7,10375.3,10513.3,4393950
1517906700000,10513.5,10613.6,10478.15,10485.2,4716600
1517910300000,10487.75,10545.0,10482.75,10536.0,1619700
1517975100000,10595.0,10624.9,10530.05,10547.7,3723075
1517978700000,10547.0,10559.5,10500.15,10507.0,1947000
1517982300000,10507.0,10516.0,10457.0,10493.9,2263125
1517985900000,10496.1,10524.4,10489.0,10509.8,1515300
1517989500000,10509.5,10509.55,10471.1,10484.05,1288200
1517993100000,10485.95,10510.75,10467.75,10471.0,2165700
1517996700000,10471.6,10471.6,10442.55,10451.4,1402875
1518061500000,10501.0,10575.0,10469.6,10548.0,3603825
1518065100000,10547.6,10618.7,10547.55,10597.6,2588025
1518068700000,10597.0,10614.0,10575.15,10600.0,1440150
1518072300000,10600.45,10606.0,10582.0,10595.0,707775
1518075900000,10594.2,10640.0,10591.15,10593.2,2464650
1518079500000,10593.0,10593.3,10517.2,10578.5,3903225
1518083100000,10577.15,10578.9,10565.0,10576.35,649650
1518147900000,10378.8,10445.9,10375.0,10432.0,5879625
1518151500000,10431.45,10439.65,10390.45,10411.05,1671750
1518155100000,10410.75,10457.0,10396.8,10431.4,1299525
1518158700000,10431.2,10479.0,10418.35,10457.6,1909275
1518162300000,10457.25,10489.95,10448.7,10472.45,1581600
1518165900000,10471.2,10495.0,10436.5,10472.5,2440350
1518169500000,10472.5,10487.0,10467.05,10483.0,1136775
1518407100000,10519.0,10538.95,10482.1,10504.65,2963925
1518410700000,10505.75,10530.0,10499.3,10520.0,1064100
1518414300000,10519.0,10528.95,10506.35,10517.25,713100
1518417900000,10517.25,10524.95,10507.25,10514.85,628725
1518421500000,10514.85,10529.0,10485.0,10526.2,1502250
1518425100000,10525.0,10559.85,10525.0,10544.5,2347275
1518428700000,10544.5,10545.0,10532.0,10532.45,831900
1518579900000,10569.0,10577.0,10528.15,10552.75,2351550
1518583500000,10554.5,10567.3,10545.2,10552.1,906975
1518587100000,10551.7,10558.95,10538.0,10551.15,588375
1518590700000,10551.8,10563.95,10534.0,10562.0,697350
1518594300000,10562.0,10574.8,10554.35,10569.0,933900
1518597900000,10569.0,10587.0,10505.0,10506.0,2289975
1518601500000,10506.35,10515.3,10456.1,10463.25,2055825
1518666300000,10534.65,10594.9,10513.8,10575.05,3199725
1518669900000,10577.0,10586.0,10565.0,10572.45,1048050
1518673500000,10574.15,10577.85,10562.2,10567.65,567975
1518677100000,10568.0,10630.25,10563.1,10581.95,3564525
1518680700000,10582.0,10591.75,10527.0,10567.8,2467125
1518684300000,10568.0,10570.4,10505.25,10553.35,1972125
1518687900000,10553.9,10563.0,10550.0,10557.95,627450
1518752700000,10596.4,10615.0,10566.0,10580.1,2501250
1518756300000,10580.05,10586.0,10537.95,10554.0,1659000
1518759900000,10554.0,10554.0,10493.55,10524.4,2528775
1518763500000,10524.4,10534.5,10504.4,10522.6,985575
1518767100000,10523.65,10534.35,10452.1,10486.25,2943225
1518770700000,10486.7,10491.95,10430.2,10458.4,2263275
1518774300000,10458.25,10464.9,10440.1,10443.0,988875
1519011900000,10470.0,10485.0,10381.0,10397.0,2762700
1519015500000,10397.75,10418.9,10377.05,10381.2,1595475
1519019100000,10380.0,10407.95,10377.0,10389.45,1336200
1519022700000,10389.4,10391.95,10302.5,10324.55,3857625
1519026300000,10324.5,10336.05,10294.5,10313.0,1852200
1519029900000,10313.0,10376.85,10290.1,10370.75,3551700
1519033500000,10370.75,10399.5,10370.75,10376.9,1414650
1519098300000,10394.0,10425.85,10335.0,10412.0,3139875
1519101900000,10411.45,10416.45,10374.1,10376.0,1584075
1519105500000,10375.0,10394.0,10363.0,10380.7,1461675
1519109100000,10380.7,10424.0,10375.95,10390.1,1866225
1519112700000,10390.1,10408.45,10374.5,10405.95,1633725
1519116300000,10405.0,10413.5,10332.9,10336.0,3062025
1519119900000,10336.4,10353.5,10332.3,10340.05,1023375
1519184700000,10405.65,10409.85,10346.0,10366.6,3234600
1519188300000,10366.0,10376.55,10355.65,10370.95,1411575
1519191900000,10370.95,10388.05,10368.05,10371.35,1571325
1519195500000,10371.15,10381.0,10347.85,10359.9,1259550
1519199100000,10360.25,10390.9,10341.4,10377.55,1595550
1519202700000,10377.55,10400.6,10363.45,10386.85,1752075
1519206300000,10386.1,10406.45,10386.1,10390.0,952950
1519271100000,10345.0,10359.35,10335.25,10353.4,2444400
1519274700000,10353.0,10362.85,10350.0,10355.8,1502700
1519278300000,10355.75,10365.0,10348.0,10353.2,1308075
1519281900000,10354.0,10361.1,10347.35,10357.8,1151400
1519285500000,10357.95,10396.0,10355.15,10367.25,2728950
1519289100000,10368.35,10390.0,10330.05,10378.7,4414650
1519292700000,10378.9,10385.0,10378.85,10384.85,1781400
1519357500000,10400.0,10438.95,10386.25,10421.7,2834250
1519361100000,10421.85,10455.0,10419.3,10439.95,1651800
1519364700000,10439.95,10509.4,10437.6,10487.2,2874900
1519368300000,10487.35,10503.45,10487.25,10496.0,692175
1519371900000,10496.1,10514.85,10483.6,10494.5,1145325
1519375500000,10493.4,10515.95,10485.9,10499.85,1470900
1519379100000,10500.0,10514.0,10497.0,10505.9,1119675
1519616700000,10541.0,10583.5,10536.1,10576.0,2137275
1519620300000,10576.65,10589.7,10570.15,10583.0,919050
1519623900000,10583.0,10585.0,10573.0,10583.25,435300
1519627500000,10583.85,10595.0,10578.0,10589.25,553950
1519631100000,10589.2,10608.9,10584.15,10601.25,1096275
1519634700000,10601.25,10614.7,10588.0,10601.95,1343550
1519638300000,10602.0,10607.8,10594.2,10596.4,891600
1519703100000,10616.15,10639.7,10576.0,10581.8,2853750
1519706700000,10582.0,10587.8,10540.55,10583.6,2235600
1519710300000,10583.5,10586.0,10562.0,10566.0,532050
1519713900000,10566.0,10573.6,10552.0,10562.55,906600
1519717500000,10562.75,10584.0,10547.5,10564.0,1063125
1519721100000,10563.4,10575.55,10548.5,10565.75,1009725
1519724700000,10565.75,10567.35,10560.1,10564.9,656550
1519789500000,10495.0,10507.0,10478.0,10505.0,2637375
1519793100000,10505.0,10524.0,10501.5,10514.45,1141050
1519796700000,10513.6,10520.0,10506.0,10508.1,462075
1519800300000,10508.0,10516.4,10490.0,10501.0,850875
1519803900000,10501.95,10512.95,10466.0,10508.95,1638075
1519807500000,10508.6,10555.0,10508.5,10520.0,3215475
1519811100000,10520.0,10522.0,10507.0,10520.0,1058100
1519875900000,10498.0,10530.0,10470.0,10487.0,2804100
1519879500000,10487.15,10498.0,10480.75,10481.65,913725
1519883100000,10481.85,10488.9,10467.0,10487.3,812850
1519886700000,10486.5,10504.9,10485.0,10499.3,666150
1519890300000,10499.85,10526.8,10479.95,10488.45,1397400
1519893900000,10488.45,10509.0,10451.1,10457.45,1986825
1519897500000,10458.0,10464.6,10439.2,10442.0,1028025
1520221500000,10369.85,10394.9,10346.0,10356.55,3755250
1520225100000,10356.55,10358.9,10342.0,10353.8,1267875
1520228700000,10353.15,10357.85,10336.1,10352.0,978450
1520232300000,10353.4,10353.4,10320.0,10321.1,1511100
1520235900000,10321.85,10379.8,10321.55,10377.4,1946400
1520239500000,10377.7,10382.8,10345.65,10366.0,1899225
1520243100000,10366.0,10372.95,10358.45,10360.9,851925
1520307900000,10404.15,10437.0,10398.0,10408.9,2997225
1520311500000,10408.5,10412.45,10382.55,10395.8,1514625
1520315100000,10395.95,10407.45,10376.1,10405.0,909000
1520318700000,10405.5,10413.9,10385.0,10404.8,733425
1520322300000,10404.75,10408.75,10357.25,10361.05,1191300
1520325900000,10362.0,10371.0,10240.0,10252.0,4968000
1520329500000,10252.15,10252.15,10223.0,10225.2,1645500
1520394300000,10200.0,10254.0,10197.7,10235.0,3418950
1520397900000,10235.1,10248.0,10206.9,10206.9,1668750
1520401500000,10206.9,10218.0,10175.0,10191.6,2752650
1520405100000,10191.05,10213.5,10185.0,10197.3,1196325
1520408700000,10197.3,10225.25,10170.1,10188.1,2238600
1520412300000,10187.0,10206.3,10155.0,10166.85,2516400
1520415900000,10166.85,10184.2,10162.6,10180.0,1125225
1520480700000,10217.85,10235.75,10172.0,10187.0,3047100
1520484300000,10186.25,10187.0,10155.8,10180.0,1508550
1520487900000,10180.25,10216.0,10172.65,10208.2,1547250
1520491500000,10210.0,10233.0,10180.0,10187.0,1545300
1520495100000,10186.4,10218.9,10175.0,10211.1,1472850
1520498700000,10211.1,10277.0,10211.05,10223.55,3659700
1520502300000,10222.7,10236.45,10221.15,10233.05,983025
1520567100000,10270.65,10288.4,10224.0,10276.9,3013125
1520570700000,10276.9,10300.0,10258.65,10275.0,1388175
1520574300000,10273.6,10287.5,10244.35,10272.35,1329900
1520577900000,10272.35,10288.7,10261.8,10278.0,670125
1520581500000,10278.0,10288.8,10255.0,10258.0,848475
1520585100000,10258.0,10286.3,10193.35,10217.55,3133050
1520588700000,10217.7,10231.0,10215.85,10219.65,815625
1520826300000,10331.15,10344.4,10295.2,10332.0,3919950
1520829900000,10332.0,10341.95,10322.4,10331.4,1008450
1520833500000,10331.4,10334.0,10315.0,10329.0,818250
1520837100000,10329.0,10367.85,10321.0,10357.65,1618575
1520840700000,10357.65,10388.0,10355.5,10378.5,2091225
1520844300000,10378.95,10441.95,10368.0,10436.0,3110400
1520847900000,10436.7,10443.4,10430.6,10433.8,1501125
1520912700000,10401.3,10472.5,10401.3,10466.0,2661000
1520916300000,10464.35,10487.8,10462.6,10469.1,1455000
1520919900000,10468.1,10482.9,10458.8,10470.0,1166025
1520923500000,10470.0,10486.15,10461.45,10474.05,993675
1520927100000,10474.55,10490.0,10374.5,10390.0,4047075
1520930700000,10391.0,10456.85,10388.9,10408.0,3468075
1520934300000,10408.6,10429.0,10408.15,10420.6,704625
1520999100000,10391.35,10404.3,10370.0,10389.95,2079375
1521002700000,10388.2,10408.25,10377.15,10385.55,836550
1521006300000,10385.5,10385.95,10356.1,10365.7,1334925
1521009900000,10366.8,10392.0,10342.05,10376.15,1947375
1521013500000,10375.95,10409.9,10370.05,10377.1,1673100
1521017100000,10377.25,10433.8,10369.2,10419.15,2591775
1521020700000,10420.2,10438.0,10418.5,10433.1,824400
1521085500000,10396.9,10429.3,10395.55,10420.0,1995075
1521089100000,10420.0,10425.0,10390.15,10392.0,976275
1521092700000,10390.9,10405.4,10385.45,10401.2,860100
1521096300000,10401.2,10419.2,10400.9,10418.0,655350
1521099900000,10415.9,10423.5,10361.0,10372.9,1650675
1521103500000,10372.9,10404.45,10361.3,10384.0,1272225
1521107100000,10383.9,10384.5,10359.1,10366.0,942150
1521171900000,10344.0,10344.0,10315.3,10324.0,2244525
1521175500000,10323.95,10328.8,10307.1,10320.75,1298250
1521179100000,10321.0,10324.85,10282.5,10294.0,1783050
1521182700000,10294.05,10298.0,10272.75,10284.0,1529325
1521186300000,10284.1,10297.0,10221.75,10246.9,2357025
1521189900000,10246.9,10254.05,10197.0,10228.35,4454850
1521193500000,10228.75,10245.0,10228.0,10237.45,2256375
1521431100000,10230.0,10235.95,10177.1,10189.8,3117225
1521434700000,10189.0,10195.15,10171.0,10183.05,1167975
1521438300000,10183.05,10195.25,10157.1,10179.0,1755075
1521441900000,10179.7,10180.5,10130.2,10143.9,1862250
1521445500000,10143.85,10162.8,10105.65,10113.75,2011800
1521449100000,10113.85,10159.0,10102.0,10116.85,3106350
1521452700000,10116.15,10127.7,10113.0,10120.55,1156050
1521517500000,10094.0,10151.0,10078.3,10143.0,3151350
1521521100000,10142.25,10155.8,10128.75,10139.7,1309425
1521524700000,10139.2,10185.0,10139.0,10178.0,1800450
1521528300000,10178.85,10183.0,10141.1,10149.35,975450
1521531900000,10148.85,10152.0,10117.0,10136.05,1904775
1521535500000,10137.3,10160.1,10105.0,10133.4,2522250
1521539100000,10134.4,10163.15,10128.6,10158.95,1054125
1521603900000,10188.9,10265.95,10178.25,10244.8,3351600
1521607500000,10243.5,10253.05,10236.1,10250.0,972450
1521611100000,10250.15,10254.5,10200.05,10215.35,1622625
1521614700000,10215.5,10222.25,10186.0,10196.6,1608300
1521618300000,10196.6,10213.1,10163.0,10170.0,1785375
1521621900000,10169.1,10191.95,10148.0,10187.9,2771475
1521625500000,10187.9,10188.9,10176.55,10180.9,910275
1521690300000,10195.85,10237.85,10167.65,10208.0,2549625
1521693900000,10207.0,10220.0,10191.55,10205.6,797400
1521697500000,10205.6,10205.6,10158.05,10164.05,1521225
1521701100000,10163.55,10187.25,10137.25,10137.75,1406325
1521704700000,10137.15,10174.7,10110.0,10171.0,2848500
1521708300000,10171.0,10181.05,10118.25,10127.55,2295975
1521711900000,10127.7,10134.95,10115.05,10116.0,1111575
1521776700000,9999.6,10021.3,9976.25,9995.8,4072575
1521780300000,9997.0,10008.5,9990.35,9992.65,1174200
1521783900000,9992.6,9995.5,9962.45,9969.8,1724700
1521787500000,9968.95,10007.05,9960.0,10001.5,1580325
1521791100000,10003.55,10043.9,9993.0,9999.5,2494650
1521794700000,9999.5,10019.85,9978.05,10004.25,2411550
1521798300000,10004.3,10010.9,9993.0,10002.0,1249800
1522035900000,9989.85,10018.7,9984.0,9986.95,2385900
1522039500000,9986.0,10013.05,9976.35,10001.0,2325975
1522043100000,10001.0,10027.75,9998.0,10019.95,1790925
1522046700000,10019.65,10039.9,10017.45,10036.85,1675800
1522050300000,10037.5,10100.0,10024.8,10082.85,3802275
1522053900000,10083.5,10158.45,10078.35,10152.6,4041900
1522057500000,10152.5,10161.3,10139.1,10160.0,1604925
1522122300000,10190.65,10210.9,10156.7,10168.0,3193425
1522125900000,10168.9,10187.0,10162.0,10169.95,2857125
1522129500000,10168.0,10185.0,10147.0,10180.0,1538700
1522133100000,10180.0,10197.6,10172.1,10178.9,1263075
1522136700000,10178.9,10197.7,10158.35,10190.85,1213500
1522140300000,10190.3,10210.0,10160.0,10178.5,2169450
1522143900000,10178.5,10182.7,10172.7,10179.5,705675
1522208700000,10135.1,10135.1,10109.05,10110.25,2641725
1522212300000,10110.2,10124.0,10105.8,10116.4,1709025
1522215900000,10116.4,10158.1,10116.0,10147.0,2198700
1522219500000,10146.0,10156.3,10123.0,10123.0,1611000
1522223100000,10123.7,10148.0,10117.45,10132.7,1737000
1522226700000,10133.0,10159.7,10107.05,10111.0,2941875
1522230300000,10111.0,10116.05,10108.9,10115.7,1058625
1522640700000,10198.5,10220.0,10163.65,10174.65,2284275
1522644300000,10175.0,10207.0,10173.1,10206.0,937125
1522647900000,10206.1,10210.0,10195.0,10203.0,717900
1522651500000,10201.55,10224.9,10186.9,10213.85,922425
1522655100000,10216.2,10240.0,10213.0,10233.95,1239150
1522658700000,10234.0,10265.0,10220.5,10264.0,1695900
1522662300000,10263.45,10274.9,10260.55,10271.75,928050
1522727100000,10212.25,10268.0,10212.15,10247.05,2044350
1522730700000,10247.95,10248.0,10206.0,10220.1,1560675
1522734300000,10220.75,10244.7,10219.5,10234.2,1243800
1522737900000,10232.1,10258.5,10227.8,10246.45,739650
1522741500000,10246.5,10249.0,10228.5,10248.15,739725
1522745100000,10248.15,10291.45,10239.1,10286.5,2020200
1522748700000,10287.15,10297.0,10277.75,10278.2,873375
1522813500000,10294.0,10299.95,10265.4,10288.55,2498250
1522817100000,10288.95,10304.0,10285.0,10290.1,928425
1522820700000,10290.15,10292.45,10266.0,10278.1,1141275
1522824300000,10278.45,10280.0,10230.1,10231.6,2059800
1522827900000,10231.6,10234.55,10131.05,10161.4,5352900
1522831500000,10160.85,10169.9,10121.0,10150.6,2345625
1522835100000,10151.0,10154.0,10138.0,10139.0,992325
1522899900000,10255.65,10310.0,10253.05,10310.0,4013775
1522903500000,10314.1,10329.0,10292.55,10295.5,1906200
1522907100000,10295.0,10315.0,10290.55,10315.0,758100
1522910700000,10314.55,10315.0,10301.05,10314.0,625425
1522914300000,10315.0,10319.6,10300.05,10308.95,858000
1522917900000,10309.0,10359.35,10293.45,10353.7,2953425
1522921500000,10353.4,10358.6,10350.6,10356.0,959250
1522986300000,10341.0,10347.75,10312.0,10341.0,1881600
1522989900000,10341.05,10354.05,10316.1,10322.7,982425
1522993500000,10323.6,10340.0,10322.0,10335.2,552375
1522997100000,10336.0,10348.0,10323.05,10333.35,792900
1523000700000,10334.8,10349.15,10318.0,10330.2,891000
1523004300000,10329.0,10376.05,10328.95,10358.2,1766475
1523007900000,10358.0,10361.0,10340.0,10341.95,748725
1523245500000,10354.7,10414.9,10347.9,10405.55,2082150
1523249100000,10405.75,10407.75,10390.1,10396.05,826950
1523252700000,10396.45,10406.05,10381.5,10401.25,730650
1523256300000,10401.65,10412.25,10368.2,10390.5,1437075
1523259900000,10390.25,10407.95,10380.0,10404.4,765375
1523263500000,10404.05,10412.55,10386.4,10399.0,1302300
1523267100000,10397.0,10398.95,10385.1,10392.1,639825
1523331900000,10424.4,10439.0,10418.0,10427.5,1690650
1523335500000,10428.95,10431.0,10392.0,10408.05,1508400
1523339100000,10408.05,10417.0,10394.0,10410.65,928800
1523342700000,10410.6,10415.95,10403.15,10411.0,616425
1523346300000,10412.05,10426.0,10395.3,10417.5,1053000
1523349900000,10417.25,10435.0,10411.6,10416.3,1302600
1523353500000,10417.0,10428.4,10416.6,10425.9,683325
1523418300000,10416.35,10440.0,10363.0,10375.1,2703525
1523421900000,10375.6,10392.5,10370.0,10388.2,742425
1523425500000,10388.5,10397.95,10383.1,10388.1,621975
1523429100000,10389.05,10406.85,10385.45,10397.65,570225
1523432700000,10397.65,10437.0,10397.25,10429.05,1604700
1523436300000,10429.05,10432.85,10410.0,10432.55,1025925
1523439900000,10432.6,10433.25,10416.1,10417.45,782700
1523504700000,10415.05,10430.0,10397.85,10424.7,1759125
1523508300000,10424.9,10436.9,10405.65,10427.25,940125
1523511900000,10427.2,10433.4,10420.0,10424.75,507825
1523515500000,10425.0,10449.0,10419.2,10446.0,979950
1523519100000,10445.2,10478.8,10445.2,10465.05,2227575
1523522700000,10465.05,10472.1,10444.1,10464.6,1320375
1523526300000,10464.35,10469.95,10460.0,10465.1,899700
1523591100000,10481.1,10499.85,10472.55,10496.0,1599900
1523594700000,10496.0,10509.0,10493.55,10506.15,979350
1523598300000,10506.15,10519.0,10503.25,10517.0,891525
1523601900000,10517.0,10527.05,10471.1,10486.5,1653975
1523605500000,10484.8,10494.95,10462.05,10469.25,1650750
1523609100000,10469.95,10497.9,10456.25,10483.85,1328325
1523612700000,10483.55,10496.7,10483.0,10495.0,665400
1523850300000,10441.35,10483.3,10431.0,10475.1,2190000
1523853900000,10475.1,10483.0,10463.0,10466.0,601725
1523857500000,10466.05,10480.3,10463.5,10478.2,399750
1523861100000,10478.05,10509.9,10472.05,10496.9,975900
1523864700000,10497.15,10532.95,10492.85,10520.85,1504425
1523868300000,10520.9,10542.35,10520.0,10537.0,1272450
1523871900000,10538.0,10549.0,10536.95,10546.0,898575
1523936700000,10563.7,10564.9,10525.1,10550.4,1464675
1523940300000,10549.85,10554.6,10530.4,10533.15,813375
1523943900000,10534.0,10538.0,10513.1,10521.3,915075
1523947500000,10520.1,10526.2,10501.1,10519.75,1048500
1523951100000,10520.0,10547.95,10518.85,10544.7,986850
1523954700000,10544.7,10568.0,10543.75,10549.3,1564950
1523958300000,10548.6,10550.95,10543.6,10548.8,520125
1524023100000,10580.0,10581.8,10544.0,10566.0,1752375
1524026700000,10565.85,10575.0,10559.8,10572.7,643050
1524030300000,10573.35,10575.9,10564.5,10572.0,569400
1524033900000,10571.15,10590.0,10563.0,10589.0,1081650
1524037500000,10589.0,10596.55,10554.0,10562.5,1658400
1524041100000,10563.4,10572.7,10520.2,10546.6,2295825
1524044700000,10546.85,10556.0,10539.2,10550.1,832200
1524109500000,10581.15,10584.9,10553.0,10559.9,1478700
1524113100000,10559.6,10575.5,10554.0,10559.0,830850
1524116700000,10559.0,10567.5,10550.0,10561.4,499800
1524120300000,10561.0,10573.2,10556.5,10568.3,448125
1524123900000,10567.65,10582.75,10558.2,10569.3,860850
1524127500000,10568.9,10578.0,10562.45,10576.0,764925
1524131100000,10576.05,10585.55,10574.05,10580.0,742050
1524195900000,10563.3,10563.3,10540.0,10546.1,1657425
1524199500000,10546.1,10553.45,10541.05,10546.9,761850
1524203100000,10546.75,10549.0,10531.1,10544.0,1130175
1524206700000,10544.85,10555.6,10535.0,10536.0,957300
1524210300000,10536.3,10568.8,10532.4,10563.05,995775
1524213900000,10564.5,10576.35,10549.6,10573.0,1167750
1524217500000,10573.2,10597.0,10572.0,10596.0,1307925
1524455100000,10579.65,10579.7,10551.3,10577.5,1963950
1524458700000,10577.5,10614.65,10576.2,10592.0,1779525
1524462300000,10593.0,10611.0,10590.5,10610.5,885900
1524465900000,10611.0,10620.45,10597.45,10603.75,1171050
1524469500000,10605.0,10623.1,10604.55,10610.25,1087650
1524473100000,10610.25,10620.0,10571.0,10581.15,1623900
1524476700000,10581.05,10589.0,10577.5,10582.85,813000
1524541500000,10582.2,10598.8,10576.2,10591.75,1645200
1524545100000,10593.4,10599.9,10586.1,10593.2,1149750
1524548700000,10592.65,10598.75,10590.0,10590.3,914925
1524552300000,10590.3,10593.1,10568.1,10586.2,2051700
1524555900000,10586.0,10612.0,10584.5,10604.05,1498350
1524559500000,10604.05,10635.0,10601.0,10616.05,1991775
1524563100000,10616.4,10622.95,10613.7,10620.1,614850
1524627900000,10598.75,10600.0,10573.75,10584.9,2174175
1524631500000,10584.75,10589.7,10580.95,10583.1,1095150
1524635100000,10583.2,10591.6,10579.25,10585.05,1078200
1524638700000,10585.1,10609.0,10583.55,10607.0,1450875
1524642300000,10607.0,10613.0,10541.65,10547.65,2813325
1524645900000,10547.65,10577.4,10531.8,10570.2,2572200
1524649500000,10570.45,10572.95,10565.55,10568.05,805650
1524714300000,10564.65,10594.95,10563.6,10585.65,1486275
1524717900000,10585.05,10586.85,10573.05,10578.05,2019300
1524721500000,10578.05,10585.4,10556.15,10572.95,2179200
1524725100000,10572.65,10586.55,10562.0,10576.1,1810275
1524728700000,10575.05,10586.65,10568.05,10581.85,1643850
1524732300000,10581.85,10621.85,10566.8,10617.2,2837325
1524735900000,10616.55,10620.8,10616.55,10619.0,883575
1524800700000,10667.75,10725.0,10640.0,10719.0,3205575
1524804300000,10718.0,10723.0,10703.5,10716.4,906225
1524807900000,10715.0,10719.95,10706.05,10711.0,627900
1524811500000,10710.0,10729.0,10710.0,10723.05,615900
1524815100000,10723.0,10744.0,10716.1,10716.1,1179225
1524818700000,10716.1,10727.0,10707.4,10723.0,929100
1524822300000,10723.0,10728.95,10720.45,10723.9,736650
1525059900000,10727.5,10772.7,10727.5,10767.15,1515000
1525063500000,10767.95,10779.7,10762.45,10775.0,645150
1525067100000,10775.0,10784.0,10769.35,10778.0,430275
1525070700000,10778.0,10783.45,10770.1,10775.0,361950
1525074300000,10775.0,10776.95,10760.35,10771.1,502500
1525077900000,10771.95,10781.95,10758.0,10780.0,899025
1525081500000,10780.85,10787.95,10776.0,10783.55,599325
1525232700000,10779.0,10785.95,10748.0,10749.1,1571400
1525236300000,10749.1,10773.2,10749.0,10763.5,567750
1525239900000,10763.65,10769.45,10753.5,10768.05,529050
1525243500000,10768.95,10780.6,10760.3,10773.35,576825
1525247100000,10773.35,10782.05,10745.0,10750.3,773400
1525250700000,10750.6,10757.15,10706.0,10745.5,2100825
1525254300000,10745.5,10748.8,10740.2,10743.55,542850
1525319100000,10720.35,10726.1,10690.0,10696.0,1811325
1525322700000,10696.0,10696.4,10665.2,10670.0,1398225
1525326300000,10670.0,10691.95,10667.0,10679.75,673500
1525329900000,10679.9,10705.0,10678.0,10699.15,607950
1525333500000,10699.15,10734.95,10698.25,10727.1,1089750
1525337100000,10727.8,10738.0,10703.0,10703.25,1052925
1525340700000,10702.5,10712.05,10698.2,10699.3,714900
1525405500000,10675.05,10687.7,10659.85,10673.0,1521075
1525409100000,10673.0,10680.0,10666.8,10675.35,567825
1525412700000,10675.95,10682.4,10645.0,10661.4,1327125
1525416300000,10661.4,10667.7,10640.0,10642.0,748875
1525419900000,10641.9,10676.0,10641.8,10657.25,852675
1525423500000,10657.9,10665.35,10642.6,10653.85,940500
1525427100000,10654.0,10662.85,10650.0,10660.0,677400
1525664700000,10679.95,10688.35,10645.1,10678.0,983400
1525668300000,10678.05,10695.8,10677.55,10692.2,510225
1525671900000,10691.5,10694.15,10684.2,10692.1,294300
1525675500000,10693.0,10721.3,10692.1,10717.45,1273050
1525679100000,10718.0,10720.0,10709.05,10717.0,553500
1525682700000,10717.9,10746.7,10715.85,10742.0,1318500
1525686300000,10742.45,10744.0,10738.0,10742.05,647550
1525751100000,10755.1,10766.85,10722.3,10739.4,1471425
1525754700000,10738.0,10748.95,10737.0,10740.9,432000
1525758300000,10741.0,10749.0,10740.1,10745.55,301650
1525761900000,10745.05,10753.45,10680.0,10714.2,1696425
1525765500000,10713.1,10726.6,10700.05,10723.9,697575
1525769100000,10723.05,10738.5,10710.8,10732.6,1026225
1525772700000,10732.05,10739.0,10730.6,10735.5,765225
1525837500000,10715.05,10739.9,10712.65,10734.45,1007850
1525841100000,10733.25,10755.95,10722.55,10750.0,892050
1525844700000,10749.85,10750.2,10739.0,10748.0,450300
1525848300000,10748.8,10779.85,10746.25,10777.0,1082400
1525851900000,10777.0,10787.85,10766.8,10776.0,1090950
1525855500000,10775.65,10783.5,10754.5,10770.9,909750
1525859100000,10770.9,10780.0,10764.0,10774.0,698250
1525923900000,10772.5,10794.55,10762.15,10772.4,1368450
1525927500000,10771.0,10773.0,10742.8,10757.5,832800
1525931100000,10757.0,10764.8,10744.0,10751.0,472275
1525934700000,10751.0,10751.95,10715.0,10720.65,1351950
1525938300000,10722.2,10752.0,10721.0,10740.3,761175
1525941900000,10741.0,10756.45,10722.0,10724.6,907800
1525945500000,10724.6,10726.3,10715.55,10725.15,724050
1526010300000,10752.55,10777.5,10736.75,10759.3,1685025
1526013900000,10759.55,10775.0,10757.15,10768.95,755175
1526017500000,10768.7,10773.95,10760.1,10767.35,337800
1526021100000,10767.1,10782.3,10761.0,10761.7,683400
1526024700000,10761.95,10788.6,10761.95,10784.2,983625
1526028300000,10784.5,10827.2,10780.25,10816.55,2806200
1526031900000,10816.55,10823.1,10815.0,10815.75,788700
1526269500000,10810.85,10848.7,10809.8,10841.7,988350
1526273100000,10846.0,10848.45,10834.3,10836.35,463350
1526276700000,10837.0,10840.0,10802.0,10804.95,884025
1526280300000,10803.3,10821.0,10796.0,10804.7,576825
1526283900000,10804.0,10809.2,10781.3,10795.4,909375
1526287500000,10795.4,10825.9,10788.75,10819.1,1294800
1526291100000,10820.0,10821.9,10806.15,10807.0,551775
1526355900000,10814.75,10947.9,10791.6,10940.25,4497375
1526359500000,10941.0,10945.4,10896.55,10915.5,1918050
1526363100000,10915.15,10920.45,10876.0,10891.0,1288050
1526366700000,10892.75,10898.0,10853.05,10857.0,1081425
1526370300000,10856.45,10871.0,10816.4,10819.75,1722225
1526373900000,10820.15,10836.9,10787.0,10820.15,2618025
1526377500000,10819.2,10822.0,10808.55,10819.0,722550
1526442300000,10770.25,10780.9,10721.5,10732.0,2836200
1526445900000,10732.0,10754.9,10730.3,10750.1,943875
1526449500000,10748.55,10788.9,10748.55,10766.05,1417500
1526453100000,10766.0,10813.0,10761.15,10802.0,1370025
1526456700000,10802.6,10814.0,10763.0,10765.45,1263000
1526460300000,10765.45,10784.0,10740.0,10765.0,1276050
1526463900000,10764.15,10774.35,10760.05,10766.6,505950
1526528700000,10764.0,10786.95,10727.0,10736.0,1447950
1526532300000,10736.05,10747.4,10721.0,10730.0,844650
1526535900000,10729.25,10735.85,10717.25,10723.15,692625
1526539500000,10722.0,10738.0,10710.5,10730.25,881550
1526543100000,10729.95,10736.0,10717.65,10725.15,465975
1526546700000,10724.1,10741.8,10687.0,10691.4,1754325
1526550300000,10691.4,10695.7,10680.55,10694.8,1170450
1526615100000,10693.3,10693.3,10645.5,10650.55,1743750
1526618700000,10650.55,10673.4,10648.55,10658.25,806250
1526622300000,10658.35,10658.4,10631.35,10639.05,1013850
1526625900000,10639.8,10655.5,10620.0,10626.95,1096575
1526629500000,10626.5,10628.4,10603.0,10617.75,1466775
1526633100000,10617.7,10631.05,10586.05,10596.5,2171850
1526636700000,10595.55,10609.4,10592.1,10608.0,901050
1526874300000,10630.0,10630.0,10579.35,10588.1,2177775
1526877900000,10588.15,10599.0,10566.1,10583.0,1176600
1526881500000,10582.3,10585.0,10557.0,10561.7,833700
1526885100000,10561.6,10563.2,10541.0,10546.4,1100625
1526888700000,10546.4,10556.9,10524.95,10533.2,1168950
1526892300000,10534.45,10548.45,10521.3,10543.3,1299975
1526895900000,10543.35,10543.55,10535.05,10542.0,763650
1526960700000,10533.05,10572.0,10507.0,10552.5,2554575
1526964300000,10553.0,10567.4,10518.15,10520.8,1047825
1526967900000,10523.2,10539.9,10521.65,10538.4,500925
1526971500000,10538.4,10563.45,10533.2,10545.1,810375
1526975100000,10545.2,10556.45,10533.0,10545.15,907050
1526978700000,10545.95,10554.5,10526.0,10550.0,950850
1526982300000,10550.8,10560.95,10549.8,10554.7,552300
1527047100000,10525.0,10539.75,10482.6,10489.45,2005500
1527050700000,10489.55,10503.0,10483.0,10500.15,876225
1527054300000,10500.15,10524.75,10492.0,10518.0,1017825
1527057900000,10517.25,10519.25,10492.15,10501.6,807150
1527061500000,10503.0,10514.0,10453.0,10467.15,1945500
1527065100000,10466.45,10468.0,10416.15,10416.6,2451150
1527068700000,10416.65,10429.95,10413.55,10418.7,1058925
1527133500000,10450.0,10458.6,10408.55,10445.0,2174850
1527137100000,10444.0,10466.0,10436.0,10460.8,966075
1527140700000,10460.8,10464.0,10445.65,10452.5,695025
1527144300000,10454.0,10493.4,10452.5,10482.3,1198950
1527147900000,10482.0,10508.9,10430.0,10437.1,2079450
1527151500000,10437.6,10504.9,10437.6,10502.8,1348725
1527155100000,10501.5,10523.7,10501.5,10522.95,1087650
1527219900000,10527.75,10574.35,10518.25,10562.2,2291175
1527223500000,10562.7,10587.65,10560.0,10582.05,1265250
1527227100000,10583.1,10585.0,10559.05,10575.0,609375
1527230700000,10575.45,10597.0,10564.85,10593.0,1016775
1527234300000,10591.7,10631.7,10589.05,10624.0,1917225
1527237900000,10623.2,10637.45,10581.0,10594.0,2321625
1527241500000,10594.4,10618.65,10591.75,10608.5,1112775
1527479100000,10629.0,10669.9,10629.0,10658.7,1654425
1527482700000,10659.05,10673.05,10658.65,10666.0,784200
1527486300000,10666.5,10677.8,10662.5,10674.5,727725
1527489900000,10675.0,10692.2,10671.2,10685.8,1200750
1527493500000,10685.45,10690.0,10675.1,10687.6,582225
1527497100000,10687.6,10698.95,10674.45,10677.6,1474350
1527500700000,10677.95,10682.8,10671.0,10676.0,760875
1527565500000,10664.95,10679.8,10651.2,10675.3,1938975
1527569100000,10675.3,10697.8,10672.05,10687.55,1134075
1527572700000,10687.6,10704.0,10649.55,10652.8,1775550
1527576300000,10652.8,10665.0,10630.0,10641.3,1554300
1527579900000,10640.05,10649.9,10611.55,10619.0,1663350
1527583500000,10617.95,10627.25,10596.05,10621.75,2107500
1527587100000,10621.75,10622.4,10612.0,10617.0,607425
1527651900000,10569.9,10588.5,10539.9,10570.65,2602125
1527655500000,10570.6,10571.95,10548.0,10551.0,1077825
1527659100000,10551.0,10596.7,10549.0,10582.05,1536825
1527662700000,10582.0,10648.5,10571.0,10642.95,2603775
1527666300000,10641.5,10644.0,10563.15,10565.15,2157900
1527669900000,10565.1,10613.45,10558.75,10600.0,1689450
1527673500000,10600.0,10614.6,10598.6,10612.45,791625
1527738300000,10661.25,10661.5,10618.7,10622.0,2117400
1527741900000,10623.3,10652.4,10617.65,10651.0,1477275
1527745500000,10650.7,10666.65,10644.0,10657.1,1383525
1527749100000,10657.4,10672.0,10646.05,10666.8,1482600
1527752700000,10666.0,10679.95,10650.0,10654.5,1384200
1527756300000,10656.4,10750.75,10653.0,10729.6,2877000
1527759900000,10729.9,10739.85,10728.85,10737.0,1087800
1527824700000,10725.0,10744.0,10706.0,10730.05,2272800
1527828300000,10730.05,10736.2,10702.0,10724.0,1007400
1527831900000,10724.85,10732.0,10681.1,10696.9,1199925
1527835500000,10696.4,10718.0,10672.0,10683.0,1111800
1527839100000,10683.1,10715.0,10682.5,10699.95,809250
1527842700000,10699.35,10720.1,10683.6,10693.75,1067175
1527846300000,10694.5,10694.5,10669.95,10671.3,773925
1528083900000,10732.2,10732.2,10620.9,10658.6,3152100
1528087500000,10659.6,10680.0,10650.2,10668.0,866325
1528091100000,10668.8,10676.8,10656.45,10673.9,403200
1528094700000,10673.55,10684.95,10621.0,10622.0,1471950
1528098300000,10621.65,10637.85,10593.0,10604.3,1335075
1528101900000,10604.7,10620.3,10587.65,10602.85,1775625
1528105500000,10601.8,10607.7,10592.75,10606.55,644550
1528170300000,10598.7,10604.15,10568.15,10588.3,1402500
1528173900000,10588.4,10588.4,10561.0,10567.15,1154250
1528177500000,10567.75,10630.0,10567.0,10608.0,1623975
1528181100000,10608.05,10618.55,10581.5,10601.9,1029000
1528184700000,10602.4,10606.95,10558.05,10572.05,1185450
1528188300000,10572.0,10599.0,10552.0,10587.65,1527375
1528191900000,10587.65,10613.0,10586.6,10610.0,687450
1528256700000,10604.75,10641.0,10575.0,10632.95,2161050
1528260300000,10633.3,10645.0,10617.55,10633.0,980550
1528263900000,10633.0,10664.0,10628.5,10653.0,1411350
1528267500000,10653.0,10661.05,10631.35,10644.9,606825
1528271100000,10644.9,10669.4,10639.9,10653.0,700125
1528274700000,10652.85,10701.0,10601.65,10688.05,3472125
1528278300000,10688.0,10694.35,10678.8,10690.0,747525
1528343100000,10725.25,10760.0,10725.25,10754.95,1981800
1528346700000,10754.05,10777.0,10750.95,10771.05,1217400
1528350300000,10771.0,10789.15,10765.25,10789.0,828600
1528353900000,10789.25,10799.05,10779.5,10798.75,911775
1528357500000,10800.0,10814.05,10780.0,10785.35,1638300
1528361100000,10785.35,10795.45,10763.05,10764.1,1485075
1528364700000,10764.1,10768.9,10756.0,10761.05,921750
1528429500000,10724.45,10739.0,10708.25,10731.35,1992000
1528433100000,10731.35,10744.4,10704.25,10714.85,1102575
1528436700000,10715.35,10725.0,10700.8,10703.0,951525
1528440300000,10702.25,10713.75,10691.0,10710.0,1067625
1528443900000,10710.0,10733.2,10700.05,10723.75,1062450
1528447500000,10723.0,10759.4,10715.0,10753.6,1580550
1528451100000,10754.0,10754.5,10738.0,10738.0,677325
1528688700000,10768.25,10819.95,10761.25,10811.0,1855800
1528692300000,10810.25,10819.0,10792.55,10794.35,717075
1528695900000,10795.15,10815.0,10795.0,10808.0,487575
1528699500000,10808.0,10833.0,10806.75,10827.65,844200
1528703100000,10828.0,10835.0,10821.0,10826.35,567525
1528706700000,10826.8,10828.5,10777.0,10780.2,1805550
1528710300000,10780.3,10789.0,10774.6,10786.05,876300
1528775100000,10797.95,10814.75,10780.25,10812.25,1138350
1528778700000,10812.2,10827.95,10808.0,10823.0,1086225
1528782300000,10822.15,10833.0,10812.7,10827.95,603150
1528785900000,10827.05,10846.5,10800.2,10819.0,1639725
1528789500000,10819.0,10833.95,10811.75,10826.95,897450
1528793100000,10827.05,10839.0,10818.15,10830.0,966975
1528796700000,10829.95,10849.9,10829.05,10848.0,1006200
1528861500000,10860.05,10862.0,10831.5,10844.0,1624650
1528865100000,10844.0,10859.9,10841.5,10857.05,596625
1528868700000,10856.0,10859.3,10847.0,10849.05,453450
1528872300000,10848.25,10865.85,10844.0,10848.6,733125
1528875900000,10849.0,10873.0,10846.5,10869.0,896175
1528879500000,10869.0,10873.5,10834.1,10842.0,1219125
1528883100000,10842.9,10851.0,10840.0,10847.1,572925
1528947900000,10823.95,10829.9,10782.0,10791.4,2256525
1528951500000,10790.5,10799.9,10783.85,10784.9,862050
1528955100000,10785.0,10792.1,10770.5,10781.1,953100
1528958700000,10780.4,10794.9,10775.05,10794.9,626925
1528962300000,10794.9,10818.7,10794.65,10816.05,1192350
1528965900000,10816.05,10834.05,10809.3,10815.4,1013400
1528969500000,10815.65,10816.0,10803.45,10813.25,707400
1529034300000,10798.95,10829.95,10781.1,10819.65,1895325
1529037900000,10818.35,10837.95,10815.0,10829.25,727650
1529041500000,10829.9,10830.0,10793.2,10794.0,1035525
1529045100000,10793.1,10797.75,10745.0,10752.85,2265900
1529048700000,10752.0,10764.5,10735.5,10753.0,1712400
1529052300000,10753.0,10827.95,10752.3,10822.0,2672175
1529055900000,10822.9,10825.0,10815.05,10818.65,1046250
1529293500000,10809.95,10812.6,10781.0,10796.45,1491975
1529297100000,10796.4,10817.3,10791.55,10806.95,835875
1529300700000,10806.0,10808.0,10790.0,10802.6,531975
1529304300000,10803.0,10806.9,10784.45,10793.4,489525
1529307900000,10793.5,10810.9,10783.45,10803.35,745050
1529311500000,10802.7,10812.0,10783.05,10787.95,1027350
1529315100000,10789.5,10793.75,10784.0,10789.6,615225
1529379900000,10760.0,10760.0,10730.1,10747.35,2395125
1529383500000,10747.5,10749.0,10732.55,10736.75,804825
1529387100000,10736.85,10740.7,10718.0,10722.4,1152075
1529390700000,10722.35,10729.35,10706.0,10713.45,1265625
1529394300000,10713.75,10729.05,10709.95,10720.0,886050
1529397900000,10720.0,10739.0,10704.55,10723.5,1664550
1529401500000,10723.2,10723.7,10713.45,10722.05,1051350
1529466300000,10725.2,10750.0,10725.2,10737.55,1609050
1529469900000,10737.6,10774.8,10733.15,10764.9,1459725
1529473500000,10764.9,10773.0,10760.55,10766.0,643650
1529477100000,10767.0,10784.0,10766.65,10774.75,967350
1529480700000,10774.0,10784.25,10762.0,10768.4,569400
1529484300000,10768.2,10796.9,10756.55,10793.35,2262525
1529487900000,10793.35,10795.4,10784.6,10788.0,822825
1529552700000,10799.8,10805.95,10768.2,10780.85,1564125
1529556300000,10780.85,10782.6,10765.25,10771.0,612450
1529559900000,10771.4,10778.5,10751.0,10759.65,801450
1529563500000,10760.0,10785.8,10754.0,10783.2,791250
1529567100000,10783.15,10789.0,10763.55,10772.15,693750
1529570700000,10772.1,10775.9,10716.65,10736.35,2458200
1529574300000,10737.4,10744.05,10732.0,10734.0,678150
1529639100000,10730.05,10737.1,10713.5,10719.95,1359150
1529642700000,10718.0,10746.55,10712.1,10732.55,892575
1529646300000,10732.65,10759.0,10730.5,10752.35,1008825
1529649900000,10753.1,10769.95,10746.2,10765.0,898650
1529653500000,10764.05,10774.95,10753.0,10773.0,888525
1529657100000,10773.15,10844.0,10762.65,10840.1,3040350
1529660700000,10839.85,10849.0,10831.65,10837.0,1278000
1529898300000,10784.95,10819.9,10784.95,10797.4,2463075
1529901900000,10797.7,10808.0,10777.0,10778.85,1620225
1529905500000,10778.85,10796.8,10776.6,10792.0,911250
1529909100000,10792.45,10794.0,10763.0,10776.65,1316775
1529912700000,10776.35,10804.45,10768.2,10776.65,1384800
1529916300000,10777.35,10777.35,10750.25,10757.8,1916250
1529919900000,10758.4,10760.05,10746.55,10759.45,916200
1529984700000,10733.95,10769.25,10726.4,10749.8,2208450
1529988300000,10749.9,10783.45,10745.0,10777.2,1475175
1529991900000,10776.8,10781.35,10768.7,10780.0,916725
1529995500000,10780.0,10790.0,10766.6,10771.05,1300650
1529999100000,10771.0,10781.85,10741.0,10773.2,2574300
1530002700000,10773.9,10806.65,10751.0,10765.15,2326500
1530006300000,10765.0,10766.5,10755.0,10757.9,788850
1530071100000,10811.85,10811.85,10742.95,10764.55,1440000
1530074700000,10763.05,10765.0,10725.6,10743.5,1591800
1530078300000,10744.35,10744.35,10713.1,10722.0,1978800
1530081900000,10721.5,10721.5,10676.2,10683.7,2267250
1530085500000,10681.9,10697.0,10661.35,10666.0,2037450
1530089100000,10666.0,10708.0,10651.5,10667.85,2932050
1530092700000,10667.75,10671.0,10654.45,10671.0,1383825
1530157500000,10660.0,10677.55,10639.05,10661.6,2093775
1530161100000,10661.6,10665.35,10650.55,10653.0,1968375
1530164700000,10653.0,10653.0,10616.0,10623.95,1856550
1530168300000,10623.95,10636.5,10610.55,10622.95,1849575
1530171900000,10623.05,10632.45,10581.0,10584.1,2053875
1530175500000,10584.55,10608.45,10556.95,10589.65,4787700
1530179100000,10589.1,10591.5,10583.75,10587.6,1281675
1530243900000,10591.05,10656.45,10591.05,10645.0,2968350
1530247500000,10645.5,10664.0,10636.0,10657.65,866625
1530251100000,10657.65,10675.0,10655.95,10669.35,1194825
1530254700000,10668.1,10689.0,10667.25,10675.25,1410150
1530258300000,10676.95,10695.0,10672.5,10692.05,1039500
1530261900000,10693.0,10706.75,10674.0,10699.7,1910550
1530265500000,10698.6,10701.5,10688.0,10689.8,852825
1530503100000,10698.75,10705.0,10640.7,10649.65,1900650
1530506700000,10649.65,10655.0,10627.45,10630.0,1063575
1530510300000,10629.45,10633.55,10615.5,10624.05,1020675
1530513900000,10623.8,10623.95,10595.0,10605.35,1375950
1530517500000,10605.4,10664.0,10597.55,10657.15,1654875
1530521100000,10657.15,10678.95,10647.9,10660.75,1602075
1530524700000,10660.75,10664.85,10645.35,10647.5,601650
1530589500000,10645.0,10686.95,10630.4,10668.05,1832400
1530593100000,10668.05,10703.0,10652.0,10695.05,1223925
1530596700000,10695.2,10720.0,10695.0,10701.1,1542825
1530600300000,10701.7,10730.1,10698.65,10711.7,1114350
1530603900000,10711.6,10718.75,10687.5,10714.1,958500
1530607500000,10714.1,10728.55,10705.2,10717.5,1153950
1530611100000,10716.7,10733.1,10716.1,10731.95,1016250
1530675900000,10716.1,10716.8,10671.0,10680.05,1874325
1530679500000,10680.45,10710.0,10677.65,10693.0,767700
1530683100000,10693.0,10729.0,10690.0,10717.2,996375
1530686700000,10717.15,10725.8,10711.2,10717.6,607650
1530690300000,10718.1,10760.0,10716.4,10755.8,1695975
1530693900000,10757.1,10775.75,10751.4,10771.0,1416675
1530697500000,10770.05,10776.9,10765.35,10766.1,851775
1530762300000,10759.95,10783.85,10753.0,10764.95,1314000
1530765900000,10765.0,10772.0,10737.0,10743.3,1081500
1530769500000,10743.25,10762.4,10740.5,10746.7,471300
1530773100000,10745.5,10791.0,10740.0,10784.35,1201125
1530776700000,10784.0,10787.25,10761.0,10772.9,611925
1530780300000,10772.95,10782.0,10731.2,10757.85,1280325
1530783900000,10757.4,10762.25,10751.1,10762.0,530700
1530848700000,10728.0,10791.55,10718.25,10781.0,2058675
1530852300000,10782.0,10812.8,10775.0,10808.3,1211175
1530855900000,10808.3,10813.0,10776.5,10778.55,830925
1530859500000,10777.25,10796.2,10772.0,10787.25,769425
1530863100000,10788.3,10806.0,10777.5,10797.8,805350
1530866700000,10797.5,10816.7,10776.6,10776.95,1465050
1530870300000,10776.5,10778.65,10770.0,10774.0,783075
1531107900000,10812.25,10845.6,10801.25,10834.05,1717125
1531111500000,10834.25,10838.9,10817.35,10837.85,689175
1531115100000,10837.85,10848.8,10834.8,10846.7,678450
1531118700000,10846.95,10856.0,10844.1,10856.0,767850
1531122300000,10856.0,10862.0,10851.15,10853.55,772200
1531125900000,10853.55,10861.7,10849.55,10858.3,800100
1531129500000,10858.4,10866.0,10857.5,10858.0,809475
1531194300000,10886.65,10916.25,10881.5,10913.55,1895775
1531197900000,10914.0,10923.6,10909.0,10921.8,852150
1531201500000,10921.95,10935.0,10920.1,10933.0,1067700
1531205100000,10932.8,10935.0,10920.2,10921.25,648300
1531208700000,10921.4,10939.0,10917.0,10930.9,899550
1531212300000,10931.0,10950.0,10921.5,10947.5,1441425
1531215900000,10947.7,10959.2,10946.1,10948.0,989550
1531280700000,10936.9,10955.75,10922.85,10948.25,1715925
1531284300000,10948.1,10967.0,10918.3,10926.0,1524225
1531287900000,10926.0,10938.95,10918.0,10938.4,1019025
1531291500000,10938.0,10941.7,10921.25,10936.0,677850
1531295100000,10936.0,10947.2,10926.6,10941.1,792825
1531298700000,10940.0,10954.75,10931.1,10940.5,1231800
1531302300000,10942.0,10945.0,10935.0,10937.0,731850
1531367100000,10981.0,11026.85,10976.0,11026.1,2137500
1531370700000,11026.8,11042.9,11023.45,11042.4,1262100
1531374300000,11042.55,11069.0,11038.05,11054.4,1698150
1531377900000,11054.8,11061.0,11038.6,11048.55,1026600
1531381500000,11048.95,11055.0,11020.2,11027.5,1359825
1531385100000,11026.3,11042.7,11015.0,11022.0,1274250
1531388700000,11022.1,11023.9,11006.55,11015.5,813450
1531453500000,11048.0,11056.3,11010.0,11012.3,2366325
1531457100000,11012.5,11018.0,10993.25,11006.9,1431900
1531460700000,11007.35,11030.4,11003.5,11027.3,858525
1531464300000,11027.95,11039.75,11022.0,11033.35,827775
1531467900000,11033.3,11039.0,11018.3,11019.6,562575
1531471500000,11020.1,11025.5,10997.55,11022.15,1385775
1531475100000,11021.25,11029.8,11018.0,11024.0,668550
1531712700000,11020.05,11020.1,10981.0,10999.7,1871325
1531716300000,10999.7,11002.8,10984.0,10984.35,508575
1531719900000,10984.0,10992.8,10970.0,10990.65,964500
1531723500000,10991.55,11010.4,10985.6,10994.1,656400
1531727100000,10994.95,10999.0,10966.7,10973.4,874950
1531730700000,10973.45,10980.5,10931.95,10948.4,1898925
1531734300000,10948.0,10951.8,10943.25,10950.0,696000
1531799100000,10947.05,10995.65,10938.0,10972.0,2321775
1531802700000,10971.8,10975.0,10946.35,10967.0,1014150
1531806300000,10967.0,10979.55,10962.55,10975.0,575925
1531809900000,10975.65,10978.7,10966.25,10978.2,605400
1531813500000,10978.45,11017.5,10974.9,11005.3,1880550
1531817100000,11005.2,11035.4,11002.9,11021.2,1798275
1531820700000,11021.2,11030.0,11020.05,11026.0,686925
1531885500000,11055.15,11073.75,11042.2,11065.4,1967325
1531889100000,11065.45,11068.1,11048.8,11057.3,616800
1531892700000,11058.0,11068.0,11041.65,11041.65,769800
1531896300000,11041.25,11041.25,10955.0,11007.65,3535425
1531899900000,11010.0,11011.9,10958.75,10973.0,1475775
1531903500000,10972.05,10996.05,10960.0,10975.4,1213650
1531907100000,10975.4,10987.0,10972.1,10984.0,584775
1531971900000,11002.15,11004.7,10942.2,10977.15,1900500
1531975500000,10977.15,11010.0,10968.75,11003.45,1646625
1531979100000,11003.7,11004.4,10979.3,10987.1,676800
1531982700000,10986.95,10997.4,10970.2,10974.0,517500
1531986300000,10974.0,10981.4,10951.0,10967.8,1024350
1531989900000,10968.25,10990.15,10951.95,10968.35,1208100
1531993500000,10968.05,10984.95,10966.75,10983.0,960600
1532058300000,10965.5,11030.9,10956.4,11018.0,2156475
1532061900000,11018.0,11027.0,11005.6,11012.05,797100
1532065500000,11012.1,11025.6,11007.1,11021.4,510075
1532069100000,11022.4,11039.8,11012.15,11018.0,1015275
1532072700000,11017.25,11019.0,10993.0,11009.0,956400
1532076300000,11009.4,11043.1,11008.3,11019.85,1176825
1532079900000,11019.9,11032.15,11018.7,11030.6,714375
1532317500000,11022.0,11059.0,11008.6,11038.4,1438350
1532321100000,11039.0,11048.85,11027.25,11041.0,877275
1532324700000,11041.2,11056.8,11038.65,11054.35,711900
1532328300000,11053.1,11055.0,11035.15,11043.5,762750
1532331900000,11043.0,11072.05,11043.0,11066.05,1061775
1532335500000,11066.85,11103.6,11066.5,11101.1,1701750
1532339100000,11101.35,11109.0,11093.55,11094.5,846300
1532403900000,11109.0,11146.5,11098.2,11138.95,2445300
1532407500000,11139.05,11147.0,11134.0,11142.9,642300
1532411100000,11142.0,11152.05,11138.2,11148.0,935025
1532414700000,11148.0,11148.0,11101.0,11122.7,3013425
1532418300000,11122.7,11150.0,11111.1,11143.85,1400550
1532421900000,11144.5,11148.4,11133.0,11143.95,1211625
1532425500000,11143.1,11148.6,11137.0,11137.05,901425
1532490300000,11158.0,11167.8,11120.15,11131.95,1404075
1532493900000,11131.0,11135.0,11125.1,11132.0,1217925
1532497500000,11132.0,11151.9,11128.7,11147.9,1336800
1532501100000,11149.0,11170.0,11146.25,11152.0,1650825
1532504700000,11151.8,11164.7,11142.75,11151.75,966600
1532508300000,11152.0,11157.15,11135.75,11145.95,1538250
1532511900000,11145.15,11147.1,11118.85,11129.55,1011675
1532576700000,11149.3,11175.8,11142.25,11170.0,2210775
1532580300000,11170.0,11181.0,11161.0,11174.05,2572350
1532583900000,11174.3,11176.9,11160.05,11173.35,1629750
1532587500000,11174.95,11178.3,11164.0,11176.0,1028025
1532591100000,11176.45,11177.95,11151.0,11157.35,1516125
1532594700000,11157.25,11168.4,11126.55,11161.7,2707875
1532598300000,11161.65,11169.25,11161.35,11167.5,798150
1532663100000,11234.3,11267.6,11225.25,11263.6,2369700
1532666700000,11264.0,11269.65,11251.0,11263.05,725325
1532670300000,11263.65,11274.0,11258.0,11270.5,496200
1532673900000,11271.0,11278.4,11265.75,11269.0,793200
1532677500000,11268.9,11299.8,11266.75,11297.0,846600
1532681100000,11297.0,11312.85,11286.05,11307.3,1268025
1532684700000,11307.3,11312.3,11303.5,11308.9,736200
1532922300000,11325.15,11330.85,11295.55,11298.0,1662450
1532925900000,11299.15,11303.6,11285.0,11301.9,843375
1532929500000,11302.7,11315.65,11301.85,11308.0,683925
1532933100000,11306.45,11324.85,11306.45,11321.0,705225
1532936700000,11321.85,11337.0,11320.55,11322.0,908325
1532940300000,11322.0,11345.2,11316.7,11338.95,922725
1532943900000,11338.65,11341.0,11334.1,11339.0,566100
1533008700000,11330.0,11332.95,11305.5,11317.95,1312350
1533012300000,11317.0,11317.7,11290.6,11311.65,806850
1533015900000,11312.0,11321.65,11297.75,11317.95,528450
1533019500000,11318.0,11332.85,11315.8,11321.8,781800
1533023100000,11321.0,11341.0,11317.0,11335.95,625050
1533026700000,11337.65,11376.7,11334.95,11370.15,1401825
1533030300000,11370.1,11379.5,11370.0,11375.0,707100
1533095100000,11379.95,11400.0,11360.0,11391.2,1744650
1533098700000,11392.0,11402.75,11371.05,11376.85,973425
1533102300000,11377.0,11387.75,11358.0,11383.95,875250
1533105900000,11383.95,11386.0,11365.1,11369.5,424125
1533109500000,11369.95,11379.95,11359.3,11363.1,678900
1533113100000,11363.2,11400.0,11341.0,11373.0,2147250
1533116700000,11373.25,11376.0,11348.0,11353.0,726000
1533181500000,11343.9,11343.9,11294.0,11312.0,2267550
1533185100000,11313.0,11317.9,11305.0,11313.0,675375
1533188700000,11313.55,11328.9,11305.0,11322.0,604800
1533192300000,11323.0,11331.4,11306.55,11307.05,524025
1533195900000,11307.05,11317.5,11284.0,11286.8,974250
1533199500000,11286.85,11304.9,11280.1,11290.7,1318050
1533203100000,11290.75,11291.0,11274.0,11276.05,904725
1533267900000,11306.0,11365.0,11302.2,11347.55,2521725
1533271500000,11347.55,11362.75,11345.65,11355.7,523650
1533275100000,11356.0,11360.9,11347.95,11356.9,445575
1533278700000,11356.95,11358.9,11347.5,11356.65,331650
1533282300000,11356.95,11384.3,11356.95,11378.1,947400
1533285900000,11379.95,11403.0,11376.45,11389.0,1409100
1533289500000,11388.2,11406.9,11388.0,11396.0,727800
1533527100000,11420.15,11447.4,11401.25,11405.75,1675725
1533530700000,11405.65,11429.85,11396.25,11423.0,717450
1533534300000,11423.3,11429.0,11415.1,11416.6,258075
1533537900000,11416.6,11424.0,11406.65,11414.9,303075
1533541500000,11415.75,11427.55,11414.0,11420.0,366825
1533545100000,11420.0,11420.0,11386.55,11413.5,944625
1533548700000,11413.7,11421.0,11408.0,11421.0,469650
1533613500000,11432.25,11445.05,11409.0,11420.1,1093275
1533617100000,11420.65,11424.0,11388.0,11388.55,999825
1533620700000,11388.6,11412.45,11376.2,11410.0,870225
1533624300000,11410.0,11428.3,11410.0,11422.3,683775
1533627900000,11424.0,11432.6,11406.4,11423.9,690075
1533631500000,11423.9,11430.0,11410.0,11417.7,548550
1533635100000,11417.15,11424.8,11411.1,11424.3,469950
1533699900000,11428.25,11431.65,11398.95,11417.4,1001850
1533703500000,11417.2,11463.0,11413.2,11460.0,1548450
1533707100000,11460.0,11465.0,11443.05,11463.0,718650
1533710700000,11463.05,11467.5,11454.3,11462.5,608175
1533714300000,11462.5,11474.9,11449.5,11457.0,1001325
1533717900000,11457.0,11472.0,11437.6,11465.7,1179000
1533721500000,11465.25,11476.6,11462.9,11471.0,697125
1533786300000,11498.0,11498.0,11472.0,11486.3,1423350
1533789900000,11486.1,11494.7,11467.0,11475.0,785850
1533793500000,11474.5,11494.4,11467.5,11491.65,506850
1533797100000,11491.55,11495.95,11475.0,11487.6,376650
1533800700000,11488.7,11504.7,11481.15,11498.05,510075
1533804300000,11498.0,11501.7,11480.6,11489.7,623100
1533807900000,11488.05,11494.5,11483.05,11484.0,465075
1533872700000,11465.0,11485.45,11446.45,11450.0,1445550
1533876300000,11449.55,11463.5,11433.25,11443.75,834150
1533879900000,11443.75,11452.0,11439.4,11451.65,453075
1533883500000,11451.35,11466.3,11445.5,11460.0,462525
1533887100000,11460.0,11479.5,11448.75,11472.15,803100
1533890700000,11471.0,11474.8,11435.0,11444.0,1211025
1533894300000,11443.85,11445.0,11430.2,11435.0,699300
1534131900000,11374.0,11386.7,11354.05,11371.95,2449275
1534135500000,11371.45,11398.0,11366.05,11379.0,789150
1534139100000,11378.15,11423.9,11372.5,11409.25,1046025
1534142700000,11409.15,11416.0,11398.0,11405.5,762300
1534146300000,11405.6,11427.7,11394.0,11399.45,905025
1534149900000,11399.45,11409.9,11372.0,11379.15,1145775
1534153500000,11379.85,11389.7,11377.0,11386.95,661950
1534218300000,11394.75,11435.95,11390.2,11430.0,1711125
1534221900000,11429.95,11435.0,11408.0,11415.95,684900
1534225500000,11416.6,11435.0,11412.05,11432.5,514650
1534229100000,11433.35,11460.0,11431.25,11458.0,1029900
1534232700000,11457.65,11478.15,11455.0,11459.3,785700
1534236300000,11460.25,11474.6,11456.2,11468.65,686325
1534239900000,11468.1,11468.4,11457.65,11464.3,654975
1534391100000,11419.9,11447.9,11401.1,11447.5,1927950
1534394700000,11445.65,11460.0,11436.15,11456.5,827025
1534398300000,11457.2,11459.05,11439.6,11446.0,515775
1534401900000,11445.2,11446.05,11422.6,11425.8,704550
1534405500000,11424.6,11432.6,11402.0,11424.0,1052175
1534409100000,11424.8,11425.6,11377.0,11406.55,1682550
1534412700000,11406.55,11420.45,11404.5,11417.0,577500
1534477500000,11439.75,11475.0,11420.0,11471.65,2002425
1534481100000,11470.85,11491.65,11470.0,11489.7,1044675
1534484700000,11488.8,11494.95,11484.1,11492.3,436200
1534488300000,11492.95,11493.45,11477.1,11484.0,482025
1534491900000,11484.9,11499.3,11473.0,11496.55,741975
1534495500000,11496.4,11507.45,11488.0,11490.9,1277700
1534499100000,11490.9,11491.9,11480.65,11486.0,649275
1534736700000,11518.95,11559.4,11510.05,11555.6,1513125
1534740300000,11555.75,11560.15,11546.0,11552.1,593250
1534743900000,11552.8,11569.3,11551.0,11567.9,507975
1534747500000,11568.0,11578.6,11567.65,11572.0,607500
1534751100000,11573.0,11582.4,11570.2,11580.05,408450
1534754700000,11580.05,11580.05,11561.6,11576.55,747900
1534758300000,11576.15,11585.35,11573.6,11582.8,812700
1534823100000,11578.95,11590.05,11557.15,11571.0,1391625
1534826700000,11570.6,11580.0,11563.6,11566.3,684975
1534830300000,11566.25,11573.2,11553.0,11563.0,647400
1534833900000,11563.0,11583.85,11560.05,11576.0,588000
1534837500000,11575.85,11584.4,11568.0,11576.4,458250
1534841100000,11575.05,11589.4,11575.05,11583.0,757800
1534844700000,11582.7,11592.35,11582.55,11587.8,651750
1534995900000,11614.95,11622.0,11563.55,11565.5,2000400
1534999500000,11565.5,11573.0,11553.3,11563.0,935025
1535003100000,11562.6,11583.0,11558.05,11578.6,611475
1535006700000,11577.7,11585.35,11570.7,11574.55,814050
1535010300000,11574.95,11597.7,11567.75,11592.7,663450
1535013900000,11592.5,11604.9,11582.4,11600.0,945900
1535017500000,11601.0,11604.0,11590.0,11596.5,576225
1535082300000,11580.0,11605.75,11565.65,11592.4,1436175
1535085900000,11591.85,11593.95,11562.85,11576.9,1102050
1535089500000,11577.4,11582.9,11565.0,11565.35,619500
1535093100000,11566.35,11569.9,11541.0,11556.0,1339650
1535096700000,11556.2,11574.7,11556.0,11567.75,721050
1535100300000,11567.8,11576.0,11552.8,11574.3,880275
1535103900000,11574.75,11575.8,11567.5,11572.95,667575
1535341500000,11616.2,11667.0,11614.0,11660.75,2469075
1535345100000,11660.65,11671.25,11660.0,11668.95,806550
1535348700000,11669.0,11679.2,11666.55,11679.0,1000425
1535352300000,11679.0,11686.0,11674.0,11681.15,942375
1535355900000,11681.5,11692.55,11681.0,11689.0,959475
1535359500000,11689.0,11704.0,11686.55,11700.2,1388325
1535363100000,11700.2,11712.9,11699.2,11712.0,995475
1535427900000,11735.0,11761.7,11715.05,11738.0,3085650
1535431500000,11738.1,11745.7,11727.2,11743.0,1110675
1535435100000,11743.0,11745.5,11726.65,11736.05,776625
1535438700000,11737.2,11750.9,11736.1,11745.35,1165125
1535442300000,11745.35,11746.0,11734.3,11742.1,1334025
1535445900000,11742.15,11753.0,11729.6,11750.9,1704225
1535449500000,11751.45,11760.1,11749.25,11757.4,1170525
1535514300000,11751.95,11763.85,11732.0,11742.4,1437000
1535517900000,11742.0,11749.45,11739.4,11748.0,1326600
1535521500000,11748.45,11748.85,11727.1,11733.55,2140575
1535525100000,11734.2,11745.55,11723.5,11734.0,1642425
1535528700000,11734.0,11739.5,11716.0,11734.45,1218825
1535532300000,11732.4,11746.45,11698.0,11700.55,1784550
1535535900000,11701.0,11705.9,11693.3,11705.35,826050
1535600700000,11715.0,11715.0,11660.2,11671.95,2280150
1535604300000,11671.85,11679.9,11669.25,11674.0,1392225
1535607900000,11674.0,11681.0,11669.05,11678.2,1212300
1535611500000,11678.2,11690.75,11651.15,11652.9,1487325
1535615100000,11652.75,11670.0,11650.0,11656.0,925200
1535618700000,11656.05,11684.65,11642.1,11677.75,2423400
1535622300000,11677.55,11679.8,11672.55,11678.0,937200
1535687100000,11709.0,11793.0,11702.65,11767.9,2970750
1535690700000,11767.9,11767.95,11701.0,11708.95,1753050
1535694300000,11707.05,11724.0,11696.7,11713.9,989100
1535697900000,11713.0,11718.0,11686.35,11705.65,1153575
1535701500000,11706.0,11730.6,11700.05,11723.35,902625
1535705100000,11723.35,11744.95,11712.5,11739.6,1031850
1535708700000,11739.75,11740.9,11730.5,11731.7,655275
1535946300000,11755.15,11775.05,11731.1,11759.05,1572150
1535949900000,11759.1,11767.7,11752.45,11760.0,386400
1535953500000,11760.5,11764.75,11744.1,11761.1,524775
1535957100000,11759.25,11761.5,11741.3,11746.15,519750
1535960700000,11745.6,11750.7,11705.2,11710.0,1246425
1535964300000,11711.0,11720.5,11640.0,11646.55,2594100
1535967900000,11647.0,11648.8,11620.0,11623.35,1174800
1536032700000,11633.15,11642.2,11578.0,11607.95,3013950
1536036300000,11608.0,11625.0,11592.9,11615.0,1055175
1536039900000,11615.1,11637.85,11610.2,11627.55,822450
1536043500000,11629.9,11649.6,11617.0,11624.15,1137900
1536047100000,11625.1,11626.0,11572.6,11578.5,1639350
1536050700000,11578.0,11582.0,11550.0,11568.0,1974900
1536054300000,11568.0,11581.9,11565.0,11581.15,681825
1536119100000,11554.95,11579.0,11533.3,11560.0,2358600
1536122700000,11560.0,11560.0,11528.1,11538.9,978075
1536126300000,11538.6,11541.85,11496.0,11506.55,1390050
1536129900000,11506.85,11508.45,11451.1,11488.0,2275125
1536133500000,11488.5,11493.7,11437.0,11449.5,1909200
1536137100000,11450.0,11526.0,11446.4,11514.1,2715150
1536140700000,11514.95,11531.0,11508.85,11511.6,946875
1536205500000,11547.85,11556.0,11505.0,11533.0,2331000
1536209100000,11534.05,11570.0,11532.5,11559.2,893325
1536212700000,11559.2,11561.05,11503.35,11518.0,1254900
1536216300000,11518.45,11535.7,11470.25,11500.05,1797675
1536219900000,11501.0,11558.0,11493.3,11554.35,1511400
1536223500000,11554.45,11603.0,11552.2,11558.7,2681475
1536227100000,11558.7,11568.9,11546.0,11546.0,1199325
1536291900000,11550.0,11557.95,11512.6,11552.25,2350650
1536295500000,11552.25,11598.0,11552.05,11588.6,1520175
1536299100000,11589.85,11590.0,11564.1,11582.0,804450
1536302700000,11583.45,11615.0,11572.0,11609.0,978525
1536306300000,11609.45,11609.7,11581.5,11599.4,777375
1536309900000,11598.45,11648.55,11588.0,11639.6,2260650
1536313500000,11638.05,11640.0,11626.0,11633.0,753375
1536551100000,11594.4,11598.8,11520.05,11536.85,2994450
1536554700000,11536.7,11551.9,11525.35,11526.0,777000
1536558300000,11525.55,11540.2,11499.0,11502.9,1317000
1536561900000,11500.55,11517.95,11485.05,11514.2,1439850
1536565500000,11513.95,11533.3,11492.5,11511.5,1119150
1536569100000,11510.45,11514.25,11490.1,11495.7,1545975
1536572700000,11495.2,11500.0,11482.55,11488.5,964875
1536637500000,11498.75,11504.95,11456.6,11480.0,1962750
1536641100000,11479.8,11490.8,11461.25,11477.0,854250
1536644700000,11477.0,11486.3,11451.5,11457.7,918825
1536648300000,11457.55,11484.7,11443.65,11460.15,940425
1536651900000,11458.3,11466.0,11395.0,11395.0,1868550
1536655500000,11396.9,11400.2,11330.0,11336.3,3312975
1536659100000,11335.3,11338.5,11322.8,11332.1,1007250
1536723900000,11331.3,11360.0,11300.4,11327.75,2695350
1536727500000,11328.55,11359.9,11326.25,11353.0,1113975
1536731100000,11352.9,11365.75,11323.6,11343.45,1045800
1536734700000,11343.75,11344.8,11297.45,11335.05,1598250
1536738300000,11335.1,11424.8,11331.1,11408.75,2801100
1536741900000,11409.0,11430.0,11398.4,11418.6,1861875
1536745500000,11419.4,11425.0,11411.0,11412.9,673425
1536896700000,11482.5,11504.95,11466.0,11487.35,1989750
1536900300000,11487.5,11499.75,11483.3,11493.05,644100
1536903900000,11492.6,11498.0,11467.5,11482.0,760500
1536907500000,11481.65,11520.0,11481.65,11517.0,1190700
1536911100000,11517.9,11530.0,11505.0,11525.65,1337325
1536914700000,11525.7,11559.0,11512.2,11550.0,1838700
1536918300000,11550.0,11553.0,11536.65,11538.1,1045200
1537155900000,11485.0,11490.0,11422.1,11441.0,2847750
1537159500000,11440.1,11442.25,11400.0,11401.95,1548975
1537163100000,11401.0,11444.0,11395.0,11438.0,1240125
1537166700000,11437.55,11440.1,11422.1,11437.0,543000
1537170300000,11436.9,11455.0,11405.6,11437.25,1219650
1537173900000,11437.25,11444.0,11402.0,11407.35,1363650
1537177500000,11407.35,11412.75,11392.65,11396.05,1028625
1537242300000,11388.05,11438.0,11379.15,11401.0,2080050
1537245900000,11400.95,11407.45,11357.15,11372.5,1324200
1537249500000,11373.0,11428.6,11371.25,11407.0,1501200
1537253100000,11406.3,11423.0,11382.9,11395.3,1178700
1537256700000,11395.65,11409.95,11381.0,11393.05,869550
1537260300000,11393.0,11399.0,11302.6,11303.1,2382150
1537263900000,11303.05,11319.1,11298.1,11316.8,1055100
1537328700000,11348.95,11353.0,11313.0,11337.1,2119500
1537332300000,11335.2,11373.9,11335.2,11350.0,1298775
1537335900000,11350.0,11367.2,11337.05,11337.05,833700
1537339500000,11337.15,11343.05,11292.5,11295.0,1724475
1537343100000,11295.0,11335.0,11285.5,11287.9,1325025
1537346700000,11286.0,11290.0,11244.45,11264.95,2492175
1537350300000,11265.0,11285.6,11265.0,11272.0,802200
1537501500000,11304.95,11385.0,11304.95,11361.1,3441600
1537505100000,11363.25,11368.9,11341.1,11360.65,1247625
1537508700000,11362.3,11364.55,11312.0,11328.55,1624950
1537512300000,11328.5,11338.35,11005.55,11143.45,6236925
1537515900000,11141.05,11216.95,11092.05,11093.95,3712275
1537519500000,11090.7,11173.65,11032.05,11172.2,3967275
1537523100000,11173.75,11189.95,11156.0,11176.55,1083975
1537760700000,11174.5,11185.0,11070.9,11074.95,3392475
1537764300000,11073.15,11135.95,11071.0,11110.45,1881675
1537767900000,11110.0,11110.15,11012.8,11013.05,2171550
1537771500000,11014.0,11054.85,10969.45,11043.45,2904825
1537775100000,11044.85,11046.0,10970.55,10994.0,1946850
1537778700000,10991.6,11044.4,10978.4,10988.8,2542425
1537782300000,10990.0,11002.0,10978.15,11000.0,933375
1537847100000,10970.1,11014.5,10909.05,11013.0,3675000
1537850700000,11012.6,11060.0,10991.3,11051.8,2514525
1537854300000,11050.0,11061.0,10990.95,11017.85,2411475
1537857900000,11017.8,11056.85,11002.5,11015.0,1636500
1537861500000,11015.5,11024.9,10927.65,11024.9,3171825
1537865100000,11026.6,11101.0,10966.25,11097.75,3360825
1537868700000,11096.1,11103.8,11083.25,11097.25,822225
1537933500000,11135.1,11149.0,11081.15,11106.6,2924775
1537937100000,11106.3,11111.85,11052.1,11059.9,2044800
1537940700000,11059.9,11068.95,11016.5,11042.7,2061375
1537944300000,11042.7,11067.45,11001.1,11016.1,2416050
1537947900000,11016.3,11063.0,11006.4,11060.0,1693950
1537951500000,11059.95,11085.85,11022.0,11071.1,2106450
1537955100000,11071.3,11076.85,11045.05,11050.0,637200
1538019900000,11073.5,11088.0,11041.0,11053.75,2422050
1538023500000,11053.0,11060.0,11016.55,11026.55,1827450
1538027100000,11027.0,11038.55,11006.1,11024.7,1969950
1538030700000,11025.55,11030.5,10982.65,10998.05,2921775
1538034300000,10997.65,11008.4,10953.65,10979.4,2033400
1538037900000,10978.35,10996.5,10944.55,10974.6,3270075
1538041500000,10974.65,10978.75,10972.55,10978.75,1586550
1538106300000,11070.0,11099.9,10985.05,11005.95,3482175
1538109900000,11006.0,11063.7,10994.1,11057.5,1522275
1538113500000,11057.0,11098.0,11052.05,11058.95,1836975
1538117100000,11058.0,11068.0,11016.1,11035.35,1644375
1538120700000,11037.65,11040.0,10914.5,10948.3,2882625
1538124300000,10948.0,10980.55,10892.15,10978.65,3296400
1538127900000,10981.0,10983.7,10953.95,10964.3,887775
1538365500000,10931.0,10970.8,10901.0,10923.55,2393625
1538369100000,10923.6,10939.6,10880.1,10898.9,1226400
1538372700000,10897.95,10905.95,10857.55,10894.0,1349250
1538376300000,10895.0,10945.0,10871.0,10913.7,1510950
1538379900000,10912.6,10975.5,10912.6,10968.05,1669575
1538383500000,10968.0,11066.45,10968.0,11059.7,2801325
1538387100000,11058.15,11090.0,11054.5,11066.6,1256325
1538538300000,11011.25,11017.3,10946.0,10978.0,3255000
1538541900000,10977.7,10978.0,10931.0,10956.85,1552725
1538545500000,10957.9,11024.0,10946.0,11017.0,1425900
1538549100000,11016.5,11025.0,10955.45,10983.9,1638300
1538552700000,10983.9,11009.25,10966.0,10987.6,1150050
1538556300000,10985.0,10992.85,10881.6,10895.0,3087900
1538559900000,10895.15,10902.05,10880.05,10880.05,1192125
1538624700000,10752.0,10799.5,10710.1,10721.95,5174550
1538628300000,10722.45,10725.45,10686.1,10707.05,2142225
1538631900000,10709.75,10717.95,10633.1,10662.45,2724825
1538635500000,10661.45,10712.95,10651.15,10656.95,2626575
1538639100000,10656.0,10669.6,10611.1,10634.55,2556225
1538642700000,10636.0,10709.25,10633.25,10654.9,2842875
1538646300000,10654.95,10655.9,10593.25,10595.0,1900275
1538711100000,10552.0,10588.9,10521.05,10524.2,3258675
1538714700000,10524.8,10536.55,10490.25,10505.0,2557200
1538718300000,10503.1,10518.5,10481.3,10487.95,1595925
1538721900000,10486.0,10495.2,10446.2,10453.75,1999200
1538725500000,10454.55,10493.3,10446.05,10475.4,1796850
1538729100000,10474.35,10519.0,10336.55,10349.45,6228375
1538732700000,10347.1,10348.85,10292.0,10292.0,2618025
1538970300000,10273.9,10361.0,10232.25,10339.9,5585475
1538973900000,10342.35,10413.95,10314.05,10406.7,2661825
1538977500000,10407.85,10417.8,10356.15,10373.5,1939050
1538981100000,10373.5,10392.95,10336.45,10338.1,1795575
1538984700000,10338.1,10348.4,10241.6,10257.0,2659650
1538988300000,10257.5,10414.85,10212.35,10406.6,4535175
1538991900000,10406.85,10417.95,10373.9,10383.0,898950
1539056700000,10389.95,10415.0,10344.05,10382.0,2545500
1539060300000,10383.0,10386.0,10320.35,10352.05,1661550
1539063900000,10352.05,10386.95,10327.6,10340.4,1452000
1539067500000,10340.0,10377.25,10300.05,10346.9,2169675
1539071100000,10347.0,10379.85,10314.2,10362.2,1677975
1539074700000,10363.8,10424.0,10295.15,10305.0,3390525
1539078300000,10303.95,10325.0,10291.1,10304.3,862050
1539143100000,10333.35,10439.0,10324.15,10413.45,3231150
1539146700000,10413.45,10463.0,10401.2,10449.05,2046300
1539150300000,10448.0,10469.5,10425.0,10444.05,1650075
1539153900000,10444.2,10467.0,10426.6,10442.35,1220325
1539157500000,10444.4,10489.9,10440.3,10467.7,1577625
1539161100000,10467.7,10488.75,10448.25,10456.95,2031000
1539164700000,10456.95,10473.35,10455.6,10468.9,867675
1539229500000,10208.75,10239.9,10155.55,10203.95,6073650
1539233100000,10202.55,10228.0,10198.0,10220.0,1641600
1539236700000,10220.0,10296.4,10213.5,10287.35,2552850
1539240300000,10287.2,10370.0,10274.0,10337.45,3000075
1539243900000,10337.4,10344.95,10259.85,10264.4,2043750
1539247500000,10264.4,10275.0,10195.0,10238.65,3372000
1539251100000,10238.6,10272.45,10233.75,10259.1,898800
1539315900000,10329.65,10457.5,10321.9,10454.1,3549825
1539319500000,10455.1,10459.0,10431.4,10448.0,1764375
1539323100000,10448.0,10469.0,10445.2,10449.35,1404600
1539326700000,10449.2,10479.0,10442.55,10474.0,1167375
1539330300000,10474.8,10498.95,10465.15,10493.45,1597950
1539333900000,10493.85,10508.9,10452.8,10493.55,2128650
1539337500000,10494.85,10496.95,10473.7,10483.0,1076475
1539575100000,10500.55,10503.95,10428.0,10448.0,2303550
1539578700000,10446.7,10453.0,10405.55,10418.6,1538775
1539582300000,10418.9,10457.7,10408.0,10451.6,1627500
1539585900000,10451.25,10482.95,10446.25,10470.0,1761375
1539589500000,10471.35,10531.95,10441.1,10467.0,3243225
1539593100000,10466.65,10522.25,10440.95,10516.7,1888350
1539596700000,10518.25,10529.15,10514.0,10520.2,828675
1539661500000,10531.05,10585.0,10516.25,10581.2,2678625
1539665100000,10581.85,10597.0,10575.0,10578.5,1173525
1539668700000,10578.3,10579.0,10538.05,10548.95,1392375
1539672300000,10550.0,10599.0,10532.3,10578.6,1500975
1539675900000,10578.55,10599.0,10573.1,10588.9,806850
1539679500000,10589.35,10597.0,10572.05,10594.0,966900
1539683100000,10592.5,10596.8,10584.25,10587.0,643425
1539747900000,10690.0,10699.95,10612.1,10636.0,3440100
1539751500000,10636.5,10646.05,10590.2,10605.0,1469925
1539755100000,10605.3,10618.0,10562.65,10603.7,1749975
1539758700000,10602.2,10618.0,10546.1,10558.0,1447575
1539762300000,10558.0,10567.3,10505.0,10525.9,1775775
1539765900000,10528.55,10528.55,10423.9,10445.55,2998125
1539769500000,10445.8,10454.0,10430.0,10446.5,933825
1539920700000,10337.0,10388.45,10313.95,10367.6,3990825
1539924300000,10367.95,10373.4,10290.1,10312.0,2042325
1539927900000,10312.95,10356.4,10310.45,10339.0,1801275
1539931500000,10339.0,10348.8,10308.55,10316.15,993825
1539935100000,10315.0,10319.15,10246.35,10269.05,2282400
1539938700000,10269.75,10323.95,10254.0,10300.85,2623275
1539942300000,10300.0,10314.9,10291.1,10314.9,886575
1540179900000,10405.0,10405.0,10277.65,10324.0,3238125
1540183500000,10322.05,10335.0,10294.45,10310.6,1697100
1540187100000,10310.0,10357.95,10297.8,10351.1,1485600
1540190700000,10351.1,10364.2,10307.0,10328.1,1421700
1540194300000,10329.0,10333.5,10287.15,10300.0,1924050
1540197900000,10301.65,10317.9,10206.0,10217.4,2966925
1540201500000,10217.05,10240.0,10211.0,10239.9,997950
1540266300000,10160.0,10192.0,10142.3,10187.0,4197300
1540269900000,10186.0,10216.2,10176.0,10187.05,2408400
1540273500000,10187.75,10189.45,10158.15,10172.0,1535625
1540277100000,10173.45,10185.0,10146.2,10168.0,1587975
1540280700000,10168.8,10170.2,10100.1,10125.0,3369150
1540284300000,10125.95,10167.0,10092.55,10151.0,3400575
1540287900000,10151.0,10182.5,10136.1,10181.9,1141875
1540352700000,10262.5,10277.95,10196.15,10218.1,3273000
1540356300000,10219.9,10223.0,10156.3,10178.5,2473125
1540359900000,10178.0,10210.65,10166.75,10202.2,2179725
1540363500000,10199.9,10204.95,10173.0,10191.05,3030150
1540367100000,10192.05,10227.4,10121.25,10140.5,3465600
1540370700000,10141.45,10246.75,10115.8,10241.0,3426600
1540374300000,10241.45,10243.75,10227.05,10237.0,1008225
1540439100000,10140.0,10164.7,10122.65,10136.1,2885175
1540442700000,10137.0,10142.0,10073.0,10096.05,3138450
1540446300000,10096.05,10130.0,10088.05,10119.0,1754025
1540449900000,10120.0,10148.25,10092.3,10144.7,2104650
1540453500000,10144.15,10175.2,10122.1,10135.35,2240625
1540457100000,10135.75,10164.55,10112.0,10116.0,2655975
1540460700000,10115.35,10127.05,10113.0,10124.2,1053450
1540525500000,10118.2,10138.0,10030.1,10082.5,4321575
1540529100000,10082.15,10144.0,10082.05,10111.7,2499900
1540532700000,10112.0,10170.0,10087.5,10145.0,1530750
1540536300000,10144.55,10177.0,10101.55,10112.05,1834950
1540539900000,10112.55,10140.0,10060.8,10071.3,2028075
1540543500000,10074.0,10103.9,10051.0,10066.5,2263125
1540547100000,10065.1,10065.9,10035.45,10043.5,1044375
1540784700000,10089.75,10123.55,10055.55,10105.0,2612475
1540788300000,10105.0,10133.75,10086.95,10110.0,1395375
1540791900000,10110.0,10163.9,10102.0,10148.55,1536450
1540795500000,10149.45,10216.9,10129.35,10206.2,2469825
1540799100000,10206.2,10244.55,10200.7,10215.2,2217075
1540802700000,10215.05,10297.6,10188.05,10294.15,2641350
1540806300000,10294.15,10306.4,10275.25,10279.65,1346250
1540871100000,10264.4,10304.0,10240.95,10298.7,2662575
1540874700000,10300.75,10315.0,10267.55,10270.0,1559400
1540878300000,10270.95,10283.2,10244.2,10259.05,1591875
1540881900000,10259.0,10275.0,10230.5,10265.85,1286700
1540885500000,10265.0,10279.35,10240.15,10254.4,963375
1540889100000,10258.95,10259.5,10195.3,10235.95,2411025
1540892700000,10236.3,10239.8,10221.25,10225.0,676800
1540957500000,10231.1,10262.7,10130.0,10165.0,4085775
1540961100000,10164.15,10195.0,10111.35,10188.85,2229975
1540964700000,10188.85,10259.95,10178.0,10256.0,2533650
1540968300000,10255.5,10285.6,10239.15,10263.6,2140725
1540971900000,10264.0,10358.5,10264.0,10344.45,3030000
1540975500000,10342.6,10419.85,10335.05,10402.0,3388050
1540979100000,10400.7,10409.5,10376.1,10380.75,1222725
1541043900000,10440.15,10440.15,10371.0,10401.5,2722050
1541047500000,10401.0,10426.2,10366.2,10379.4,1663575
1541051100000,10378.3,10395.0,10346.0,10374.1,1667700
1541054700000,10375.3,10421.4,10354.6,10412.2,1405425
1541058300000,10413.0,10432.0,10379.15,10390.3,1470900
1541061900000,10391.0,10447.0,10382.1,10415.15,1872150
1541065500000,10415.2,10420.0,10402.0,10413.0,708825
1541130300000,10490.0,10571.2,10478.25,10550.9,4193025
1541133900000,10553.0,10603.0,10550.65,10587.05,2665425
1541137500000,10588.0,10612.7,10580.0,10591.0,1313925
1541141100000,10590.05,10610.0,10571.2,10604.0,1116825
1541144700000,10602.25,10632.0,10584.45,10594.6,2053950
1541148300000,10593.0,10594.8,10542.0,10575.5,2895375
1541151900000,10575.5,10587.0,10568.0,10585.0,778875
1541389500000,10547.75,10570.0,10518.25,10559.5,2366625
1541393100000,10559.85,10560.7,10518.75,10520.25,1142550
1541396700000,10521.4,10540.95,10505.0,10538.0,1285500
1541400300000,10538.0,10554.0,10527.95,10539.4,705450
1541403900000,10540.4,10547.45,10508.5,10526.75,984375
1541407500000,10525.05,10553.0,10516.3,10552.4,1228800
1541411100000,10552.4,10568.0,10551.1,10556.75,811275
1541475900000,10574.95,10620.0,10568.05,10588.0,2205750
1541479500000,10587.9,10602.9,10562.6,10576.0,1002450
1541483100000,10577.25,10594.2,10573.0,10586.5,635850
1541486700000,10585.65,10610.35,10583.25,10602.85,549900
1541490300000,10604.0,10612.8,10525.0,10537.4,1640925
1541493900000,10537.4,10565.0,10512.0,10558.75,1455225
1541497500000,10558.95,10567.65,10545.2,10549.0,536850
1541735100000,10601.0,10623.3,10571.1,10613.65,2368950
1541738700000,10616.2,10643.95,10605.85,10643.5,1330575
1541742300000,10641.2,10643.45,10618.65,10629.55,754425
1541745900000,10629.55,10630.0,10591.7,10602.6,1308600
1541749500000,10602.9,10607.65,10581.0,10600.95,1101000
1541753100000,10601.0,10637.3,10597.05,10627.9,1469625
1541756700000,10627.9,10629.65,10615.0,10619.8,673875
1541994300000,10601.1,10664.6,10601.1,10606.0,2180850
1541997900000,10608.0,10608.0,10585.0,10603.0,1454700
1542001500000,10603.0,10617.0,10582.0,10589.8,915375
1542005100000,10589.8,10601.95,10540.55,10556.4,1413300
1542008700000,10556.0,10558.1,10516.0,10528.1,2001000
1542012300000,10529.3,10543.4,10506.3,10511.05,1321875
1542015900000,10510.65,10510.65,10490.25,10505.0,1128000
1542080700000,10467.95,10523.95,10460.0,10507.5,2272500
1542084300000,10507.25,10510.15,10476.65,10488.15,927525
1542087900000,10489.0,10528.6,10485.55,10522.35,1179600
1542091500000,10522.3,10548.85,10510.05,10543.85,1078350
1542095100000,10544.0,10613.9,10536.1,10600.0,2835975
1542098700000,10600.0,10625.0,10586.7,10622.8,1758975
1542102300000,10622.95,10632.0,10603.55,10608.05,1090875
1542167100000,10655.0,10680.0,10582.0,10597.85,3658350
1542170700000,10598.25,10645.0,10577.6,10623.9,1952175
1542174300000,10623.9,10654.4,10613.05,10640.05,925950
1542177900000,10639.9,10655.0,10605.65,10624.65,1017525
1542181500000,10624.8,10628.95,10567.0,10581.0,1659825
1542185100000,10580.95,10626.55,10551.0,10607.05,2196225
1542188700000,10607.1,10607.4,10592.0,10594.7,586050
1542253500000,10607.15,10632.0,10586.05,10600.0,1716825
1542257100000,10600.0,10629.0,10596.2,10624.85,851100
1542260700000,10624.9,10650.95,10620.25,10642.0,1127775
1542264300000,10644.45,10672.0,10631.15,10669.0,1339425
1542267900000,10669.0,10680.0,10651.1,10651.1,1179525
1542271500000,10651.1,10669.0,10632.95,10641.4,1554000
1542275100000,10640.3,10640.75,10616.75,10623.0,1095375
1542339900000,10657.95,10705.4,10643.6,10692.0,2499525
1542343500000,10691.6,10709.0,10665.0,10679.7,1175025
1542347100000,10678.25,10688.45,10652.1,10673.9,1059225
1542350700000,10672.8,10694.25,10667.0,10689.9,975825
1542354300000,10690.0,10698.0,10660.0,10672.0,990975
1542357900000,10671.1,10699.5,10636.0,10685.9,2026800
1542361500000,10685.05,10695.0,10681.0,10688.9,816000
1542599100000,10735.0,10745.0,10701.6,10713.85,1875600
1542602700000,10713.3,10716.0,10693.7,10712.3,669000
1542606300000,10712.3,10728.25,10703.0,10722.85,500175
1542609900000,10722.85,10729.9,10713.5,10721.0,442125
1542613500000,10720.05,10755.9,10718.0,10748.0,1177275
1542617100000,10748.0,10768.85,10726.15,10765.25,2009850
1542620700000,10765.0,10779.4,10763.0,10776.0,927600
1542685500000,10749.0,10749.0,10715.25,10727.85,1863975
1542689100000,10727.95,10731.9,10708.0,10713.05,950025
1542692700000,10713.0,10724.8,10707.2,10723.0,762225
1542696300000,10723.9,10729.7,10691.05,10699.5,1173375
1542699900000,10700.5,10709.95,10672.0,10679.2,1317825
1542703500000,10679.15,10687.0,10651.2,10671.5,2282925
1542707100000,10671.5,10674.0,10662.05,10663.0,882075
1542771900000,10671.15,10684.2,10615.65,10624.9,2784150
1542775500000,10625.0,10627.2,10577.0,10591.4,2551350
1542779100000,10591.3,10610.75,10582.0,10606.95,1088550
1542782700000,10606.75,10630.0,10598.0,10605.4,1315050
1542786300000,10605.4,10646.95,10599.95,10646.0,1409250
1542789900000,10647.0,10659.0,10611.8,10621.15,1891650
1542793500000,10620.4,10629.25,10606.25,10626.9,731250
1542858300000,10617.95,10647.0,10608.2,10630.0,1817325
1542861900000,10630.0,10642.0,10604.0,10618.55,890025
1542865500000,10618.45,10628.9,10610.65,10617.8,405525
1542869100000,10618.0,10639.7,10578.0,10587.4,1423875
1542872700000,10586.95,10587.55,10546.5,10566.3,1468500
1542876300000,10566.0,10583.1,10513.05,10520.0,1789800
1542879900000,10521.0,10532.0,10511.95,10518.85,972525
1543203900000,10573.1,10581.95,10528.1,10545.65,2338200
1543207500000,10546.5,10546.5,10513.8,10520.15,1323000
1543211100000,10520.15,10528.9,10492.4,10524.0,1722900
1543214700000,10524.25,10562.0,10520.0,10552.9,1422975
1543218300000,10552.65,10613.65,10546.3,10605.15,2741025
1543221900000,10606.0,10650.0,10606.0,10646.0,2901300
1543225500000,10646.0,10646.95,10638.2,10645.0,1016625
1543290300000,10610.9,10631.45,10591.25,10619.85,2563425
1543293900000,10620.0,10638.8,10613.15,10623.95,1972875
1543297500000,10623.1,10624.0,10596.1,10613.45,1246200
1543301100000,10611.1,10663.2,10585.0,10642.9,2701875
1543304700000,10643.55,10677.8,10618.15,10637.55,2873850
1543308300000,10638.7,10695.0,10633.05,10678.35,3207750
1543311900000,10678.95,10691.25,10676.05,10688.0,911400
1543376700000,10699.95,10732.95,10699.95,10726.7,2457900
1543380300000,10726.7,10731.15,10707.6,10721.85,2105250
1543383900000,10724.45,10738.35,10720.35,10733.6,2195250
1543387500000,10733.6,10747.2,10723.05,10735.0,1751025
1543391100000,10735.9,10736.0,10712.0,10713.4,1645875
1543394700000,10713.8,10742.4,10703.05,10720.1,1563225
1543398300000,10720.1,10724.9,10708.15,10712.35,722250
1543463100000,10786.05,10810.15,10777.1,10798.05,2792700
1543466700000,10798.2,10827.7,10798.0,10810.0,2320650
1543470300000,10809.35,10831.9,10808.95,10819.85,1469100
1543473900000,10820.75,10839.7,10808.15,10834.8,1089450
1543477500000,10834.4,10882.9,10822.15,10875.05,2524500
1543481100000,10875.05,10879.85,10846.2,10851.35,2188950
1543484700000,10850.7,10860.35,10850.05,10859.05,1082025
1543549500000,10927.0,10949.75,10913.05,10921.0,1987200
1543553100000,10920.85,10938.05,10917.15,10932.5,770625
1543556700000,10932.4,10934.05,10891.5,10902.05,1222275
1543560300000,10902.0,10912.35,10882.0,10886.0,1058700
1543563900000,10885.1,10892.5,10864.1,10874.85,1291050
1543567500000,10874.0,10904.0,10855.0,10893.15,1841550
1543571100000,10891.75,10915.0,10890.75,10915.0,932175
1543808700000,10961.15,10974.0,10924.0,10935.5,1632375
1543812300000,10935.2,10944.95,10904.95,10918.0,905325
1543815900000,10917.8,10924.0,10875.75,10886.0,1317450
1543819500000,10886.0,10898.0,10871.3,10892.0,764100
1543823100000,10892.95,10933.0,10891.0,10919.25,1517100
1543826700000,10918.0,10927.0,10892.0,10923.45,1083300
1543830300000,10923.45,10931.5,10921.45,10931.0,671625
1543895100000,10917.75,10917.75,10882.35,10896.55,1443000
1543898700000,10897.95,10899.9,10875.0,10880.0,712575
1543902300000,10878.7,10899.0,10872.0,10898.45,713025
1543905900000,10898.2,10907.05,10893.8,10895.55,509475
1543909500000,10894.15,10929.95,10880.2,10913.15,1324500
1543913100000,10913.15,10922.9,10900.3,10911.35,909150
1543916700000,10911.25,10912.9,10901.7,10903.0,761025
1543981500000,10850.35,10868.0,10821.05,10833.05,2276250
1543985100000,10832.4,10838.9,10815.1,10827.25,1008900
1543988700000,10826.65,10836.4,10821.3,10836.2,641325
1543992300000,10836.2,10848.9,10832.0,10837.8,1000950
1543995900000,10837.8,10838.95,10815.55,10823.2,805200
1543999500000,10822.3,10844.0,10786.75,10827.0,2120550
1544003100000,10828.0,10839.25,10824.0,10833.85,600975
1544067900000,10750.15,10754.4,10690.1,10694.9,3184275
1544071500000,10694.5,10707.5,10665.0,10682.0,1769250
1544075100000,10682.0,10698.35,10675.45,10681.0,593775
1544078700000,10681.3,10727.0,10672.2,10713.5,1224225
1544082300000,10714.5,10729.8,10657.0,10663.4,1619700
1544085900000,10663.3,10663.4,10619.8,10624.7,1930350
1544089500000,10624.95,10633.4,10611.7,10617.6,939900
1544154300000,10665.25,10684.05,10647.95,10665.15,2075250
1544157900000,10665.15,10676.8,10664.2,10667.0,582900
1544161500000,10666.05,10669.15,10641.65,10657.0,790200
1544165100000,10657.15,10692.85,10645.55,10655.5,1371075
1544168700000,10656.65,10698.9,10637.1,10694.05,1760700
1544172300000,10693.95,10737.0,10671.1,10734.95,1868700
1544175900000,10736.0,10747.95,10732.3,10745.95,1076250
1544413500000,10582.25,10597.7,10512.5,10526.0,3340350
1544417100000,10526.0,10546.85,10523.5,10546.0,642375
1544420700000,10546.0,10576.95,10544.0,10574.0,1087950
1544424300000,10573.05,10576.0,10552.3,10561.2,658575
1544427900000,10561.15,10581.0,10527.0,10536.75,974100
1544431500000,10534.35,10543.75,10508.7,10522.95,1641000
1544435100000,10522.5,10524.85,10500.05,10500.3,908100
1544499900000,10355.0,10449.65,10352.1,10418.8,5226525
1544503500000,10423.35,10493.65,10402.8,10482.0,2753025
1544507100000,10482.9,10564.0,10470.2,10490.05,3697350
1544510700000,10490.0,10598.0,10478.05,10573.75,2248500
1544514300000,10580.2,10590.45,10517.2,10547.0,1883625
1544517900000,10548.0,10607.0,10546.05,10576.9,1935300
1544521500000,10577.1,10598.3,10577.1,10583.0,1001475
1544586300000,10610.0,10677.6,10588.5,10657.0,2973825
1544589900000,10656.15,10707.8,10655.0,10695.85,1584075
1544593500000,10694.9,10704.0,10688.4,10693.05,673350
1544597100000,10693.0,10695.0,10670.55,10679.05,819075
1544600700000,10679.6,10732.7,10666.25,10728.0,1727925
1544604300000,10728.6,10787.75,10726.6,10780.7,2558400
1544607900000,10780.3,10798.9,10773.2,10779.95,1100475
1544672700000,10834.25,10847.75,10811.05,10830.0,2192625
1544676300000,10830.0,10839.0,10808.0,10813.0,802500
1544679900000,10812.0,10819.55,10801.65,10815.4,838650
1544683500000,10816.3,10849.9,10812.6,10839.9,1011375
1544687100000,10840.0,10882.2,10813.45,10819.4,2139750
1544690700000,10816.95,10829.9,10777.3,10829.0,2434275
1544694300000,10829.9,10841.35,10817.1,10817.1,862875
1544759100000,10806.95,10831.15,10771.3,10823.25,2361825
1544762700000,10823.25,10827.85,10793.7,10798.0,1047675
1544766300000,10798.15,10817.9,10783.0,10808.15,774525
1544769900000,10808.15,10837.0,10801.05,10820.0,787950
1544773500000,10820.1,10827.1,10790.0,10798.45,813750
1544777100000,10798.5,10827.0,10784.4,10825.1,1239900
1544780700000,10825.0,10831.9,10814.0,10821.9,882075
1545018300000,10855.15,10892.9,10855.15,10875.3,1553025
1545021900000,10877.0,10901.6,10876.0,10896.6,1077600
1545025500000,10897.0,10897.45,10881.0,10887.7,469500
1545029100000,10887.6,10898.0,10878.2,10886.65,543600
1545032700000,10888.4,10896.45,10868.0,10885.95,788100
1545036300000,10887.0,10924.0,10886.1,10909.35,1691925
1545039900000,10909.35,10915.25,10901.1,10911.75,754125
1545104700000,10862.0,10878.0,10851.75,10853.15,1751700
1545108300000,10853.0,10854.0,10835.2,10846.35,946125
1545111900000,10846.35,10872.75,10840.8,10865.2,571200
1545115500000,10865.4,10894.3,10857.7,10887.0,870150
1545119100000,10887.0,10897.9,10867.25,10894.0,1023225
1545122700000,10895.0,10939.0,10888.55,10938.45,2138100
1545126300000,10938.35,10940.0,10932.55,10937.0,780525
1545191100000,10959.95,10981.95,10955.55,10975.4,1754250
1545194700000,10977.0,10980.45,10955.0,10956.0,734700
1545198300000,10956.2,10977.45,10946.45,10969.3,875325
1545201900000,10969.0,10992.0,10965.9,10989.8,653850
1545205500000,10990.15,11006.25,10983.35,10991.6,1214550
1545209100000,10992.0,11004.0,10976.05,10989.0,1020600
1545212700000,10989.4,10990.0,10980.1,10980.1,828525
1545277500000,10905.5,10947.6,10894.95,10930.3,2438550
1545281100000,10930.3,10931.9,10891.3,10915.6,1698675
1545284700000,10917.0,10934.95,10913.5,10928.05,936150
1545288300000,10928.05,10974.9,10926.65,10962.0,1203150
1545291900000,10963.5,10963.5,10922.45,10949.6,1090725
1545295500000,10949.6,10984.85,10936.6,10983.1,1455525
1545299100000,10983.6,10991.0,10975.55,10985.55,1044225
1545363900000,10960.0,10981.65,10906.3,10917.0,2302725
1545367500000,10916.0,10916.0,10825.05,10847.8,4081650
1545371100000,10847.0,10860.0,10820.1,10831.3,1262775
1545374700000,10831.05,10872.75,10829.0,10848.9,1067100
1545378300000,10850.0,10852.7,10791.1,10796.85,2035800
1545381900000,10796.95,10804.05,10757.0,10760.1,2701725
1545385500000,10761.0,10772.0,10755.0,10769.0,1299150
1545623100000,10758.55,10789.95,10725.0,10736.0,3311925
1545626700000,10736.3,10755.0,10727.2,10745.05,2210025
1545630300000,10745.55,10750.9,10722.65,10735.0,1160025
1545633900000,10735.0,10786.45,10730.0,10766.0,1523550
1545637500000,10765.0,10783.7,10739.0,10752.1,1762500
1545641100000,10754.15,10757.0,10660.25,10681.9,3313725
1545644700000,10681.0,10698.65,10672.8,10696.0,970350
1545795900000,10637.65,10639.0,10542.3,10543.0,4149000
1545799500000,10542.65,10586.7,10536.4,10576.0,2900175
1545803100000,10576.25,10613.6,10563.55,10602.3,2358000
1545806700000,10602.35,10637.25,10593.9,10620.3,2916825
1545810300000,10619.05,10735.4,10612.2,10718.85,3999075
1545813900000,10718.1,10757.65,10718.1,10741.1,2605500
1545817500000,10741.95,10760.65,10740.3,10758.0,1170375
1545882300000,10801.0,10825.95,10777.05,10783.7,2859600
1545885900000,10784.0,10834.4,10784.0,10811.25,2066625
1545889500000,10812.75,10812.9,10785.15,10803.55,1522800
1545893100000,10803.55,10810.4,10768.1,10788.0,1478325
1545896700000,10788.6,10825.0,10781.5,10811.45,1407375
1545900300000,10811.75,10812.95,10763.75,10783.05,3114150
1545903900000,10783.55,10784.6,10778.65,10780.65,1081425
1545968700000,10850.05,10928.0,10850.0,10924.55,2918775
1545972300000,10923.95,10933.05,10914.75,10925.0,841725
1545975900000,10924.0,10941.2,10908.2,10930.05,842625
1545979500000,10930.25,10933.0,10915.2,10924.95,475875
1545983100000,10924.9,10946.0,10920.2,10920.5,930600
1545986700000,10920.3,10939.8,10901.0,10902.5,1407150
1545990300000,10902.7,10914.0,10897.35,10910.0,912150
1546227900000,10960.0,10984.8,10911.0,10931.9,1914000
1546231500000,10932.0,10945.0,10920.0,10930.7,552300
1546235100000,10930.2,10931.7,10904.1,10917.5,844575
1546238700000,10918.45,10925.35,10902.0,10923.55,983850
1546242300000,10923.4,10938.0,10917.55,10926.25,708225
1546245900000,10926.9,10933.15,10908.0,10915.0,1006275
1546249500000,10915.25,10920.0,10913.0,10919.0,856200
1546314300000,10909.95,10929.9,10843.2,10857.35,1754400
1546317900000,10857.1,10882.0,10851.85,10878.0,542400
1546321500000,10878.0,10879.75,10866.0,10876.8,262875
1546325100000,10877.5,10877.9,10860.1,10872.05,308550
1546328700000,10872.0,10875.0,10851.0,10857.0,462600
1546332300000,10856.55,10964.0,10856.55,10954.2,2657850
1546335900000,10954.65,10967.5,10954.0,10965.95,634275
1546400700000,10911.55,10920.0,10872.2,10904.45,2436825
1546404300000,10904.05,10938.0,10903.8,10917.1,1215900
1546407900000,10917.1,10927.35,10904.2,10914.0,662925
1546411500000,10913.6,10914.5,10810.2,10835.35,3151050
1546415100000,10835.35,10838.9,10757.0,10794.95,3170025
1546418700000,10795.0,10848.25,10780.7,10831.2,2948100
1546422300000,10831.35,10839.9,10822.0,10825.0,829350
1546487100000,10833.95,10859.95,10791.5,10846.95,2155425
1546490700000,10846.8,10858.3,10787.0,10793.0,1501725
1546494300000,10793.0,10794.3,10755.55,10764.85,1476150
1546497900000,10764.75,10782.0,10742.0,10775.1,1456875
1546501500000,10773.65,10786.85,10725.1,10730.65,1871100
1546505100000,10730.0,10742.9,10710.05,10717.2,1906650
1546508700000,10717.55,10723.85,10710.25,10717.0,844200
1546573500000,10739.95,10777.5,10695.25,10715.4,3097725
1546577100000,10716.0,10755.3,10678.0,10728.05,2315850
1546580700000,10727.25,10756.6,10722.65,10749.0,1046100
1546584300000,10749.0,10793.45,10740.2,10779.0,1688775
1546587900000,10778.0,10789.9,10711.4,10719.65,1803975
1546591500000,10718.1,10789.95,10705.0,10773.35,2135475
1546595100000,10772.05,10785.0,10770.0,10780.0,694350
1546832700000,10861.0,10872.5,10828.0,10866.7,2733000
1546836300000,10866.5,10895.05,10862.1,10865.9,1600875
1546839900000,10865.3,10873.0,10825.05,10844.0,1111125
1546843500000,10843.0,10859.0,10832.2,10849.1,672375
1546847100000,10851.0,10864.3,10813.45,10842.95,1461225
1546850700000,10842.05,10844.95,10778.0,10805.0,2120475
1546854300000,10804.9,10815.0,10803.0,10803.0,632925
1546919100000,10790.0,10844.0,10758.0,10834.05,2535075
1546922700000,10834.5,10844.05,10786.1,10799.0,1420875
1546926300000,10798.25,10812.3,10788.1,10809.3,672825
1546929900000,10811.0,10827.05,10801.0,10808.3,788625
1546933500000,10809.0,10872.75,10797.55,10854.45,2177775
1546937100000,10854.35,10871.45,10840.45,10853.4,1366950
1546940700000,10852.55,10853.95,10831.3,10832.05,708300
1547005500000,10892.6,10904.0,10877.55,10884.35,2065125
1547009100000,10884.35,10889.9,10863.45,10873.05,920850
1547012700000,10872.8,10874.9,10856.0,10863.85,681600
1547016300000,10862.25,10888.25,10845.3,10883.65,1198125
1547019900000,10883.6,10899.0,10764.95,10816.0,4014900
1547023500000,10815.3,10887.4,10800.7,10881.45,2678850
1547027100000,10881.35,10888.0,10870.35,10874.2,669225
1547091900000,10873.0,10898.2,10861.0,10875.6,1707150
1547095500000,10875.6,10892.0,10857.0,10860.0,941175
1547099100000,10860.2,10870.0,10840.0,10853.0,878175
1547102700000,10854.9,10868.0,10847.1,10866.0,573600
1547106300000,10866.45,10880.0,10845.1,10869.8,889650
1547109900000,10869.0,10877.95,10830.0,10859.6,1495950
1547113500000,10859.45,10860.9,10848.05,10854.0,682425
1547178300000,10873.95,10886.75,10855.0,10861.5,1346400
1547181900000,10862.0,10870.0,10836.35,10847.2,935175
1547185500000,10847.2,10852.5,10787.5,10810.75,2193300
1547189100000,10810.1,10815.9,10793.0,10807.05,852000
1547192700000,10807.45,10815.05,10772.55,10797.95,1375650
1547196300000,10798.0,10844.35,10787.55,10834.25,1881900
1547199900000,10834.55,10835.0,10813.5,10813.5,751575
1547437500000,10812.95,10820.0,10745.5,10750.0,2121600
1547441100000,10750.65,10764.5,10740.2,10749.1,985500
1547444700000,10749.9,10753.95,10720.6,10732.05,1129950
1547448300000,10731.0,10750.4,10730.0,10736.05,657525
1547451900000,10736.0,10765.0,10733.0,10759.9,864525
1547455500000,10760.0,10772.0,10751.1,10766.15,1025850
1547459100000,10766.25,10776.4,10762.15,10769.1,764250
1547523900000,10805.15,10874.8,10792.35,10857.3,3338550
1547527500000,10857.45,10890.0,10847.7,10876.7,1375125
1547531100000,10877.2,10902.75,10877.2,10888.5,1468125
1547534700000,10887.25,10889.45,10876.1,10887.5,561675
1547538300000,10887.55,10902.0,10881.0,10890.35,909675
1547541900000,10890.0,10935.0,10887.1,10931.7,2120325
1547545500000,10932.2,10940.0,10923.65,10925.0,1247100
1547610300000,10930.0,10963.0,10924.45,10949.0,1589925
1547613900000,10949.0,10951.9,10918.1,10921.75,1122075
1547617500000,10921.0,10949.6,10911.1,10939.2,923475
1547621100000,10940.0,10958.0,10933.0,10941.0,843900
1547624700000,10942.45,10949.95,10907.2,10922.0,1167825
1547628300000,10920.95,10947.95,10913.1,10923.9,1564050
1547631900000,10923.9,10925.45,10915.05,10921.2,589425
1547696700000,10942.95,10949.0,10922.0,10934.2,1214850
1547700300000,10935.2,10944.8,10921.1,10936.05,708000
1547703900000,10936.1,10938.25,10912.0,10912.8,602775
1547707500000,10912.0,10920.0,10900.8,10903.95,673500
1547711100000,10905.0,10906.35,10855.0,10891.9,2125500
1547714700000,10891.55,10958.4,10890.25,10927.3,2962575
1547718300000,10927.35,10927.4,10910.05,10915.95,656550
1547783100000,10960.0,10964.0,10891.0,10899.0,2344050
1547786700000,10899.0,10927.9,10875.0,10906.9,1424475
1547790300000,10907.0,10917.9,10893.45,10897.75,575250
1547793900000,10897.65,10907.7,10884.0,10893.15,654750
1547797500000,10893.8,10937.2,10893.2,10918.35,1118250
1547801100000,10918.1,10929.95,10898.95,10919.0,1171725
1547804700000,10919.0,10939.0,10917.1,10935.0,716775
1548042300000,10930.05,11003.45,10902.15,10989.45,3140550
1548045900000,10989.7,11001.7,10975.0,10975.55,1243425
1548049500000,10976.0,10983.4,10969.5,10975.0,687900
1548053100000,10975.0,10988.3,10973.05,10982.75,537075
1548056700000,10982.95,10995.05,10964.0,10978.1,899700
1548060300000,10978.65,10988.95,10968.05,10972.0,939975
1548063900000,10971.75,10972.0,10962.25,10964.45,816675
1548128700000,10950.0,10954.0,10917.35,10924.05,1735425
1548132300000,10923.0,10936.95,10910.1,10912.8,733425
1548135900000,10913.0,10922.95,10880.0,10894.95,1266075
1548139500000,10889.5,10917.0,10886.2,10907.55,734700
1548143100000,10907.55,10942.5,10901.0,10936.85,1025850
1548146700000,10936.5,10941.05,10915.75,10938.0,1355925
1548150300000,10938.0,10941.9,10929.1,10929.1,833325
1548215100000,10921.35,10958.1,10920.05,10939.0,1177950
1548218700000,10938.0,10944.9,10925.4,10930.5,415725
1548222300000,10931.45,10953.75,10930.35,10953.75,600825
1548225900000,10953.75,10962.0,10937.3,10943.0,700350
1548229500000,10942.65,10943.8,10916.55,10938.5,867000
1548233100000,10939.4,10940.95,10842.4,10845.7,3066675
1548236700000,10846.9,10852.0,10835.0,10845.0,1070175
1548301500000,10855.05,10870.0,10813.5,10849.4,1989375
1548305100000,10849.4,10873.95,10844.6,10851.0,1140600
1548308700000,10851.0,10860.35,10834.95,10850.9,728475
1548312300000,10850.2,10860.0,10825.1,10840.95,686475
1548315900000,10840.95,10855.7,10811.4,10842.05,1363875
1548319500000,10842.2,10884.9,10830.55,10880.4,1612725
1548323100000,10880.35,10885.0,10866.05,10879.95,632625
1548387900000,10899.95,10955.0,10899.95,10945.1,2891400
1548391500000,10945.5,10948.0,10928.0,10929.95,798375
1548395100000,10929.95,10929.95,10915.0,10916.1,728025
1548398700000,10916.7,10927.8,10905.55,10917.7,796725
1548402300000,10918.0,10923.1,10827.8,10839.05,2588850
1548405900000,10839.25,10840.6,10761.65,10781.2,3417375
1548409500000,10781.05,10801.95,10780.0,10790.05,887100
1548647100000,10784.9,10821.85,10720.0,10732.05,3114225
1548650700000,10732.3,10742.45,10713.0,10715.65,1000725
1548654300000,10715.5,10715.5,10680.1,10706.55,1816425
1548657900000,10705.25,10714.6,10690.95,10698.7,838575
1548661500000,10700.05,10704.0,10642.65,10656.75,1853550
1548665100000,10656.75,10705.75,10650.0,10667.6,1770600
1548668700000,10667.0,10697.0,10660.85,10695.15,952125
1548733500000,10679.05,10694.0,10641.15,10670.15,2776125
1548737100000,10671.0,10679.5,10646.65,10658.3,1083825
1548740700000,10658.3,10677.65,10653.05,10671.0,832950
1548744300000,10671.6,10689.9,10606.0,10606.65,2046450
1548747900000,10606.8,10635.35,10597.7,10610.0,1439625
1548751500000,10611.7,10665.0,10607.05,10643.25,2787150
1548755100000,10642.1,10706.0,10642.1,10698.75,1285575
1548819900000,10709.0,10714.0,10670.65,10692.45,2199600
1548823500000,10692.9,10693.5,10620.1,10634.25,2053725
1548827100000,10635.0,10659.4,10632.0,10645.1,1471425
1548830700000,10645.55,10687.9,10640.0,10675.0,1845900
1548834300000,10675.0,10686.6,10651.25,10669.85,1136025
1548837900000,10668.75,10699.9,10606.0,10645.55,3243375
1548841500000,10644.85,10658.0,10631.15,10633.0,1078050
1548906300000,10688.95,10709.9,10676.1,10688.4,2066925
1548909900000,10688.0,10739.95,10682.85,10733.0,1944900
1548913500000,10733.5,10763.5,10726.1,10752.85,1776225
1548917100000,10752.55,10772.9,10733.0,10769.45,2000175
1548920700000,10769.25,10818.0,10768.7,10786.6,2791950
1548924300000,10786.65,10844.15,10781.35,10830.05,2407650
1548927900000,10830.7,10835.5,10830.1,10832.6,798075
1548992700000,10870.0,10918.15,10861.55,10897.0,2245500
1548996300000,10896.0,10907.0,10873.9,10888.05,1336650
1548999900000,10889.4,10915.0,10877.65,10887.15,1080525
1549003500000,10885.7,11023.2,10881.35,11015.05,5755950
1549007100000,11015.35,11017.45,10853.45,10892.8,4171125
1549010700000,10890.95,10928.6,10835.1,10907.5,3337425
1549014300000,10907.6,10919.65,10907.55,10915.8,874800
1549251900000,10887.0,10894.0,10843.0,10872.0,1815600
1549255500000,10871.0,10882.1,10849.55,10854.2,620025
1549259100000,10853.15,10880.0,10850.9,10872.05,671625
1549262700000,10871.85,10877.0,10830.05,10863.95,1067025
1549266300000,10864.55,10918.75,10839.6,10892.45,1467900
1549269900000,10892.0,10954.0,10882.5,10927.5,1905900
1549273500000,10927.95,10944.0,10926.3,10940.0,575025
1549338300000,10938.0,10953.75,10911.0,10938.5,1404525
1549341900000,10938.25,10949.95,10922.75,10925.2,775350
1549345500000,10925.2,10970.0,10921.05,10966.5,1049100
1549349100000,10966.05,10968.95,10942.15,10957.95,895200
1549352700000,10957.95,10970.05,10930.4,10950.0,1097775
1549356300000,10950.05,10964.85,10941.65,10952.6,1170825
1549359900000,10952.0,10955.85,10947.05,10955.0,576525
1549424700000,10986.65,11045.0,10986.35,11022.1,3313575
1549428300000,11021.5,11029.75,11006.55,11023.15,1086975
1549431900000,11022.3,11044.0,11020.15,11040.75,854250
1549435500000,11040.05,11069.0,11038.0,11061.1,1594050
1549439100000,11062.0,11086.95,11047.0,11078.0,1533150
1549442700000,11077.95,11090.7,11066.5,11088.0,1550025
1549446300000,11088.0,11100.0,11083.65,11098.0,990300
1549511100000,11080.05,11114.45,11078.55,11100.5,1499625
1549514700000,11100.5,11113.9,11100.5,11105.95,552675
1549518300000,11104.15,11142.85,11080.8,11102.4,2497500
1549521900000,11102.0,11118.75,11060.2,11105.0,1639725
1549525500000,11105.0,11134.5,11087.0,11114.5,1193250
1549529100000,11114.5,11132.45,11099.0,11099.55,1030800
1549532700000,11099.55,11100.0,11079.15,11082.5,711750
1549597500000,11049.95,11065.0,11027.95,11035.05,1978875
1549601100000,11035.6,11040.0,11009.85,11024.8,1148775
1549604700000,11024.25,11036.75,11019.95,11028.8,591375
1549608300000,11029.4,11030.9,10963.05,10977.05,2136150
1549611900000,10978.95,11044.8,10974.0,11032.05,1965675
1549615500000,11032.4,11038.9,10941.7,10946.4,2342700
1549619100000,10944.9,10946.0,10935.0,10943.7,1126275
1549856700000,10920.0,10929.9,10870.1,10888.4,2444175
1549860300000,10887.8,10897.95,10879.9,10892.8,599025
1549863900000,10892.95,10911.9,10888.0,10900.25,787950
1549867500000,10900.3,10917.95,10890.05,10910.55,643575
1549871100000,10911.8,10927.25,10880.0,10921.75,1021650
1549874700000,10921.75,10945.9,10890.1,10909.25,1798800
1549878300000,10908.9,10926.4,10904.15,10923.35,615150
1549943100000,10914.0,10931.6,10883.0,10893.55,1942500
1549946700000,10895.0,10920.0,10894.35,10912.0,725475
1549950300000,10911.45,10925.0,10898.25,10902.0,528150
1549953900000,10902.45,10913.75,10885.75,10906.0,581250
1549957500000,10907.1,10917.75,10891.1,10914.1,782775
1549961100000,10914.95,10926.9,10850.15,10862.8,2640375
1549964700000,10862.2,10870.5,10852.55,10856.8,907725
1550029500000,10886.35,10905.0,10862.1,10870.95,1768800
1550033100000,10870.4,10893.4,10867.7,10881.85,643800
1550036700000,10882.3,10890.0,10876.2,10881.65,431400
1550040300000,10881.3,10894.65,10867.55,10875.0,638175
1550043900000,10875.15,10884.85,10842.0,10877.65,1548075
1550047500000,10877.0,10878.55,10818.0,10819.0,2000100
1550051100000,10819.0,10820.95,10802.25,10802.6,1051575
1550115900000,10801.2,10803.65,10763.1,10769.9,2264550
1550119500000,10768.9,10776.9,10761.2,10766.9,1073700
1550123100000,10766.7,10785.65,10762.6,10782.0,957225
1550126700000,10782.0,10786.9,10755.7,10767.7,999375
1550130300000,10769.0,10812.4,10741.3,10788.1,2376450
1550133900000,10789.0,10797.0,10760.55,10774.25,2068500
1550137500000,10774.05,10794.4,10771.45,10794.0,976275
1550202300000,10819.9,10819.9,10707.2,10709.4,2766675
1550205900000,10709.4,10725.0,10666.55,10671.5,2146875
1550209500000,10674.65,10698.0,10663.5,10670.9,1674150
1550213100000,10671.0,10686.9,10641.0,10672.0,1768950
1550216700000,10672.2,10738.95,10662.0,10738.6,2325450
1550220300000,10738.5,10760.05,10696.05,10750.65,2777175
1550223900000,10748.35,10766.05,10745.4,10750.15,817050
1550461500000,10809.9,10809.9,10680.15,10705.9,2398725
1550465100000,10705.0,10712.0,10670.0,10677.3,1339875
1550468700000,10678.0,10691.4,10671.0,10682.25,764250
1550472300000,10682.25,10710.75,10678.1,10690.35,852675
1550475900000,10690.15,10700.0,10664.1,10685.35,911400
1550479500000,10684.8,10696.45,10660.25,10668.0,1214550
1550483100000,10668.8,10668.8,10653.3,10655.2,869250
1550547900000,10651.55,10712.0,10650.1,10700.05,1767000
1550551500000,10700.05,10707.55,10683.4,10701.8,675975
1550555100000,10701.0,10708.8,10694.5,10704.5,397950
1550558700000,10704.15,10756.6,10696.95,10747.55,1804350
1550562300000,10747.3,10748.0,10705.25,10708.75,1033500
1550565900000,10709.0,10718.0,10606.05,10614.55,3546975
1550569500000,10616.75,10620.8,10602.0,10614.85,952500
1550634300000,10660.25,10711.85,10649.95,10695.1,2592900
1550637900000,10695.45,10710.0,10690.4,10698.0,736425
1550641500000,10697.7,10700.8,10675.0,10680.55,953100
1550645100000,10680.95,10710.0,10676.35,10703.1,886725
1550648700000,10703.1,10724.0,10663.05,10665.0,1917975
1550652300000,10665.8,10766.0,10664.1,10752.05,2521125
1550655900000,10752.0,10770.0,10750.75,10757.85,1001625
1550720700000,10749.95,10768.75,10736.6,10743.8,1545750
1550724300000,10744.95,10761.15,10737.5,10758.0,616800
1550727900000,10758.0,10797.45,10757.05,10788.0,1639875
1550731500000,10788.0,10816.0,10774.95,10810.7,1125600
1550735100000,10810.95,10824.8,10798.65,10815.65,1291725
1550738700000,10815.15,10833.0,10787.25,10798.4,1754100
1550742300000,10798.55,10811.0,10796.6,10808.9,600000
1550807100000,10790.0,10815.0,10772.5,10808.0,1544100
1550810700000,10808.0,10814.0,10796.8,10806.05,570225
1550814300000,10806.15,10807.6,10790.0,10797.25,568650
1550817900000,10797.4,10810.0,10786.3,10791.7,750300
1550821500000,10791.0,10812.25,10787.0,10803.1,764550
1550825100000,10804.0,10823.9,10791.05,10805.8,1235700
1550828700000,10804.0,10815.0,10802.0,10809.0,678300
1551066300000,10825.3,10839.95,10802.3,10815.0,1451925
1551069900000,10815.1,10824.4,10808.1,10823.55,581550
1551073500000,10823.55,10843.0,10816.25,10834.9,1847925
1551077100000,10835.0,10844.65,10828.9,10842.4,681150
1551080700000,10842.0,10857.55,10834.0,10856.0,1257675
1551084300000,10854.05,10896.1,10850.2,10894.0,2208000
1551087900000,10893.6,10896.9,10885.6,10887.1,739050
1551152700000,10794.0,10843.45,10725.15,10758.0,4745100
1551156300000,10755.0,10808.75,10743.2,10804.75,2665425
1551159900000,10803.05,10847.9,10796.1,10831.0,2006025
1551163500000,10830.05,10874.0,10816.0,10853.0,1806600
1551167100000,10853.5,10860.4,10827.0,10858.25,1344075
1551170700000,10858.25,10893.1,10817.0,10829.0,2825550
1551174300000,10828.05,10835.1,10821.85,10822.0,849300
1551239100000,10855.25,10919.95,10852.0,10911.0,2130375
1551242700000,10910.3,10942.25,10906.4,10928.0,1264725
1551246300000,10927.25,10928.0,10746.0,10757.8,5090250
1551249900000,10760.1,10813.0,10758.0,10786.0,2052375
1551253500000,10786.8,10848.9,10761.55,10821.1,2421975
1551257100000,10820.2,10826.9,10784.0,10810.05,2936325
1551260700000,10810.1,10813.7,10796.35,10800.1,724800
1551325500000,10863.0,10863.0,10808.85,10826.0,1584675
1551329100000,10826.75,10843.95,10822.55,10825.5,857550
1551332700000,10825.5,10833.9,10802.65,10808.0,1147275
1551336300000,10808.3,10818.0,10786.75,10793.45,1155450
1551339900000,10791.6,10852.6,10790.5,10845.0,1752375
1551343500000,10845.0,10845.65,10787.55,10791.5,2433375
1551347100000,10791.8,10794.5,10790.1,10792.0,966225
1551411900000,10897.7,10921.55,10873.9,10905.1,1964775
1551415500000,10906.35,10909.35,10887.75,10896.0,824550
1551419100000,10896.0,10904.9,10886.55,10892.3,551250
1551422700000,10892.3,10897.8,10870.6,10887.0,692325
1551426300000,10887.0,10894.25,10872.4,10887.5,652650
1551429900000,10887.8,10929.45,10882.6,10915.9,1691625
1551433500000,10915.65,10915.9,10907.15,10914.0,583875
1551757500000,10859.9,10895.9,10843.05,10894.75,1953450
1551761100000,10894.75,10938.95,10894.65,10930.0,1851450
1551764700000,10930.0,10945.0,10925.1,10938.4,655125
1551768300000,10938.3,10958.5,10932.2,10951.05,1000350
1551771900000,10950.95,10974.85,10947.3,10964.1,1001550
1551775500000,10964.05,11034.6,10963.45,11033.0,2240925
1551779100000,11032.2,11040.0,11027.85,11031.75,1121850
1551843900000,11053.95,11082.0,11047.1,11066.2,2156775
1551847500000,11066.2,11074.0,11033.05,11066.5,1465500
1551851100000,11066.45,11077.85,11062.7,11072.5,679350
1551854700000,11072.5,11086.65,11056.6,11075.55,1107825
1551858300000,11075.0,11076.9,11047.55,11069.0,921225
1551861900000,11070.05,11094.5,11064.0,11081.95,1550400
1551865500000,11081.95,11093.95,11080.05,11085.45,841950
1551930300000,11114.9,11114.9,11072.85,11090.55,1435500
1551933900000,11090.25,11097.1,11072.25,11075.0,838500
1551937500000,11074.45,11089.4,11074.45,11084.65,534825
1551941100000,11084.45,11086.5,11064.0,11080.05,797550
1551944700000,11081.0,11119.3,11076.0,11115.85,1458825
1551948300000,11115.75,11129.7,11093.75,11096.95,1740375
1551951900000,11097.5,11101.0,11089.6,11092.4,890025
1552016700000,11067.75,11075.9,11037.5,11050.35,1926225
1552020300000,11049.7,11058.65,11045.2,11053.2,664650
1552023900000,11053.65,11083.85,11052.85,11072.0,1121775
1552027500000,11072.0,11072.55,11033.2,11049.0,1125525
1552031100000,11049.1,11066.0,11042.5,11059.1,757275
1552034700000,11059.1,11082.0,11052.05,11076.8,1199100
1552038300000,11076.9,11080.85,11073.0,11078.0,630000
1552275900000,11073.9,11160.0,11065.3,11154.05,2594550
1552279500000,11155.0,11173.55,11151.0,11169.65,919275
1552283100000,11169.9,11180.0,11166.0,11171.05,742425
1552286700000,11172.0,11189.0,11168.0,11186.0,718425
1552290300000,11185.9,11199.0,11168.65,11170.0,1191075
1552293900000,11170.05,11198.9,11168.0,11198.65,1245300
1552297500000,11198.15,11213.55,11197.05,11211.0,1131450
1552362300000,11256.05,11295.0,11252.6,11294.6,2530425
1552365900000,11295.0,11328.5,11292.5,11312.15,1918800
1552369500000,11312.55,11315.0,11286.0,11292.55,1135575
1552373100000,11292.5,11309.0,11286.65,11307.6,914625
1552376700000,11306.5,11315.0,11290.65,11310.95,819150
1552380300000,11310.0,11352.55,11303.3,11339.65,3077175
1552383900000,11339.65,11339.8,11322.6,11325.55,1204050
1552448700000,11202.0,11363.0,11101.05,11324.45,2637600
1552452300000,11324.3,11337.15,11313.2,11332.45,1418775
1552455900000,11330.6,11339.45,11323.7,11330.0,645750
1552459500000,11329.6,11346.0,11322.6,11343.6,700800
1552463100000,11343.85,11374.6,11335.6,11364.0,1421700
1552466700000,11364.0,11388.8,11346.5,11361.4,1827525
1552470300000,11361.4,11375.0,11358.45,11372.15,807525
1552535100000,11367.15,11399.0,11362.0,11362.0,1813125
1552538700000,11361.0,11371.15,11345.6,11362.8,1175925
1552542300000,11363.8,11369.0,11350.0,11351.7,475275
1552545900000,11351.3,11366.6,11333.75,11350.65,861375
1552549500000,11350.55,11375.0,11347.15,11368.35,945975
1552553100000,11368.35,11397.9,11362.1,11379.8,1435275
1552556700000,11379.4,11388.0,11376.1,11387.0,851475
1552621500000,11390.0,11457.0,11390.0,11442.65,2559150
1552625100000,11442.0,11448.75,11436.75,11447.4,714600
1552628700000,11445.75,11459.9,11427.0,11451.8,1165425
1552632300000,11450.95,11478.05,11450.0,11475.0,1229475
1552635900000,11474.75,11506.9,11464.3,11500.0,1594050
1552639500000,11500.0,11532.5,11451.45,11453.0,3649350
1552643100000,11452.25,11478.0,11446.8,11473.7,1509075
1552880700000,11505.25,11554.35,11501.25,11525.45,2489175
1552884300000,11525.65,11531.9,11455.55,11470.0,2250750
1552887900000,11471.9,11493.8,11436.0,11451.0,1459725
1552891500000,11450.0,11483.2,11450.0,11465.05,672975
1552895100000,11466.0,11486.05,11452.35,11462.95,1004550
1552898700000,11463.7,11507.3,11445.9,11496.1,1699650
1552902300000,11495.55,11513.55,11492.45,11512.1,727650
1552967100000,11525.05,11526.95,11477.1,11487.0,1293900
1552970700000,11487.15,11515.0,11475.0,11507.1,1087425
1552974300000,11507.55,11515.0,11495.1,11513.55,457425
1552977900000,11513.95,11513.95,11493.0,11503.55,499800
1552981500000,11503.0,11553.45,11501.55,11545.7,1534275
1552985100000,11545.6,11577.0,11522.65,11571.1,1914675
1552988700000,11573.3,11581.0,11571.0,11579.0,1055250
1553053500000,11570.05,11580.0,11536.1,11565.9,1877700
1553057100000,11565.4,11577.15,11561.6,11575.0,796650
1553060700000,11575.0,11575.0,11548.3,11548.3,1141350
1553064300000,11549.0,11561.55,11533.6,11553.4,1084125
1553067900000,11553.4,11572.0,11541.55,11566.25,847125
1553071500000,11565.2,11570.0,11545.15,11550.45,1111275
1553075100000,11550.45,11557.0,11548.85,11557.0,901050
1553226300000,11569.95,11595.75,11559.85,11585.15,1527150
1553229900000,11585.65,11587.05,11496.65,11524.0,2815125
1553233500000,11523.5,11534.5,11498.05,11509.5,1225725
1553237100000,11509.65,11545.0,11503.1,11536.0,1241700
1553240700000,11535.7,11544.95,11477.35,11479.0,2725800
1553244300000,11479.25,11487.45,11451.0,11470.95,2027100
1553247900000,11470.7,11492.4,11470.0,11476.25,850125
1553485500000,11419.9,11419.9,11370.0,11388.45,2669025
1553489100000,11388.75,11397.3,11362.0,11368.0,1191075
1553492700000,11367.2,11378.75,11358.25,11362.0,1441500
1553496300000,11362.25,11371.9,11354.0,11362.95,959325
1553499900000,11362.95,11373.9,11342.4,11357.9,1952550
1553503500000,11357.8,11373.1,11337.7,11368.45,1750800
1553507100000,11368.45,11378.95,11364.2,11373.4,657600
1553571900000,11370.0,11412.9,11365.0,11400.35,1878225
1553575500000,11401.2,11406.95,11384.0,11389.3,856275
1553579100000,11389.9,11392.8,11363.25,11376.2,1082925
1553582700000,11376.2,11394.85,11376.05,11390.4,1538625
1553586300000,11390.45,11441.0,11390.45,11431.35,2187300
1553589900000,11431.3,11514.9,11424.55,11512.55,3220875
1553593500000,11512.0,11523.8,11508.0,11522.5,1122150
1553658300000,11521.05,11547.7,11516.3,11538.9,2016450
1553661900000,11538.4,11567.0,11537.15,11559.4,1358925
1553665500000,11556.55,11559.5,11511.0,11528.15,1893900
1553669100000,11528.4,11573.7,11521.0,11551.1,1806675
1553672700000,11551.5,11560.45,11421.05,11456.15,2970450
1553676300000,11455.9,11503.8,11451.3,11468.0,1855350
1553679900000,11466.0,11467.45,11442.0,11448.0,602925
1553744700000,11458.65,11530.0,11448.9,11505.25,2346525
1553748300000,11506.75,11521.8,11493.0,11518.85,1179375
1553751900000,11518.9,11520.0,11499.05,11516.05,832350
1553755500000,11516.0,11533.7,11504.15,11525.55,965850
1553759100000,11523.1,11565.15,11503.0,11560.0,2018475
1553762700000,11562.0,11578.0,11532.15,11570.0,2097450
1553766300000,11570.0,11574.5,11568.7,11573.1,1560225
1553831100000,11689.0,11718.5,11641.0,11666.25,2284500
1553834700000,11666.15,11668.0,11646.5,11660.7,703200
1553838300000,11660.3,11676.95,11652.55,11672.75,726600
1553841900000,11671.7,11684.9,11659.75,11680.0,484950
1553845500000,11680.0,11698.95,11661.45,11677.6,892875
1553849100000,11677.8,11705.0,11672.4,11678.65,1821825
1553852700000,11678.0,11684.95,11675.1,11682.35,672450
1554090300000,11719.2,11769.45,11708.25,11767.25,1883400
1554093900000,11768.3,11783.9,11760.8,11767.35,1340175
1554097500000,11767.05,11782.0,11760.1,11770.0,841500
1554101100000,11770.0,11792.8,11765.6,11784.9,1123950
1554104700000,11784.65,11808.1,11776.65,11801.15,957600
1554108300000,11801.25,11822.75,11737.0,11745.95,2263950
1554111900000,11745.35,11745.35,11722.65,11726.6,849225
1554176700000,11763.95,11764.0,11712.2,11735.15,1761900
1554180300000,11735.95,11737.3,11720.6,11735.7,525150
1554183900000,11735.35,11768.2,11734.95,11763.05,952875
1554187500000,11763.0,11777.0,11742.0,11767.0,1031325
1554191100000,11767.0,11775.0,11733.85,11736.45,723075
1554194700000,11734.75,11775.7,11724.7,11770.0,1361025
1554198300000,11769.65,11794.7,11769.65,11785.9,865950
1554263100000,11788.3,11822.6,11788.25,11820.0,1674825
1554266700000,11819.0,11829.9,11806.8,11814.8,1041975
1554270300000,11814.2,11821.3,11798.55,11811.5,703425
1554273900000,11811.5,11827.45,11803.0,11826.9,413775
1554277500000,11826.2,11834.15,11772.6,11790.95,1362150
1554281100000,11791.8,11793.85,11721.4,11725.0,2352525
1554284700000,11725.0,11729.95,11715.0,11724.0,787575
1554349500000,11729.95,11744.0,11700.0,11712.0,1158525
1554353100000,11712.0,11723.7,11694.25,11719.95,725775
1554356700000,11719.5,11733.2,11680.55,11697.1,1428750
1554360300000,11698.0,11754.0,11697.25,11736.2,1325400
1554363900000,11736.2,11748.8,11691.0,11700.15,965250
1554367500000,11700.75,11702.1,11641.45,11671.85,2442150
1554371100000,11671.55,11685.55,11670.0,11681.6,640050
1554435900000,11700.0,11740.0,11680.05,11729.0,1474200
1554439500000,11729.0,11729.25,11697.5,11698.25,768225
1554443100000,11699.0,11716.75,11685.0,11712.0,989700
1554446700000,11712.0,11719.15,11696.65,11711.9,523200
1554450300000,11711.65,11738.4,11707.65,11718.5,1077225
1554453900000,11718.4,11749.0,11704.0,11743.75,1080000
1554457500000,11744.0,11783.15,11742.0,11775.0,1328625
1554695100000,11760.75,11780.05,11715.65,11733.0,1683600
1554698700000,11732.95,11736.2,11705.05,11713.5,1024125
1554702300000,11713.95,11722.4,11683.2,11698.6,1154100
1554705900000,11698.8,11719.9,11692.35,11696.0,779475
1554709500000,11695.95,11704.25,11650.15,11662.1,1577175
1554713100000,11661.25,11679.0,11622.25,11674.0,2242650
1554716700000,11674.5,11687.45,11671.75,11675.55,738600
1554781500000,11707.75,11707.75,11640.0,11686.95,1688475
1554785100000,11686.05,11689.55,11648.05,11659.0,1019400
1554788700000,11659.5,11663.75,11632.0,11644.5,574275
1554792300000,11644.15,11680.9,11641.0,11662.65,741825
1554795900000,11664.5,11721.0,11655.0,11713.4,1503675
1554799500000,11713.6,11749.9,11711.3,11743.5,1798200
1554803100000,11743.05,11750.05,11742.05,11746.75,768075
1554867900000,11720.0,11744.0,11712.05,11727.0,1229250
1554871500000,11726.75,11737.35,11706.1,11711.2,808125
1554875100000,11711.4,11724.0,11707.5,11715.0,554700
1554878700000,11713.8,11743.0,11711.1,11731.7,654900
1554882300000,11731.7,11734.4,11657.5,11675.0,2128350
1554885900000,11675.0,11684.05,11642.55,11655.0,1750875
1554889500000,11655.75,11657.95,11644.85,11653.0,824925
1554954300000,11648.55,11664.9,11625.35,11636.65,1441350
1554957900000,11638.45,11655.9,11631.0,11632.05,485775
1554961500000,11632.05,11648.6,11628.3,11641.0,357825
1554965100000,11641.0,11655.85,11637.15,11649.05,496500
1554968700000,11649.6,11663.8,11605.2,11621.8,1535700
1554972300000,11620.15,11673.0,11618.05,11666.7,1316925
1554975900000,11666.0,11677.85,11663.05,11669.9,742425
1555040700000,11645.0,11674.9,11644.35,11656.75,1342725
1555044300000,11656.9,11666.0,11645.0,11655.2,491850
1555047900000,11655.3,11656.45,11626.05,11638.05,834300
1555051500000,11639.1,11663.45,11633.45,11661.15,613125
1555055100000,11661.15,11704.95,11647.15,11698.95,1512975
1555058700000,11701.0,11727.0,11701.0,11711.05,1791375
1555062300000,11711.05,11712.95,11686.5,11687.0,568425
1555299900000,11689.95,11718.4,11682.7,11706.25,1272300
1555303500000,11706.0,11719.9,11704.35,11712.6,548100
1555307100000,11712.0,11725.0,11701.0,11722.45,425325
1555310700000,11720.7,11733.9,11711.1,11725.0,625725
1555314300000,11725.2,11733.5,11694.05,11724.3,825750
1555317900000,11724.5,11739.7,11712.1,11725.35,842625
1555321500000,11725.65,11730.55,11722.4,11729.7,555975
1555386300000,11758.25,11810.6,11758.25,11809.0,2199300
1555389900000,11808.6,11823.5,11808.0,11817.0,817050
1555393500000,11816.85,11820.0,11806.1,11807.0,531300
1555397100000,11807.05,11829.0,11803.35,11825.95,809925
1555400700000,11826.0,11844.45,11814.3,11843.9,1017375
1555404300000,11843.9,11847.1,11812.1,11813.95,1231125
1555407900000,11814.2,11835.45,11814.0,11833.0,815025
1555559100000,11859.0,11859.0,11762.0,11772.15,2702700
1555562700000,11769.85,11785.0,11752.05,11780.2,1104450
1555566300000,11780.0,11787.0,11763.75,11766.2,545475
1555569900000,11765.25,11782.0,11760.05,11767.5,606000
1555573500000,11767.65,11796.45,11760.25,11787.6,828525
1555577100000,11787.5,11807.0,11761.4,11777.2,1441800
1555580700000,11776.3,11778.45,11763.35,11765.0,756225
1555904700000,11716.3,11749.9,11655.0,11673.4,2638800
1555908300000,11672.7,11681.65,11667.6,11676.65,666225
1555911900000,11675.55,11678.0,11665.0,11671.5,635325
1555915500000,11670.5,11675.9,11645.8,11647.9,932250
1555919100000,11648.0,11670.95,11642.0,11659.45,1008525
1555922700000,11660.4,11668.45,11615.0,11619.3,2584725
1555926300000,11619.65,11620.55,11609.2,11616.0,1079925
1555991100000,11631.15,11656.25,11592.6,11612.8,2144250
1555994700000,11611.0,11631.6,11605.15,11624.35,1004400
1555998300000,11625.35,11655.55,11620.3,11637.75,1129650
1556001900000,11637.7,11653.25,11622.05,11642.3,834600
1556005500000,11640.65,11664.6,11624.05,11638.2,1289175
1556009100000,11639.0,11659.8,11573.5,11597.0,2646600
1556012700000,11597.0,11598.8,11582.0,11589.95,546150
1556077500000,11602.3,11619.6,11592.25,11603.1,1379775
1556081100000,11603.15,11615.55,11579.05,11591.8,1683375
1556084700000,11591.8,11608.0,11591.05,11602.25,950925
1556088300000,11602.25,11614.7,11594.15,11610.85,1130325
1556091900000,11610.85,11670.35,11588.05,11668.0,1920225
1556095500000,11667.0,11756.0,11658.1,11743.85,3065175
1556099100000,11744.15,11744.35,11727.2,11732.75,857925
1556163900000,11713.75,11755.0,11713.7,11747.45,1926675
1556167500000,11747.95,11777.5,11743.0,11772.65,3178500
1556171100000,11773.0,11797.85,11771.25,11778.0,1346025
1556174700000,11778.8,11778.8,11741.85,11768.55,2410200
1556178300000,11768.55,11773.2,11705.1,11736.1,2358300
1556181900000,11737.1,11743.7,11630.55,11638.05,3113550
1556185500000,11637.8,11642.95,11636.2,11642.8,891675
1556250300000,11769.95,11769.95,11725.0,11746.15,1442775
1556253900000,11746.15,11756.2,11732.8,11736.8,568425
1556257500000,11736.8,11764.0,11730.6,11760.2,625575
1556261100000,11760.6,11761.45,11731.05,11745.0,741450
1556264700000,11746.0,11810.75,11739.0,11805.25,1868925
1556268300000,11803.2,11827.9,11782.55,11810.0,1896225
1556271900000,11809.75,11815.1,11804.05,11808.25,738450
1556595900000,11805.0,11838.5,11712.05,11731.8,2387250
1556599500000,11731.8,11755.0,11725.0,11750.85,797400
1556603100000,11750.15,11763.8,11735.35,11751.3,800025
1556606700000,11750.05,11779.35,11736.05,11754.75,911400
1556610300000,11755.0,11774.8,11720.0,11756.05,1127175
1556613900000,11756.85,11798.4,11735.3,11794.0,1431150
1556617500000,11794.0,11798.0,11786.1,11789.0,549975
1556768700000,11751.1,11825.25,11735.0,11820.4,2486175
1556772300000,11821.3,11834.4,11806.7,11815.95,1109100
1556775900000,11816.0,11821.1,11791.0,11798.0,651675
1556779500000,11799.9,11806.9,11758.0,11768.65,1008150
1556783100000,11768.95,11817.4,11762.05,11814.75,851025
1556786700000,11814.75,11819.9,11745.95,11765.45,1746150
1556790300000,11765.45,11767.55,11759.95,11765.0,668025
1556855100000,11735.0,11798.9,11734.95,11791.05,985950
1556858700000,11792.15,11809.45,11790.0,11798.15,727425
1556862300000,11798.5,11799.4,11776.65,11790.0,438750
1556865900000,11788.3,11799.4,11783.5,11790.8,383400
1556869500000,11790.0,11824.45,11769.4,11784.95,1537575
1556873100000,11785.0,11798.0,11748.8,11761.0,1272075
1556876700000,11760.45,11772.45,11756.1,11762.2,546900
1557114300000,11671.1,11688.0,11645.0,11666.55,2063550
1557117900000,11667.0,11684.0,11663.05,11673.0,695475
1557121500000,11673.3,11679.75,11665.0,11672.0,341400
1557125100000,11671.95,11695.0,11654.15,11657.8,960450
1557128700000,11656.75,11672.9,11650.5,11665.25,782325
1557132300000,11666.4,11669.8,11626.85,11654.75,1731075
1557135900000,11654.85,11657.55,11648.6,11652.0,533475
1557200700000,11685.0,11688.55,11655.25,11664.5,1193325
1557204300000,11664.2,11665.1,11637.05,11651.7,683250
1557207900000,11651.7,11686.0,11651.7,11679.05,674850
1557211500000,11678.95,11692.0,11669.0,11675.0,696600
1557215100000,11675.0,11675.0,11606.0,11621.8,1446900
1557218700000,11621.0,11624.55,11531.35,11538.0,2757225
1557222300000,11538.0,11547.45,11533.15,11542.85,863475
1557287100000,11509.9,11519.95,11476.0,11483.15,2461350
1557290700000,11484.15,11486.8,11468.05,11478.55,962475
1557294300000,11478.8,11481.45,11455.2,11476.55,1137225
1557297900000,11477.05,11491.0,11455.0,11466.1,841575
1557301500000,11467.4,11513.0,11443.4,11470.0,1734600
1557305100000,11471.7,11484.0,11407.0,11409.7,2201550
1557308700000,11409.05,11420.75,11403.4,11418.3,922275
1557373500000,11378.5,11384.0,11344.0,11367.85,2302050
1557377100000,11368.8,11397.4,11360.55,11377.15,1326150
1557380700000,11376.15,11384.0,11347.9,11353.35,814200
1557384300000,11353.35,11360.0,11309.05,11317.05,1322925
1557387900000,11316.55,11336.95,11291.1,11320.5,1501800
1557391500000,11321.0,11384.0,11321.0,11330.35,2726175
1557395100000,11330.2,11345.2,11330.0,11341.6,850800
1557459900000,11329.0,11369.0,11296.2,11328.95,3251625
1557463500000,11328.85,11364.35,11314.35,11364.0,1159275
1557467100000,11363.05,11371.85,11342.55,11346.3,852225
1557470700000,11347.0,11362.4,11327.0,11345.0,713250
1557474300000,11345.0,11360.0,11292.55,11357.05,1829850
1557477900000,11358.0,11376.0,11305.55,11322.8,1954050
1557481500000,11322.25,11322.75,11283.7,11290.95,1139475
1557719100000,11270.1,11322.65,11255.0,11321.35,1968825
1557722700000,11321.2,11328.0,11297.15,11305.3,732450
1557726300000,11304.15,11313.35,11281.55,11288.2,755850
1557729900000,11289.65,11303.5,11260.0,11277.6,854625
1557733500000,11276.0,11305.1,11242.05,11291.85,1226850
1557737100000,11291.85,11295.7,11161.0,11170.55,2500125
1557740700000,11172.0,11191.0,11153.65,11187.2,1177425
1557805500000,11170.1,11184.8,11138.0,11167.15,1998825
1557809100000,11166.6,11172.4,11156.65,11167.45,645675
1557812700000,11167.4,11169.85,11147.5,11166.55,753825
1557816300000,11165.05,11196.0,11151.75,11185.9,1071075
1557819900000,11186.05,11289.0,11184.05,11277.0,3255900
1557823500000,11277.0,11338.1,11201.0,11259.0,4862475
1557827100000,11258.95,11275.0,11257.9,11267.55,962550
1557891900000,11275.6,11289.6,11247.6,11284.1,1576950
1557895500000,11284.9,11300.0,11276.05,11282.3,939975
1557899100000,11282.3,11294.0,11262.0,11272.0,896025
1557902700000,11271.65,11281.15,11213.75,11219.05,1470300
1557906300000,11222.45,11288.45,11200.4,11262.55,2201550
1557909900000,11264.15,11280.25,11157.0,11169.6,2799450
1557913500000,11169.7,11174.35,11160.25,11160.25,957225
1557978300000,11189.95,11196.0,11167.5,11180.35,1255050
1557981900000,11180.3,11183.0,11152.25,11162.4,806400
1557985500000,11162.7,11194.2,11159.0,11192.55,718800
1557989100000,11193.0,11204.9,11165.25,11176.05,1248975
1557992700000,11176.0,11262.0,11173.1,11252.0,2111775
1557996300000,11254.0,11287.7,11217.5,11278.0,3051600
1557999900000,11278.0,11309.9,11278.0,11300.0,1388625
1558064700000,11284.95,11334.9,11267.05,11309.15,2098425
1558068300000,11308.25,11323.6,11301.1,11313.05,840150
1558071900000,11314.4,11365.0,11312.65,11361.2,1492200
1558075500000,11363.35,11369.0,11325.05,11352.15,1443075
1558079100000,11354.0,11390.9,11340.15,11369.1,1758975
1558082700000,11369.1,11440.0,11337.8,11412.6,3314625
1558086300000,11413.45,11447.7,11406.4,11440.8,1134300
1558323900000,11651.1,11711.75,11601.1,11704.2,5012100
1558327500000,11706.9,11718.0,11680.1,11691.55,1343475
1558331100000,11691.65,11739.9,11684.75,11739.9,1313025
1558334700000,11740.0,11759.9,11731.4,11748.35,1311975
1558338300000,11748.4,11825.8,11748.4,11818.55,2401800
1558341900000,11819.4,11877.3,11792.3,11856.5,3390450
1558345500000,11858.4,11872.25,11848.0,11871.9,1114950
1558410300000,11885.0,11895.0,11827.5,11866.5,2480700
1558413900000,11867.2,11870.95,11823.6,11858.0,984150
1558417500000,11858.0,11859.0,11826.6,11847.95,658725
1558421100000,11847.95,11849.0,11757.0,11768.55,2202225
1558424700000,11769.65,11792.0,11728.9,11739.2,2190075
1558428300000,11736.05,11764.35,11687.5,11716.0,2907675
1558431900000,11716.75,11729.8,11708.25,11724.0,871650
1558496700000,11740.2,11774.8,11710.0,11750.15,2068125
1558500300000,11752.4,11784.0,11744.0,11751.0,1159050
1558503900000,11751.95,11772.1,11740.6,11759.25,531000
1558507500000,11757.95,11763.9,11726.1,11750.05,996975
1558511100000,11750.05,11833.25,11749.55,11815.6,2457375
1558514700000,11816.75,11819.8,11746.1,11781.0,2541225
1558518300000,11779.6,11802.35,11765.55,11795.95,1054875
1558583100000,11888.0,11999.0,11850.0,11971.75,6540450
1558586700000,11971.8,12070.0,11928.0,11937.95,4798650
1558590300000,11935.65,11951.6,11843.1,11867.4,3687150
1558593900000,11866.85,11895.0,11811.0,11885.0,3161400
1558597500000,11884.95,11898.7,11759.05,11826.75,3009000
1558601100000,11825.1,11846.95,11662.2,11667.05,4016400
1558604700000,11667.05,11724.5,11640.15,11713.75,1675725
1558669500000,11765.1,11788.8,11678.1,11687.85,3507450
1558673100000,11689.0,11758.7,11687.1,11743.15,1611450
1558676700000,11742.65,11798.9,11732.05,11787.15,1733775
1558680300000,11787.15,11861.9,11769.0,11853.0,2241000
1558683900000,11852.0,11864.5,11789.05,11840.0,1913850
1558687500000,11840.25,11890.0,11822.95,11864.65,1844400
1558691100000,11863.8,11872.0,11861.3,11865.25,723000
1558928700000,11858.9,11902.85,11833.15,11888.9,2589975
1558932300000,11889.35,11896.0,11879.1,11888.6,997050
1558935900000,11889.45,11944.7,11886.55,11936.05,2141550
1558939500000,11935.0,11960.0,11909.7,11942.05,1645275
1558943100000,11941.0,11946.9,11913.0,11939.7,1039875
1558946700000,11939.7,11953.9,11911.05,11919.05,1808325
1558950300000,11920.8,11921.95,11902.7,11915.0,632100
1559015100000,11959.0,11959.0,11894.5,11899.4,2358000
1559018700000,11898.4,11939.95,11887.2,11920.75,1583925
1559022300000,11921.0,11934.9,11892.0,11909.0,1044750
1559025900000,11908.05,11923.0,11874.75,11905.15,1484775
1559029500000,11905.15,11922.0,11885.65,11899.45,1489875
1559033100000,11897.2,11965.0,11856.5,11937.5,2906025
1559036700000,11937.0,11952.85,11926.0,11945.0,1164000
1559101500000,11916.7,11918.9,11893.0,11901.85,2215425
1559105100000,11901.85,11928.5,11890.1,11924.65,1218900
1559108700000,11922.35,11934.95,11902.0,11903.1,1258650
1559112300000,11905.0,11907.5,11870.0,11870.15,1722600
1559115900000,11870.5,11894.85,11865.0,11887.05,1531875
1559119500000,11887.05,11896.0,11836.3,11861.2,2468100
1559123100000,11863.1,11870.0,11856.2,11863.55,781050
1559187900000,11865.0,11910.0,11856.9,11907.5,2122275
1559191500000,11907.1,11921.95,11901.3,11918.9,1259250
1559195100000,11918.05,11929.5,11901.15,11929.4,1279275
1559198700000,11928.0,11950.0,11927.65,11947.75,2970150
1559202300000,11946.25,11964.9,11936.05,11954.9,1539525
1559205900000,11955.55,11962.9,11917.05,11946.15,2767950
1559209500000,11946.1,11948.9,11944.1,11947.5,692550
1559274300000,12001.0,12047.0,11992.0,12040.0,2191500
1559277900000,12040.0,12041.0,12013.7,12032.25,877425
1559281500000,12032.55,12036.0,11828.65,11909.95,4271100
1559285100000,11909.95,11955.0,11895.15,11922.3,2291100
1559288700000,11922.0,11927.5,11861.15,11900.0,2138850
1559292300000,11900.45,11919.0,11873.35,11910.85,1784100
1559295900000,11910.25,11928.8,11910.05,11924.55,935250
1559533500000,11941.65,11974.5,11915.05,11972.8,2441700
1559537100000,11972.8,11996.0,11957.05,11993.15,1242675
1559540700000,11993.2,12023.9,11987.1,12020.0,1497675
1559544300000,12020.0,12034.0,12003.85,12022.2,952800
1559547900000,12022.0,12071.4,11994.5,12069.7,2037075
1559551500000,12068.8,12106.45,12068.8,12099.45,2743575
1559555100000,12100.0,12118.0,12099.45,12113.9,1088175
1559619900000,12081.15,12111.8,12065.1,12074.85,2005950
1559623500000,12074.5,12080.0,12060.0,12063.0,925950
1559627100000,12062.95,12077.05,12045.55,12052.05,976950
1559630700000,12052.15,12099.05,12041.6,12087.15,1379700
1559634300000,12088.15,12096.9,12057.65,12068.75,937050
1559637900000,12068.2,12081.0,12036.0,12050.6,1281900
1559641500000,12051.4,12076.15,12050.45,12072.5,706950
1559792700000,12044.7,12059.0,11981.1,11992.0,2170725
1559796300000,11992.0,12002.65,11982.05,11995.1,897375
1559799900000,11994.6,12016.6,11963.8,11968.1,2107350
1559803500000,11968.85,11973.95,11937.2,11945.8,1990350
1559807100000,11945.8,11956.8,11880.65,11886.4,2245050
1559810700000,11890.0,11906.95,11866.25,11884.5,2440950
1559814300000,11884.5,11892.15,11881.0,11886.05,836175
1559879100000,11880.2,11885.75,11801.2,11877.15,3290100
1559882700000,11877.1,11913.85,11856.15,11870.0,1404150
1559886300000,11868.05,11878.4,11840.1,11862.45,732975
1559889900000,11861.85,11895.95,11854.1,11861.65,798225
1559893500000,11860.05,11871.0,11831.0,11850.0,1021350
1559897100000,11852.95,11933.0,11852.6,11885.55,2272275
1559900700000,11885.1,11888.9,11876.6,11887.9,495375
1560138300000,11950.05,11994.0,11940.0,11968.6,2212950
1560141900000,11968.6,11972.0,11920.0,11930.2,1143600
1560145500000,11931.25,11947.8,11897.25,11905.0,1289550
1560149100000,11904.05,11917.9,11885.15,11896.0,776100
1560152700000,11897.1,11930.0,11875.15,11885.25,1079475
1560156300000,11885.25,11933.9,11885.0,11927.1,1042800
1560159900000,11929.0,11948.35,11922.35,11942.0,734325
1560224700000,11975.0,11975.0,11917.0,11956.0,1913100
1560228300000,11957.85,11964.45,11937.1,11953.95,695850
1560231900000,11953.35,11989.95,11953.0,11977.5,1019700
1560235500000,11977.05,11993.0,11964.15,11984.15,844725
1560239100000,11984.25,12018.0,11971.05,12013.5,1335150
1560242700000,12011.05,12022.85,11962.1,11975.5,1597575
1560246300000,11973.25,11984.4,11972.2,11978.0,481200
1560311100000,11960.05,11965.9,11912.05,11922.8,1977600
1560314700000,11922.0,11922.5,11886.0,11894.4,1347525
1560318300000,11895.0,11911.65,11889.8,11903.6,719850
1560321900000,11902.85,11917.8,11893.1,11907.0,649350
1560325500000,11906.0,11932.35,11877.35,11927.25,1277025
1560329100000,11926.35,11938.0,11893.2,11912.8,1335675
1560332700000,11912.9,11927.9,11910.0,11925.25,721650
1560397500000,11885.35,11911.15,11853.2,11866.9,1813725
1560401100000,11866.9,11874.2,11850.6,11855.05,679275
1560404700000,11855.75,11863.0,11836.25,11847.6,751275
1560408300000,11847.85,11876.25,11842.45,11874.0,849375
1560411900000,11874.0,11914.65,11865.0,11914.45,1449450
1560415500000,11913.05,11950.0,11895.2,11928.4,2288400
1560419100000,11929.45,11930.0,11916.4,11919.65,847950
1560483900000,11900.05,11916.55,11861.25,11887.75,1841925
1560487500000,11887.75,11899.9,11868.1,11870.05,765450
1560491100000,11870.0,11870.65,11847.75,11865.95,971400
1560494700000,11865.9,11886.8,11856.25,11865.0,757725
1560498300000,11864.85,11880.25,11854.6,11869.35,552225
1560501900000,11869.3,11893.95,11820.6,11822.5,2103900
1560505500000,11820.6,11833.9,11811.6,11828.75,1113000
1560743100000,11824.95,11830.0,11754.0,11768.4,1941525
1560746700000,11769.25,11780.75,11754.15,11763.3,580050
1560750300000,11763.75,11767.9,11735.05,11739.45,1011000
1560753900000,11739.4,11750.8,11730.4,11732.15,809100
1560757500000,11730.55,11743.65,11721.15,11728.85,1121700
1560761100000,11729.0,11741.25,11691.0,11695.0,1565850
1560764700000,11693.15,11703.0,11685.0,11697.55,1164150
1560829500000,11701.0,11739.0,11678.65,11725.0,2335425
1560833100000,11725.0,11729.8,11701.0,11705.25,794700
1560836700000,11705.05,11743.0,11704.9,11728.4,909675
1560840300000,11728.4,11752.0,11727.65,11742.05,981525
1560843900000,11742.0,11748.0,11686.0,11729.2,1786875
1560847500000,11730.15,11748.8,11657.1,11709.6,2576475
1560851100000,11709.0,11719.0,11704.6,11715.0,638400
1560915900000,11748.65,11815.0,11745.0,11793.0,2917050
1560919500000,11793.1,11799.0,11770.25,11772.4,898425
1560923100000,11773.35,11775.85,11715.15,11726.55,2200350
1560926700000,11727.0,11739.95,11702.05,11723.45,1277025
1560930300000,11722.0,11727.35,11666.0,11680.0,1413675
1560933900000,11678.75,11725.0,11630.3,11716.0,3141000
1560937500000,11715.5,11730.5,11706.4,11720.9,943275
1561002300000,11670.0,11754.9,11668.05,11752.05,3079800
1561005900000,11752.95,11771.0,11736.0,11766.5,1237275
1561009500000,11768.0,11778.0,11736.7,11750.0,1069575
1561013100000,11750.45,11789.9,11750.45,11757.0,1202325
1561016700000,11757.05,11803.25,11752.25,11792.05,1281000
1561020300000,11793.35,11862.0,11777.0,11859.5,2976000
1561023900000,11859.75,11863.35,11845.0,11856.1,1113375
1561088700000,11839.05,11842.6,11792.0,11807.25,1864425
1561092300000,11807.95,11810.0,11773.0,11786.8,1115625
1561095900000,11787.0,11819.0,11783.55,11803.6,768600
1561099500000,11803.55,11807.8,11785.1,11802.0,559425
1561103100000,11802.2,11814.2,11726.4,11741.05,1931325
1561106700000,11741.05,11798.1,11731.1,11757.7,2117025
1561110300000,11757.55,11763.9,11749.0,11754.5,792975
1561347900000,11730.2,11782.0,11693.05,11706.0,2001375
1561351500000,11707.95,11726.5,11704.6,11710.0,892050
1561355100000,11711.8,11759.0,11711.15,11750.95,1138575
1561358700000,11750.3,11752.55,11720.0,11729.05,1097175
1561362300000,11727.6,11746.1,11706.6,11719.05,752325
1561365900000,11717.7,11725.4,11681.0,11709.05,1865475
1561369500000,11710.0,11729.2,11708.1,11724.0,495750
1561434300000,11684.05,11722.2,11666.6,11706.9,2225100
1561437900000,11707.25,11718.0,11694.05,11705.3,1011825
1561441500000,11705.0,11757.15,11702.2,11749.2,1697925
1561445100000,11750.55,11774.0,11740.55,11768.15,1732500
1561448700000,11768.9,11809.65,11763.6,11798.55,2089200
1561452300000,11799.45,11834.0,11793.0,11807.5,2012700
1561455900000,11807.2,11807.6,11786.75,11788.85,940050
1561520700000,11774.9,11839.95,11767.1,11822.95,2284950
1561524300000,11822.95,11833.15,11794.95,11823.25,1490475
1561527900000,11823.25,11834.0,11813.65,11828.0,894975
1561531500000,11828.0,11852.85,11824.05,11831.35,1426200
1561535100000,11828.2,11845.85,11816.25,11839.95,1798125
1561538700000,11839.95,11890.0,11831.15,11867.1,2509275
1561542300000,11867.1,11868.0,11856.45,11862.0,653925
1561607100000,11876.75,11896.9,11867.1,11887.5,1728075
1561610700000,11887.35,11904.95,11885.6,11901.75,1289100
1561614300000,11901.45,11907.3,11881.4,11890.0,1712850
1561617900000,11890.8,11912.75,11888.0,11902.8,1698675
1561621500000,11903.05,11914.7,11827.0,11843.2,2401125
1561625100000,11841.2,11893.15,11830.9,11844.05,3261225
1561628700000,11844.2,11845.35,11840.0,11843.3,771225
1561693500000,11907.7,11916.0,11875.0,11891.7,1670700
1561697100000,11892.55,11894.9,11850.1,11861.8,1161450
1561700700000,11861.65,11871.2,11846.2,11866.9,908100
1561704300000,11866.5,11879.9,11857.15,11870.7,604425
1561707900000,11868.9,11889.75,11852.1,11861.6,861225
1561711500000,11861.0,11872.25,11828.0,11836.4,1787400
1561715100000,11835.0,11848.0,11835.0,11843.5,857625
1561952700000,11888.05,11899.75,11863.55,11881.25,1553700
1561956300000,11882.2,11913.45,11872.0,11906.0,1128450
1561959900000,11907.75,11917.9,11895.95,11903.95,846450
1561963500000,11903.05,11913.85,11902.0,11910.9,479175
1561967100000,11910.7,11924.0,11897.05,11921.8,743325
1561970700000,11922.0,11924.95,11893.15,11904.0,1002000
1561974300000,11905.0,11907.4,11900.8,11907.0,551100
1562039100000,11910.4,11921.2,11856.75,11862.0,1794900
1562042700000,11862.15,11870.0,11840.2,11852.55,1093725
1562046300000,11852.65,11873.0,11850.0,11868.75,794550
1562049900000,11868.0,11918.0,11861.45,11908.9,1087350
1562053500000,11908.75,11937.0,11895.1,11920.0,1412925
1562057100000,11919.65,11948.0,11911.65,11944.95,1161375
1562060700000,11942.65,11946.3,11940.15,11941.0,657975
1562125500000,11953.0,11960.0,11927.5,11934.5,1593000
1562129100000,11934.05,11951.8,11933.35,11947.0,527025
1562132700000,11947.0,11951.75,11933.45,11936.7,539625
1562136300000,11936.7,11965.85,11936.45,11955.0,772800
1562139900000,11955.0,11968.5,11952.85,11964.5,619050
1562143500000,11965.0,11976.0,11936.05,11946.9,1303200
1562147100000,11946.9,11952.85,11943.0,11950.5,528975
1562211900000,11947.15,11984.0,11942.65,11973.55,1353900
1562215500000,11974.9,11982.3,11964.9,11976.25,700800
1562219100000,11976.65,11980.0,11959.0,11976.15,702225
1562222700000,11976.0,11987.95,11968.0,11971.0,629400
1562226300000,11971.9,11981.0,11961.0,11964.95,517575
1562229900000,11964.25,11999.0,11961.2,11981.0,1428525
1562233500000,11981.65,11982.3,11973.3,11978.5,602025
1562298300000,11993.95,11998.95,11973.9,11979.0,956925
1562301900000,11979.0,11980.0,11943.9,11975.9,1136325
1562305500000,11975.15,11977.8,11901.1,11931.7,2056425
1562309100000,11931.7,11979.85,11861.2,11874.05,3900900
1562312700000,11874.1,11890.4,11831.25,11863.5,2632800
1562316300000,11863.4,11898.0,11812.05,11825.6,2061750
1562319900000,11825.0,11825.9,11808.0,11817.4,1134225
1562557500000,11769.9,11770.0,11682.6,11694.3,3712650
1562561100000,11694.0,11698.0,11615.0,11635.0,2264700
1562564700000,11635.8,11649.8,11618.3,11643.6,1428900
1562568300000,11643.65,11647.4,11600.1,11609.1,1465875
1562571900000,11609.1,11621.9,11562.5,11565.0,2048250
1562575500000,11566.0,11582.9,11527.35,11569.0,2899425
1562579100000,11568.95,11578.0,11565.0,11569.5,1099350
1562643900000,11543.35,11559.9,11495.0,11499.95,3583725
1562647500000,11499.0,11534.0,11486.55,11524.0,1516875
1562651100000,11523.35,11594.1,11515.3,11563.2,2347350
1562654700000,11563.0,11566.8,11531.25,11553.65,1204350
1562658300000,11553.65,11572.0,11513.1,11550.0,1547925
1562661900000,11550.0,11565.0,11531.0,11558.0,1208100
1562665500000,11557.95,11561.55,11547.85,11552.0,624675
1562730300000,11549.5,11593.0,11532.05,11555.85,1811700
1562733900000,11555.1,11561.4,11511.0,11529.25,1390500
1562737500000,11529.0,11536.05,11492.15,11500.0,1016025
1562741100000,11500.05,11514.55,11467.55,11495.25,1426275
1562744700000,11495.75,11528.0,11489.1,11506.15,998700
1562748300000,11505.35,11519.8,11471.0,11490.9,1372050
1562751900000,11490.75,11493.85,11478.75,11492.0,750675
1562816700000,11550.25,11569.75,11528.15,11563.0,1986375
1562820300000,11563.15,11569.9,11546.05,11555.0,745200
1562823900000,11555.6,11580.0,11550.05,11569.95,657750
1562827500000,11569.55,11583.0,11567.05,11575.05,658950
1562831100000,11575.55,11591.2,11563.0,11583.0,1358550
1562834700000,11583.0,11606.0,11575.1,11585.8,1665675
1562838300000,11585.6,11589.55,11575.55,11579.0,679200
1562903100000,11580.0,11597.6,11542.6,11556.0,1699575
1562906700000,11556.0,11582.1,11555.15,11568.0,590775
1562910300000,11567.05,11589.0,11566.15,11568.0,581025
1562913900000,11567.25,11625.0,11566.2,11617.55,1168725
1562917500000,11617.4,11642.45,11612.55,11621.0,1613625
1562921100000,11621.5,11633.1,11530.0,11540.0,2394150
1562924700000,11541.4,11555.0,11535.3,11547.0,672075
1563162300000,11583.95,11599.9,11546.65,11555.05,1519200
1563165900000,11555.1,11567.45,11515.0,11534.35,1130250
1563169500000,11533.15,11547.0,11527.55,11533.4,525975
1563173100000,11533.3,11567.35,11520.9,11561.0,962100
1563176700000,11560.0,11569.35,11537.05,11546.55,596775
1563180300000,11545.2,11587.7,11545.0,11576.2,1265775
1563183900000,11576.3,11587.7,11575.0,11585.0,509175
1563248700000,11585.25,11642.0,11570.1,11625.55,2918925
1563252300000,11625.7,11633.75,11619.75,11630.0,509325
1563255900000,11632.0,11646.35,11625.5,11638.0,557775
1563259500000,11637.95,11641.35,11618.0,11631.6,550650
1563263100000,11632.0,11664.25,11610.05,11663.95,1278375
1563266700000,11663.0,11672.15,11645.8,11662.7,1681575
1563270300000,11662.7,11662.9,11656.45,11659.8,618075
1563335100000,11648.3,11678.95,11643.2,11675.45,1623300
1563338700000,11674.15,11689.0,11669.0,11684.7,704400
1563342300000,11684.7,11693.55,11676.0,11679.45,548175
1563345900000,11679.95,11683.5,11655.1,11658.2,528900
1563349500000,11659.9,11673.6,11648.3,11661.2,780675
1563353100000,11662.25,11683.55,11658.0,11677.6,867900
1563356700000,11678.45,11680.0,11672.15,11678.35,466500
1563421500000,11642.1,11665.3,11630.2,11655.75,1864500
1563425100000,11655.75,11665.0,11642.2,11646.0,568275
1563428700000,11644.8,11649.8,11636.95,11645.5,481575
1563432300000,11645.4,11648.65,11614.95,11637.6,987225
1563435900000,11637.6,11655.0,11624.5,11632.05,970275
1563439500000,11632.0,11654.0,11591.5,11598.45,1928400
1563443100000,11598.25,11608.8,11590.1,11604.6,844800
1563507900000,11635.05,11643.45,11510.1,11510.1,3158475
1563511500000,11512.0,11531.0,11483.0,11487.95,1710600
1563515100000,11489.0,11496.0,11460.6,11473.45,1492125
1563518700000,11473.85,11479.1,11439.0,11444.95,1295025
1563522300000,11445.0,11447.4,11421.0,11425.85,1477650
1563525900000,11425.85,11444.0,11402.0,11417.15,1908000
1563529500000,11419.0,11437.1,11416.55,11433.95,972750
1563767100000,11407.75,11407.75,11317.0,11350.8,3625575
1563770700000,11352.55,11384.8,11348.35,11357.0,1460175
1563774300000,11356.35,11357.8,11327.05,11339.0,958275
1563777900000,11338.0,11347.9,11313.4,11322.05,1530750
1563781500000,11323.15,11369.2,11311.55,11361.0,1457850
1563785100000,11362.9,11377.9,11318.25,11369.5,2014125
1563788700000,11369.4,11370.7,11350.4,11352.0,676875
1563853500000,11368.95,11369.0,11326.0,11362.35,2548050
1563857100000,11363.0,11367.8,11342.25,11350.6,1352100
1563860700000,11352.75,11358.35,11343.3,11353.15,909975
1563864300000,11353.15,11374.3,11344.9,11355.0,1400175
1563867900000,11354.95,11403.4,11352.85,11396.0,1950150
1563871500000,11395.35,11406.4,11305.65,11330.0,2799900
1563875100000,11330.0,11344.0,11328.05,11337.75,511125
1563939900000,11319.95,11355.9,11247.6,11257.35,3111450
1563943500000,11255.9,11265.0,11226.9,11234.1,1900200
1563947100000,11235.8,11258.9,11230.8,11250.0,1124850
1563950700000,11250.15,11269.0,11235.15,11260.5,1653825
1563954300000,11260.05,11296.1,11260.05,11290.7,1946325
1563957900000,11290.5,11291.95,11242.0,11273.0,2064825
1563961500000,11273.0,11284.0,11272.65,11279.0,655575
1564026300000,11290.05,11354.85,11272.3,11335.1,2995275
1564029900000,11335.1,11339.95,11295.15,11313.55,1926375
1564033500000,11314.45,11314.75,11253.0,11256.95,1772550
1564037100000,11255.0,11272.45,11241.55,11251.05,1277625
1564040700000,11251.0,11280.0,11235.65,11261.7,2493975
1564044300000,11264.6,11300.25,11230.05,11248.0,3151275
1564047900000,11248.0,11252.6,11247.2,11252.0,1200600
1564112700000,11300.15,11303.75,11247.15,11271.05,2460525
1564116300000,11271.85,11328.0,11262.5,11312.55,1330950
1564119900000,11312.05,11345.0,11307.5,11328.45,1235700
1564123500000,11328.4,11331.25,11300.55,11324.2,698775
1564127100000,11323.45,11330.0,11285.2,11315.7,1100625
1564130700000,11315.7,11329.9,11303.8,11324.65,1144200
1564134300000,11323.2,11338.95,11322.1,11335.65,762150
1564371900000,11310.0,11325.0,11260.0,11266.2,2034675
1564375500000,11266.2,11269.9,11251.3,11261.2,815850
1564379100000,11260.0,11260.9,11175.25,11195.55,2005425
1564382700000,11194.95,11210.8,11180.0,11205.3,1181175
1564386300000,11205.3,11239.0,11202.0,11220.75,1337400
1564389900000,11222.0,11227.95,11186.15,11213.2,1324425
1564393500000,11211.0,11225.4,11207.55,11224.95,879000
1564458300000,11250.0,11289.95,11220.0,11256.35,2286600
1564461900000,11254.05,11256.45,11228.0,11230.15,1352025
1564465500000,11230.0,11230.45,11176.0,11230.0,2269500
1564469100000,11229.0,11239.8,11207.55,11215.3,743025
1564472700000,11215.0,11227.7,11193.6,11194.45,824250
1564476300000,11195.3,11195.95,11080.0,11095.3,4028625
1564479900000,11095.95,11106.55,11084.65,11101.7,1024125
1564544700000,11058.55,11102.0,11041.6,11070.55,3292575
1564548300000,11068.5,11080.0,11031.5,11072.9,1878150
1564551900000,11072.55,11120.0,11067.0,11097.0,2291475
1564555500000,11098.0,11119.8,11080.5,11117.9,1072050
1564559100000,11118.4,11131.9,11079.7,11102.2,1602375
1564562700000,11101.8,11165.0,11101.05,11144.0,2789775
1564566300000,11143.1,11145.0,11125.95,11128.0,765450
1564631100000,11098.4,11098.4,11051.0,11058.0,2796075
1564634700000,11059.4,11062.1,11005.2,11013.45,2188050
1564638300000,11012.45,11032.0,10991.0,11002.35,1585800
1564641900000,11002.95,11028.4,10991.85,10995.9,1269225
1564645500000,10995.0,11014.9,10962.75,10989.9,1830900
1564649100000,10989.45,11045.35,10901.1,11045.35,4109400
1564652700000,11045.45,11047.45,11019.1,11027.0,1210575
1564717500000,10940.0,10967.9,10895.25,10911.0,3281775
1564721100000,10913.0,10933.0,10886.05,10925.0,1554750
1564724700000,10925.75,10994.0,10920.0,10976.65,2481375
1564728300000,10976.0,10992.4,10930.7,10948.15,1501125
1564731900000,10948.45,11089.0,10927.75,11089.0,4040775
1564735500000,11087.6,11125.4,10991.0,11035.0,3729600
1564739100000,11035.05,11041.0,11016.95,11020.1,903525
1564976700000,10922.0,10922.05,10818.0,10851.5,4744050
1564980300000,10851.3,10868.25,10810.25,10839.0,1699650
1564983900000,10839.95,10898.9,10806.9,10885.0,2430150
1564987500000,10885.5,10924.9,10858.9,10887.55,2031750
1564991100000,10887.4,10908.95,10844.8,10878.55,1699575
1564994700000,10878.55,10897.3,10858.4,10894.95,1579350
1564998300000,10894.4,10913.6,10893.35,10896.0,950175
1565063100000,10835.5,10959.65,10831.2,10936.55,3243075
1565066700000,10936.9,10945.95,10905.4,10919.45,2449800
1565070300000,10919.95,10948.85,10919.5,10943.05,801525
1565073900000,10943.05,10989.8,10940.0,10973.65,1717800
1565077500000,10974.95,11027.85,10952.85,11023.55,2131275
1565081100000,11025.0,11054.0,10964.0,10982.6,2756925
1565084700000,10983.2,10985.1,10961.0,10963.4,968625
1565149500000,10950.0,10983.5,10925.0,10959.65,2693250
1565153100000,10960.05,10967.6,10935.6,10961.75,1118025
1565156700000,10962.65,10993.95,10894.55,10956.75,2988975
1565160300000,10956.9,10973.7,10930.05,10962.45,1244700
1565163900000,10962.7,10962.7,10881.6,10930.95,2298750
1565167500000,10931.6,10943.9,10865.5,10878.95,1779075
1565171100000,10879.0,10880.0,10862.1,10863.1,999750
1565235900000,10896.9,10928.0,10866.55,10898.1,2354175
1565239500000,10897.85,10931.0,10896.3,10902.3,1265925
1565243100000,10901.1,10916.05,10882.75,10903.0,846450
1565246700000,10902.25,10920.0,10881.35,10894.6,705825
1565250300000,10895.0,10948.9,10890.15,10927.0,1704375
1565253900000,10924.25,11059.35,10913.1,11045.0,5242650
1565257500000,11044.4,11088.0,11044.4,11073.0,1861800
1565322300000,11108.0,11128.9,11068.25,11116.95,2983350
1565325900000,11116.0,11148.0,11111.55,11145.0,1567800
1565329500000,11145.1,11169.45,11129.15,11166.05,1176900
1565333100000,11167.0,11186.8,11150.2,11171.05,1499400
1565336700000,11170.2,11179.75,11116.0,11128.15,1890525
1565340300000,11128.5,11163.0,11101.5,11128.0,2202075
1565343900000,11127.05,11131.7,11118.75,11119.0,729900
1565667900000,11129.0,11145.05,11046.25,11071.45,2595225
1565671500000,11072.95,11134.0,11072.2,11102.35,1482375
1565675100000,11101.65,11101.65,11062.05,11076.9,954300
1565678700000,11076.35,11084.0,11050.7,11051.0,877350
1565682300000,11048.0,11050.0,11002.05,11026.0,1935300
1565685900000,11026.0,11027.0,10916.3,10938.3,3167700
1565689500000,10938.15,10939.0,10910.0,10917.9,990525
1565754300000,10999.1,10999.1,10935.65,10965.5,2398125
1565757900000,10967.25,11062.65,10966.6,11040.15,3141525
1565761500000,11042.75,11070.3,11013.95,11020.0,1595700
1565765100000,11019.0,11065.0,11017.0,11055.7,1121925
1565768700000,11055.65,11099.95,11035.4,11079.25,1850400
1565772300000,11077.0,11078.9,11022.45,11037.95,1853700
1565775900000,11039.75,11040.0,11007.6,11017.0,1002825
1565927100000,10960.0,10994.0,10926.05,10968.0,3484425
1565930700000,10966.4,11032.8,10966.1,11026.55,1552650
1565934300000,11027.1,11066.65,11016.7,11052.3,1942650
1565937900000,11054.1,11091.25,11026.05,11076.85,1657500
1565941500000,11075.65,11094.0,11039.2,11070.15,1892400
1565945100000,11069.75,11084.0,11051.6,11066.65,1313850
1565948700000,11066.3,11069.0,11055.0,11058.5,724575
1566186300000,11082.9,11124.5,11065.1,11113.95,2468775
1566189900000,11113.0,11139.9,11113.0,11120.05,1737075
1566193500000,11119.4,11144.8,11119.35,11139.2,818925
1566197100000,11139.2,11151.65,11130.0,11138.0,749850
1566200700000,11137.35,11144.7,11084.15,11103.3,1884675
1566204300000,11103.3,11106.9,11032.0,11058.6,2353875
1566207900000,11058.55,11065.6,11050.1,11062.0,593100
1566272700000,11059.9,11078.1,10989.95,11002.9,3087750
1566276300000,11003.3,11029.5,10994.05,11017.05,900825
1566279900000,11017.5,11021.9,10991.5,11004.45,728325
1566283500000,11004.0,11006.95,10977.5,11000.5,1002750
1566287100000,11000.35,11083.5,10997.15,11062.25,2867100
1566290700000,11062.9,11063.95,10988.0,11026.35,2240475
1566294300000,11027.0,11041.75,11014.0,11037.0,815100
1566359100000,11013.5,11039.75,10988.25,11022.3,2151675
1566362700000,11023.4,11029.5,11000.0,11003.0,736125
1566366300000,11003.0,11013.25,10945.55,10962.55,2025900
1566369900000,10962.4,10983.75,10952.5,10968.6,985650
1566373500000,10969.0,10978.65,10923.35,10931.0,1508925
1566377100000,10930.95,10950.5,10901.6,10930.8,2166375
1566380700000,10932.0,10936.8,10924.55,10936.45,852000
1566445500000,10910.4,10917.85,10866.65,10873.15,2370075
1566449100000,10873.15,10879.4,10832.85,10838.4,1786200
1566452700000,10839.0,10858.1,10816.6,10852.5,1190475
1566456300000,10851.35,10884.9,10831.25,10855.35,1416600
1566459900000,10854.25,10868.0,10767.6,10795.0,2337975
1566463500000,10794.95,10820.95,10722.15,10740.2,2877525
1566467100000,10741.85,10747.75,10708.8,10732.0,1491375
1566531900000,10706.9,10745.0,10646.75,10734.55,4047450
1566535500000,10734.05,10807.0,10724.7,10752.75,2636475
1566539100000,10752.05,10784.0,10743.25,10765.8,1157550
1566542700000,10764.4,10819.0,10764.4,10811.05,1458525
1566546300000,10810.7,10879.9,10810.0,10849.45,3293475
1566549900000,10850.5,10862.8,10813.05,10842.6,2446650
1566553500000,10842.6,10856.6,10833.1,10855.0,1024950
1566791100000,10948.4,10977.5,10745.0,10788.35,5584500
1566794700000,10785.85,10872.4,10785.2,10856.0,3250125
1566798300000,10857.0,10934.4,10847.25,10923.1,2847150
1566801900000,10923.05,10995.05,10921.2,10988.65,3290550
1566805500000,10988.65,11039.0,10975.1,11036.7,2636100
1566809100000,11036.7,11072.35,11015.35,11057.25,2731350
1566812700000,11056.65,11067.5,11041.0,11045.0,957075
1566877500000,11090.0,11109.9,11034.0,11099.9,3856500
1566881100000,11100.25,11119.7,11079.5,11097.55,1882350
1566884700000,11096.65,11116.3,11080.15,11107.55,1206075
1566888300000,11108.65,11130.15,11085.05,11095.0,1859400
1566891900000,11095.5,11110.05,11061.0,11081.6,1982175
1566895500000,11081.6,11132.95,11068.45,11108.25,2672625
1566899100000,11109.9,11119.0,11105.55,11117.7,835275
1566963900000,11102.7,11132.0,11045.05,11064.0,3369750
1566967500000,11062.9,11085.3,11048.05,11084.25,1667250
1566971100000,11083.75,11089.0,11035.05,11054.2,1696950
1566974700000,11053.0,11064.0,11024.35,11027.95,1593675
1566978300000,11027.35,11038.45,10983.25,10986.85,2387850
1566981900000,10987.3,11068.0,10984.0,11044.65,2841600
1566985500000,11044.65,11053.0,11038.5,11052.65,769275
1567050300000,10805.55,11019.0,10805.55,10991.65,2840325
1567053900000,10991.8,10993.75,10951.0,10968.7,2708400
1567057500000,10967.95,10973.95,10934.55,10936.15,2388750
1567061100000,10936.55,10982.0,10916.4,10970.0,2565375
1567064700000,10971.45,11012.0,10942.5,11001.65,2705025
1567068300000,11001.65,11012.15,10931.05,10936.2,4295025
1567071900000,10936.85,10949.75,10934.6,10947.3,2022525
1567136700000,11006.9,11074.6,10991.95,11010.0,3160500
1567140300000,11009.0,11013.0,10938.0,10953.9,2767725
1567143900000,10953.95,10959.3,10890.0,10926.8,2469900
1567147500000,10926.0,10969.95,10916.5,10962.8,1378125
1567151100000,10962.1,11028.0,10923.0,11015.0,2945550
1567154700000,11015.15,11058.2,10986.2,11056.0,2659125
1567158300000,11056.0,11077.0,11056.0,11068.0,1403175
1567482300000,10936.9,10970.0,10913.0,10941.15,4048950
1567485900000,10941.15,10943.7,10908.1,10928.45,1539150
1567489500000,10928.45,10943.45,10915.0,10920.0,769275
1567493100000,10920.95,10929.35,10893.1,10918.5,1465125
1567496700000,10917.0,10928.0,10864.05,10875.2,2008050
1567500300000,10877.6,10910.6,10842.25,10845.8,2657475
1567503900000,10846.05,10847.3,10813.45,10814.95,1495725
1567568700000,10829.0,10860.0,10798.45,10841.8,3684225
1567572300000,10840.55,10847.7,10785.15,10800.0,1958925
1567575900000,10800.0,10870.0,10796.4,10845.0,2546100
1567579500000,10846.75,10884.6,10830.8,10880.85,1808025
1567583100000,10880.95,10899.0,10871.1,10882.0,1717275
1567586700000,10882.15,10904.75,10842.95,10896.1,2219250
1567590300000,10897.45,10897.45,10870.35,10879.6,753600
1567655100000,10881.4,10948.8,10879.8,10941.15,2963625
1567658700000,10941.95,10960.1,10921.0,10927.15,1592775
1567662300000,10926.1,10933.0,10847.9,10860.6,2782650
1567665900000,10860.5,10888.9,10843.3,10886.25,1808025
1567669500000,10887.0,10894.0,10856.0,10865.95,1202025
1567673100000,10866.0,10898.0,10861.0,10884.0,1674975
1567676700000,10884.65,10890.0,10873.3,10873.65,956625
1567741500000,10900.0,10951.05,10900.0,10928.05,2959950
1567745100000,10928.0,10943.9,10908.65,10936.5,1207500
1567748700000,10936.55,10957.95,10925.55,10951.95,1047375
1567752300000,10953.0,10979.7,10936.3,10970.85,1390425
1567755900000,10970.85,10978.0,10950.3,10957.6,1069650
1567759500000,10960.0,10984.0,10945.0,10977.95,1647450
1567763100000,10978.1,10981.0,10967.7,10968.0,871725
1568000700000,10949.4,11029.0,10915.95,11019.3,2987550
1568004300000,11021.35,11048.75,11015.35,11037.15,1749000
1568007900000,11038.0,11047.95,11023.0,11036.5,924300
1568011500000,11037.0,11058.0,11027.0,11048.85,775200
1568015100000,11049.0,11054.15,10986.55,11016.45,1641525
1568018700000,11018.3,11036.5,11002.1,11025.0,1133400
1568022300000,11023.95,11028.0,11022.1,11025.75,777825
1568173500000,11026.9,11069.05,11026.85,11054.85,2280675
1568177100000,11054.3,11076.0,11054.0,11067.6,911625
1568180700000,11067.9,11085.0,11062.1,11066.05,887100
1568184300000,11066.25,11073.65,11048.2,11069.9,1003275
1568187900000,11069.7,11088.45,11054.3,11078.05,789600
1568191500000,11077.95,11084.65,11059.35,11065.75,1230150
1568195100000,11065.6,11065.6,11045.0,11046.7,818475
1568259900000,11077.15,11098.85,11077.0,11084.85,2095125
1568263500000,11083.4,11086.0,11052.15,11053.0,1399425
1568267100000,11053.0,11062.9,11031.6,11061.75,1581450
1568270700000,11061.7,11069.2,11049.0,11053.9,768225
1568274300000,11054.0,11061.5,11011.25,11033.3,1772925
1568277900000,11032.75,11036.45,10982.0,10992.3,2397075
1568281500000,10993.0,11000.9,10988.0,10990.7,1014600
1568346300000,10990.0,11034.0,10962.15,10973.0,3104850
1568349900000,10974.0,11001.9,10965.0,10985.5,885300
1568353500000,10985.3,11018.35,10980.0,11000.85,794925
1568357100000,11002.3,11011.75,10978.05,10999.4,774600
1568360700000,10998.0,11060.0,10996.5,11054.25,2068800
1568364300000,11053.25,11118.0,11052.2,11107.45,2540100
1568367900000,11109.0,11113.5,11104.35,11111.5,883350
1568605500000,11006.4,11052.1,11001.0,11045.0,3516000
1568609100000,11046.45,11078.9,11022.0,11069.7,1714200
1568612700000,11069.75,11076.3,11042.1,11049.0,896625
1568616300000,11048.9,11052.85,10987.05,10998.85,2182200
1568619900000,10998.65,11027.0,10982.4,11007.4,1483425
1568623500000,11007.1,11039.85,10996.45,11017.0,1449150
1568627100000,11017.85,11020.1,11010.95,11011.35,789750
1568691900000,10991.95,11005.85,10946.15,10952.0,3203625
1568695500000,10949.3,10964.0,10926.05,10943.9,1935900
1568699100000,10943.9,10947.0,10912.0,10922.25,1238025
1568702700000,10921.75,10937.85,10905.05,10906.05,1227075
1568706300000,10906.8,10911.9,10820.5,10825.15,3198000
1568709900000,10825.0,10846.65,10807.85,10822.8,2677800
1568713500000,10822.8,10844.3,10822.65,10838.1,1030500
1568778300000,10889.85,10896.2,10826.1,10838.7,3536925
1568781900000,10838.65,10867.4,10832.0,10841.1,1156650
1568785500000,10842.0,10863.9,10838.2,10846.7,904575
1568789100000,10847.15,10891.45,10843.6,10889.0,1414200
1568792700000,10889.0,10899.95,10846.3,10875.6,1587375
1568796300000,10875.65,10891.9,10838.1,10848.35,1734525
1568799900000,10850.6,10866.8,10839.15,10865.0,798450
1568864700000,10831.9,10841.9,10765.65,10772.6,2772900
1568868300000,10772.0,10775.0,10742.5,10755.9,1725375
1568871900000,10756.0,10772.8,10748.0,10748.0,965775
1568875500000,10748.0,10756.95,10712.4,10712.95,1642350
1568879100000,10712.4,10737.8,10691.55,10710.1,1647150
1568882700000,10710.1,10723.45,10678.6,10716.15,2130375
1568886300000,10716.1,10719.0,10702.05,10708.5,1050300
1568951100000,10737.7,10752.0,10705.0,10721.6,2429850
1568954700000,10721.5,11096.85,10721.1,11065.95,11076450
1568958300000,11068.3,11281.9,11054.0,11265.0,8994150
1568961900000,11264.55,11278.0,11193.85,11252.65,4253475
1568965500000,11252.65,11373.7,11244.75,11368.45,3996225
1568969100000,11368.45,11405.9,11254.0,11303.9,4970250
1568972700000,11302.5,11308.4,11279.5,11305.15,1321725
1569210300000,11499.9,11564.85,11441.0,11495.0,7714050
1569213900000,11494.9,11589.0,11477.3,11586.65,2898975
1569217500000,11588.85,11644.0,11581.1,11614.6,2589600
1569221100000,11612.7,11682.4,11612.7,11621.8,2475675
1569224700000,11620.4,11628.9,11572.1,11585.0,2242050
1569228300000,11585.8,11626.3,11567.0,11601.35,2092950
1569231900000,11600.05,11624.8,11599.3,11601.6,540525
1569296700000,11632.65,11660.0,11575.5,11629.1,3517650
1569300300000,11630.5,11637.85,11575.0,11580.9,2236200
1569303900000,11580.55,11603.55,11557.6,11585.05,2016525
1569307500000,11586.05,11620.5,11582.1,11600.0,2330925
1569311100000,11598.0,11604.9,11563.0,11588.1,1471875
1569314700000,11589.1,11655.4,11575.45,11607.4,2733525
1569318300000,11607.35,11617.7,11601.05,11616.8,594450
1569383100000,11596.45,11596.45,11511.9,11533.1,3617400
1569386700000,11533.0,11534.0,11494.3,11510.1,2284725
1569390300000,11510.1,11513.4,11490.5,11500.5,1260000
1569393900000,11499.05,11538.65,11498.05,11509.6,2670525
1569397500000,11510.0,11514.0,11456.1,11462.65,2533125
1569401100000,11462.2,11480.0,11442.4,11475.5,2560875
1569404700000,11475.0,11475.0,11461.15,11461.9,743025
1569469500000,11504.65,11583.65,11487.35,11565.8,3324450
1569473100000,11565.8,11631.55,11561.75,11570.6,2522175
1569476700000,11571.5,11597.25,11516.1,11518.1,1799625
1569480300000,11519.45,11566.0,11501.2,11546.8,2000925
1569483900000,11546.8,11565.4,11523.0,11556.0,1247250
1569487500000,11556.0,11620.0,11554.0,11571.7,3406275
1569491100000,11571.4,11574.0,11567.05,11572.9,1246350
1569555900000,11599.0,11646.4,11577.75,11598.5,2875125
1569559500000,11598.75,11609.0,11570.25,11574.9,1119525
1569563100000,11573.85,11613.15,11565.75,11600.0,1056825
1569566700000,11600.8,11622.0,11590.8,11606.4,759150
1569570300000,11607.55,11639.8,11601.1,11611.95,1251975
1569573900000,11611.0,11612.8,11567.0,11575.8,1510575
1569577500000,11575.75,11586.45,11571.5,11580.1,767175
1569815100000,11549.0,11559.8,11477.05,11479.25,2924025
1569818700000,11479.35,11493.6,11470.1,11485.45,1404000
1569822300000,11485.0,11505.0,11476.6,11481.65,1013700
1569825900000,11480.0,11486.0,11445.0,11478.3,1658775
1569829500000,11478.85,11496.0,11471.15,11488.05,916425
1569833100000,11487.05,11579.5,11480.1,11527.35,3172875
1569836700000,11527.75,11543.25,11524.2,11543.25,654150
1569901500000,11564.0,11607.5,11472.1,11510.95,4225125
1569905100000,11511.0,11595.0,11498.0,11574.0,2181450
1569908700000,11574.65,11584.25,11542.8,11545.65,832350
1569912300000,11545.0,11563.9,11515.0,11539.05,1070175
1569915900000,11536.75,11538.1,11327.0,11328.45,4752900
1569919500000,11327.75,11449.0,11310.2,11405.0,4577100
1569923100000,11405.0,11445.0,11405.0,11436.5,945150
1570074300000,11353.4,11403.0,11312.3,11368.05,3528225
1570077900000,11367.3,11390.8,11340.75,11384.0,1162500
1570081500000,11384.55,11399.9,11356.25,11394.05,999750
1570085100000,11394.25,11418.0,11360.0,11360.2,1419450
1570088700000,11360.0,11377.0,11313.55,11361.15,1942650
1570092300000,11361.55,11373.0,11335.8,11359.35,1084425
1570095900000,11359.05,11366.7,11359.05,11361.9,615600
1570160700000,11419.8,11430.0,11389.3,11402.1,1882650
1570164300000,11401.45,11417.4,11390.0,11406.0,631350
1570167900000,11406.0,11420.05,11285.55,11310.0,3066525
1570171500000,11309.0,11370.0,11266.85,11293.05,2578950
1570175100000,11293.6,11312.95,11218.5,11254.55,2893125
1570178700000,11255.05,11278.0,11205.5,11215.5,2113200
1570182300000,11215.5,11217.25,11201.05,11201.2,1252575
1570419900000,11224.85,11260.0,11156.9,11251.8,3604050
1570423500000,11250.0,11262.0,11193.6,11227.25,1297275
1570427100000,11227.25,11250.0,11214.0,11249.0,775575
1570430700000,11248.2,11254.9,11226.85,11232.65,595050
1570434300000,11234.0,11246.0,11196.9,11209.65,804750
1570437900000,11206.0,11235.0,11151.0,11152.25,1887975
1570441500000,11153.0,11164.55,11148.0,11151.0,719700
1570592700000,11137.4,11173.85,11122.0,11130.1,2237475
1570596300000,11130.1,11169.2,11113.75,11140.65,1473900
1570599900000,11142.0,11258.8,11141.35,11225.0,2767875
1570603500000,11225.05,11270.0,11216.15,11265.55,1581375
1570607100000,11265.0,11289.0,11254.6,11270.55,1549200
1570610700000,11271.05,11354.5,11270.5,11342.75,2807775
1570614300000,11344.0,11363.0,11339.0,11363.0,961500
1570679100000,11276.9,11313.95,11267.05,11300.9,2760975
1570682700000,11299.0,11312.05,11277.25,11281.0,1003725
1570686300000,11280.0,11280.35,11240.15,11248.05,1797750
1570689900000,11249.55,11285.1,11215.0,11234.1,1542900
1570693500000,11235.65,11265.5,11221.0,11243.9,1106550
1570697100000,11243.75,11270.0,11227.65,11254.0,1279500
1570700700000,11254.0,11265.9,11250.8,11258.75,645525
1570765500000,11289.65,11385.0,11285.1,11362.15,3360525
1570769100000,11361.45,11366.35,11185.85,11252.45,4174800
1570772700000,11251.55,11288.95,11228.05,11248.0,1356750
1570776300000,11248.0,11287.8,11241.9,11272.95,1063125
1570779900000,11275.0,11364.85,11255.1,11330.25,2450250
1570783500000,11330.5,11341.7,11276.55,11316.0,1756725
1570787100000,11317.25,11318.0,11301.0,11318.0,606750
1571024700000,11331.0,11359.0,11293.15,11342.5,2550900
1571028300000,11342.7,11398.0,11338.85,11382.1,1866900
1571031900000,11382.15,11389.45,11367.35,11383.75,718875
1571035500000,11383.0,11393.5,11354.0,11365.35,883425
1571039100000,11365.15,11427.95,11365.15,11411.35,1630275
1571042700000,11412.0,11433.95,11317.15,11317.15,2906625
1571046300000,11319.4,11335.2,11308.55,11331.0,797025
1571111100000,11365.2,11413.0,11350.0,11398.1,2515200
1571114700000,11399.5,11417.0,11384.8,11407.0,1143750
1571118300000,11407.0,11425.0,11400.65,11421.5,988650
1571121900000,11421.5,11432.8,11388.4,11410.0,1171875
1571125500000,11408.0,11457.7,11395.65,11448.3,1742925
1571129100000,11448.0,11473.45,11432.0,11437.0,1987725
1571132700000,11437.2,11445.0,11436.0,11440.15,693075
1571197500000,11458.4,11484.9,11427.25,11440.0,2793750
1571201100000,11440.0,11468.05,11440.0,11454.0,776175
1571204700000,11454.0,11472.85,11449.05,11461.8,690375
1571208300000,11461.8,11471.75,11435.5,11441.75,944625
1571211900000,11442.7,11466.25,11420.1,11452.25,1475925
1571215500000,11452.45,11482.1,11443.1,11479.1,1302225
1571219100000,11478.5,11484.4,11472.2,11483.15,723075
1571283900000,11480.45,11496.7,11463.4,11482.8,1785975
1571287500000,11483.0,11493.6,11470.0,11477.0,893175
1571291100000,11476.5,11494.05,11458.0,11486.0,1192050
1571294700000,11487.0,11543.0,11482.05,11541.6,1726800
1571298300000,11541.6,11579.9,11531.0,11572.0,1933650
1571301900000,11571.45,11619.0,11560.95,11607.95,2098275
1571305500000,11607.55,11607.7,11590.2,11594.9,1203750
1571370300000,11569.2,11639.0,11551.05,11615.8,2483175
1571373900000,11615.35,11647.7,11610.45,11630.0,1053150
1571377500000,11628.5,11655.5,11624.0,11649.0,942075
1571381100000,11649.0,11659.5,11632.8,11651.05,771975
1571384700000,11650.0,11684.5,11641.1,11681.05,1215075
1571388300000,11681.0,11695.65,11643.0,11671.1,1652325
1571391900000,11671.0,11673.95,11664.0,11670.35,772275
1571715900000,11647.55,11692.8,11641.05,11667.0,2535300
1571719500000,11666.5,11675.0,11645.2,11653.65,1079925
1571723100000,11653.75,11705.0,11650.0,11696.6,1217025
1571726700000,11696.65,11715.0,11663.05,11673.8,1314000
1571730300000,11673.8,11686.2,11611.1,11628.6,2259225
1571733900000,11628.7,11654.8,11604.25,11620.75,1660125
1571737500000,11620.0,11632.4,11615.1,11623.35,703650
1571802300000,11610.25,11669.15,11575.0,11653.45,2715075
1571805900000,11652.1,11677.0,11643.1,11666.0,1468200
1571809500000,11666.0,11684.4,11660.95,11674.0,773250
1571813100000,11675.0,11675.0,11635.75,11650.9,873825
1571816700000,11651.4,11678.9,11632.35,11646.15,916275
1571820300000,11644.2,11652.8,11588.0,11622.9,1933425
1571823900000,11622.9,11633.95,11622.1,11630.2,565575
1571888700000,11669.65,11689.0,11610.0,11631.0,2340750
1571892300000,11630.95,11640.0,11580.0,11587.5,1527525
1571895900000,11587.75,11627.15,11583.95,11625.35,924900
1571899500000,11624.1,11643.2,11597.0,11597.85,1133475
1571903100000,11598.35,11605.8,11557.25,11576.55,2056050
1571906700000,11575.05,11628.75,11558.0,11606.35,1780800
1571910300000,11606.0,11617.0,11603.75,11614.95,605175
1571975100000,11616.4,11639.7,11578.1,11599.3,2093775
1571978700000,11600.65,11608.8,11571.0,11597.35,998925
1571982300000,11595.95,11604.0,11582.0,11589.0,497250
1571985900000,11589.6,11591.45,11506.0,11507.2,1996050
1571989500000,11508.45,11554.0,11502.6,11548.3,1710225
1571993100000,11546.85,11640.0,11536.25,11606.85,2986350
1571996700000,11605.85,11609.9,11598.65,11604.5,531675
1572179400000,11675.0,11675.0,11615.0,11623.0,1086600
1572183000000,11623.9,11631.95,11614.05,11630.0,341550
1572320700000,11670.65,11722.15,11637.05,11707.45,3454425
1572324300000,11706.95,11764.05,11705.25,11754.1,2241525
1572327900000,11755.0,11781.3,11754.1,11775.85,1979625
1572331500000,11775.65,11799.5,11768.25,11797.0,1290975
1572335100000,11798.0,11823.9,11796.1,11811.8,2192025
1572338700000,11812.0,11822.05,11785.0,11795.8,1500525
1572342300000,11794.25,11804.9,11790.0,11797.1,792375
1572407100000,11852.3,11852.3,11785.25,11830.0,3007800
1572410700000,11830.05,11856.4,11820.1,11824.3,2257350
1572414300000,11824.3,11855.55,11816.65,11853.0,1659225
1572417900000,11852.3,11863.0,11834.95,11852.7,1508925
1572421500000,11853.0,11877.6,11840.3,11849.55,1844925
1572425100000,11849.0,11851.9,11808.55,11834.35,2241300
1572428700000,11834.15,11853.9,11832.35,11853.9,734550
1572493500000,11880.05,11908.9,11874.0,11903.0,1809600
1572497100000,11903.95,11923.0,11891.2,11917.05,1617000
1572500700000,11917.7,11917.95,11891.45,11903.0,1817175
1572504300000,11903.0,11925.7,11898.05,11919.5,1282875
1572507900000,11919.95,11936.35,11895.65,11928.65,1585800
1572511500000,11928.65,11947.4,11858.25,11887.95,3072675
1572515100000,11887.8,11887.8,11877.0,11879.05,480150
1572579900000,11925.0,11939.95,11897.1,11908.25,1847625
1572583500000,11908.2,11914.4,11878.0,11903.0,1348425
1572587100000,11903.0,11923.0,11892.45,11918.9,554775
1572590700000,11919.4,11929.95,11892.9,11899.85,909300
1572594300000,11899.85,11929.9,11894.25,11920.5,739200
1572597900000,11920.3,11944.9,11895.05,11921.45,1230375
1572601500000,11922.9,11938.5,11921.1,11935.0,631575
1572839100000,11959.95,11996.5,11950.3,11986.85,1687950
1572842700000,11986.45,12010.0,11981.0,12006.05,885300
1572846300000,12006.1,12012.8,11936.15,11952.05,2052300
1572849900000,11951.45,11967.85,11942.45,11957.9,697050
1572853500000,11957.65,11973.8,11945.0,11971.05,617925
1572857100000,11971.0,11984.95,11961.55,11973.2,1233150
1572860700000,11972.95,11988.95,11972.6,11987.35,698775
1572925500000,11980.2,11996.75,11951.1,11974.15,1396200
1572929100000,11974.75,11985.0,11967.55,11971.9,708000
1572932700000,11971.35,11974.0,11922.0,11932.15,1368000
1572936300000,11932.15,11945.0,11906.85,11913.55,1038525
1572939900000,11912.9,11952.35,11901.0,11946.2,1223400
1572943500000,11946.2,11965.0,11931.0,11954.0,1155000
1572947100000,11954.0,11963.65,11950.0,11958.05,555075
1573011900000,11941.0,11943.4,11890.0,11896.9,1706925
1573015500000,11897.35,11907.55,11885.1,11899.05,662850
1573019100000,11899.0,12019.8,11898.0,12005.8,3138525
1573022700000,12005.2,12018.0,11991.0,12007.0,898875
1573026300000,12007.0,12046.95,12004.35,12032.85,1744050
1573029900000,12032.25,12049.9,12003.4,12006.45,1555500
1573033500000,12007.0,12009.0,11996.95,12004.05,684075
1573098300000,12029.05,12043.5,11999.0,12001.2,1878150
1573101900000,12001.6,12013.0,11978.1,12000.0,1043775
1573105500000,12000.85,12012.25,11987.0,12006.8,676875
1573109100000,12007.0,12047.4,11972.3,12029.8,1945350
1573112700000,12030.55,12056.0,12020.4,12040.55,1048950
1573116300000,12041.55,12051.4,12021.2,12048.0,1187100
1573119900000,12047.0,12058.0,12043.0,12055.0,696075
1573184700000,12002.9,12015.0,11986.0,12000.85,2220750
1573188300000,12000.15,12009.0,11963.55,11975.55,1472025
1573191900000,11976.55,12019.0,11975.45,12005.3,900600
1573195500000,12007.3,12064.9,12002.9,12053.05,1751325
1573199100000,12052.85,12069.0,11971.7,11998.0,2076150
1573202700000,11996.95,12017.9,11941.25,11947.0,2290500
1573206300000,11946.2,11948.0,11933.35,11937.55,1278525
1573443900000,11908.4,11931.95,11882.0,11922.0,2087925
1573447500000,11922.55,11924.0,11894.1,11905.0,608175
1573451100000,11904.5,11923.35,11866.0,11883.5,1251600
1573454700000,11883.05,11914.95,11875.0,11892.9,720375
1573458300000,11893.7,11918.3,11880.15,11902.25,819075
1573461900000,11901.25,11953.4,11882.7,11953.35,1565250
1573465500000,11954.3,11968.35,11940.0,11946.0,849900
1573616700000,11919.95,11956.75,11908.0,11934.6,2038350
1573620300000,11936.0,11941.1,11908.0,11921.8,881100
1573623900000,11921.9,11932.0,11910.0,11911.8,603975
1573627500000,11911.65,11937.0,11911.0,11925.0,571350
1573631100000,11925.95,11928.95,11897.0,11913.1,1018275
1573634700000,11913.5,11917.15,11846.65,11861.8,2554650
1573638300000,11864.0,11867.8,11859.45,11862.0,876675
1573703100000,11875.2,11887.2,11825.45,11845.25,1795050
1573706700000,11845.0,11924.4,11839.85,11905.75,1872900
1573710300000,11905.05,11910.0,11850.0,11852.55,1490925
1573713900000,11852.25,11861.95,11837.0,11851.0,949575
1573717500000,11851.0,11884.0,11846.0,11879.45,1089750
1573721100000,11879.65,11910.0,11850.0,11896.25,1760100
1573724700000,11896.6,11903.8,11893.35,11900.5,590025
1573789500000,11913.0,11958.9,11913.0,11947.75,2005800
1573793100000,11947.75,12008.65,11933.35,11951.0,2947650
1573796700000,11951.45,11967.25,11938.6,11956.95,595200
1573800300000,11956.0,11969.3,11942.45,11962.2,484875
1573803900000,11962.25,11989.7,11951.1,11976.5,920700
1573807500000,11975.45,11988.0,11935.05,11938.05,1814850
1573811100000,11938.05,11940.0,11930.0,11939.9,906525
1574048700000,11935.45,11958.0,11903.6,11924.1,1997475
1574052300000,11924.65,11929.0,11907.8,11918.55,486000
1574055900000,11919.0,11925.5,11890.15,11904.4,944250
1574059500000,11904.45,11939.0,11897.0,11926.5,917850
1574063100000,11926.65,11930.65,11901.15,11928.0,559050
1574066700000,11927.9,11934.0,11903.15,11916.75,948600
1574070300000,11916.1,11928.15,11914.1,11927.0,524100
1574135100000,11918.0,11930.25,11901.5,11911.0,1446750
1574138700000,11911.15,11957.45,11908.15,11940.5,1447200
1574142300000,11940.0,11988.35,11938.1,11967.0,1495125
1574145900000,11968.25,11982.0,11952.25,11967.15,638550
1574149500000,11969.0,11978.85,11958.4,11965.05,502725
1574153100000,11964.25,11978.2,11941.0,11960.0,1319475
1574156700000,11959.4,11986.35,11955.85,11985.0,818925
1574221500000,11979.4,12034.7,11972.65,12031.0,2585025
1574225100000,12031.0,12062.0,12025.0,12035.8,1896150
1574228700000,12035.55,12053.85,12033.0,12052.5,455550
1574232300000,12050.65,12066.0,12037.0,12045.45,698625
1574235900000,12045.95,12048.65,12010.2,12017.95,1182750
1574239500000,12018.0,12030.95,11996.6,12018.95,1379250
1574243100000,12020.15,12021.9,12009.85,12012.0,657675
1574307900000,12007.35,12030.05,11991.0,11998.0,1496175
1574311500000,11998.05,12005.45,11982.2,11995.1,1077150
1574315100000,11995.0,12013.2,11990.3,12008.35,582825
1574318700000,12007.0,12020.75,11999.55,12015.7,688575
1574322300000,12015.25,12019.95,11986.45,11993.2,728550
1574325900000,11995.0,12014.0,11962.2,11977.0,1512675
1574329500000,11977.0,11977.4,11970.0,11971.65,593625
1574394300000,11973.6,11977.4,11932.0,11938.0,1643700
1574397900000,11937.1,11949.4,11922.9,11938.85,1108050
1574401500000,11938.3,11940.0,11884.1,11905.6,1889100
1574405100000,11905.6,11912.0,11885.2,11892.0,764925
1574408700000,11892.55,11928.8,11892.55,11916.5,940800
1574412300000,11915.6,11926.3,11890.25,11911.8,1192650
1574415900000,11911.0,11916.2,11908.85,11916.1,737250
1574653500000,11928.2,11992.4,11917.6,11975.0,2642325
1574657100000,11974.5,11999.45,11968.2,11993.75,1284525
1574660700000,11993.5,12027.2,11991.0,12024.25,1720425
1574664300000,12024.2,12039.9,12022.8,12032.65,1257300
1574667900000,12033.3,12082.75,12029.7,12073.3,2313375
1574671500000,12073.3,12103.0,12058.2,12099.55,1637550
1574675100000,12099.55,12107.0,12096.05,12101.05,828750
1574739900000,12121.05,12137.6,12091.1,12102.85,2008200
1574743500000,12102.85,12107.0,12075.0,12085.0,1570125
1574747100000,12085.65,12091.8,12071.15,12085.5,745050
1574750700000,12086.8,12122.35,12083.0,12110.0,1025100
1574754300000,12110.0,12110.05,12078.0,12078.6,1094700
1574757900000,12078.25,12086.65,12017.65,12074.2,3711000
1574761500000,12073.2,12099.0,12067.35,12098.6,1163550
1574826300000,12098.55,12120.25,12090.0,12112.5,1795425
1574829900000,12111.8,12114.9,12089.05,12093.25,1167000
1574833500000,12093.45,12101.8,12081.25,12087.6,872175
1574837100000,12087.6,12104.0,12072.9,12090.6,1958400
1574840700000,12090.6,12099.55,12079.25,12087.8,950175
1574844300000,12086.5,12110.45,12083.25,12106.3,1839150
1574847900000,12106.15,12124.95,12106.15,12121.1,720750
1574912700000,12119.85,12129.0,12097.2,12114.6,1450275
1574916300000,12113.65,12114.95,12101.1,12106.0,814425
1574919900000,12105.5,12148.0,12102.5,12135.75,1685325
1574923500000,12135.35,12141.5,12117.1,12133.0,893775
1574927100000,12132.5,12136.75,12096.25,12115.0,1012275
1574930700000,12115.0,12157.9,12105.0,12150.05,1759050
1574934300000,12150.0,12153.9,12147.0,12151.2,446400
1574999100000,12174.85,12174.9,12121.25,12127.7,1910325
1575002700000,12128.0,12133.4,12098.0,12105.65,1329225
1575006300000,12105.0,12105.65,12051.0,12077.95,1817100
1575009900000,12077.0,12104.3,12076.0,12078.5,857025
1575013500000,12078.4,12095.0,12059.6,12059.6,797850
1575017100000,12060.45,12117.0,12053.0,12098.85,1334925
1575020700000,12100.75,12102.1,12088.1,12092.9,753075
1575258300000,12133.85,12137.95,12086.0,12103.15,2121975
1575261900000,12102.2,12103.0,12052.15,12075.85,1249275
1575265500000,12075.9,12115.0,12069.9,12101.0,792825
1575269100000,12100.1,12106.55,12071.0,12081.0,537075
1575272700000,12081.0,12113.1,12073.0,12105.75,703350
1575276300000,12106.15,12108.9,12077.25,12087.55,734325
1575279900000,12088.0,12097.0,12085.0,12091.0,489150
1575344700000,12097.0,12097.0,12055.9,12067.0,1611300
1575348300000,12067.95,12075.0,12041.05,12053.0,1061400
1575351900000,12055.05,12055.45,12010.4,12019.8,1295775
1575355500000,12019.9,12028.9,12005.95,12011.0,679800
1575359100000,12011.1,12031.7,12008.1,12019.3,754275
1575362700000,12018.0,12053.95,11991.15,12046.75,1528650
1575366300000,12045.7,12054.4,12040.65,12050.6,630225
1575431100000,12009.9,12065.0,11983.55,12057.8,2712675
1575434700000,12057.85,12060.0,12032.0,12047.65,689625
1575438300000,12046.1,12047.45,12024.55,12029.3,576225
1575441900000,12030.0,12035.5,11981.0,11988.9,1433925
1575445500000,11989.0,12017.7,11977.2,11995.3,1363350
1575449100000,11993.2,12098.0,11991.4,12090.15,2678250
1575452700000,12090.0,12094.8,12086.4,12092.5,663975
1575517500000,12082.4,12104.0,12077.85,12089.15,1310175
1575521100000,12090.0,12116.0,12087.0,12101.25,800550
1575524700000,12101.95,12109.35,12038.0,12056.25,2381550
1575528300000,12056.2,12084.55,12040.65,12077.85,1165500
1575531900000,12079.25,12103.4,12068.0,12079.6,998925
1575535500000,12078.15,12085.4,12026.85,12053.0,1701525
1575539100000,12054.4,12056.8,12036.0,12045.0,703275
1575603900000,12065.2,12082.0,12052.4,12064.0,1207050
1575607500000,12062.5,12064.7,12028.0,12037.55,997875
1575611100000,12037.55,12038.0,11988.1,12007.8,1807200
1575614700000,12007.0,12027.05,11996.8,12006.7,723525
1575618300000,12005.85,12019.0,11943.3,11949.6,1999425
1575621900000,11947.4,11970.9,11931.0,11952.35,2166375
1575625500000,11953.5,11958.8,11946.05,11949.5,785925
1575863100000,11855.3,11966.3,11855.3,11950.6,1683900
1575866700000,11951.0,11994.4,11932.5,11983.8,1206525
1575870300000,11985.0,11996.9,11970.25,11979.65,733875
1575873900000,11979.95,12011.8,11976.45,12000.0,851700
1575877500000,12000.0,12007.95,11951.65,11955.05,1307400
1575881100000,11955.1,11981.5,11946.3,11962.0,962475
1575884700000,11962.3,11974.9,11961.35,11964.0,601275
1575949500000,11972.2,11976.1,11937.0,11956.55,1622325
1575953100000,11956.55,11958.85,11927.5,11931.4,858675
1575956700000,11933.1,11949.7,11913.8,11929.95,899550
1575960300000,11929.9,11944.15,11915.25,11934.85,802425
1575963900000,11933.15,11939.0,11902.25,11905.3,862800
1575967500000,11906.2,11908.2,11884.35,11893.2,1528800
1575971100000,11892.75,11904.1,11892.75,11903.5,723675
1576035900000,11907.95,11941.0,11892.9,11938.0,1795650
1576039500000,11937.55,11937.65,11913.8,11927.05,704400
1576043100000,11927.0,11927.0,11898.2,11905.75,676650
1576046700000,11905.45,11918.7,11895.0,11903.5,490800
1576050300000,11904.0,11927.1,11900.2,11909.25,663000
1576053900000,11909.15,11953.9,11872.3,11942.0,2256375
1576057500000,11942.35,11949.95,11939.0,11942.0,644025
1576122300000,11998.95,12013.55,11966.3,11994.15,2220525
1576125900000,11994.0,12000.0,11982.4,11984.8,735375
1576129500000,11984.95,12002.65,11981.1,11993.0,588600
1576133100000,11992.15,12011.0,11986.95,12009.15,576675
1576136700000,12009.8,12033.8,12000.05,12022.05,1247925
1576140300000,12022.0,12054.95,12021.95,12023.25,1723650
1576143900000,12023.1,12034.8,12021.15,12022.25,854775
1576208700000,12060.35,12102.0,12054.95,12099.95,2000325
1576212300000,12099.2,12119.8,12097.7,12105.0,1182750
1576215900000,12104.0,12112.5,12090.05,12111.0,884850
1576219500000,12112.4,12135.0,12104.15,12123.25,1041375
1576223100000,12123.95,12143.65,12118.0,12132.85,820500
1576226700000,12132.5,12152.0,12121.5,12150.0,1257375
1576230300000,12150.5,12151.3,12132.8,12151.3,933150
1576467900000,12152.15,12152.15,12102.1,12119.0,1955475
1576471500000,12118.85,12120.0,12103.55,12115.8,436350
1576475100000,12115.35,12119.65,12095.15,12104.0,433275
1576478700000,12103.6,12114.3,12088.2,12107.5,546975
1576482300000,12108.0,12132.8,12108.0,12121.6,856425
1576485900000,12121.25,12123.7,12073.9,12080.1,1364925
1576489500000,12079.15,12085.85,12075.0,12084.9,644400
1576554300000,12099.7,12161.0,12094.0,12152.5,1987125
1576557900000,12153.6,12171.95,12153.2,12167.75,809550
1576561500000,12167.1,12176.0,12158.0,12172.4,751875
1576565100000,12171.5,12180.0,12168.2,12172.0,835650
1576568700000,12172.15,12178.3,12158.5,12167.0,644625
1576572300000,12167.5,12187.2,12161.2,12186.1,1318575
1576575900000,12186.45,12200.0,12182.3,12197.65,1057800
1576640700000,12208.0,12211.95,12171.65,12193.0,1482075
1576644300000,12192.1,12197.0,12177.65,12188.95,597450
1576647900000,12188.15,12217.85,12184.55,12204.95,737400
1576651500000,12204.95,12228.25,12198.1,12221.1,1084125
1576655100000,12221.0,12223.35,12204.95,12217.5,812700
1576658700000,12217.3,12253.1,12215.65,12233.9,1644525
1576662300000,12233.9,12252.95,12229.0,12245.05,660975
1576727100000,12228.4,12232.4,12211.1,12220.05,1288200
1576730700000,12220.05,12244.0,12207.6,12239.0,1035000
1576734300000,12239.05,12270.05,12233.9,12266.4,1313850
1576737900000,12266.05,12276.4,12243.3,12247.95,905400
1576741500000,12247.45,12267.9,12247.45,12262.0,701100
1576745100000,12262.4,12270.85,12249.0,12267.75,1015200
1576748700000,12265.7,12276.95,12265.35,12272.2,759450
1576813500000,12270.2,12289.9,12258.0,12279.25,1163400
1576817100000,12278.7,12281.9,12255.5,12274.75,970425
1576820700000,12274.6,12283.7,12270.5,12279.05,481950
1576824300000,12279.05,12281.55,12268.0,12270.0,413700
1576827900000,12269.6,12288.0,12261.7,12282.0,670275
1576831500000,12282.8,12297.0,12270.75,12285.15,1445175
1576835100000,12284.6,12298.95,12283.5,12288.6,845175
1577072700000,12265.35,12291.65,12260.0,12275.5,1500150
1577076300000,12277.1,12289.75,12266.55,12275.15,688125
1577079900000,12275.15,12280.0,12271.15,12276.0,393225
1577083500000,12276.0,12283.95,12262.0,12266.2,751200
1577087100000,12266.5,12268.0,12241.0,12251.9,1247475
1577090700000,12253.25,12286.5,12226.1,12280.3,1937325
1577094300000,12280.35,12287.3,12276.6,12276.85,829875
1577159100000,12259.95,12314.9,12259.95,12274.35,1250475
1577162700000,12274.0,12275.0,12261.15,12263.0,1192725
1577166300000,12263.0,12277.9,12263.0,12267.05,568575
1577169900000,12267.05,12269.5,12253.5,12260.25,799875
1577173500000,12260.5,12278.0,12251.95,12265.0,1266600
1577177100000,12265.0,12272.35,12231.25,12235.75,1982475
1577180700000,12233.4,12240.2,12228.0,12237.95,608700
1577331900000,12120.0,12229.9,12120.0,12209.85,1475700
1577335500000,12209.85,12217.2,12200.4,12202.0,1146825
1577339100000,12204.05,12204.2,12195.05,12199.7,1649550
1577342700000,12200.0,12205.55,12183.05,12186.55,974025
1577346300000,12186.5,12194.5,12175.15,12176.05,732450
1577349900000,12177.6,12200.05,12127.5,12132.4,1842750
1577353500000,12132.35,12133.65,12127.45,12127.7,444825
1577418300000,12228.7,12253.2,12209.0,12246.5,1821450
1577421900000,12245.5,12289.95,12237.05,12283.2,1508850
1577425500000,12285.0,12295.0,12271.0,12293.1,719625
1577429100000,12293.0,12300.0,12284.1,12292.9,740400
1577432700000,12291.2,12309.8,12285.2,12293.0,932550
1577436300000,12292.6,12327.15,12278.05,12318.85,1289100
1577439900000,12318.95,12330.0,12318.4,12327.0,712575
1577677500000,12326.75,12348.0,12320.05,12336.45,1058550
1577681100000,12335.0,12341.85,12330.0,12331.85,276675
1577684700000,12331.1,12332.0,12280.0,12287.4,1337700
1577688300000,12287.35,12308.65,12276.0,12300.1,800550
1577691900000,12301.0,12307.4,12288.6,12300.7,465525
1577695500000,12299.45,12338.65,12297.35,12325.15,1116450
1577699100000,12327.0,12333.75,12321.3,12332.35,491025
1577763900000,12296.4,12304.0,12265.1,12272.0,1416225
1577767500000,12272.8,12278.9,12255.6,12267.25,930375
1577771100000,12266.15,12312.6,12262.55,12295.25,1309500
1577774700000,12295.0,12297.7,12281.45,12288.0,420000
1577778300000,12287.1,12299.9,12285.0,12291.95,341325
1577781900000,12291.95,12291.95,12236.0,12242.6,1842975
1577785500000,12241.8,12258.35,12230.15,12248.1,927375
1577850300000,12253.95,12269.6,12236.05,12241.4,1179750
1577853900000,12240.4,12250.0,12226.05,12237.5,592350
1577857500000,12235.55,12249.35,12231.1,12247.0,372075
1577861100000,12246.85,12255.8,12226.65,12232.75,450525
1577864700000,12233.0,12258.0,12231.2,12240.85,445875
1577868300000,12240.0,12248.55,12231.0,12239.15,472725
1577871900000,12239.15,12252.0,12236.1,12251.0,566175
1577936700000,12252.1,12284.75,12245.5,12277.05,1611825
1577940300000,12277.4,12292.0,12277.2,12285.0,751575
1577943900000,12285.0,12317.55,12284.35,12315.3,1118400
1577947500000,12316.5,12330.0,12312.3,12322.35,1229175
1577951100000,12321.65,12329.1,12313.1,12323.6,522375
1577954700000,12323.15,12344.0,12323.15,12342.05,1075875
1577958300000,12341.8,12344.5,12334.0,12338.0,673050
1578023100000,12294.4,12304.4,12255.3,12277.1,3262050
1578026700000,12277.0,12289.0,12257.9,12264.0,965025
1578030300000,12263.1,12272.3,12238.2,12245.7,1190775
1578033900000,12245.35,12265.75,12236.0,12260.0,809625
1578037500000,12259.1,12260.35,12240.0,12242.7,736725
1578041100000,12242.6,12267.0,12222.95,12258.6,2160300
1578044700000,12258.6,12264.7,12256.15,12259.9,583050
1578282300000,12201.9,12217.85,12091.35,12120.65,3851550
1578285900000,12120.8,12132.15,12105.0,12106.0,1076925
1578289500000,12106.25,12106.25,12058.0,12066.75,1730925
1578293100000,12066.05,12081.0,12052.0,12067.5,995175
1578296700000,12067.5,12074.0,12040.25,12040.95,1141200
1578300300000,12041.0,12060.0,12025.0,12043.8,1972650
1578303900000,12044.95,12049.95,12038.5,12038.5,937275
1578368700000,12128.65,12181.85,12101.1,12170.95,3509100
1578372300000,12170.05,12172.7,12094.35,12107.0,2192775
1578375900000,12105.15,12139.0,12098.15,12123.2,1083075
1578379500000,12122.25,12138.9,12071.3,12076.1,1330875
1578383100000,12077.25,12106.35,12049.1,12094.15,1748700
1578386700000,12094.0,12114.9,12073.9,12109.35,1502850
1578390300000,12108.0,12119.0,12103.0,12115.0,936450
1578455100000,11996.9,12090.5,11976.6,12036.5,4049700
1578458700000,12037.45,12066.15,12006.0,12010.1,1323675
1578462300000,12009.0,12018.2,11997.0,12006.0,1176675
1578465900000,12006.0,12059.9,11999.9,12036.65,1666350
1578469500000,12036.0,12075.4,12023.05,12047.05,1169475
1578473100000,12046.05,12084.9,12036.3,12061.8,1334550
1578476700000,12061.15,12071.5,12057.65,12064.25,777525
1578541500000,12181.15,12205.1,12168.25,12194.2,3334950
1578545100000,12195.5,12235.0,12195.5,12229.4,1843950
1578548700000,12229.3,12248.0,12222.7,12244.8,996525
1578552300000,12245.2,12262.45,12232.7,12260.0,1192275
1578555900000,12259.8,12271.6,12244.0,12254.3,1406625
1578559500000,12253.15,12279.3,12248.5,12264.25,1447800
1578563100000,12265.0,12274.35,12263.0,12270.25,941625
1578627900000,12294.65,12316.85,12266.0,12300.0,1886325
1578631500000,12300.0,12327.5,12296.8,12325.15,996450
1578635100000,12325.15,12357.0,12325.15,12341.1,1517400
1578638700000,12341.1,12348.2,12320.2,12329.0,636675
1578642300000,12328.0,12334.05,12273.3,12285.0,1508175
1578645900000,12284.65,12298.75,12255.2,12288.3,1697400
1578649500000,12288.6,12295.6,12285.35,12293.5,536475
1578887100000,12330.7,12369.6,12323.0,12348.75,1627500
1578890700000,12348.9,12364.75,12343.0,12354.3,684000
1578894300000,12353.85,12361.85,12347.1,12361.0,404025
1578897900000,12361.0,12363.85,12333.6,12338.85,550425
1578901500000,12336.35,12347.4,12327.15,12331.5,719775
1578905100000,12332.45,12366.25,12326.0,12363.95,1029450
1578908700000,12364.0,12365.1,12358.75,12363.0,589275
1578973500000,12359.9,12372.8,12331.2,12355.65,1716225
1578977100000,12357.0,12364.4,12340.0,12354.95,830400
1578980700000,12354.1,12369.45,12346.15,12367.0,612300
1578984300000,12366.95,12372.0,12357.0,12360.8,482625
1578987900000,12362.0,12364.2,12349.0,12355.0,559125
1578991500000,12354.3,12412.5,12352.3,12394.5,1808250
1578995100000,12394.1,12398.4,12388.6,12394.0,524475
1579059900000,12363.4,12379.8,12325.1,12328.0,1776225
1579063500000,12328.0,12343.85,12327.2,12340.0,567675
1579067100000,12340.85,12346.0,12332.25,12333.1,545700
1579070700000,12333.05,12342.85,12328.4,12338.0,437550
1579074300000,12338.75,12351.6,12319.05,12336.0,994050
1579077900000,12335.5,12387.5,12329.45,12385.3,1459200
1579081500000,12387.5,12391.95,12373.8,12374.2,611325
1579146300000,12359.4,12409.4,12355.0,12394.65,1617450
1579149900000,12394.35,12395.95,12339.2,12348.0,1447350
1579153500000,12347.0,12369.65,12344.0,12358.8,537900
1579157100000,12358.45,12383.0,12351.75,12380.75,660825
1579160700000,12380.95,12393.5,12373.1,12388.1,641775
1579164300000,12388.4,12392.0,12363.75,12381.5,804225
1579167900000,12381.3,12382.5,12370.0,12371.0,576600
1579232700000,12345.0,12403.85,12335.0,12398.0,2088075
1579236300000,12396.55,12407.5,12386.7,12391.2,711000
1579239900000,12389.6,12390.0,12360.0,12371.0,882375
1579243500000,12371.4,12389.3,12365.3,12386.5,534975
1579247100000,12386.3,12398.2,12378.55,12388.5,431025
1579250700000,12389.0,12403.05,12372.25,12378.5,880725
1579254300000,12378.65,12383.9,12376.1,12377.55,472425
1579491900000,12413.4,12419.2,12319.05,12328.8,2781975
1579495500000,12328.8,12333.1,12290.1,12303.0,1503075
1579499100000,12302.0,12315.6,12299.0,12307.15,514050
1579502700000,12307.9,12314.3,12260.2,12266.8,1125750
1579506300000,12267.4,12300.0,12265.0,12281.65,1103925
1579509900000,12281.75,12282.0,12252.0,12259.2,1627650
1579513500000,12259.95,12269.0,12257.25,12266.0,849075
1579578300000,12212.9,12244.0,12188.25,12220.0,2269725
1579581900000,12219.0,12220.0,12192.1,12211.0,1000425
1579585500000,12211.0,12237.85,12201.15,12223.4,865050
1579589100000,12223.4,12227.0,12205.65,12222.25,633075
1579592700000,12222.0,12223.45,12195.0,12204.25,603975
1579596300000,12205.0,12228.0,12181.25,12200.1,1326600
1579599900000,12200.0,12205.65,12198.35,12200.1,556725
1579664700000,12245.65,12249.75,12203.6,12205.85,1846125
1579668300000,12205.9,12210.0,12151.0,12166.5,1800375
1579671900000,12167.4,12174.8,12150.0,12151.45,722025
1579675500000,12152.0,12174.8,12145.95,12165.5,693450
1579679100000,12164.4,12168.4,12122.55,12134.6,1186800
1579682700000,12133.5,12157.9,12110.0,12144.3,1451850
1579686300000,12144.65,12151.0,12134.65,12147.1,818625
1579751100000,12138.85,12204.0,12110.15,12186.95,2679750
1579754700000,12186.1,12191.95,12135.15,12139.95,1172400
1579758300000,12139.0,12166.0,12132.3,12165.1,680025
1579761900000,12165.15,12215.0,12165.1,12212.2,1408050
1579765500000,12209.8,12220.0,12186.5,12190.0,780000
1579769100000,12193.3,12212.9,12183.0,12200.05,874950
1579772700000,12199.9,12201.85,12193.75,12199.6,588675
1579837500000,12204.75,12249.0,12157.0,12243.3,2936925
1579841100000,12245.2,12260.0,12244.35,12249.0,1418175
1579844700000,12248.75,12255.4,12236.0,12244.2,589050
1579848300000,12244.4,12267.35,12239.0,12263.05,643500
1579851900000,12263.0,12287.45,12257.6,12286.8,1008375
1579855500000,12285.95,12292.7,12265.7,12269.5,959775
1579859100000,12269.55,12275.0,12268.0,12271.15,627450
1580096700000,12168.85,12209.6,12151.25,12195.4,3247650
1580100300000,12196.25,12207.9,12180.25,12184.2,825150
1580103900000,12184.35,12196.5,12176.8,12189.0,599250
1580107500000,12189.0,12199.0,12164.5,12167.2,729600
1580111100000,12167.2,12178.85,12156.0,12161.0,1126500
1580114700000,12161.0,12169.25,12125.1,12128.3,2091225
1580118300000,12128.7,12129.65,12117.5,12118.3,1114425
1580183100000,12124.9,12162.45,12091.6,12123.3,2743425
1580186700000,12124.45,12137.3,12102.1,12119.3,1089675
1580190300000,12117.55,12148.25,12117.55,12145.55,746100
1580193900000,12147.0,12147.3,12113.9,12141.75,1021275
1580197500000,12142.05,12145.9,12074.0,12082.0,1392375
1580201100000,12080.3,12083.0,12038.0,12078.75,2379075
1580204700000,12078.0,12081.45,12072.1,12074.95,589950
1580269500000,12114.4,12150.0,12102.0,12142.0,2456475
1580273100000,12141.0,12167.0,12124.3,12157.0,1489350
1580276700000,12157.0,12163.55,12147.0,12158.75,870000
1580280300000,12158.4,12164.0,12138.15,12154.0,1031250
1580283900000,12153.95,12182.45,12095.6,12164.5,2390100
1580287500000,12164.2,12172.9,12105.1,12125.25,2064675
1580291100000,12125.25,12130.95,12119.25,12119.7,460200
1580355900000,12115.6,12117.9,12046.2,12055.95,2295000
1580359500000,12055.0,12059.0,12033.7,12044.0,1677750
1580363100000,12044.0,12056.1,12037.5,12042.0,1169100
1580366700000,12042.0,12045.0,12012.2,12023.9,910050
1580370300000,12023.0,12036.3,12006.3,12008.95,1444800
1580373900000,12008.65,12060.0,12008.55,12040.1,1834650
1580377500000,12040.1,12043.5,12034.65,12036.8,567225
1580442300000,12103.4,12124.0,12058.0,12073.0,2823150
1580445900000,12073.95,12081.6,12012.0,12022.0,2237625
1580449500000,12021.8,12025.4,11985.35,11995.05,1879800
1580453100000,11995.05,12040.0,11988.0,12017.05,1475850
1580456700000,12016.05,12075.3,12015.15,12075.3,1934025
1580460300000,12075.4,12083.5,11973.0,11989.2,2803125
1580463900000,11989.1,12002.0,11977.7,12001.45,1023600
1580528700000,11948.9,11989.95,11889.0,11977.7,2412375
1580532300000,11977.7,12020.2,11967.55,12006.5,1426875
1580535900000,12008.4,12013.7,11925.05,11925.4,1426725
1580539500000,11928.1,11988.3,11866.65,11916.8,4759575
1580543100000,11915.05,11920.0,11715.25,11828.2,7609725
1580546700000,11828.35,11835.0,11640.4,11654.45,3774075
1580550300000,11652.4,11663.2,11625.05,11632.0,1554000
1580701500000,11598.0,11708.9,11598.0,11696.6,4900050
1580705100000,11693.7,11747.0,11692.55,11716.95,2102400
1580708700000,11715.2,11715.65,11638.5,11674.8,1777125
1580712300000,11673.6,11721.95,11655.35,11692.95,1338975
1580715900000,11692.65,11704.0,11647.35,11669.0,1106550
1580719500000,11669.2,11731.7,11656.0,11691.25,1840275
1580723100000,11690.7,11714.9,11690.0,11714.0,683175
1580787900000,11761.0,11833.4,11750.25,11830.65,4047000
1580791500000,11830.05,11908.25,11830.05,11889.3,3269700
1580795100000,11889.0,11944.0,11889.0,11933.85,2486700
1580798700000,11933.05,11939.7,11896.75,11926.35,1670700
1580802300000,11925.55,11967.45,11922.05,11946.75,1484325
1580805900000,11947.8,11975.0,11937.55,11961.05,1358250
1580809500000,11960.0,11970.0,11960.0,11966.0,835425
1580874300000,11963.35,12019.0,11942.0,12015.75,2568150
1580877900000,12015.5,12027.75,12000.5,12008.85,1039350
1580881500000,12009.8,12014.5,11954.1,11967.05,1434600
1580885100000,11966.7,12004.0,11963.7,11988.3,802050
1580888700000,11991.0,12069.0,11983.9,12060.25,1852500
1580892300000,12060.25,12104.0,12060.25,12081.2,2181075
1580895900000,12081.2,12094.6,12077.45,12091.0,702975
1580960700000,12096.9,12137.95,12091.35,12112.95,2045100
1580964300000,12112.95,12122.3,12090.05,12091.0,867150
1580967900000,12090.8,12160.0,12087.2,12134.9,1967025
1580971500000,12136.05,12156.0,12131.1,12140.4,1032675
1580975100000,12139.3,12167.0,12102.5,12126.6,2000400
1580978700000,12126.6,12147.5,12119.6,12133.65,1561725
1580982300000,12133.6,12139.7,12129.4,12131.2,730350
1581047100000,12132.35,12132.4,12084.0,12097.45,1835475
1581050700000,12097.45,12104.8,12080.15,12089.1,792750
1581054300000,12089.65,12098.0,12075.0,12078.2,768600
1581057900000,12078.0,12116.0,12068.0,12101.8,1036875
1581061500000,12100.0,12106.0,12071.1,12088.65,613425
1581065100000,12088.25,12115.0,12079.5,12100.9,977700
1581068700000,12099.1,12101.7,12082.0,12082.8,614775
1581306300000,12081.65,12088.9,12008.0,12019.7,2278500
1581309900000,12019.55,12019.95,11985.0,12010.7,1393725
1581313500000,12010.05,12037.1,11996.6,12028.5,938250
1581317100000,12028.2,12042.4,12010.0,12012.5,672900
1581320700000,12012.0,12026.25,11998.45,12008.45,514800
1581324300000,12008.75,12041.95,11996.25,12041.4,1045950
1581327900000,12041.9,12050.0,12040.0,12046.0,728325
1581392700000,12105.65,12185.0,12095.2,12172.15,3174375
1581396300000,12172.15,12175.0,12160.1,12162.0,878475
1581399900000,12161.85,12166.95,12146.0,12151.25,829950
1581403500000,12151.0,12168.8,12143.2,12166.4,534075
1581407100000,12165.9,12175.55,12152.0,12152.0,558000
1581410700000,12153.35,12161.45,12123.0,12132.4,1461000
1581414300000,12133.0,12134.0,12121.65,12128.0,569625
1581479100000,12169.75,12223.55,12157.7,12222.85,2345700
1581482700000,12223.05,12234.0,12213.0,12222.9,1220175
1581486300000,12221.95,12231.0,12207.25,12217.45,916350
1581489900000,12217.2,12226.85,12210.95,12220.0,490350
1581493500000,12218.6,12244.0,12208.2,12229.25,861825
1581497100000,12230.0,12247.7,12220.0,12220.1,1037550
1581500700000,12220.1,12231.95,12219.25,12226.85,643725
1581565500000,12219.9,12219.9,12160.0,12170.0,2375625
1581569100000,12170.0,12174.3,12155.25,12166.0,886875
1581572700000,12166.35,12168.25,12151.25,12154.6,533850
1581576300000,12154.3,12165.7,12145.5,12160.45,706200
1581579900000,12160.4,12164.0,12147.55,12156.25,501975
1581583500000,12158.0,12179.0,12156.45,12173.95,1069125
1581587100000,12174.1,12181.15,12162.35,12162.35,758925
1581651900000,12198.9,12260.4,12190.65,12216.6,2348925
1581655500000,12216.0,12225.5,12110.5,12132.7,2592600
1581659100000,12134.55,12198.85,12125.8,12172.6,1691025
1581662700000,12173.9,12180.0,12155.0,12167.75,382125
1581666300000,12166.0,12170.9,12133.0,12163.95,906150
1581669900000,12162.1,12167.95,12101.0,12128.5,1544325
1581673500000,12128.95,12136.9,12124.55,12129.1,552975
1581911100000,12140.65,12158.6,12071.3,12107.6,2517525
1581914700000,12108.55,12115.3,12091.25,12104.15,501450
1581918300000,12104.15,12119.85,12095.85,12101.0,388425
1581921900000,12101.15,12103.6,12059.5,12069.9,1112100
1581925500000,12070.95,12088.05,12056.7,12064.75,849300
1581929100000,12064.0,12092.05,12052.35,12067.65,1141200
1581932700000,12068.3,12082.4,12065.5,12079.3,622350
1581997500000,12025.4,12047.0,11964.0,11979.0,2652150
1582001100000,11979.4,11979.9,11953.1,11956.95,1040250
1582004700000,11956.1,11959.55,11940.1,11945.25,955275
1582008300000,11945.9,11954.9,11932.45,11944.15,1035900
1582011900000,11944.4,11950.4,11923.3,11942.45,1041600
1582015500000,11942.0,12022.0,11940.25,12020.05,2186325
1582019100000,12020.15,12024.5,12007.65,12018.05,771075
1582083900000,12110.0,12128.0,12066.6,12080.0,3366525
1582087500000,12081.2,12090.7,12047.65,12076.2,1219725
1582091100000,12077.0,12105.85,12075.0,12104.0,531675
1582094700000,12104.45,12140.0,12098.7,12126.0,1632750
1582098300000,12126.0,12129.0,12096.05,12114.8,921600
1582101900000,12114.85,12148.0,12101.0,12139.9,1404000
1582105500000,12139.9,12150.55,12139.9,12146.6,924900
1582170300000,12102.9,12133.8,12100.0,12115.9,1928175
1582173900000,12115.8,12137.65,12115.75,12133.85,749175
1582177500000,12133.95,12163.0,12133.95,12151.45,889800
1582181100000,12151.0,12158.5,12141.65,12147.2,518175
1582184700000,12147.1,12147.5,12104.15,12115.05,1264575
1582188300000,12115.0,12127.85,12065.0,12083.35,1914450
1582191900000,12083.5,12090.65,12079.95,12080.75,816825
1582515900000,11950.65,11969.75,11901.6,11939.8,3750900
1582519500000,11938.45,11943.25,11922.2,11937.35,998325
1582523100000,11936.35,11962.55,11929.35,11946.0,1011150
1582526700000,11945.8,11959.8,11924.3,11934.8,901650
1582530300000,11934.4,11937.45,11888.4,11900.0,2366025
1582533900000,11899.0,11903.75,11815.05,11830.0,3477750
1582537500000,11830.5,11833.7,11814.05,11833.05,1180800
1582602300000,11878.65,11888.7,11814.95,11856.65,3350325
1582605900000,11856.65,11872.9,11835.1,11857.95,1318200
1582609500000,11857.9,11878.7,11842.35,11870.3,1112250
1582613100000,11870.25,11885.25,11829.0,11829.8,1602975
1582616700000,11833.0,11859.5,11791.1,11799.45,1604700
1582620300000,11799.4,11849.0,11791.0,11821.2,2216100
1582623900000,11821.7,11834.8,11815.85,11834.0,872325
1582688700000,11739.65,11763.9,11712.4,11725.1,2498250
1582692300000,11725.05,11738.0,11702.5,11713.05,1329600
1582695900000,11714.35,11729.3,11712.0,11722.0,853950
1582699500000,11722.05,11734.8,11715.65,11727.6,1218750
1582703100000,11727.4,11787.7,11715.0,11715.0,2425950
1582706700000,11716.0,11727.0,11635.3,11698.55,3479250
1582710300000,11698.7,11708.55,11695.8,11699.45,987375
1582775100000,11665.35,11665.6,11557.35,11570.2,2515275
1582778700000,11570.0,11582.95,11540.15,11562.6,1229925
1582782300000,11562.85,11582.9,11551.6,11561.0,1151700
1582785900000,11561.0,11610.9,11556.05,11596.05,1534350
1582789500000,11596.95,11619.95,11563.0,11577.45,1846050
1582793100000,11577.45,11643.1,11563.25,11635.25,2151750
1582796700000,11637.25,11637.25,11630.75,11632.25,453825
1582861500000,11380.0,11400.05,11265.1,11287.95,7124100
1582865100000,11286.75,11313.25,11275.75,11280.0,1587075
1582868700000,11278.1,11300.0,11220.7,11236.9,2615775
1582872300000,11236.7,11299.9,11208.7,11263.4,2556450
1582875900000,11261.35,11283.9,11222.0,11229.25,2365650
1582879500000,11227.05,11236.05,11116.65,11154.8,4288575
1582883100000,11155.25,11177.0,11153.85,11160.25,1479075
1583120700000,11283.0,11358.0,11258.0,11297.5,5346000
1583124300000,11296.6,11353.0,11292.0,11336.15,1560300
1583127900000,11336.0,11388.0,11326.1,11359.0,1885200
1583131500000,11359.0,11370.0,11332.65,11353.0,1348725
1583135100000,11352.95,11418.0,11352.95,11392.0,2217450
1583138700000,11393.0,11397.0,11027.0,11043.75,6419100
1583142300000,11044.5,11160.0,11023.95,11146.8,2041800
1583207100000,11179.9,11299.95,11178.0,11247.0,4369275
1583210700000,11244.05,11254.3,11133.7,11164.8,4667475
1583214300000,11163.0,11188.7,11120.1,11167.65,2482200
1583217900000,11168.75,11244.7,11144.85,11169.9,3084150
1583221500000,11169.9,11284.2,11151.95,11253.05,2903400
1583225100000,11253.1,11318.0,11212.55,11294.9,3784350
1583228700000,11293.0,11326.75,11288.8,11319.8,1253475
1583293500000,11298.4,11337.9,11235.35,11275.55,3875025
1583297100000,11276.05,11279.75,11204.5,11220.0,2564250
1583300700000,11219.65,11246.5,11213.2,11233.0,1082550
1583304300000,11232.65,11253.95,11132.05,11142.25,2772150
1583307900000,11140.0,11164.9,11061.2,11108.55,3433125
1583311500000,11108.95,11283.7,11101.05,11259.5,4026675
1583315100000,11256.6,11273.3,11241.0,11248.0,841725
1583379900000,11294.65,11323.6,11232.1,11254.95,3585975
1583383500000,11253.6,11365.0,11241.75,11344.1,3268125
1583387100000,11345.0,11377.0,11335.0,11358.95,1513125
1583390700000,11359.75,11382.0,11322.75,11355.0,1774275
1583394300000,11355.5,11360.0,11272.7,11286.75,2292900
1583397900000,11287.75,11306.8,11241.0,11254.0,3151500
1583401500000,11255.0,11258.0,11230.5,11243.9,918900
1583466300000,10906.95,10949.8,10840.0,10889.75,5348100
1583469900000,10889.0,10894.55,10841.1,10848.1,2760675
1583473500000,10849.85,10906.55,10830.1,10889.9,2557500
1583477100000,10889.9,10959.2,10863.5,10939.15,2400750
1583480700000,10940.0,10998.9,10904.0,10929.6,2939100
1583484300000,10925.65,10984.9,10909.85,10954.85,3091275
1583487900000,10955.45,10957.1,10918.7,10925.1,1246800
1583725500000,10634.4,10689.95,10552.35,10585.15,5892000
1583729100000,10587.85,10601.35,10515.0,10557.25,2937750
1583732700000,10557.7,10568.9,10530.0,10552.25,1829325
1583736300000,10552.0,10567.85,10301.0,10327.1,6136650
1583739900000,10328.1,10397.6,10266.0,10384.65,4655625
1583743500000,10386.9,10517.2,10366.0,10472.45,5823375
1583747100000,10473.25,10475.95,10412.15,10452.25,1602375
1583898300000,10382.85,10504.8,10350.1,10389.0,4799100
1583901900000,10388.35,10411.5,10335.35,10376.6,2942250
1583905500000,10375.15,10470.0,10365.95,10427.65,2445900
1583909100000,10427.65,10504.7,10422.0,10473.35,2514000
1583912700000,10473.85,10512.95,10395.05,10438.45,3193050
1583916300000,10440.05,10504.0,10428.0,10448.7,3751275
1583919900000,10446.1,10459.0,10441.25,10451.0,1586175
1583984700000,9941.4,10034.9,9864.4,9908.2,9212325
1583988300000,9905.0,9905.0,9625.95,9713.25,6987075
1583991900000,9714.75,9766.6,9661.35,9699.25,4038375
1583995500000,9697.8,9831.9,9697.8,9742.05,4340550
1583999100000,9742.3,9795.25,9668.9,9668.9,3242400
1584002700000,9668.55,9685.45,9412.85,9531.6,8498625
1584006300000,9530.15,9596.95,9526.1,9580.0,1777650
1584071100000,8939.85,9049.75,8402.0,8432.55,3654375
1584074700000,8299.0,9674.85,8299.0,9486.5,16248825
1584078300000,9485.1,9673.0,9370.05,9630.4,6909150
1584081900000,9630.95,10085.0,9609.7,9933.3,8460225
1584085500000,9929.55,10129.75,9845.25,9888.8,7057200
1584089100000,9892.05,9931.75,9650.0,9920.25,7824975
1584092700000,9918.75,9984.0,9856.7,9978.0,1459200
1584330300000,9514.4,9570.15,9254.7,9408.75,7802325
1584333900000,9411.1,9520.1,9375.15,9436.75,3394650
1584337500000,9440.25,9484.75,9322.4,9344.0,2983500
1584341100000,9341.9,9398.0,9272.6,9330.3,3212475
1584344700000,9332.45,9383.7,9130.0,9130.55,3826425
1584348300000,9130.15,9212.9,9055.0,9105.75,6148350
1584351900000,9106.6,9139.95,9093.25,9101.85,2010750
1584416700000,9224.95,9325.0,8962.2,9282.25,9386775
1584420300000,9281.25,9357.8,9169.45,9196.9,3894975
1584423900000,9196.5,9234.35,9092.7,9198.6,3303975
1584427500000,9196.65,9293.0,9180.35,9256.45,2297700
1584431100000,9256.8,9293.9,9083.6,9129.9,3392475
1584434700000,9129.95,9167.85,8851.3,8869.8,5924700
1584438300000,8870.0,8917.8,8861.2,8906.85,1494075
1584503100000,9040.7,9070.9,8776.0,8793.5,6417600
1584506700000,8791.0,8908.3,8721.05,8742.6,3595050
1584510300000,8744.5,8793.25,8540.0,8556.05,3467325
1584513900000,8556.25,8645.3,8470.7,8541.05,4581525
1584517500000,8543.1,8594.0,8452.85,8459.25,3638100
1584521100000,8459.0,8557.95,8380.05,8426.05,4996200
1584524700000,8425.1,8509.95,8400.0,8436.0,1820550
1584589500000,8111.05,8144.9,7816.45,7993.0,9076425
1584593100000,7993.0,8338.25,7914.3,8338.25,6010275
1584596700000,8338.5,8378.7,8076.55,8112.85,5996550
1584600300000,8112.65,8367.55,8112.65,8273.35,4566525
1584603900000,8273.65,8531.0,8185.85,8508.1,6909075
1584607500000,8508.75,8512.15,8191.65,8202.4,6981300
1584611100000,8202.4,8215.45,8146.1,8213.95,1795425
1584675900000,8234.9,8393.0,8130.1,8297.45,7400850
1584679500000,8297.35,8344.55,8226.85,8279.35,2807625
1584683100000,8278.95,8559.1,8277.85,8531.25,4835925
1584686700000,8535.0,8697.0,8533.6,8676.45,5527200
1584690300000,8669.0,8854.6,8455.6,8499.0,8764200
1584693900000,8497.65,8724.8,8435.5,8717.55,7441500
1584697500000,8717.55,8781.95,8696.55,8738.95,2556150
1584935100000,7850.8,8189.0,7820.05,7839.95,6001950
1584938700000,7815.0,7988.6,7575.0,7785.15,1831200
1584942300000,7783.4,7855.2,7667.55,7713.6,4185375
1584945900000,7713.6,7840.0,7656.0,7723.05,3037200
1584949500000,7722.9,7793.0,7621.7,7637.3,2420925
1584953100000,7639.25,7724.0,7561.1,7572.55,3660000
1584956700000,7575.0,7593.85,7551.0,7591.75,1027200
1585021500000,7879.15,7976.85,7570.4,7616.4,5575725
1585025100000,7618.05,7760.8,7526.0,7711.35,3877500
1585028700000,7713.4,7857.7,7712.1,7793.25,4121475
1585032300000,7794.8,7924.3,7741.4,7897.5,3847425
1585035900000,7894.95,7991.5,7842.55,7920.15,4440150
1585039500000,7920.0,8008.3,7764.15,7907.0,5062425
1585043100000,7904.95,7916.85,7862.25,7910.25,1273275
1585107900000,7741.9,7973.9,7681.35,7783.2,3867600
1585111500000,7782.55,7875.55,7756.05,7841.05,2115300
1585115100000,7840.8,7977.0,7807.2,7962.25,2327850
1585118700000,7956.1,8196.0,7928.0,8188.8,3071775
1585122300000,8188.8,8383.4,8176.15,8328.2,3789675
1585125900000,8327.8,8423.5,8295.6,8353.4,3266325
1585129500000,8352.55,8364.15,8340.55,8351.4,614325
1585194300000,8389.75,8659.65,8293.5,8654.45,4017225
1585197900000,8652.45,8750.05,8526.5,8589.6,3274200
1585201500000,8592.95,8693.85,8479.5,8684.9,2845800
1585205100000,8685.0,8690.0,8593.05,8640.0,2426175
1585208700000,8640.0,8664.55,8334.75,8457.55,5060400
1585212300000,8455.85,8700.8,8431.65,8616.15,4631025
1585215900000,8617.0,8643.2,8617.0,8641.5,623400
1585280700000,8938.65,9044.25,8815.0,8829.05,5848500
1585284300000,8827.45,8927.85,8600.0,8603.95,5873700
1585287900000,8600.05,8775.0,8563.6,8706.1,3465825
1585291500000,8702.85,8733.8,8574.25,8600.0,2483400
1585295100000,8596.3,8730.0,8525.0,8720.0,3400950
1585298700000,8721.0,8799.0,8598.25,8655.2,3741600
1585302300000,8652.1,8692.8,8652.1,8672.0,766800
1585539900000,8440.0,8610.2,8395.0,8530.0,5311500
1585543500000,8528.1,8640.0,8494.5,8571.65,2769375
1585547100000,8571.75,8597.85,8456.05,8483.05,2404800
1585550700000,8483.4,8522.95,8390.0,8413.75,2455050
1585554300000,8413.85,8460.0,8357.0,8421.45,3102300
1585557900000,8421.4,8422.45,8248.65,8318.0,3961125
1585561500000,8318.0,8320.0,8276.0,8300.0,966975
1585626300000,8499.5,8505.0,8357.0,8446.45,4878825
1585629900000,8447.95,8549.0,8446.05,8481.2,3754050
1585633500000,8484.25,8599.0,8482.05,8589.2,2727225
1585637100000,8589.8,8623.4,8553.55,8567.55,2473725
1585640700000,8563.05,8669.7,8559.05,8636.0,2557350
1585644300000,8634.15,8715.0,8611.95,8621.35,4174350
1585647900000,8621.15,8621.15,8581.0,8581.0,1326675
1585712700000,8558.0,8569.0,8363.5,8386.95,5329050
1585716300000,8386.1,8403.5,8267.0,8272.8,2770800
1585719900000,8271.75,8319.0,8260.3,8292.5,2199675
1585723500000,8292.4,8326.95,8232.55,8249.1,2794725
1585727100000,8250.75,8257.0,8181.0,8203.8,2354475
1585730700000,8201.75,8282.35,8200.7,8255.0,3113325
1585734300000,8256.3,8274.8,8247.05,8257.1,856125
1585885500000,8259.7,8330.0,8104.75,8165.75,5059725
1585889100000,8163.75,8181.65,8083.25,8120.6,2555250
1585892700000,8120.0,8163.95,8106.0,8131.75,1607475
1585896300000,8135.75,8160.55,8092.55,8144.0,1959600
1585899900000,8146.0,8234.25,8055.0,8080.5,3876975
1585903500000,8077.9,8110.0,8045.0,8083.65,3379725
1585907100000,8081.35,8110.0,8079.95,8106.15,750075
1586231100000,8450.85,8490.0,8372.0,8428.0,5742675
1586234700000,8425.9,8545.0,8389.75,8531.5,3719550
1586238300000,8530.05,8590.0,8530.05,8574.35,2838900
1586241900000,8574.35,8694.7,8571.45,8686.2,3418725
1586245500000,8686.0,8828.0,8667.5,8785.45,4379925
1586249100000,8784.6,8892.95,8767.45,8891.4,3802275
1586252700000,8891.0,8891.0,8852.75,8883.0,1230900
1586317500000,8748.0,8990.0,8701.7,8987.05,7230300
1586321100000,8989.1,9144.7,8962.65,8993.05,5347800
1586324700000,8995.4,9052.95,8785.15,8876.85,5161575
1586328300000,8875.0,8899.0,8745.0,8836.65,3524700
1586331900000,8838.9,8847.75,8685.75,8710.65,3685275
1586335500000,8710.65,8803.85,8703.55,8740.0,3905925
1586339100000,8739.05,8763.3,8736.4,8759.65,1044075
1586403900000,8910.0,9035.0,8905.4,8991.05,4805850
1586407500000,8994.95,9023.55,8891.0,8930.95,3611175
1586411100000,8931.65,9064.8,8905.55,9029.35,3948000
1586414700000,9029.65,9100.0,9011.15,9069.1,2882475
1586418300000,9068.25,9106.85,8992.0,9028.0,2915100
1586421900000,9029.6,9111.6,8979.5,9088.85,3530925
1586425500000,9088.95,9094.25,9070.0,9072.0,1191000
1586749500000,9010.0,9098.0,8903.0,8939.75,4365000
1586753100000,8938.0,9019.75,8920.0,9006.0,2596575
1586756700000,9007.25,9106.6,8980.5,9062.3,3178200
1586760300000,9064.95,9070.0,8984.8,8984.8,1991775
1586763900000,8978.0,9002.1,8935.2,8942.05,2477250
1586767500000,8942.0,9048.0,8930.0,9007.9,2591325
1586771100000,9006.4,9030.0,9003.0,9028.2,728700
1586922300000,9189.95,9265.2,9131.0,9255.35,5259000
1586925900000,9256.95,9282.35,9210.0,9245.15,2329950
1586929500000,9246.9,9260.0,9185.1,9233.85,2228175
1586933100000,9233.1,9248.95,9149.0,9156.5,2609850
1586936700000,9157.5,9157.5,8922.5,8929.9,4816950
1586940300000,8929.05,8954.95,8846.7,8928.95,4870800
1586943900000,8930.75,8948.85,8928.8,8946.0,1235400
1587008700000,8947.75,8980.0,8835.15,8921.95,5319000
1587012300000,8920.0,8986.0,8912.0,8973.9,2766675
1587015900000,8975.0,9057.7,8972.65,9051.25,3277500
1587019500000,9049.95,9074.65,8986.4,9043.85,3201525
1587023100000,9043.0,9079.25,9020.5,9040.45,2088750
1587026700000,9042.6,9089.0,9001.0,9046.45,3381675
1587030300000,9046.35,9062.2,9040.0,9060.0,1041450
1587095100000,9345.0,9350.0,9230.05,9257.0,4787325
1587098700000,9258.0,9287.1,9142.55,9218.0,4887150
1587102300000,9219.95,9245.0,9105.0,9149.95,3054300
1587105900000,9149.55,9214.0,9121.15,9153.1,2588025
1587109500000,9153.1,9213.0,9121.95,9203.45,2396325
1587113100000,9202.55,9325.0,9182.0,9317.75,3775125
1587116700000,9319.6,9340.0,9315.1,9333.0,1011975
1587354300000,9332.05,9384.75,9245.1,9277.7,4666425
1587357900000,9277.75,9337.3,9264.0,9307.0,2185350
1587361500000,9305.05,9308.0,9215.0,9265.05,2706600
1587365100000,9266.55,9288.95,9226.1,9269.15,2198700
1587368700000,9269.85,9304.9,9243.05,9271.2,2355450
1587372300000,9271.15,9335.0,9236.8,9261.8,3844050
1587375900000,9260.8,9277.4,9260.8,9265.05,804150
1587440700000,9031.05,9066.9,8990.05,9018.55,4490550
1587444300000,9018.0,9049.75,9007.8,9026.85,1615650
1587447900000,9026.7,9035.0,8995.3,9010.3,1798425
1587451500000,9010.05,9015.55,8911.9,8940.2,3416325
1587455100000,8941.5,8962.0,8909.4,8937.05,2063700
1587458700000,8936.55,9013.95,8930.15,8972.35,3578025
1587462300000,8972.45,8985.4,8958.35,8961.05,921900
1587527100000,9001.0,9013.45,8933.25,8965.05,3706275
1587530700000,8963.75,9097.8,8954.55,9095.0,3969900
1587534300000,9095.0,9119.9,9049.35,9086.55,2709375
1587537900000,9084.6,9163.7,9078.05,9137.05,2577000
1587541500000,9137.95,9149.9,9082.45,9139.05,2634975
1587545100000,9140.05,9219.9,9140.0,9193.45,3103950
1587548700000,9192.2,9200.0,9181.0,9200.0,785550
1587613500000,9200.0,9255.0,9158.45,9243.5,3386325
1587617100000,9243.0,9283.9,9238.3,9247.5,2020200
1587620700000,9246.65,9303.0,9233.95,9291.9,1897200
1587624300000,9291.95,9310.0,9247.65,9263.7,2022450
1587627900000,9264.6,9291.9,9210.05,9286.05,2784225
1587631500000,9287.0,9327.8,9256.7,9298.95,2716350
1587635100000,9298.95,9298.95,9285.8,9287.1,721800
1587699900000,9165.0,9207.6,9125.0,9162.6,4234350
1587703500000,9164.3,9184.05,9140.0,9167.95,1652550
1587707100000,9166.45,9190.85,9143.45,9187.1,1432875
1587710700000,9188.0,9260.0,9180.65,9236.85,3080175
1587714300000,9238.45,9247.35,9140.0,9154.55,2398425
1587717900000,9156.85,9176.1,9115.0,9128.95,3249225
1587721500000,9129.0,9154.35,9125.0,9151.0,795225
1587959100000,9230.55,9354.45,9230.55,9341.65,4237725
1587962700000,9340.0,9373.75,9337.0,9350.85,2500350
1587966300000,9352.0,9360.95,9316.55,9333.25,1761375
1587969900000,9334.0,9364.6,9333.45,9350.9,1619250
1587973500000,9350.9,9358.1,9302.0,9321.15,2555925
1587977100000,9320.0,9325.85,9282.5,9298.7,2985750
1587980700000,9299.9,9305.0,9280.15,9305.0,868200
1588045500000,9379.0,9379.0,9257.15,9276.55,3853875
1588049100000,9275.3,9321.25,9270.05,9298.05,1704075
1588052700000,9298.4,9329.5,9288.4,9292.7,1571550
1588056300000,9292.6,9347.8,9275.0,9342.0,2067150
1588059900000,9342.0,9385.0,9333.2,9375.05,2276100
1588063500000,9375.35,9403.5,9351.6,9400.3,2351775
1588067100000,9399.1,9421.0,9386.1,9420.0,836850
1588131900000,9425.0,9458.15,9399.5,9450.0,2518875
1588135500000,9449.4,9463.5,9442.7,9459.95,1186425
1588139100000,9459.0,9469.35,9451.35,9458.9,1071000
1588142700000,9458.55,9499.8,9455.2,9488.25,1615500
1588146300000,9488.3,9524.75,9476.25,9517.2,1645575
1588149900000,9517.15,9595.2,9513.55,9548.25,3065775
1588153500000,9548.25,9552.45,9519.0,9527.0,682275
1588218300000,9705.35,9827.25,9693.65,9821.75,3799950
1588221900000,9820.15,9835.0,9804.0,9824.05,1534500
1588225500000,9824.9,9851.3,9808.85,9850.0,1248225
1588229100000,9849.5,9877.95,9767.0,9805.95,2669550
1588232700000,9805.95,9832.0,9775.0,9806.2,1888050
1588236300000,9805.5,9859.9,9762.25,9857.7,2582250
1588239900000,9857.0,9865.8,9857.0,9860.9,712500
1588563900000,9418.5,9477.5,9343.1,9365.05,7033650
1588567500000,9365.5,9401.65,9348.1,9366.8,1971525
1588571100000,9367.95,9369.3,9325.0,9354.9,1905075
1588574700000,9354.9,9370.0,9317.5,9335.1,1565625
1588578300000,9336.7,9365.0,9285.0,9298.0,1998300
1588581900000,9298.9,9306.45,9245.3,9270.95,2601450
1588585500000,9270.2,9309.85,9270.15,9294.45,1108875
1588650300000,9411.0,9420.0,9321.1,9352.2,4673850
1588653900000,9352.35,9395.0,9346.85,9369.55,1700775
1588657500000,9368.05,9369.7,9303.6,9325.95,2079975
1588661100000,9326.1,9390.0,9290.5,9375.75,2638200
1588664700000,9375.3,9399.45,9304.1,9317.85,2390475
1588668300000,9317.0,9319.75,9190.05,9201.75,3948150
1588671900000,9200.25,9224.9,9200.25,9224.9,980250
1588736700000,9214.95,9297.0,9125.0,9292.95,6408075
1588740300000,9293.4,9373.0,9270.1,9337.0,4353525
1588743900000,9335.2,9355.75,9275.2,9337.5,2567250
1588747500000,9337.15,9354.55,9268.95,9268.95,2016150
1588751100000,9267.5,9346.95,9258.35,9295.95,2545650
1588754700000,9292.65,9299.0,9188.1,9277.55,4702800
1588758300000,9279.45,9301.05,9274.1,9301.05,912450
1588823100000,9157.4,9264.4,9152.85,9228.85,5059650
1588826700000,9225.85,9239.0,9173.75,9200.25,2333475
1588830300000,9201.75,9233.8,9187.0,9194.75,1703925
1588833900000,9195.1,9239.85,9173.2,9230.75,2309025
1588837500000,9228.45,9249.0,9173.5,9193.55,2299275
1588841100000,9193.9,9223.9,9183.0,9207.3,2005125
1588844700000,9208.35,9218.8,9191.7,9216.8,848925
1588909500000,9348.9,9369.0,9285.25,9303.0,3408675
1588913100000,9303.8,9335.0,9303.05,9326.1,1344525
1588916700000,9326.45,9334.65,9294.6,9312.0,1123575
1588920300000,9312.0,9322.15,9275.0,9319.5,1755900
1588923900000,9320.75,9322.8,9250.2,9262.25,2043825
1588927500000,9262.0,9272.55,9215.0,9226.45,2638650
1588931100000,9228.0,9248.0,9228.0,9234.15,866850
1589168700000,9335.85,9442.7,9324.0,9386.6,4934025
1589172300000,9385.1,9389.95,9350.0,9361.7,1959450
1589175900000,9361.7,9368.0,9301.1,9336.1,2123100
1589179500000,9335.0,9365.5,9311.05,9354.0,1538175
1589183100000,9354.05,9359.6,9291.25,9291.5,1666275
1589186700000,9291.3,9309.0,9202.1,9229.1,3315000
1589190300000,9229.0,9240.0,9223.4,9229.0,680400
1589255100000,9138.0,9150.0,9037.35,9082.0,4701150
1589258700000,9083.75,9113.25,9068.3,9093.05,1847550
1589262300000,9094.1,9099.0,9042.75,9076.7,1770600
1589265900000,9077.0,9139.3,9059.15,9101.25,2310675
1589269500000,9102.05,9134.45,9072.6,9127.0,2053725
1589273100000,9127.1,9264.45,9126.0,9184.0,5658075
1589276700000,9184.25,9225.95,9182.0,9225.95,974100
1589341500000,9530.9,9557.0,9356.6,9407.8,7764450
1589345100000,9406.9,9453.75,9382.0,9446.0,2428500
1589348700000,9445.0,9451.0,9410.0,9434.0,1700325
1589352300000,9434.0,9438.95,9376.0,9387.75,1848375
1589355900000,9389.0,9445.0,9375.0,9406.0,2238675
1589359500000,9405.2,9428.6,9360.0,9397.15,2297850
1589363100000,9398.2,9404.75,9390.0,9390.1,869625
1589427900000,9242.4,9282.55,9223.65,9239.05,4323600
1589431500000,9237.1,9241.75,9196.1,9215.2,2397150
1589435100000,9213.05,9222.45,9183.0,9210.2,1572900
1589438700000,9208.7,9237.75,9196.0,9223.0,1750275
1589442300000,9222.05,9223.65,9126.0,9138.0,3160500
1589445900000,9137.1,9175.9,9110.0,9137.05,3316500
1589449500000,9138.0,9152.4,9131.35,9152.4,1064175
1589514300000,9163.95,9167.6,9066.0,9090.0,3969075
1589517900000,9090.0,9100.0,9058.05,9070.1,1793325
1589521500000,9070.1,9088.0,9051.0,9069.8,1422075
1589525100000,9070.9,9126.35,9069.55,9088.4,2105700
1589528700000,9089.85,9156.75,9074.2,9148.0,2187150
1589532300000,9146.65,9180.0,9124.1,9131.95,3368925
1589535900000,9131.55,9145.0,9120.0,9120.0,953250
1589773500000,9108.0,9138.7,8877.4,8927.5,7161075
1589777100000,8929.95,8941.95,8831.0,8853.85,2957100
1589780700000,8852.95,8883.15,8822.05,8864.65,2150625
1589784300000,8864.65,8913.3,8857.25,8878.05,1987200
1589787900000,8878.1,8917.0,8825.0,8894.4,2802750
1589791500000,8896.0,8904.5,8811.05,8826.0,3166200
1589795100000,8827.5,8832.7,8813.55,8829.5,1290150
1589859900000,8971.0,8992.2,8860.0,8972.6,7059000
1589863500000,8971.6,9034.8,8955.0,8964.6,4033875
1589867100000,8964.4,9005.95,8937.35,8990.35,2286150
1589870700000,8991.45,9011.0,8915.0,8939.25,2458875
1589874300000,8939.3,8959.0,8852.6,8875.0,3232500
1589877900000,8875.1,8922.3,8861.0,8889.4,2701875
1589881500000,8888.4,8894.6,8881.0,8891.0,688425
1589946300000,8903.15,9007.6,8879.0,8982.0,4881225
1589949900000,8981.45,8983.5,8935.0,8941.0,2153175
1589953500000,8941.1,8982.75,8935.55,8955.3,1405050
1589957100000,8955.8,8978.15,8943.2,8961.65,1427625
1589960700000,8962.55,9028.0,8924.0,9012.0,3004350
1589964300000,9012.0,9097.7,9007.05,9060.7,4744125
1589967900000,9061.05,9091.2,9060.3,9086.0,1206225
1590032700000,9068.9,9119.85,9046.15,9097.0,3243375
1590036300000,9097.75,9139.45,9096.6,9118.0,1672500
1590039900000,9118.8,9137.35,9105.0,9120.9,1551675
1590043500000,9121.05,9159.75,9100.0,9149.9,2126850
1590047100000,9151.55,9169.7,9103.15,9117.25,2490975
1590050700000,9116.55,9118.0,9052.0,9083.55,3471525
1590054300000,9084.25,9084.3,9064.0,9066.7,702000
1590119100000,9001.4,9123.6,8989.65,9038.5,4697775
1590122700000,9038.95,9055.75,8940.0,8985.95,4271850
1590126300000,8985.7,9018.75,8966.05,8977.0,2171925
1590129900000,8978.25,8997.3,8952.75,8968.3,1380000
1590133500000,8969.15,9031.0,8950.75,9023.65,2242050
1590137100000,9025.0,9039.9,8986.0,9016.0,2169675
1590140700000,9016.05,9052.2,9015.55,9043.35,1038300
1590464700000,9122.65,9162.55,9110.0,9134.85,4013325
1590468300000,9135.05,9147.95,9103.55,9110.2,1688850
1590471900000,9111.0,9111.0,9066.9,9097.5,2276250
1590475500000,9097.5,9116.45,9055.1,9055.5,1646175
1590479100000,9055.05,9055.95,8983.5,8994.8,3167400
1590482700000,8995.9,9056.75,8976.3,9021.1,2295450
1590486300000,9020.35,9049.3,9018.0,9048.0,685350
1590551100000,9078.95,9078.95,8988.0,9019.6,3260400
1590554700000,9019.05,9116.8,9019.05,9100.6,3703725
1590558300000,9099.55,9106.7,9076.3,9100.0,1547550
1590561900000,9099.85,9187.1,9099.85,9183.0,3109800
1590565500000,9183.6,9341.1,9170.0,9282.85,4623750
1590569100000,9281.9,9327.5,9250.0,9317.4,3363300
1590572700000,9317.4,9323.0,9306.55,9311.1,817350
1590637500000,9328.3,9409.9,9319.5,9404.05,4357875
1590641100000,9405.1,9455.7,9385.15,9447.0,2068650
1590644700000,9447.85,9464.7,9411.2,9438.45,2011575
1590648300000,9438.45,9447.95,9405.9,9421.0,1637625
1590651900000,9422.5,9476.3,9415.0,9426.1,1684500
1590655500000,9426.65,9488.8,9426.65,9482.65,2037750
1590659100000,9483.2,9495.0,9482.0,9490.75,683775
1590723900000,9398.7,9433.75,9361.05,9412.65,4431825
1590727500000,9412.7,9465.0,9402.4,9449.1,3030225
1590731100000,9445.95,9469.8,9390.1,9408.3,2193300
1590734700000,9408.3,9442.7,9402.15,9413.3,1282050
1590738300000,9413.3,9482.0,9406.0,9469.7,2231925
1590741900000,9469.15,9509.0,9430.2,9502.15,3029175
1590745500000,9502.75,9505.0,9482.15,9482.15,1121475
1590983100000,9660.15,9800.0,9640.5,9781.4,4878675
1590986700000,9780.55,9820.0,9764.0,9796.3,2172225
1590990300000,9796.25,9879.2,9796.15,9878.7,2223975
1590993900000,9879.2,9911.65,9848.05,9887.95,2579025
1590997500000,9887.85,9887.85,9772.0,9803.45,3273375
1591001100000,9801.7,9856.0,9789.65,9796.75,2446425
1591004700000,9797.95,9797.95,9777.05,9778.0,897750
1591069500000,9830.85,9886.0,9780.0,9825.0,4138050
1591073100000,9824.9,9865.0,9792.3,9846.3,2339625
1591076700000,9847.2,9893.5,9825.55,9874.8,1549425
1591080300000,9875.0,9948.0,9856.0,9922.55,3045975
1591083900000,9924.0,9966.15,9894.35,9939.0,2185725
1591087500000,9939.05,9968.75,9922.5,9953.1,2110500
1591091100000,9953.2,9987.0,9951.25,9987.0,1038750
1591155900000,10080.85,10122.9,10036.6,10065.0,4786575
1591159500000,10063.0,10102.0,10059.2,10072.0,1642125
1591163100000,10072.0,10134.0,10072.0,10113.05,1756950
1591166700000,10113.0,10116.9,10090.0,10106.2,1232700
1591170300000,10105.8,10156.0,10099.0,10153.6,2019225
1591173900000,10154.4,10193.15,10052.3,10054.5,4374150
1591177500000,10055.25,10086.1,10044.0,10085.0,1122600
1591242300000,10060.2,10110.0,10017.0,10044.55,3918450
1591245900000,10044.75,10078.0,10028.6,10037.5,1476900
1591249500000,10037.9,10045.0,9967.35,9974.0,2954175
1591253100000,9974.0,9977.6,9932.3,9942.2,2688975
1591256700000,9943.8,10040.0,9936.0,9998.8,3119250
1591260300000,9997.75,10037.65,9982.5,10014.45,2368800
1591263900000,10014.9,10029.15,10013.0,10016.0,983775
1591328700000,10066.65,10137.4,10062.25,10080.0,3654300
1591332300000,10079.8,10081.25,10040.0,10081.0,2076825
1591335900000,10080.3,10113.5,10071.15,10108.25,1674900
1591339500000,10108.4,10112.65,10075.0,10104.5,1408275
1591343100000,10106.1,10170.0,10105.55,10161.4,3038625
1591346700000,10161.5,10172.35,10110.4,10139.65,2674050
1591350300000,10138.2,10184.0,10133.05,10179.8,955800
1591587900000,10293.9,10318.7,10245.0,10270.15,3981225
1591591500000,10272.9,10289.4,10258.15,10286.15,1263225
1591595100000,10287.65,10293.0,10261.4,10280.0,897300
1591598700000,10280.65,10287.8,10159.0,10193.0,3176925
1591602300000,10192.0,10196.8,10133.55,10153.25,2184225
1591605900000,10153.95,10193.6,10113.0,10156.25,2547825
1591609500000,10157.0,10176.4,10146.7,10168.0,608175
1591674300000,10192.15,10263.25,10130.05,10249.0,3528900
1591677900000,10250.75,10277.0,10231.0,10257.15,1925025
1591681500000,10257.0,10295.0,10246.4,10265.05,1527900
1591685100000,10266.5,10271.8,10151.25,10164.3,2643375
1591688700000,10163.7,10176.0,10078.6,10085.45,3223425
1591692300000,10084.25,10107.0,10017.25,10038.5,3264600
1591695900000,10038.7,10040.0,10006.25,10008.5,754875
1591760700000,10076.55,10118.0,10037.45,10075.0,3895800
1591764300000,10075.2,10146.0,10075.0,10132.9,2482125
1591767900000,10131.25,10142.1,10060.5,10093.0,1866225
1591771500000,10092.85,10153.75,10068.9,10116.85,2099700
1591775100000,10116.85,10131.25,10084.45,10105.05,1421325
1591778700000,10106.5,10130.5,10041.4,10129.0,2972550
1591782300000,10126.65,10151.85,10124.95,10140.0,1217925
1591847100000,10061.9,10099.0,10040.0,10078.85,3332100
1591850700000,10079.4,10085.85,10012.65,10013.3,2384700
1591854300000,10012.35,10033.75,9994.85,10011.55,2058225
1591857900000,10013.0,10031.95,9963.2,10000.0,2931600
1591861500000,10000.0,10007.35,9938.0,9945.2,2654850
1591865100000,9944.65,9947.45,9876.3,9886.15,3317625
1591868700000,9887.5,9901.4,9881.0,9897.0,996000
1591933500000,9599.4,9704.7,9581.95,9672.0,5883450
1591937100000,9672.25,9742.25,9659.5,9695.55,2698575
1591940700000,9697.0,9807.25,9686.55,9736.8,3599700
1591944300000,9734.5,9772.15,9695.0,9735.25,2348625
1591947900000,9736.25,9897.0,9727.35,9863.0,4490775
1591951500000,9861.6,9982.15,9856.0,9964.7,4404675
1591955100000,9963.0,9970.0,9933.8,9941.9,998775
1592192700000,9875.9,9904.95,9821.1,9830.0,3849525
1592196300000,9829.05,9829.15,9717.65,9728.5,3651675
1592199900000,9727.0,9743.3,9682.25,9688.65,2819025
1592203500000,9688.0,9742.25,9684.45,9731.0,2095350
1592207100000,9731.3,9810.0,9723.85,9801.25,3207075
1592210700000,9801.6,9859.85,9761.0,9809.5,4238025
1592214300000,9812.1,9824.0,9795.15,9820.0,1044150
1592279100000,10018.15,10044.7,9960.35,9978.45,4507200
1592282700000,9976.4,10013.65,9962.0,9981.0,1818525
1592286300000,9982.1,10004.0,9907.4,9918.7,2850750
1592289900000,9919.55,9937.45,9805.65,9821.05,4766700
1592293500000,9820.0,9861.95,9703.9,9831.8,6378600
1592297100000,9831.0,9923.8,9815.45,9898.55,3646650
1592300700000,9898.95,9905.0,9879.85,9885.0,817125
1592365500000,9867.65,9946.7,9810.05,9929.45,4617150
1592369100000,9929.9,9932.7,9844.35,9876.65,2182575
1592372700000,9875.75,9939.0,9856.25,9926.95,2550675
1592376300000,9925.65,9968.8,9909.2,9955.0,2421075
1592379900000,9956.7,9988.95,9917.75,9927.0,2667075
1592383500000,9926.05,9949.85,9837.5,9858.55,3211350
1592387100000,9857.9,9864.5,9842.25,9850.15,722475
1592451900000,9845.65,9882.3,9825.0,9881.0,3000675
1592455500000,9878.45,9904.0,9856.6,9878.05,1913025
1592459100000,9877.4,9961.9,9874.85,9955.0,2995875
1592462700000,9954.95,9980.1,9926.25,9952.0,2248425
1592466300000,9951.0,10049.5,9950.7,10048.35,3091275
1592469900000,10046.0,10103.9,10036.2,10063.5,3990825
1592473500000,10063.25,10080.0,10061.0,10074.0,924225
1592538300000,10057.4,10140.0,10051.0,10100.5,3648150
1592541900000,10100.9,10124.55,10057.55,10114.4,1722675
1592545500000,10114.25,10199.8,10104.15,10183.7,2924325
1592549100000,10185.45,10193.0,10116.8,10143.8,2147325
1592552700000,10144.15,10197.45,10126.75,10159.0,2222325
1592556300000,10157.25,10243.65,10152.2,10238.0,3756750
1592559900000,10236.9,10252.0,10227.05,10247.0,1188600
1592797500000,10248.0,10347.0,10236.0,10300.95,3552675
1592801100000,10301.55,10325.35,10263.65,10284.0,2183100
1592804700000,10282.5,10307.65,10248.1,10279.0,1535700
1592808300000,10278.0,10343.75,10278.0,10319.2,2088150
1592811900000,10319.45,10367.0,10313.0,10361.0,2041575
1592815500000,10361.0,10374.75,10261.5,10288.4,2888700
1592819100000,10288.95,10306.85,10282.2,10305.0,656100
1592883900000,10328.05,10345.0,10282.1,10333.0,2625150
1592887500000,10334.5,10366.6,10333.05,10340.45,2001075
1592891100000,10342.0,10384.95,10325.75,10364.9,1813575
1592894700000,10366.0,10413.45,10344.55,10404.0,2361825
1592898300000,10405.5,10426.85,10378.0,10406.1,2115225
1592901900000,10404.4,10476.75,10392.85,10462.55,2700000
1592905500000,10463.2,10480.0,10458.05,10479.95,873150
1592970300000,10499.3,10530.0,10478.75,10529.3,2657175
1592973900000,10528.35,10536.1,10435.4,10451.9,3627225
1592977500000,10451.5,10472.65,10425.0,10464.0,2028075
1592981100000,10464.75,10519.6,10432.5,10433.7,2859450
1592984700000,10432.2,10445.1,10351.0,10380.1,3803625
1592988300000,10381.0,10406.7,10274.25,10290.0,3191625
1592991900000,10291.5,10299.3,10280.5,10299.15,949800
1593056700000,10196.0,10278.85,10181.0,10243.05,3417525
1593060300000,10242.1,10348.6,10240.0,10328.8,3040425
1593063900000,10327.2,10343.25,10250.3,10253.05,2477625
1593067500000,10255.0,10274.85,10188.1,10229.0,2622900
1593071100000,10227.35,10355.0,10200.0,10342.0,3150525
1593074700000,10342.55,10362.75,10288.0,10290.9,3325425
1593078300000,10292.0,10294.0,10285.45,10290.4,630600
1593143100000,10297.65,10348.7,10290.0,10331.0,4015200
1593146700000,10332.0,10332.0,10251.25,10306.75,3238575
1593150300000,10306.9,10318.3,10267.5,10302.5,1703400
1593153900000,10301.5,10317.55,10246.15,10278.95,2070900
1593157500000,10278.8,10298.95,10235.25,10274.5,2337225
1593161100000,10274.7,10334.65,10270.0,10315.05,2933550
1593164700000,10315.0,10334.75,10311.4,10329.25,941550
1593402300000,10241.9,10265.35,10180.25,10189.65,4174350
1593405900000,10190.0,10212.85,10177.0,10192.95,2026950
1593409500000,10192.95,10197.85,10156.3,10184.3,1599900
1593413100000,10182.3,10248.75,10182.3,10215.0,2445825
1593416700000,10215.0,10224.7,10171.8,10202.5,2040450
1593420300000,10202.5,10274.0,10191.0,10270.0,3083850
1593423900000,10271.5,10282.3,10255.0,10261.0,1062000
1593488700000,10315.0,10343.9,10305.65,10322.75,2827950
1593492300000,10324.0,10325.0,10284.55,10295.65,2024850
1593495900000,10293.0,10304.65,10256.0,10273.2,2056950
1593499500000,10274.0,10297.5,10258.4,10283.05,1464450
1593503100000,10283.0,10309.85,10274.3,10285.0,1860825
1593506700000,10283.6,10283.6,10185.2,10237.0,3952875
1593510300000,10237.35,10258.5,10236.35,10256.95,1185150
1593575100000,10266.35,10327.0,10244.1,10312.2,3540150
1593578700000,10312.95,10313.75,10276.65,10291.5,1710075
1593582300000,10292.0,10354.0,10286.0,10350.4,2404425
1593585900000,10352.05,10412.0,10345.9,10397.0,3357825
1593589500000,10398.0,10423.0,10367.0,10400.0,2305200
1593593100000,10400.8,10430.55,10374.75,10413.55,2327700
1593596700000,10413.8,10413.8,10389.2,10395.0,1098375
1593661500000,10451.05,10508.0,10448.05,10489.35,3128625
1593665100000,10489.95,10495.6,10440.0,10459.0,1933650
1593668700000,10459.0,10523.65,10449.25,10521.95,2228625
1593672300000,10522.55,10547.15,10509.15,10533.25,2020425
1593675900000,10535.0,10581.4,10527.95,10576.55,2198475
1593679500000,10579.0,10581.65,10528.0,10535.6,2383575
1593683100000,10535.0,10553.95,10527.75,10550.75,1017450
1593747900000,10597.65,10599.3,10542.1,10559.5,3224625
1593751500000,10559.65,10578.0,10545.0,10557.0,1187250
1593755100000,10557.1,10605.7,10549.0,10588.1,1772250
1593758700000,10588.1,10603.2,10558.05,10558.05,1287000
1593762300000,10560.0,10589.95,10533.0,10580.0,1772700
1593765900000,10578.1,10582.6,10551.0,10570.05,1345875
1593769500000,10570.0,10584.95,10565.5,10565.5,965550
1594007100000,10700.65,10714.0,10661.05,10699.05,3447750
1594010700000,10700.0,10707.95,10689.9,10707.95,1349775
1594014300000,10710.0,10739.25,10709.0,10733.0,1727925
1594017900000,10734.0,10774.8,10731.2,10768.0,1743075
1594021500000,10768.0,10785.0,10736.4,10746.2,1845900
1594025100000,10747.25,10758.9,10729.0,10754.5,1759725
1594028700000,10754.85,10764.05,10747.95,10758.5,1069200
1594093500000,10761.9,10767.5,10714.95,10744.0,2696400
1594097100000,10743.9,10757.8,10695.1,10699.5,2039850
1594100700000,10700.0,10700.0,10657.7,10697.55,2196075
1594104300000,10696.85,10744.0,10689.15,10724.75,2415375
1594107900000,10723.25,10752.5,10702.7,10725.95,1806450
1594111500000,10726.0,10784.7,10720.1,10767.0,2468250
1594115100000,10765.05,10772.75,10749.55,10752.5,772350
1594179900000,10799.65,10817.0,10755.95,10767.75,3381450
1594183500000,10767.0,10801.65,10762.15,10775.0,1504575
1594187100000,10775.0,10792.45,10736.95,10774.0,1812825
1594190700000,10774.5,10799.25,10754.7,10792.85,1446825
1594194300000,10791.0,10828.7,10772.85,10818.85,2087925
1594197900000,10818.45,10825.75,10692.25,10701.95,3969150
1594201500000,10700.2,10702.0,10675.0,10685.0,1145250
1594266300000,10725.95,10771.15,10712.8,10763.65,2708250
1594269900000,10763.75,10775.95,10745.0,10768.1,1551525
1594273500000,10768.1,10773.9,10750.2,10765.0,1051050
1594277100000,10766.2,10793.7,10747.6,10757.9,1950225
1594280700000,10758.0,10813.7,10756.4,10796.6,2039625
1594284300000,10797.85,10827.25,10791.5,10818.8,2472225
1594287900000,10819.2,10844.95,10818.5,10841.55,1182900
1594352700000,10772.4,10805.0,10765.0,10794.55,2762325
1594356300000,10794.05,10796.9,10725.0,10731.75,2583600
1594359900000,10732.25,10749.0,10717.1,10732.4,1664250
1594363500000,10732.55,10754.95,10696.45,10738.15,2705550
1594367100000,10738.2,10785.45,10731.0,10735.9,2319750
1594370700000,10736.0,10779.15,10721.0,10756.5,1946025
1594374300000,10755.1,10775.5,10755.0,10772.9,733800
1594611900000,10834.7,10863.0,10822.35,10840.0,2698875
1594615500000,10838.3,10879.4,10811.0,10827.3,2368950
1594619100000,10827.65,10842.05,10803.65,10808.8,1576200
1594622700000,10810.1,10836.55,10784.3,10809.0,1810650
1594626300000,10809.25,10809.25,10749.05,10778.6,1789875
1594629900000,10776.8,10809.9,10762.7,10799.0,1570050
1594633500000,10799.9,10819.0,10799.7,10812.55,810075
1594698300000,10752.9,10763.95,10687.0,10706.1,3019125
1594701900000,10705.35,10705.65,10621.5,10629.4,3284475
1594705500000,10630.0,10655.65,10620.0,10634.35,1974900
1594709100000,10634.8,10645.95,10553.0,10561.95,2619825
1594712700000,10562.35,10635.0,10558.35,10630.0,2799225
1594716300000,10628.75,10640.0,10598.7,10617.05,2358900
1594719900000,10617.65,10626.55,10607.15,10608.0,835200
1594784700000,10682.0,10745.8,10662.95,10737.6,3852975
1594788300000,10737.6,10796.9,10737.15,10788.8,2698650
1594791900000,10788.8,10823.0,10775.0,10778.0,2130375
1594795500000,10778.25,10789.9,10758.6,10785.0,1582050
1594799100000,10785.25,10813.3,10776.55,10783.0,1413750
1594802700000,10782.25,10785.0,10591.0,10611.5,5214450
1594806300000,10609.75,10643.8,10596.6,10642.0,1089975
1594871100000,10652.9,10674.0,10580.9,10652.05,4050375
1594874700000,10652.05,10684.3,10618.05,10638.0,1960875
1594878300000,10638.0,10672.85,10632.55,10638.0,1180875
1594881900000,10638.3,10659.75,10623.1,10629.45,1311525
1594885500000,10628.75,10671.05,10626.15,10642.0,1604925
1594889100000,10642.0,10738.0,10639.6,10719.9,2948325
1594892700000,10719.9,10719.9,10696.25,10697.9,1262250
1594957500000,10751.3,10797.0,10736.0,10791.0,2686500
1594961100000,10792.5,10804.85,10770.0,10787.0,1574475
1594964700000,10787.0,10818.0,10779.75,10805.45,1500300
1594968300000,10805.4,10829.0,10790.0,10797.25,1520850
1594971900000,10797.0,10847.7,10772.3,10833.8,2165550
1594975500000,10835.5,10898.0,10820.0,10895.7,2882325
1594979100000,10895.7,10935.95,10893.65,10932.85,1570950
1595216700000,10955.0,10987.6,10931.0,10976.6,2937825
1595220300000,10976.6,10984.5,10941.6,10965.0,1330575
1595223900000,10965.0,10985.25,10944.8,10972.95,942450
1595227500000,10972.65,10981.35,10953.0,10977.6,868650
1595231100000,10977.0,11020.0,10921.0,11013.05,3006300
1595234700000,11013.5,11022.65,10982.0,11014.65,1883700
1595238300000,11012.5,11017.75,11004.25,11009.5,778575
1595303100000,11122.65,11135.35,11097.1,11112.55,3084975
1595306700000,11111.5,11126.75,11105.8,11114.6,838650
1595310300000,11115.65,11148.0,11111.0,11138.65,1292400
1595313900000,11138.35,11168.75,11131.2,11151.85,1451625
1595317500000,11151.9,11158.1,11132.9,11145.1,1380675
1595321100000,11145.45,11184.9,11143.5,11172.5,2028525
1595324700000,11172.5,11177.0,11162.6,11176.75,986400
1595389500000,11186.7,11203.2,10805.2,11122.2,2845650
1595393100000,11121.9,11163.3,11116.35,11159.25,1359150
1595396700000,11157.25,11172.3,11137.05,11156.5,846900
1595400300000,11157.0,11176.0,11113.6,11118.0,1513875
1595403900000,11118.1,11120.0,11066.0,11073.6,2887425
1595407500000,11071.25,11115.9,11040.0,11111.8,2662800
1595411100000,11111.8,11129.2,11111.8,11126.0,831900
1595475900000,11121.35,11152.95,11097.3,11138.5,1678875
1595479500000,11137.95,11173.85,11137.95,11172.0,1170225
1595483100000,11171.2,11209.0,11166.0,11198.1,1677225
1595486700000,11198.05,11219.5,11179.0,11191.0,1348425
1595490300000,11190.9,11228.0,11190.0,11215.45,1242750
1595493900000,11215.2,11218.0,11171.05,11204.8,1964550
1595497500000,11204.85,11220.0,11198.3,11217.6,848025
1595562300000,11093.9,11148.0,11093.9,11127.15,3031800
1595565900000,11125.05,11126.7,11062.0,11079.1,2331150
1595569500000,11078.0,11106.1,11071.55,11086.25,1191675
1595573100000,11087.2,11093.95,11067.3,11075.6,1123200
1595576700000,11076.15,11196.45,11074.5,11158.0,2622300
1595580300000,11156.85,11198.95,11126.7,11177.45,2508750
1595583900000,11179.3,11181.0,11165.25,11168.75,804150
1595821500000,11201.65,11225.0,11070.1,11089.0,3169500
1595825100000,11088.0,11118.0,11081.25,11103.8,1268775
1595828700000,11102.8,11143.7,11091.05,11136.0,1459200
1595832300000,11136.2,11155.65,11125.0,11140.3,1287450
1595835900000,11140.0,11163.85,11093.0,11141.5,2037300
1595839500000,11140.0,11166.35,11113.0,11119.6,2145525
1595843100000,11119.25,11121.35,11103.5,11115.65,846225
1595907900000,11134.7,11205.0,11128.55,11163.7,3036675
1595911500000,11163.35,11193.5,11152.9,11183.0,1561575
1595915100000,11183.05,11259.85,11181.5,11235.0,1881000
1595918700000,11236.9,11267.05,11224.5,11244.55,2213475
1595922300000,11244.45,11278.7,11227.75,11263.35,1813725
1595925900000,11263.0,11323.0,11262.05,11311.2,2431725
1595929500000,11311.45,11312.4,11290.95,11300.05,1086750
1595994300000,11291.7,11343.4,11262.85,11281.9,2928675
1595997900000,11282.9,11288.85,11251.1,11271.15,2109150
1596001500000,11270.15,11322.15,11269.55,11300.75,2054250
1596005100000,11300.05,11314.9,11273.0,11303.0,1773525
1596008700000,11303.05,11312.2,11221.0,11224.0,2511000
1596012300000,11224.5,11252.25,11170.0,11228.0,3633750
1596015900000,11229.5,11235.75,11204.55,11211.55,528000
1596080700000,11253.65,11277.3,11180.0,11275.15,1931700
1596084300000,11274.85,11290.95,11272.05,11284.15,1467225
1596087900000,11284.25,11289.0,11264.3,11279.15,897825
1596091500000,11279.1,11282.75,11167.05,11175.65,2468250
1596095100000,11177.45,11193.05,11115.0,11117.4,1973175
1596098700000,11118.0,11150.8,11078.2,11111.0,2601150
1596102300000,11112.0,11113.65,11101.25,11102.5,856125
1596167100000,11123.65,11150.0,11054.3,11090.05,3407025
1596170700000,11089.85,11131.95,11081.85,11101.45,1622550
1596174300000,11100.0,11112.75,11057.55,11095.85,1750275
1596177900000,11095.75,11115.0,11060.0,11085.85,1407300
1596181500000,11087.5,11119.0,11025.0,11105.0,2982375
1596185100000,11105.9,11114.2,11051.7,11090.0,1945500
1596188700000,11092.0,11110.95,11083.05,11104.95,711300
1596426300000,10993.7,11029.0,10954.2,10959.4,3902925
1596429900000,10959.4,10984.0,10956.25,10973.2,1226250
1596433500000,10973.8,10992.45,10964.65,10975.1,1144425
1596437100000,10976.2,10977.95,10905.1,10923.9,2640600
1596440700000,10924.0,10951.8,10886.65,10909.7,1801800
1596444300000,10909.7,10934.95,10883.4,10912.8,2126250
1596447900000,10913.65,10919.8,10908.55,10917.0,938625
1596512700000,10940.0,10981.8,10912.35,10977.4,3351825
1596516300000,10978.0,11024.4,10968.8,10999.0,2294550
1596519900000,11000.0,11063.9,10999.6,11058.2,2093850
1596523500000,11058.6,11069.7,11027.6,11053.0,1572525
1596527100000,11054.0,11077.55,11026.2,11048.05,1635900
1596530700000,11046.75,11110.0,11046.75,11100.0,2443425
1596534300000,11100.0,11114.25,11098.3,11106.85,979800
1596599100000,11131.9,11219.85,11129.0,11214.5,3027975
1596602700000,11214.0,11226.05,11191.85,11211.8,1425525
1596606300000,11211.65,11211.65,11063.35,11124.8,4068150
1596609900000,11123.15,11160.4,11113.85,11129.7,1690425
1596613500000,11129.0,11142.4,11070.05,11113.25,1722750
1596617100000,11114.75,11140.0,11087.3,11120.0,1658250
1596620700000,11119.0,11135.1,11116.0,11132.0,616500
1596685500000,11140.65,11173.0,11120.1,11166.45,2121900
1596689100000,11166.1,11197.55,11161.55,11173.9,1579125
1596692700000,11171.6,11216.85,11144.8,11167.05,1716750
1596696300000,11169.0,11277.25,11165.0,11268.0,2972100
1596699900000,11267.4,11271.15,11202.75,11214.5,1820475
1596703500000,11214.25,11217.9,11126.05,11198.9,3284100
1596707100000,11198.9,11215.55,11197.5,11212.0,589725
1596771900000,11161.9,11213.1,11142.0,11198.55,2695350
1596775500000,11198.5,11200.0,11164.45,11188.3,1104300
1596779100000,11189.0,11234.4,11181.95,11215.65,1432575
1596782700000,11214.8,11222.0,11172.5,11205.15,1553625
1596786300000,11205.15,11218.2,11191.05,11204.3,909450
1596789900000,11205.2,11250.0,11192.05,11229.6,1917300
1596793500000,11228.1,11231.0,11221.2,11228.0,652350
1597031100000,11274.95,11322.4,11256.2,11305.45,2334825
1597034700000,11306.35,11328.0,11295.4,11323.15,1003425
1597038300000,11323.8,11334.75,11307.25,11317.0,935025
1597041900000,11316.95,11328.9,11287.9,11314.0,1141725
1597045500000,11316.6,11326.25,11242.05,11263.5,1827675
1597049100000,11261.2,11316.75,11258.0,11291.4,1612200
1597052700000,11290.05,11300.0,11287.1,11293.2,558450
1597117500000,11349.65,11376.75,11340.45,11355.2,2112600
1597121100000,11356.0,11369.9,11322.05,11334.95,1466775
1597124700000,11333.15,11347.75,11308.95,11320.5,1313250
1597128300000,11319.4,11361.0,11302.4,11356.7,1541925
1597131900000,11357.05,11368.95,11344.0,11361.0,1021200
1597135500000,11360.25,11371.7,11333.55,11345.25,1710375
1597139100000,11346.05,11352.1,11338.65,11349.0,745950
1597203900000,11237.4,11276.95,11231.0,11262.0,3192075
1597207500000,11260.95,11305.0,11250.0,11294.7,1358100
1597211100000,11296.0,11315.0,11283.55,11297.0,1171725
1597214700000,11295.5,11329.3,11295.45,11314.05,1018350
1597218300000,11316.0,11332.9,11285.3,11321.7,1232400
1597221900000,11322.0,11337.85,11309.2,11319.0,1211775
1597225500000,11320.45,11320.45,11310.55,11314.0,640125
1597290300000,11338.2,11362.65,11327.4,11344.0,1586475
1597293900000,11343.75,11366.7,11332.85,11355.5,948300
1597297500000,11356.35,11359.0,11275.0,11301.9,1808475
1597301100000,11301.7,11315.55,11266.85,11310.0,1518975
1597304700000,11311.0,11330.95,11292.6,11318.0,950700
1597308300000,11318.25,11330.0,11296.1,11307.0,1247625
1597311900000,11308.55,11326.8,11306.0,11323.45,662550
1597376700000,11341.95,11366.0,11330.0,11348.55,1632825
1597380300000,11348.15,11352.45,11320.25,11340.1,941250
1597383900000,11340.95,11397.7,11334.7,11366.7,1242750
1597387500000,11367.85,11390.05,11334.6,11338.0,1727925
1597391100000,11338.0,11338.0,11175.05,11185.0,4791450
1597394700000,11184.5,11199.0,11111.0,11186.4,3558225
1597398300000,11185.7,11198.0,11183.0,11186.1,903150
1597635900000,11272.65,11273.55,11155.35,11216.7,3630450
1597639500000,11216.7,11246.05,11213.0,11220.6,1395825
1597643100000,11220.55,11238.45,11201.1,11235.6,958650
1597646700000,11237.5,11243.6,11199.25,11227.05,1046175
1597650300000,11227.35,11263.45,11206.0,11217.3,1346475
1597653900000,11216.3,11278.95,11196.0,11261.55,1929900
1597657500000,11261.25,11282.0,11261.25,11281.0,783150
1597722300000,11276.9,11317.7,11261.8,11308.0,1984950
1597725900000,11308.3,11332.0,11308.0,11314.6,1329375
1597729500000,11314.5,11320.6,11291.0,11303.7,1060425
1597733100000,11302.7,11336.7,11299.0,11320.75,1137075
1597736700000,11320.75,11395.0,11313.55,11378.75,2311350
1597740300000,11378.0,11417.45,11377.65,11394.2,2197575
1597743900000,11393.75,11406.85,11390.05,11405.4,896850
1597808700000,11436.65,11452.0,11417.0,11433.5,1861200
1597812300000,11435.0,11447.3,11422.0,11422.55,813750
1597815900000,11422.7,11439.5,11407.05,11428.0,817275
1597819500000,11428.0,11447.5,11420.4,11435.05,782100
1597823100000,11435.5,11466.4,11414.5,11449.5,1377150
1597826700000,11449.9,11453.0,11404.4,11414.15,1459425
1597830300000,11415.1,11429.9,11408.45,11428.0,561825
1597895100000,11298.0,11329.8,11292.0,11318.1,3049125
1597898700000,11318.25,11348.5,11316.9,11324.1,1036350
1597902300000,11324.55,11343.9,11320.35,11332.2,528600
1597905900000,11333.0,11335.0,11260.0,11324.3,2463450
1597909500000,11325.0,11360.0,11272.0,11296.05,2166225
1597913100000,11297.05,11325.5,11289.15,11308.0,1352175
1597916700000,11308.2,11308.2,11290.5,11294.15,818400
1597981500000,11394.65,11413.65,11374.6,11387.75,2132100
1597985100000,11386.6,11401.55,11384.55,11389.15,691425
1597988700000,11390.0,11397.5,11361.0,11392.65,1021725
1597992300000,11392.8,11404.55,11377.6,11385.65,741825
1597995900000,11385.7,11430.25,11383.65,11397.0,1414575
1597999500000,11397.1,11401.6,11363.6,11374.05,1348350
1598003100000,11372.3,11386.95,11372.25,11382.9,544125
1598240700000,11410.05,11444.5,11410.0,11438.0,1569525
1598244300000,11437.85,11441.0,11428.25,11430.05,771975
1598247900000,11430.0,11453.7,11421.2,11451.15,1011600
1598251500000,11451.15,11495.0,11451.0,11487.05,1653150
1598255100000,11487.6,11498.45,11474.75,11485.8,705975
1598258700000,11486.0,11516.6,11474.1,11478.05,1736850
1598262300000,11477.0,11480.45,11464.2,11477.0,824325
1598327100000,11513.95,11519.45,11476.6,11492.0,1896225
1598330700000,11492.0,11494.0,11426.5,11457.0,2225175
1598334300000,11458.0,11482.85,11448.0,11477.2,1177650
1598337900000,11477.2,11480.95,11455.65,11471.0,889725
1598341500000,11471.0,11493.4,11431.0,11433.95,1597575
1598345100000,11433.0,11475.9,11416.55,11466.45,1745700
1598348700000,11468.85,11477.8,11468.0,11475.95,524925
1598413500000,11480.8,11495.35,11460.0,11465.0,1779375
1598417100000,11465.25,11483.8,11463.0,11474.2,898350
1598420700000,11474.2,11479.25,11461.6,11473.5,971250
1598424300000,11474.1,11491.0,11456.1,11487.0,1340475
1598427900000,11487.0,11523.95,11478.5,11512.0,1579350
1598431500000,11512.0,11557.6,11505.95,11547.8,2217150
1598435100000,11547.25,11555.0,11544.75,11555.0,602550
1598499900000,11590.1,11604.25,11567.65,11584.95,1708350
1598503500000,11584.85,11608.1,11575.0,11591.0,1215750
1598507100000,11591.0,11601.4,11584.2,11594.15,893925
1598510700000,11595.85,11607.3,11560.25,11577.65,1143150
1598514300000,11577.9,11586.45,11553.0,11577.7,1190100
1598517900000,11576.0,11581.2,11547.0,11556.75,1531875
1598521500000,11556.5,11560.8,11553.25,11560.75,565200
1598586300000,11633.6,11639.5,11602.55,11609.0,2301225
1598589900000,11609.25,11647.95,11602.0,11636.55,1822875
1598593500000,11636.05,11698.0,11636.05,11673.7,2284050
1598597100000,11676.1,11678.7,11626.0,11642.8,1638375
1598600700000,11641.8,11677.95,11634.45,11664.55,1021725
1598604300000,11665.9,11692.0,11663.7,11672.1,1548225
1598607900000,11672.0,11686.0,11665.8,11685.5,777675
1598845500000,11764.9,11794.45,11750.0,11764.25,3117525
1598849100000,11762.5,11763.0,11665.0,11669.8,2364825
1598852700000,11666.95,11684.0,11544.95,11585.4,4894050
1598856300000,11585.35,11615.4,11516.5,11524.4,2878950
1598859900000,11523.4,11524.75,11428.0,11446.25,4016550
1598863500000,11446.0,11446.0,11350.5,11423.5,4388325
1598867100000,11423.95,11447.9,11353.75,11359.8,1893525
1598931900000,11449.65,11518.65,11373.0,11467.15,4843500
1598935500000,11469.35,11494.5,11435.75,11443.7,1766325
1598939100000,11441.7,11533.75,11423.25,11499.2,2251350
1598942700000,11500.1,11589.7,11466.05,11578.6,2406600
1598946300000,11579.0,11585.45,11486.1,11523.9,1943775
1598949900000,11521.25,11528.25,11433.2,11517.95,2321100
1598953500000,11518.95,11529.8,11510.1,11527.55,576075
1599018300000,11480.4,11533.0,11462.6,11493.15,2288775
1599021900000,11492.5,11498.7,11445.4,11484.0,1517550
1599025500000,11484.0,11509.5,11475.0,11483.5,1031625
1599029100000,11483.85,11494.7,11460.5,11489.85,993000
1599032700000,11488.5,11524.8,11467.0,11524.8,1286850
1599036300000,11527.95,11576.0,11527.95,11554.0,2275875
1599039900000,11553.15,11571.65,11550.0,11564.4,823575
1599104700000,11578.95,11594.7,11537.5,11560.3,2446200
1599108300000,11560.5,11573.6,11553.45,11562.7,783675
1599111900000,11561.0,11567.0,11518.0,11523.5,1362825
1599115500000,11526.0,11590.65,11511.0,11571.75,1822950
1599119100000,11572.65,11586.0,11552.65,11559.0,776625
1599122700000,11559.5,11583.55,11528.6,11537.05,1362000
1599126300000,11537.7,11555.7,11530.0,11550.1,737925
1599191100000,11383.35,11419.2,11355.0,11408.35,3703875
1599194700000,11408.3,11415.6,11383.0,11410.0,1103625
1599198300000,11410.6,11424.0,11395.25,11405.65,970125
1599201900000,11406.0,11460.85,11387.9,11450.7,1984950
1599205500000,11451.0,11473.3,11414.0,11419.45,1624500
1599209100000,11419.45,11435.15,11309.8,11354.2,4061025
1599212700000,11354.1,11375.2,11346.0,11375.0,1060050
1599450300000,11351.1,11372.65,11266.0,11319.0,3208275
1599453900000,11319.0,11327.25,11297.0,11323.0,1051050
1599457500000,11323.0,11355.7,11312.0,11326.05,1394025
1599461100000,11328.85,11341.95,11305.5,11340.0,794550
1599464700000,11339.2,11388.0,11324.25,11358.75,1453050
1599468300000,11361.0,11370.4,11290.0,11366.05,2261400
1599471900000,11368.5,11393.25,11366.25,11387.35,839700
1599536700000,11348.0,11385.0,11332.05,11383.55,1945575
1599540300000,11381.0,11434.45,11378.95,11404.8,2019300
1599543900000,11404.0,11429.3,11400.0,11418.0,1216125
1599547500000,11419.65,11447.25,11415.45,11419.1,1364175
1599551100000,11419.4,11433.0,11382.55,11413.0,1726800
1599554700000,11410.35,11410.95,11307.6,11320.1,3110850
1599558300000,11321.0,11326.75,11301.0,11305.35,918600
1599623100000,11245.0,11282.45,11215.0,11254.0,3262425
1599626700000,11254.4,11278.15,11240.0,11254.45,1221525
1599630300000,11253.35,11266.5,11202.0,11214.0,1613775
1599633900000,11214.9,11267.0,11209.15,11265.65,1639950
1599637500000,11265.9,11289.5,11245.0,11250.0,2021550
1599641100000,11250.0,11318.0,11236.85,11312.0,2556375
1599644700000,11311.5,11324.0,11310.0,11317.0,751350
1599709500000,11341.15,11366.1,11331.35,11359.6,2393475
1599713100000,11359.6,11420.0,11355.15,11415.0,2218200
1599716700000,11415.0,11434.75,11408.55,11415.95,1715100
1599720300000,11415.95,11444.0,11394.8,11396.95,2004375
1599723900000,11396.2,11403.9,11362.95,11388.2,2431575
1599727500000,11388.2,11466.15,11383.7,11456.0,2489400
1599731100000,11455.3,11468.0,11449.65,11465.1,903000
1599795900000,11430.4,11487.4,11422.0,11453.1,2835150
1599799500000,11453.55,11478.45,11437.45,11458.75,1282650
1599803100000,11458.75,11468.0,11433.25,11458.0,1135500
1599806700000,11457.0,11472.35,11415.25,11426.65,1299825
1599810300000,11429.0,11459.0,11420.0,11458.15,1223025
1599813900000,11458.15,11477.0,11432.1,11469.3,1659225
1599817500000,11470.6,11470.9,11461.75,11467.75,544500
1600055100000,11518.55,11551.45,11517.1,11537.9,2096850
1600058700000,11538.0,11556.0,11534.6,11552.05,788250
1600062300000,11552.0,11568.95,11546.0,11554.65,965475
1600065900000,11556.9,11559.4,11537.5,11543.95,840900
1600069500000,11542.8,11544.0,11427.25,11449.9,2677650
1600073100000,11452.45,11484.4,11395.0,11454.75,3164325
1600076700000,11455.95,11456.4,11430.25,11432.0,862575
1600141500000,11472.95,11506.55,11455.0,11490.0,2012925
1600145100000,11490.0,11495.0,11451.9,11468.1,1168875
1600148700000,11466.0,11513.15,11462.8,11490.0,1119300
1600152300000,11489.5,11513.35,11461.3,11474.1,1174425
1600155900000,11474.0,11528.0,11463.85,11521.0,1797975
1600159500000,11521.0,11542.25,11508.0,11522.2,1634625
1600163100000,11523.25,11536.95,11515.6,11533.6,729525
1600227900000,11518.9,11547.65,11511.05,11537.9,1451100
1600231500000,11537.65,11555.0,11532.5,11536.0,998100
1600235100000,11536.0,11547.05,11525.5,11541.1,878475
1600238700000,11541.0,11580.7,11539.0,11565.95,1336725
1600242300000,11565.3,11596.9,11555.9,11592.5,1302300
1600245900000,11591.55,11626.9,11583.55,11616.0,1926600
1600249500000,11615.0,11619.0,11610.1,11611.6,696600
1600314300000,11521.0,11567.0,11514.65,11560.55,2166975
1600317900000,11560.55,11578.0,11550.1,11563.05,877800
1600321500000,11563.0,11563.9,11483.05,11505.2,2691600
1600325100000,11505.0,11533.25,11497.3,11508.2,1177950
1600328700000,11509.05,11536.4,11503.9,11525.0,894000
1600332300000,11524.95,11555.45,11495.3,11523.2,2031000
1600335900000,11523.75,11534.05,11522.0,11528.75,827100
1600400700000,11575.6,11587.0,11530.0,11568.85,2040600
1600404300000,11568.1,11572.0,11547.6,11555.45,1012275
1600407900000,11555.5,11577.0,11550.05,11568.05,677100
1600411500000,11568.75,11577.0,11557.0,11572.0,572100
1600415100000,11570.45,11599.0,11551.8,11586.95,1439100
1600418700000,11586.0,11586.35,11455.5,11516.4,5943075
1600422300000,11516.85,11524.65,11508.3,11520.0,1069650
1600659900000,11491.05,11518.35,11474.1,11486.8,1868475
1600663500000,11488.8,11527.0,11477.0,11483.0,1479525
1600667100000,11483.0,11503.5,11482.0,11497.55,842250
1600670700000,11497.4,11508.8,11435.6,11444.55,2030775
1600674300000,11444.0,11444.0,11305.75,11321.9,3522600
1600677900000,11323.3,11324.5,11250.5,11269.85,3929850
1600681500000,11270.0,11272.0,11225.45,11228.15,1394475
1600746300000,11282.3,11291.85,11103.0,11164.4,5758425
1600749900000,11164.25,11206.0,11135.7,11140.5,1953000
1600753500000,11140.5,11195.0,11128.0,11167.05,1516275
1600757100000,11167.0,11225.0,11149.05,11192.0,1976550
1600760700000,11192.0,11254.8,11150.1,11151.2,2863350
1600764300000,11152.45,11177.85,11123.0,11169.55,2341200
1600767900000,11168.0,11179.7,11156.65,11177.0,713250
1600832700000,11237.9,11245.0,11186.0,11199.0,2312625
1600836300000,11199.0,11232.95,11198.5,11227.85,1223325
1600839900000,11225.8,11230.0,11141.05,11143.95,1678050
1600843500000,11142.4,11168.9,11083.85,11131.75,2513475
1600847100000,11131.2,11142.2,11028.3,11064.05,2581800
1600850700000,11065.55,11163.8,11053.55,11153.5,3221325
1600854300000,11153.5,11156.5,11142.3,11148.5,584850
1600919100000,11012.9,11020.0,10947.3,10975.0,2849700
1600922700000,10976.35,10979.4,10925.1,10933.0,2165100
1600926300000,10934.0,10958.9,10907.75,10923.5,1810200
1600929900000,10925.0,10942.95,10891.55,10937.2,1513050
1600933500000,10937.7,10952.0,10882.5,10904.5,1618050
1600937100000,10904.55,10917.4,10800.0,10803.1,2330325
1600940700000,10803.0,10806.95,10801.0,10805.25,718275
1601005500000,10906.65,10941.25,10866.1,10883.0,3900075
1601009100000,10885.1,10921.55,10857.35,10916.0,2000475
1601012700000,10917.0,10980.0,10903.1,10978.4,2032500
1601016300000,10980.0,11013.0,10968.0,10980.95,2606775
1601019900000,10978.85,11038.0,10957.05,11029.05,2068125
1601023500000,11031.2,11077.45,11020.75,11047.1,2805000
1601027100000,11047.0,11050.0,11028.7,11031.9,871050
1601264700000,11123.9,11182.05,11090.0,11168.7,2682675
1601268300000,11165.95,11211.9,11157.0,11201.05,1739325
1601271900000,11202.5,11224.0,11186.55,11214.45,1935300
1601275500000,11213.9,11234.7,11182.45,11220.5,1795875
1601279100000,11220.5,11243.85,11202.25,11233.0,1423050
1601282700000,11233.0,11249.0,11210.35,11232.1,1395225
1601286300000,11232.15,11245.0,11228.7,11242.5,915900
1601351100000,11272.0,11298.0,11240.05,11258.35,2902950
1601354700000,11260.0,11274.3,11196.6,11213.9,2177550
1601358300000,11213.9,11257.1,11205.0,11228.3,1835250
1601361900000,11227.05,11244.2,11186.0,11212.45,1415925
1601365500000,11212.0,11266.1,11196.6,11249.0,1577775
1601369100000,11248.0,11290.8,11212.1,11243.5,3009825
1601372700000,11241.55,11244.0,11233.4,11238.0,592425
1601437500000,11249.95,11250.0,11195.0,11216.0,1977300
1601441100000,11216.8,11283.0,11215.1,11257.25,2064000
1601444700000,11258.45,11262.0,11206.7,11238.0,1966125
1601448300000,11238.0,11279.5,11220.0,11253.1,1313625
1601451900000,11252.35,11289.0,11237.15,11286.1,1340775
1601455500000,11287.0,11294.8,11250.05,11256.7,1612350
1601459100000,11256.9,11264.95,11241.2,11241.2,812925
1601523900000,11356.7,11406.1,11344.35,11397.25,2723025
1601527500000,11397.05,11415.5,11389.65,11408.0,1308375
1601531100000,11408.0,11436.65,11404.95,11419.25,1293900
1601534700000,11419.7,11432.0,11406.35,11412.0,904350
1601538300000,11412.15,11430.3,11400.55,11426.1,1099875
1601541900000,11426.1,11447.0,11403.0,11444.25,2027700
1601545500000,11445.95,11445.95,11432.3,11443.45,1040025
1601869500000,11460.05,11554.05,11450.15,11541.75,2510475
1601873100000,11540.5,11587.9,11530.0,11563.8,1307025
1601876700000,11562.5,11572.9,11512.8,11537.0,1308150
1601880300000,11536.4,11545.4,11473.0,11481.0,1461750
1601883900000,11480.55,11537.35,11455.5,11530.6,1869000
1601887500000,11531.45,11544.0,11505.0,11516.05,1407825
1601891100000,11516.4,11526.6,11514.8,11526.5,525450
1601955900000,11582.3,11604.0,11566.25,11596.7,2208750
1601959500000,11597.8,11613.45,11580.0,11595.0,1577250
1601963100000,11595.0,11601.4,11581.6,11596.7,785175
1601966700000,11596.5,11606.15,11576.65,11591.0,1089900
1601970300000,11590.95,11610.0,11571.9,11596.5,1021275
1601973900000,11596.25,11669.85,11593.25,11669.6,2828925
1601977500000,11669.0,11683.75,11665.0,11672.0,925800
1602042300000,11676.15,11733.75,11638.3,11728.05,3070800
1602045900000,11728.75,11750.0,11707.0,11717.8,1557600
1602049500000,11717.25,11735.45,11692.1,11716.0,1218000
1602053100000,11716.95,11754.9,11716.0,11730.0,1074375
1602056700000,11730.0,11747.95,11708.5,11743.1,1173750
1602060300000,11742.0,11779.0,11733.0,11745.05,2462325
1602063900000,11746.25,11760.1,11743.1,11756.0,693150
1602128700000,11823.2,11874.6,11818.6,11856.5,3023550
1602132300000,11856.95,11884.9,11852.1,11881.05,1029075
1602135900000,11881.05,11897.5,11872.0,11889.4,1077750
1602139500000,11890.0,11898.0,11877.55,11893.0,848475
1602143100000,11893.0,11914.5,11842.0,11872.0,2349975
1602146700000,11871.95,11872.4,11795.0,11829.0,2817150
1602150300000,11829.55,11837.55,11825.0,11826.55,617775
1602215100000,11864.6,11878.65,11815.8,11851.15,2353425
1602218700000,11852.0,11928.15,11842.0,11919.8,2407575
1602222300000,11920.0,11935.0,11898.7,11900.0,1334550
1602225900000,11898.8,11914.0,11878.05,11894.75,1000200
1602229500000,11894.15,11929.0,11862.2,11921.6,1306350
1602233100000,11918.85,11944.0,11909.0,11924.0,1597575
1602236700000,11921.8,11949.95,11920.0,11948.75,774375
1602474300000,11950.0,12014.3,11950.0,11980.0,2335950
1602477900000,11979.65,11989.0,11931.6,11953.0,1415175
1602481500000,11951.0,11967.65,11915.55,11923.7,941550
1602485100000,11921.2,11964.7,11911.6,11925.2,1631625
1602488700000,11925.45,11951.75,11867.5,11924.5,2024475
1602492300000,11922.05,11949.45,11895.5,11934.1,1525425
1602495900000,11936.0,11942.3,11932.9,11940.5,551625
1602560700000,11921.65,11968.0,11884.4,11955.0,1988325
1602564300000,11955.1,11988.8,11955.1,11975.1,1208625
1602567900000,11976.85,11980.0,11940.0,11957.35,933075
1602571500000,11957.0,11957.0,11905.0,11930.35,1324650
1602575100000,11930.85,11953.55,11915.2,11948.8,984525
1602578700000,11948.75,11963.2,11935.65,11950.0,1374225
1602582300000,11952.45,11953.45,11934.8,11937.35,669300
1602647100000,11902.7,11915.0,11835.5,11854.7,3156525
1602650700000,11853.1,11864.7,11844.0,11851.0,995250
1602654300000,11851.0,11858.7,11817.15,11851.55,1275150
1602657900000,11851.6,11882.7,11834.0,11845.1,1136625
1602661500000,11846.75,11874.0,11830.2,11869.0,781275
1602665100000,11868.25,11984.7,11864.0,11979.7,3529200
1602668700000,11979.75,12003.0,11969.6,11972.75,1166400
1602733500000,11983.9,11999.35,11908.0,11958.0,3187050
1602737100000,11957.2,11958.0,11913.85,11931.5,1235475
1602740700000,11930.5,11935.95,11864.5,11890.75,1999500
1602744300000,11892.0,11903.9,11831.5,11838.95,1648050
1602747900000,11838.25,11857.0,11701.1,11711.4,4011225
1602751500000,11711.85,11752.9,11670.05,11671.65,3514575
1602755100000,11672.05,11693.05,11663.2,11675.0,1292850
1602819900000,11721.15,11777.25,11673.25,11729.25,4197900
1602823500000,11729.4,11770.4,11716.5,11763.6,1603425
1602827100000,11761.1,11769.0,11697.9,11746.4,1385475
1602830700000,11746.25,11782.0,11721.95,11768.0,1292700
1602834300000,11766.45,11798.0,11735.25,11771.5,1481175
1602837900000,11772.5,11785.55,11746.6,11765.2,1258425
1602841500000,11766.0,11771.95,11756.95,11766.65,703350
1603079100000,11850.25,11890.0,11818.5,11872.0,2828325
1603082700000,11874.1,11898.9,11852.65,11861.0,1237200
1603086300000,11861.0,11871.45,11824.6,11851.9,1172775
1603089900000,11851.9,11874.35,11840.0,11864.45,735225
1603093500000,11864.0,11885.35,11840.0,11882.95,1062450
1603097100000,11882.35,11897.3,11865.05,11891.15,1112550
1603100700000,11893.0,11896.75,11881.35,11894.75,706500
1603165500000,11855.4,11918.0,11831.05,11897.0,2607600
1603169100000,11897.8,11928.9,11882.5,11919.85,1441800
1603172700000,11920.0,11945.0,11910.3,11932.35,1057200
1603176300000,11931.35,11939.95,11906.8,11914.75,999825
1603179900000,11913.9,11933.0,11886.0,11898.75,1209675
1603183500000,11900.0,11917.15,11888.4,11897.65,1185450
1603187100000,11898.2,11899.0,11890.1,11895.3,787725
1603251900000,11951.25,12006.5,11931.2,11996.0,2528925
1603255500000,11996.2,12001.95,11977.8,11992.0,748650
1603259100000,11991.5,12016.8,11972.75,12012.6,1054125
1603262700000,12013.05,12015.55,11978.0,11985.0,1069350
1603266300000,11983.3,11985.0,11792.65,11792.8,5471475
1603269900000,11790.65,11949.2,11766.75,11942.0,4442700
1603273500000,11942.55,11947.5,11927.85,11929.0,862650
1603338300000,11889.4,11925.55,11845.3,11893.5,2891325
1603341900000,11891.0,11919.25,11865.95,11904.95,1340775
1603345500000,11904.25,11906.15,11870.15,11898.75,845625
1603349100000,11899.25,11901.9,11836.0,11884.9,1695450
1603352700000,11884.65,11935.0,11859.1,11899.8,1676175
1603356300000,11900.95,11903.9,11827.6,11897.0,2139375
1603359900000,11897.2,11912.35,11894.2,11897.85,640425
1603424700000,11934.0,11969.65,11925.4,11944.0,2046825
1603428300000,11945.8,11952.0,11917.75,11927.5,934875
1603431900000,11932.1,11940.0,11907.75,11923.05,774225
1603435500000,11922.4,11979.85,11921.3,11963.0,1292250
1603439100000,11963.9,11967.9,11937.85,11946.95,862425
1603442700000,11945.9,11965.3,11926.75,11931.0,1224000
1603446300000,11929.55,11937.25,11925.3,11934.0,552300
1603683900000,11933.05,11950.35,11872.1,11897.0,2117325
1603687500000,11896.8,11899.0,11873.4,11875.7,875475
1603691100000,11876.65,11876.65,11807.45,11820.0,2254950
1603694700000,11820.0,11826.95,11741.1,11774.0,2532225
1603698300000,11774.0,11789.75,11712.0,11725.95,1725225
1603701900000,11724.4,11774.8,11717.0,11771.15,1644600
1603705500000,11773.7,11790.4,11772.4,11777.5,855075
1603770300000,11810.9,11810.9,11723.0,11780.0,2903550
1603773900000,11780.0,11818.4,11766.0,11804.0,1398225
1603777500000,11804.9,11846.9,11786.75,11830.0,1304925
1603781100000,11830.0,11859.0,11799.05,11845.5,1488150
1603784700000,11845.5,11855.25,11821.55,11838.95,1244700
1603788300000,11838.5,11893.7,11838.5,11875.05,2272275
1603791900000,11875.85,11882.6,11873.0,11875.75,571425
1603856700000,11881.4,11917.6,11849.6,11877.5,2315775
1603860300000,11877.5,11890.0,11811.05,11813.0,1914825
1603863900000,11812.95,11847.3,11812.05,11834.8,1187850
1603867500000,11834.75,11856.5,11720.75,11734.4,3450975
1603871100000,11732.5,11764.9,11675.1,11720.2,2635875
1603874700000,11720.0,11746.7,11700.35,11719.5,2609775
1603878300000,11719.8,11728.95,11718.8,11719.85,731475
1603943100000,11630.0,11703.0,11605.55,11695.0,2653350
1603946700000,11695.0,11699.5,11645.45,11679.1,1426725
1603950300000,11678.95,11738.7,11659.0,11722.5,1995900
1603953900000,11723.85,11741.6,11640.45,11640.45,2104500
1603957500000,11640.05,11691.35,11621.35,11653.35,1645125
1603961100000,11653.5,11680.9,11597.0,11677.5,2051025
1603964700000,11676.8,11678.4,11668.7,11672.0,444750
1604029500000,11649.95,11746.0,11632.15,11729.0,2871825
1604033100000,11729.0,11734.35,11624.15,11634.35,2351775
1604036700000,11636.9,11653.6,11538.05,11556.5,3153300
1604040300000,11557.85,11585.9,11514.75,11558.85,2508750
1604043900000,11558.45,11625.0,11555.0,11597.15,2185725
1604047500000,11598.0,11645.8,11577.0,11643.2,1987275
1604051100000,11644.3,11654.45,11635.05,11639.1,901200
1604288700000,11683.15,11685.0,11560.1,11576.25,3116400
1604292300000,11576.45,11630.0,11575.05,11622.0,1528200
1604295900000,11624.0,11647.0,11602.55,11605.0,1294125
1604299500000,11604.5,11622.1,11580.3,11613.95,1192350
1604303100000,11615.85,11671.45,11595.0,11654.8,1621950
1604306700000,11652.2,11734.95,11652.2,11669.6,2808525
1604310300000,11669.6,11683.95,11651.8,11672.8,859650
1604375100000,11749.65,11799.0,11731.2,11776.1,3084075
1604378700000,11776.95,11822.0,11772.9,11786.9,1899750
1604382300000,11783.0,11822.95,11775.85,11816.0,1069125
1604385900000,11818.0,11839.45,11791.0,11818.85,1398825
1604389500000,11819.1,11844.0,11797.15,11808.0,1105650
1604393100000,11807.85,11836.2,11783.25,11819.75,1669050
1604396700000,11820.1,11838.75,11814.4,11824.95,880275
1604461500000,11823.65,11919.9,11771.05,11858.1,3696000
1604465100000,11860.0,11876.65,11817.15,11860.25,1672800
1604468700000,11860.95,11911.35,11847.0,11887.0,1265775
1604472300000,11886.1,11911.15,11778.95,11802.5,2621325
1604475900000,11801.3,11880.4,11744.0,11856.0,3474975
1604479500000,11857.45,11945.05,11857.1,11920.75,2543325
1604483100000,11922.25,11927.35,11905.0,11905.0,728325
1604547900000,12089.65,12089.65,12031.35,12073.1,3313200
1604551500000,12073.0,12108.0,12063.35,12085.05,1842525
1604555100000,12084.0,12095.4,12072.1,12091.25,931950
1604558700000,12090.05,12132.95,12075.0,12121.6,1552425
1604562300000,12121.0,12127.0,12092.1,12103.05,1425825
1604565900000,12103.05,12149.1,12101.0,12144.0,2162250
1604569500000,12144.95,12155.9,12138.0,12154.9,1132275
1604634300000,12159.9,12200.0,12135.7,12186.1,2387025
1604637900000,12186.0,12190.0,12146.0,12175.15,1747800
1604641500000,12176.0,12208.35,12165.5,12196.3,1098750
1604645100000,12197.45,12258.95,12192.0,12247.0,1966200
1604648700000,12246.1,12273.8,12225.0,12253.0,1328850
1604652300000,12252.95,12264.8,12202.6,12259.75,2254875
1604655900000,12258.75,12279.0,12253.75,12262.05,914550
1604893500000,12393.65,12453.25,12376.65,12436.9,2912700
1604897100000,12436.55,12441.25,12399.3,12417.55,1522275
1604900700000,12417.25,12419.7,12376.9,12387.0,1365225
1604904300000,12386.6,12422.3,12382.0,12413.55,1065525
1604907900000,12413.3,12444.8,12404.05,12443.5,1074375
1604911500000,12441.1,12472.4,12425.0,12471.1,1659900
1604915100000,12472.0,12484.7,12465.0,12479.95,807225
1604979900000,12582.65,12584.9,12482.6,12565.0,4523400
1604983500000,12565.45,12615.0,12542.65,12590.9,1773075
1604987100000,12591.8,12604.1,12558.4,12589.1,1467600
1604990700000,12589.95,12639.05,12579.25,12632.85,1720125
1604994300000,12631.0,12635.45,12542.0,12545.05,1914375
1604997900000,12544.2,12665.3,12533.5,12648.05,2778300
1605001500000,12648.75,12667.55,12645.5,12664.8,1140525
1605066300000,12692.0,12764.0,12665.0,12742.45,2999475
1605069900000,12742.0,12753.25,12648.0,12648.1,2243100
1605073500000,12649.0,12678.5,12595.55,12676.6,2978175
1605077100000,12677.7,12686.85,12635.6,12643.65,1331850
1605080700000,12642.0,12743.7,12577.75,12731.65,3610875
1605084300000,12731.5,12774.75,12718.35,12753.55,2258175
1605087900000,12755.1,12767.3,12754.3,12765.05,608100
1605152700000,12710.05,12748.85,12691.3,12712.0,2759400
1605156300000,12712.0,12717.45,12672.9,12687.05,1296150
1605159900000,12687.05,12712.4,12679.8,12701.65,766050
1605163500000,12701.4,12733.75,12666.85,12698.0,1459425
1605167100000,12698.5,12720.0,12638.0,12697.0,2092200
1605170700000,12698.0,12707.75,12653.6,12705.0,1421250
1605174300000,12707.0,12718.85,12703.45,12707.1,612000
1605239100000,12625.1,12662.95,12612.1,12652.05,2133075
1605242700000,12652.45,12749.95,12652.45,12719.5,2064825
1605246300000,12719.35,12722.0,12677.75,12712.1,1065675
1605249900000,12712.95,12717.15,12673.65,12717.15,1090800
1605253500000,12717.45,12742.4,12692.95,12727.75,1259700
1605257100000,12726.1,12765.4,12709.1,12755.75,1554600
1605260700000,12755.0,12757.4,12747.0,12754.4,670125
1605357000000,12805.0,12808.0,12760.0,12795.0,1419225
1605360600000,12796.0,12796.85,12773.5,12782.0,457350
1605584700000,12897.7,12906.8,12841.55,12867.0,2401425
1605588300000,12867.6,12870.0,12806.55,12819.2,1621350
1605591900000,12817.2,12842.0,12801.0,12830.3,848025
1605595500000,12833.0,12857.0,12816.0,12842.5,902850
1605599100000,12844.05,12878.35,12838.45,12860.85,1170900
1605602700000,12863.5,12883.1,12836.25,12882.3,1131675
1605606300000,12882.4,12889.7,12878.7,12889.4,585600
1605671100000,12863.65,12907.0,12855.6,12871.7,1854975
1605674700000,12870.95,12897.1,12847.0,12856.0,1274775
1605678300000,12854.85,12864.35,12833.0,12848.5,1050600
1605681900000,12848.95,12880.5,12837.35,12872.0,764700
1605685500000,12873.95,12942.0,12858.3,12925.6,1947525
1605689100000,12924.55,12965.8,12914.1,12960.7,1496850
1605692700000,12962.95,12965.6,12953.5,12965.35,629850
1605757500000,12857.7,12963.7,12857.5,12950.05,2978475
1605761100000,12950.55,12959.0,12918.5,12943.4,1209300
1605764700000,12945.55,12971.8,12940.3,12960.1,798000
1605768300000,12960.5,12976.25,12918.1,12934.0,1196550
1605771900000,12933.75,12944.35,12862.1,12871.0,1972725
1605775500000,12870.0,12871.3,12753.0,12794.05,4095900
1605779100000,12795.05,12795.5,12775.0,12778.0,826125
1605843900000,12795.05,12844.0,12778.0,12834.1,2351700
1605847500000,12835.0,12849.0,12761.1,12765.5,1890600
1605851100000,12763.2,12798.0,12744.5,12786.45,1891200
1605854700000,12787.0,12826.65,12756.1,12813.8,1523175
1605858300000,12816.7,12898.55,12777.5,12880.0,2208525
1605861900000,12880.2,12909.5,12856.75,12884.0,1730400
1605865500000,12882.05,12883.95,12850.3,12854.1,551625
1606103100000,12935.95,12955.9,12851.0,12883.75,2573700
1606106700000,12885.0,12899.0,12825.0,12872.55,1516050
1606110300000,12872.0,12918.65,12867.0,12885.0,1363275
1606113900000,12885.0,12931.6,12876.0,12901.15,1236825
1606117500000,12901.0,12978.4,12895.15,12955.85,1657500
1606121100000,12957.5,12964.45,12924.8,12935.2,1149975
1606124700000,12935.0,12943.95,12927.0,12943.95,553050
1606189500000,12977.2,13039.0,12964.8,13029.75,2367675
1606193100000,13028.85,13040.0,13012.0,13013.3,1243725
1606196700000,13013.2,13028.1,12998.7,13017.0,1186425
1606200300000,13017.05,13037.65,13009.4,13032.0,1135875
1606203900000,13032.0,13054.0,13018.0,13047.9,1413300
1606207500000,13047.9,13068.8,13045.0,13054.1,1728000
1606211100000,13054.0,13081.6,13052.0,13080.0,990525
1606275900000,13130.15,13137.75,13096.75,13109.75,2596650
1606279500000,13109.15,13112.0,13003.6,13020.0,3708075
1606283100000,13018.3,13034.6,12981.5,13012.35,2456550
1606286700000,13012.35,13059.0,12986.0,13053.3,1760100
1606290300000,13052.05,13055.0,12867.0,12873.05,3821250
1606293900000,12873.05,12918.95,12844.25,12861.0,3166575
1606297500000,12861.95,12873.75,12850.65,12856.7,678150
1606362300000,12920.65,12927.0,12797.0,12828.0,2556375
1606365900000,12827.6,12864.0,12816.15,12838.2,1497525
1606369500000,12838.35,12850.0,12785.7,12794.8,1480200
1606373100000,12794.0,12930.0,12790.0,12904.5,2458650
1606376700000,12906.55,12950.0,12864.65,12943.0,1968000
1606380300000,12941.65,12998.0,12899.4,12985.0,1761900
1606383900000,12984.85,12994.45,12981.0,12987.0,495000
1606448700000,13043.0,13064.6,12988.2,13010.0,2545500
1606452300000,13010.0,13032.0,12996.35,13003.55,798825
1606455900000,13003.1,13054.35,12998.0,13036.8,1081650
1606459500000,13038.95,13094.0,13021.8,13026.8,2122500
1606463100000,13025.05,13073.95,13007.85,13037.8,1637475
1606466700000,13037.2,13060.25,12966.0,13029.7,2396250
1606470300000,13028.5,13028.5,12992.65,12996.0,1388775
1606794300000,13031.0,13066.95,12992.85,13057.0,1950375
1606797900000,13056.05,13120.0,13055.5,13113.7,1640700
1606801500000,13113.0,13134.0,13100.55,13108.2,859350
1606805100000,13108.45,13127.8,13088.0,13118.55,891900
1606808700000,13120.0,13162.75,13101.3,13155.6,1351125
1606812300000,13155.55,13168.35,13140.25,13144.0,1212225
1606815900000,13144.0,13147.0,13132.0,13135.0,867000
1606880700000,13144.4,13161.0,13104.0,13114.0,1802775
1606884300000,13113.25,13140.0,13101.5,13126.7,781575
1606887900000,13128.7,13133.95,13096.6,13121.1,846150
1606891500000,13121.0,13156.5,13065.35,13079.0,1870200
1606895100000,13077.0,13090.55,13017.95,13052.0,2270775
1606898700000,13050.6,13177.0,13033.7,13168.6,2693250
1606902300000,13168.6,13168.95,13148.3,13148.3,655800
1606967100000,13210.2,13220.2,13171.05,13193.1,1667625
1606970700000,13194.5,13228.4,13187.0,13204.15,1454025
1606974300000,13204.1,13211.7,13183.05,13195.0,534300
1606977900000,13194.75,13210.0,13162.55,13184.0,1178025
1606981500000,13185.7,13214.7,13172.4,13189.0,753375
1606985100000,13188.6,13205.0,13153.05,13186.45,1452825
1606988700000,13186.45,13202.25,13185.0,13200.1,547575
1607053500000,13220.2,13269.0,13202.35,13264.35,1811700
1607057100000,13266.0,13297.95,13261.15,13280.0,1391175
1607060700000,13280.05,13283.9,13248.1,13262.0,1001025
1607064300000,13262.5,13268.8,13206.15,13246.35,1455150
1607067900000,13246.05,13280.0,13230.05,13252.2,1127400
1607071500000,13253.45,13315.95,13247.0,13310.0,1526700
1607075100000,13312.4,13326.6,13310.75,13324.0,697875
1607312700000,13268.2,13348.7,13265.7,13327.0,1969200
1607316300000,13326.75,13339.8,13310.2,13325.0,617100
1607319900000,13325.8,13373.45,13322.1,13365.65,745050
1607323500000,13369.0,13389.0,13357.0,13378.65,795525
1607327100000,13379.0,13396.65,13322.65,13344.4,1467075
1607330700000,13343.0,13398.0,13336.5,13389.65,1217775
1607334300000,13389.35,13389.5,13381.95,13382.8,483375
1607399100000,13401.05,13456.0,13381.0,13445.2,2157600
1607402700000,13445.15,13464.0,13390.0,13415.0,1646250
1607406300000,13415.15,13420.0,13352.05,13374.55,1680675
1607409900000,13375.6,13427.8,13361.95,13412.0,1202625
1607413500000,13410.05,13446.4,13401.0,13435.15,806175
1607417100000,13432.95,13469.0,13420.6,13425.05,1277625
1607420700000,13425.05,13428.95,13418.05,13424.8,511500
1607485500000,13457.7,13503.3,13456.15,13500.0,2309925
1607489100000,13499.8,13518.5,13491.05,13515.55,1155900
1607492700000,13516.0,13532.45,13508.5,13515.1,725700
1607496300000,13515.0,13525.0,13496.95,13519.8,726900
1607499900000,13519.8,13574.9,13515.5,13572.0,1393350
1607503500000,13574.3,13588.0,13546.95,13571.2,1600650
1607507100000,13571.0,13577.35,13564.0,13576.4,875175
1607571900000,13504.2,13519.9,13440.8,13454.0,2805525
1607575500000,13453.9,13490.0,13445.0,13482.4,1031475
1607579100000,13484.0,13484.0,13425.0,13443.65,1054350
1607582700000,13443.35,13472.3,13439.0,13465.95,701550
1607586300000,13465.75,13478.0,13434.15,13446.3,959700
1607589900000,13446.0,13544.0,13442.0,13517.15,1996050
1607593500000,13517.8,13531.0,13517.8,13521.0,488025
1607658300000,13530.1,13584.4,13520.5,13576.45,1859700
1607661900000,13576.0,13594.4,13570.15,13575.0,1114425
1607665500000,13574.5,13580.15,13550.0,13577.45,930300
1607669100000,13577.8,13599.0,13571.4,13574.0,722775
1607672700000,13573.95,13579.9,13461.1,13467.0,2311575
1607676300000,13466.7,13526.5,13414.45,13523.0,2987175
1607679900000,13522.65,13532.65,13514.0,13516.1,942450
1607917500000,13550.0,13612.95,13550.0,13561.9,2090775
1607921100000,13561.3,13571.95,13527.2,13546.0,1055775
1607924700000,13545.15,13560.0,13528.3,13550.0,618375
1607928300000,13549.5,13570.8,13490.0,13569.45,1279950
1607931900000,13569.45,13573.55,13526.85,13560.2,990600
1607935500000,13560.2,13580.75,13548.0,13575.1,889275
1607939100000,13576.75,13577.0,13567.15,13567.45,516075
1608003900000,13530.05,13558.95,13454.2,13469.95,2447625
1608007500000,13470.0,13493.5,13460.0,13486.45,860700
1608011100000,13486.1,13529.0,13485.0,13524.05,1080300
1608014700000,13525.0,13560.0,13507.1,13547.6,1130175
1608018300000,13548.0,13596.0,13528.05,13583.0,1441425
1608021900000,13583.8,13602.8,13573.0,13588.05,986925
1608025500000,13587.65,13589.0,13580.1,13582.5,508050
1608090300000,13652.0,13659.15,13624.0,13637.0,2169525
1608093900000,13637.65,13667.0,13635.6,13651.3,692250
1608097500000,13652.05,13673.0,13645.2,13666.25,609750
1608101100000,13666.95,13671.5,13619.8,13659.7,1275450
1608104700000,13656.1,13703.9,13645.5,13701.25,1405725
1608108300000,13700.2,13712.1,13683.6,13702.45,1166250
1608111900000,13700.75,13704.9,13692.45,13697.0,678150
1608176700000,13710.15,13739.0,13686.9,13728.8,1550775
1608180300000,13728.5,13748.5,13724.15,13746.0,820800
1608183900000,13746.45,13757.0,13730.0,13751.3,867675
1608187500000,13751.35,13765.45,13745.0,13765.4,686100
1608191100000,13766.7,13794.75,13760.55,13787.55,887775
1608194700000,13787.8,13789.9,13745.25,13757.25,1420800
1608198300000,13756.15,13758.4,13747.1,13753.0,727125
1608263100000,13759.9,13774.85,13681.0,13709.0,2792025
1608266700000,13710.0,13728.95,13700.85,13724.0,814575
1608270300000,13723.0,13740.0,13708.45,13727.0,639000
1608273900000,13727.1,13736.45,13705.0,13728.65,664425
1608277500000,13731.9,13785.0,13723.0,13784.0,1639050
1608281100000,13785.0,13799.1,13760.0,13776.5,1588725
1608284700000,13776.6,13779.9,13764.0,13767.15,910200
1608522300000,13732.15,13768.0,13688.65,13757.1,2514000
1608525900000,13757.05,13784.75,13735.6,13736.8,1085475
1608529500000,13737.2,13762.8,13719.5,13736.6,830925
1608533100000,13736.95,13748.75,13656.1,13683.6,2082075
1608536700000,13684.0,13693.5,13574.0,13600.2,3196950
1608540300000,13601.0,13604.8,13155.55,13343.4,9339150
1608543900000,13345.95,13350.0,13289.1,13293.15,1109625
1608608700000,13339.9,13450.0,13231.35,13332.3,6135600
1608612300000,13332.5,13364.9,13285.0,13287.95,1633800
1608615900000,13287.05,13309.9,13239.1,13269.7,1618800
1608619500000,13268.2,13325.0,13222.35,13312.0,1687200
1608623100000,13312.5,13458.4,13291.8,13455.0,2863200
1608626700000,13455.0,13508.0,13436.05,13488.0,2557275
1608630300000,13488.0,13502.0,13478.25,13489.15,626550
1608695100000,13479.85,13544.0,13448.0,13511.45,2490075
1608698700000,13511.05,13555.0,13510.0,13534.15,1133250
1608702300000,13534.55,13565.0,13521.3,13553.0,836475
1608705900000,13554.75,13582.85,13533.35,13554.0,1432800
1608709500000,13552.5,13587.65,13540.55,13567.5,753300
1608713100000,13568.0,13615.0,13566.5,13615.0,1511775
1608716700000,13615.0,13627.5,13611.05,13617.55,743625
1608781500000,13675.05,13747.0,13651.0,13741.5,2469075
1608785100000,13740.85,13748.5,13664.35,13669.35,1565850
1608788700000,13669.15,13696.3,13641.0,13687.55,1360650
1608792300000,13687.6,13728.65,13685.0,13710.75,987675
1608795900000,13711.95,13757.9,13695.3,13740.0,1127175
1608799500000,13739.2,13784.0,13731.9,13768.5,1503000
1608803100000,13769.55,13769.9,13751.0,13759.1,807450
1609127100000,13845.0,13873.25,13802.15,13854.05,1873575
1609130700000,13852.85,13859.55,13827.55,13842.0,700725
1609134300000,13842.0,13869.5,13842.0,13868.0,497400
1609137900000,13868.6,13885.9,13865.0,13880.6,839250
1609141500000,13881.6,13892.0,13862.0,13880.0,687975
1609145100000,13880.0,13903.65,13860.0,13888.0,1196400
1609148700000,13888.45,13897.25,13883.0,13897.25,626100
1609213500000,13949.7,13965.45,13926.1,13958.0,1479225
1609217100000,13958.05,13960.15,13868.0,13922.0,2173575
1609220700000,13922.0,13932.05,13888.0,13906.8,975000
1609224300000,13906.85,13954.5,13895.4,13945.0,1000950
1609227900000,13946.0,13952.35,13913.45,13931.15,953100
1609231500000,13931.0,13953.95,13908.55,13938.15,1170975
1609235100000,13938.2,13940.95,13928.1,13932.0,566625
1609299900000,13979.0,13985.05,13894.65,13929.55,1857150
1609303500000,13928.0,13952.65,13906.5,13940.05,1137375
1609307100000,13941.75,13952.0,13925.25,13940.0,989025
1609310700000,13940.0,13940.0,13870.95,13912.8,1749825
1609314300000,13915.0,13968.4,13905.1,13947.05,1776450
1609317900000,13947.8,13984.4,13947.1,13980.9,1846125
1609321500000,13979.1,13985.0,13974.0,13978.0,536025
1609386300000,13968.1,13987.7,13930.95,13980.0,1423200
1609389900000,13980.0,14001.9,13967.0,13984.5,1433700
1609393500000,13983.0,13993.7,13962.0,13966.0,1170600
1609397100000,13967.0,13998.9,13954.0,13989.0,1217775
1609400700000,13989.15,14026.9,13975.0,13995.0,1440000
1609404300000,13995.45,14003.55,13950.0,13985.4,1952850
1609407900000,13985.4,13987.5,13980.0,13983.0,459075
1609472700000,14002.1,14048.8,13997.05,14041.35,1269450
1609476300000,14042.0,14058.4,14035.85,14052.0,643125
1609479900000,14051.55,14056.0,14031.0,14045.35,471000
1609483500000,14047.05,14062.85,14041.0,14052.1,431625
1609487100000,14052.0,14068.95,14042.55,14066.0,479475
1609490700000,14066.0,14073.95,14052.0,14052.0,697875
1609494300000,14053.85,14060.0,14038.35,14050.5,568050
1609731900000,14100.0,14170.0,14075.1,14122.0,1596450
1609735500000,14123.05,14129.0,13970.05,14037.3,2742525
1609739100000,14036.95,14098.3,14027.25,14090.0,1399875
1609742700000,14090.5,14124.0,14080.7,14121.45,894975
1609746300000,14118.35,14149.9,14110.0,14131.0,1195200
1609749900000,14131.15,14166.15,14102.0,14158.05,1476750
1609753500000,14158.0,14179.45,14155.05,14173.35,793800
1609818300000,14110.2,14135.0,14083.2,14098.0,2278650
1609821900000,14098.0,14147.85,14077.0,14140.05,1434225
1609825500000,14141.7,14165.0,14131.95,14163.0,1085700
1609829100000,14162.8,14183.0,14152.0,14160.9,1019775
1609832700000,14161.5,14195.0,14112.8,14185.0,1796850
1609836300000,14185.0,14227.75,14170.1,14224.7,1393950
1609839900000,14226.0,14227.15,14215.55,14216.05,773775
1609904700000,14249.95,14252.55,14195.55,14209.45,2346600
1609908300000,14210.1,14243.6,14201.95,14237.0,809325
1609911900000,14237.0,14240.0,14209.55,14222.95,737400
1609915500000,14220.0,14245.55,14214.45,14214.45,774150
1609919100000,14215.4,14236.25,14078.1,14118.5,4006950
1609922700000,14117.4,14209.35,14105.1,14189.55,2445450
1609926300000,14190.3,14195.65,14173.1,14174.45,667200
1609991100000,14200.1,14283.0,14200.1,14244.5,2053200
1609994700000,14247.0,14255.65,14207.45,14228.0,1144575
1609998300000,14227.75,14240.5,14220.1,14234.0,530400
1610001900000,14234.45,14258.9,14229.0,14252.9,624150
1610005500000,14252.95,14255.0,14191.95,14228.0,1204725
1610009100000,14227.3,14232.0,14175.0,14189.4,1198425
1610012700000,14189.05,14203.4,14178.0,14203.4,771300
1610077500000,14281.0,14291.35,14249.0,14288.7,2549550
1610081100000,14289.75,14329.0,14285.0,14318.5,1797450
1610084700000,14317.75,14333.45,14309.1,14322.75,843600
1610088300000,14324.85,14338.55,14317.0,14323.05,821475
1610091900000,14324.2,14336.0,14307.0,14323.0,925650
1610095500000,14322.1,14379.3,14303.0,14376.7,2422500
1610099100000,14376.45,14378.0,14366.95,14375.05,1188975
1610336700000,14453.0,14495.0,14406.05,14461.25,2856000
1610340300000,14461.95,14472.9,14400.95,14458.0,2198325
1610343900000,14457.9,14460.0,14419.0,14450.0,880950
1610347500000,14450.25,14462.7,14430.8,14452.25,848550
1610351100000,14450.25,14485.0,14444.05,14468.8,1284075
1610354700000,14468.8,14498.65,14454.6,14487.0,1858200
1610358300000,14487.05,14497.0,14483.05,14495.6,743850
1610423100000,14478.0,14499.0,14454.45,14466.5,1921275
1610426700000,14465.2,14508.75,14462.0,14507.0,983175
1610430300000,14507.1,14548.8,14507.0,14541.65,1220100
1610433900000,14544.0,14583.15,14538.35,14582.65,1132575
1610437500000,14580.3,14612.9,14573.35,14596.0,1497300
1610441100000,14594.3,14624.0,14586.0,14600.0,1241925
1610444700000,14599.45,14602.95,14586.3,14599.9,813975
1610509500000,14653.85,14660.0,14618.8,14644.0,2114175
1610513100000,14643.75,14656.55,14613.0,14626.0,1327875
1610516700000,14628.0,14632.25,14562.0,14596.1,2075550
1610520300000,14596.1,14622.6,14577.0,14587.05,999675
1610523900000,14588.0,14603.55,14476.0,14534.1,3411900
1610527500000,14533.8,14626.5,14521.8,14614.0,2172375
1610531100000,14616.1,14617.35,14590.8,14595.0,671250
1610595900000,14580.0,14591.95,14504.6,14537.85,2423625
1610599500000,14537.55,14600.0,14526.1,14595.0,1483200
1610603100000,14594.25,14620.0,14586.25,14603.0,886575
1610606700000,14603.0,14625.0,14587.2,14612.5,759225
1610610300000,14609.55,14643.75,14590.05,14623.8,1064400
1610613900000,14623.9,14642.0,14611.8,14623.5,1018200
1610617500000,14624.6,14634.8,14621.55,14633.5,532350
1610682300000,14605.0,14623.55,14493.5,14545.9,3208650
1610685900000,14545.9,14554.0,14471.05,14502.5,1626300
1610689500000,14501.8,14530.0,14460.0,14516.5,2169075
1610693100000,14514.55,14557.9,14497.6,14533.75,1245675
1610696700000,14533.75,14552.0,14410.1,14420.5,2626500
1610700300000,14423.25,14474.0,14375.1,14460.95,2877825
1610703900000,14458.3,14468.85,14458.0,14460.0,668850
1610941500000,14458.5,14458.95,14326.0,14350.1,3172575
1610945100000,14350.1,14353.95,14283.05,14346.15,2310000
1610948700000,14345.6,14361.1,14286.0,14313.0,1292550
1610952300000,14312.95,14336.95,14296.0,14322.95,842625
1610955900000,14324.5,14428.0,14275.4,14417.15,2353350
1610959500000,14419.0,14424.35,14298.7,14301.0,2053050
1610963100000,14303.45,14311.2,14250.0,14254.05,1178475
1611027900000,14380.5,14446.3,14364.25,14432.55,3182850
1611031500000,14432.3,14484.9,14425.0,14456.7,1881825
1611035100000,14456.7,14509.9,14447.9,14495.9,1316175
1611038700000,14495.9,14525.0,14483.15,14516.0,833400
1611042300000,14516.15,14548.0,14507.1,14534.5,1193625
1611045900000,14532.1,14586.3,14527.0,14578.65,1632525
1611049500000,14578.7,14580.0,14562.65,14571.45,949425
1611114300000,14581.0,14592.0,14524.1,14576.1,2764800
1611117900000,14577.0,14633.85,14572.0,14622.0,1455375
1611121500000,14620.25,14634.7,14601.1,14616.15,598200
1611125100000,14616.0,14627.95,14580.0,14618.0,1009725
1611128700000,14618.25,14646.85,14602.4,14642.1,883725
1611132300000,14642.1,14670.45,14641.15,14652.95,1385175
1611135900000,14652.35,14656.0,14629.35,14633.0,747900
1611200700000,14711.05,14740.0,14692.5,14733.05,1884900
1611204300000,14730.0,14757.0,14726.0,14755.95,727800
1611207900000,14755.95,14758.0,14737.0,14747.55,551775
1611211500000,14747.45,14759.8,14737.85,14755.0,730575
1611215100000,14755.65,14765.45,14707.1,14711.2,1080825
1611218700000,14710.95,14734.0,14508.3,14598.7,3999450
1611222300000,14596.0,14645.0,14596.0,14639.8,940575
1611287100000,14593.0,14613.7,14521.35,14600.55,2878050
1611290700000,14604.0,14625.9,14481.0,14500.0,2750775
1611294300000,14501.95,14536.0,14451.7,14502.0,2414700
1611297900000,14502.0,14516.5,14401.35,14404.0,2241300
1611301500000,14401.3,14453.0,14371.0,14405.6,2520375
1611305100000,14404.8,14493.1,14356.0,14366.5,2889750
1611308700000,14370.4,14390.05,14366.7,14371.0,692400
1611546300000,14475.0,14497.75,14266.25,14376.3,4564050
1611549900000,14377.25,14438.35,14360.0,14406.3,1586775
1611553500000,14407.3,14409.25,14331.15,14361.3,1595475
1611557100000,14361.3,14409.7,14350.0,14406.3,1196625
1611560700000,14406.85,14420.95,14290.05,14321.0,1756275
1611564300000,14321.35,14324.55,14236.0,14249.4,2474100
1611567900000,14251.0,14260.0,14233.6,14260.0,711825
1611719100000,14199.0,14208.0,14115.0,14162.0,2974575
1611722700000,14165.0,14165.0,14111.05,14154.85,1760700
1611726300000,14155.45,14179.0,14093.05,14099.95,2036175
1611729900000,14099.95,14121.15,14071.4,14082.75,1734825
1611733500000,14083.0,14092.45,13983.2,13989.3,2552175
1611737100000,13988.0,14018.0,13933.1,13981.65,3208800
1611740700000,13979.1,13998.65,13976.1,13981.1,1201425
1611805500000,13849.95,13896.9,13803.0,13866.0,3155400
1611809100000,13865.7,13888.0,13820.0,13858.05,1600650
1611812700000,13857.55,13862.95,13795.55,13806.35,1375200
1611816300000,13802.05,13837.65,13706.3,13731.95,2601375
1611819900000,13730.65,13848.75,13730.65,13796.95,2586675
1611823500000,13795.5,13831.35,13742.15,13820.0,2592600
1611827100000,13819.0,13823.9,13813.4,13819.45,515700
1611891900000,13925.0,13984.0,13856.1,13892.0,3620325
1611895500000,13890.0,13922.75,13816.0,13892.5,2284875
1611899100000,13892.55,13895.9,13803.0,13815.5,1468500
1611902700000,13815.2,13877.05,13785.7,13802.85,1582875
1611906300000,13802.0,13847.9,13755.2,13845.0,2129700
1611909900000,13845.55,13935.0,13670.25,13696.95,4919400
1611913500000,13696.9,13725.0,13666.6,13718.0,1694400
1612151100000,13785.0,13800.0,13696.55,13781.0,3316350
1612154700000,13778.8,13835.0,13752.05,13799.0,2300850
1612158300000,13801.5,13948.0,13800.0,13836.25,3373050
1612161900000,13825.0,14168.0,13800.8,14057.25,6083475
1612165500000,14059.0,14264.0,14055.2,14190.0,5412900
1612169100000,14189.15,14359.8,14162.4,14334.75,3588900
1612172700000,14333.2,14398.95,14326.6,14395.0,1160925
1612237500000,14519.0,14767.25,14480.0,14700.0,6131475
1612241100000,14697.15,14700.9,14545.3,14634.2,3367350
1612244700000,14635.05,14662.05,14555.65,14635.0,1683300
1612248300000,14634.0,14675.95,14581.3,14658.6,1166625
1612251900000,14658.75,14707.95,14613.1,14694.5,1489875
1612255500000,14695.0,14731.85,14651.65,14682.7,1872150
1612259100000,14683.7,14713.05,14681.1,14710.15,784575
1612323900000,14770.0,14779.7,14611.0,14777.5,3577575
1612327500000,14782.95,14848.0,14782.1,14820.1,1941150
1612331100000,14821.0,14860.0,14816.7,14836.75,1077000
1612334700000,14837.4,14896.0,14835.9,14882.0,1391100
1612338300000,14882.65,14903.9,14835.6,14856.0,1122600
1612341900000,14853.55,14898.0,14791.35,14823.65,2142000
1612345500000,14825.85,14827.0,14810.0,14815.0,662100
1612410300000,14765.0,14822.85,14747.3,14770.45,2886600
1612413900000,14770.25,14814.9,14731.0,14809.2,1449600
1612417500000,14810.2,14864.0,14810.0,14849.45,1724400
1612421100000,14848.8,14889.0,14832.2,14856.3,1217625
1612424700000,14857.8,14938.0,14835.65,14933.0,1319325
1612428300000,14934.1,14934.1,14885.3,14886.65,1766175
1612431900000,14887.5,14901.95,14881.0,14888.75,1202550
1612496700000,14949.95,15008.0,14925.0,14947.95,3419025
1612500300000,14945.2,14969.85,14866.0,14937.5,2527800
1612503900000,14938.1,14990.85,14936.4,14983.0,977850
1612507500000,14984.25,14989.8,14917.0,14922.95,963000
1612511100000,14921.55,14960.0,14877.05,14940.6,1903800
1612514700000,14940.95,14960.0,14900.1,14922.85,1250850
1612518300000,14919.0,14949.0,14915.0,14946.75,638100
1612755900000,15068.0,15124.0,15031.0,15114.0,2729850
1612759500000,15115.0,15147.0,15109.0,15126.5,1209825
1612763100000,15126.35,15134.3,15085.75,15100.5,765075
1612766700000,15099.0,15134.0,15066.15,15133.8,1313175
1612770300000,15134.0,15160.0,15110.6,15141.6,1116825
1612773900000,15144.5,15167.0,15106.0,15126.8,1330500
1612777500000,15125.2,15141.0,15120.05,15138.0,786600
1612842300000,15153.0,15188.0,15133.7,15166.95,2216475
1612845900000,15168.0,15234.95,15160.0,15224.95,1370925
1612849500000,15225.0,15244.0,15201.85,15225.0,1025025
1612853100000,15224.0,15247.95,15213.25,15240.0,464100
1612856700000,15239.05,15256.4,15223.0,15244.6,652725
1612860300000,15243.65,15266.0,15062.4,15112.0,3585525
1612863900000,15112.0,15128.75,15101.3,15106.2,586425
1612928700000,15105.0,15170.0,15066.7,15074.7,2296875
1612932300000,15073.85,15083.2,15006.9,15071.3,2295375
1612935900000,15070.0,15133.9,15065.55,15102.0,1307775
1612939500000,15103.8,15122.3,15064.95,15085.0,895200
1612943100000,15087.5,15091.0,14984.0,15047.05,2447925
1612946700000,15049.5,15114.8,15000.0,15110.0,2304675
1612950300000,15111.0,15161.9,15111.0,15157.0,1046700
1613015100000,15090.0,15167.9,15075.0,15148.0,2094000
1613018700000,15148.0,15165.0,15129.0,15129.0,757650
1613022300000,15130.0,15151.5,15112.1,15134.0,775950
1613025900000,15134.0,15174.95,15116.4,15145.5,1082700
1613029500000,15145.95,15163.95,15114.95,15155.0,770325
1613033100000,15154.45,15193.0,15148.5,15182.95,1279125
1613036700000,15180.75,15201.95,15179.0,15195.5,599400
1613101500000,15172.05,15215.0,15155.2,15184.5,1502850
1613105100000,15187.55,15230.0,15172.15,15228.95,1086150
1613108700000,15227.2,15236.0,15192.1,15199.2,665175
1613112300000,15197.5,15223.3,15193.0,15215.9,565425
1613115900000,15217.0,15218.1,15071.05,15108.95,2874600
1613119500000,15108.75,15159.9,15101.1,15152.5,1394550
1613123100000,15151.35,15175.0,15151.35,15161.0,830850
1613360700000,15249.0,15312.0,15240.0,15280.0,2203575
1613364300000,15281.1,15318.45,15277.55,15311.7,956025
1613367900000,15311.6,15317.45,15292.0,15308.0,584850
1613371500000,15306.9,15327.0,15295.0,15317.8,617775
1613375100000,15315.25,15324.3,15285.75,15302.95,551100
1613378700000,15305.0,15336.8,15285.0,15332.4,1251000
1613382300000,15332.45,15357.0,15325.0,15354.4,782250
1613447100000,15373.95,15430.0,15361.8,15394.75,2100075
1613450700000,15396.35,15415.5,15385.05,15390.15,756000
1613454300000,15391.0,15392.6,15340.0,15362.5,1230525
1613457900000,15363.7,15381.9,15262.0,15283.5,1988925
1613461500000,15282.0,15328.2,15246.1,15286.5,1638225
1613465100000,15285.25,15338.0,15272.2,15327.7,1158600
1613468700000,15329.15,15339.5,15322.15,15332.0,585900
1613533500000,15279.0,15289.85,15205.8,15240.0,2379675
1613537100000,15240.2,15318.5,15225.5,15299.0,1713075
1613540700000,15298.2,15308.15,15270.55,15293.3,702600
1613544300000,15293.85,15323.85,15215.15,15233.0,1338675
1613547900000,15233.5,15254.1,15165.05,15237.0,2180550
1613551500000,15241.0,15257.95,15191.0,15218.3,1288875
1613555100000,15216.95,15222.2,15186.15,15190.0,566250
1613619900000,15221.1,15238.6,15192.25,15223.2,1583175
1613623500000,15225.0,15255.3,15215.0,15223.0,922500
1613627100000,15221.75,15223.35,15130.0,15144.15,1903125
1613630700000,15144.3,15146.35,15083.7,15122.8,1566525
1613634300000,15124.2,15127.0,15065.1,15126.5,1416375
1613637900000,15128.0,15155.1,15100.0,15114.7,1406025
1613641500000,15115.3,15121.5,15105.1,15119.9,703200
1613706300000,15062.2,15107.0,15017.9,15092.0,2170725
1613709900000,15094.5,15145.0,15050.1,15068.8,1866900
1613713500000,15069.25,15112.85,15050.95,15085.0,724275
1613717100000,15086.0,15104.5,15060.75,15085.0,743625
1613720700000,15084.3,15084.8,14912.45,14913.05,3050250
1613724300000,14915.55,15007.35,14900.05,14999.0,2427000
1613727900000,14999.0,15014.3,14990.0,15001.15,906900
1613965500000,14982.0,15002.85,14876.0,14885.0,2673000
1613969100000,14886.1,14920.1,14853.0,14856.7,1526625
1613972700000,14856.0,14876.0,14786.25,14803.8,1814175
1613976300000,14802.85,14821.0,14757.0,14780.9,1665525
1613979900000,14783.5,14791.25,14686.25,14702.7,2030175
1613983500000,14700.2,14767.75,14665.1,14684.0,2065350
1613987100000,14684.3,14695.85,14639.75,14642.55,982350
1614051900000,14755.25,14774.1,14662.55,14758.75,2917875
1614055500000,14758.8,14871.0,14757.15,14838.7,2648325
1614059100000,14838.55,14852.0,14705.0,14733.0,2240700
1614062700000,14732.5,14804.3,14703.5,14799.4,1600800
1614066300000,14792.1,14808.0,14714.0,14751.75,1896150
1614069900000,14751.45,14784.95,14675.5,14732.0,2016225
1614073500000,14731.8,14734.45,14710.0,14724.0,584475
1614138300000,14755.15,14820.0,14714.5,14807.05,3006075
1614141900000,14810.0,14848.0,14776.25,14832.5,1225275
1614145500000,14833.7,14844.5,14754.05,14755.05,986325
1614159900000,14770.0,14881.8,14770.0,14878.0,1401150
1614163500000,14878.0,15024.05,14877.4,14997.1,3717600
1614224700000,15078.0,15180.9,15050.35,15123.25,3397950
1614228300000,15122.95,15149.9,15115.6,15143.25,1347525
1614231900000,15143.35,15147.9,15077.5,15089.15,1977375
1614235500000,15090.8,15139.95,15076.8,15130.0,1241775
1614239100000,15130.95,15151.0,15117.0,15141.2,1632825
1614242700000,15142.2,15178.95,15080.2,15098.45,2203725
1614246300000,15096.5,15100.0,15093.6,15096.5,333075
1614311100000,14948.0,14949.95,14814.85,14890.7,5311125
1614314700000,14892.75,14892.75,14707.0,14750.0,4100250
1614318300000,14748.05,14750.0,14607.0,14608.5,4439700
1614321900000,14607.0,14663.8,14550.1,14596.8,3504300
1614325500000,14596.55,14721.5,14577.25,14713.35,2881500
1614329100000,14711.55,14728.0,14555.65,14581.6,4318425
1614332700000,14584.8,14585.95,14521.65,14565.25,1734900
1614570300000,14709.95,14791.0,14658.5,14753.65,3666450
1614573900000,14753.25,14839.45,14753.25,14819.1,1563900
1614577500000,14819.1,14828.0,14716.75,14753.25,1762125
1614581100000,14752.4,14783.0,14676.05,14771.05,1667550
1614584700000,14772.5,14829.85,14734.4,14803.4,1321425
1614588300000,14800.9,14827.85,14733.5,14795.05,1401750
1614591900000,14794.4,14822.1,14793.3,14820.5,633000
1614656700000,14845.0,14960.0,14816.0,14954.25,3588675
1614660300000,14952.95,14958.0,14835.0,14836.0,1882275
1614663900000,14834.55,14878.65,14776.2,14862.05,2285775
1614667500000,14862.9,14876.3,14807.5,14833.25,913500
1614671100000,14833.25,14915.5,14803.3,14895.0,1740975
1614674700000,14895.0,14983.45,14840.0,14969.85,2005425
1614678300000,14968.65,14989.75,14965.6,14983.05,1350600
1614743100000,15062.0,15089.95,15034.55,15071.2,2372925
1614746700000,15073.75,15135.6,15069.9,15114.0,1739475
1614750300000,15112.15,15166.85,15107.45,15162.1,1146750
1614753900000,15162.45,15200.0,15142.35,15180.05,1109850
1614757500000,15182.55,15234.05,15181.3,15190.0,1446225
1614761100000,15192.95,15305.0,15185.05,15300.1,2383200
1614764700000,15298.9,15318.0,15296.0,15299.95,929625
1614829500000,15047.95,15124.1,14992.1,15076.4,5448375
1614833100000,15076.95,15159.4,15036.0,15155.5,1963050
1614836700000,15156.0,15200.0,15124.2,15152.05,1883100
1614840300000,15152.05,15235.0,15141.1,15225.0,1478100
1614843900000,15225.0,15229.0,15123.65,15175.75,1972200
1614847500000,15176.35,15204.0,15081.25,15105.05,1941375
1614851100000,15106.25,15108.3,15090.0,15108.0,784425
1614915900000,14970.0,15098.1,14942.2,15066.95,4062675
1614919500000,15066.0,15068.75,14952.7,15015.1,2339700
1614923100000,15015.0,15058.25,14987.6,15018.0,1207050
1614926700000,15016.0,15067.95,14994.0,15007.2,1113825
1614930300000,15009.9,15039.05,14861.85,14892.95,3036225
1614933900000,14892.55,14977.95,14864.8,14975.8,2642250
1614937500000,14974.05,14983.0,14949.4,14979.1,661575
1615175100000,15001.2,15140.0,14980.1,15115.35,3194775
1615178700000,15115.95,15119.35,14968.5,15043.95,2820825
1615182300000,15045.0,15079.8,15016.15,15028.7,1234050
1615185900000,15028.45,15059.5,14965.1,15016.7,1240500
1615189500000,15018.5,15029.5,14940.0,14989.0,2047800
1615193100000,14990.05,15071.8,14927.15,14978.9,2414550
1615196700000,14978.8,14994.9,14972.8,14978.6,658425
1615261500000,15075.2,15148.0,15056.0,15085.0,3028800
1615265100000,15085.0,15107.0,15072.3,15086.35,755325
1615268700000,15086.4,15130.0,15085.0,15085.0,1140825
1615272300000,15085.35,15092.0,14996.65,14999.75,1944150
1615275900000,14997.6,15044.1,14953.25,15017.9,2442375
1615279500000,15016.75,15144.0,15001.3,15144.0,2196675
1615283100000,15144.0,15179.85,15136.95,15140.25,1203750
1615347900000,15251.1,15262.15,15192.0,15218.55,2411700
1615351500000,15217.2,15220.0,15165.0,15175.0,822075
1615355100000,15173.5,15189.35,15141.05,15152.05,818775
1615358700000,15152.4,15194.0,15131.05,15191.1,924750
1615362300000,15191.5,15228.2,15158.0,15221.9,1061775
1615365900000,15222.4,15234.35,15187.1,15206.2,1384575
1615369500000,15208.95,15219.9,15204.15,15205.0,651975
1615520700000,15362.1,15375.0,15311.75,15328.1,2206125
1615524300000,15327.3,15332.0,15295.25,15306.3,723225
1615527900000,15306.3,15328.75,15285.0,15287.5,624150
1615531500000,15286.2,15288.2,15222.1,15230.0,1801125
1615535100000,15230.1,15242.0,15010.0,15010.0,4370700
1615538700000,15010.0,15086.3,14961.55,15047.7,3327975
1615542300000,15053.0,15059.25,15028.05,15036.4,771750
1615779900000,15050.0,15068.95,14836.55,14884.05,3748350
1615783500000,14882.0,14928.0,14816.1,14835.0,1524225
1615787100000,14834.5,14875.0,14793.05,14840.0,1488675
1615790700000,14841.05,14844.9,14771.0,14798.15,1294050
1615794300000,14797.0,14878.8,14785.55,14849.0,1572075
1615797900000,14849.0,15013.75,14836.4,14960.05,2520675
1615801500000,14962.45,14978.0,14937.15,14947.9,699525
1615866300000,15008.0,15036.7,14957.0,15003.0,2578050
1615869900000,15003.0,15082.2,14998.65,15056.95,1817175
1615873500000,15057.95,15067.95,14980.35,15014.1,1599600
1615877100000,15018.0,15049.0,14939.3,14963.15,1034850
1615880700000,14962.0,15003.7,14915.2,14944.0,2054625
1615884300000,14944.0,15005.75,14930.0,14945.85,1316625
1615887900000,14948.0,14974.2,14943.15,14974.2,581100
1615952700000,14968.0,14968.0,14887.5,14892.85,1998600
1615956300000,14892.7,14912.85,14872.3,14902.2,1117950
1615959900000,14901.45,14981.15,14892.45,14898.9,1767000
1615963500000,14897.5,14908.95,14856.0,14870.0,1472325
1615967100000,14870.05,14903.8,14815.55,14831.0,1463325
1615970700000,14830.0,14846.95,14741.2,14747.5,2250375
1615974300000,14748.6,14773.25,14748.6,14755.1,913125
1616039100000,14868.25,14900.25,14837.9,14845.0,2840775
1616042700000,14844.05,14851.5,14794.8,14815.7,1282800
1616046300000,14816.6,14856.0,14801.0,14854.0,799500
1616049900000,14854.0,14858.75,14732.0,14735.75,1395900
1616053500000,14736.0,14744.85,14531.65,14538.9,3660300
1616057100000,14536.25,14609.15,14506.5,14604.25,3009225
1616060700000,14604.5,14608.8,14574.45,14604.0,919050
1616125500000,14499.8,14530.0,14371.3,14504.0,4495575
1616129100000,14504.4,14648.85,14464.1,14620.1,2799675
1616132700000,14619.5,14632.6,14512.4,14528.05,1828350
1616136300000,14526.6,14609.0,14495.05,14587.15,1458225
1616139900000,14587.3,14714.85,14572.9,14694.5,2568225
1616143500000,14692.5,14805.0,14654.25,14764.15,3335625
1616147100000,14762.0,14762.0,14725.05,14750.6,1196100
1616384700000,14741.05,14779.9,14665.1,14743.15,2768775
1616388300000,14743.5,14749.65,14644.0,14687.5,1592100
1616391900000,14688.2,14729.85,14658.55,14690.0,1067625
1616395500000,14690.0,14690.0,14601.85,14631.1,1728000
1616399100000,14629.9,14725.0,14600.0,14704.9,1862850
1616402700000,14701.1,14764.95,14653.1,14760.0,1774200
1616406300000,14760.2,14765.0,14742.55,14756.0,565725
1616471100000,14752.1,14848.0,14730.0,14782.75,2849175
1616474700000,14782.45,14881.35,14751.5,14816.95,2451750
1616478300000,14817.55,14835.25,14713.55,14768.45,2240175
1616481900000,14768.0,14814.5,14737.55,14801.0,1230900
1616485500000,14801.6,14837.0,14750.4,14825.0,1522950
1616489100000,14824.5,14900.0,14816.8,14839.3,2943825
1616492700000,14838.0,14842.75,14805.75,14827.0,950850
1616557500000,14733.75,14762.7,14667.1,14671.0,2998275
1616561100000,14671.4,14671.4,14602.95,14623.9,2152575
1616564700000,14623.25,14640.05,14572.5,14620.45,1670775
1616568300000,14621.2,14667.0,14600.0,14610.0,1156950
1616571900000,14608.9,14667.0,14595.6,14630.35,1240950
1616575500000,14633.0,14675.1,14535.0,14554.65,2493300
1616579100000,14556.55,14571.8,14550.0,14568.0,630975
1616643900000,14560.0,14560.0,14410.5,14432.0,2319750
1616647500000,14432.0,14438.0,14370.15,14375.5,1786950
1616651100000,14378.05,14400.25,14286.25,14315.0,1891800
1616654700000,14314.0,14327.45,14261.25,14292.0,1352250
1616658300000,14290.05,14444.0,14285.05,14400.0,2356050
1616661900000,14400.0,14500.0,14290.55,14317.25,2812875
1616665500000,14317.0,14328.35,14310.1,14324.5,765900
1616730300000,14555.0,14595.0,14501.0,14570.0,3281175
1616733900000,14570.05,14617.15,14532.0,14570.0,1652775
1616737500000,14567.8,14657.3,14550.0,14634.0,1690875
1616741100000,14634.0,14667.0,14595.4,14626.4,1366800
1616744700000,14624.0,14675.0,14592.5,14640.0,1270650
1616748300000,14636.55,14651.5,14576.15,14594.0,1589100
1616751900000,14591.2,14633.15,14571.0,14622.2,764550
1617075900000,14700.0,14820.0,14687.0,14819.45,3511050
1617079500000,14820.0,14860.0,14820.0,14835.0,2028225
1617083100000,14833.95,14871.2,14787.65,14803.55,2148075
1617086700000,14803.35,14850.0,14791.1,14828.0,1166100
1617090300000,14828.5,14918.2,14822.3,14911.35,2202600
1617093900000,14912.15,14949.0,14897.05,14919.85,2193675
1617097500000,14918.0,14920.0,14901.7,14914.0,1167150
1617162300000,14871.05,14876.0,14808.0,14816.4,2876175
1617165900000,14818.2,14825.0,14761.95,14801.55,1959975
1617169500000,14803.75,14815.3,14771.65,14794.4,1034025
1617173100000,14793.35,14847.25,14785.0,14807.0,1021875
1617176700000,14806.95,14811.9,14720.7,14792.0,1834800
1617180300000,14792.0,14807.25,14730.0,14755.35,1647375
1617183900000,14752.15,14768.0,14745.05,14765.95,891975
1617248700000,14823.1,14879.0,14811.0,14836.0,2465100
1617252300000,14834.5,14850.85,14760.1,14802.0,1360575
1617255900000,14801.0,14844.9,14782.05,14831.0,850425
1617259500000,14833.0,14900.0,14808.25,14887.65,1468125
1617263100000,14888.1,14947.95,14888.1,14944.85,2246775
1617266700000,14945.2,14975.0,14944.6,14967.05,1841625
1617270300000,14967.15,14972.85,14934.0,14937.0,1193850
1617594300000,14890.0,14899.85,14594.4,14612.0,5129625
1617597900000,14605.75,14609.0,14500.1,14516.25,2950650
1617601500000,14514.1,14583.0,14490.0,14572.25,1527675
1617605100000,14571.65,14635.0,14563.0,14610.0,1562400
1617608700000,14610.0,14700.0,14598.45,14695.0,2105625
1617612300000,14694.4,14739.9,14676.2,14696.35,1752825
1617615900000,14694.0,14712.0,14684.35,14706.6,651600
1617680700000,14750.1,14809.25,14616.0,14774.75,3208800
1617684300000,14774.45,14828.8,14720.15,14817.0,1557075
1617687900000,14818.5,14849.0,14772.7,14793.4,1373700
1617691500000,14793.4,14809.95,14660.0,14765.25,2348475
1617695100000,14766.1,14771.55,14685.05,14719.0,1261200
1617698700000,14716.7,14752.45,14697.45,14744.95,959775
1617702300000,14746.75,14767.4,14746.75,14765.0,557625
1617767100000,14750.0,14863.95,14701.0,14843.05,2925450
1617770700000,14845.0,14935.35,14808.35,14927.3,1975800
1617774300000,14930.0,14943.0,14887.05,14932.0,1229250
1617777900000,14931.0,14950.0,14903.0,14936.55,786450
1617781500000,14936.4,14939.3,14839.2,14910.0,1845825
1617785100000,14910.6,14936.75,14882.0,14888.9,1169625
1617788700000,14888.0,14895.5,14871.75,14884.65,599100
1617853500000,14939.8,15020.0,14925.5,15002.0,2163000
1617857100000,15000.05,15034.45,14994.65,15010.2,1103625
1617860700000,15010.0,15024.0,14953.75,14955.95,1177650
1617864300000,14955.95,15019.6,14950.0,14996.75,838725
1617867900000,14997.7,15044.7,14997.15,15014.0,1347450
1617871500000,15013.35,15017.5,14873.25,14921.5,2555775
1617875100000,14921.5,14947.9,14919.4,14937.45,559725
1617939900000,14901.1,14967.45,14852.25,14955.0,2601450
1617943500000,14957.9,14963.0,14883.85,14891.95,1104750
1617947100000,14890.0,14926.95,14876.65,14899.0,896100
1617950700000,14896.65,14936.7,14893.1,14903.05,811425
1617954300000,14905.25,14922.15,14810.0,14867.6,1903200
1617957900000,14867.0,14918.0,14864.0,14887.05,1242150
1617961500000,14887.2,14901.0,14883.2,14893.05,399825
1618199100000,14689.7,14689.7,14424.0,14471.35,5857800
1618202700000,14470.75,14484.6,14402.0,14445.0,2007900
1618206300000,14445.9,14450.1,14320.0,14348.4,2290200
1618209900000,14348.4,14391.0,14334.1,14348.7,1210800
1618213500000,14352.55,14376.0,14315.05,14344.15,1323075
1618217100000,14346.2,14371.3,14282.0,14334.0,2050950
1618220700000,14335.0,14370.0,14335.0,14367.0,964800
1618285500000,14388.5,14472.7,14304.1,14466.35,2890350
1618289100000,14468.65,14473.0,14377.0,14384.65,1503750
1618292700000,14385.0,14388.15,14325.85,14354.45,1435350
1618296300000,14354.25,14434.2,14344.1,14364.95,1310175
1618299900000,14363.0,14523.95,14346.5,14509.1,2094600
1618303500000,14509.1,14550.0,14491.1,14537.6,2497650
1618307100000,14537.95,14563.0,14536.1,14556.0,991950
1618458300000,14574.0,14615.5,14468.0,14486.75,4910925
1618461900000,14483.25,14493.0,14382.65,14393.0,2136375
1618465500000,14393.1,14486.05,14374.25,14455.5,1463775
1618469100000,14456.0,14486.7,14434.25,14451.25,970425
1618472700000,14451.25,14557.35,14435.0,14540.65,1672650
1618476300000,14541.05,14598.05,14500.0,14597.75,1786350
1618479900000,14598.05,14603.55,14591.1,14597.5,920025
1618544700000,14605.65,14689.0,14582.25,14667.6,2454225
1618548300000,14669.0,14708.85,14663.5,14692.85,1361700
1618551900000,14696.0,14718.5,14645.4,14675.05,1264800
1618555500000,14677.0,14703.35,14652.4,14679.5,806700
1618559100000,14681.4,14696.9,14657.6,14681.0,1014750
1618562700000,14684.0,14733.35,14640.0,14642.55,2083950
1618566300000,14642.0,14649.75,14618.7,14621.3,834000
1618803900000,14399.0,14399.0,14213.0,14311.0,5886975
1618807500000,14309.9,14347.95,14260.0,14323.0,1748925
1618811100000,14323.0,14323.0,14266.2,14287.0,1043625
1618814700000,14287.0,14329.55,14277.65,14325.85,703275
1618818300000,14326.75,14408.85,14316.0,14374.8,2183475
1618821900000,14375.35,14383.0,14312.6,14374.0,2147700
1618825500000,14373.2,14384.6,14365.05,14382.0,829875
1618890300000,14502.3,14535.5,14461.0,14468.2,2966700
1618893900000,14468.2,14490.8,14439.5,14451.15,1055775
1618897500000,14451.0,14453.0,14408.35,14418.1,1160625
1618901100000,14418.0,14427.1,14351.7,14396.25,1573425
1618904700000,14397.0,14412.5,14373.35,14379.35,927525
1618908300000,14381.0,14393.65,14225.55,14320.0,3700800
1618911900000,14322.0,14323.85,14283.1,14290.0,742800
1619063100000,14200.0,14277.7,14155.0,14249.3,2968200
1619066700000,14249.0,14295.0,14232.75,14255.0,1266525
1619070300000,14253.1,14342.65,14250.0,14329.85,1775400
1619073900000,14329.75,14379.9,14293.0,14348.25,1666800
1619077500000,14348.1,14414.7,14319.85,14406.0,1877925
1619081100000,14405.15,14434.0,14353.05,14400.0,1794900
1619084700000,14399.25,14409.0,14388.85,14406.0,745500
1619149500000,14335.05,14395.8,14321.5,14386.0,2321775
1619153100000,14387.1,14457.55,14378.3,14452.5,1735050
1619156700000,14453.0,14468.55,14412.35,14431.0,1077375
1619160300000,14429.0,14430.2,14367.2,14392.4,1221750
1619163900000,14393.0,14432.9,14342.0,14345.95,1483950
1619167500000,14345.15,14380.0,14263.55,14337.3,2942025
1619171100000,14337.3,14345.0,14331.0,14332.1,601950
1619408700000,14442.35,14552.45,14423.4,14525.0,3042075
1619412300000,14525.35,14542.0,14497.8,14531.55,1103175
1619415900000,14532.95,14535.6,14500.0,14511.0,617100
1619419500000,14511.0,14526.95,14477.4,14500.0,1439700
1619423100000,14500.75,14523.1,14462.0,14484.0,1385475
1619426700000,14484.0,14494.0,14445.45,14481.1,1260300
1619430300000,14482.0,14495.8,14480.0,14486.0,612075
1619495100000,14500.0,14582.75,14476.0,14568.5,2215950
1619498700000,14568.05,14592.15,14546.1,14583.75,917850
1619502300000,14584.15,14620.0,14567.0,14619.4,1023900
1619505900000,14619.15,14623.95,14588.1,14596.35,950175
1619509500000,14594.5,14638.0,14581.4,14624.1,1222800
1619513100000,14625.05,14658.75,14617.1,14647.0,1231500
1619516700000,14645.0,14652.75,14640.0,14645.1,780600
1619581500000,14702.25,14758.35,14685.0,14745.0,1746075
1619585100000,14745.0,14776.7,14727.7,14767.9,1107075
1619588700000,14767.9,14789.75,14759.2,14786.0,783975
1619592300000,14786.1,14862.9,14779.2,14862.0,1671000
1619595900000,14861.65,14875.05,14832.0,14868.0,1784475
1619599500000,14868.6,14890.8,14851.5,14853.85,1581150
1619603100000,14853.5,14856.8,14842.65,14846.0,784875
1619667900000,15010.0,15035.0,14900.1,14919.3,2501175
1619671500000,14922.2,14937.15,14812.3,14841.25,1716900
1619675100000,14838.25,14928.95,14835.55,14905.2,1327425
1619678700000,14907.0,14953.0,14886.2,14908.7,1169925
1619682300000,14911.05,14961.15,14869.0,14900.0,1465875
1619685900000,14900.0,14925.95,14875.3,14898.3,1207425
1619689500000,14896.9,14900.55,14892.05,14897.1,415050
1619754300000,14802.0,14890.0,14755.0,14833.0,3620400
1619757900000,14831.7,14865.8,14819.5,14849.0,791250
1619761500000,14849.0,14861.0,14810.4,14825.95,828825
1619765100000,14823.5,14863.7,14794.05,14807.0,953025
1619768700000,14807.0,14822.7,14710.8,14733.0,3006525
1619772300000,14730.75,14767.0,14686.9,14695.0,1987425
1619775900000,14695.0,14697.9,14660.75,14664.0,1290750
1620013500000,14541.65,14607.0,14461.9,14583.9,3628800
1620017100000,14584.3,14643.0,14553.0,14590.0,1312125
1620020700000,14588.0,14615.0,14562.0,14612.55,759975
1620024300000,14612.8,14646.9,14576.0,14640.0,924675
1620027900000,14641.45,14656.0,14579.45,14606.15,1148325
1620031500000,14606.0,14744.8,14602.65,14680.1,2567175
1620035100000,14680.0,14700.0,14672.05,14696.9,725775
1620099900000,14708.25,14765.0,14625.05,14695.05,2521350
1620103500000,14691.7,14738.95,14677.15,14734.0,1011450
1620107100000,14734.95,14761.85,14711.0,14721.0,882375
1620110700000,14722.5,14742.15,14615.75,14619.4,1519650
1620114300000,14614.85,14688.5,14600.0,14645.9,1931625
1620117900000,14646.9,14675.0,14510.75,14556.9,2865750
1620121500000,14555.7,14561.05,14543.1,14552.0,696525
1620186300000,14625.05,14648.0,14549.3,14600.0,2528850
1620189900000,14601.5,14661.15,14582.3,14607.0,1442700
1620193500000,14607.6,14629.15,14575.05,14618.25,1140300
1620197100000,14618.25,14698.1,14595.2,14679.6,1685850
1620200700000,14678.3,14695.95,14590.1,14600.9,1705050
1620204300000,14599.25,14681.7,14591.95,14680.75,1117950
1620207900000,14683.0,14695.0,14677.1,14695.0,742500
1620272700000,14717.95,14746.0,14687.15,14702.35,2107500
1620276300000,14706.9,14715.35,14666.25,14692.0,1072875
1620279900000,14692.0,14722.0,14657.45,14716.5,906375
1620283500000,14716.05,14788.0,14710.0,14778.4,2048775
1620287100000,14776.75,14783.05,14735.0,14753.1,1334400
1620290700000,14752.45,14774.85,14731.0,14763.15,1219500
1620294300000,14763.05,14785.1,14762.85,14781.0,825675
1620359100000,14835.0,14908.0,14831.05,14876.1,2120250
1620362700000,14878.3,14883.0,14832.8,14850.85,917850
1620366300000,14850.85,14877.95,14816.95,14833.0,751275
1620369900000,14830.0,14849.9,14809.3,14820.2,887175
1620373500000,14819.0,14887.0,14803.1,14873.05,1039050
1620377100000,14873.0,14899.8,14857.4,14872.4,1131900
1620380700000,14874.0,14874.0,14857.2,14858.0,570150
1620618300000,14968.25,14993.8,14939.05,14966.3,2052000
1620621900000,14965.3,14988.0,14962.5,14975.8,758475
1620625500000,14977.05,15003.0,14975.0,14985.55,653550
1620629100000,14985.55,15015.0,14974.1,14980.0,790350
1620632700000,14980.0,15006.0,14965.0,14993.05,495375
1620636300000,14993.35,15023.35,14981.0,14984.0,1009050
1620639900000,14984.1,14993.95,14971.85,14993.9,733350
1620704700000,14798.0,14878.0,14785.0,14874.95,2749050
1620708300000,14875.55,14880.0,14855.9,14865.8,599400
1620711900000,14868.15,14933.8,14866.45,14925.55,1265850
1620715500000,14927.0,14939.5,14874.2,14875.0,1011225
1620719100000,14875.5,14875.5,14827.25,14862.5,1339800
1620722700000,14862.1,14888.6,14850.0,14885.0,945225
1620726300000,14885.0,14886.45,14872.7,14875.0,477975
1620791100000,14842.1,14842.1,14734.0,14743.9,3439275
1620794700000,14745.2,14759.95,14718.6,14723.7,2015700
1620798300000,14720.4,14774.9,14706.2,14774.9,1332375
1620801900000,14774.9,14798.05,14758.0,14792.1,893775
1620805500000,14793.3,14804.95,14735.5,14761.35,1343100
1620809100000,14760.1,14773.45,14662.95,14718.4,2008650
1620812700000,14718.75,14724.7,14706.1,14708.85,777825
1620963900000,14710.0,14749.0,14636.0,14711.0,3005100
1620967500000,14708.5,14734.4,14682.6,14694.35,1063500
1620971100000,14695.0,14718.75,14620.0,14652.85,1502100
1620974700000,14652.9,14704.0,14644.75,14685.0,991875
1620978300000,14684.0,14720.0,14661.0,14692.25,1110525
1620981900000,14692.9,14755.95,14676.6,14712.4,1725150
1620985500000,14710.0,14725.4,14709.4,14717.5,732300
1621223100000,14762.3,14838.05,14744.05,14834.0,2432325
1621226700000,14834.35,14854.4,14820.05,14834.05,1169775
1621230300000,14834.05,14862.3,14829.8,14853.95,813825
1621233900000,14855.6,14888.0,14849.7,14859.95,1007700
1621237500000,14860.6,14919.95,14852.55,14903.75,1047300
1621241100000,14903.0,14960.0,14898.0,14951.15,1533750
1621244700000,14950.8,14959.0,14945.0,14955.4,794400
1621309500000,15080.3,15153.0,15072.2,15090.4,3616875
1621313100000,15089.45,15168.0,15089.45,15158.0,1160925
1621316700000,15158.2,15164.55,15137.1,15154.65,736275
1621320300000,15153.0,15158.0,15120.0,15133.25,717825
1621323900000,15134.0,15175.0,15131.3,15147.0,871050
1621327500000,15147.65,15158.9,15111.0,15140.0,1244775
1621331100000,15140.5,15153.25,15140.0,15151.0,565050
1621395900000,15081.6,15157.8,15060.3,15125.1,1491150
1621399500000,15125.55,15133.9,15097.0,15117.2,788475
1621403100000,15117.3,15146.0,15090.1,15141.2,780000
1621406700000,15143.0,15145.0,15100.5,15109.9,579750
1621410300000,15108.6,15117.7,15035.2,15054.5,1443525
1621413900000,15055.0,15100.5,15043.2,15063.1,1058850
1621417500000,15063.2,15066.95,15046.6,15049.85,501300
1621482300000,15040.0,15084.85,14978.25,15039.0,1918875
1621485900000,15039.0,15045.0,15002.0,15025.0,724500
1621489500000,15023.9,15035.35,15010.15,15022.05,378825
1621493100000,15022.0,15023.0,14992.75,15005.0,613125
1621496700000,15005.0,15022.0,14973.0,14985.25,979650
1621500300000,14985.0,14985.0,14911.65,14938.0,2427825
1621503900000,14938.3,14949.25,14925.65,14938.0,534375
1621568700000,15011.0,15097.0,14992.0,15081.05,2695425
1621572300000,15082.0,15139.95,15082.0,15128.3,1579425
1621575900000,15130.95,15147.7,15111.0,15121.3,1054725
1621579500000,15121.35,15136.45,15102.2,15108.5,649725
1621583100000,15108.5,15152.6,15100.2,15147.75,762750
1621586700000,15147.75,15213.0,15146.9,15211.4,2069550
1621590300000,15211.3,15224.75,15205.15,15220.9,820200
1621827900000,15230.05,15249.95,15150.0,15184.7,2586600
1621831500000,15184.85,15227.1,15183.0,15215.0,701550
1621835100000,15212.45,15225.95,15195.7,15215.85,457725
1621838700000,15215.4,15237.95,15181.15,15227.2,787200
1621842300000,15227.15,15229.0,15190.15,15202.95,603975
1621845900000,15202.9,15258.9,15197.5,15212.85,1332300
1621849500000,15211.85,15211.85,15181.5,15190.1,672750
1621914300000,15281.05,15299.4,15253.0,15270.0,1596600
1621917900000,15270.0,15280.3,15243.0,15244.75,716625
1621921500000,15244.6,15272.5,15231.4,15259.1,682200
1621925100000,15259.5,15269.75,15241.5,15251.8,578700
1621928700000,15252.4,15254.4,15170.0,15173.85,1884975
1621932300000,15176.9,15228.85,15160.0,15211.6,1812075
1621935900000,15211.45,15235.0,15210.0,15232.2,530700
1622000700000,15255.2,15255.25,15197.2,15241.2,1470075
1622004300000,15241.0,15302.85,15235.05,15300.15,1446000
1622007900000,15301.1,15305.65,15271.0,15299.0,1009125
1622011500000,15298.3,15317.65,15287.7,15292.4,1202175
1622015100000,15293.6,15316.0,15276.35,15299.0,906375
1622018700000,15299.0,15324.0,15282.85,15305.5,1127925
1622022300000,15306.75,15315.35,15301.7,15305.65,577200
1622087100000,15329.0,15329.0,15274.2,15304.0,1330200
1622090700000,15303.45,15333.0,15294.9,15325.7,958125
1622094300000,15325.7,15364.15,15321.0,15350.0,1379100
1622097900000,15350.9,15358.15,15334.15,15352.15,972600
1622101500000,15350.35,15365.4,15301.0,15306.9,1102125
1622105100000,15308.7,15340.0,15277.5,15331.55,1750650
1622108700000,15331.0,15343.45,15330.35,15340.35,454425
1622173500000,15435.05,15492.0,15435.05,15461.0,1821975
1622177100000,15460.8,15474.9,15430.0,15430.25,799800
1622180700000,15430.0,15468.8,15420.0,15462.6,672300
1622184300000,15462.0,15470.0,15445.6,15457.45,420225
1622187900000,15459.0,15500.0,15443.25,15478.0,1102875
1622191500000,15477.95,15486.7,15442.35,15463.75,1107825
1622195100000,15461.6,15479.9,15460.55,15478.0,509550
1622432700000,15458.0,15528.85,15410.1,15523.65,2248350
1622436300000,15522.0,15547.3,15511.75,15539.8,906900
1622439900000,15539.1,15555.75,15526.7,15552.0,652725
1622443500000,15551.95,15593.85,15545.55,15581.3,810150
1622447100000,15581.1,15592.65,15552.05,15588.15,736050
1622450700000,15588.0,15599.7,15571.5,15589.2,878925
1622454300000,15587.0,15591.8,15571.0,15571.0,782175
1622519100000,15612.5,15660.0,15600.1,15611.85,1954125
1622522700000,15611.15,15614.45,15560.0,15576.15,1222800
1622526300000,15576.0,15597.3,15546.1,15594.35,1036125
1622529900000,15590.55,15613.3,15578.15,15608.0,673125
1622533500000,15608.2,15653.85,15571.45,15591.0,1256475
1622537100000,15591.4,15625.0,15590.0,15619.0,896400
1622540700000,15618.9,15627.4,15618.1,15623.4,556950
1622605500000,15584.0,15588.0,15516.05,15536.2,2100975
1622609100000,15533.85,15548.7,15518.95,15542.75,480525
1622612700000,15544.0,15554.0,15520.2,15532.15,436875
1622616300000,15530.0,15553.6,15507.65,15512.0,700200
1622619900000,15511.0,15551.4,15502.4,15539.25,717825
1622623500000,15539.35,15620.0,15534.0,15618.0,1670925
1622627100000,15616.0,15632.6,15616.0,15628.95,611250
1622691900000,15689.9,15704.65,15670.0,15687.0,1765875
1622695500000,15687.95,15693.0,15672.1,15679.95,430050
1622699100000,15677.3,15698.3,15674.0,15686.9,400725
1622702700000,15687.0,15687.7,15659.5,15664.05,605025
1622706300000,15664.05,15715.25,15635.7,15708.0,1094325
1622709900000,15708.75,15719.1,15685.0,15713.4,1025475
1622713500000,15712.55,15719.95,15706.0,15718.0,676500
1622778300000,15714.95,15750.0,15702.0,15743.0,1341375
1622781900000,15743.0,15756.0,15694.1,15698.9,968550
1622785500000,15698.9,15704.65,15665.0,15684.0,887625
1622789100000,15685.0,15731.0,15685.0,15695.9,721725
1622792700000,15697.2,15706.45,15654.0,15691.5,881475
1622796300000,15691.7,15713.5,15677.0,15701.55,606975
1622799900000,15699.5,15707.35,15695.05,15699.95,508500
1623037500000,15769.0,15769.0,15705.9,15745.0,1025400
1623041100000,15745.0,15773.0,15741.05,15766.0,726225
1623044700000,15766.0,15766.95,15750.2,15751.0,284700
1623048300000,15752.0,15765.0,15732.55,15765.0,445125
1623051900000,15764.9,15792.4,15761.25,15783.75,714225
1623055500000,15783.8,15807.85,15780.0,15786.0,875925
1623059100000,15786.35,15786.35,15778.2,15783.75,525900
1623123900000,15787.0,15787.0,15701.1,15717.9,1868325
1623127500000,15717.9,15747.0,15711.05,15737.9,696750
1623131100000,15739.95,15761.9,15722.55,15737.55,597975
1623134700000,15737.5,15757.8,15735.1,15745.1,308700
1623138300000,15747.0,15783.5,15740.25,15755.5,643725
1623141900000,15755.0,15790.0,15751.0,15766.6,696150
1623145500000,15768.0,15771.0,15763.5,15764.05,317550
1623210300000,15778.2,15800.0,15734.0,15792.0,1495950
1623213900000,15792.0,15796.25,15780.0,15794.0,399825
1623217500000,15793.6,15806.95,15788.1,15802.35,455250
1623221100000,15803.0,15814.65,15661.25,15679.65,1756875
1623224700000,15678.55,15715.0,15624.05,15703.35,2553975
1623228300000,15704.35,15712.9,15594.05,15666.0,2773725
1623231900000,15666.0,15675.0,15659.0,15667.8,488175
1623296700000,15682.2,15719.0,15656.95,15705.15,1709250
1623300300000,15704.8,15737.0,15704.8,15714.4,905700
1623303900000,15715.0,15760.05,15712.2,15745.5,811425
1623307500000,15745.5,15750.0,15705.15,15719.95,668925
1623311100000,15719.1,15767.8,15719.1,15739.25,770250
1623314700000,15739.65,15764.7,15736.35,15744.1,1315725
1623318300000,15743.95,15759.0,15742.55,15755.0,679125
1623383100000,15809.0,15844.85,15791.15,15827.05,1493850
1623386700000,15828.5,15855.8,15821.0,15830.25,741300
1623390300000,15830.35,15831.75,15760.1,15772.45,1378425
1623393900000,15772.0,15813.95,15767.7,15803.75,720075
1623397500000,15804.05,15830.95,15777.55,15824.85,693750
1623401100000,15825.0,15826.35,15799.05,15816.0,666975
1623404700000,15815.65,15824.8,15814.45,15822.0,570225
1623642300000,15728.0,15784.85,15630.65,15741.9,3529650
1623645900000,15740.2,15744.75,15699.0,15716.0,681150
1623649500000,15713.85,15735.25,15704.0,15727.8,596250
1623653100000,15727.0,15759.9,15720.75,15736.0,773475
1623656700000,15735.4,15837.1,15733.6,15817.4,1448025
1623660300000,15819.2,15848.1,15800.4,15829.0,996225
1623663900000,15829.35,15838.95,15828.7,15836.0,480375
1623728700000,15866.6,15900.0,15853.95,15883.9,1352025
1623732300000,15883.75,15898.45,15881.0,15890.75,592200
1623735900000,15891.0,15895.0,15878.25,15887.0,279750
1623739500000,15889.05,15909.0,15884.4,15892.05,534825
1623743100000,15892.05,15903.0,15866.85,15895.15,615300
1623746700000,15896.3,15904.3,15875.0,15885.35,504300
1623750300000,15884.0,15885.7,15870.0,15870.0,466875
1623815100000,15859.0,15885.0,15831.0,15842.1,1255575
1623818700000,15842.0,15844.5,15783.8,15805.8,1508100
1623822300000,15807.0,15827.0,15800.1,15811.0,528375
1623825900000,15811.0,15821.0,15776.9,15809.65,626025
1623829500000,15809.6,15840.75,15801.1,15833.95,764025
1623833100000,15832.55,15848.9,15790.2,15793.85,1232325
1623836700000,15794.85,15800.05,15766.15,15778.0,1067550
1623901500000,15671.05,15744.45,15656.65,15741.95,2066925
1623905100000,15742.0,15777.6,15740.1,15756.55,988800
1623908700000,15757.0,15757.5,15710.0,15722.6,764250
1623912300000,15720.05,15748.7,15703.0,15730.5,744750
1623915900000,15729.9,15735.0,15662.3,15662.3,837300
1623919500000,15661.55,15706.8,15626.0,15703.5,2586075
1623923100000,15705.0,15705.0,15677.55,15678.3,751650
1623987900000,15758.0,15774.0,15571.25,15623.0,3251025
1623991500000,15623.8,15628.0,15465.1,15540.55,2779500
1623995100000,15540.55,15582.4,15533.1,15564.0,1026000
1623998700000,15563.35,15613.45,15560.0,15580.0,960225
1624002300000,15580.0,15647.5,15559.25,15629.15,1047975
1624005900000,15633.45,15692.8,15617.0,15688.95,1708725
1624009500000,15691.15,15731.0,15689.15,15727.6,1125675
1624247100000,15548.0,15598.0,15509.5,15584.7,2561700
1624250700000,15585.0,15623.4,15583.05,15591.5,859500
1624254300000,15593.0,15627.45,15581.1,15603.5,574350
1624257900000,15603.1,15694.0,15595.0,15688.0,966975
1624261500000,15689.35,15719.25,15651.0,15715.65,1138725
1624265100000,15716.2,15747.7,15702.0,15747.65,1476000
1624268700000,15745.0,15760.2,15745.0,15749.45,592575
1624333500000,15810.0,15864.3,15800.0,15862.75,1702125
1624337100000,15860.75,15876.35,15854.1,15859.65,921300
1624340700000,15857.7,15869.3,15838.45,15858.25,654600
1624344300000,15860.9,15860.9,15822.2,15841.1,1031700
1624347900000,15841.2,15845.0,15795.95,15810.55,1035825
1624351500000,15810.55,15843.6,15753.95,15779.45,1713675
1624355100000,15779.4,15779.45,15751.1,15757.0,571425
1624419900000,15792.2,15864.6,15756.8,15757.3,1559025
1624423500000,15759.0,15796.2,15720.0,15774.5,1146825
1624427100000,15773.15,15789.9,15740.1,15768.0,580350
1624430700000,15768.6,15777.15,15711.05,15723.8,875550
1624434300000,15721.0,15794.95,15705.0,15757.1,1359225
1624437900000,15754.0,15766.45,15677.0,15694.15,1621425
1624441500000,15695.85,15708.25,15686.0,15692.05,525825
1624506300000,15722.5,15754.65,15687.25,15726.0,1169175
1624509900000,15726.0,15757.75,15722.55,15748.9,658200
1624513500000,15748.85,15769.2,15731.65,15764.0,717750
1624517100000,15764.25,15793.4,15751.75,15791.9,1038525
1624520700000,15792.55,15814.65,15775.15,15806.9,1750200
1624524300000,15806.25,15819.55,15755.5,15794.0,1685100
1624527900000,15794.6,15794.6,15788.1,15790.0,518850
1624592700000,15852.2,15874.9,15802.2,15821.25,1824400
1624596300000,15822.75,15840.0,15805.0,15835.35,534800
1624599900000,15835.0,15855.0,15827.1,15852.35,447450
1624603500000,15851.85,15884.0,15850.0,15871.1,733950
1624607100000,15871.9,15895.0,15861.45,15885.4,774000
1624610700000,15885.25,15900.0,15870.15,15897.65,716300
1624614300000,15899.25,15899.25,15877.15,15878.0,400800
1624851900000,15921.15,15930.0,15875.1,15888.7,1137250
1624855500000,15889.0,15892.5,15842.0,15849.8,700250
1624859100000,15849.15,15874.3,15831.6,15851.75,513250
1624862700000,15850.1,15874.0,15843.4,15874.0,397200
1624866300000,15875.1,15885.05,15832.75,15857.0,602100
1624869900000,15858.75,15874.05,15825.45,15856.95,636750
1624873500000,15857.0,15870.85,15851.45,15863.0,359200
1624938300000,15843.1,15860.0,15777.8,15789.15,1909050
1624941900000,15789.2,15795.8,15763.85,15790.15,974500
1624945500000,15790.9,15802.75,15772.5,15773.4,478900
1624949100000,15773.8,15811.5,15772.75,15796.05,358900
1624952700000,15796.9,15838.2,15774.6,15790.1,805250
1624956300000,15790.2,15795.0,15758.7,15780.0,1052250
1624959900000,15781.45,15794.7,15780.1,15794.0,360950
1625024700000,15816.05,15848.5,15761.0,15846.0,1531200
1625028300000,15848.05,15876.2,15838.15,15866.0,980150
1625031900000,15866.0,15869.0,15846.0,15864.0,436550
1625035500000,15864.0,15869.5,15848.0,15852.75,343300
1625039100000,15850.6,15857.35,15792.1,15812.05,1175150
1625042700000,15812.7,15824.0,15744.15,15745.4,1644100
1625046300000,15743.9,15754.55,15737.05,15749.45,635350
1625111100000,15765.1,15775.05,15720.0,15728.1,1157800
1625114700000,15728.0,15734.6,15696.0,15723.3,928600
1625118300000,15723.3,15731.0,15705.0,15717.85,289900
1625121900000,15720.0,15758.8,15707.05,15750.25,634600
1625125500000,15750.25,15769.95,15709.05,15730.45,1056650
1625129100000,15730.45,15735.0,15699.65,15708.65,873100
1625132700000,15709.8,15727.15,15707.2,15727.15,469250
1625197500000,15743.95,15754.4,15665.0,15700.9,1500100
1625201100000,15701.95,15702.8,15659.1,15676.95,610850
1625204700000,15675.5,15697.85,15669.35,15688.55,452400
1625208300000,15689.0,15734.95,15689.0,15724.1,845850
1625211900000,15724.1,15727.8,15676.0,15694.4,561050
1625215500000,15695.2,15741.0,15682.25,15740.0,829800
1625219100000,15739.0,15754.95,15738.2,15747.2,549200
1625456700000,15757.0,16546.5,15757.0,15836.9,2005200
1625460300000,15836.85,15852.05,15836.85,15844.15,576500
1625463900000,15844.5,15856.25,15840.0,15853.55,321250
1625467500000,15853.55,15854.8,15816.85,15838.0,785000
1625471100000,15838.3,15858.85,15832.05,15848.2,462650
1625474700000,15848.7,15865.0,15832.65,15863.9,545500
1625478300000,15864.5,15868.0,15855.75,15868.0,512550
1625543100000,15829.95,15883.85,15815.25,15872.1,910550
1625546700000,15873.7,15894.4,15865.0,15891.95,403800
1625550300000,15891.7,15930.6,15887.0,15923.5,700550
1625553900000,15923.5,15929.95,15893.1,15905.9,501950
1625557500000,15905.5,15925.0,15900.0,15911.0,453800
1625561100000,15910.6,15911.2,15820.05,15822.5,1859450
1625564700000,15822.35,15840.3,15821.0,15835.0,424600
1625629500000,15826.0,15852.75,15788.8,15816.1,1501300
1625633100000,15816.1,15836.45,15805.95,15834.3,473250
1625636700000,15836.45,15854.0,15833.05,15845.95,377150
1625640300000,15845.0,15863.1,15824.9,15846.95,495050
1625643900000,15845.9,15869.85,15827.0,15865.0,573100
1625647500000,15865.9,15889.0,15844.25,15884.95,779100
1625651100000,15885.0,15900.6,15882.5,15896.05,573500
1625715900000,15852.1,15889.9,15844.9,15853.45,1258900
1625719500000,15853.3,15853.7,15811.2,15833.45,957550
1625723100000,15833.0,15844.6,15791.35,15796.35,899700
1625726700000,15796.8,15800.0,15745.1,15750.0,1997700
1625730300000,15751.0,15776.0,15707.0,15726.4,1633400
1625733900000,15726.4,15748.15,15694.05,15746.9,1867100
1625737500000,15746.8,15748.4,15730.0,15731.0,717750
1625802300000,15700.05,15700.1,15641.05,15685.2,2083500
1625805900000,15685.05,15755.0,15678.0,15704.0,1429700
1625809500000,15704.8,15714.4,15674.75,15704.0,696350
1625813100000,15701.5,15735.4,15675.0,15704.5,629450
1625816700000,15704.45,15739.55,15695.75,15730.0,517000
1625820300000,15733.0,15738.0,15679.7,15723.1,1058900
1625823900000,15723.9,15729.0,15717.2,15720.0,426150
1626061500000,15777.0,15797.0,15760.05,15789.0,1376750
1626065100000,15790.0,15811.9,15790.0,15794.4,811650
1626068700000,15794.4,15807.0,15783.25,15790.0,322850
1626072300000,15790.25,15794.0,15702.0,15710.0,926450
1626075900000,15707.2,15739.0,15657.5,15701.3,1620150
1626079500000,15702.75,15725.4,15662.0,15702.95,1168700
1626083100000,15705.0,15717.0,15701.05,15708.5,350850
1626147900000,15798.25,15810.9,15766.05,15776.4,1662100
1626151500000,15776.4,15786.0,15758.25,15780.2,537500
1626155100000,15780.0,15824.75,15779.35,15820.15,1062350
1626158700000,15818.2,15837.2,15796.2,15833.55,853600
1626162300000,15831.9,15833.45,15805.2,15819.5,486100
1626165900000,15819.9,15842.55,15808.5,15840.6,934250
1626169500000,15840.55,15840.65,15827.15,15833.95,482150
1626234300000,15805.1,15822.15,15777.05,15797.0,1243100
1626237900000,15796.45,15854.95,15791.75,15852.0,911900
1626241500000,15853.0,15853.45,15836.05,15844.8,393050
1626245100000,15844.75,15891.2,15844.55,15890.0,813850
1626248700000,15893.0,15893.25,15847.45,15869.95,475000
1626252300000,15868.05,15885.0,15855.05,15875.4,483600
1626255900000,15875.1,15876.95,15855.1,15859.0,385750
1626320700000,15879.0,15908.0,15866.55,15891.9,764250
1626324300000,15890.0,15957.4,15887.1,15947.9,1181800
1626327900000,15946.2,15955.0,15934.65,15949.0,592550
1626331500000,15948.0,15960.75,15918.0,15941.05,604200
1626335100000,15941.05,15963.9,15924.3,15957.0,474650
1626338700000,15957.5,15967.5,15931.9,15934.65,806250
1626342300000,15934.0,15942.0,15930.8,15938.0,420600
1626407100000,15911.1,15970.0,15911.1,15936.85,938400
1626410700000,15935.0,15950.0,15914.5,15944.0,545000
1626414300000,15944.0,15948.8,15902.1,15919.85,522600
1626417900000,15920.95,15941.0,15894.1,15930.1,493650
1626421500000,15930.2,15935.95,15890.0,15917.7,516050
1626425100000,15917.0,15953.6,15912.2,15934.0,708750
1626428700000,15934.9,15939.95,15930.0,15938.75,286750
1626666300000,15770.0,15836.45,15743.0,15820.95,2635100
1626669900000,15820.05,15832.95,15811.0,15824.0,492200
1626673500000,15824.0,15833.95,15813.3,15822.05,333700
1626677100000,15823.5,15823.5,15725.0,15753.15,1998100
1626680700000,15754.45,15766.0,15741.0,15746.0,840250
1626684300000,15746.0,15755.0,15705.95,15750.4,1476150
1626687900000,15749.8,15765.0,15748.3,15762.25,573000
1626752700000,15711.0,15741.0,15650.0,15678.85,2216300
1626756300000,15676.5,15676.5,15593.15,15600.5,1850700
1626759900000,15600.0,15626.95,15586.0,15593.75,863200
1626763500000,15591.25,15676.2,15590.95,15672.1,1311950
1626767100000,15673.05,15684.8,15651.05,15679.7,671400
1626770700000,15678.05,15682.0,15624.25,15642.95,1326650
1626774300000,15642.5,15642.95,15624.05,15631.95,663250
1626925500000,15700.05,15793.1,15700.05,15787.85,2691950
1626929100000,15787.85,15814.75,15774.6,15808.65,1065400
1626932700000,15808.45,15828.8,15793.5,15820.45,630500
1626936300000,15822.55,15824.15,15800.0,15800.1,479450
1626939900000,15800.15,15820.0,15796.3,15806.05,413250
1626943500000,15805.7,15824.35,15771.1,15813.0,1537700
1626947100000,15813.0,15823.0,15811.05,15820.5,624500
1627011900000,15850.0,15867.7,15763.2,15841.85,1802400
1627015500000,15842.0,15845.0,15795.6,15825.75,564800
1627019100000,15825.75,15842.65,15813.5,15831.1,606900
1627022700000,15830.9,15859.8,15828.15,15858.45,406250
1627026300000,15874.0,15897.6,15860.0,15886.5,1037200
1627029900000,15888.05,15890.8,15855.15,15857.55,761500
1627033500000,15857.55,15859.0,15842.25,15845.55,574900
1627271100000,15781.5,15873.7,15781.0,15865.0,1602100
1627274700000,15865.65,15880.0,15851.9,15868.95,654300
1627278300000,15869.05,15874.95,15827.1,15839.3,656400
1627281900000,15838.35,15859.85,15823.5,15838.05,392700
1627285500000,15838.2,15855.0,15828.3,15843.05,515550
1627289100000,15843.0,15860.7,15813.7,15819.65,860100
1627292700000,15819.45,15826.95,15814.45,15817.0,363350
1627357500000,15840.05,15869.95,15840.05,15858.0,813200
1627361100000,15858.0,15869.85,15834.05,15845.6,541450
1627364700000,15845.4,15849.35,15820.35,15827.55,712750
1627368300000,15825.0,15828.25,15693.05,15709.35,2130100
1627371900000,15709.45,15759.0,15705.0,15719.15,1403550
1627375500000,15718.0,15741.65,15700.0,15734.65,1165100
1627379100000,15732.8,15737.65,15728.5,15733.9,405500
1627443900000,15774.95,15774.95,15630.05,15642.05,2040550
1627447500000,15643.6,15650.5,15510.0,15587.1,2015050
1627451100000,15586.2,15627.05,15568.2,15627.05,1061800
1627454700000,15630.0,15658.5,15616.65,15657.0,911900
1627458300000,15657.7,15709.95,15652.15,15686.45,1240900
1627461900000,15685.05,15724.25,15642.05,15704.6,1237600
1627465500000,15704.95,15715.15,15699.05,15707.95,381700
1627530300000,15741.05,15776.9,15730.5,15765.45,1123650
1627533900000,15765.45,15791.0,15742.75,15786.85,936600
1627537500000,15786.8,15798.0,15770.1,15780.05,885950
1627541100000,15780.0,15805.7,15763.1,15798.9,886050
1627544700000,15798.1,15812.4,15790.75,15796.0,919300
1627548300000,15795.7,15808.15,15772.5,15779.1,1280500
1627551900000,15778.25,15780.8,15774.0,15780.2,424900
1627616700000,15735.2,15823.9,15735.2,15817.9,2087250
1627620300000,15815.0,15817.95,15788.35,15805.0,664800
1627623900000,15804.7,15819.4,15794.35,15817.35,524750
1627627500000,15816.15,15828.1,15799.6,15807.5,624050
1627631100000,15807.3,15872.3,15803.6,15866.0,1180750
1627634700000,15866.55,15870.25,15760.75,15765.05,1591950
1627638300000,15765.5,15787.85,15762.0,15785.0,575450
1627875900000,15885.0,15898.85,15841.0,15867.55,1501950
1627879500000,15870.0,15893.2,15865.0,15888.55,440200
1627883100000,15889.7,15903.75,15883.0,15896.0,663250
1627886700000,15896.5,15908.9,15891.75,15897.25,354800
1627890300000,15898.6,15918.2,15877.35,15907.05,541150
1627893900000,15908.95,15912.3,15866.0,15910.0,1239350
1627897500000,15910.8,15914.55,15906.9,15910.1,556950
1627962300000,15947.0,15989.7,15912.55,15987.95,2055100
1627965900000,15989.0,15991.4,15969.55,15977.65,628700
1627969500000,15978.05,16018.0,15978.05,16018.0,1175200
1627973100000,16018.0,16050.0,16011.0,16044.2,1011650
1627976700000,16043.25,16058.6,16031.1,16043.45,935500
1627980300000,16043.55,16145.95,16041.0,16139.85,1973150
1627983900000,16139.75,16162.9,16138.5,16151.05,1011550
1628048700000,16200.0,16270.0,16188.0,16258.55,2172100
1628052300000,16259.2,16294.7,16257.35,16269.05,1116950
1628055900000,16270.0,16270.0,16203.0,16260.15,1368650
1628059500000,16263.0,16268.5,16219.45,16234.0,702650
1628063100000,16233.45,16266.95,16233.45,16264.0,645650
1628066700000,16264.0,16281.5,16249.5,16268.0,819300
1628070300000,16268.0,16269.0,16250.2,16256.5,484400
1628135100000,16280.0,16288.8,16220.0,16238.8,1556850
1628138700000,16239.35,16253.65,16222.5,16239.1,604800
1628142300000,16239.9,16279.35,16239.1,16278.9,592900
1628145900000,16278.6,16344.8,16269.2,16335.0,1307900
1628149500000,16335.0,16349.1,16307.0,16340.8,825550
1628153100000,16340.85,16350.0,16297.85,16298.0,978800
1628156700000,16297.95,16302.0,16288.55,16290.0,608650
1628221500000,16281.05,16333.0,16279.05,16318.0,1244300
1628225100000,16317.2,16327.5,16247.55,16272.05,1139750
1628228700000,16272.05,16294.7,16252.0,16285.0,413100
1628232300000,16285.0,16292.35,16257.65,16269.35,271200
1628235900000,16270.0,16285.0,16248.75,16267.4,357500
1628239500000,16268.8,16280.1,16233.55,16244.0,646350
1628243100000,16241.55,16269.7,16237.2,16267.0,506900
1628480700000,16274.65,16325.0,16251.6,16308.8,1215450
1628484300000,16308.7,16317.5,16278.0,16293.2,478600
1628487900000,16292.9,16303.7,16253.05,16262.3,582200
1628491500000,16262.25,16268.7,16227.25,16249.75,776400
1628495100000,16247.65,16254.5,16181.8,16235.4,1402750
1628498700000,16235.3,16275.9,16218.1,16264.95,837700
1628502300000,16265.0,16270.0,16260.55,16264.0,361900
1628567100000,16259.9,16318.9,16237.75,16311.95,1317250
1628570700000,16312.4,16359.0,16297.0,16327.85,1007550
1628574300000,16328.05,16355.0,16321.1,16344.1,466200
1628577900000,16344.0,16349.3,16325.0,16329.4,314750
1628581500000,16328.0,16337.35,16210.0,16214.8,1660850
1628585100000,16213.8,16291.95,16209.5,16282.85,1134100
1628588700000,16284.25,16285.7,16264.95,16271.4,462750
1628653500000,16308.0,16324.95,16225.05,16238.4,1685550
1628657100000,16239.25,16262.9,16205.0,16211.0,1333200
1628660700000,16210.5,16234.0,16185.65,16207.15,1029750
1628664300000,16208.9,16253.0,16208.9,16242.4,990550
1628667900000,16242.5,16279.55,16237.05,16263.9,989700
1628671500000,16263.5,16290.75,16240.6,16283.55,846300
1628675100000,16284.0,16289.75,16280.55,16281.6,375950
1628739900000,16308.25,16327.35,16287.55,16319.95,1146200
1628743500000,16318.25,16334.0,16314.0,16323.1,416700
1628747100000,16324.25,16345.0,16317.0,16338.4,464100
1628750700000,16338.45,16350.0,16327.45,16339.4,447100
1628754300000,16339.4,16363.8,16330.55,16340.05,621200
1628757900000,16337.4,16361.8,16329.35,16346.7,802000
1628761500000,16346.95,16369.0,16346.95,16363.7,543850
1628826300000,16365.05,16439.0,16360.05,16430.0,1447300
1628829900000,16431.25,16449.0,16423.0,16449.0,713350
1628833500000,16448.5,16489.9,16443.6,16470.0,1015250
1628837100000,16468.75,16487.0,16455.05,16473.05,805800
1628840700000,16473.3,16498.0,16459.1,16498.0,590550
1628844300000,16497.9,16534.85,16486.25,16512.05,1227400
1628847900000,16512.1,16520.05,16509.4,16520.05,555550
1629085500000,16499.0,16530.0,16461.85,16517.95,1377550
1629089100000,16518.9,16556.8,16506.8,16547.65,622350
1629092700000,16551.75,16564.0,16534.25,16551.5,468450
1629096300000,16553.0,16564.95,16520.0,16561.45,381950
1629099900000,16559.4,16570.0,16544.15,16557.95,324100
1629103500000,16559.7,16588.0,16547.25,16567.0,685100
1629107100000,16566.75,16569.0,16546.45,16546.45,466100
1629171900000,16543.1,16573.5,16515.0,16541.5,1230050
1629175500000,16542.2,16563.8,16535.0,16554.3,410150
1629179100000,16555.7,16569.45,16490.0,16511.7,1041200
1629182700000,16511.55,16533.2,16483.7,16517.9,859050
1629186300000,16517.45,16560.0,16507.4,16557.05,785250
1629189900000,16559.15,16606.45,16533.2,16602.45,1106650
1629193500000,16602.2,16610.0,16597.2,16602.2,562600
1629258300000,16668.0,16679.75,16641.75,16678.7,1345100
1629261900000,16678.75,16688.95,16663.5,16665.0,715850
1629265500000,16664.1,16669.0,16632.6,16636.0,601450
1629269100000,16633.15,16652.6,16565.0,16578.0,1228550
1629272700000,16576.75,16598.85,16554.25,16561.55,863550
1629276300000,16563.05,16591.0,16547.5,16578.25,1222600
1629279900000,16579.85,16582.05,16557.2,16559.8,458600
1629431100000,16400.0,16495.0,16342.0,16454.35,3020650
1629434700000,16454.35,16470.9,16391.95,16404.0,1430800
1629438300000,16404.0,16477.75,16403.9,16457.05,1132600
1629441900000,16456.8,16469.85,16415.75,16434.4,829700
1629445500000,16430.95,16462.65,16413.95,16458.5,799350
1629449100000,16458.8,16504.0,16443.9,16452.95,1366850
1629452700000,16452.25,16453.0,16410.15,16420.0,955600
1629690300000,16560.25,16565.95,16485.6,16500.3,1689850
1629693900000,16497.25,16507.85,16392.0,16452.9,2208650
1629697500000,16452.5,16509.45,16432.0,16501.75,926200
1629701100000,16502.95,16508.0,16462.2,16487.95,638300
1629704700000,16486.6,16532.9,16485.0,16523.9,713500
1629708300000,16524.9,16524.9,16481.2,16495.0,774850
1629711900000,16495.0,16497.4,16485.45,16494.0,429900
1629776700000,16555.4,16561.45,16495.05,16512.85,1300550
1629780300000,16512.85,16540.0,16512.85,16528.55,664850
1629783900000,16527.4,16552.95,16525.45,16550.0,469250
1629787500000,16550.95,16571.4,16546.1,16559.9,711400
1629791100000,16559.0,16619.0,16554.1,16610.5,1235400
1629794700000,16612.95,16643.3,16602.25,16621.3,1201500
1629798300000,16620.2,16626.35,16607.8,16614.0,574350
1629863100000,16652.0,16689.0,16632.25,16671.2,1487150
1629866700000,16671.0,16685.0,16657.1,16677.6,1030800
1629870300000,16677.6,16713.75,16621.0,16658.8,1346900
1629873900000,16658.55,16674.9,16650.1,16664.85,740550
1629877500000,16664.0,16688.1,16650.85,16653.0,882650
1629881100000,16651.15,16665.35,16615.05,16623.9,1438100
1629884700000,16624.35,16637.6,16622.55,16635.85,534500
1629949500000,16612.1,16666.65,16572.3,16654.0,1255100
1629953100000,16657.15,16671.9,16652.2,16657.85,880300
1629956700000,16657.9,16668.0,16637.2,16644.5,729900
1629960300000,16643.4,16657.0,16606.0,16639.0,1065900
1629963900000,16639.3,16652.3,16626.05,16641.05,700700
1629967500000,16641.05,16647.75,16605.0,16633.3,1268650
1629971100000,16633.3,16643.4,16633.3,16638.95,406150
1630035900000,16639.7,16667.25,16574.05,16642.55,2112700
1630039500000,16644.4,16685.0,16642.1,16684.25,962750
1630043100000,16685.0,16705.95,16676.0,16700.85,845650
1630046700000,16700.05,16714.6,16688.0,16712.2,489600
1630050300000,16712.95,16724.05,16692.0,16703.6,566500
1630053900000,16701.6,16730.0,16701.6,16724.15,715850
1630057500000,16725.0,16728.85,16707.95,16712.0,445150
1630295100000,16745.0,16862.85,16745.0,16857.0,1887250
1630298700000,16858.0,16890.0,16856.35,16877.8,782150
1630302300000,16877.3,16883.05,16860.05,16874.5,335450
1630305900000,16874.5,16899.0,16869.9,16898.95,394450
1630309500000,16899.0,16909.9,16886.85,16904.55,553300
1630313100000,16905.0,16939.0,16903.1,16937.35,947500
1630316700000,16938.0,16960.0,16933.55,16952.0,734350
1630381500000,16892.0,16998.85,16892.0,16964.7,1584250
1630385100000,16964.8,16998.0,16960.6,16981.5,634050
1630388700000,16981.7,17008.75,16973.2,17005.35,498650
1630392300000,17004.3,17065.0,16993.05,17062.9,1128700
1630395900000,17062.95,17069.7,16996.75,17046.0,1182900
1630399500000,17048.0,17143.9,17048.0,17133.4,1510400
1630403100000,17133.75,17138.35,17118.2,17130.15,823100
1630467900000,17150.0,17228.75,17136.25,17207.05,1977250
1630471500000,17207.25,17208.05,17104.2,17126.1,1748600
1630475100000,17128.95,17148.45,17094.8,17113.2,751500
1630478700000,17113.5,17157.8,17087.5,17135.0,824950
1630482300000,17135.0,17156.05,17115.0,17132.45,475700
1630485900000,17132.45,17144.9,17090.0,17090.0,757700
1630489500000,17090.0,17098.9,17083.0,17087.0,473650
1630554300000,17138.9,17145.0,17072.1,17136.0,1029350
1630557900000,17137.9,17173.0,17122.05,17171.95,758500
1630561500000,17172.9,17190.0,17169.5,17190.0,602000
1630565100000,17189.7,17211.0,17170.05,17202.95,754600
1630568700000,17203.35,17228.6,17184.5,17228.1,699200
1630572300000,17231.75,17254.75,17220.05,17243.1,1176700
1630575900000,17243.55,17262.7,17242.45,17259.95,655500
1630640700000,17261.55,17319.5,17211.0,17315.0,1629900
1630644300000,17314.7,17323.5,17235.0,17252.0,1070050
1630647900000,17250.0,17287.25,17224.65,17280.0,731600
1630651500000,17281.75,17302.1,17262.4,17298.5,686200
1630655100000,17296.5,17333.0,17236.85,17280.2,1211200
1630658700000,17279.0,17334.95,17266.75,17324.7,829600
1630662300000,17325.1,17342.45,17320.2,17332.0,612450
1630899900000,17379.0,17429.1,17379.0,17411.45,1672250
1630903500000,17411.8,17414.9,17365.1,17386.75,767900
1630907100000,17387.0,17400.35,17361.0,17383.1,399200
1630910700000,17382.7,17417.0,17371.25,17411.45,437950
1630914300000,17412.0,17419.95,17378.4,17397.0,401500
1630917900000,17395.45,17413.0,17388.05,17401.5,488400
1630921500000,17400.0,17408.9,17396.0,17408.0,375200
1630986300000,17372.1,17420.0,17306.1,17324.35,2111350
1630989900000,17321.4,17348.5,17300.0,17333.7,801550
1630993500000,17335.3,17394.45,17327.65,17392.0,767500
1630997100000,17393.0,17449.95,17393.0,17426.05,1560200
1631000700000,17426.05,17440.8,17400.15,17421.55,583650
1631004300000,17421.75,17425.0,17362.6,17372.85,1093550
1631007900000,17372.25,17376.9,17361.1,17369.1,494350
1631072700000,17397.9,17401.1,17342.55,17356.05,1074550
1631076300000,17356.05,17387.45,17355.1,17383.65,371950
1631079900000,17383.75,17394.35,17366.0,17383.1,363550
1631083500000,17384.25,17385.55,17276.25,17286.7,1690400
1631087100000,17287.0,17347.5,17287.0,17347.5,859350
1631090700000,17346.3,17367.0,17312.9,17362.95,756400
1631094300000,17364.0,17388.0,17362.65,17384.6,643200
1631159100000,17330.0,17356.0,17309.05,17321.05,1157850
1631162700000,17319.9,17364.0,17318.1,17342.05,550050
1631166300000,17342.8,17356.85,17332.8,17342.0,282450
1631169900000,17342.0,17346.0,17301.0,17314.8,834000
1631173500000,17317.0,17353.95,17312.35,17336.25,451900
1631177100000,17336.9,17370.0,17313.3,17360.75,890900
1631180700000,17360.9,17373.6,17359.5,17370.0,549250
1631504700000,17355.25,17366.75,17264.0,17281.5,1939850
1631508300000,17281.45,17319.5,17274.2,17310.4,684600
1631511900000,17310.4,17336.8,17301.65,17333.0,511500
1631515500000,17333.3,17378.3,17328.7,17366.2,713350
1631519100000,17367.15,17383.1,17350.45,17370.4,390000
1631522700000,17371.05,17393.1,17344.9,17355.45,712650
1631526300000,17356.4,17365.0,17353.0,17362.0,405950
1631591100000,17410.0,17434.7,17391.55,17416.0,1082050
1631594700000,17415.6,17429.25,17410.0,17423.3,298950
1631598300000,17423.8,17425.8,17402.0,17405.2,331000
1631601900000,17404.0,17419.45,17372.1,17390.6,787200
1631605500000,17389.15,17405.0,17375.45,17390.0,486000
1631609100000,17390.0,17398.2,17368.7,17382.05,568600
1631612700000,17382.05,17389.1,17380.5,17386.9,311000
1631677500000,17405.1,17445.0,17380.9,17443.5,1250600
1631681100000,17443.3,17456.35,17436.0,17448.0,865450
1631684700000,17448.0,17467.05,17446.15,17463.9,452000
1631688300000,17463.3,17499.4,17458.0,17492.75,857000
1631691900000,17491.9,17532.75,17482.75,17531.85,902550
1631695500000,17531.9,17544.9,17525.95,17529.25,834900
1631699100000,17529.05,17545.35,17528.95,17535.2,569500
1631763900000,17541.0,17566.0,17501.0,17548.7,1800700
1631767500000,17548.5,17553.2,17522.15,17527.75,616450
1631771100000,17527.75,17564.6,17521.0,17564.0,937550
1631774700000,17564.55,17580.65,17555.2,17568.0,711400
1631778300000,17568.0,17597.25,17557.1,17593.55,608500
1631781900000,17593.75,17635.0,17587.0,17606.6,1171050
1631785500000,17607.25,17615.5,17598.7,17606.65,541250
1631850300000,17670.0,17749.95,17670.0,17746.3,2352150
1631853900000,17746.2,17800.0,17746.2,17762.1,1443250
1631857500000,17762.5,17762.5,17620.0,17628.65,2822400
1631861100000,17629.0,17673.25,17598.0,17651.0,1274200
1631864700000,17654.0,17663.75,17605.0,17639.45,688600
1631868300000,17639.0,17656.6,17558.0,17598.45,2105850
1631871900000,17599.95,17610.55,17594.2,17602.0,712850
1632109500000,17460.25,17554.0,17443.2,17533.65,2562650
1632113100000,17534.0,17612.95,17528.0,17598.5,1084900
1632116700000,17598.5,17618.2,17492.15,17495.95,1251850
1632120300000,17498.0,17543.1,17487.2,17535.9,760350
1632123900000,17536.0,17540.0,17436.1,17453.25,1279600
1632127500000,17452.7,17480.0,17376.65,17400.75,1999350
1632131100000,17402.8,17402.8,17355.1,17356.45,971100
1632195900000,17378.0,17475.0,17375.1,17378.0,2437350
1632199500000,17377.2,17427.5,17344.0,17346.1,1269950
1632203100000,17347.6,17430.0,17335.5,17389.6,1245100
1632206700000,17389.8,17479.0,17375.0,17477.0,1128700
1632210300000,17476.75,17522.45,17451.0,17493.55,1523600
1632213900000,17494.5,17565.0,17491.0,17546.45,1204000
1632217500000,17546.4,17569.55,17543.65,17563.0,656650
1632282300000,17554.0,17599.0,17521.0,17591.0,1675000
1632285900000,17591.5,17605.0,17562.55,17578.0,755950
1632289500000,17576.4,17583.65,17530.0,17571.0,888850
1632293100000,17573.1,17618.45,17567.0,17601.5,582550
1632296700000,17601.85,17610.5,17562.5,17597.05,496150
1632300300000,17596.3,17607.0,17551.2,17556.75,774550
1632303900000,17555.0,17571.6,17553.5,17566.0,407850
1632368700000,17661.35,17727.65,17635.1,17726.6,1641200
1632372300000,17725.5,17737.95,17705.6,17732.7,678450
1632375900000,17731.0,17758.7,17712.35,17755.75,676200
1632379500000,17756.0,17770.0,17750.15,17758.5,576200
1632383100000,17760.0,17790.0,17740.2,17787.15,605300
1632386700000,17787.15,17845.45,17784.0,17838.0,1495500
1632390300000,17838.0,17843.1,17825.2,17843.1,705500
1632455100000,17894.95,17935.0,17856.65,17874.0,1766450
1632458700000,17875.0,17934.95,17873.0,17909.75,697250
1632462300000,17908.65,17914.75,17868.0,17881.85,607000
1632465900000,17880.5,17898.0,17840.3,17859.2,701050
1632469500000,17861.2,17866.5,17820.0,17842.0,1055150
1632473100000,17842.9,17879.15,17830.0,17866.95,898850
1632476700000,17866.0,17868.95,17841.95,17847.55,555300
1632714300000,18088.3,18088.3,17868.0,17890.0,1780500
1632717900000,17892.0,17894.95,17831.25,17856.5,1207600
1632721500000,17855.5,17879.95,17806.0,17876.95,1058550
1632725100000,17877.1,17890.8,17855.5,17888.4,624300
1632728700000,17889.9,17902.1,17871.0,17880.4,469200
1632732300000,17880.4,17888.0,17820.05,17855.9,834750
1632735900000,17853.05,17866.25,17847.05,17862.0,344850
1632800700000,17880.05,17903.9,17821.25,17868.95,1280200
1632804300000,17868.95,17875.0,17791.0,17794.6,1196600
1632807900000,17792.45,17833.8,17720.0,17729.6,1827550
1632811500000,17728.95,17732.95,17623.0,17627.05,2210700
1632815100000,17628.35,17689.9,17607.7,17619.05,1830950
1632818700000,17618.0,17775.0,17586.25,17768.0,2800400
1632822300000,17770.15,17777.65,17726.85,17730.95,863000
1632887100000,17669.0,17689.0,17613.05,17667.1,2031450
1632890700000,17667.0,17690.25,17617.8,17658.1,1078950
1632894300000,17660.35,17683.0,17638.4,17654.15,829150
1632897900000,17655.0,17709.0,17640.35,17709.0,1069350
1632901500000,17711.85,17749.35,17694.25,17745.85,1464650
1632905100000,17745.45,17794.05,17692.0,17693.4,1906650
1632908700000,17693.85,17717.8,17683.05,17710.35,532050
1632973500000,17697.3,17728.6,17650.0,17697.35,1663800
1632977100000,17699.15,17704.4,17664.8,17687.45,961150
1632980700000,17684.4,17740.2,17682.45,17729.4,1362750
1632984300000,17729.15,17732.0,17614.0,17640.85,1626500
1632987900000,17638.0,17673.55,17592.05,17632.0,1437300
1632991500000,17631.9,17655.0,17580.5,17626.1,1248600
1632995100000,17628.8,17629.75,17611.35,17619.5,613600
1633059900000,17523.7,17523.7,17433.0,17460.15,2997700
1633063500000,17458.8,17544.25,17458.2,17519.3,1149350
1633067100000,17518.75,17528.25,17448.0,17460.1,809700
1633070700000,17462.9,17516.7,17451.1,17498.9,676800
1633074300000,17496.6,17528.0,17473.4,17525.7,594250
1633077900000,17525.95,17562.3,17502.05,17524.0,1073500
1633081500000,17524.0,17529.65,17507.15,17525.75,651650
1633319100000,17571.0,17715.6,17560.05,17704.55,2331200
1633322700000,17705.5,17745.0,17700.75,17719.25,1045000
1633326300000,17721.8,17728.0,17681.2,17697.0,697500
1633329900000,17695.0,17699.4,17642.25,17680.85,911350
1633333500000,17681.95,17724.0,17676.0,17700.1,662850
1633337100000,17701.0,17718.0,17687.3,17714.5,691200
1633340700000,17711.95,17715.0,17701.15,17710.0,555900
1633405500000,17645.0,17687.45,17631.0,17671.7,1522700
1633409100000,17671.65,17698.0,17667.0,17677.0,621650
1633412700000,17676.5,17700.0,17670.3,17689.95,394700
1633416300000,17689.95,17775.0,17685.0,17767.05,1250400
1633419900000,17766.05,17807.7,17750.0,17806.9,785700
1633423500000,17808.0,17840.0,17790.0,17833.7,1194200
1633427100000,17833.95,17839.0,17827.25,17837.05,522050
1633491900000,17838.7,17863.95,17810.6,17818.0,1960650
1633495500000,17817.95,17831.3,17762.0,17805.7,1149800
1633499100000,17806.5,17847.8,17805.05,17845.7,548600
1633502700000,17846.3,17865.0,17754.95,17759.2,1282350
1633506300000,17758.85,17758.85,17693.5,17737.2,2076700
1633509900000,17736.3,17737.1,17613.4,17627.05,2263250
1633513500000,17627.8,17634.0,17603.0,17610.3,997000
1633578300000,17772.55,17833.05,17753.15,17813.2,2618850
1633581900000,17812.85,17830.0,17791.65,17817.0,869450
1633585500000,17815.1,17877.95,17803.0,17861.0,1241100
1633589100000,17860.0,17880.0,17846.1,17872.05,701200
1633592700000,17874.15,17884.0,17833.25,17867.45,811350
1633596300000,17866.85,17866.85,17797.05,17798.05,1223400
1633599900000,17799.05,17822.2,17791.85,17820.0,558000
1633664700000,17883.8,17898.5,17835.3,17886.1,1772950
1633668300000,17888.9,17940.0,17872.15,17897.35,1291450
1633671900000,17898.0,17920.0,17861.05,17868.2,513500
1633675500000,17865.0,17887.75,17842.9,17873.75,858450
1633679100000,17873.25,17915.0,17868.0,17915.0,482350
1633682700000,17915.0,17932.75,17888.7,17900.05,839900
1633686300000,17900.05,17913.15,17897.0,17911.1,600650
1633923900000,17898.5,17980.0,17860.0,17975.95,1293800
1633927500000,17977.05,18032.0,17969.0,18029.7,866950
1633931100000,18029.0,18042.25,17987.95,18016.9,710400
1633934700000,18016.7,18059.6,18016.1,18028.0,757200
1633938300000,18029.0,18057.25,18005.0,18037.05,652000
1633941900000,18037.9,18038.45,17967.25,17974.2,961150
1633945500000,17973.05,17980.85,17958.15,17975.35,604600
1634010300000,17919.0,17975.0,17885.65,17946.55,1686200
1634013900000,17946.2,17951.95,17882.0,17913.8,887950
1634017500000,17912.0,17927.25,17862.6,17893.95,855900
1634021100000,17893.95,17940.8,17880.0,17927.0,615050
1634024700000,17927.0,17971.95,17901.0,17969.0,657450
1634028300000,17969.0,17995.55,17965.65,17994.05,955950
1634031900000,17994.05,18015.0,17994.05,18007.0,662100
1634096700000,18050.0,18124.75,18042.0,18116.7,1636600
1634100300000,18116.0,18137.8,18098.5,18132.7,580950
1634103900000,18134.4,18149.0,18107.0,18141.5,767000
1634107500000,18142.1,18174.5,18135.0,18172.0,696750
1634111100000,18174.35,18207.95,18164.1,18175.0,1556350
1634114700000,18175.0,18200.65,18165.0,18177.1,955250
1634118300000,18177.1,18179.4,18165.45,18176.5,520550
1634183100000,18260.0,18283.65,18240.0,18268.1,1611200
1634186700000,18268.1,18296.8,18261.3,18295.5,505850
1634190300000,18295.2,18318.8,18291.75,18310.7,624650
1634193900000,18311.0,18314.0,18278.6,18298.0,734550
1634197500000,18298.15,18330.0,18265.15,18320.95,967200
1634201100000,18320.8,18358.95,18311.1,18356.95,1046150
1634204700000,18357.05,18365.9,18350.0,18356.7,865750
1634528700000,18456.25,18518.0,18436.1,18487.35,2216900
1634532300000,18487.5,18509.55,18477.0,18486.1,622750
1634535900000,18486.0,18507.8,18478.0,18500.0,417000
1634539500000,18500.4,18543.25,18491.0,18497.0,845650
1634543100000,18497.1,18534.1,18472.0,18529.0,784550
1634546700000,18529.15,18531.95,18487.2,18492.6,1000400
1634550300000,18492.35,18495.35,18482.0,18490.85,499700
1634615100000,18578.9,18594.0,18411.0,18457.85,2737900
1634618700000,18457.0,18544.7,18438.65,18532.0,1368900
1634622300000,18533.0,18577.45,18528.35,18570.05,703650
1634625900000,18573.55,18593.4,18551.05,18577.0,557150
1634629500000,18580.0,18585.0,18507.0,18519.4,940550
1634633100000,18518.45,18541.9,18405.2,18417.75,2466900
1634636700000,18419.85,18445.4,18395.1,18441.5,1242250
1634701500000,18430.1,18466.8,18350.0,18453.25,2465800
1634705100000,18452.6,18459.0,18385.05,18422.5,775900
1634708700000,18421.0,18441.95,18326.25,18326.35,1434200
1634712300000,18325.35,18370.0,18310.05,18365.0,1615150
1634715900000,18367.65,18385.0,18275.25,18292.35,1673650
1634719500000,18289.9,18328.95,18251.15,18303.0,2250000
1634723100000,18303.1,18330.0,18300.0,18320.0,613500
1634787900000,18365.5,18366.0,18253.1,18261.3,1638600
1634791500000,18263.0,18265.4,18139.1,18153.8,2085950
1634795100000,18153.75,18211.95,18131.1,18177.6,1208200
1634798700000,18177.0,18195.0,18140.55,18160.0,818700
1634802300000,18161.3,18170.85,18092.0,18102.35,1326750
1634805900000,18104.85,18218.85,18077.5,18188.6,2057350
1634809500000,18188.9,18244.9,18188.9,18239.0,679350
1634874300000,18247.8,18318.0,18222.55,18279.65,1920350
1634877900000,18282.95,18290.0,18238.05,18265.0,784550
1634881500000,18263.15,18273.0,18145.5,18156.35,1603050
1634885100000,18156.95,18187.0,18090.0,18094.55,1196600
1634888700000,18097.4,18161.65,18078.0,18148.5,1475100
1634892300000,18148.55,18170.9,18051.1,18147.45,1861950
1634895900000,18148.9,18153.1,18130.0,18138.85,522850
1635133500000,18220.0,18224.4,17986.6,18022.05,2887200
1635137100000,18021.4,18139.8,18011.0,18131.5,1503750
1635140700000,18133.2,18234.35,18130.05,18173.0,1673300
1635144300000,18168.9,18198.0,18130.35,18165.0,704950
1635147900000,18162.2,18210.0,18117.05,18118.0,882700
1635151500000,18113.2,18163.4,18075.75,18140.5,1307650
1635155100000,18139.95,18153.75,18135.25,18150.15,402850
1635219900000,18180.05,18285.0,18157.15,18260.0,1750400
1635223500000,18258.65,18269.8,18142.0,18178.65,1311900
1635227100000,18177.55,18198.75,18108.1,18177.95,1013150
1635230700000,18176.55,18197.5,18123.25,18176.2,942950
1635234300000,18173.5,18264.05,18171.35,18263.8,1284200
1635237900000,18263.6,18300.0,18234.65,18299.95,1220550
1635241500000,18300.0,18350.0,18300.0,18350.0,830200
1635306300000,18308.0,18338.45,18268.0,18301.0,1539500
1635309900000,18301.4,18322.0,18270.7,18314.9,697750
1635313500000,18314.9,18350.0,18305.1,18305.1,1157700
1635317100000,18305.1,18330.1,18296.55,18321.3,872650
1635320700000,18322.0,18344.9,18310.55,18324.5,839600
1635324300000,18324.95,18335.0,18201.2,18236.8,2044200
1635327900000,18236.8,18239.2,18181.0,18199.05,587150
1635392700000,18194.7,18205.9,18065.0,18096.25,1576050
1635396300000,18094.15,18107.55,18020.95,18053.55,1043050
1635399900000,18054.0,18089.0,18033.2,18037.05,959550
1635403500000,18038.0,18049.0,17990.0,18009.35,1010350
1635407100000,18008.25,18038.0,17937.05,17959.0,1125400
1635410700000,17958.3,17974.9,17867.0,17872.8,1559650
1635414300000,17874.1,17877.75,17849.3,17858.9,365300
1635479100000,17860.7,17899.3,17676.4,17888.9,4763050
1635482700000,17887.15,17944.0,17848.4,17867.8,1529700
1635486300000,17868.55,17907.25,17825.0,17854.1,740250
1635489900000,17852.55,17868.05,17762.25,17780.0,1315450
1635493500000,17780.0,17814.0,17681.5,17687.35,1651450
1635497100000,17686.9,17805.0,17659.25,17687.75,2499600
1635500700000,17690.0,17759.75,17680.6,17745.2,881800
1635738300000,17748.0,17855.0,17730.05,17803.7,2325150
1635741900000,17801.0,17820.0,17753.0,17800.95,664750
1635745500000,17800.05,17843.7,17775.0,17835.05,531550
1635749100000,17835.9,17888.0,17822.0,17888.0,894800
1635752700000,17887.0,18015.0,17882.05,17985.8,2573500
1635756300000,17985.9,18037.75,17978.7,18010.6,1302250
1635759900000,18011.95,18027.0,17993.65,18017.0,905050
1635824700000,18010.05,18038.0,17940.1,17959.55,2348000
1635828300000,17959.35,17976.6,17893.75,17968.0,1258300
1635831900000,17969.0,17986.8,17930.25,17970.1,806500
1635835500000,17970.0,17979.7,17901.25,17930.85,711600
1635839100000,17931.35,17965.0,17861.0,17903.0,1122400
1635842700000,17902.05,17958.2,17881.0,17923.95,964850
1635846300000,17923.95,17929.6,17905.1,17922.95,529250
1635911100000,17961.05,18019.8,17944.5,17996.45,1648200
1635914700000,17998.0,18006.85,17980.3,18004.05,362150
1635918300000,18005.0,18012.0,17908.55,17917.55,1010400
1635921900000,17919.35,17919.35,17817.1,17821.6,1358600
1635925500000,17823.9,17935.0,17801.5,17872.25,1760600
1635929100000,17870.55,17873.0,17770.0,17835.75,1964150
1635932700000,17836.0,17865.5,17823.9,17862.95,567350
1636029000000,17900.0,17942.0,17900.0,17920.5,1199900
1636032600000,17920.7,17925.0,17910.1,17925.0,265750
1636343100000,17947.85,18010.0,17852.0,17881.45,1870700
1636346700000,17876.0,17969.05,17860.0,17962.25,839200
1636350300000,17963.0,18048.9,17893.5,18026.85,2045950
1636353900000,18026.0,18113.9,18013.95,18109.3,1944800
1636357500000,18110.75,18153.0,18077.1,18141.1,1328150
1636361100000,18141.65,18150.3,18093.6,18114.7,1232500
1636364700000,18110.45,18138.9,18107.25,18138.4,768500
1636429500000,18130.0,18140.8,18063.35,18078.95,1753450
1636433100000,18077.5,18089.75,18040.0,18061.15,800500
1636436700000,18055.8,18099.65,18052.15,18063.05,662500
1636440300000,18063.0,18081.75,18033.7,18072.0,782600
1636443900000,18070.5,18097.75,17993.7,18031.7,1225250
1636447500000,18030.6,18077.0,18008.0,18067.3,882750
1636451100000,18070.0,18090.3,18067.8,18078.35,568500
1636515900000,17989.65,17991.95,17925.2,17963.0,2100250
1636519500000,17963.2,17972.2,17942.0,17969.05,559050
1636523100000,17968.85,17975.4,17949.0,17965.0,392300
1636526700000,17964.75,18003.7,17958.4,17990.5,761050
1636530300000,17991.8,18086.0,17980.0,18073.45,1451300
1636533900000,18073.45,18078.0,18014.75,18019.0,877300
1636537500000,18017.7,18029.65,18010.0,18012.0,370900
1636602300000,17985.0,17985.0,17865.6,17872.2,2515600
1636605900000,17870.0,17875.0,17823.45,17836.8,1481550
1636609500000,17836.25,17895.0,17834.0,17852.0,754050
1636613100000,17851.0,17888.9,17829.05,17887.9,647650
1636616700000,17886.75,17902.9,17811.9,17826.55,856450
1636620300000,17828.0,17895.0,17807.1,17891.05,1340350
1636623900000,17891.5,17912.2,17891.5,17912.2,747450
1636688700000,17737.65,18018.0,17737.65,17973.35,1832000
1636692300000,17972.0,17980.0,17920.2,17957.5,807750
1636695900000,17957.5,17993.0,17952.0,17980.0,511350
1636699500000,17980.0,18050.0,17972.0,18050.0,1074350
1636703100000,18049.95,18129.0,18042.5,18127.0,1757100
1636706700000,18129.4,18160.0,18106.05,18127.3,1358050
1636710300000,18126.0,18144.6,18118.2,18142.0,647150
1636947900000,18239.9,18410.0,18170.05,18179.0,1482350
1636951500000,18178.0,18190.6,18150.0,18160.5,667500
1636955100000,18159.05,18173.8,18100.0,18123.0,974900
1636958700000,18123.0,18154.0,18082.0,18099.3,617500
1636962300000,18096.0,18164.6,18090.0,18159.0,626800
1636965900000,18159.95,18170.4,18119.45,18141.0,652350
1636969500000,18142.9,18148.6,18128.0,18130.25,409300
1637034300000,18120.0,18159.95,18043.5,18092.0,1571300
1637037900000,18090.9,18093.4,18038.2,18044.5,532450
1637041500000,18044.0,18104.9,18030.0,18100.2,778550
1637045100000,18100.45,18139.1,18082.15,18138.95,733150
1637048700000,18139.5,18144.0,18075.7,18081.0,658050
1637052300000,18077.0,18077.0,17995.35,18014.35,1515100
1637055900000,18016.0,18023.0,17978.4,17982.5,859500
1637120700000,17934.0,17995.0,17911.5,17978.05,1416850
1637124300000,17976.5,18028.8,17971.5,18009.85,890800
1637127900000,18007.45,18013.5,17951.0,17963.45,576550
1637131500000,17965.5,17998.0,17938.0,17996.05,555350
1637135100000,17998.0,18025.0,17967.0,17981.8,803600
1637138700000,17978.8,17993.5,17902.0,17904.5,1009750
1637142300000,17902.55,17915.6,17894.35,17895.35,663150
1637207100000,17890.0,17944.0,17709.0,17808.0,1667400
1637210700000,17808.0,17808.0,17733.4,17773.5,1561150
1637214300000,17773.3,17776.0,17711.05,17722.2,820400
1637217900000,17723.4,17758.55,17692.1,17749.5,906500
1637221500000,17750.0,17824.85,17747.7,17817.0,1200900
1637225100000,17817.0,17854.1,17761.25,17774.55,1422000
1637228700000,17779.3,17790.85,17766.05,17772.05,635550
1637552700000,17797.75,17805.0,17636.0,17653.2,2355250
1637556300000,17655.55,17668.75,17572.75,17574.0,1268050
1637559900000,17572.1,17619.0,17450.0,17480.0,1435800
1637563500000,17483.2,17529.0,17440.5,17505.0,1270450
1637567100000,17504.8,17505.4,17402.1,17420.0,1094700
1637570700000,17420.0,17449.0,17301.55,17412.0,2226500
1637574300000,17416.0,17468.0,17416.0,17446.3,785050
1637639100000,17325.0,17440.65,17250.0,17356.55,2660000
1637642700000,17356.1,17416.45,17350.0,17393.2,905800
1637646300000,17389.0,17508.0,17365.55,17472.35,1310700
1637649900000,17465.9,17477.5,17401.1,17441.75,1187600
1637653500000,17443.7,17537.95,17434.55,17525.1,1678550
1637657100000,17527.0,17550.0,17486.3,17506.05,1417300
1637660700000,17504.95,17509.85,17471.2,17491.0,478000
1637725500000,17547.8,17571.5,17495.25,17528.6,1502500
1637729100000,17527.95,17598.2,17526.45,17596.0,805150
1637732700000,17596.15,17597.1,17541.3,17579.0,1298650
1637736300000,17578.9,17605.0,17557.85,17587.75,736800
1637739900000,17587.35,17604.0,17521.35,17528.0,982850
1637743500000,17529.8,17529.8,17407.65,17409.0,2351100
1637747100000,17409.75,17414.8,17360.0,17366.7,762200
1637811900000,17320.5,17442.5,17320.5,17390.5,1669150
1637815500000,17393.0,17466.55,17372.0,17463.7,971100
1637819100000,17465.9,17528.95,17464.6,17522.0,1377300
1637822700000,17523.45,17545.0,17446.0,17514.0,1304150
1637826300000,17513.95,17532.8,17474.25,17508.9,1076150
1637829900000,17505.05,17558.0,17500.05,17527.4,1741450
1637833500000,17525.75,17537.5,17523.8,17534.05,495500
1637898300000,17415.5,17427.95,17252.6,17275.0,4681500
1637901900000,17277.95,17277.95,17120.25,17200.15,2718050
1637905500000,17202.0,17229.75,17158.0,17171.5,1265350
1637909100000,17172.05,17227.5,17150.05,17191.85,1003900
1637912700000,17191.5,17195.0,17090.55,17147.35,1565100
1637916300000,17149.3,17179.0,17015.05,17045.5,1971900
1637919900000,17048.35,17069.0,17023.35,17031.75,1191000
1638157500000,17094.75,17148.5,16850.1,17127.0,4932100
1638161100000,17127.5,17138.0,17010.0,17126.0,1346700
1638164700000,17130.0,17207.85,17110.2,17199.0,1617350
1638168300000,17199.6,17206.9,17099.7,17122.55,985800
1638171900000,17125.0,17198.8,17124.9,17168.8,878800
1638175500000,17168.5,17168.5,17059.0,17093.3,1743550
1638179100000,17097.0,17113.5,17083.75,17097.95,650800
1638243900000,17089.75,17300.0,17068.0,17286.2,2757400
1638247500000,17287.05,17347.0,17150.1,17159.05,2719100
1638251100000,17157.2,17157.5,17000.0,17094.75,2968450
1638254700000,17094.7,17165.0,17056.8,17103.4,1405050
1638258300000,17103.35,17199.0,17091.7,17161.95,1432000
1638261900000,17161.1,17190.0,17012.7,17025.4,2501850
1638265500000,17025.7,17040.2,17002.65,17032.2,1663800
1638330300000,17118.9,17225.0,17115.0,17150.0,2612050
1638333900000,17147.5,17249.9,17136.25,17238.3,1427400
1638337500000,17240.0,17250.0,17202.3,17210.8,1040550
1638341100000,17211.55,17222.0,17174.1,17204.5,854950
1638344700000,17205.0,17217.95,17118.7,17121.8,1302400
1638348300000,17121.0,17240.0,17100.5,17223.55,1758350
1638351900000,17223.75,17238.9,17220.7,17237.25,558800
1638416700000,17205.0,17318.55,17170.0,17315.85,2689200
1638420300000,17316.75,17331.0,17288.0,17315.45,972300
1638423900000,17317.0,17365.35,17311.5,17316.0,1161050
1638427500000,17314.5,17359.9,17311.5,17352.4,657050
1638431100000,17350.05,17379.0,17316.85,17352.5,1258700
1638434700000,17355.0,17439.0,17350.1,17434.95,1752000
1638438300000,17434.9,17444.45,17431.95,17440.0,817350
1638503100000,17468.7,17515.0,17382.25,17416.55,3169750
1638506700000,17416.55,17437.05,17375.0,17433.1,1119150
1638510300000,17433.6,17444.45,17395.0,17406.65,759750
1638513900000,17409.0,17417.0,17311.1,17321.05,1618350
1638517500000,17321.85,17334.95,17266.75,17267.2,1861550
1638521100000,17266.3,17287.0,17220.0,17235.9,2056550
1638524700000,17235.9,17255.3,17231.7,17252.5,618300
1638762300000,17247.7,17255.55,17134.0,17188.05,2246350
1638765900000,17187.55,17207.4,17141.25,17159.2,696750
1638769500000,17158.75,17159.4,17094.0,17097.1,973500
1638773100000,17097.05,17131.2,17076.0,17093.0,784600
1638776700000,17093.0,17118.65,17030.05,17032.05,1020850
1638780300000,17030.0,17047.0,16950.1,16951.8,2228400
1638783900000,16952.0,16964.8,16942.05,16950.0,725950
1638848700000,17053.8,17143.5,17016.6,17136.65,2813550
1638852300000,17137.0,17219.0,17125.5,17215.0,1593150
1638855900000,17215.0,17248.0,17197.95,17247.9,1014900
1638859500000,17248.7,17263.7,17182.5,17238.5,1215950
1638863100000,17239.3,17299.0,17233.0,17285.95,1152950
1638866700000,17286.9,17308.95,17205.0,17220.05,1557150
1638870300000,17221.0,17236.0,17215.65,17226.85,601100
1638935100000,17343.0,17465.0,17327.0,17448.25,2683700
1638938700000,17448.5,17464.45,17390.1,17447.8,899450
1638942300000,17447.8,17485.0,17436.4,17458.75,801450
1638945900000,17460.0,17475.5,17433.7,17467.05,534750
1638949500000,17469.0,17507.0,17466.0,17495.45,1078950
1638953100000,17496.95,17527.45,17468.25,17515.3,1263850
1638956700000,17514.0,17517.1,17505.05,17512.0,665250
1639021500000,17545.0,17578.95,17450.05,17452.95,2389150
1639025100000,17452.0,17490.0,17416.6,17469.05,1446100
1639028700000,17468.0,17517.55,17451.1,17517.55,713500
1639032300000,17518.0,17590.9,17510.05,17586.5,1261200
1639035900000,17587.25,17589.4,17515.3,17530.0,863350
1639039500000,17528.1,17571.65,17491.45,17562.0,1325400
1639043100000,17562.0,17566.4,17553.15,17557.35,562000
1639107900000,17532.0,17569.0,17465.3,17481.0,2003300
1639111500000,17480.25,17527.5,17468.5,17492.1,715800
1639115100000,17492.15,17515.0,17471.05,17478.5,524200
1639118700000,17482.0,17489.25,17435.45,17453.75,1116000
1639122300000,17453.7,17518.95,17436.3,17506.0,927050
1639125900000,17506.95,17574.95,17480.0,17574.95,1400050
1639129500000,17574.95,17585.0,17541.1,17549.0,827650
1639367100000,17637.65,17688.0,17633.5,17664.7,1741800
1639370700000,17662.95,17665.75,17611.0,17613.0,1073250
1639374300000,17611.65,17626.55,17580.0,17599.25,1091200
1639377900000,17600.2,17605.9,17410.8,17435.0,2613150
1639381500000,17432.65,17502.9,17404.25,17419.0,1641950
1639385100000,17416.35,17477.3,17405.65,17443.5,1238400
1639388700000,17446.0,17464.75,17437.0,17462.0,585950
1639453500000,17340.0,17388.05,17230.0,17321.3,2446550
1639457100000,17323.3,17323.3,17265.0,17305.1,1212200
1639460700000,17306.25,17397.85,17294.0,17386.25,1342500
1639464300000,17384.0,17409.55,17338.0,17387.6,918550
1639467900000,17388.15,17424.0,17312.55,17331.0,1371050
1639471500000,17330.05,17368.9,17292.3,17353.3,1315650
1639475100000,17352.2,17365.0,17345.0,17350.0,517850
1639539900000,17325.0,17379.5,17255.0,17285.05,1958450
1639543500000,17286.6,17290.6,17217.0,17251.0,1248900
1639547100000,17253.4,17329.75,17250.0,17279.35,1026550
1639550700000,17278.5,17288.95,17232.25,17268.95,600800
1639554300000,17268.95,17328.9,17258.0,17318.0,953050
1639557900000,17318.3,17354.25,17256.75,17257.95,1508300
1639561500000,17256.6,17268.55,17242.0,17255.0,726450
1639626300000,17390.0,17400.0,17273.0,17300.0,2426950
1639629900000,17300.25,17337.35,17289.65,17323.55,626900
1639633500000,17323.85,17335.5,17245.5,17262.6,1252650
1639637100000,17264.0,17339.35,17235.65,17300.0,1451400
1639640700000,17300.0,17325.9,17267.0,17272.75,856000
1639644300000,17270.05,17303.2,17233.0,17294.5,1525400
1639647900000,17294.45,17348.85,17294.45,17344.85,1225800
1639712700000,17310.05,17310.05,17080.0,17122.0,3465000
1639716300000,17122.95,17124.4,17031.0,17059.5,1477850
1639719900000,17060.65,17087.45,17016.0,17030.55,1037700
1639723500000,17031.9,17098.0,17015.6,17071.0,875150
1639727100000,17072.45,17128.0,17066.0,17097.35,938550
1639730700000,17097.35,17104.0,17000.0,17021.5,1948950
1639734300000,17021.8,17044.2,17011.55,17024.5,948750
1639971900000,16848.7,16918.7,16630.1,16649.55,4397850
1639975500000,16650.1,16665.5,16602.3,16617.5,1816650
1639979100000,16617.75,16627.8,16562.8,16568.5,1113800
1639982700000,16569.25,16569.95,16431.3,16468.65,2070400
1639986300000,16463.6,16574.1,16463.25,16536.35,1986100
1639989900000,16539.7,16655.0,16538.35,16643.6,2665250
1639993500000,16645.4,16658.9,16626.85,16626.85,749200
1640058300000,16751.0,16863.95,16736.3,16835.0,3786850
1640061900000,16832.55,16923.75,16832.55,16905.35,1426250
1640065500000,16906.8,16948.0,16878.0,16943.45,963400
1640069100000,16943.4,16955.0,16883.85,16902.8,1167400
1640072700000,16899.0,16919.9,16808.0,16811.25,1417550
1640076300000,16811.05,16830.0,16708.5,16809.0,2484100
1640079900000,16806.65,16814.8,16797.0,16814.5,460600
1640144700000,16877.0,16934.0,16855.0,16895.0,1817850
1640148300000,16894.1,16909.55,16832.2,16882.05,1117250
1640151900000,16881.65,16924.5,16873.85,16892.45,649850
1640155500000,16890.95,16940.0,16884.0,16885.0,776300
1640159100000,16884.0,16921.35,16862.05,16895.9,802200
1640162700000,16892.05,16983.5,16881.2,16963.85,1656900
1640166300000,16963.15,16985.0,16961.3,16977.05,716300
1640231100000,17075.0,17124.5,17046.65,17077.05,2096450
1640234700000,17077.15,17089.95,17055.0,17069.0,988750
1640238300000,17069.95,17100.55,17040.55,17093.0,890600
1640241900000,17091.5,17111.8,17089.2,17103.7,544000
1640245500000,17103.7,17150.0,17071.7,17078.25,1294800
1640249100000,17078.25,17114.9,17067.4,17101.15,1217850
1640252700000,17101.9,17101.9,17051.1,17059.0,841050
1640317500000,17150.0,17160.0,16935.0,16950.05,2901900
1640321100000,16953.8,16984.45,16920.0,16972.0,972650
1640324700000,16972.4,16999.0,16931.3,16996.95,582950
1640328300000,16994.0,16998.05,16940.6,16945.0,491150
1640331900000,16943.75,17061.95,16943.75,17057.0,1348750
1640335500000,17056.35,17079.95,16981.05,17005.5,1516450
1640339100000,17005.25,17015.0,16994.3,17002.5,465550
1640576700000,16950.0,17008.05,16842.4,16971.9,2645400
1640580300000,16973.4,17048.0,16960.75,17023.55,1260200
1640583900000,17023.65,17038.0,16992.8,17028.0,712300
1640587500000,17025.65,17075.0,17023.85,17042.25,880850
1640591100000,17042.85,17110.0,17038.6,17096.2,1455100
1640594700000,17096.0,17129.0,17058.35,17105.1,1131700
1640598300000,17105.05,17120.0,17095.55,17120.0,626700
1640663100000,17175.0,17223.65,17160.5,17216.0,1857550
1640666700000,17217.0,17222.0,17172.15,17212.7,700800
1640670300000,17216.9,17247.65,17212.2,17247.3,740600
1640673900000,17246.95,17255.4,17214.0,17223.15,686650
1640677500000,17224.65,17250.95,17210.25,17242.1,584600
1640681100000,17242.6,17258.8,17166.15,17251.65,1399250
1640684700000,17253.75,17257.15,17245.0,17252.45,453900
1640749500000,17238.0,17287.0,17186.05,17260.2,1622350
1640753100000,17259.8,17267.95,17205.4,17228.3,1067500
1640756700000,17230.0,17244.65,17210.25,17214.45,546400
1640760300000,17212.35,17246.2,17198.4,17234.8,1035350
1640763900000,17233.1,17254.35,17220.25,17248.75,523150
1640767500000,17252.0,17262.25,17227.6,17230.15,1133700
1640771100000,17228.1,17233.3,17188.75,17199.6,657000
1640835900000,17189.9,17245.0,17151.6,17242.45,1485650
1640839500000,17242.45,17258.9,17227.0,17229.05,994900
1640843100000,17229.05,17236.6,17204.95,17227.0,882800
1640846700000,17227.0,17252.9,17223.6,17244.75,752600
1640850300000,17245.7,17250.0,17216.8,17220.45,707000
1640853900000,17220.35,17233.7,17185.0,17208.25,1193250
1640857500000,17208.85,17208.85,17198.75,17207.2,483950
1640922300000,17268.0,17405.0,17265.1,17399.0,2435600
1640925900000,17401.7,17409.8,17373.0,17399.0,587600
1640929500000,17399.0,17420.0,17388.0,17408.0,678200
1640933100000,17409.1,17448.0,17402.0,17442.2,643000
1640936700000,17443.8,17448.0,17398.25,17410.0,633650
1640940300000,17411.65,17429.1,17396.2,17407.35,1194650
1640943900000,17407.35,17423.3,17405.8,17420.0,784800
1641181500000,17443.0,17537.0,17410.05,17531.5,2197100
1641185100000,17531.9,17570.0,17520.2,17567.6,860550
1641188700000,17570.0,17574.1,17557.0,17567.05,715150
1641192300000,17565.0,17627.0,17564.9,17616.35,792750
1641195900000,17617.4,17664.5,17606.0,17660.25,907850
1641199500000,17661.5,17690.95,17655.1,17677.2,1658200
1641203100000,17675.05,17692.3,17671.0,17690.0,847150
1641267900000,17730.0,17764.65,17632.4,17763.45,2829850
1641271500000,17763.65,17775.0,17725.6,17738.7,792050
1641275100000,17737.0,17771.0,17705.15,17771.0,573050
1641278700000,17772.5,17783.5,17744.5,17750.0,549750
1641282300000,17750.6,17773.5,17714.8,17765.0,784400
1641285900000,17767.55,17838.9,17765.85,17836.75,1188700
1641289500000,17836.5,17870.8,17833.6,17857.25,824550
1641354300000,17840.0,17885.0,17786.0,17876.05,2563400
1641357900000,17877.4,17882.0,17821.0,17832.95,917850
1641361500000,17830.1,17905.0,17823.0,17900.0,701300
1641365100000,17900.55,17972.95,17895.45,17971.8,1097800
1641368700000,17971.0,17984.1,17925.6,17952.65,972850
1641372300000,17955.2,17985.0,17930.8,17969.75,1233300
1641375900000,17969.85,17973.6,17942.45,17947.0,431750
1641440700000,17830.0,17845.5,17711.0,17759.1,4222750
1641444300000,17758.85,17772.0,17693.35,17709.2,1669800
1641447900000,17705.75,17743.8,17695.0,17715.3,972150
1641451500000,17716.1,17767.0,17685.65,17750.7,1346100
1641455100000,17752.95,17809.0,17725.05,17767.0,1168050
1641458700000,17766.45,17840.0,17765.0,17780.1,1819950
1641462300000,17780.55,17799.8,17767.35,17799.8,801600
1641527100000,17831.1,17937.95,17812.55,17925.7,2137400
1641530700000,17924.0,17949.0,17855.0,17858.7,1153000
1641534300000,17860.75,17898.0,17806.85,17831.0,1347300
1641537900000,17830.75,17839.0,17736.0,17800.0,1546900
1641541500000,17798.9,17834.8,17775.0,17777.0,813300
1641545100000,17777.0,17860.0,17767.6,17853.85,1134700
1641548700000,17854.0,17870.4,17843.05,17855.0,761650
1641786300000,17925.0,18014.65,17905.2,18010.15,2150800
1641789900000,18010.8,18018.0,17976.0,17999.65,890400
1641793500000,17998.25,18003.5,17940.6,17979.5,946000
1641797100000,17977.7,18019.25,17972.5,18005.5,584800
1641800700000,18005.95,18024.2,17987.45,18002.7,554900
1641804300000,18000.0,18054.0,17995.1,18048.9,935800
1641807900000,18050.0,18058.3,18045.25,18054.95,629000
1641872700000,18026.65,18083.95,18005.5,18021.65,1980950
1641876300000,18022.0,18078.4,17994.75,18070.0,844200
1641879900000,18070.0,18097.0,18060.3,18064.25,621300
1641883500000,18064.25,18103.3,18055.05,18102.15,512550
1641887100000,18103.0,18121.0,18072.65,18103.0,716100
1641890700000,18103.0,18113.5,18033.5,18085.6,1313750
1641894300000,18085.95,18092.5,18072.0,18085.5,642500
1641959100000,18199.0,18212.85,18165.5,18186.6,1762900
1641962700000,18186.1,18223.7,18175.25,18220.0,787600
1641966300000,18221.2,18249.9,18212.05,18228.3,755550
1641969900000,18228.0,18234.55,18212.25,18222.5,452950
1641973500000,18222.4,18229.0,18191.9,18204.0,971350
1641977100000,18204.0,18254.9,18195.0,18242.35,914650
1641980700000,18242.4,18245.35,18226.35,18227.0,462950
1642045500000,18266.0,18303.4,18221.1,18230.8,2347300
1642049100000,18230.85,18253.95,18197.15,18247.9,1007600
1642052700000,18247.9,18280.0,18244.7,18276.05,506150
1642056300000,18277.5,18284.15,18240.1,18248.55,515800
1642059900000,18245.7,18278.6,18216.65,18254.8,1030550
1642063500000,18256.05,18295.8,18238.9,18295.75,803150
1642067100000,18293.8,18297.95,18287.5,18289.95,563900
1642131900000,18220.6,18258.3,18146.2,18223.15,2348950
1642135500000,18224.85,18239.25,18187.0,18211.15,598450
1642139100000,18211.15,18223.35,18174.25,18221.0,587150
1642142700000,18220.4,18253.95,18208.7,18248.0,611650
1642146300000,18248.95,18278.7,18236.4,18259.5,732950
1642149900000,18258.0,18320.0,18243.0,18296.5,1074700
1642153500000,18296.95,18302.05,18270.1,18279.75,452400
1642391100000,18248.0,18323.4,18234.5,18298.85,1444150
1642394700000,18298.95,18327.95,18282.5,18314.6,503750
1642398300000,18316.5,18330.9,18300.0,18318.0,439050
1642401900000,18318.0,18325.0,18302.7,18318.55,306800
1642405500000,18318.55,18336.5,18285.9,18325.0,613500
1642409100000,18325.95,18350.0,18320.2,18333.85,648400
1642412700000,18334.0,18343.0,18330.35,18343.0,382550
1642477500000,18354.0,18363.5,18222.05,18245.35,2445050
1642481100000,18245.0,18256.95,18201.1,18245.85,1082850
1642484700000,18246.0,18279.9,18243.35,18266.95,804800
1642488300000,18267.7,18330.1,18263.45,18326.2,996250
1642491900000,18324.0,18333.7,18255.9,18293.8,1057850
1642495500000,18292.2,18295.35,18100.0,18109.95,3048950
1642499100000,18110.4,18136.55,18100.15,18115.85,991600
1642563900000,18094.0,18110.0,17967.45,18048.45,2939950
1642567500000,18050.7,18076.6,17980.0,17981.55,1092900
1642571100000,17981.15,18013.0,17954.0,17976.1,898500
1642574700000,17976.05,17992.8,17906.55,17944.45,1370900
1642578300000,17944.45,17961.1,17909.95,17956.8,1201050
1642581900000,17957.05,17988.0,17925.0,17980.0,1237500
1642585500000,17980.5,17985.0,17961.25,17975.5,533950
1642650300000,17950.0,17968.7,17869.5,17878.85,2036950
1642653900000,17878.6,17892.0,17836.0,17848.0,1121050
1642657500000,17848.45,17855.55,17805.55,17822.9,1220250
1642661100000,17822.9,17868.05,17802.05,17803.2,890300
1642664700000,17802.6,17808.0,17710.0,17742.6,2359550
1642668300000,17744.8,17814.5,17694.4,17813.3,2267050
1642671900000,17813.9,17824.9,17798.25,17812.0,811350
1642736700000,17670.05,17695.75,17542.0,17638.25,4377700
1642740300000,17638.3,17655.75,17575.5,17626.4,1241050
1642743900000,17626.0,17665.1,17601.25,17664.3,759750
1642747500000,17664.85,17723.15,17642.2,17715.0,1141350
1642751100000,17714.0,17719.9,17606.45,17615.35,1570650
1642754700000,17618.25,17644.4,17502.5,17622.4,2997800
1642758300000,17622.5,17654.5,17622.5,17647.9,604750
1642995900000,17550.0,17602.95,17425.9,17440.5,2685000
1642999500000,17438.0,17445.25,17391.1,17411.9,1583900
1643003100000,17414.1,17417.0,17306.35,17310.9,1654500
1643006700000,17311.1,17318.95,17223.75,17268.0,2110200
1643010300000,17268.1,17275.55,17011.75,17020.55,2608500
1643013900000,17025.55,17199.0,17022.2,17188.25,3266700
1643017500000,17190.0,17194.85,17100.1,17104.85,844600
1643082300000,17000.0,17195.0,16851.15,17077.25,4334250
1643085900000,17074.0,17102.9,17002.05,17086.3,1342150
1643089500000,17086.0,17131.75,17052.55,17085.9,1268650
1643093100000,17087.45,17144.0,17045.0,17138.15,1752050
1643096700000,17138.15,17234.9,17121.0,17205.75,1858350
1643100300000,17209.75,17297.0,17175.45,17295.0,1859800
1643103900000,17297.95,17309.0,17264.0,17264.0,791650
1643255100000,16995.0,17047.05,16915.3,17006.05,4060250
1643258700000,17004.0,17015.8,16934.4,16962.9,1347250
1643262300000,16961.75,16968.0,16871.45,16874.05,1477150
1643265900000,16875.4,17014.45,16862.0,17008.7,1207750
1643269500000,17008.5,17091.9,16984.2,17055.0,1648550
1643273100000,17058.95,17174.0,17036.5,17112.85,1940300
1643276700000,17111.15,17115.9,17096.9,17110.0,353650
1643341500000,17200.0,17385.0,17180.0,17354.65,3860800
1643345100000,17354.5,17369.5,17291.05,17341.95,1274750
1643348700000,17340.0,17380.0,17317.65,17372.4,749500
1643352300000,17373.75,17395.0,17350.0,17356.0,906100
1643355900000,17356.05,17366.8,17161.0,17179.1,2806450
1643359500000,17175.65,17223.95,17095.0,17114.05,2581850
1643363100000,17113.9,17145.0,17107.2,17126.75,831400
1643600700000,17300.0,17375.0,17271.0,17355.15,3186150
1643604300000,17355.65,17369.4,17275.0,17357.3,1425500
1643607900000,17357.6,17419.0,17324.0,17405.65,1248050
1643611500000,17407.85,17424.95,17366.25,17407.55,1245900
1643615100000,17409.05,17421.9,17336.1,17400.55,1464300
1643618700000,17397.2,17422.0,17352.1,17357.0,1447950
1643622300000,17358.9,17382.5,17344.0,17371.0,751950
1643687100000,17524.95,17595.0,17451.0,17585.0,2977650
1643690700000,17585.95,17609.0,17544.85,17575.0,1678850
1643694300000,17576.0,17634.0,17458.8,17593.5,2527250
1643697900000,17591.85,17625.0,17256.1,17263.1,4811850
1643701500000,17268.0,17567.25,17231.25,17552.1,3401900
1643705100000,17554.0,17628.4,17531.2,17571.8,2305800
1643708700000,17572.0,17613.4,17566.35,17610.25,943550
1643773500000,17705.25,17754.5,17680.05,17728.0,2708350
1643777100000,17728.0,17749.9,17685.0,17733.7,1154150
1643780700000,17733.35,17774.7,17722.15,17750.4,871750
1643784300000,17750.25,17765.0,17731.0,17749.0,979600
1643787900000,17749.6,17788.0,17726.15,17780.9,883950
1643791500000,17780.9,17790.85,17756.65,17790.5,985450
1643795100000,17790.9,17809.8,17787.45,17808.9,925850
1643859900000,17780.05,17784.0,17695.0,17715.0,2478750
1643863500000,17713.8,17728.2,17690.0,17707.8,762250
1643867100000,17709.25,17710.0,17640.0,17641.8,1353250
1643870700000,17641.8,17703.65,17634.15,17673.1,1067250
1643874300000,17672.85,17674.0,17579.55,17627.5,2326350
1643877900000,17629.15,17640.0,17555.05,17564.15,1568350
1643881500000,17563.65,17563.85,17500.0,17504.85,1228300
1643946300000,17521.0,17632.0,17488.5,17559.0,3172100
1643949900000,17559.0,17589.9,17525.0,17584.05,951800
1643953500000,17583.0,17599.0,17521.0,17533.55,847150
1643957100000,17535.0,17554.8,17475.0,17486.75,1453000
1643960700000,17486.75,17592.0,17476.25,17558.5,1334850
1643964300000,17559.0,17575.0,17491.5,17543.05,1283250
1643967900000,17544.7,17547.15,17511.25,17516.9,602000
1644205500000,17458.55,17532.55,17384.9,17409.0,2577400
1644209100000,17410.0,17422.5,17328.0,17332.0,1197400
1644212700000,17333.85,17333.85,17261.05,17268.5,1554650
1644216300000,17268.8,17339.55,17260.05,17271.0,1046350
1644219900000,17270.5,17289.0,17125.0,17175.9,2101650
1644223500000,17175.85,17243.55,17156.05,17217.55,1695050
1644227100000,17220.0,17225.0,17187.55,17213.0,661850
1644291900000,17265.0,17304.0,17177.7,17200.35,2667550
1644295500000,17198.85,17205.65,17048.2,17088.0,2310550
1644299100000,17089.0,17223.25,17074.3,17178.65,1624600
1644302700000,17178.0,17285.6,17136.95,17144.75,1920500
1644306300000,17144.0,17235.0,17131.55,17173.65,1317550
1644309900000,17175.0,17298.1,17142.0,17281.5,1885700
1644313500000,17282.95,17287.0,17245.0,17255.05,560300
1644378300000,17351.4,17448.0,17330.3,17428.35,2796200
1644381900000,17427.95,17433.05,17373.75,17403.2,970900
1644385500000,17403.75,17437.6,17392.95,17422.6,540950
1644389100000,17424.95,17440.0,17386.0,17388.75,752500
1644392700000,17386.0,17457.8,17381.1,17451.95,989150
1644396300000,17452.85,17490.0,17445.75,17476.95,1245100
1644399900000,17476.95,17489.3,17475.85,17487.0,535800
1644464700000,17525.0,17545.0,17440.5,17518.9,2272250
1644468300000,17521.85,17610.0,17491.2,17596.35,2088700
1644471900000,17596.4,17639.0,17571.65,17614.8,1046950
1644475500000,17614.25,17635.55,17589.55,17623.95,762150
1644479100000,17621.25,17650.0,17597.0,17635.1,926100
1644482700000,17635.1,17649.25,17605.0,17606.35,1299500
1644486300000,17608.0,17625.8,17595.8,17601.4,808800
1644551100000,17448.0,17473.25,17305.0,17320.0,4336300
1644554700000,17316.9,17348.0,17282.3,17305.0,1653550
1644558300000,17304.7,17343.8,17283.75,17338.9,806700
1644561900000,17338.95,17400.0,17331.45,17395.0,1278400
1644565500000,17395.1,17443.75,17344.0,17368.85,1949150
1644569100000,17367.15,17393.85,17331.3,17367.2,1615500
1644572700000,17367.2,17369.9,17327.8,17330.5,759900
1644810300000,17129.0,17129.0,16930.55,17020.7,4880850
1644813900000,17019.8,17075.0,16991.85,17023.25,1147350
1644817500000,17022.1,17034.15,16981.3,17002.15,829500
1644821100000,17002.0,17035.95,16951.0,17019.0,973850
1644824700000,17017.9,17042.7,16907.0,16914.45,1635300
1644828300000,16914.1,16948.0,16830.9,16832.5,2106900
1644831900000,16832.05,16854.95,16801.0,16809.9,902200
1644896700000,16894.0,16979.9,16837.0,16867.3,3128750
1644900300000,16869.15,16952.7,16862.0,16937.4,1349850
1644903900000,16934.35,17093.1,16934.35,17067.6,2564450
1644907500000,17069.7,17125.0,17027.0,17100.0,1853300
1644911100000,17100.85,17309.7,17059.8,17290.55,3356350
1644914700000,17293.35,17369.6,17265.5,17357.8,2598600
1644918300000,17359.7,17382.9,17354.6,17362.0,864050
1644983100000,17390.0,17438.7,17306.65,17323.0,2993100
1644986700000,17325.3,17368.0,17240.15,17281.8,1699200
1644990300000,17281.05,17343.3,17277.35,17334.0,991400
1644993900000,17336.0,17432.0,17335.25,17417.2,1898000
1644997500000,17415.5,17495.0,17386.35,17465.0,1917350
1645001100000,17464.2,17470.0,17276.65,17328.45,3227450
1645004700000,17325.0,17327.85,17291.25,17297.8,1138050
1645069500000,17374.9,17436.9,17252.6,17305.95,3457850
1645073100000,17302.25,17385.0,17217.35,17362.55,2452050
1645076700000,17362.0,17398.9,17316.9,17381.1,1196000
1645080300000,17383.55,17423.85,17361.7,17380.05,1102500
1645083900000,17384.5,17420.0,17326.5,17326.5,1510150
1645087500000,17325.8,17368.0,17273.0,17273.0,2042650
1645091100000,17274.6,17290.0,17262.1,17266.3,713850
1645155900000,17248.0,17324.55,17218.7,17301.1,2608100
1645159500000,17298.75,17335.0,17255.0,17331.75,999250
1645163100000,17332.35,17359.0,17296.0,17350.5,1105450
1645166700000,17350.5,17388.0,17327.45,17365.35,1185150
1645170300000,17364.75,17375.0,17308.05,17311.0,956800
1645173900000,17310.65,17324.95,17244.2,17275.1,2265450
1645177500000,17275.75,17281.85,17265.0,17281.0,675650
1645415100000,17206.2,17242.3,17081.0,17126.9,3274550
1645418700000,17122.05,17230.0,17104.05,17225.0,1634800
1645422300000,17226.0,17322.9,17204.0,17303.95,1828000
1645425900000,17306.0,17354.0,17271.6,17346.85,1373250
1645429500000,17346.95,17353.95,17221.2,17225.0,1628000
1645433100000,17225.3,17265.0,17175.15,17193.7,1814150
1645436700000,17192.6,17216.3,17189.0,17206.15,429250
1645501500000,16899.7,16989.45,16851.0,16912.55,4383200
1645505100000,16910.25,16994.9,16902.9,16968.1,1373950
1645508700000,16970.8,17008.0,16912.15,16942.05,1606900
1645512300000,16941.9,16955.75,16879.35,16909.6,1386200
1645515900000,16908.5,17068.95,16883.35,17065.55,2467550
1645519500000,17066.35,17145.0,17031.1,17081.25,2869300
1645523100000,17081.35,17099.25,17051.0,17060.0,737050
1645587900000,17170.0,17218.65,17132.55,17144.5,2408000
1645591500000,17145.0,17175.5,17118.0,17165.0,1026350
1645595100000,17167.95,17193.8,17158.2,17162.0,802050
1645598700000,17163.0,17173.85,17123.9,17163.5,1216250
1645602300000,17162.5,17173.0,17100.0,17143.75,1295050
1645605900000,17143.75,17169.95,17048.55,17050.0,2226700
1645609500000,17052.0,17080.15,17043.3,17069.35,878200
1645674300000,16600.0,16763.95,16462.6,16534.6,4720000
1645677900000,16538.8,16602.15,16525.0,16576.2,1806450
1645681500000,16577.65,16653.65,16545.1,16574.85,1674550
1645685100000,16575.0,16578.9,16435.05,16534.9,1580350
1645688700000,16531.6,16537.4,16422.0,16456.2,1880050
1645692300000,16454.0,16485.95,16230.1,16263.05,2809650
1645695900000,16264.0,16268.05,16234.8,16247.2,680800
1645760700000,16449.85,16695.0,16449.85,16647.25,5166000
1645764300000,16647.15,16763.75,16632.95,16707.05,3123450
1645767900000,16708.05,16748.0,16661.15,16663.1,1657350
1645771500000,16663.1,16717.8,16611.25,16682.9,1902400
1645775100000,16682.75,16687.95,16620.0,16670.05,1734950
1645778700000,16669.35,16729.0,16620.1,16664.95,2604900
1645782300000,16660.75,16681.85,16640.8,16667.0,1403400
1646019900000,16525.0,16545.0,16366.85,16457.9,3713250
1646023500000,16455.1,16624.7,16440.0,16604.0,2274650
1646027100000,16605.7,16735.0,16587.0,16686.2,2583950
1646030700000,16687.4,16759.0,16657.75,16728.5,1820150
1646034300000,16729.55,16754.7,16645.55,16710.9,1512850
1646037900000,16711.3,16825.0,16683.15,16805.0,2376550
1646041500000,16803.55,16806.9,16777.45,16789.8,1241300
1646192700000,16595.0,16678.0,16535.35,16594.3,4050100
1646196300000,16595.0,16636.4,16550.55,16571.4,1407400
1646199900000,16570.65,16610.0,16501.95,16506.7,1766550
1646203500000,16505.0,16573.15,16468.0,16548.0,1575250
1646207100000,16550.0,16564.9,16501.35,16518.75,1196250
1646210700000,16517.0,16622.55,16471.1,16615.45,2496100
1646214300000,16617.0,16649.8,16599.3,16641.9,1297100
1646279100000,16741.0,16769.75,16607.35,16640.55,3451650
1646282700000,16642.7,16660.0,16605.0,16655.0,1166550
1646286300000,16656.8,16668.0,16625.8,16636.6,747200
1646289900000,16636.0,16637.4,16490.15,16516.7,2044650
1646293500000,16518.0,16575.0,16472.0,16502.6,1605250
1646297100000,16500.3,16560.4,16445.1,16536.0,1907900
1646300700000,16533.1,16549.35,16511.45,16525.4,902650
1646365500000,16305.1,16321.7,16224.1,16227.2,3842250
1646369100000,16227.2,16242.85,16152.0,16174.0,2475200
1646372700000,16174.2,16292.55,16166.65,16270.0,1879900
1646376300000,16268.5,16423.95,16251.4,16373.6,2984550
1646379900000,16373.3,16479.35,16343.5,16366.0,2411300
1646383500000,16360.0,16414.5,16235.95,16254.6,2619550
1646387100000,16258.65,16271.0,16232.3,16264.9,790050
1646624700000,15900.0,15947.0,15780.0,15811.3,5824050
1646628300000,15811.4,15879.95,15757.2,15865.9,2862900
1646631900000,15864.9,15958.1,15862.6,15892.0,2815250
1646635500000,15891.35,15950.0,15845.25,15849.1,1473950
1646639100000,15849.3,15884.7,15751.0,15755.85,2134050
1646642700000,15754.5,15894.35,15711.15,15882.3,3132400
1646646300000,15881.0,15899.0,15865.75,15892.25,1007800
1646711100000,15770.0,15922.7,15760.0,15912.7,3527650
1646714700000,15912.65,15922.35,15782.15,15813.75,1983500
1646718300000,15813.7,15813.7,15702.3,15740.0,2453550
1646721900000,15740.0,15790.0,15676.35,15759.0,2022600
1646725500000,15758.55,15935.0,15694.2,15879.75,3389950
1646729100000,15883.5,16033.0,15832.35,16019.85,3571000
1646732700000,16018.25,16027.0,16000.0,16012.0,1224400
1646797500000,16065.0,16150.0,15961.0,16141.5,4178450
1646801100000,16145.0,16170.0,16111.25,16120.75,1433400
1646804700000,16122.0,16195.0,16086.35,16176.0,1606450
1646808300000,16178.35,16319.95,16177.15,16315.45,2387500
1646811900000,16315.95,16349.0,16239.0,16333.75,1996500
1646815500000,16335.3,16422.35,16331.4,16373.8,2795900
1646819100000,16371.05,16385.0,16352.6,16384.0,797250
1646883900000,16730.0,16749.0,16575.0,16719.05,4448700
1646887500000,16719.05,16753.5,16696.65,16746.0,1512600
1646891100000,16746.9,16749.0,16694.05,16702.6,1102300
1646894700000,16704.55,16725.7,16611.05,16642.0,2018200
1646898300000,16638.5,16690.0,16450.0,16536.6,3102050
1646901900000,16537.45,16652.0,16486.25,16638.6,2896750
1646905500000,16640.15,16645.25,16563.05,16563.9,908300
1646970300000,16510.0,16707.8,16475.05,16651.55,3261900
1646973900000,16651.6,16662.8,16553.8,16625.0,2167200
1646977500000,16625.45,16683.95,16606.1,16656.4,1106250
1646981100000,16658.25,16686.35,16585.8,16598.0,1176300
1646984700000,16595.4,16655.55,16570.1,16627.75,1200350
1646988300000,16628.2,16674.4,16605.1,16643.35,1350650
1646991900000,16643.3,16656.6,16637.0,16654.25,551100
1647229500000,16624.95,16707.95,16610.15,16686.1,2408750
1647233100000,16687.25,16735.0,16656.1,16726.4,1099150
1647236700000,16726.0,16774.95,16719.9,16741.95,1607300
1647240300000,16740.1,16799.0,16727.0,16788.9,1150700
1647243900000,16790.05,16824.9,16761.4,16822.95,931850
1647247500000,16824.0,16899.9,16822.25,16883.4,2153450
1647251100000,16883.2,16912.6,16868.3,16910.15,986050
1647315900000,16890.0,16928.9,16811.25,16869.6,2883300
1647319500000,16869.9,16900.0,16840.0,16856.75,1174850
1647323100000,16854.3,16896.0,16828.9,16881.6,846700
1647326700000,16880.1,16882.0,16721.05,16727.1,2528550
1647330300000,16726.05,16748.05,16632.6,16649.6,2407200
1647333900000,16649.3,16716.1,16556.7,16676.6,3154800
1647337500000,16677.65,16688.0,16639.45,16649.5,781250
1647402300000,16870.0,16963.95,16865.1,16880.85,3595300
1647405900000,16880.0,16929.45,16856.0,16909.5,1180900
1647409500000,16910.6,16960.0,16905.0,16947.0,1144650
1647413100000,16947.1,16979.95,16890.55,16893.65,1480150
1647416700000,16887.0,16953.3,16870.3,16911.0,1498750
1647420300000,16910.1,17028.7,16902.25,17014.25,2243550
1647423900000,17014.1,17014.1,16992.65,17006.35,782200
1647488700000,17218.0,17285.05,17188.15,17284.45,3678850
1647492300000,17286.35,17297.9,17263.2,17278.0,1189600
1647495900000,17278.0,17332.95,17269.95,17309.9,1267450
1647499500000,17309.1,17357.35,17297.15,17323.0,1535850
1647503100000,17323.65,17385.85,17303.05,17343.35,2120000
1647506700000,17345.05,17367.55,17294.95,17305.6,2280100
1647510300000,17307.2,17338.5,17298.75,17324.1,1061700
1647834300000,17332.2,17392.1,17250.0,17254.75,2615150
1647837900000,17253.0,17298.65,17231.55,17271.0,1171450
1647841500000,17271.4,17304.4,17247.25,17249.0,673450
1647845100000,17249.25,17269.0,17156.4,17170.4,1679400
1647848700000,17172.2,17234.1,17143.1,17209.0,1161000
1647852300000,17210.35,17218.0,17130.65,17166.0,1493350
1647855900000,17165.1,17172.45,17152.1,17167.4,514600
1647920700000,17141.0,17174.9,17071.15,17076.0,2448150
1647924300000,17077.4,17110.0,17051.0,17103.9,1128950
1647927900000,17104.0,17127.7,17062.1,17079.0,924650
1647931500000,17077.45,17288.0,17066.6,17285.6,2649750
1647935100000,17288.05,17375.35,17265.0,17337.05,2595050
1647938700000,17335.85,17366.0,17282.9,17363.95,1692700
1647942300000,17364.85,17383.75,17355.0,17381.0,722050
1648007100000,17447.0,17464.4,17355.0,17381.5,2811200
1648010700000,17379.2,17409.6,17320.3,17347.9,1678400
1648014300000,17345.0,17378.6,17267.1,17307.2,1498950
1648017900000,17305.15,17325.0,17235.75,17286.0,1606700
1648021500000,17285.0,17322.2,17220.05,17274.15,1367550
1648025100000,17271.2,17347.0,17258.0,17284.0,1391750
1648028700000,17284.0,17287.0,17251.9,17256.95,612300
1648093500000,17111.0,17297.0,17111.0,17286.5,2318600
1648097100000,17288.8,17324.0,17244.6,17317.0,1149650
1648100700000,17317.7,17339.0,17208.85,17216.05,1625650
1648104300000,17215.95,17232.2,17175.55,17185.0,1359050
1648107900000,17185.0,17277.95,17181.1,17269.1,1295900
1648111500000,17270.0,17292.55,17233.45,17247.05,1228100
1648115100000,17247.9,17254.75,17210.95,17215.0,705500
1648179900000,17260.0,17296.0,17188.9,17216.05,1822750
1648183500000,17218.8,17230.0,17177.3,17210.0,866500
1648187100000,17210.0,17224.0,17134.3,17137.8,1229400
1648190700000,17138.0,17188.95,17130.0,17164.0,769700
1648194300000,17163.65,17177.5,17096.4,17122.0,1195350
1648197900000,17122.8,17169.95,17117.65,17164.95,1124350
1648201500000,17164.9,17238.0,17162.55,17211.5,964200
1648439100000,17220.6,17220.6,17061.25,17066.1,2287650
1648442700000,17064.5,17073.0,17025.35,17064.2,1022750
1648446300000,17066.0,17090.65,17031.2,17078.7,947600
1648449900000,17081.5,17260.85,17081.5,17254.3,2809850
1648453500000,17251.25,17263.7,17172.15,17216.95,1147550
1648457100000,17216.95,17275.45,17198.9,17267.15,1473050
1648460700000,17267.7,17283.0,17261.05,17276.5,649500
1648525500000,17350.0,17359.0,17287.6,17321.0,1585900
1648529100000,17320.5,17340.0,17281.65,17324.0,854000
1648532700000,17324.45,17335.95,17285.1,17306.35,786600
1648536300000,17306.3,17366.85,17290.2,17321.55,1272700
1648539900000,17321.1,17325.65,17269.4,17322.0,1322150
1648543500000,17322.75,17363.6,17305.0,17360.0,1310100
1648547100000,17360.0,17390.0,17359.6,17388.3,705750
1648611900000,17501.3,17502.3,17436.05,17475.95,2513050
1648615500000,17475.95,17533.5,17472.25,17524.05,1464300
1648619100000,17525.1,17531.35,17498.95,17503.35,956000
1648622700000,17503.0,17518.75,17486.55,17512.1,936750
1648626300000,17510.2,17526.1,17425.0,17466.0,1601650
1648629900000,17467.0,17539.95,17460.2,17519.4,1455900
1648633500000,17517.9,17521.95,17491.4,17494.0,519400
1648698300000,17519.55,17555.8,17486.95,17544.0,1530200
1648701900000,17545.0,17549.0,17507.5,17518.8,1654050
1648705500000,17516.35,17521.7,17461.1,17482.95,1281650
1648709100000,17483.2,17534.0,17480.0,17521.0,779700
1648712700000,17521.0,17525.5,17451.35,17459.8,874200
1648716300000,17461.5,17494.8,17436.75,17467.55,1234300
1648719900000,17468.0,17471.95,17458.35,17463.75,416000
1648784700000,17453.0,17589.0,17423.0,17565.3,3059450
1648788300000,17564.9,17612.9,17563.25,17597.0,1123650
1648791900000,17597.0,17599.75,17560.0,17576.15,630550
1648795500000,17576.35,17599.7,17562.9,17587.1,895000
1648799100000,17588.2,17649.9,17585.25,17641.85,1174550
1648802700000,17641.95,17716.9,17625.0,17715.2,1659150
1648806300000,17715.15,17740.0,17712.2,17737.35,1070350
1649043900000,17810.0,18112.0,17765.1,18085.2,3872400
1649047500000,18089.7,18094.0,18003.9,18016.85,1791450
1649051100000,18017.95,18070.0,17974.0,17976.8,1152700
1649054700000,17975.7,18022.3,17923.75,18017.0,1929450
1649058300000,18014.0,18062.8,18005.2,18044.0,1200750
1649061900000,18044.7,18121.25,18040.1,18101.6,1648450
1649065500000,18101.25,18112.75,18083.3,18092.0,732950
1649130300000,18161.1,18173.8,18031.15,18058.85,2542950
1649133900000,18056.8,18102.15,18022.0,18075.8,1113350
1649137500000,18076.55,18093.8,18062.8,18086.3,466400
1649141100000,18087.35,18153.45,18052.05,18153.45,1257200
1649144700000,18154.95,18171.45,18047.1,18072.0,1845400
1649148300000,18070.7,18094.0,18010.1,18014.3,1434950
1649151900000,18013.55,18027.3,17990.1,17996.35,992900
1649216700000,17897.0,17947.7,17850.55,17890.0,2792750
1649220300000,17889.4,17906.0,17837.0,17878.85,1779900
1649223900000,17884.0,17933.5,17866.05,17915.0,1192100
1649227500000,17915.0,17964.8,17868.0,17889.0,1360600
1649231100000,17890.0,17897.05,17840.25,17856.8,1091200
1649234700000,17856.3,17907.5,17841.75,17871.15,1256400
1649238300000,17872.1,17875.0,17857.35,17864.95,741050
1649303100000,17768.0,17802.5,17752.6,17784.2,2551650
1649306700000,17785.1,17806.95,17735.0,17756.8,1303700
1649310300000,17759.0,17848.0,17750.0,17837.0,1565100
1649313900000,17837.2,17866.3,17815.05,17827.85,1230700
1649317500000,17828.4,17835.6,17707.0,17715.1,2015250
1649321100000,17716.4,17750.95,17693.25,17720.75,1795000
1649324700000,17720.75,17743.4,17717.55,17740.0,815700
1649389500000,17745.0,17774.75,17667.0,17739.1,2191600
1649393100000,17737.15,17747.0,17656.3,17702.0,1283050
1649396700000,17703.6,17809.95,17685.0,17797.65,1469500
1649400300000,17795.75,17843.0,17777.75,17818.65,1793550
1649403900000,17817.85,17944.8,17802.0,17931.1,2555900
1649407500000,17933.65,17936.95,17855.0,17857.95,1629500
1649411100000,17858.0,17896.0,17856.35,17894.0,701300
1649648700000,17781.5,17813.95,17690.35,17745.6,3762950
1649652300000,17746.3,17767.15,17700.0,17722.3,1159550
1649655900000,17721.95,17772.5,17714.65,17767.9,961600
1649659500000,17769.0,17800.8,17723.35,17791.5,1366650
1649663100000,17790.85,17829.95,17750.0,17781.65,1446700
1649666700000,17782.0,17794.0,17695.0,17734.8,1464300
1649670300000,17733.45,17741.9,17720.85,17727.9,630850
1649735100000,17600.1,17626.75,17526.65,17534.95,3285750
1649738700000,17532.2,17565.05,17505.0,17549.4,1470450
1649742300000,17547.55,17580.0,17527.6,17564.6,824250
1649745900000,17565.0,17577.55,17505.8,17507.05,1079050
1649749500000,17505.7,17592.95,17482.0,17587.0,2152100
1649753100000,17587.95,17634.2,17573.1,17577.75,2187300
1649756700000,17575.95,17579.95,17556.25,17561.3,643350
1649821500000,17615.75,17704.8,17595.1,17596.75,3423100
1649825100000,17595.45,17619.45,17567.0,17587.0,1358100
1649828700000,17585.6,17609.0,17512.25,17515.0,1376500
1649832300000,17512.0,17549.8,17488.4,17548.3,1314850
1649835900000,17547.75,17559.55,17510.0,17553.0,792650
1649839500000,17551.45,17570.4,17510.0,17511.55,1260100
1649843100000,17513.55,17528.3,17505.0,17506.05,841400
1650253500000,17221.15,17286.7,17180.05,17196.25,3564800
1650257100000,17192.0,17217.7,17172.05,17203.55,1075350
1650260700000,17204.0,17227.45,17176.45,17187.6,623150
1650264300000,17187.5,17201.5,17109.95,17145.85,1271800
1650267900000,17148.65,17208.0,17146.75,17189.0,1105050
1650271500000,17188.7,17244.0,17163.9,17238.05,1725200
1650275100000,17239.3,17257.0,17238.75,17242.0,899600
1650339900000,17275.0,17300.0,17202.25,17237.95,2162700
1650343500000,17238.0,17239.9,17202.35,17238.5,738800
1650347100000,17239.5,17288.25,17236.45,17282.1,1110150
1650350700000,17280.0,17294.7,17201.3,17218.0,957750
1650354300000,17217.0,17314.0,17214.0,17287.0,1570350
1650357900000,17287.35,17295.0,16953.0,16988.95,4259800
1650361500000,16988.05,17009.45,16843.3,16910.0,2838550
1650426300000,17040.0,17148.5,16996.85,17130.3,3301750
1650429900000,17131.75,17158.55,17095.1,17142.95,1342950
1650433500000,17143.2,17153.3,17086.05,17127.45,935550
1650437100000,17127.6,17219.7,17114.1,17162.5,1978650
1650440700000,17165.5,17187.1,17079.0,17117.0,1720050
1650444300000,17116.0,17191.65,17081.2,17153.3,1714750
1650447900000,17154.85,17176.0,17148.9,17172.9,672300
1650512700000,17239.95,17285.95,17222.0,17281.3,1755450
1650516300000,17281.3,17374.7,17260.55,17372.3,1961050
1650519900000,17371.0,17385.0,17345.3,17368.9,1235450
1650523500000,17368.0,17406.8,17353.5,17389.55,968500
1650527100000,17390.0,17422.95,17382.15,17406.35,1044400
1650530700000,17406.4,17439.0,17387.9,17406.35,1517700
1650534300000,17408.25,17417.6,17403.7,17413.0,857500
1650599100000,17225.1,17262.9,17200.1,17232.0,3151800
1650602700000,17231.95,17308.05,17218.0,17305.0,1014300
1650606300000,17305.0,17321.0,17276.9,17293.0,780500
1650609900000,17290.8,17315.4,17261.85,17285.0,800650
1650613500000,17281.6,17318.35,17186.0,17218.0,1680050
1650617100000,17217.5,17231.25,17156.5,17182.7,1882850
1650620700000,17182.95,17185.0,17164.2,17169.9,869450
1650858300000,17005.0,17050.15,16936.4,17025.75,3054550
1650861900000,17026.1,17037.5,16962.4,16994.9,1087850
1650865500000,16992.3,17008.7,16952.3,16952.7,824900
1650869100000,16951.0,16987.65,16892.05,16979.05,2022950
1650872700000,16979.05,17003.45,16932.0,16954.8,1558850
1650876300000,16952.0,16959.55,16875.0,16946.3,1879900
1650879900000,16947.3,16989.0,16940.5,16982.95,681450
1650944700000,17125.0,17193.15,17106.05,17160.0,2387900
1650948300000,17158.2,17171.05,17137.6,17146.5,739200
1650951900000,17146.5,17184.3,17146.5,17153.25,735500
1650955500000,17153.25,17168.65,17068.2,17085.0,1732750
1650959100000,17085.0,17163.55,17084.6,17146.05,1417950
1650962700000,17147.7,17220.0,17116.2,17214.7,1871900
1650966300000,17214.5,17228.8,17205.5,17212.0,662200
1651031100000,17078.0,17102.85,17032.45,17072.0,2588650
1651034700000,17072.0,17075.65,17033.9,17063.8,1061550
1651038300000,17062.6,17063.8,17014.05,17030.0,1100600
1651041900000,17027.5,17049.0,16957.85,16977.0,2148850
1651045500000,16979.4,17091.45,16977.1,17070.0,1558850
1651049100000,17069.15,17114.5,17022.75,17051.0,1674650
1651052700000,17050.95,17074.7,17045.0,17059.05,583200
1651117500000,17149.0,17157.0,17088.6,17107.0,1633300
1651121100000,17107.0,17115.0,17072.65,17101.0,1338500
1651124700000,17101.0,17180.55,17097.2,17168.3,1347300
1651128300000,17166.0,17253.25,17161.2,17246.55,1386000
1651131900000,17249.2,17299.0,17225.4,17293.5,1282400
1651135500000,17294.0,17321.05,17237.75,17240.4,1620150
1651139100000,17238.35,17252.25,17235.05,17245.0,359950
1651203900000,17307.0,17363.0,17264.0,17294.65,2389500
1651207500000,17294.8,17375.85,17282.4,17366.05,1926650
1651211100000,17368.0,17389.65,17349.95,17370.75,939650
1651214700000,17371.15,17398.0,17346.1,17391.05,903700
1651218300000,17391.0,17399.0,17301.0,17315.35,1558650
1651221900000,17313.0,17326.0,17100.8,17106.9,4670100
1651225500000,17110.2,17136.9,17085.65,17133.0,1996300
1651463100000,16925.0,17028.6,16925.0,16992.0,2685750
1651466700000,16993.8,17043.7,16965.0,16982.05,1348350
1651470300000,16982.95,17029.9,16962.65,17026.0,952600
1651473900000,17026.05,17058.0,16987.9,17030.05,1527650
1651477500000,17034.2,17043.85,16982.2,17018.0,890850
1651481100000,17017.9,17118.0,16971.15,17082.65,2063900
1651484700000,17083.2,17090.0,17069.4,17079.25,538050
1651635900000,17115.1,17137.75,17033.0,17037.85,2062450
1651639500000,17037.0,17039.9,16935.1,16955.65,2370350
1651643100000,16956.2,16988.0,16888.15,16918.95,1469300
1651646700000,16918.8,16931.3,16833.55,16891.0,2300600
1651650300000,16890.05,16993.55,16760.05,16809.6,3316750
1651653900000,16810.75,16863.0,16643.2,16724.25,4161100
1651657500000,16724.9,16733.0,16677.6,16715.0,1119250
1651722300000,16855.3,16958.7,16792.0,16953.05,3675150
1651725900000,16956.25,16980.35,16914.2,16948.45,1806050
1651729500000,16945.9,16948.65,16845.0,16858.8,1692400
1651733100000,16860.15,16922.9,16821.3,16822.0,1256900
1651736700000,16822.0,16866.0,16693.1,16719.4,2596550
1651740300000,16718.9,16755.0,16660.55,16698.0,2159800
1651743900000,16699.65,16716.25,16675.0,16681.0,725950
1651808700000,16451.25,16487.7,16401.4,16409.0,3836500
1651812300000,16407.1,16421.0,16351.0,16373.1,1841350
1651815900000,16370.0,16435.6,16346.75,16420.0,1513500
1651819500000,16421.0,16426.0,16358.0,16368.35,1281250
1651823100000,16369.2,16474.0,16351.25,16444.2,2176250
1651826700000,16449.6,16494.8,16375.25,16422.75,2154800
1651830300000,16424.5,16446.8,16417.8,16442.75,781750
1652067900000,16255.55,16296.95,16153.0,16241.7,3766600
1652071500000,16241.95,16265.0,16212.85,16230.65,812200
1652075100000,16232.4,16340.0,16221.6,16330.55,1632300
1652078700000,16331.45,16417.95,16307.0,16338.4,1988200
1652082300000,16336.5,16354.75,16211.3,16237.9,1955950
1652085900000,16240.0,16397.95,16228.35,16307.6,2345450
1652089500000,16306.0,16320.0,16298.05,16308.05,650750
1652154300000,16263.3,16340.0,16250.05,16274.9,2794000
1652157900000,16276.4,16334.95,16267.0,16323.05,1140450
1652161500000,16321.7,16401.55,16289.0,16396.2,1659050
1652165100000,16396.55,16410.15,16356.4,16370.7,1718050
1652168700000,16370.0,16388.25,16302.5,16371.0,1873850
1652172300000,16365.75,16374.85,16223.9,16244.75,3117350
1652175900000,16245.95,16256.8,16209.0,16220.0,1090750
1652240700000,16256.7,16314.7,16142.15,16158.45,3609700
1652244300000,16158.45,16186.5,16075.9,16096.1,2015750
1652247900000,16095.55,16163.4,16093.5,16132.0,1072600
1652251500000,16132.0,16136.55,16013.0,16025.55,1978600
1652255100000,16026.55,16182.0,15993.0,16174.2,2688800
1652258700000,16174.6,16227.5,16121.9,16165.5,2608600
1652262300000,16167.1,16207.75,16166.0,16203.5,809550
1652327100000,16020.0,16038.85,15857.0,15876.5,4222450
1652330700000,15875.65,15927.15,15827.05,15829.95,1842900
1652334300000,15830.1,15888.35,15820.0,15875.7,1351300
1652337900000,15875.05,15880.0,15793.35,15825.3,1437150
1652341500000,15825.05,15889.0,15770.1,15780.0,2083100
1652345100000,15781.85,15830.0,15733.0,15824.15,3201150
1652348700000,15824.4,15833.0,15811.0,15811.9,1160550
1652413500000,15968.9,16037.0,15895.25,15898.9,4174350
1652417100000,15898.9,16017.4,15890.0,16010.1,1368950
1652420700000,16007.75,16069.0,15973.0,16032.75,1791400
1652424300000,16031.0,16085.85,16000.0,16084.0,1341150
1652427900000,16084.3,16091.0,15918.05,15924.0,2194050
1652431500000,15924.3,15939.75,15744.1,15762.95,4115750
1652435100000,15765.8,15798.65,15756.4,15784.5,1079900
1652672700000,15832.3,15979.75,15752.0,15945.05,3055300
1652676300000,15942.85,15965.4,15885.5,15935.4,1103550
1652679900000,15937.0,15940.35,15806.9,15816.5,1558000
1652683500000,15815.15,15867.9,15770.0,15816.0,1532250
1652687100000,15816.95,15918.95,15805.0,15878.35,1537000
1652690700000,15879.55,15914.85,15810.0,15824.55,1445250
1652694300000,15823.5,15865.0,15819.6,15865.0,579550
1652759100000,15901.05,15984.85,15885.05,15981.4,2412050
1652762700000,15981.05,16109.0,15978.9,16064.5,2864800
1652766300000,16061.65,16142.0,16055.25,16098.45,1534900
1652769900000,16096.2,16174.1,16096.2,16174.1,1127300
1652773500000,16175.05,16215.95,16116.8,16211.0,1460200
1652777100000,16213.4,16267.9,16181.9,16243.35,2099650
1652780700000,16245.05,16275.05,16241.2,16268.2,859450
1652845500000,16309.9,16363.35,16250.15,16303.8,3961400
1652849100000,16304.7,16340.0,16265.0,16296.7,1169750
1652852700000,16296.8,16330.0,16285.2,16295.0,698950
1652856300000,16294.0,16294.0,16167.8,16227.0,2484650
1652859900000,16227.75,16325.35,16197.3,16230.0,2012850
1652863500000,16232.95,16269.2,16189.45,16220.25,1677900
1652867100000,16224.3,16240.25,16217.75,16236.0,574550
1652931900000,15981.3,15981.3,15876.1,15921.6,3572500
1652935500000,15921.85,15930.95,15865.45,15888.0,1120400
1652939100000,15888.0,15890.6,15826.05,15826.15,1930600
1652942700000,15827.85,15858.9,15775.1,15790.55,1641650
1652946300000,15791.25,15826.25,15780.75,15781.65,1328150
1652949900000,15780.9,15806.4,15740.0,15748.5,2062250
1652953500000,15745.45,15798.0,15745.35,15783.05,1055950
1653018300000,15988.5,16169.35,15968.5,16151.05,5212850
1653021900000,16153.3,16187.15,16140.0,16169.05,1391000
1653025500000,16170.95,16197.0,16118.0,16131.3,1227650
1653029100000,16132.0,16199.1,16098.75,16188.0,1548900
1653032700000,16188.3,16212.2,16166.0,16211.65,1223700
1653036300000,16211.95,16265.45,16167.15,16257.5,2366200
1653039900000,16260.0,16275.0,16240.25,16271.4,843750
1653277500000,16270.0,16337.95,16185.25,16310.0,3728550
1653281100000,16312.95,16338.85,16277.2,16314.7,798800
1653284700000,16314.5,16358.0,16314.0,16350.4,891950
1653288300000,16352.4,16368.0,16310.0,16322.15,1106450
1653291900000,16322.0,16398.0,16220.1,16230.0,2926200
1653295500000,16225.7,16258.8,16167.0,16183.15,2376500
1653299100000,16185.0,16194.4,16152.0,16164.9,603900
1653363900000,16150.0,16236.0,16102.25,16117.0,2348300
1653367500000,16117.0,16151.35,16088.0,16115.0,1147600
1653371100000,16116.95,16219.95,16107.5,16160.5,1640650
1653374700000,16157.8,16232.5,16100.45,16114.1,2066650
1653378300000,16112.05,16161.0,16093.25,16108.35,1269100
1653381900000,16106.15,16133.1,16034.05,16087.65,2198350
1653385500000,16086.8,16124.9,16086.15,16123.0,626900
1653450300000,16168.05,16221.35,16119.05,16133.55,2265800
1653453900000,16132.7,16159.95,16107.7,16155.45,951300
1653457500000,16157.15,16163.1,16040.0,16067.55,1552700
1653461100000,16067.55,16092.0,16017.35,16058.65,1397350
1653464700000,16057.25,16074.35,15988.9,16062.55,1798400
1653468300000,16064.45,16081.0,15982.0,16008.45,2199050
1653471900000,16009.0,16037.4,16001.55,16018.7,607100
1653536700000,16091.6,16122.75,16011.2,16016.6,1807150
1653540300000,16016.75,16029.0,15893.55,15911.75,1428250
1653543900000,15912.5,15933.75,15885.1,15922.0,1958300
1653547500000,15923.3,16094.95,15900.3,16093.55,3078600
1653551100000,16094.95,16164.35,16062.0,16080.05,1629150
1653554700000,16080.35,16178.7,16080.15,16159.75,1899650
1653558300000,16160.55,16172.95,16159.9,16169.05,481550
1653623100000,16300.05,16323.7,16248.9,16273.8,2773350
1653626700000,16274.1,16289.0,16222.4,16242.15,1199200
1653630300000,16242.65,16265.0,16201.05,16221.9,996950
1653633900000,16219.4,16303.0,16212.0,16296.0,1281250
1653637500000,16296.0,16349.1,16255.05,16309.95,2354000
1653641100000,16310.0,16337.65,16270.25,16319.9,1646850
1653644700000,16319.5,16340.6,16316.5,16338.0,957000
1653882300000,16461.05,16612.0,16461.05,16605.6,3577350
1653885900000,16605.5,16672.0,16584.65,16669.95,1682900
1653889500000,16670.0,16674.0,16637.2,16644.95,1267650
1653893100000,16645.95,16656.2,16617.0,16651.6,976800
1653896700000,16652.95,16655.15,16605.05,16614.0,692600
1653900300000,16612.2,16661.75,16592.0,16638.0,1363250
1653903900000,16638.55,16653.2,16635.0,16653.0,722300
1653968700000,16589.0,16604.5,16528.05,16598.55,2637350
1653972300000,16596.3,16667.7,16582.05,16644.9,1607300
1653975900000,16643.45,16676.85,16601.85,16652.95,1277700
1653979500000,16650.1,16659.25,16587.35,16611.05,1135550
1653983100000,16607.45,16691.85,16600.25,16674.45,1465050
1653986700000,16671.0,16682.0,16544.15,16550.0,2476400
1653990300000,16549.1,16577.9,16542.45,16574.0,1195000
1654055100000,16550.0,16640.0,16535.0,16573.9,2901150
1654058700000,16573.7,16622.5,16565.0,16573.25,1225650
1654062300000,16573.95,16605.0,16552.65,16574.6,741650
1654065900000,16574.6,16581.7,16529.05,16532.1,782750
1654069500000,16529.05,16541.6,16442.0,16447.8,2638250
1654073100000,16444.8,16515.0,16425.1,16513.45,2261550
1654076700000,16514.9,16535.0,16508.15,16529.8,778150
1654141500000,16448.0,16524.0,16430.0,16515.65,3172400
1654145100000,16515.75,16574.6,16468.45,16494.35,2302050
1654148700000,16492.3,16549.95,16484.05,16531.0,952200
1654152300000,16529.8,16593.0,16529.0,16569.9,1384800
1654155900000,16566.0,16621.3,16532.65,16620.0,1544900
1654159500000,16620.0,16645.0,16583.05,16625.45,1952850
1654163100000,16625.75,16638.0,16622.0,16629.0,845250
1654227900000,16761.5,16790.0,16736.5,16750.6,2529900
1654231500000,16752.0,16752.4,16713.15,16734.65,1003500
1654235100000,16737.0,16767.0,16725.0,16759.15,610950
1654238700000,16759.7,16765.4,16688.7,16713.2,1426950
1654242300000,16712.2,16723.0,16656.0,16711.8,1360500
1654245900000,16711.25,16718.0,16578.0,16603.7,2397300
1654249500000,16603.85,16635.0,16594.0,16601.0,725350
1654487100000,16550.0,16594.05,16460.0,16507.9,2985150
1654490700000,16508.0,16542.9,16494.0,16505.25,798800
1654494300000,16505.15,16565.0,16482.05,16564.9,1004700
1654497900000,16563.0,16593.0,16537.15,16562.2,1125400
1654501500000,16563.9,16621.75,16554.0,16611.95,1317900
1654505100000,16609.95,16616.0,16561.0,16585.05,1381100
1654508700000,16582.6,16588.65,16574.55,16587.05,415150
1654573500000,16487.0,16490.0,16389.7,16432.1,3718250
1654577100000,16430.65,16447.95,16381.5,16382.85,1214100
1654580700000,16382.8,16413.4,16354.0,16394.15,1882000
1654584300000,16392.4,16433.0,16389.2,16411.2,934400
1654587900000,16411.0,16430.1,16384.1,16401.7,770100
1654591500000,16401.7,16452.0,16392.3,16429.55,1538250
1654595100000,16429.85,16437.75,16420.05,16421.2,638600
1654659900000,16471.1,16485.0,16310.0,16391.8,3393600
1654663500000,16394.25,16548.0,16377.6,16452.55,3584950
1654667100000,16455.1,16506.75,16446.95,16497.0,777850
1654670700000,16496.6,16510.5,16415.6,16418.0,1209900
1654674300000,16417.5,16422.95,16340.0,16357.0,1976050
1654677900000,16355.45,16385.0,16326.0,16372.9,1625850
1654681500000,16372.5,16376.75,16350.1,16355.0,627100
1654746300000,16278.0,16348.7,16268.6,16317.95,1946450
1654749900000,16316.5,16399.0,16307.55,16369.05,1362650
1654753500000,16367.65,16375.3,16332.65,16372.05,751200
1654757100000,16372.2,16422.65,16323.5,16341.3,2057100
1654760700000,16342.15,16399.0,16335.4,16386.05,1129650
1654764300000,16385.75,16479.95,16368.0,16473.45,3507250
1654767900000,16473.0,16496.8,16467.0,16488.0,1399750
1654832700000,16284.4,16321.0,16250.05,16258.8,4600200
1654836300000,16260.05,16300.45,16255.0,16275.7,1039650
1654839900000,16276.2,16276.75,16226.0,16259.7,1824300
1654843500000,16260.0,16260.0,16211.45,16224.3,1025600
1654847100000,16224.3,16251.0,16190.4,16205.0,1510650
1654850700000,16204.55,16248.9,16185.0,16229.65,1992350
1654854300000,16229.65,16235.9,16193.35,16202.3,954200
1655091900000,15900.1,15948.0,15772.25,15785.65,4262150
1655095500000,15785.65,15817.7,15763.5,15807.45,1601050
1655099100000,15806.4,15822.25,15776.6,15789.45,1089700
1655102700000,15789.45,15805.0,15738.75,15745.9,1186800
1655106300000,15745.3,15767.95,15676.0,15686.3,1931150
1655109900000,15682.0,15766.9,15673.5,15755.3,2604700
1655113500000,15758.0,15792.0,15755.0,15790.0,1008500
1655178300000,15715.6,15804.55,15666.0,15777.65,3242650
1655181900000,15778.0,15872.95,15774.85,15866.0,1727600
1655185500000,15867.65,15877.0,15817.7,15830.0,1306100
1655189100000,15830.35,15840.85,15718.5,15780.0,1758200
1655192700000,15781.0,15817.45,15701.0,15702.6,1507450
1655196300000,15704.1,15743.85,15680.9,15730.1,1713100
1655199900000,15730.0,15763.0,15724.05,15740.7,833850
1655264700000,15739.75,15796.0,15701.1,15761.5,2017750
1655268300000,15762.2,15774.9,15708.0,15729.1,939000
1655271900000,15728.0,15768.9,15722.05,15755.1,725050
1655275500000,15755.0,15799.0,15736.0,15779.55,1321500
1655279100000,15779.2,15793.7,15750.0,15755.1,766800
1655282700000,15756.9,15762.95,15691.0,15712.4,2053900
1655286300000,15711.0,15718.8,15700.05,15704.5,609650
1655351100000,15820.25,15865.0,15759.05,15763.4,3016150
1655354700000,15762.35,15768.05,15675.1,15690.2,1994000
1655358300000,15692.45,15692.45,15541.05,15579.55,3498950
1655361900000,15577.85,15616.65,15456.9,15472.6,2665000
1655365500000,15470.95,15491.5,15363.3,15394.0,3452150
1655369100000,15395.0,15421.8,15333.1,15342.4,3293600
1655372700000,15343.0,15349.7,15328.0,15335.0,1351250
1655437500000,15305.1,15427.65,15211.65,15315.6,5503050
1655441100000,15315.65,15366.5,15305.9,15325.2,1123850
1655444700000,15326.25,15340.0,15236.25,15282.8,1500450
1655448300000,15284.0,15343.3,15247.0,15272.55,3323450
1655451900000,15271.25,15372.0,15262.95,15328.65,1631700
1655455500000,15328.65,15399.95,15257.0,15290.95,3242400
1655459100000,15288.85,15358.0,15274.4,15353.4,1327050
1655696700000,15340.0,15380.0,15202.3,15307.8,3317250
1655700300000,15307.8,15342.7,15264.05,15297.0,1260650
1655703900000,15295.0,15359.0,15276.6,15329.6,1094650
1655707500000,15326.8,15384.0,15306.25,15322.05,1343750
1655711100000,15323.65,15328.95,15265.25,15303.6,1526750
1655714700000,15309.0,15350.05,15253.95,15346.3,1826150
1655718300000,15347.55,15375.0,15347.55,15365.25,905100
1655783100000,15440.0,15582.5,15434.95,15569.95,3928500
1655786700000,15571.0,15606.9,15555.2,15603.65,1600200
1655790300000,15603.85,15627.45,15570.05,15589.55,1235750
1655793900000,15588.0,15690.0,15588.0,15689.0,1514800
1655797500000,15691.0,15716.75,15662.2,15695.0,1768200
1655801100000,15696.0,15714.0,15621.4,15641.5,1949400
1655804700000,15640.3,15662.3,15625.4,15631.0,909600
1655869500000,15551.0,15558.0,15425.1,15442.25,4163800
1655873100000,15441.0,15532.4,15433.65,15475.9,1657950
1655876700000,15473.05,15494.2,15435.05,15449.45,1260950
1655880300000,15449.45,15465.75,15378.0,15391.35,1894450
1655883900000,15391.0,15443.95,15357.25,15422.15,1577700
1655887500000,15422.6,15455.0,15387.4,15410.95,1670800
1655891100000,15411.9,15419.9,15398.0,15401.0,818500
1655955900000,15431.0,15603.95,15405.9,15602.45,3862550
1655959500000,15602.5,15629.0,15570.0,15610.65,1581300
1655963100000,15610.35,15623.25,15492.35,15520.1,2299150
1655966700000,15520.7,15523.35,15360.0,15381.2,2846300
1655970300000,15383.05,15575.35,15372.05,15495.9,3563900
1655973900000,15496.5,15591.95,15482.7,15575.5,1946250
1655977500000,15577.0,15597.75,15567.0,15593.95,694650
1656042300000,15650.1,15748.0,15642.25,15688.05,3105550
1656045900000,15688.85,15699.55,15645.0,15686.0,930300
1656049500000,15686.0,15698.9,15615.75,15623.0,1647500
1656053100000,15624.0,15698.5,15611.0,15683.45,1110650
1656056700000,15685.0,15721.5,15635.25,15707.25,1177150
1656060300000,15707.8,15725.0,15675.0,15723.75,1235850
1656063900000,15724.15,15726.95,15710.0,15719.0,668450
1656301500000,15899.95,15930.4,15866.4,15875.1,2955350
1656305100000,15875.0,15903.25,15851.1,15872.5,1089950
1656308700000,15874.9,15884.95,15832.7,15841.1,816850
1656312300000,15842.0,15920.5,15838.25,15895.3,1140550
1656315900000,15895.3,15922.45,15869.45,15880.85,830650
1656319500000,15881.4,15890.0,15819.1,15838.65,1606800
1656323100000,15840.7,15849.2,15833.0,15838.05,485350
1656387900000,15779.7,15788.85,15712.35,15721.1,2133300
1656391500000,15722.85,15765.0,15719.0,15751.95,1082750
1656395100000,15751.95,15811.05,15745.6,15795.95,1402250
1656398700000,15794.25,15844.0,15757.95,15762.7,1596050
1656402300000,15764.4,15820.0,15756.6,15794.5,865950
1656405900000,15797.7,15850.7,15790.35,15836.55,1261050
1656409500000,15836.0,15861.95,15830.55,15858.55,859850
1656474300000,15701.1,15749.8,15678.0,15739.0,2732450
1656477900000,15738.55,15775.0,15730.05,15752.4,1628800
1656481500000,15752.4,15809.0,15750.85,15792.75,1206200
1656485100000,15792.95,15824.85,15757.1,15813.8,1146350
1656488700000,15814.0,15844.0,15791.1,15835.75,990600
1656492300000,15835.5,15852.15,15770.0,15778.0,1633400
1656495900000,15778.0,15787.0,15760.2,15765.2,685000
1656560700000,15765.0,15876.6,15761.6,15823.6,2442300
1656564300000,15823.6,15830.6,15749.25,15758.0,1732400
1656567900000,15752.75,15796.7,15728.2,15733.6,1056600
1656571500000,15733.55,15813.95,15712.0,15783.6,1495550
1656575100000,15784.9,15835.25,15763.6,15831.95,1197350
1656578700000,15831.15,15841.95,15771.9,15783.6,2101950
1656582300000,15784.35,15784.35,15776.85,15778.7,386400
1656647100000,15704.0,15705.0,15525.15,15552.0,4371500
1656650700000,15553.85,15608.0,15513.9,15601.55,2183700
1656654300000,15601.85,15629.0,15565.15,15611.8,1324700
1656657900000,15614.0,15690.4,15603.0,15674.35,1659100
1656661500000,15676.3,15696.0,15637.5,15648.0,1531800
1656665100000,15646.65,15765.7,15627.45,15751.0,2953000
1656668700000,15751.0,15787.25,15748.6,15774.6,1150100
1656906300000,15735.0,15791.4,15652.1,15666.35,3466450
1656909900000,15662.3,15734.35,15651.9,15722.55,1484000
1656913500000,15724.95,15765.0,15711.75,15756.0,930200
1656917100000,15757.8,15783.0,15738.0,15760.2,970050
1656920700000,15758.4,15771.0,15727.25,15769.85,791650
1656924300000,15769.7,15853.45,15761.15,15842.95,2052450
1656927900000,15843.95,15848.0,15830.9,15830.9,684550
1656992700000,15880.0,15975.0,15875.0,15961.35,2642200
1656996300000,15962.0,15992.6,15950.95,15970.0,1249250
1656999900000,15970.0,16009.7,15965.85,16003.65,853900
1657003500000,16003.45,16014.6,15942.8,15962.45,1627100
1657007100000,15962.4,15972.15,15815.55,15827.05,3335550
1657010700000,15827.2,15853.65,15752.5,15780.0,2922450
1657014300000,15780.0,15789.9,15763.65,15766.95,682450
1657079100000,15796.85,15885.0,15781.05,15860.9,3387850
1657082700000,15859.8,15907.05,15840.05,15866.75,1546450
1657086300000,15867.0,15885.7,15814.45,15855.55,1423900
1657089900000,15856.55,15998.8,15855.8,15997.25,2958750
1657093500000,15997.95,15999.0,15882.65,15890.9,2259200
1657097100000,15890.2,15989.95,15876.0,15989.9,2584250
1657100700000,15987.35,16013.6,15985.85,16011.4,1493200
1657165500000,16109.8,16132.95,16057.0,16089.0,2978750
1657169100000,16089.8,16128.9,16077.0,16082.0,1053650
1657172700000,16083.8,16117.65,16071.7,16082.7,645300
1657176300000,16083.25,16135.0,16075.0,16108.5,1018200
1657179900000,16110.0,16144.85,16051.3,16055.85,1695550
1657183500000,16054.8,16165.0,16042.0,16136.75,2743600
1657187100000,16134.25,16162.0,16131.35,16162.0,749550
1657251900000,16248.0,16250.0,16180.7,16197.85,2824500
1657255500000,16199.0,16220.0,16188.65,16200.0,678750
1657259100000,16198.0,16213.0,16173.0,16183.1,939900
1657262700000,16182.95,16220.8,16175.7,16199.3,746700
1657266300000,16197.9,16236.65,16185.0,16197.0,908400
1657269900000,16195.0,16240.0,16160.0,16231.95,1960350
1657273500000,16235.0,16238.5,16217.0,16227.7,1178700
1657511100000,16152.0,16165.0,16106.45,16153.0,3260250
1657514700000,16153.05,16160.45,16130.0,16147.45,759950
1657518300000,16148.0,16149.0,16114.8,16128.4,701250
1657521900000,16130.3,16158.0,16110.7,16153.55,887150
1657525500000,16153.9,16224.9,16141.85,16211.35,2179350
1657529100000,16211.4,16253.2,16207.45,16209.95,1822350
1657532700000,16208.5,16219.7,16178.25,16187.0,753250
1657597500000,16126.55,16149.75,16092.0,16135.1,3224900
1657601100000,16133.2,16148.3,16122.0,16137.8,472950
1657604700000,16137.0,16137.1,16100.0,16113.0,921650
1657608300000,16113.0,16114.75,16057.25,16076.0,2250900
1657611900000,16076.0,16127.9,16074.9,16127.9,1369600
1657615500000,16126.6,16139.7,16039.4,16040.65,1956550
1657619100000,16041.25,16049.35,16026.0,16032.0,1459650
1657683900000,16097.85,16142.45,16092.2,16132.8,2666950
1657687500000,16133.95,16137.55,16062.0,16085.0,1447050
1657691100000,16087.3,16109.0,16075.1,16096.45,905150
1657694700000,16096.4,16107.0,15995.55,16007.9,2493800
1657698300000,16009.25,16024.0,15973.0,16000.0,1634750
1657701900000,16000.95,16028.0,15962.7,15973.95,2020350
1657705500000,15972.4,15999.55,15970.0,15992.0,741150
1657770300000,15980.0,16079.0,15979.95,16064.2,2887950
1657773900000,16065.15,16067.35,16002.85,16003.4,1184200
1657777500000,16003.75,16005.0,15935.2,15954.05,1928200
1657781100000,15954.85,15999.0,15940.65,15971.9,1287350
1657784700000,15970.0,15971.55,15868.45,15870.75,1659150
1657788300000,15870.25,15944.75,15860.0,15932.25,2177400
1657791900000,15935.0,15945.9,15926.0,15937.1,872100
1657856700000,15989.95,16034.0,15972.0,16000.95,2153500
1657860300000,15998.75,16011.3,15943.15,15952.65,884500
1657863900000,15952.55,15998.5,15946.0,15960.0,952050
1657867500000,15959.35,15995.0,15930.3,15987.7,1003100
1657871100000,15987.1,16009.6,15955.0,16009.15,821700
1657874700000,16008.45,16070.0,16000.0,16068.9,2255300
1657878300000,16069.55,16083.9,16062.1,16074.0,1096150
1658115900000,16199.0,16520.0,16170.45,16207.0,2582300
1658119500000,16209.0,16241.25,16194.0,16234.5,1152350
1658123100000,16234.75,16243.85,16210.65,16240.0,718400
1658126700000,16238.3,16252.85,16228.75,16243.0,787350
1658130300000,16242.0,16266.7,16222.25,16258.65,819900
1658133900000,16258.9,16305.6,16251.7,16292.35,1365000
1658137500000,16292.05,16312.0,16285.2,16310.0,675900
1658202300000,16199.5,16300.0,16198.95,16297.25,2343950
1658205900000,16297.1,16332.05,16280.05,16324.85,973550
1658209500000,16324.2,16325.2,16257.4,16307.0,1326200
1658213100000,16307.95,16331.3,16270.15,16271.15,936850
1658216700000,16270.8,16323.65,16266.0,16303.6,894250
1658220300000,16300.0,16364.5,16280.0,16353.0,1824700
1658223900000,16352.2,16357.35,16331.0,16337.0,655400
1658288700000,16521.3,16550.35,16503.8,16543.0,3234300
1658292300000,16544.3,16569.0,16533.15,16562.0,919300
1658295900000,16563.8,16567.1,16532.3,16551.2,894100
1658299500000,16551.85,16577.6,16519.5,16520.2,1282000
1658303100000,16520.1,16562.4,16512.65,16537.9,1363350
1658306700000,16538.6,16541.95,16501.6,16512.0,2402200
1658310300000,16512.0,16518.7,16492.0,16499.0,790500
1658375100000,16524.1,16577.5,16489.5,16573.0,1665250
1658378700000,16573.0,16584.0,16550.65,16573.0,1337200
1658382300000,16572.15,16600.0,16566.1,16575.25,1101700
1658385900000,16574.2,16590.55,16537.1,16538.5,1097500
1658389500000,16538.05,16564.8,16507.4,16562.35,1399800
1658393100000,16562.3,16600.9,16552.0,16597.4,2048900
1658396700000,16599.8,16618.0,16591.95,16618.0,836750
1658461500000,16631.1,16690.0,16623.9,16628.3,2043600
1658465100000,16628.3,16654.8,16611.0,16635.35,755050
1658468700000,16633.65,16683.45,16631.9,16679.25,732850
1658472300000,16679.15,16697.35,16658.35,16670.9,977950
1658475900000,16668.0,16742.2,16657.7,16730.0,1228250
1658479500000,16730.25,16757.5,16715.15,16726.95,1332150
1658483100000,16726.6,16727.65,16710.0,16722.85,835050
1658720700000,16680.0,16705.0,16585.35,16616.1,2583550
1658724300000,16616.4,16630.2,16563.55,16564.95,969500
1658727900000,16563.35,16608.9,16561.5,16585.85,909000
1658731500000,16585.85,16620.0,16572.65,16616.3,578050
1658735100000,16616.7,16655.25,16588.05,16651.0,1030800
1658738700000,16653.0,16688.0,16633.1,16635.25,1324100
1658742300000,16636.4,16639.5,16602.25,16619.7,516000
1658807100000,16635.1,16635.1,16520.0,16524.7,2079850
1658810700000,16524.7,16548.9,16506.15,16513.45,1139350
1658814300000,16513.6,16553.35,16508.05,16539.9,636950
1658817900000,16540.3,16564.9,16531.9,16554.15,603250
1658821500000,16555.0,16574.85,16508.2,16540.1,1226100
1658825100000,16541.6,16548.5,16485.0,16492.9,1574550
1658828700000,16494.05,16499.0,16475.15,16479.95,751950
1658893500000,16488.0,16533.35,16438.0,16532.6,1778450
1658897100000,16531.7,16566.25,16521.75,16549.0,1353400
1658900700000,16552.35,16572.55,16540.5,16568.75,742150
1658904300000,16567.95,16616.0,16540.0,16605.5,1347600
1658907900000,16605.5,16633.6,16581.45,16589.9,1479700
1658911500000,16588.05,16659.1,16583.0,16658.0,1226700
1658915100000,16659.95,16668.0,16653.15,16657.0,758950
1658979900000,16769.2,16829.85,16743.55,16825.75,2165700
1658983500000,16825.85,16875.55,16815.85,16874.3,1118200
1658987100000,16874.5,16893.0,16857.1,16888.05,1085350
1658990700000,16887.8,16922.7,16879.25,16907.45,1113600
1658994300000,16907.4,16927.25,16895.45,16917.45,1135800
1658997900000,16918.25,16934.85,16869.0,16929.35,1577100
1659001500000,16928.85,16933.5,16927.0,16930.0,392300
1659066300000,17095.0,17173.15,17091.0,17142.75,2615950
1659069900000,17143.1,17158.0,17055.9,17142.35,2071650
1659073500000,17143.0,17152.85,17113.65,17140.6,791250
1659077100000,17141.0,17169.75,17120.5,17152.0,821250
1659080700000,17152.0,17157.85,17111.5,17118.0,772600
1659084300000,17119.0,17215.8,17100.05,17206.55,1627250
1659087900000,17207.4,17222.95,17205.3,17212.0,834000
1659325500000,17262.2,17304.35,17192.65,17299.1,2380000
1659329100000,17300.0,17317.0,17284.0,17291.05,968450
1659332700000,17291.25,17313.85,17275.2,17295.1,672800
1659336300000,17295.0,17342.05,17294.9,17332.45,1027150
1659339900000,17330.6,17363.3,17320.15,17351.0,875000
1659343500000,17352.6,17396.6,17337.3,17375.15,1278150
1659347100000,17375.3,17384.7,17365.0,17370.9,911300
1659411900000,17336.0,17354.35,17241.1,17250.0,3120750
1659415500000,17248.0,17303.75,17248.0,17286.95,1083800
1659419100000,17288.3,17343.0,17275.0,17324.1,1292400
1659422700000,17322.5,17334.1,17255.3,17290.0,1306400
1659426300000,17287.85,17372.3,17287.85,17344.15,1286800
1659429900000,17341.35,17420.0,17336.55,17382.85,2250250
1659433500000,17384.1,17385.75,17305.6,17317.6,1287400
1659498300000,17360.0,17405.85,17283.0,17318.0,2327150
1659501900000,17317.55,17322.8,17260.1,17262.0,1310050
1659505500000,17262.95,17302.4,17250.1,17268.2,1111400
1659509100000,17267.85,17329.7,17243.85,17306.05,1083150
1659512700000,17307.9,17344.2,17271.2,17332.5,1097750
1659516300000,17332.9,17418.9,17305.2,17414.9,1933800
1659519900000,17415.3,17426.0,17398.05,17424.0,919000
1659584700000,17456.0,17505.3,17441.65,17452.0,2175600
1659588300000,17450.45,17467.05,17415.0,17415.25,921450
1659591900000,17413.65,17414.5,17178.0,17320.7,5727350
1659595500000,17322.0,17369.45,17270.0,17328.6,1691750
1659599100000,17327.55,17355.55,17267.05,17286.8,1252700
1659602700000,17286.75,17417.5,17276.3,17380.75,2426050
1659606300000,17380.75,17395.0,17362.3,17370.0,955650
1659671100000,17422.9,17495.0,17376.05,17466.0,2623700
1659674700000,17467.2,17514.35,17445.15,17507.6,1459550
1659678300000,17506.45,17509.65,17450.4,17480.0,770800
1659681900000,17482.0,17488.6,17405.05,17436.0,1012100
1659685500000,17436.0,17469.65,17400.0,17400.0,1072750
1659689100000,17400.05,17440.0,17363.85,17413.3,1756200
1659692700000,17413.45,17424.0,17401.0,17415.0,565700
1659930300000,17410.0,17467.2,17377.15,17462.8,1719350
1659933900000,17462.55,17511.5,17458.5,17490.25,1278250
1659937500000,17491.8,17538.4,17480.05,17535.0,856550
1659941100000,17538.4,17567.0,17533.7,17548.75,1287700
1659944700000,17548.55,17583.9,17533.75,17559.95,894850
1659948300000,17560.0,17574.95,17513.65,17554.2,1050600
1659951900000,17554.7,17565.6,17542.0,17560.0,663800
1660103100000,17580.25,17580.25,17455.3,17520.0,2851700
1660106700000,17522.05,17567.0,17518.0,17528.0,1003150
1660110300000,17525.9,17539.85,17501.0,17532.0,764650
1660113900000,17532.0,17550.05,17514.45,17520.5,577550
1660117500000,17522.65,17568.4,17505.35,17566.05,718500
1660121100000,17569.0,17585.6,17547.15,17561.0,1022800
1660124700000,17563.3,17565.0,17547.25,17553.0,619850
1660189500000,17711.0,17736.15,17698.1,17701.05,2600250
1660193100000,17701.05,17724.45,17700.0,17713.75,519050
1660196700000,17713.3,17719.2,17663.25,17690.0,915050
1660200300000,17691.0,17718.0,17681.4,17698.25,642500
1660203900000,17696.0,17699.0,17657.5,17670.4,939350
1660207500000,17672.6,17709.6,17666.2,17677.85,1593400
1660211100000,17678.15,17687.8,17672.0,17672.0,519200
1660275900000,17675.0,17705.1,17621.0,17703.8,2075550
1660279500000,17703.0,17713.0,17671.05,17699.5,844050
1660283100000,17700.05,17721.65,17693.05,17704.9,589100
1660286700000,17704.9,17735.7,17683.4,17724.0,903150
1660290300000,17725.2,17753.6,17716.25,17737.3,683250
1660293900000,17737.3,17737.3,17676.95,17710.0,1368400
1660297500000,17710.0,17730.0,17705.0,17715.0,664600
1660621500000,17895.0,17895.0,17780.2,17838.0,2078250
1660625100000,17839.0,17857.95,17832.9,17849.9,649550
1660628700000,17850.0,17852.55,17804.8,17821.0,849450
1660632300000,17822.0,17841.0,17800.0,17800.0,536250
1660635900000,17800.0,17835.0,17791.7,17827.55,669200
1660639500000,17827.15,17855.85,17811.6,17852.0,1087600
1660643100000,17852.45,17860.5,17843.0,17858.0,660650
1660707900000,17898.4,17929.9,17867.9,17927.0,1551750
1660711500000,17927.7,17951.75,17920.65,17947.0,711550
1660715100000,17949.0,17955.0,17931.5,17946.05,514100
1660718700000,17946.0,17964.85,17938.75,17953.0,579350
1660722300000,17952.7,17962.65,17937.85,17941.0,511900
1660725900000,17943.35,17992.3,17935.0,17977.0,1080100
1660729500000,17976.2,17976.2,17960.0,17964.0,605600
1660794300000,17936.15,17969.8,17883.05,17953.35,2870150
1660797900000,17953.2,17957.0,17896.8,17912.4,1256400
1660801500000,17912.6,17914.15,17858.85,17882.4,1415600
1660805100000,17882.4,17918.15,17877.0,17910.0,647700
1660808700000,17910.0,17929.0,17890.0,17927.0,614050
1660812300000,17928.0,17984.7,17925.0,17977.8,1720950
1660815900000,17980.0,18004.7,17971.2,18000.6,767550
1660880700000,17980.0,17989.95,17940.0,17964.95,1621950
1660884300000,17965.0,17971.95,17861.0,17878.65,1298200
1660887900000,17876.95,17906.2,17786.0,17814.0,2768550
1660891500000,17811.05,17825.1,17735.25,17819.0,2036900
1660895100000,17821.0,17829.7,17712.6,17764.0,1735600
1660898700000,17764.75,17814.0,17760.0,17770.85,1253500
1660902300000,17769.7,17773.45,17727.1,17730.0,853550
1661139900000,17688.0,17689.9,17585.0,17591.2,2781400
1661143500000,17591.0,17607.0,17557.1,17575.45,1226000
1661147100000,17575.85,17594.9,17561.2,17583.4,751000
1661150700000,17583.4,17605.7,17535.35,17547.3,1072750
1661154300000,17547.05,17563.1,17520.0,17540.0,881200
1661157900000,17541.35,17558.0,17471.1,17497.4,1659950
1661161500000,17497.6,17509.9,17488.5,17499.0,691600
1661226300000,17401.1,17598.55,17383.6,17525.15,3429000
1661229900000,17524.8,17552.15,17416.5,17438.65,2105950
1661233500000,17434.9,17523.85,17431.25,17467.0,1216150
1661237100000,17467.0,17568.75,17450.5,17564.95,1515500
1661240700000,17565.1,17618.0,17557.3,17595.0,1714100
1661244300000,17592.0,17614.95,17525.0,17582.55,2212750
1661247900000,17582.2,17643.95,17579.45,17643.6,1035400
1661312700000,17552.1,17610.95,17495.0,17567.8,2896000
1661316300000,17567.45,17622.4,17559.85,17620.0,1044550
1661319900000,17618.65,17628.35,17555.0,17564.7,1232550
1661323500000,17565.1,17605.0,17527.0,17543.95,1424800
1661327100000,17542.1,17602.25,17520.0,17570.3,1169200
1661330700000,17570.95,17635.3,17564.6,17630.35,1264250
1661334300000,17630.35,17631.55,17603.0,17610.3,572700
1661399100000,17684.4,17725.2,17665.0,17696.8,1501300
1661402700000,17696.05,17712.0,17678.6,17678.6,915600
1661406300000,17678.5,17720.0,17642.25,17711.1,1357200
1661409900000,17710.85,17739.35,17700.55,17722.85,831100
1661413500000,17721.6,17727.15,17692.0,17706.1,845800
1661417100000,17708.7,17709.0,17501.0,17509.1,2587450
1661420700000,17511.9,17525.0,17505.1,17520.95,535150
1661485500000,17677.3,17765.0,17660.05,17717.0,3159300
1661489100000,17718.2,17725.0,17665.6,17673.05,1145000
1661492700000,17671.05,17728.95,17666.0,17714.1,841500
1661496300000,17713.4,17729.45,17650.0,17672.8,1435900
1661499900000,17670.0,17699.0,17643.55,17683.5,940900
1661503500000,17683.9,17697.0,17602.05,17660.7,1386100
1661507100000,17660.4,17696.0,17660.4,17674.7,833000
1661744700000,17290.0,17393.0,17250.05,17370.0,4871100
1661748300000,17370.0,17384.95,17328.0,17333.65,1033050
1661751900000,17333.8,17402.0,17327.05,17387.75,1037650
1661755500000,17387.75,17437.85,17365.05,17381.3,1342900
1661759100000,17380.0,17440.0,17380.0,17406.5,921050
1661762700000,17407.25,17413.0,17342.45,17352.0,1365000
1661766300000,17352.9,17389.1,17350.0,17387.2,694650
1661831100000,17451.0,17537.25,17442.2,17527.8,2307050
1661834700000,17527.3,17593.8,17517.55,17592.05,1461200
1661838300000,17593.0,17640.6,17582.25,17639.15,1284800
1661841900000,17638.7,17699.95,17628.1,17696.65,1570500
1661845500000,17696.5,17742.25,17690.05,17725.0,1494000
1661849100000,17725.95,17844.7,17723.85,17832.75,2371000
1661852700000,17831.35,17844.75,17815.0,17820.05,1360450
1662003900000,17552.0,17713.1,17530.1,17700.6,6123750
1662007500000,17702.0,17734.9,17656.55,17683.45,1421000
1662011100000,17682.05,17707.8,17591.1,17641.15,1623200
1662014700000,17642.55,17646.0,17550.2,17565.5,1470600
1662018300000,17562.85,17600.0,17482.0,17539.0,2429000
1662021900000,17539.35,17618.5,17511.1,17599.8,1976500
1662025500000,17604.95,17624.05,17583.6,17620.75,875250
1662090300000,17592.0,17661.5,17492.9,17511.65,3718900
1662093900000,17510.35,17576.45,17491.35,17546.4,1346800
1662097500000,17545.05,17592.95,17528.0,17581.75,1166350
1662101100000,17580.6,17616.35,17567.0,17609.95,976800
1662104700000,17622.35,17654.0,17593.05,17647.0,1210300
1662108300000,17647.0,17657.75,17538.05,17574.9,1803500
1662111900000,17577.0,17587.55,17555.0,17558.15,737900
1662349500000,17540.0,17697.2,17540.0,17687.65,2560150
1662353100000,17690.0,17696.65,17648.0,17664.75,855500
1662356700000,17661.35,17704.1,17649.95,17700.0,740350
1662360300000,17700.0,17725.0,17685.6,17691.3,962050
1662363900000,17691.55,17714.0,17660.0,17707.35,925900
1662367500000,17707.85,17727.55,17691.05,17716.15,950950
1662371100000,17715.65,17716.85,17700.0,17703.0,570150
1662435900000,17730.0,17788.55,17639.9,17651.3,2696650
1662439500000,17651.7,17689.6,17600.0,17687.0,2065050
1662443100000,17685.45,17722.25,17658.95,17707.65,1008550
1662446700000,17707.0,17751.85,17707.0,17725.0,1013600
1662450300000,17724.6,17745.05,17694.3,17723.25,702450
1662453900000,17726.0,17736.55,17656.2,17681.8,1234100
1662457500000,17682.05,17687.1,17675.0,17683.95,445100
1662522300000,17543.35,17610.0,17521.25,17590.4,2803750
1662525900000,17593.0,17600.0,17546.5,17548.0,804100
1662529500000,17548.9,17644.0,17541.55,17640.9,1195850
1662533100000,17640.15,17660.0,17612.8,17635.0,1016700
1662536700000,17636.0,17680.0,17636.0,17648.65,1028600
1662540300000,17647.3,17672.0,17611.45,17639.3,978900
1662543900000,17639.05,17665.45,17637.85,17656.0,601750
1662608700000,17750.0,17813.45,17720.1,17789.35,2433200
1662612300000,17789.1,17805.1,17748.3,17765.0,820950
1662615900000,17765.0,17781.25,17740.0,17771.5,801400
1662619500000,17771.5,17785.0,17695.0,17732.1,1404300
1662623100000,17730.5,17775.0,17728.2,17765.0,858050
1662626700000,17766.0,17837.75,17760.55,17817.65,2278850
1662630300000,17817.0,17835.75,17810.2,17832.0,810600
1662695100000,17927.1,17946.95,17893.0,17922.2,2041750
1662698700000,17921.2,17949.65,17906.85,17913.45,676650
1662702300000,17915.8,17915.8,17850.0,17850.0,971850
1662705900000,17850.0,17893.7,17841.0,17857.0,936050
1662709500000,17858.15,17886.9,17804.95,17879.0,1184850
1662713100000,17879.0,17904.45,17862.35,17872.0,1019050
1662716700000,17871.3,17873.95,17850.0,17862.0,578750
1662954300000,17900.0,17994.2,17872.1,17993.0,2109150
1662957900000,17993.3,17997.0,17960.35,17979.55,816700
1662961500000,17979.7,18002.4,17973.0,17998.15,580000
1662965100000,17997.0,18004.85,17975.25,17986.7,514250
1662968700000,17986.2,18024.4,17968.05,18019.9,779550
1662972300000,18021.4,18022.15,17961.0,17965.0,1019750
1662975900000,17965.5,17971.65,17952.0,17955.0,611150
1663040700000,18045.1,18090.9,18032.65,18089.0,2150250
1663044300000,18089.35,18095.25,18045.0,18083.5,881650
1663047900000,18083.7,18121.0,18073.05,18112.6,1024950
1663051500000,18112.85,18123.35,18097.0,18105.3,776800
1663055100000,18105.95,18120.75,18097.75,18112.35,582650
1663058700000,18112.5,18116.25,18093.4,18103.0,674050
1663062300000,18102.2,18110.0,18100.0,18109.0,573800
1663127100000,17826.65,17958.7,17819.0,17921.25,4719400
1663130700000,17920.0,17975.0,17912.25,17963.6,995300
1663134300000,17962.05,18038.55,17950.0,18015.0,1431500
1663137900000,18015.0,18080.7,18015.0,18079.6,1340150
1663141500000,18079.0,18091.3,18015.55,18088.55,1322450
1663145100000,18091.1,18110.0,17995.0,17995.0,1853000
1663148700000,17997.4,18019.45,17988.2,18017.2,788050
1663213500000,18045.0,18099.0,17941.55,17962.5,3144600
1663217100000,17962.6,17992.0,17875.05,17890.35,1903500
1663220700000,17893.55,17949.5,17866.5,17908.75,1112250
1663224300000,17909.75,17954.9,17890.0,17931.2,1041100
1663227900000,17932.25,17949.0,17874.75,17914.95,1086650
1663231500000,17914.6,17969.25,17880.0,17890.95,1762600
1663235100000,17888.0,17895.85,17875.0,17890.1,730400
1663299900000,17805.55,17825.0,17665.0,17676.75,3860350
1663303500000,17677.25,17740.0,17653.4,17718.75,1503700
1663307100000,17719.8,17719.9,17670.05,17676.6,767250
1663310700000,17676.1,17706.1,17615.0,17616.45,1188400
1663314300000,17616.35,17629.65,17543.75,17555.8,2038500
1663317900000,17555.35,17642.45,17526.0,17583.25,2917900
1663321500000,17584.7,17595.0,17550.25,17566.15,1661050
1663559100000,17559.9,17673.3,17456.25,17642.0,3230300
1663562700000,17643.8,17690.0,17632.0,17665.8,1127950
1663566300000,17664.0,17678.7,17586.25,17643.7,1097350
1663569900000,17643.7,17665.0,17614.7,17625.3,644100
1663573500000,17627.35,17678.05,17600.0,17665.0,831200
1663577100000,17665.85,17676.65,17596.05,17628.95,1325050
1663580700000,17629.95,17648.85,17622.4,17642.95,486650
1663645500000,17775.0,17879.0,17756.0,17873.05,3296750
1663649100000,17872.95,17903.8,17864.6,17894.9,982600
1663652700000,17896.0,17907.9,17865.05,17898.0,683300
1663656300000,17898.0,17943.1,17888.55,17924.6,1063600
1663659900000,17926.0,17929.95,17861.0,17896.9,1097900
1663663500000,17894.0,17898.75,17815.0,17815.0,1426300
1663667100000,17814.9,17831.4,17803.7,17803.7,928650
1663731900000,17776.35,17844.35,17741.35,17791.5,2510550
1663735500000,17792.8,17825.0,17780.4,17807.8,687250
1663739100000,17807.0,17819.9,17675.0,17695.1,1610150
1663742700000,17697.25,17751.55,17664.45,17714.5,1162150
1663746300000,17712.15,17798.0,17710.6,17787.0,1034750
1663749900000,17786.6,17794.1,17719.25,17726.0,1110600
1663753500000,17725.4,17742.7,17721.0,17742.7,681550
1663818300000,17626.0,17719.8,17600.5,17671.7,2916500
1663821900000,17670.95,17670.95,17602.0,17627.5,1465150
1663825500000,17627.5,17630.3,17550.05,17562.75,1329100
1663829100000,17561.9,17619.9,17542.35,17619.0,1066900
1663832700000,17616.4,17747.4,17616.4,17711.8,2382750
1663836300000,17712.95,17738.6,17627.0,17644.25,1597950
1663839900000,17642.05,17661.25,17629.9,17652.5,630500
1663904700000,17587.95,17638.3,17441.05,17457.35,4170950
1663908300000,17460.0,17484.35,17415.0,17448.1,1518650
1663911900000,17448.1,17479.0,17418.0,17435.1,840200
1663915500000,17435.0,17451.9,17381.1,17397.6,1514450
1663919100000,17398.45,17429.9,17344.75,17370.0,1273150
1663922700000,17369.2,17378.6,17291.15,17328.15,2002850
1663926300000,17329.85,17350.45,17326.65,17335.15,934000
1664163900000,17175.0,17211.85,17034.4,17051.8,3254750
1664167500000,17051.45,17070.7,16981.1,17000.0,1896350
1664171100000,17001.2,17074.0,16992.0,17063.9,1333950
1664174700000,17067.95,17180.0,17041.5,17173.15,1971250
1664178300000,17170.75,17179.0,17062.55,17076.5,1429000
1664181900000,17076.4,17152.05,17000.6,17031.2,1904550
1664185500000,17032.0,17043.85,17023.45,17035.55,584600
1664250300000,17099.85,17174.9,17025.6,17036.7,3098950
1664253900000,17037.6,17076.8,16946.0,16952.0,1878650
1664257500000,16951.0,17095.85,16947.2,17069.1,1507350
1664261100000,17067.05,17116.55,17017.0,17099.95,1314750
1664264700000,17099.75,17132.35,17042.05,17048.85,1227750
1664268300000,17047.8,17080.35,16971.0,17015.05,2223400
1664271900000,17016.45,17056.55,17016.05,17050.0,573450
1664336700000,16863.05,16967.0,16835.05,16955.75,3421700
1664340300000,16956.65,16975.0,16892.9,16964.0,1382700
1664343900000,16963.65,17033.0,16950.0,17012.25,1606600
1664347500000,17012.25,17015.5,16946.25,16957.4,1587750
1664351100000,16957.45,17002.95,16921.2,16934.9,1446200
1664354700000,16934.75,16954.8,16859.75,16861.35,1856350
1664358300000,16861.3,16866.05,16833.7,16838.1,761450
1664423100000,16994.85,17058.9,16986.35,17022.55,1935900
1664426700000,17025.0,17026.1,16951.35,16954.35,1163950
1664430300000,16955.75,16965.95,16884.05,16911.0,1785950
1664433900000,16912.75,16932.45,16814.25,16824.25,1488500
1664437500000,16827.4,16864.1,16800.0,16845.0,1429250
1664441100000,16842.25,16896.0,16802.25,16848.6,2137450
1664444700000,16850.75,16854.9,16827.1,16847.25,944900
1664509500000,16815.0,16872.75,16764.25,16865.3,3206400
1664513100000,16862.9,16998.0,16862.9,16961.5,2905900
1664516700000,16961.75,17028.95,16946.0,17011.4,1554350
1664520300000,17014.4,17141.9,17014.4,17096.05,2158950
1664523900000,17095.8,17183.7,17095.8,17182.5,1513700
1664527500000,17179.6,17209.6,17068.0,17078.6,2481600
1664531100000,17080.0,17133.5,17073.6,17107.4,950600
1664768700000,17021.0,17105.0,16940.0,16967.75,4079200
1664772300000,16967.95,16999.0,16931.05,16977.85,1372300
1664775900000,16977.3,17068.0,16977.3,17011.85,1488150
1664779500000,17011.85,17042.85,16970.0,17010.1,1055100
1664783100000,17009.05,17035.0,16910.0,16929.45,1604550
1664786700000,16929.5,16950.2,16858.0,16902.3,2104150
1664790300000,16901.15,16909.35,16887.4,16889.25,788350
1664855100000,17140.0,17273.25,17125.0,17249.0,5208650
1664858700000,17247.6,17288.2,17217.1,17247.0,1500300
1664862300000,17246.6,17270.0,17225.0,17262.0,653650
1664865900000,17263.1,17292.8,17247.9,17277.9,1031500
1664869500000,17277.0,17304.9,17258.5,17284.5,1072200
1664873100000,17283.45,17308.0,17253.1,17288.3,1410050
1664876700000,17288.0,17309.0,17283.2,17305.0,752550
1665027900000,17421.2,17444.0,17345.7,17404.8,2915600
1665031500000,17404.95,17425.8,17383.85,17399.0,784200
1665035100000,17399.0,17399.55,17346.65,17381.25,1010400
1665038700000,17380.65,17408.15,17352.0,17388.75,900250
1665042300000,17388.05,17410.0,17340.0,17342.95,1007350
1665045900000,17342.35,17352.15,17318.0,17330.65,1603350
1665049500000,17331.55,17334.6,17313.05,17314.9,960250
1665114300000,17301.1,17353.95,17247.0,17310.9,2905600
1665117900000,17310.0,17310.0,17262.3,17287.85,962950
1665121500000,17287.95,17293.95,17220.3,17236.5,1087100
1665125100000,17236.0,17304.85,17231.4,17274.9,975750
1665128700000,17274.0,17317.4,17253.6,17295.55,882750
1665132300000,17296.8,17350.0,17287.6,17325.4,1346350
1665135900000,17324.85,17336.0,17324.55,17332.0,729200
1665373500000,17100.0,17139.95,17050.0,17071.9,4133850
1665377100000,17070.75,17117.85,17062.8,17110.0,949850
1665380700000,17110.25,17200.0,17098.6,17197.3,1672350
1665384300000,17197.25,17278.85,17182.0,17223.05,2029300
1665387900000,17222.5,17234.4,17114.5,17134.5,1590400
1665391500000,17134.95,17247.0,17128.5,17235.35,1562450
1665395100000,17234.05,17240.05,17225.45,17236.3,745500
1665459900000,17220.0,17239.0,17120.75,17153.0,2252950
1665463500000,17150.05,17169.8,17100.0,17128.25,1305800
1665467100000,17128.0,17198.0,17121.85,17180.0,906250
1665470700000,17183.05,17189.0,17083.6,17104.45,1498150
1665474300000,17105.4,17125.0,17082.15,17120.2,930250
1665477900000,17120.8,17127.7,16976.0,16979.0,2578800
1665481500000,16979.35,16982.05,16951.0,16959.5,1123600
1665546300000,17011.0,17063.55,16966.05,16999.0,3064350
1665549900000,16997.0,17042.45,16951.05,16988.8,1619450
1665553500000,16989.05,17094.95,16983.5,17093.3,1605700
1665557100000,17091.0,17098.9,17020.1,17028.3,1484700
1665560700000,17027.7,17089.2,17012.85,17075.0,1011250
1665564300000,17076.45,17133.9,17066.1,17114.05,2017050
1665567900000,17115.2,17121.95,17104.35,17121.3,562400
1665632700000,17085.25,17086.8,16997.1,16997.1,2365550
1665636300000,16996.0,17016.0,16968.05,16984.1,1498100
1665639900000,16984.45,16988.2,16927.0,16960.9,1528000
1665643500000,16959.8,17004.25,16928.15,16990.05,1253050
1665647100000,16987.7,17003.3,16944.7,16991.15,904650
1665650700000,16994.0,17064.55,16979.1,17017.05,2177550
1665654300000,17014.4,17030.3,17003.45,17008.0,758300
1665719100000,17299.75,17331.8,17271.3,17306.9,4046750
1665722700000,17308.0,17318.05,17262.35,17304.7,1251100
1665726300000,17304.9,17367.0,17297.95,17363.5,1593450
1665729900000,17362.8,17365.1,17278.85,17291.7,1530200
1665733500000,17288.55,17310.0,17226.0,17251.0,1641300
1665737100000,17251.0,17255.0,17175.0,17194.55,2058700
1665740700000,17194.7,17212.0,17183.0,17212.0,752550
1665978300000,17155.0,17223.0,17100.0,17222.8,2689950
1665981900000,17223.1,17294.05,17220.45,17271.35,1685900
1665985500000,17273.15,17280.0,17232.55,17277.3,701650
1665989100000,17277.05,17305.9,17250.65,17291.65,1078550
1665992700000,17292.45,17324.0,17256.05,17277.8,1103300
1665996300000,17278.25,17317.95,17256.5,17283.0,1084700
1665999900000,17282.0,17318.0,17276.25,17306.6,645750
1666064700000,17443.0,17526.25,17432.0,17510.1,3683950
1666068300000,17509.4,17538.65,17480.35,17494.75,1278550
1666071900000,17494.7,17520.9,17466.45,17518.0,879100
1666075500000,17518.0,17519.5,17487.75,17506.15,666800
1666079100000,17506.8,17513.0,17475.2,17485.0,833100
1666082700000,17485.0,17507.7,17452.75,17497.0,1471950
1666086300000,17494.0,17509.9,17493.5,17507.85,719400
1666151100000,17535.1,17585.0,17530.2,17567.0,1760100
1666154700000,17567.3,17599.35,17558.2,17573.45,1033650
1666158300000,17574.1,17584.0,17527.4,17539.45,975350
1666161900000,17541.1,17552.95,17490.0,17515.0,1067450
1666165500000,17515.0,17547.2,17497.8,17535.4,959100
1666169100000,17536.95,17545.0,17457.0,17487.6,2108500
1666172700000,17490.0,17514.4,17481.1,17507.95,606250
1666237500000,17408.0,17448.0,17385.3,17441.7,2647800
1666241100000,17441.3,17504.65,17436.65,17463.95,1382800
1666244700000,17462.6,17479.85,17440.25,17452.6,705850
1666248300000,17452.05,17496.8,17448.4,17479.0,951450
1666251900000,17480.0,17485.0,17442.85,17483.0,881650
1666255500000,17484.95,17538.9,17471.7,17535.0,1955450
1666259100000,17535.0,17560.0,17533.85,17544.75,950300
1666323900000,17588.0,17637.55,17579.45,17631.0,2245350
1666327500000,17632.15,17634.45,17608.2,17619.9,589900
1666331100000,17619.9,17665.5,17617.15,17643.0,1151500
1666334700000,17644.7,17650.2,17615.9,17643.2,915950
1666338300000,17642.95,17645.0,17532.0,17552.2,1724550
1666341900000,17548.6,17565.0,17495.0,17555.15,1888250
1666345500000,17556.4,17587.35,17555.65,17574.65,606000
1666615500000,17730.0,17807.05,17716.55,17731.0,4037700
1666619100000,17736.0,17736.0,17736.0,17736.0,250
1666669500000,17772.1,17790.0,17714.05,17755.65,2185350
1666673100000,17755.55,17758.8,17686.15,17688.15,1280950
1666676700000,17688.0,17710.0,17670.0,17696.15,870400
1666680300000,17696.95,17702.0,17649.6,17658.75,832200
1666683900000,17660.2,17714.7,17657.9,17705.0,939100
1666687500000,17705.0,17716.55,17643.0,17649.3,1247450
1666691100000,17650.0,17658.1,17642.6,17652.0,517600
1666842300000,17795.1,17818.55,17727.4,17734.1,2535550
1666845900000,17732.6,17749.0,17720.95,17740.65,992550
1666849500000,17743.0,17746.4,17707.75,17714.1,1220650
1666853100000,17713.7,17718.95,17684.2,17695.1,1339300
1666856700000,17696.0,17722.75,17685.8,17709.95,1099500
1666860300000,17709.95,17731.9,17655.0,17729.05,1698150
1666863900000,17728.45,17740.0,17728.25,17735.85,455050
1666928700000,17781.0,17879.95,17781.0,17877.45,2602600
1666932300000,17879.0,17887.1,17830.15,17832.05,1071750
1666935900000,17833.4,17840.3,17805.45,17827.0,864900
1666939500000,17823.9,17828.95,17780.0,17796.5,967450
1666943100000,17796.0,17819.9,17773.3,17783.5,761200
1666946700000,17784.15,17836.0,17782.6,17834.65,1227300
1666950300000,17835.4,17839.2,17830.0,17837.0,602000
1667187900000,17948.0,18020.0,17926.1,18003.65,2237650
1667191500000,18006.0,18013.05,17986.6,18010.0,571250
1667195100000,18010.05,18033.8,18006.65,18025.0,822700
1667198700000,18027.0,18033.05,18003.55,18015.25,495600
1667202300000,18015.0,18028.95,17995.75,18000.3,601500
1667205900000,18002.0,18061.75,17995.0,18054.9,1094850
1667209500000,18055.45,18060.0,18048.0,18054.9,695500
1667274300000,18161.1,18199.0,18112.0,18198.8,2183450
1667277900000,18199.0,18223.3,18188.7,18205.0,971350
1667281500000,18204.0,18210.0,18180.1,18180.15,676400
1667285100000,18180.25,18193.75,18112.5,18118.7,1161700
1667288700000,18120.0,18188.0,18116.15,18172.0,950150
1667292300000,18171.0,18218.95,18159.8,18208.7,1399900
1667295900000,18206.45,18225.0,18206.1,18216.0,726600
1667360700000,18227.0,18229.45,18159.9,18170.2,1579850
1667364300000,18169.3,18181.1,18150.0,18168.4,870300
1667367900000,18166.5,18172.95,18141.4,18151.7,616850
1667371500000,18150.1,18156.9,18120.0,18141.7,716700
1667375100000,18140.05,18164.85,18117.05,18121.5,690350
1667378700000,18119.7,18162.75,18119.7,18150.4,768600
1667382300000,18152.2,18156.9,18134.4,18143.5,541900
1667447100000,18046.9,18132.7,18008.0,18130.0,2542100
1667450700000,18131.4,18158.85,18115.6,18139.35,874350
1667454300000,18138.3,18150.0,18081.05,18096.45,934350
1667457900000,18095.8,18100.0,18052.55,18082.35,904600
1667461500000,18085.65,18110.55,18062.75,18081.0,948500
1667465100000,18081.1,18129.5,18065.0,18115.9,1105500
1667468700000,18115.0,18121.5,18107.5,18117.0,497950
1667533500000,18135.0,18150.0,18072.15,18081.05,1615000
1667537100000,18081.0,18103.4,18069.85,18101.0,687400
1667540700000,18102.0,18125.35,18095.35,18114.8,604450
1667544300000,18114.6,18140.45,18105.55,18127.0,584950
1667547900000,18127.9,18137.0,18110.0,18125.55,395900
1667551500000,18127.3,18203.85,18117.0,18198.0,1507550
1667555100000,18197.7,18220.8,18192.05,18220.75,614850
1667792700000,18294.9,18308.5,18191.05,18192.15,2476450
1667796300000,18193.5,18204.5,18164.0,18198.25,985950
1667799900000,18197.8,18219.8,18195.2,18209.8,576850
1667803500000,18209.9,18217.4,18169.0,18172.0,687200
1667807100000,18171.5,18218.05,18119.5,18209.65,1458550
1667810700000,18208.0,18276.55,18207.8,18261.0,1730450
1667814300000,18262.85,18269.6,18257.4,18262.25,641100
1667965500000,18345.0,18375.25,18270.2,18287.0,2066900
1667969100000,18286.4,18292.05,18241.1,18252.0,889500
1667972700000,18252.0,18275.65,18236.2,18245.0,844200
1667976300000,18244.6,18278.9,18241.2,18263.6,559900
1667979900000,18264.15,18299.9,18243.6,18289.05,785250
1667983500000,18288.8,18294.0,18183.3,18230.8,1885800
1667987100000,18230.8,18234.25,18185.0,18191.95,684000
1668051900000,18110.0,18149.9,18070.1,18086.0,2363900
1668055500000,18086.2,18113.7,18082.0,18096.45,658400
1668059100000,18095.4,18128.7,18075.0,18076.2,747800
1668062700000,18078.2,18081.45,18030.0,18059.55,1523700
1668066300000,18058.65,18079.0,18050.0,18068.3,607150
1668069900000,18068.05,18099.85,18033.65,18085.85,1140250
1668073500000,18085.9,18109.0,18085.0,18095.0,659450
1668138300000,18332.55,18397.85,18320.0,18379.4,4241750
1668141900000,18379.55,18385.15,18355.0,18373.25,1054350
1668145500000,18373.65,18386.75,18364.2,18378.0,666150
1668149100000,18378.55,18404.0,18371.4,18384.2,1035600
1668152700000,18384.65,18414.4,18376.0,18409.05,835300
1668156300000,18410.7,18430.0,18400.0,18418.0,972550
1668159900000,18418.55,18439.95,18411.1,18439.95,705500
1668397500000,18432.7,18455.0,18400.2,18401.0,1428950
1668401100000,18400.25,18415.9,18381.0,18397.0,734550
1668404700000,18397.9,18400.9,18384.3,18395.15,288100
1668408300000,18395.45,18414.95,18386.1,18409.6,515000
1668411900000,18409.05,18444.85,18405.6,18441.0,799050
1668415500000,18440.45,18442.4,18372.0,18384.35,1104750
1668419100000,18384.0,18390.0,18362.65,18369.35,525600
1668483900000,18439.0,18445.0,18342.2,18362.3,1318900
1668487500000,18360.45,18371.25,18346.0,18348.05,482000
1668491100000,18350.0,18377.9,18347.85,18358.65,394050
1668494700000,18358.7,18406.5,18352.0,18396.25,672900
1668498300000,18394.8,18409.0,18378.0,18380.0,388450
1668501900000,18380.0,18470.0,18371.4,18464.9,1417650
1668505500000,18463.7,18488.8,18461.65,18487.1,785750
1668570300000,18462.0,18474.0,18403.5,18436.55,1520450
1668573900000,18436.05,18480.0,18431.7,18463.7,906100
1668577500000,18463.55,18491.3,18429.65,18450.35,1000800
1668581100000,18450.9,18472.7,18449.6,18457.55,509250
1668584700000,18458.85,18493.15,18437.15,18438.15,841700
1668588300000,18438.0,18467.95,18387.5,18455.95,2095100
1668591900000,18454.5,18460.0,18440.2,18446.35,443300
1668656700000,18400.0,18448.35,18380.05,18420.7,1257850
1668660300000,18422.35,18433.75,18407.0,18407.85,462700
1668663900000,18407.55,18429.75,18404.0,18420.15,443600
1668667500000,18421.2,18451.0,18417.05,18444.9,608400
1668671100000,18444.4,18473.6,18437.05,18462.4,667150
1668674700000,18460.0,18464.0,18352.85,18361.05,1774050
1668678300000,18360.2,18386.0,18346.1,18355.0,1171100
1668743100000,18396.0,18417.0,18326.65,18330.7,1701550
1668746700000,18332.0,18348.7,18272.5,18277.15,1449850
1668750300000,18278.4,18306.15,18275.5,18292.75,807550
1668753900000,18293.0,18317.85,18287.35,18307.5,625300
1668757500000,18309.95,18325.0,18256.5,18268.0,1150650
1668761100000,18266.85,18379.0,18263.2,18373.25,1952200
1668764700000,18372.9,18376.65,18338.25,18344.25,666150
1669002300000,18306.1,18306.1,18180.6,18202.0,1990450
1669005900000,18202.0,18209.9,18175.3,18198.0,691050
1669009500000,18197.8,18214.3,18184.2,18189.35,423250
1669013100000,18189.35,18198.9,18167.05,18182.75,548650
1669016700000,18182.5,18205.0,18161.45,18186.0,762050
1669020300000,18186.0,18210.0,18155.3,18206.0,1262650
1669023900000,18207.0,18208.0,18181.0,18194.0,632650
1669088700000,18221.3,18247.0,18171.55,18240.9,1611850
1669092300000,18242.8,18253.05,18231.05,18241.05,688450
1669095900000,18239.85,18256.8,18233.6,18249.7,799650
1669099500000,18251.55,18254.95,18228.7,18234.0,663500
1669103100000,18234.1,18265.6,18228.45,18241.6,523400
1669106700000,18241.55,18283.6,18232.0,18283.2,886800
1669110300000,18283.55,18293.9,18280.2,18293.85,575050
1669175100000,18355.0,18358.0,18293.55,18299.8,1657750
1669178700000,18298.1,18303.75,18285.5,18297.95,733500
1669182300000,18295.45,18307.15,18291.0,18303.0,524550
1669185900000,18302.45,18306.85,18289.05,18301.1,675900
1669189500000,18302.0,18315.5,18295.55,18314.0,1019450
1669193100000,18314.0,18342.9,18273.25,18288.2,1430650
1669196700000,18289.75,18289.75,18264.9,18266.3,572100
1669261500000,18310.0,18356.0,18297.15,18350.3,1946350
1669265100000,18350.9,18372.0,18349.3,18357.9,997250
1669268700000,18356.9,18381.25,18354.0,18378.55,943200
1669272300000,18379.0,18389.95,18370.0,18377.0,721300
1669275900000,18376.45,18402.8,18366.7,18399.25,811450
1669279500000,18402.4,18469.5,18380.75,18465.65,1562350
1669283100000,18465.85,18487.75,18464.7,18486.65,664900
1669347900000,18631.2,18650.9,18590.0,18612.8,2025850
1669351500000,18615.0,18635.0,18593.0,18596.0,593800
1669355100000,18594.45,18620.65,18581.15,18600.55,826550
1669358700000,18600.55,18635.0,18599.4,18628.0,549700
1669362300000,18627.0,18660.05,18610.0,18626.0,638200
1669365900000,18624.45,18668.2,18605.65,18655.25,1113900
1669369500000,18652.8,18655.9,18634.1,18649.0,543250
1669607100000,18585.0,18683.95,18566.15,18674.55,1582000
1669610700000,18671.85,18698.9,18669.1,18694.35,624000
1669614300000,18694.15,18728.0,18688.0,18727.0,738550
1669617900000,18727.5,18737.0,18708.0,18728.8,737700
1669621500000,18730.0,18742.3,18700.05,18710.75,968350
1669625100000,18711.2,18735.0,18686.5,18696.1,889350
1669628700000,18697.0,18702.95,18680.6,18692.1,609550
1669693500000,18692.0,18749.9,18670.15,18744.6,1335000
1669697100000,18745.3,18782.4,18745.3,18779.85,789750
1669700700000,18779.9,18791.9,18760.0,18788.0,636450
1669704300000,18789.85,18792.6,18770.0,18779.3,547800
1669707900000,18779.3,18797.65,18775.9,18783.0,543450
1669711500000,18782.7,18788.7,18728.0,18731.85,1244050
1669715100000,18731.95,18737.8,18721.05,18733.85,555850
1669779900000,18736.0,18779.9,18721.2,18748.0,1262400
1669783500000,18748.3,18760.55,18729.25,18755.05,456550
1669787100000,18751.8,18780.55,18743.8,18761.9,646300
1669790700000,18762.0,18797.0,18757.0,18797.0,711150
1669794300000,18797.0,18799.95,18773.2,18788.65,572900
1669797900000,18790.75,18870.0,18781.9,18868.7,1888000
1669801500000,18868.5,18905.05,18867.1,18887.2,1351550
1669866300000,18957.7,18998.85,18937.25,18954.4,2284700
1669869900000,18953.1,18968.8,18930.05,18966.0,582650
1669873500000,18966.0,18967.05,18940.55,18957.0,291700
1669877100000,18957.0,18986.45,18955.0,18968.8,454900
1669880700000,18968.7,18980.0,18890.0,18945.1,1605100
1669884300000,18947.95,18977.7,18928.5,18943.55,1385250
1669887900000,18943.4,18958.95,18940.05,18946.2,632450
1669952700000,18948.95,18948.95,18831.25,18836.0,2344900
1669956300000,18835.0,18844.4,18813.65,18829.8,922050
1669959900000,18828.0,18839.65,18760.05,18766.65,1520900
1669963500000,18766.8,18804.0,18760.65,18797.3,812450
1669967100000,18797.35,18826.75,18768.15,18809.7,817400
1669970700000,18810.0,18829.3,18790.55,18814.7,1157400
1669974300000,18812.05,18825.0,18811.0,18817.4,540300
1670211900000,18798.9,18839.8,18710.45,18718.65,1880300
1670215500000,18718.15,18769.0,18716.25,18767.0,763700
1670219100000,18768.55,18804.35,18762.5,18800.9,621300
1670222700000,18802.25,18856.4,18801.25,18801.95,1352550
1670226300000,18801.95,18806.4,18741.9,18770.85,961450
1670229900000,18768.15,18842.8,18755.7,18835.0,887300
1670233500000,18834.8,18837.4,18802.0,18815.0,527550
1670298300000,18731.3,18765.15,18682.4,18745.0,2694500
1670301900000,18745.0,18763.6,18712.85,18718.95,692050
1670305500000,18719.1,18739.0,18708.0,18724.05,515900
1670309100000,18720.5,18739.9,18705.0,18736.65,484150
1670312700000,18738.0,18775.0,18716.7,18744.1,867300
1670316300000,18746.4,18790.0,18735.15,18780.95,1012150
1670319900000,18782.75,18783.95,18755.6,18770.5,458650
1670384700000,18680.15,18774.0,18680.15,18768.85,1474600
1670388300000,18769.35,18774.65,18662.1,18684.95,1596450
1670391900000,18682.3,18703.65,18670.15,18703.0,649550
1670395500000,18705.0,18708.9,18668.8,18693.05,515350
1670399100000,18693.0,18711.0,18666.95,18673.0,504550
1670402700000,18672.9,18726.85,18657.05,18665.15,1042500
1670406300000,18662.9,18675.0,18650.4,18673.85,821450
1670471100000,18675.0,18740.9,18637.3,18718.2,1962450
1670474700000,18718.2,18731.0,18671.2,18687.3,800000
1670478300000,18687.5,18697.45,18668.3,18682.95,463750
1670481900000,18682.05,18698.6,18651.5,18692.85,448950
1670485500000,18694.6,18706.95,18675.0,18700.0,441550
1670489100000,18700.0,18729.4,18685.55,18727.0,1126050
1670492700000,18726.0,18730.0,18715.05,18724.15,665200
1670557500000,18760.0,18776.95,18717.0,18721.55,1468600
1670561100000,18721.05,18725.8,18661.6,18672.0,1303450
1670564700000,18671.35,18682.85,18654.0,18680.1,625750
1670568300000,18680.05,18685.75,18555.0,18590.0,1855000
1670571900000,18590.0,18604.0,18552.0,18555.15,802850
1670575500000,18555.85,18599.8,18515.0,18597.3,1668200
1670579100000,18598.2,18600.0,18568.5,18572.75,627950
1670816700000,18520.0,18616.6,18456.15,18595.55,3165900
1670820300000,18595.0,18638.65,18590.75,18623.15,1007250
1670823900000,18625.0,18628.7,18590.2,18604.3,424600
1670827500000,18604.95,18621.0,18583.9,18590.0,382700
1670831100000,18589.65,18590.0,18545.9,18566.15,749700
1670834700000,18570.4,18617.65,18535.55,18607.25,834550
1670838300000,18607.2,18621.75,18599.55,18605.5,512650
1670903100000,18630.0,18649.0,18575.6,18613.55,1361300
1670906700000,18615.0,18647.95,18607.0,18641.6,627300
1670910300000,18641.0,18690.0,18640.0,18687.0,1330500
1670913900000,18687.0,18714.5,18672.05,18704.15,767450
1670917500000,18706.0,18706.7,18668.1,18674.95,520750
1670921100000,18672.45,18717.95,18657.1,18695.75,989100
1670924700000,18695.6,18711.1,18687.75,18711.0,647200
1670989500000,18775.55,18807.55,18750.0,18773.5,2633350
1670993100000,18774.4,18785.0,18762.05,18785.0,363700
1670996700000,18784.9,18799.0,18784.0,18791.0,404950
1671000300000,18791.0,18797.7,18761.9,18768.55,481700
1671003900000,18768.05,18773.5,18720.05,18724.9,797900
1671007500000,18724.9,18777.75,18723.0,18759.25,737800
1671011100000,18759.6,18764.55,18731.55,18738.7,588400
1671075900000,18705.6,18742.4,18625.0,18634.3,2236450
1671079500000,18634.55,18662.4,18627.9,18650.55,613950
1671083100000,18652.9,18658.65,18610.0,18623.2,1015950
1671086700000,18622.45,18629.0,18581.0,18586.15,998800
1671090300000,18585.6,18592.95,18552.0,18578.95,850000
1671093900000,18578.6,18587.85,18452.7,18459.2,2616100
1671097500000,18459.6,18474.15,18437.55,18447.3,979000
1671162300000,18367.0,18488.85,18367.0,18391.2,2597250
1671165900000,18390.0,18403.15,18327.0,18374.65,1902000
1671169500000,18373.95,18403.0,18359.55,18395.25,898700
1671173100000,18395.65,18486.3,18392.8,18442.8,1570850
1671176700000,18441.4,18452.95,18363.8,18383.9,1245200
1671180300000,18382.0,18386.8,18314.0,18324.2,1806900
1671183900000,18325.1,18339.95,18313.2,18329.9,746700
1671421500000,18340.0,18415.0,18308.6,18405.95,2114900
1671425100000,18403.95,18430.9,18387.3,18406.0,798400
1671428700000,18406.2,18457.1,18400.85,18455.0,851850
1671432300000,18464.0,18468.0,18402.0,18413.45,867150
1671435900000,18413.3,18464.95,18408.0,18451.5,591500
1671439500000,18452.25,18519.0,18435.0,18497.8,1454200
1671443100000,18496.25,18504.0,18487.8,18499.0,596050
1671507900000,18420.0,18440.0,18243.85,18265.1,4095800
1671511500000,18265.35,18278.0,18231.9,18260.85,1005450
1671515100000,18260.85,18287.55,18237.0,18282.7,814900
1671518700000,18285.3,18333.0,18278.0,18293.85,1108550
1671522300000,18294.25,18346.1,18282.15,18338.35,851700
1671525900000,18337.4,18449.0,18327.95,18439.75,2248350
1671529500000,18440.0,18445.0,18418.35,18428.2,587600
1671594300000,18470.1,18514.9,18406.55,18443.0,2400550
1671597900000,18444.65,18450.0,18380.2,18421.1,1118100
1671601500000,18421.15,18448.45,18360.0,18382.85,895800
1671605100000,18383.0,18383.0,18316.3,18353.0,1430400
1671608700000,18351.9,18353.0,18223.0,18274.5,2564550
1671612300000,18271.85,18352.95,18240.15,18281.0,2670250
1671615900000,18282.7,18288.95,18262.25,18279.45,709100
1671680700000,18327.0,18356.9,18215.05,18217.5,2861150
1671684300000,18216.55,18235.0,18161.75,18196.0,1699250
1671687900000,18195.85,18215.0,18123.0,18132.1,1303550
1671691500000,18133.25,18186.0,18112.0,18155.55,1974700
1671695100000,18154.1,18230.0,18148.0,18219.6,1257100
1671698700000,18220.7,18237.4,18141.0,18188.0,1468450
1671702300000,18186.7,18190.0,18157.1,18159.3,597250
1671767100000,18055.05,18115.0,18006.45,18015.0,3184150
1671770700000,18015.0,18028.0,17982.0,18016.0,1340900
1671774300000,18016.9,18019.05,17921.1,17969.0,2308550
1671777900000,17970.0,17993.55,17940.0,17951.45,1149450
1671781500000,17949.3,17965.0,17884.0,17887.55,1266100
1671785100000,17889.85,17940.0,17831.2,17861.5,1795400
1671788700000,17861.5,17885.0,17846.45,17882.85,1005150
1672026300000,17890.05,17994.9,17835.55,17970.0,2490650
1672029900000,17968.2,17999.85,17938.0,17979.05,969850
1672033500000,17979.4,18028.0,17975.75,18022.2,833950
1672037100000,18022.2,18026.95,17982.0,18007.35,657650
1672040700000,18007.3,18044.0,17988.0,18032.0,881150
1672044300000,18034.0,18106.0,17995.9,18006.65,2140400
1672047900000,18006.65,18025.0,18000.5,18018.55,529400
1672112700000,18082.2,18143.45,17969.0,18010.15,2760300
1672116300000,18010.15,18070.0,17997.5,18050.0,868500
1672119900000,18051.95,18077.35,18027.6,18058.7,670700
1672123500000,18060.7,18080.95,18017.05,18061.3,670800
1672127100000,18061.5,18137.6,18052.0,18135.8,1340850
1672130700000,18136.0,18148.0,18081.35,18138.05,1274150
1672134300000,18138.1,18152.05,18136.0,18145.9,596850
1672199100000,18097.75,18148.8,18073.85,18145.2,1499850
1672202700000,18145.3,18148.2,18090.1,18142.75,773900
1672206300000,18142.75,18156.2,18116.35,18145.15,641700
1672209900000,18146.0,18164.0,18125.85,18130.05,795500
1672213500000,18129.85,18178.4,18116.75,18167.0,985550
1672217100000,18166.05,18168.0,18097.0,18125.1,1456600
1672220700000,18125.0,18126.05,18102.65,18113.65,393750
1672285500000,18122.0,18122.0,17987.15,17997.1,1658850
1672289100000,17998.0,18021.6,17985.0,18011.25,656850
1672292700000,18011.85,18059.15,17999.0,18029.8,1172050
1672296300000,18028.7,18058.75,18008.2,18056.5,602550
1672299900000,18056.0,18102.9,18037.0,18087.65,1118200
1672303500000,18087.05,18198.0,18070.35,18188.0,1409250
1672307100000,18189.8,18194.0,18182.4,18192.0,321100
1672371900000,18338.0,18374.0,18309.35,18322.9,1778650
1672375500000,18322.05,18350.2,18315.0,18331.0,712650
1672379100000,18330.9,18331.4,18271.0,18289.2,983000
1672382700000,18288.1,18321.35,18261.0,18275.7,945000
1672386300000,18275.0,18302.0,18240.1,18280.75,1224950
1672389900000,18284.0,18292.2,18172.35,18197.4,1693650
1672393500000,18198.6,18226.0,18184.3,18219.95,671850
1672631100000,18209.0,18249.9,18164.7,18232.4,1604800
1672634700000,18229.0,18275.45,18225.0,18264.0,765250
1672638300000,18264.0,18269.95,18245.6,18269.2,325350
1672641900000,18269.9,18270.0,18230.6,18263.55,440850
1672645500000,18266.5,18267.2,18235.4,18245.0,431500
1672649100000,18245.0,18294.4,18188.95,18272.6,1442550
1672652700000,18272.0,18287.6,18271.6,18278.7,466150
1672717500000,18234.9,18297.25,18210.05,18294.9,2223500
1672721100000,18294.95,18310.0,18280.3,18299.0,716700
1672724700000,18297.3,18312.7,18262.0,18265.0,554400
1672728300000,18263.25,18265.95,18222.85,18250.0,907250
1672731900000,18250.0,18298.0,18247.05,18276.55,670950
1672735500000,18276.0,18333.9,18275.1,18328.15,1342250
1672739100000,18328.15,18331.35,18311.35,18315.0,380850
1672803900000,18299.0,18303.3,18166.3,18180.0,3293450
1672807500000,18181.75,18216.25,18140.0,18154.0,1458450
1672811100000,18154.2,18164.0,18087.4,18093.1,1390600
1672814700000,18094.0,18137.95,18091.95,18130.95,1079100
1672818300000,18130.5,18192.75,18121.0,18186.5,1267800
1672821900000,18187.5,18189.35,18083.2,18112.8,1523350
1672825500000,18113.0,18117.75,18092.05,18102.95,575450
1672890300000,18155.0,18190.0,18082.2,18140.0,3663450
1672893900000,18145.45,18164.35,18090.0,18108.0,1098550
1672897500000,18108.0,18119.4,18042.25,18052.5,1201400
1672901100000,18054.1,18062.05,18008.0,18026.0,1001400
1672904700000,18027.0,18027.4,17964.4,17988.0,1483900
1672908300000,17986.3,18074.5,17986.0,18060.0,1659750
1672911900000,18060.35,18082.0,18050.65,18070.0,648400
1672976700000,18073.6,18132.0,18031.0,18031.05,2695400
1672980300000,18031.0,18049.95,17982.15,17991.0,1086900
1672983900000,17991.3,18028.75,17975.3,17994.0,819400
1672987500000,17995.0,18005.95,17900.1,17907.15,1744100
1672991100000,17907.85,17939.25,17872.05,17900.0,1663850
1672994700000,17902.7,17965.0,17876.5,17950.0,1682100
1672998300000,17949.9,17956.6,17925.05,17949.0,750400
1673235900000,18028.0,18163.0,18018.9,18155.75,3848000
1673239500000,18155.95,18206.9,18155.95,18206.9,1502400
1673243100000,18205.7,18228.0,18195.65,18210.1,966850
1673246700000,18210.1,18219.75,18160.25,18162.55,753700
1673250300000,18162.25,18164.1,18079.7,18148.65,1675850
1673253900000,18148.1,18179.0,18109.3,18177.35,1288950
1673257500000,18177.7,18190.0,18158.35,18158.45,601000
1673322300000,18173.2,18178.0,18025.1,18056.2,2399350
1673325900000,18057.5,18079.9,18015.35,18023.0,1087550
1673329500000,18021.4,18037.0,17988.55,18030.0,1030700
1673333100000,18032.0,18048.0,17950.0,17960.8,1393650
1673336700000,17960.0,17994.4,17930.0,17973.4,1162550
1673340300000,17974.0,18000.0,17925.15,17990.7,1388950
1673343900000,17990.6,17999.35,17980.0,17995.0,621850
1673408700000,18000.0,18042.85,17890.45,18040.95,2744700
1673412300000,18042.9,18065.0,17949.5,17988.65,1659400
1673415900000,17991.0,18009.9,17944.65,17981.8,724800
1673419500000,17982.6,18003.95,17950.7,17982.75,565200
1673423100000,17982.75,18005.3,17930.1,17940.0,815550
1673426700000,17940.0,18018.0,17930.2,17956.6,1266600
1673430300000,17957.0,17965.0,17949.0,17958.7,426650
1673495100000,17982.5,18019.95,17907.4,17920.0,2143150
1673498700000,17918.65,17918.65,17855.7,17860.0,1321550
1673502300000,17860.5,17889.9,17840.0,17879.8,729450
1673505900000,17879.9,17920.0,17870.0,17890.5,777500
1673509500000,17892.8,17904.55,17820.05,17892.5,1493150
1673513100000,17892.65,17928.8,17881.55,17917.95,1758700
1673516700000,17917.4,17928.1,17915.1,17924.0,545650
1673581500000,17940.0,17940.0,17835.55,17850.5,2058850
1673585100000,17851.55,17908.9,17846.35,17893.85,779050
1673588700000,17894.0,17924.7,17875.8,17922.8,682150
1673592300000,17923.35,18052.0,17922.45,18049.9,2847650
1673595900000,18051.0,18088.15,18027.0,18076.1,1723150
1673599500000,18076.5,18080.9,18001.1,18025.0,1544900
1673603100000,18025.0,18032.0,18012.8,18022.0,569050
1673840700000,18051.1,18097.0,17982.1,18012.0,2293400
1673844300000,18012.95,18024.85,17995.0,17997.5,560250
1673847900000,17996.05,17996.05,17952.0,17954.05,984300
1673851500000,17956.7,17974.5,17927.15,17973.5,1005850
1673855100000,17973.0,17990.0,17886.95,17914.95,1464200
1673858700000,17918.0,17947.8,17897.0,17940.6,1001550
1673862300000,17940.6,17954.7,17935.0,17942.6,485300
1673927100000,17916.25,18069.25,17916.25,18055.5,2772550
1673930700000,18055.5,18077.7,18015.0,18030.0,1099350
1673934300000,18029.4,18066.5,18014.35,18055.55,556700
1673937900000,18054.0,18054.0,17985.65,17991.3,922950
1673941500000,17991.35,18046.8,17973.0,18033.1,885400
1673945100000,18035.65,18100.0,18025.1,18097.2,1400100
1673948700000,18097.2,18103.9,18084.95,18091.3,825600
1674013500000,18112.0,18159.95,18071.1,18150.75,2132100
1674017100000,18150.75,18178.0,18137.7,18177.0,798650
1674020700000,18177.95,18213.8,18176.0,18207.05,1112550
1674024300000,18208.95,18211.85,18180.5,18182.8,584100
1674027900000,18183.4,18224.6,18172.1,18187.15,930400
1674031500000,18188.0,18223.65,18182.45,18188.35,903550
1674035100000,18189.15,18206.8,18188.0,18204.1,484450
1674099900000,18151.0,18174.75,18081.0,18092.8,2191200
1674103500000,18092.8,18177.75,18084.0,18152.35,995200
1674107100000,18151.0,18169.75,18129.5,18151.0,908400
1674110700000,18151.0,18158.5,18117.2,18133.0,553200
1674114300000,18134.75,18155.0,18119.45,18152.0,455000
1674117900000,18151.0,18161.95,18097.65,18113.35,1096200
1674121500000,18112.85,18118.35,18099.4,18104.0,707000
1674186300000,18150.0,18150.0,18084.2,18138.75,1622950
1674189900000,18139.85,18170.8,18125.5,18127.5,1245150
1674193500000,18125.0,18144.4,18105.0,18116.0,620450
1674197100000,18116.0,18134.0,18103.55,18128.05,521250
1674200700000,18128.15,18141.9,18061.45,18085.0,1090600
1674204300000,18085.0,18091.95,18036.0,18058.15,1272450
1674207900000,18058.3,18058.95,18049.15,18055.95,526500
1674445500000,18120.0,18193.95,18090.95,18180.0,2027400
1674449100000,18179.95,18187.9,18164.7,18169.85,761100
1674452700000,18169.95,18179.0,18141.8,18149.65,664850
1674456300000,18147.45,18151.8,18112.5,18119.95,703650
1674459900000,18120.15,18163.5,18119.6,18155.35,952600
1674463500000,18156.7,18173.05,18127.3,18150.1,1075700
1674467100000,18152.85,18152.85,18140.2,18145.1,456350
1674531900000,18210.0,18218.45,18156.05,18159.85,1507200
1674535500000,18160.35,18194.9,18158.1,18177.0,650200
1674539100000,18175.55,18177.85,18146.2,18155.6,745850
1674542700000,18155.6,18166.45,18133.0,18151.1,885950
1674546300000,18151.1,18158.45,18100.05,18122.65,1188300
1674549900000,18122.5,18142.95,18103.95,18130.7,991000
1674553500000,18132.6,18133.0,18117.1,18117.95,372750
1674618300000,18109.8,18109.85,17940.0,17948.45,2287150
1674621900000,17949.0,17969.55,17914.85,17937.0,1531800
1674625500000,17936.25,17946.0,17845.3,17904.55,1461950
1674629100000,17903.8,17940.0,17880.0,17915.0,946950
1674632700000,17915.15,17951.9,17893.45,17940.1,1154900
1674636300000,17940.05,17941.55,17871.0,17889.9,1493150
1674639900000,17892.95,17895.0,17888.75,17891.05,440050
1674791100000,17988.0,17995.0,17792.0,17799.5,3276450
1674794700000,17795.85,17899.4,17775.65,17785.5,2888250
1674798300000,17783.0,17808.85,17718.1,17728.8,1317500
1674801900000,17725.0,17735.25,17622.35,17672.75,1969650
1674805500000,17672.15,17709.9,17590.5,17598.5,1585300
1674809100000,17599.5,17692.0,17576.8,17690.0,1626850
1674812700000,17691.0,17714.7,17680.6,17694.95,1013100
1675050300000,17639.95,17829.0,17542.2,17740.0,4723100
1675053900000,17743.5,17757.5,17652.0,17663.1,1135550
1675057500000,17663.1,17752.45,17653.0,17715.75,766450
1675061100000,17713.55,17727.1,17581.5,17581.5,961900
1675064700000,17581.9,17672.0,17522.25,17658.5,1874050
1675068300000,17655.0,17777.6,17633.0,17744.85,2089850
1675071900000,17744.35,17757.95,17727.55,17742.5,843450
1675136700000,17785.0,17802.05,17636.25,17665.9,2776200
1675140300000,17665.0,17739.0,17654.85,17692.0,1413250
1675143900000,17692.1,17762.0,17676.0,17718.0,1113550
1675147500000,17718.4,17768.95,17700.2,17767.8,889700
1675151100000,17768.05,17814.0,17722.0,17737.0,1646200
1675154700000,17735.15,17819.5,17712.75,17817.35,1825400
1675158300000,17817.5,17836.3,17796.6,17796.6,926800
1675223100000,17925.0,17925.0,17823.15,17885.9,2402300
1675226700000,17889.2,17945.0,17880.05,17904.5,1563400
1675230300000,17904.3,17915.0,17827.5,17856.0,1638350
1675233900000,17855.6,18063.95,17832.1,18016.95,4583850
1675237500000,18018.8,18026.85,17740.0,17781.4,4019550
1675241100000,17780.95,17784.4,17472.35,17695.0,6072900
1675244700000,17696.85,17721.95,17660.2,17664.95,844950
1675309500000,17597.85,17736.0,17522.9,17655.85,4135700
1675313100000,17655.0,17715.55,17596.45,17687.95,1231150
1675316700000,17687.95,17739.95,17653.15,17710.8,1117950
1675320300000,17709.5,17715.0,17613.1,17635.0,920700
1675323900000,17633.4,17647.5,17576.85,17630.05,990850
1675327500000,17633.15,17708.35,17628.6,17680.95,1703150
1675331100000,17681.1,17701.8,17669.15,17678.95,671950
1675395900000,17758.0,17783.0,17697.0,17734.05,2235850
1675399500000,17736.7,17752.0,17635.65,17681.4,1569900
1675403100000,17685.1,17740.95,17644.0,17736.45,908300
1675406700000,17738.35,17793.7,17730.0,17768.0,1096650
1675410300000,17769.0,17820.0,17739.0,17805.4,1327800
1675413900000,17807.95,17927.0,17804.35,17905.0,2505450
1675417500000,17905.0,17916.15,17866.95,17878.2,798200
1675655100000,17840.0,17867.5,17755.55,17821.65,2469750
1675658700000,17820.55,17825.1,17744.3,17769.4,1137950
1675662300000,17767.3,17810.0,17763.6,17780.55,740050
1675665900000,17781.9,17797.4,17766.6,17778.15,453800
1675669500000,17777.6,17835.0,17771.05,17823.3,1033550
1675673100000,17824.95,17827.75,17784.0,17804.0,787200
1675676700000,17804.3,17809.1,17791.75,17794.3,573000
1675741500000,17840.0,17864.8,17785.0,17802.95,1695750
1675745100000,17802.5,17845.6,17791.1,17826.6,765850
1675748700000,17826.35,17830.0,17776.95,17777.4,610800
1675752300000,17777.4,17780.1,17704.15,17706.9,1892250
1675755900000,17706.55,17794.95,17703.0,17779.25,1152000
1675759500000,17776.3,17829.95,17762.1,17786.0,1445950
1675763100000,17786.55,17787.85,17765.2,17780.75,397500
1675827900000,17802.05,17927.65,17786.05,17908.95,2959700
1675831500000,17906.9,17916.55,17841.65,17887.7,1102600
1675835100000,17887.45,17931.95,17880.65,17901.9,1007200
1675838700000,17901.45,17909.95,17875.0,17895.15,537850
1675842300000,17895.0,17935.25,17884.75,17925.2,926800
1675845900000,17925.2,17939.35,17900.0,17905.0,1090050
1675849500000,17903.2,17914.9,17902.0,17908.5,496550
1675914300000,17900.05,17913.25,17820.9,17896.55,2023950
1675917900000,17897.05,17928.0,17891.05,17915.0,826800
1675921500000,17914.9,17935.0,17884.25,17885.0,593900
1675925100000,17884.75,17905.6,17867.45,17877.95,462950
1675928700000,17877.05,17974.95,17870.0,17955.0,1244700
1675932300000,17956.95,17958.45,17926.1,17939.45,774800
1675935900000,17939.4,17960.0,17938.0,17958.55,531050
1676000700000,17851.0,17889.0,17799.0,17854.45,2867950
1676004300000,17854.3,17893.8,17840.05,17890.3,633450
1676007900000,17892.0,17899.9,17845.0,17848.65,1115850
1676011500000,17849.35,17872.75,17847.0,17850.65,369950
1676015100000,17851.35,17884.0,17844.7,17877.0,486850
1676018700000,17877.4,17888.0,17849.3,17886.0,819950
1676022300000,17886.0,17887.0,17869.0,17870.0,368700
1676259900000,17852.05,17900.5,17756.45,17762.6,2199550
1676263500000,17761.9,17818.0,17753.8,17814.8,1197900
1676267100000,17815.0,17820.45,17770.55,17774.05,654450
1676270700000,17776.0,17797.0,17745.0,17793.45,914450
1676274300000,17793.7,17809.65,17781.9,17792.15,447400
1676277900000,17792.15,17825.0,17784.4,17797.0,706000
1676281500000,17797.0,17803.0,17795.35,17800.0,325250
1676346300000,17830.0,17878.0,17812.85,17858.05,1749100
1676349900000,17858.45,17875.0,17848.5,17870.0,627750
1676353500000,17868.15,17927.8,17865.1,17923.45,1425500
1676357100000,17922.95,17948.0,17916.25,17942.7,1182550
1676360700000,17942.7,17969.9,17922.0,17960.0,941500
1676364300000,17960.1,17967.2,17939.65,17943.05,792700
1676367900000,17942.5,17948.45,17941.0,17945.7,488600
1676432700000,17899.8,17949.0,17872.35,17945.3,2224000
1676436300000,17944.0,17965.0,17935.45,17962.0,521600
1676439900000,17962.0,17983.0,17930.5,17942.0,860800
1676443500000,17940.0,17971.7,17930.7,17950.8,428350
1676447100000,17953.05,17968.0,17932.65,17964.4,384550
1676450700000,17964.45,18044.0,17960.5,18037.5,1432600
1676454300000,18036.5,18049.0,18035.1,18040.0,669650
1676519100000,18090.0,18150.0,18075.2,18129.8,1801550
1676522700000,18128.3,18143.0,18104.0,18132.2,600250
1676526300000,18131.05,18135.0,18103.7,18107.9,383150
1676529900000,18107.65,18114.9,18071.0,18102.45,909800
1676533500000,18102.4,18125.5,18083.1,18103.55,745100
1676537100000,18103.55,18109.8,18053.2,18056.2,1057150
1676540700000,18056.0,18070.0,18047.8,18054.4,623950
1676605500000,17986.2,18045.0,17955.4,17994.0,2163850
1676609100000,17993.65,18022.0,17980.55,17995.25,452550
1676612700000,17994.0,18013.3,17987.9,17990.0,410000
1676616300000,17990.0,17990.15,17931.45,17938.85,1289400
1676619900000,17937.5,17954.9,17893.55,17920.0,1426050
1676623500000,17919.25,17959.9,17903.0,17956.5,1173200
1676627100000,17955.3,17960.0,17948.05,17955.0,386700
1676864700000,17965.75,18014.7,17907.4,17970.7,1970700
1676868300000,17966.35,17990.0,17952.0,17977.9,484350
1676871900000,17977.8,17982.7,17927.0,17928.2,670100
1676875500000,17928.1,17944.45,17895.1,17915.05,898050
1676879100000,17914.3,17921.55,17852.55,17856.2,1372050
1676882700000,17858.35,17883.9,17835.6,17862.0,1230650
1676886300000,17864.05,17869.25,17855.9,17865.65,352300
1676951100000,17883.6,17918.15,17842.75,17913.2,1453700
1676954700000,17914.85,17932.0,17895.05,17916.1,1019350
1676958300000,17915.65,17925.0,17855.0,17867.85,827750
1676961900000,17865.0,17870.4,17823.4,17859.0,1387550
1676965500000,17860.55,17895.95,17848.0,17871.25,793550
1676969100000,17871.0,17875.45,17801.0,17828.4,1555800
1676972700000,17829.95,17857.95,17825.25,17851.0,434500
1677037500000,17790.0,17794.95,17677.7,17689.15,2112550
1677041100000,17689.2,17689.2,17660.0,17674.0,960550
1677044700000,17674.7,17687.2,17642.5,17659.0,904700
1677048300000,17657.1,17662.95,17615.2,17620.0,796100
1677051900000,17620.0,17627.6,17537.65,17540.05,1086350
1677055500000,17540.0,17603.3,17532.55,17564.5,1308650
1677059100000,17564.65,17573.75,17555.5,17570.0,401350
1677123900000,17575.0,17615.0,17461.15,17588.0,2463700
1677127500000,17585.95,17628.7,17546.6,17579.85,1251500
1677131100000,17580.85,17597.6,17542.85,17552.0,1298550
1677134700000,17550.1,17588.0,17525.05,17578.95,1149900
1677138300000,17578.25,17598.65,17540.75,17572.3,871550
1677141900000,17572.65,17586.0,17493.4,17507.8,1135150
1677145500000,17507.1,17513.95,17503.7,17511.9,292400
1677210300000,17637.9,17700.0,17600.0,17638.15,1996150
1677213900000,17636.9,17654.7,17594.0,17616.2,1024600
1677217500000,17613.95,17628.95,17570.25,17573.75,681900
1677221100000,17573.95,17574.95,17513.0,17522.0,1200450
1677224700000,17522.0,17584.6,17515.45,17537.0,1064800
1677228300000,17538.65,17575.0,17510.0,17571.25,913750
1677231900000,17572.0,17575.0,17551.2,17562.0,408500
1677469500000,17505.0,17554.75,17405.05,17405.5,2976250
1677473100000,17405.8,17469.9,17396.8,17468.0,1141250
1677476700000,17469.85,17489.95,17415.0,17418.0,1207600
1677480300000,17416.0,17443.45,17392.2,17404.0,568300
1677483900000,17403.0,17475.85,17400.0,17452.25,972300
1677487500000,17452.9,17511.7,17437.35,17508.65,1109800
1677491100000,17509.8,17512.5,17487.5,17510.05,689150
1677555900000,17493.05,17534.0,17457.5,17466.8,1732050
1677559500000,17469.9,17504.4,17432.0,17462.0,976550
1677563100000,17459.35,17477.95,17432.0,17473.15,637250
1677566700000,17474.2,17492.05,17429.85,17440.0,1232750
1677570300000,17440.1,17452.0,17345.0,17351.25,1677750
1677573900000,17350.95,17424.95,17349.0,17411.3,2135700
1677577500000,17411.1,17415.0,17396.35,17412.0,718050
1677642300000,17433.05,17503.9,17417.35,17485.0,2098750
1677645900000,17486.8,17510.0,17472.55,17507.15,810350
1677649500000,17506.7,17520.85,17484.9,17485.9,671250
1677653100000,17485.9,17510.0,17474.35,17497.0,388800
1677656700000,17496.95,17526.75,17485.05,17525.0,702750
1677660300000,17525.5,17550.0,17508.05,17527.35,1324250
1677663900000,17526.85,17540.0,17526.8,17537.2,511150
1677728700000,17495.0,17518.0,17418.55,17429.75,2531050
1677732300000,17429.75,17462.4,17422.85,17453.4,735400
1677735900000,17453.5,17480.0,17442.05,17459.95,539500
1677739500000,17460.0,17465.0,17426.1,17426.1,1083350
1677743100000,17426.05,17438.8,17380.0,17414.9,1651350
1677746700000,17414.9,17427.0,17389.95,17405.05,2239650
1677750300000,17405.0,17405.05,17385.0,17389.95,515900
1677815100000,17490.2,17594.9,17475.0,17594.0,3347950
1677818700000,17594.0,17627.8,17585.95,17619.1,1364950
1677822300000,17616.65,17649.0,17606.6,17640.0,739200
1677825900000,17640.0,17645.0,17607.0,17633.0,586050
1677829500000,17632.6,17688.0,17631.0,17685.0,1029050
1677833100000,17684.4,17725.05,17662.2,17667.0,3300450
1677836700000,17669.4,17675.0,17660.0,17661.4,649800
1678074300000,17730.0,17840.0,17724.0,17832.65,2330950
1678077900000,17835.0,17863.9,17825.6,17838.0,1010100
1678081500000,17837.1,17846.85,17811.0,17842.0,708600
1678085100000,17842.0,17845.05,17801.05,17834.25,732450
1678088700000,17833.3,17834.75,17773.55,17779.8,795000
1678092300000,17779.0,17811.0,17761.05,17775.6,904150
1678095900000,17775.55,17781.95,17770.0,17776.2,414600
1678247100000,17715.1,17760.85,17654.0,17751.1,2904250
1678250700000,17748.5,17766.0,17728.0,17729.1,669250
1678254300000,17731.0,17746.6,17695.6,17703.5,632200
1678257900000,17703.15,17738.0,17697.8,17727.95,512700
1678261500000,17728.0,17774.8,17724.4,17768.05,725550
1678265100000,17765.0,17805.05,17745.75,17796.65,1212350
1678268700000,17797.6,17805.75,17788.8,17795.0,605700
1678333500000,17789.95,17818.9,17700.3,17704.2,2066200
1678337100000,17704.3,17750.7,17700.0,17750.0,677100
1678340700000,17750.0,17770.0,17718.25,17722.0,700650
1678344300000,17721.6,17721.6,17680.05,17693.1,941850
1678347900000,17692.7,17705.0,17655.85,17674.45,901700
1678351500000,17672.25,17677.1,17640.1,17640.2,1292500
1678355100000,17641.2,17647.7,17635.0,17639.0,914850
1678419900000,17489.8,17489.9,17367.0,17430.0,3646500
1678423500000,17430.25,17473.8,17420.6,17461.0,1220150
1678427100000,17461.75,17480.45,17435.0,17435.35,723000
1678430700000,17431.5,17476.7,17414.05,17460.1,806700
1678434300000,17461.55,17464.05,17411.2,17438.2,782100
1678437900000,17435.55,17467.65,17406.0,17453.8,1236000
1678441500000,17451.65,17462.0,17448.0,17453.95,608850
1678679100000,17460.0,17573.95,17438.4,17495.0,3093000
1678682700000,17496.6,17509.85,17422.0,17432.0,988650
1678686300000,17431.05,17448.0,17375.0,17389.0,1211100
1678689900000,17390.0,17404.0,17304.55,17322.2,2032450
1678693500000,17322.9,17346.7,17232.75,17240.0,2723500
1678697100000,17240.0,17244.15,17159.05,17194.25,2526200
1678700700000,17194.4,17241.05,17194.4,17220.0,1069450
1678765500000,17190.0,17278.0,17160.05,17181.35,2938900
1678769100000,17181.0,17188.0,17112.0,17118.45,1438650
1678772700000,17118.25,17153.6,17105.0,17137.0,1972850
1678776300000,17138.0,17265.15,17101.35,17108.2,2662700
1678779900000,17106.05,17144.7,17076.0,17095.85,1612800
1678783500000,17093.4,17162.0,17071.1,17145.9,2074000
1678787100000,17147.2,17147.75,17124.35,17144.0,611550
1678851900000,17224.95,17263.4,17180.5,17206.8,2346900
1678855500000,17209.3,17225.8,17150.6,17168.0,1705800
1678859100000,17169.9,17223.9,17162.0,17162.0,837650
1678862700000,17163.5,17176.7,17110.15,17115.0,1004000
1678866300000,17114.3,17149.85,17091.65,17114.45,995950
1678869900000,17115.9,17128.6,17025.5,17031.35,1553850
1678873500000,17031.25,17043.95,17010.9,17026.2,792900
1678938300000,17019.9,17039.25,16918.5,16950.0,2712200
1678941900000,16952.0,17115.0,16940.25,17090.0,2250750
1678945500000,17090.2,17107.2,16994.1,16995.0,1249550
1678949100000,16993.55,17045.0,16975.15,17045.0,974850
1678952700000,17045.0,17106.1,17000.1,17100.0,1604550
1678956300000,17100.0,17130.0,17012.25,17034.8,2161550
1678959900000,17037.75,17075.45,17031.15,17070.35,583400
1679024700000,17165.0,17203.25,17101.5,17137.0,2600550
1679028300000,17137.0,17160.65,17084.65,17090.0,1636500
1679031900000,17090.05,17120.0,17037.9,17046.9,1496500
1679035500000,17045.0,17082.95,17020.05,17058.5,903050
1679039100000,17056.0,17166.55,17045.6,17138.55,1626950
1679042700000,17138.9,17208.75,17074.0,17193.4,2668600
1679046300000,17192.85,17194.0,17153.85,17189.5,1100100
1679283900000,17099.8,17109.8,16940.2,16951.75,3512850
1679287500000,16950.8,17002.9,16921.55,16977.8,1543350
1679291100000,16978.85,16987.45,16900.0,16903.1,1081650
1679294700000,16902.8,16928.0,16866.0,16901.5,1236100
1679298300000,16901.15,16942.45,16880.0,16926.05,998400
1679301900000,16928.2,17044.0,16905.0,17031.8,2563700
1679305500000,17032.0,17047.85,17032.0,17037.05,725250
1679370300000,17090.0,17129.8,17052.25,17102.4,2255050
1679373900000,17103.2,17123.85,17081.05,17102.0,717300
1679377500000,17100.8,17117.95,17061.0,17066.0,649100
1679381100000,17066.7,17149.0,17063.85,17147.95,973500
1679384700000,17144.95,17168.8,17114.05,17143.5,887000
1679388300000,17143.4,17183.65,17140.35,17158.0,994750
1679391900000,17158.0,17168.0,17148.15,17167.1,422900
1679456700000,17211.0,17238.0,17175.0,17178.0,2083850
1679460300000,17178.0,17188.75,17142.1,17162.0,744550
1679463900000,17162.7,17193.6,17152.15,17174.3,473050
1679467500000,17174.25,17203.85,17162.3,17165.25,454350
1679471100000,17164.4,17190.0,17146.0,17174.05,499750
1679474700000,17175.0,17194.9,17149.0,17194.9,664900
1679478300000,17194.9,17198.45,17180.3,17180.85,518400
1679543100000,17124.9,17183.05,17076.25,17176.8,2231200
1679546700000,17179.05,17218.25,17156.05,17164.9,1398650
1679550300000,17166.65,17202.1,17161.25,17196.5,506750
1679553900000,17196.5,17239.55,17182.8,17206.5,985400
1679557500000,17207.15,17223.1,17152.1,17152.1,779150
1679561100000,17151.1,17164.1,17066.95,17085.05,2157250
1679564700000,17085.65,17090.1,17077.1,17081.0,727650
1679629500000,17079.95,17117.9,17010.1,17082.95,1934200
1679633100000,17080.8,17109.8,17030.25,17075.0,830950
1679636700000,17077.5,17110.0,17055.0,17102.4,694900
1679640300000,17101.1,17119.9,17052.0,17101.0,1069300
1679643900000,17100.55,17114.7,17012.9,17030.0,1147000
1679647500000,17027.0,17029.95,16960.0,16966.3,1743150
1679651100000,16969.95,16971.6,16931.95,16940.5,793500
1679888700000,16995.25,17069.7,16940.8,17056.55,3049600
1679892300000,17058.0,17066.35,17000.0,17015.1,1319250
1679895900000,17017.0,17084.5,16991.9,17068.0,1543200
1679899500000,17069.85,17095.0,17021.85,17021.85,959800
1679903100000,17021.6,17070.9,17000.85,17064.65,1239950
1679906700000,17064.3,17124.55,17010.1,17023.1,2307800
1679910300000,17022.6,17033.35,17007.05,17028.1,420750
1679975100000,17065.0,17088.25,17010.1,17032.0,2253600
1679978700000,17034.35,17039.8,16968.0,16984.3,1056900
1679982300000,16985.0,17024.4,16984.45,16986.0,756800
1679985900000,16987.1,17012.0,16980.55,17006.9,982800
1679989500000,17009.0,17015.0,16927.45,16938.5,1278700
1679993100000,16939.1,16989.0,16928.6,16962.55,1600350
1679996700000,16962.65,16985.0,16961.0,16977.65,539150
1680061500000,16983.0,17040.8,16982.55,17020.65,1765450
1680065100000,17020.6,17056.6,16967.95,16975.95,1907550
1680068700000,16975.9,17001.4,16946.3,16949.05,2003050
1680072300000,16951.1,16989.9,16942.0,16980.0,2488450
1680075900000,16980.55,17051.95,16978.35,17043.7,1594300
1680079500000,17043.9,17090.0,16990.05,17087.65,2131550
1680083100000,17087.75,17090.6,17077.25,17081.2,373600
1680234300000,17271.0,17385.0,17271.0,17356.2,2605150
1680237900000,17356.2,17366.0,17326.1,17339.75,1392850
1680241500000,17336.7,17377.7,17333.75,17367.0,784800
1680245100000,17366.55,17417.0,17358.2,17400.55,972250
1680248700000,17400.75,17448.0,17394.4,17446.65,893000
1680252300000,17446.65,17466.0,17424.0,17443.7,1260050
1680255900000,17443.55,17448.0,17423.0,17440.35,723950
1680493500000,17470.0,17489.0,17395.9,17446.5,1951350
1680497100000,17445.6,17452.75,17390.0,17394.75,1132150
1680500700000,17394.8,17439.6,17383.85,17426.8,622450
1680504300000,17427.0,17449.15,17410.1,17423.9,536350
1680507900000,17423.9,17440.0,17412.75,17436.95,520150
1680511500000,17438.0,17479.5,17422.6,17479.5,986050
1680515100000,17479.5,17481.9,17471.0,17473.0,472000
1680666300000,17500.0,17563.1,17486.8,17556.35,2122950
1680669900000,17555.6,17582.8,17545.1,17555.0,1086800
1680673500000,17555.75,17584.0,17553.0,17579.4,525550
1680677100000,17579.2,17620.0,17573.15,17606.05,952950
1680680700000,17605.0,17610.0,17583.05,17602.9,918050
1680684300000,17602.9,17625.95,17590.75,17616.55,1610600
1680687900000,17616.85,17630.0,17615.0,17626.95,643550
1680752700000,17599.8,17662.15,17557.1,17651.8,2149300
1680756300000,17651.9,17675.0,17634.75,17675.0,1052800
1680759900000,17674.85,17677.9,17647.9,17660.0,679850
1680763500000,17661.8,17715.95,17658.55,17683.55,1286900
1680767100000,17683.55,17685.7,17603.0,17628.5,1224250
1680770700000,17628.5,17660.05,17619.45,17630.8,991500
1680774300000,17630.7,17655.6,17630.0,17650.6,480800
1681098300000,17671.0,17714.95,17656.0,17682.85,1614750
1681101900000,17684.55,17695.7,17663.0,17692.65,685150
1681105500000,17692.1,17738.0,17682.25,17730.35,687150
1681109100000,17730.35,17754.0,17723.3,17724.2,653600
1681112700000,17724.95,17732.0,17681.0,17686.4,579350
1681116300000,17683.35,17694.85,17653.6,17682.05,833150
1681119900000,17682.0,17688.0,17675.35,17676.0,275800
1681184700000,17730.0,17809.35,17723.65,17802.3,2316150
1681188300000,17803.25,17806.65,17759.75,17766.05,934800
1681191900000,17766.55,17774.8,17721.0,17735.4,866750
1681195500000,17733.5,17754.7,17715.75,17730.35,615200
1681199100000,17732.05,17785.95,17729.0,17776.7,625250
1681202700000,17775.7,17790.0,17760.55,17789.05,591800
1681206300000,17789.1,17796.25,17785.0,17789.1,392050
1681271100000,17806.15,17834.1,17778.3,17805.7,1410000
1681274700000,17807.0,17820.0,17788.1,17807.85,679350
1681278300000,17807.95,17827.4,17804.0,17810.95,419600
1681281900000,17811.2,17844.0,17810.2,17842.05,665400
1681285500000,17841.9,17879.7,17841.05,17865.1,1057950
1681289100000,17865.1,17872.0,17830.0,17856.05,1062800
1681292700000,17855.65,17868.7,17855.1,17860.0,455300
1681357500000,17850.0,17878.0,17825.05,17830.2,1815950
1681361100000,17832.3,17853.4,17785.0,17790.0,1187650
1681364700000,17791.75,17820.7,17782.0,17793.2,618100
1681368300000,17792.2,17828.9,17775.0,17799.15,759200
1681371900000,17798.2,17842.0,17792.95,17829.9,654700
1681375500000,17828.0,17886.6,17828.0,17881.4,1234500
1681379100000,17880.05,17889.9,17878.55,17882.0,537100
1681703100000,17820.1,17854.0,17640.0,17673.85,4276500
1681706700000,17674.0,17745.0,17669.8,17713.2,1238150
1681710300000,17713.1,17743.5,17710.65,17730.65,728150
1681713900000,17730.1,17767.6,17721.0,17736.0,677400
1681717500000,17737.1,17749.95,17713.0,17749.0,395050
1681721100000,17749.0,17773.05,17733.4,17761.7,831800
1681724700000,17761.5,17764.5,17751.0,17751.0,376300
1681789500000,17775.0,17780.0,17692.0,17697.5,1786150
1681793100000,17697.85,17734.35,17678.1,17720.7,876950
1681796700000,17722.45,17731.65,17700.0,17725.5,439400
1681800300000,17727.5,17759.7,17722.0,17732.5,525700
1681803900000,17732.5,17733.25,17652.85,17682.3,1267400
1681807500000,17684.0,17721.85,17674.0,17711.95,965050
1681811100000,17711.95,17714.0,17704.1,17709.1,348400
1681875900000,17700.0,17710.8,17655.4,17670.05,1085700
1681879500000,17670.15,17693.35,17665.85,17686.0,365350
1681883100000,17687.3,17706.8,17667.9,17693.2,775200
1681886700000,17693.55,17707.9,17669.45,17674.7,671650
1681890300000,17674.8,17680.0,17622.0,17635.4,1065900
1681893900000,17636.0,17665.45,17628.0,17658.55,715600
1681897500000,17658.5,17660.0,17640.2,17645.0,396450
1681962300000,17681.1,17725.0,17660.6,17665.0,1403950
1681965900000,17664.75,17677.25,17624.05,17641.75,1288350
1681969500000,17641.65,17665.0,17641.65,17649.75,399850
1681973100000,17650.9,17662.5,17611.3,17623.55,517900
1681976700000,17622.95,17642.0,17610.95,17626.3,514900
1681980300000,17623.3,17663.75,17621.05,17660.75,665500
1681983900000,17660.2,17661.75,17654.1,17655.0,390200
1682048700000,17650.0,17690.0,17629.4,17640.75,2236300
1682052300000,17640.7,17643.65,17611.5,17637.35,681650
1682055900000,17637.35,17644.5,17615.1,17622.0,323700
1682059500000,17618.85,17626.15,17583.0,17587.25,834100
1682063100000,17588.0,17640.0,17586.55,17630.0,749350
1682066700000,17630.0,17671.15,17623.85,17665.7,928850
1682070300000,17665.65,17666.85,17645.0,17651.0,352600
1682307900000,17715.0,17716.0,17635.1,17649.05,4280200
1682311500000,17649.2,17669.5,17641.0,17664.3,556950
1682315100000,17664.0,17673.95,17633.2,17660.75,617850
1682318700000,17660.85,17704.3,17653.15,17704.25,948800
1682322300000,17705.0,17743.9,17704.2,17735.3,1294750
1682325900000,17736.8,17768.4,17721.1,17767.8,1269100
1682329500000,17767.35,17771.0,17762.0,17767.3,565050
1682394300000,17776.1,17778.0,17732.3,17768.55,1211150
1682397900000,17770.1,17797.0,17766.0,17795.0,827850
1682401500000,17793.25,17806.95,17780.45,17789.3,878850
1682405100000,17787.05,17790.9,17758.9,17786.85,728050
1682408700000,17786.9,17805.4,17754.1,17804.85,832200
1682412300000,17803.6,17822.7,17779.0,17787.35,1171150
1682415900000,17787.5,17789.55,17772.0,17776.0,387550
1682480700000,17754.9,17769.9,17722.0,17760.8,1344200
1682484300000,17761.1,17786.8,17756.25,17780.5,593200
1682487900000,17780.5,17795.0,17774.55,17778.8,623600
1682491500000,17778.35,17819.0,17775.55,17781.05,1237550
1682495100000,17781.0,17804.75,17766.5,17803.95,907600
1682498700000,17803.95,17830.0,17777.65,17824.7,1388050
1682502300000,17824.95,17827.1,17812.0,17821.8,428150
1682567100000,17791.0,17845.0,17791.0,17830.0,871500
1682570700000,17830.1,17850.0,17823.8,17834.9,805450
1682574300000,17834.85,17859.5,17831.0,17847.65,1085850
1682577900000,17847.55,17857.8,17838.55,17854.85,1148450
1682581500000,17854.2,17895.05,17853.6,17888.0,1217300
1682585100000,17888.6,17918.05,17860.0,17915.0,1542750
1682588700000,17914.95,17920.05,17910.2,17919.4,390900
1682653500000,18030.25,18054.85,17966.0,17970.0,1683200
1682657100000,17970.4,18042.55,17965.0,18040.35,825850
1682660700000,18044.0,18052.8,18025.2,18048.65,574750
1682664300000,18047.0,18060.0,18036.0,18053.0,499000
1682667900000,18053.95,18064.9,18040.15,18051.3,516850
1682671500000,18052.2,18125.0,18028.85,18118.45,1529450
1682675100000,18118.45,18128.5,18111.25,18113.2,690450
1682999100000,18180.45,18247.25,18180.45,18235.05,2541250
1683002700000,18234.95,18242.0,18196.5,18204.75,709650
1683006300000,18204.75,18235.0,18198.6,18233.0,608750
1683009900000,18232.0,18244.5,18208.55,18236.2,307050
1683013500000,18238.0,18244.0,18217.95,18234.4,380350
1683017100000,18234.6,18242.0,18203.05,18212.3,689250
1683020700000,18213.1,18214.9,18201.0,18202.0,489150
1683085500000,18154.9,18159.75,18114.5,18153.0,1604200
1683089100000,18151.4,18180.0,18143.25,18143.75,669400
1683092700000,18144.3,18154.05,18131.0,18137.35,461150
1683096300000,18137.35,18165.0,18130.05,18148.0,453800
1683099900000,18146.5,18163.8,18100.3,18131.0,2403100
1683103500000,18132.5,18163.6,18126.0,18161.15,803300
1683107100000,18161.15,18163.0,18142.0,18147.3,394950
1683171900000,18119.85,18182.45,18113.1,18178.05,1237900
1683175500000,18176.4,18209.5,18173.55,18208.1,514900
1683179100000,18206.6,18217.55,18192.15,18202.7,426300
1683182700000,18202.0,18250.0,18201.2,18242.25,813200
1683186300000,18242.1,18249.95,18230.0,18237.0,555500
1683189900000,18237.45,18315.9,18235.65,18306.8,1437150
1683193500000,18306.5,18306.95,18277.0,18287.0,937000
1683258300000,18180.0,18255.85,18180.0,18254.2,2048550
1683261900000,18251.2,18267.75,18192.0,18207.15,1094250
1683265500000,18204.0,18204.0,18125.3,18175.45,1980750
1683269100000,18177.6,18222.8,18168.65,18201.9,818950
1683272700000,18202.7,18215.4,18153.0,18196.85,687100
1683276300000,18195.1,18204.9,18115.0,18131.0,1268850
1683279900000,18132.0,18140.0,18119.65,18130.1,510150
1683517500000,18160.0,18269.55,18147.0,18244.0,1875600
1683521100000,18241.0,18296.0,18240.8,18284.95,1009300
1683524700000,18285.0,18327.2,18278.25,18321.0,788600
1683528300000,18320.0,18336.0,18308.1,18326.0,532700
1683531900000,18326.75,18344.7,18314.5,18332.35,436300
1683535500000,18332.95,18333.45,18291.0,18308.0,964300
1683539100000,18307.85,18325.0,18304.15,18317.5,447400
1683603900000,18335.6,18378.85,18318.15,18375.0,1147700
1683607500000,18374.6,18388.85,18360.1,18375.0,604200
1683611100000,18375.0,18379.0,18357.6,18371.6,317400
1683614700000,18372.35,18375.0,18324.25,18330.0,586150
1683618300000,18331.1,18342.1,18270.15,18302.9,1148100
1683621900000,18302.0,18324.9,18291.6,18308.35,680350
1683625500000,18309.6,18311.3,18294.15,18303.8,353000
1683690300000,18325.0,18356.4,18255.55,18272.1,1504150
1683693900000,18271.0,18312.6,18270.05,18299.0,585100
1683697500000,18298.15,18333.75,18292.85,18318.0,509150
1683701100000,18318.0,18334.35,18312.7,18326.9,325950
1683704700000,18327.0,18330.0,18275.0,18327.15,649300
1683708300000,18327.95,18358.5,18305.05,18347.1,813150
1683711900000,18345.25,18350.0,18338.05,18343.0,369150
1683776700000,18375.1,18390.0,18320.0,18357.3,1422650
1683780300000,18357.75,18380.0,18346.75,18365.0,587800
1683783900000,18365.0,18374.85,18330.0,18338.65,401250
1683787500000,18336.4,18372.55,18336.05,18363.7,364150
1683791100000,18363.5,18373.0,18350.0,18362.65,321850
1683794700000,18362.65,18390.55,18316.0,18343.8,1042700
1683798300000,18345.9,18370.0,18335.25,18359.0,897400
1683863100000,18298.95,18299.0,18215.45,18269.0,2360550
1683866700000,18271.95,18310.0,18260.0,18302.6,762250
1683870300000,18302.35,18306.05,18277.2,18296.6,423650
1683873900000,18297.0,18340.0,18293.35,18327.55,738350
1683877500000,18328.0,18365.0,18320.2,18353.4,784750
1683881100000,18353.8,18360.0,18325.8,18329.4,674600
1683884700000,18327.6,18337.45,18327.05,18334.0,402750
1684122300000,18300.0,18403.75,18288.0,18400.0,1724400
1684125900000,18400.0,18420.15,18390.1,18416.0,516550
1684129500000,18417.5,18440.0,18416.7,18436.4,576750
1684133100000,18437.0,18459.0,18431.6,18450.25,460450
1684136700000,18450.0,18473.0,18448.0,18470.55,438600
1684140300000,18470.55,18473.1,18405.1,18405.2,1034950
1684143900000,18405.2,18419.55,18404.1,18408.0,462350
1684208700000,18439.0,18445.75,18388.55,18434.0,1127900
1684212300000,18434.0,18440.0,18392.0,18408.8,465550
1684215900000,18407.6,18408.95,18370.05,18389.25,565050
1684219500000,18387.6,18409.45,18376.25,18402.65,452450
1684223100000,18402.5,18414.0,18368.0,18375.0,493250
1684226700000,18373.65,18390.0,18317.2,18324.65,1255650
1684230300000,18322.25,18329.65,18312.0,18326.1,566450
1684295100000,18315.6,18328.35,18282.0,18308.45,1049500
1684298700000,18309.3,18310.2,18241.4,18267.9,2390850
1684302300000,18268.0,18269.55,18166.25,18186.2,1636400
1684305900000,18186.55,18205.1,18168.05,18170.6,753850
1684309500000,18170.1,18192.6,18157.6,18178.0,714250
1684313100000,18178.75,18221.0,18175.0,18219.9,868350
1684316700000,18220.0,18233.45,18220.0,18231.95,592300
1684381500000,18290.0,18324.55,18240.0,18254.1,1615600
1684385100000,18251.0,18276.55,18242.05,18269.45,418900
1684388700000,18269.95,18282.9,18245.0,18252.9,372250
1684392300000,18252.85,18252.85,18207.15,18217.15,751300
1684395900000,18217.45,18245.0,18191.9,18199.0,721250
1684399500000,18197.6,18207.85,18150.8,18181.95,1036950
1684403100000,18181.95,18186.9,18173.25,18180.0,411900
1684467900000,18210.0,18212.4,18092.1,18108.6,1749900
1684471500000,18108.65,18152.3,18084.05,18150.0,809550
1684475100000,18152.0,18204.95,18144.3,18165.55,1044500
1684478700000,18166.85,18179.0,18120.05,18142.25,498950
1684482300000,18143.3,18210.0,18141.0,18198.75,695300
1684485900000,18198.1,18242.0,18183.15,18231.8,1303350
1684489500000,18232.4,18237.0,18225.15,18231.0,425400
1684727100000,18215.0,18315.0,18195.1,18283.9,1788650
1684730700000,18284.0,18333.0,18276.95,18315.0,788250
1684734300000,18317.2,18340.0,18304.0,18339.2,662450
1684737900000,18339.9,18350.0,18292.6,18318.1,750950
1684741500000,18320.0,18335.05,18265.65,18331.9,824900
1684745100000,18331.45,18350.0,18308.6,18329.35,797800
1684748700000,18329.4,18334.4,18318.85,18324.9,377300
1684813500000,18361.1,18414.5,18350.05,18401.35,1290800
1684817100000,18405.95,18425.0,18391.05,18422.0,512100
1684820700000,18421.15,18423.75,18400.05,18414.0,472150
1684824300000,18412.7,18429.0,18403.75,18404.9,510550
1684827900000,18407.0,18419.0,18392.2,18408.9,498850
1684831500000,18409.85,18418.8,18355.05,18360.05,1172350
1684835100000,18360.0,18368.55,18347.75,18358.1,474250
1684899900000,18301.0,18372.9,18284.5,18370.05,1526900
1684903500000,18371.05,18394.5,18353.85,18378.5,971400
1684907100000,18376.3,18394.5,18345.8,18348.0,643150
1684910700000,18348.0,18352.75,18306.9,18307.05,872200
1684914300000,18307.05,18338.3,18302.0,18329.55,640550
1684917900000,18329.85,18344.15,18265.2,18298.1,1748600
1684921500000,18299.3,18303.7,18291.8,18301.0,315700
1684986300000,18270.0,18305.45,18241.0,18263.9,1207100
1684989900000,18266.5,18276.3,18250.0,18259.8,628200
1684993500000,18259.8,18261.75,18212.5,18247.15,1020250
1684997100000,18246.8,18257.65,18213.2,18225.3,693550
1685000700000,18224.15,18243.0,18202.75,18243.0,676600
1685004300000,18243.0,18330.0,18235.0,18328.45,1369400
1685007900000,18326.05,18333.05,18321.65,18324.9,407050
1685072700000,18440.35,18466.9,18419.0,18448.2,1690100
1685076300000,18450.4,18500.0,18445.0,18496.8,855450
1685079900000,18499.0,18530.0,18490.0,18520.0,985100
1685083500000,18519.8,18531.8,18505.2,18507.35,760650
1685087100000,18503.15,18577.6,18502.6,18574.3,1212400
1685090700000,18574.75,18590.0,18556.05,18579.2,1135750
1685094300000,18579.35,18579.35,18563.05,18570.2,582800
1685331900000,18697.15,18709.9,18648.2,18656.0,2142800
1685335500000,18656.5,18713.3,18650.55,18708.2,720300
1685339100000,18711.0,18717.5,18691.5,18697.85,310150
1685342700000,18697.85,18701.5,18657.05,18671.75,687450
1685346300000,18671.75,18706.0,18670.9,18703.0,543200
1685349900000,18703.0,18705.0,18651.05,18670.05,793300
1685353500000,18670.0,18676.0,18665.0,18675.0,321800
1685418300000,18660.0,18735.0,18654.05,18731.35,1165300
1685421900000,18734.95,18742.4,18661.0,18676.3,867500
1685425500000,18676.2,18703.4,18670.0,18689.4,268000
1685429100000,18688.5,18698.0,18661.0,18688.9,293750
1685432700000,18687.75,18704.95,18679.0,18699.7,294650
1685436300000,18701.75,18724.7,18690.9,18712.9,620800
1685439900000,18712.85,18722.2,18710.0,18720.0,318500
1685504700000,18680.6,18680.6,18620.0,18653.0,1886000
1685508300000,18652.1,18656.0,18606.25,18624.75,804050
1685511900000,18624.4,18637.45,18572.0,18577.5,981700
1685515500000,18577.25,18604.0,18566.0,18586.05,716100
1685519100000,18585.05,18623.9,18582.3,18600.6,561400
1685522700000,18600.9,18651.55,18594.5,18622.2,1091350
1685526300000,18622.05,18641.95,18620.7,18624.95,528750
1685591100000,18624.95,18659.0,18590.2,18634.05,1414500
1685594700000,18633.0,18644.8,18620.05,18643.35,480400
1685598300000,18640.65,18648.4,18595.5,18603.45,545050
1685601900000,18605.0,18625.95,18598.0,18620.1,503700
1685605500000,18620.1,18631.05,18581.2,18595.0,554600
1685609100000,18595.0,18606.6,18567.0,18568.45,921400
1685612700000,18568.35,18578.0,18550.0,18573.95,652050
1685677500000,18618.65,18656.9,18559.95,18569.3,1808200
1685681100000,18569.8,18615.9,18556.35,18614.35,633150
1685684700000,18615.9,18642.55,18603.85,18628.1,575450
1685688300000,18627.6,18648.95,18609.2,18648.85,414600
1685691900000,18646.7,18675.5,18634.2,18640.0,949400
1685695500000,18640.0,18662.9,18585.4,18636.6,1210250
1685699100000,18635.9,18642.6,18612.55,18631.6,415900
1685936700000,18700.2,18715.0,18676.6,18708.05,1173300
1685940300000,18709.95,18727.4,18702.4,18720.45,601050
1685943900000,18721.25,18729.0,18709.45,18720.5,400600
1685947500000,18720.55,18723.6,18695.0,18700.0,305950
1685951100000,18698.7,18724.35,18698.7,18714.5,297000
1685954700000,18714.5,18721.45,18685.95,18695.7,488050
1685958300000,18695.3,18712.5,18691.0,18703.0,339900
1686023100000,18675.0,18700.75,18650.05,18656.45,1299700
1686026700000,18656.25,18658.0,18621.0,18627.65,699650
1686030300000,18627.65,18634.3,18605.55,18615.2,643700
1686033900000,18615.0,18644.9,18608.0,18636.6,403000
1686037500000,18636.1,18644.85,18617.35,18626.0,472850
1686041100000,18626.0,18683.55,18621.0,18680.75,821300
1686044700000,18680.2,18685.35,18667.3,18683.0,748500
1686109500000,18715.5,18733.8,18706.6,18729.65,971750
1686113100000,18730.0,18738.0,18716.0,18735.75,462000
1686116700000,18735.0,18745.3,18724.65,18738.0,328450
1686120300000,18738.9,18774.0,18737.2,18766.0,738150
1686123900000,18765.25,18782.9,18748.9,18771.4,588900
1686127500000,18771.3,18807.65,18771.3,18798.45,1230050
1686131100000,18798.45,18804.0,18789.6,18800.0,608500
1686195900000,18811.1,18830.0,18780.0,18814.6,1012100
1686199500000,18816.85,18842.0,18815.5,18834.1,494250
1686203100000,18833.15,18835.0,18744.9,18767.0,1496500
1686206700000,18766.05,18776.1,18746.0,18752.65,610900
1686210300000,18755.05,18794.0,18749.15,18761.3,756350
1686213900000,18761.3,18764.75,18701.55,18702.5,1334550
1686217500000,18704.3,18722.0,18693.5,18722.0,649700
1686282300000,18724.95,18739.95,18675.0,18704.6,1547900
1686285900000,18703.45,18705.6,18656.15,18668.35,916550
1686289500000,18670.3,18699.9,18669.35,18697.65,356100
1686293100000,18698.0,18707.1,18645.0,18664.6,682550
1686296700000,18664.0,18669.55,18627.05,18639.75,640500
1686300300000,18636.25,18660.6,18618.35,18634.4,980000
1686303900000,18634.95,18641.95,18623.1,18630.0,478300
1686541500000,18649.95,18667.15,18624.1,18640.55,1125900
1686545100000,18640.55,18687.0,18637.0,18683.55,622250
1686548700000,18683.65,18697.0,18670.65,18680.6,388850
1686552300000,18680.6,18681.35,18649.0,18672.95,385850
1686555900000,18672.5,18702.0,18670.0,18697.85,440050
1686559500000,18698.85,18705.6,18661.95,18683.85,585900
1686563100000,18683.9,18690.4,18676.05,18690.4,312800
1686627900000,18735.35,18773.45,18721.0,18765.0,1399850
1686631500000,18765.0,18776.55,18752.85,18768.2,500800
1686635100000,18770.7,18783.0,18766.05,18774.5,475950
1686638700000,18775.0,18778.15,18766.25,18775.25,216400
1686642300000,18776.2,18779.4,18747.0,18757.0,383600
1686645900000,18756.65,18782.0,18750.3,18776.65,521850
1686649500000,18775.85,18781.2,18775.0,18775.9,358000
1686714300000,18750.05,18810.0,18750.0,18767.2,857950
1686717900000,18767.2,18793.3,18761.8,18783.0,428600
1686721500000,18783.0,18806.3,18782.4,18804.8,302150
1686725100000,18804.8,18825.0,18798.65,18824.7,535800
1686728700000,18824.9,18828.3,18812.2,18825.85,414350
1686732300000,18826.15,18832.0,18808.35,18819.6,689050
1686735900000,18819.0,18822.0,18808.3,18808.3,404400
1686800700000,18818.25,18844.1,18782.8,18839.55,1378800
1686804300000,18839.85,18867.5,18817.4,18818.15,834700
1686807900000,18818.15,18820.0,18770.0,18789.15,1065200
1686811500000,18789.15,18802.6,18775.0,18784.45,427500
1686815100000,18783.05,18820.85,18761.0,18764.15,803050
1686818700000,18761.55,18769.65,18734.4,18741.2,1395000
1686822300000,18741.3,18749.95,18739.0,18739.0,500500
1686887100000,18774.95,18839.0,18771.05,18830.5,1307350
1686890700000,18830.65,18849.0,18825.9,18831.8,585700
1686894300000,18833.0,18854.45,18818.05,18838.1,580050
1686897900000,18838.1,18842.0,18819.0,18838.7,316550
1686901500000,18836.9,18880.0,18828.95,18878.1,555100
1686905100000,18883.95,18955.0,18879.9,18894.25,2887050
1686908700000,18891.75,18898.8,18877.05,18895.0,680650
1687146300000,18920.0,18923.45,18871.2,18889.3,1195800
1687149900000,18887.65,18889.4,18833.1,18849.35,690250
1687153500000,18849.3,18858.65,18825.8,18850.0,446050
1687157100000,18848.3,18864.7,18823.0,18828.0,659950
1687160700000,18828.0,18829.65,18789.15,18805.95,896950
1687164300000,18805.95,18865.7,18797.2,18843.5,856550
1687167900000,18842.0,18848.5,18837.4,18842.0,312150
1687232700000,18819.75,18819.75,18730.1,18755.05,1532350
1687236300000,18755.0,18762.2,18712.3,18759.95,912950
1687239900000,18756.9,18794.1,18750.9,18778.5,611700
1687243500000,18777.25,18822.55,18771.0,18802.0,660200
1687247100000,18804.05,18835.0,18791.25,18811.8,604500
1687250700000,18811.8,18879.7,18801.05,18872.0,1126400
1687254300000,18869.9,18883.0,18868.05,18879.0,504700
1687319100000,18872.9,18909.0,18846.6,18900.9,1229900
1687322700000,18900.85,18902.0,18830.5,18834.3,767150
1687326300000,18834.0,18871.95,18828.45,18863.1,531400
1687329900000,18862.7,18894.65,18848.7,18887.2,339050
1687333500000,18887.3,18905.0,18879.1,18903.0,326600
1687337100000,18902.0,18906.6,18857.55,18900.6,779050
1687340700000,18898.3,18902.0,18890.75,18895.05,416750
1687405500000,18871.35,18911.0,18860.75,18895.05,826950
1687409100000,18895.55,18920.65,18876.6,18883.15,669150
1687412700000,18882.0,18886.35,18840.0,18843.0,704300
1687416300000,18844.8,18859.1,18801.95,18832.85,957050
1687419900000,18832.9,18903.2,18825.3,18882.6,1310250
1687423500000,18882.5,18883.0,18809.6,18823.95,1733450
1687427100000,18823.5,18839.0,18820.0,18834.55,736750
1687491900000,18789.0,18808.25,18690.0,18722.0,2042550
1687495500000,18722.95,18751.0,18701.15,18737.0,903650
1687499100000,18734.45,18756.25,18715.0,18747.0,491800
1687502700000,18746.85,18775.0,18723.0,18735.8,1083400
1687506300000,18735.55,18757.95,18710.05,18717.95,607500
1687509900000,18715.1,18739.0,18695.85,18709.0,836050
1687513500000,18709.0,18712.35,18696.3,18702.0,512950
1687751100000,18720.0,18744.45,18680.0,18693.0,1020650
1687754700000,18693.0,18714.1,18672.55,18694.25,649800
1687758300000,18693.65,18722.0,18690.5,18712.0,353300
1687761900000,18715.0,18721.7,18665.0,18682.6,569050
1687765500000,18682.7,18707.0,18675.0,18692.55,371100
1687769100000,18691.85,18735.5,18670.15,18718.55,1252000
1687772700000,18718.1,18723.0,18698.05,18717.65,368100
1687837500000,18741.0,18766.15,18732.2,18745.4,980400
1687841100000,18745.0,18752.0,18730.0,18741.15,391750
1687844700000,18741.15,18770.0,18736.05,18765.1,546400
1687848300000,18766.75,18768.5,18741.6,18752.2,574700
1687851900000,18752.2,18777.85,18749.0,18776.1,1187950
1687855500000,18776.55,18822.4,18771.2,18818.9,1464000
1687859100000,18816.05,18819.0,18807.0,18815.0,499700
1687923900000,18850.5,18897.15,18845.35,18886.45,1164550
1687927500000,18887.95,18939.9,18881.3,18935.4,945100
1687931100000,18935.4,18976.1,18930.05,18948.0,982500
1687934700000,18948.0,18991.6,18943.55,18984.0,688300
1687938300000,18984.0,19006.8,18971.0,18972.1,792500
1687941900000,18972.1,19009.95,18935.0,18972.4,1440700
1687945500000,18970.65,18976.65,18966.15,18972.05,344450
1688096700000,19082.0,19195.0,19082.0,19181.95,1523200
1688100300000,19182.0,19198.95,19170.15,19193.4,439900
1688103900000,19193.9,19217.0,19183.65,19205.6,742000
1688107500000,19205.55,19236.0,19195.3,19227.05,729150
1688111100000,19227.0,19242.7,19222.2,19227.0,486400
1688114700000,19229.35,19268.0,19224.95,19265.0,962350
1688118300000,19265.0,19273.15,19261.0,19267.0,645250
1688355900000,19321.0,19409.65,19302.55,19397.0,2065050
1688359500000,19396.75,19412.75,19346.3,19351.0,1109400
1688363100000,19350.65,19394.9,19335.2,19390.9,656900
1688366700000,19391.0,19409.7,19388.25,19400.0,432900
1688370300000,19400.55,19418.45,19379.0,19394.4,495150
1688373900000,19394.3,19419.9,19372.0,19399.55,721450
1688377500000,19399.5,19416.4,19398.3,19414.0,524300
1688442300000,19421.0,19473.9,19376.3,19404.05,1779100
1688445900000,19405.45,19426.95,19393.0,19419.45,458050
1688449500000,19419.6,19449.95,19409.8,19449.4,431550
1688453100000,19449.0,19469.0,19445.95,19461.4,609400
1688456700000,19461.45,19500.0,19446.95,19447.0,962500
1688460300000,19447.8,19474.4,19433.1,19463.3,882750
1688463900000,19463.5,19463.95,19451.0,19459.1,397850
1688528700000,19401.0,19484.0,19400.0,19459.95,1186700
1688532300000,19459.65,19463.45,19431.8,19446.0,442150
1688535900000,19446.65,19474.5,19438.1,19460.0,304400
1688539500000,19458.55,19465.95,19445.8,19460.1,213250
1688543100000,19459.0,19464.75,19421.55,19454.0,510650
1688546700000,19456.25,19474.9,19416.3,19474.9,796350
1688550300000,19474.9,19486.0,19465.0,19478.1,455250
1688615100000,19441.3,19503.95,19435.1,19503.0,1136400
1688618700000,19503.75,19518.0,19489.0,19510.0,656650
1688622300000,19509.8,19523.3,19502.15,19505.0,514500
1688625900000,19505.0,19514.95,19490.65,19502.0,439600
1688629500000,19502.25,19519.9,19494.0,19510.9,413200
1688633100000,19510.9,19555.0,19500.35,19538.05,1501950
1688636700000,19539.75,19540.05,19530.0,19538.0,536300
1688701500000,19485.0,19567.25,19470.0,19536.9,1442550
1688705100000,19536.75,19536.75,19448.55,19472.05,1573900
1688708700000,19474.95,19485.0,19413.75,19435.7,1098700
1688712300000,19435.6,19442.65,19403.0,19410.5,699050
1688715900000,19410.0,19444.5,19401.0,19430.45,626700
1688719500000,19430.65,19480.0,19390.0,19395.0,1644300
1688723100000,19393.5,19399.5,19380.1,19392.0,645900
1688960700000,19422.2,19462.7,19391.0,19458.0,1226950
1688964300000,19458.0,19481.25,19432.6,19432.6,696050
1688967900000,19433.3,19436.0,19375.15,19402.2,817850
1688971500000,19404.95,19440.0,19400.0,19439.95,408350
1688975100000,19439.95,19453.0,19421.1,19445.5,391750
1688978700000,19445.9,19447.7,19380.7,19412.85,677000
1688982300000,19410.4,19427.0,19408.9,19426.0,287900
1689047100000,19452.2,19524.1,19436.25,19512.9,1275500
1689050700000,19514.75,19540.0,19505.0,19540.0,458600
1689054300000,19540.4,19562.5,19535.65,19541.1,703400
1689057900000,19538.3,19551.7,19521.0,19538.0,334200
1689061500000,19538.75,19542.95,19508.3,19513.15,434150
1689065100000,19512.55,19520.0,19481.0,19490.7,1014750
1689068700000,19491.9,19516.0,19489.55,19516.0,493550
1689133500000,19535.0,19543.9,19488.0,19518.0,1050400
1689137100000,19518.0,19529.0,19476.0,19509.3,515250
1689140700000,19507.0,19514.0,19460.05,19474.0,562450
1689144300000,19474.0,19505.0,19457.1,19503.35,443100
1689147900000,19503.8,19517.35,19482.05,19491.15,419400
1689151500000,19492.45,19517.25,19450.05,19456.7,824650
1689155100000,19455.3,19465.8,19453.5,19458.45,504350
1689219900000,19535.6,19614.2,19508.65,19609.6,2001750
1689223500000,19606.3,19611.4,19585.8,19603.05,479850
1689227100000,19603.6,19612.9,19591.8,19598.1,333650
1689230700000,19599.95,19605.0,19581.25,19597.0,247900
1689234300000,19599.4,19599.55,19501.25,19503.2,1374850
1689237900000,19504.0,19528.3,19452.1,19479.85,1672400
1689241500000,19481.0,19498.35,19470.05,19498.35,499900
1689306300000,19522.2,19557.5,19479.0,19491.0,1507500
1689309900000,19493.1,19525.0,19475.0,19517.0,560200
1689313500000,19517.0,19540.0,19500.15,19526.0,387700
1689317100000,19525.4,19553.0,19510.5,19549.85,437400
1689320700000,19549.9,19569.0,19508.45,19558.55,1009700
1689324300000,19559.85,19600.0,19531.3,19599.95,1485850
1689327900000,19599.95,19627.8,19592.6,19624.0,809900
1689565500000,19622.15,19655.0,19597.25,19653.7,1135600
1689569100000,19651.95,19662.0,19633.0,19646.9,514550
1689572700000,19646.2,19657.7,19628.75,19655.0,272650
1689576300000,19657.0,19678.9,19650.0,19671.5,686400
1689579900000,19671.5,19692.75,19666.75,19676.15,707300
1689583500000,19676.1,19739.0,19676.0,19737.0,845650
1689587100000,19736.15,19738.85,19716.3,19729.7,533150
1689651900000,19755.6,19805.0,19743.85,19763.55,1573400
1689655500000,19764.05,19824.9,19760.25,19810.0,531350
1689659100000,19811.0,19815.8,19707.0,19725.1,1169600
1689662700000,19726.25,19774.0,19717.15,19738.0,809350
1689666300000,19735.6,19793.55,19730.0,19772.25,481000
1689669900000,19775.0,19781.85,19735.75,19765.95,703400
1689673500000,19766.0,19774.8,19766.0,19772.15,311350
1689738300000,19801.0,19840.05,19781.4,19831.75,1135400
1689741900000,19832.0,19837.25,19762.0,19763.0,760100
1689745500000,19760.0,19784.5,19747.0,19760.0,597850
1689749100000,19762.5,19805.4,19761.0,19800.0,611850
1689752700000,19798.05,19816.7,19777.75,19798.2,437250
1689756300000,19798.45,19852.4,19775.0,19847.95,866350
1689759900000,19848.0,19870.0,19843.45,19869.05,560350
1689824700000,19845.0,19847.7,19796.15,19804.9,1326100
1689828300000,19804.9,19854.95,19800.85,19840.5,699500
1689831900000,19840.25,19885.0,19827.0,19875.0,576350
1689835500000,19874.0,19901.9,19869.0,19893.25,599300
1689839100000,19894.1,19932.95,19876.3,19927.0,943850
1689842700000,19926.9,19981.55,19925.8,19973.85,1651600
1689846300000,19976.1,19976.75,19964.2,19967.1,656200
1689911100000,19860.0,19899.9,19832.95,19866.0,2398250
1689914700000,19866.8,19866.8,19802.15,19803.95,846800
1689918300000,19804.8,19824.9,19786.0,19802.75,816350
1689921900000,19802.1,19834.0,19780.1,19830.9,673950
1689925500000,19831.0,19852.85,19790.1,19806.0,805050
1689929100000,19805.9,19813.0,19730.0,19777.0,1427200
1689932700000,19778.0,19818.0,19777.0,19806.55,452900
1690170300000,19771.8,19778.0,19721.0,19766.0,1268750
1690173900000,19767.8,19808.0,19766.25,19783.1,773000
1690177500000,19783.05,19788.1,19690.4,19723.7,835050
1690181100000,19723.95,19785.0,19717.55,19777.0,856500
1690184700000,19780.2,19789.3,19736.6,19763.2,655550
1690188300000,19760.1,19761.45,19680.0,19690.0,1170300
1690191900000,19687.75,19699.55,19681.0,19682.1,493950
1690256700000,19744.1,19744.1,19676.9,19694.0,922700
1690260300000,19694.0,19700.85,19665.0,19682.5,714850
1690263900000,19683.35,19700.0,19666.5,19698.0,615800
1690267500000,19698.0,19719.9,19680.25,19680.25,759100
1690271100000,19677.0,19680.95,19632.0,19673.0,911200
1690274700000,19671.35,19722.6,19670.0,19689.15,1059550
1690278300000,19689.95,19697.8,19685.0,19695.0,279800
1690343100000,19722.1,19812.0,19707.1,19807.05,1364200
1690346700000,19809.0,19820.0,19795.0,19801.5,732350
1690350300000,19802.0,19813.5,19789.0,19807.3,392000
1690353900000,19809.0,19815.0,19781.1,19790.6,598550
1690357500000,19791.95,19815.9,19791.95,19799.45,590650
1690361100000,19800.85,19828.2,19750.95,19778.1,1107850
1690364700000,19778.1,19781.95,19766.4,19772.0,265950
1690429500000,19840.2,19872.35,19795.0,19803.0,1273450
1690433100000,19803.0,19819.65,19780.0,19783.0,662250
1690436700000,19783.8,19783.8,19716.65,19742.15,963200
1690440300000,19742.6,19750.45,19703.0,19742.0,855100
1690443900000,19742.3,19763.0,19676.1,19699.8,833500
1690447500000,19699.8,19711.15,19600.0,19658.7,1743000
1690451100000,19656.1,19662.9,19647.5,19658.2,536500
1690515900000,19779.9,19795.0,19718.05,19730.0,1826700
1690519500000,19730.0,19748.0,19703.0,19718.2,751550
1690523100000,19718.85,19727.8,19680.0,19689.0,797650
1690526700000,19688.4,19724.0,19678.0,19720.1,594950
1690530300000,19720.0,19721.95,19680.0,19709.0,591600
1690533900000,19709.1,19772.0,19698.0,19759.85,1447100
1690537500000,19758.5,19764.0,19732.35,19733.3,726900
1690775100000,19771.5,19785.7,19708.25,19781.3,1262150
1690778700000,19783.0,19805.0,19765.5,19801.1,641600
1690782300000,19800.0,19830.2,19792.65,19816.5,627800
1690785900000,19817.35,19820.0,19781.4,19804.35,366800
1690789500000,19804.1,19833.6,19800.3,19812.7,384100
1690793100000,19813.7,19859.95,19808.0,19842.9,1059000
1690796700000,19842.85,19853.0,19835.1,19836.45,488600
1690861500000,19862.0,19869.0,19834.45,19854.95,866450
1690865100000,19855.0,19858.85,19790.15,19810.0,724500
1690868700000,19808.75,19831.55,19801.0,19807.0,390550
1690872300000,19804.55,19821.7,19785.75,19821.7,583400
1690875900000,19822.0,19848.0,19806.2,19818.0,495200
1690879500000,19817.9,19843.9,19800.45,19814.0,423550
1690883100000,19814.1,19818.25,19807.0,19812.95,299200
1690947900000,19755.65,19760.0,19687.0,19689.5,1589600
1690951500000,19690.0,19692.95,19606.15,19636.0,1690950
1690955100000,19636.0,19641.65,19607.0,19627.6,663700
1690958700000,19626.95,19640.0,19591.0,19591.0,588850
1690962300000,19591.05,19595.0,19514.0,19519.4,1438550
1690965900000,19519.95,19612.0,19516.3,19610.2,1629250
1690969500000,19611.5,19612.7,19583.7,19586.25,614800
1691034300000,19540.0,19647.0,19507.15,19536.0,1847350
1691037900000,19536.0,19578.85,19520.0,19559.55,1015650
1691041500000,19559.55,19568.8,19515.4,19519.65,507300
1691045100000,19516.0,19518.95,19416.1,19436.3,1861250
1691048700000,19435.65,19444.4,19390.0,19407.2,1553850
1691052300000,19406.7,19469.65,19400.15,19469.65,1622500
1691055900000,19469.3,19485.0,19468.0,19469.0,732650
1691120700000,19501.1,19549.0,19486.1,19536.05,2213250
1691124300000,19534.2,19547.6,19500.0,19534.0,693200
1691127900000,19537.0,19588.15,19532.8,19581.0,1055650
1691131500000,19583.35,19592.4,19547.5,19569.05,629600
1691135100000,19568.0,19582.5,19507.5,19538.0,864750
1691138700000,19539.45,19596.65,19525.8,19584.45,1041650
1691142300000,19584.9,19594.0,19570.0,19573.2,361550
1691379900000,19600.0,19625.0,19577.0,19620.15,1123150
1691383500000,19621.5,19646.45,19590.05,19599.95,759050
1691387100000,19600.0,19620.0,19586.0,19597.95,381050
1691390700000,19599.0,19662.15,19595.0,19656.0,606600
1691394300000,19657.0,19684.05,19635.8,19644.0,735850
1691397900000,19645.0,19673.65,19630.4,19658.0,461500
1691401500000,19658.0,19667.95,19653.35,19664.0,298400
1691466300000,19682.0,19682.0,19622.85,19644.7,891300
1691469900000,19644.7,19664.0,19610.15,19611.0,458300
1691473500000,19603.0,19620.0,19585.0,19620.0,793650
1691477100000,19618.0,19634.9,19600.9,19634.9,283050
1691480700000,19633.8,19644.0,19613.1,19622.95,310750
1691484300000,19622.4,19649.0,19594.0,19610.15,641750
1691487900000,19607.25,19614.0,19605.95,19607.0,309900
1691552700000,19611.2,19619.65,19540.15,19549.0,1067100
1691556300000,19549.0,19549.0,19512.25,19525.2,772050
1691559900000,19524.4,19545.6,19520.05,19538.2,330600
1691563500000,19536.1,19566.55,19530.0,19558.0,434700
1691567100000,19556.35,19594.3,19541.5,19583.95,572900
1691570700000,19583.3,19698.0,19575.0,19697.95,1838100
1691574300000,19697.0,19701.9,19684.75,19693.3,554700
1691639100000,19639.9,19669.0,19606.25,19663.0,1511950
1691642700000,19662.45,19667.0,19535.0,19575.9,1657150
1691646300000,19575.2,19632.0,19572.0,19589.3,687100
1691649900000,19588.0,19643.5,19578.05,19638.8,651650
1691653500000,19639.75,19653.95,19557.9,19599.85,1117750
1691657100000,19602.2,19612.0,19571.0,19602.0,645950
1691660700000,19602.05,19603.55,19593.0,19601.1,399450
1691725500000,19599.0,19600.0,19504.85,19511.0,1540650
1691729100000,19511.55,19532.0,19488.6,19508.6,557600
1691732700000,19508.9,19524.6,19492.05,19505.0,358150
1691736300000,19504.0,19552.8,19500.0,19545.25,440000
1691739900000,19548.0,19551.0,19514.0,19525.8,491600
1691743500000,19527.9,19544.2,19493.8,19496.75,1041350
1691747100000,19496.35,19520.6,19495.7,19501.9,550000
1691984700000,19449.8,19449.8,19316.85,19366.0,1877500
1691988300000,19366.2,19373.3,19347.0,19360.5,391400
1691991900000,19360.25,19417.65,19357.55,19416.3,620100
1691995500000,19416.9,19422.0,19386.0,19399.55,449800
1691999100000,19398.0,19478.8,19393.05,19473.5,881500
1692002700000,19472.85,19506.25,19442.6,19475.1,1028250
1692006300000,19475.2,19477.0,19465.0,19471.15,533100
1692157500000,19400.4,19411.4,19352.55,19408.0,1424750
1692161100000,19409.8,19437.9,19402.55,19406.0,621200
1692164700000,19405.75,19425.95,19384.5,19414.75,457450
1692168300000,19414.4,19465.0,19406.6,19462.0,533350
1692171900000,19464.0,19473.9,19442.2,19458.65,461700
1692175500000,19458.5,19505.4,19449.4,19481.0,785600
1692179100000,19480.5,19487.65,19465.0,19466.0,347600
1692243900000,19425.0,19463.15,19393.6,19417.5,1455000
1692247500000,19417.0,19430.0,19406.6,19411.1,551050
1692251100000,19411.0,19415.0,19372.0,19384.0,888950
1692254700000,19384.0,19400.7,19360.0,19366.0,573800
1692258300000,19366.0,19402.05,19364.0,19392.05,467550
1692261900000,19392.0,19411.6,19371.8,19393.0,669000
1692265500000,19393.0,19399.9,19385.0,19386.35,502800
1692330300000,19329.8,19337.7,19280.0,19287.95,1543950
1692333900000,19287.75,19313.2,19275.5,19302.55,450550
1692337500000,19302.2,19336.6,19295.5,19324.05,580200
1692341100000,19325.0,19328.0,19275.0,19281.0,475150
1692344700000,19278.05,19370.0,19276.2,19367.0,952650
1692348300000,19365.0,19380.0,19327.35,19338.75,1456100
1692351900000,19337.85,19339.35,19313.05,19316.0,912950
1692589500000,19325.6,19370.0,19310.05,19316.25,1004800
1692593100000,19315.55,19387.15,19312.0,19377.0,717650
1692596700000,19379.0,19393.1,19351.35,19372.55,777450
1692600300000,19373.0,19406.9,19365.3,19404.75,612550
1692603900000,19404.85,19421.2,19376.25,19384.0,1308200
1692607500000,19383.05,19432.0,19379.25,19401.0,953750
1692611100000,19399.2,19400.95,19383.0,19400.3,498100
1692675900000,19411.05,19430.0,19381.1,19394.8,944150
1692679500000,19395.0,19419.95,19395.0,19406.15,380750
1692683100000,19405.0,19429.5,19403.8,19422.25,287850
1692686700000,19422.55,19424.45,19403.25,19420.3,237350
1692690300000,19418.0,19424.9,19390.45,19405.0,277600
1692693900000,19405.0,19407.0,19365.6,19384.45,584450
1692697500000,19384.4,19390.95,19380.0,19381.0,359900
1692762300000,19395.0,19398.0,19352.25,19369.5,804500
1692765900000,19369.5,19399.4,19358.0,19393.0,402350
1692769500000,19394.6,19420.0,19390.05,19413.0,624100
1692773100000,19412.55,19454.85,19410.0,19431.0,925750
1692776700000,19431.0,19456.75,19430.0,19447.45,424050
1692780300000,19446.45,19455.0,19420.8,19430.0,561300
1692783900000,19430.8,19436.6,19425.5,19433.0,306900
1692848700000,19500.0,19575.0,19491.6,19566.0,1468950
1692852300000,19567.0,19570.0,19493.7,19507.85,889700
1692855900000,19506.4,19513.7,19461.4,19482.7,694700
1692859500000,19482.8,19502.5,19451.0,19456.65,610150
1692863100000,19455.0,19463.0,19430.2,19463.0,773750
1692866700000,19463.0,19463.9,19400.15,19403.05,1213900
1692870300000,19403.3,19403.6,19376.0,19392.15,595250
1692935100000,19329.95,19340.0,19270.0,19300.4,1608450
1692938700000,19300.0,19301.1,19225.6,19254.9,1456400
1692942300000,19254.3,19316.0,19241.9,19268.05,753250
1692945900000,19267.45,19296.0,19261.1,19287.0,473400
1692949500000,19287.0,19307.0,19267.1,19272.2,511350
1692953100000,19270.0,19287.55,19245.05,19250.6,1034900
1692956700000,19253.65,19258.0,19218.0,19223.8,666850
1693194300000,19278.3,19304.95,19247.1,19283.6,1700750
1693197900000,19282.95,19323.9,19280.1,19318.0,859400
1693201500000,19316.55,19333.0,19302.7,19323.1,588400
1693205100000,19322.85,19352.7,19320.0,19336.05,529850
1693208700000,19335.0,19361.2,19323.0,19332.95,502700
1693212300000,19332.2,19344.0,19305.1,19315.0,847950
1693215900000,19315.5,19322.45,19309.75,19314.0,283900
1693280700000,19351.2,19366.95,19330.65,19350.0,746500
1693284300000,19350.0,19351.35,19317.0,19326.9,522350
1693287900000,19325.2,19344.55,19323.0,19342.0,461900
1693291500000,19342.0,19364.0,19333.2,19354.65,783500
1693295100000,19354.6,19360.35,19330.0,19330.0,756550
1693298700000,19330.95,19342.35,19306.0,19338.05,1397800
1693302300000,19339.0,19349.9,19331.05,19345.75,309000
1693367100000,19409.7,19440.0,19388.25,19432.05,1289700
1693370700000,19432.05,19444.05,19420.25,19432.75,696200
1693374300000,19433.0,19438.45,19426.1,19433.35,579250
1693377900000,19431.0,19433.95,19411.4,19428.0,459250
1693381500000,19428.0,19431.25,19390.2,19392.3,796950
1693385100000,19392.75,19394.15,19329.0,19336.15,1267500
1693388700000,19336.15,19350.95,19330.75,19340.0,412000
1693453500000,19354.35,19383.0,19314.1,19334.35,1005250
1693457100000,19334.95,19340.6,19282.0,19290.0,886150
1693460700000,19292.25,19320.0,19283.0,19286.55,780050
1693464300000,19289.05,19297.8,19266.6,19267.3,734500
1693467900000,19270.45,19309.0,19265.0,19270.0,742150
1693471500000,19268.7,19283.0,19235.6,19262.55,1313950
1693475100000,19263.7,19266.2,19249.65,19254.0,424700
1693539900000,19409.5,19428.3,19377.0,19395.0,1621500
1693543500000,19394.3,19435.0,19392.4,19415.0,658200
1693547100000,19415.0,19434.95,19415.0,19420.3,327650
1693550700000,19417.85,19498.2,19405.3,19486.4,1099900
1693554300000,19488.0,19520.0,19481.8,19519.95,784900
1693557900000,19520.0,19528.95,19498.0,19511.0,854900
1693561500000,19511.45,19522.9,19501.05,19520.1,480150
1693799100000,19562.65,19584.95,19527.0,19534.1,1010050
1693802700000,19533.15,19555.0,19508.0,19552.7,556200
1693806300000,19555.85,19570.5,19543.0,19569.0,462700
1693809900000,19569.75,19607.0,19569.6,19599.2,552700
1693813500000,19599.2,19606.4,19575.2,19589.75,343750
1693817100000,19590.0,19621.0,19577.45,19607.2,701600
1693820700000,19607.05,19615.0,19602.0,19614.35,375100
1693885500000,19625.3,19647.7,19590.0,19641.0,845650
1693889100000,19641.45,19650.0,19621.1,19648.0,402300
1693892700000,19648.0,19658.95,19630.0,19636.4,389800
1693896300000,19637.4,19642.1,19603.0,19624.0,566800
1693899900000,19624.0,19638.75,19596.4,19628.6,543850
1693903500000,19628.15,19664.0,19623.4,19650.7,609350
1693907100000,19652.5,19658.95,19650.3,19650.3,302700
1693971900000,19650.0,19658.65,19617.0,19632.0,769700
1693975500000,19630.8,19646.6,19622.55,19634.35,313350
1693979100000,19634.45,19636.9,19600.3,19623.65,601250
1693982700000,19622.0,19625.75,19561.5,19572.9,1178900
1693986300000,19572.7,19582.4,19556.1,19573.15,800650
1693989900000,19571.55,19673.0,19570.95,19660.0,1255450
1693993500000,19658.6,19671.8,19658.6,19665.0,499250
1694058300000,19625.65,19653.4,19601.5,19647.5,1204700
1694061900000,19649.7,19688.9,19640.0,19685.0,940250
1694065500000,19685.0,19687.55,19647.1,19667.5,600300
1694069100000,19667.4,19684.0,19652.6,19673.05,392800
1694072700000,19674.0,19724.85,19670.1,19722.0,900200
1694076300000,19722.95,19788.9,19715.3,19762.6,1697800
1694079900000,19765.15,19772.0,19761.5,19767.05,549800
1694144700000,19800.0,19852.0,19779.85,19832.4,1127000
1694148300000,19831.0,19835.25,19772.3,19802.45,724750
1694151900000,19800.5,19884.0,19796.8,19880.15,962900
1694155500000,19880.2,19894.35,19860.0,19863.0,472650
1694159100000,19865.55,19898.0,19851.0,19896.55,459450
1694162700000,19894.0,19916.0,19854.65,19869.05,957100
1694166300000,19868.0,19879.0,19868.0,19874.0,366900
1694403900000,19912.1,19993.65,19892.0,19979.0,1433650
1694407500000,19978.85,19998.7,19967.95,19983.0,514050
1694411100000,19984.0,20008.65,19984.0,19995.0,485050
1694414700000,19995.6,20025.0,19994.05,20015.6,572800
1694418300000,20015.6,20019.85,19988.0,20008.0,340800
1694421900000,20009.0,20043.4,20005.5,20027.25,644300
1694425500000,20027.55,20051.0,20027.4,20049.5,513650
1694490300000,20112.55,20133.0,19970.35,20023.0,2891450
1694493900000,20023.8,20066.0,19992.0,20055.55,663900
1694497500000,20055.55,20093.3,20042.95,20070.45,679650
1694501100000,20073.0,20073.0,20006.5,20042.8,784250
1694504700000,20042.4,20069.25,20030.0,20062.55,641600
1694508300000,20065.0,20077.3,20027.85,20037.7,843500
1694511900000,20037.7,20059.85,20035.15,20037.3,381850
1694576700000,20020.05,20064.0,20001.15,20031.05,1076450
1694580300000,20030.5,20070.0,20014.85,20066.0,531850
1694583900000,20067.7,20108.0,20055.0,20101.9,602550
1694587500000,20101.9,20150.0,20095.0,20146.0,626850
1694591100000,20145.05,20147.85,20109.05,20128.95,607800
1694594700000,20130.0,20147.95,20119.65,20123.1,573600
1694598300000,20123.1,20130.95,20113.0,20130.95,414950
1694663100000,20150.0,20204.95,20141.8,20155.0,1447900
1694666700000,20155.0,20168.35,20118.0,20133.5,1117200
1694670300000,20135.0,20146.8,20114.0,20140.5,582050
1694673900000,20144.0,20149.6,20095.0,20137.95,619450
1694677500000,20138.0,20156.9,20100.0,20123.3,611700
1694681100000,20123.85,20173.1,20119.9,20167.2,1289650
1694684700000,20167.85,20190.0,20166.4,20186.6,995350
1694749500000,20205.6,20232.1,20191.0,20216.0,1080000
1694753100000,20216.3,20255.0,20202.05,20248.0,487700
1694756700000,20248.0,20262.15,20236.0,20253.0,317500
1694760300000,20255.55,20257.0,20205.35,20232.15,552650
1694763900000,20234.0,20252.45,20221.1,20249.0,345000
1694767500000,20249.0,20270.0,20239.35,20245.6,693800
1694771100000,20245.3,20247.95,20234.4,20242.8,409300
1695008700000,20205.0,20229.0,20180.0,20217.55,850000
1695012300000,20217.25,20225.25,20197.0,20212.0,370400
1695015900000,20215.75,20234.5,20212.0,20214.0,336200
1695019500000,20214.15,20225.95,20205.55,20217.85,297700
1695023100000,20218.0,20225.25,20190.35,20199.55,368550
1695026700000,20199.15,20211.95,20168.0,20168.8,754100
1695030300000,20168.0,20182.0,20162.3,20170.0,388550
1695181500000,20050.0,20160.0,20011.0,20016.1,2453200
1695185100000,20016.7,20029.95,20003.0,20018.7,845200
1695188700000,20017.75,20027.9,19990.0,20023.5,704950
1695192300000,20022.4,20029.4,20006.15,20009.25,455450
1695195900000,20009.2,20010.3,19931.0,19963.35,1067800
1695199500000,19962.3,19982.9,19951.15,19966.2,783600
1695203100000,19967.9,19982.85,19966.2,19970.3,443000
1695267900000,19895.0,19895.0,19761.0,19775.05,3109250
1695271500000,19775.1,19810.0,19766.55,19808.2,993850
1695275100000,19809.0,19810.0,19763.3,19767.3,574800
1695278700000,19768.1,19788.05,19760.15,19784.7,830450
1695282300000,19783.0,19798.0,19767.45,19769.45,628400
1695285900000,19768.1,19793.5,19745.0,19784.2,1289450
1695289500000,19786.25,19787.75,19764.2,19766.05,913450
1695354300000,19750.85,19814.95,19690.55,19707.7,1693400
1695357900000,19708.0,19800.0,19697.0,19790.6,779500
1695361500000,19792.0,19823.5,19765.0,19807.7,504550
1695365100000,19805.0,19825.0,19776.1,19804.0,438250
1695368700000,19800.0,19810.0,19705.1,19737.95,748600
1695372300000,19737.6,19755.2,19694.95,19694.95,937200
1695375900000,19695.0,19717.95,19693.4,19710.7,580400
1695613500000,19722.25,19722.3,19645.0,19650.05,1263700
1695617100000,19646.9,19679.0,19639.0,19645.0,589100
1695620700000,19648.6,19692.0,19635.0,19686.0,1225650
1695624300000,19686.0,19763.0,19685.0,19741.7,1154700
1695627900000,19741.7,19754.9,19640.0,19640.65,865450
1695631500000,19640.0,19728.1,19626.25,19704.85,879900
1695635100000,19704.4,19706.1,19694.05,19700.0,245850
1695699900000,19679.0,19719.8,19659.0,19704.0,827500
1695703500000,19704.0,19713.9,19670.0,19694.3,405050
1695707100000,19694.3,19700.0,19666.75,19686.65,560500
1695710700000,19686.65,19689.45,19640.95,19676.15,657650
1695714300000,19677.7,19698.45,19661.85,19683.65,650750
1695717900000,19683.65,19688.8,19664.95,19678.5,550350
1695721500000,19678.5,19684.95,19665.0,19666.0,251850
1695786300000,19634.9,19642.35,19543.1,19545.05,1308400
1695789900000,19545.5,19633.9,19544.45,19630.4,720550
1695793500000,19632.0,19672.7,19616.35,19648.65,776800
1695797100000,19645.75,19689.75,19641.1,19683.3,510600
1695800700000,19684.75,19714.45,19671.1,19695.3,1042800
1695804300000,19695.9,19743.0,19675.0,19710.4,1168100
1695807900000,19707.45,19724.35,19705.5,19723.95,281700
1695872700000,19742.5,19747.05,19648.0,19716.7,1338200
1695876300000,19716.75,19730.5,19642.0,19642.0,712200
1695879900000,19643.55,19650.3,19602.6,19614.35,956650
1695883500000,19614.75,19626.35,19575.0,19583.15,994450
1695887100000,19585.4,19585.4,19533.0,19544.3,952850
1695890700000,19544.3,19575.35,19501.0,19512.35,1216450
1695894300000,19513.0,19531.65,19512.35,19525.0,403350
1695959100000,19675.0,19700.0,19638.0,19682.0,1669700
1695962700000,19682.0,19697.9,19655.0,19696.05,616500
1695966300000,19695.75,19771.0,19688.0,19743.15,1530600
1695969900000,19743.35,19763.0,19735.0,19747.95,610300
1695973500000,19747.05,19794.0,19736.35,19787.0,892000
1695977100000,19787.0,19790.0,19685.05,19692.65,1454950
1695980700000,19694.15,19723.4,19694.15,19714.0,475350
1696304700000,19650.0,19658.95,19539.3,19548.0,2079300
1696308300000,19549.05,19592.35,19547.0,19566.65,683300
1696311900000,19566.95,19599.0,19560.0,19575.15,421800
1696315500000,19575.05,19603.7,19570.6,19602.0,520850
1696319100000,19602.45,19614.9,19561.45,19566.2,684950
1696322700000,19567.2,19588.9,19557.0,19570.7,616950
1696326300000,19570.7,19578.85,19562.0,19562.0,407300
1696391100000,19474.1,19481.0,19410.1,19429.8,1713450
1696394700000,19428.3,19467.1,19422.9,19457.3,514400
1696398300000,19458.0,19461.5,19380.0,19396.55,899500
1696401900000,19396.55,19403.2,19362.8,19389.0,723150
1696405500000,19386.0,19429.9,19376.15,19429.0,847550
1696409100000,19428.3,19478.85,19416.45,19474.25,1139300
1696412700000,19476.2,19478.1,19467.1,19478.1,417400
1696477500000,19535.0,19581.9,19514.5,19558.2,1566500
1696481100000,19560.0,19616.45,19522.55,19611.0,1436300
1696484700000,19612.0,19615.4,19566.5,19570.75,707200
1696488300000,19571.25,19573.65,19536.0,19551.7,567900
1696491900000,19550.95,19586.1,19547.25,19574.3,405300
1696495500000,19574.35,19582.9,19553.3,19568.8,1295900
1696499100000,19569.15,19577.65,19565.0,19565.0,741400
1696563900000,19610.0,19655.0,19601.1,19634.95,1397000
1696567500000,19635.15,19691.95,19622.0,19681.45,1003700
1696571100000,19682.2,19682.2,19632.1,19645.5,568350
1696574700000,19647.25,19677.15,19636.0,19671.95,344800
1696578300000,19672.55,19690.0,19666.2,19685.9,396700
1696581900000,19685.55,19689.0,19661.5,19684.0,528100
1696585500000,19683.95,19690.0,19670.35,19686.7,786850
1696823100000,19590.1,19616.8,19505.9,19601.65,2597200
1696826700000,19600.0,19611.0,19572.65,19586.0,407350
1696830300000,19582.1,19599.0,19579.15,19585.0,189150
1696833900000,19583.0,19583.0,19520.65,19530.75,677650
1696837500000,19532.0,19557.0,19528.05,19540.95,361450
1696841100000,19541.0,19568.95,19526.45,19540.0,632900
1696844700000,19540.5,19543.0,19522.0,19525.05,426550
1696909500000,19599.9,19657.0,19585.1,19654.7,1289700
1696913100000,19655.25,19668.85,19645.5,19661.5,594000
1696916700000,19662.7,19677.05,19646.7,19675.0,475050
1696920300000,19675.0,19721.8,19666.95,19714.45,929450
1696923900000,19712.65,19744.0,19704.6,19733.9,613250
1696927500000,19733.75,19749.0,19724.95,19732.75,662950
1696931100000,19733.0,19745.85,19730.0,19745.3,420800
1696995900000,19780.0,19866.3,19780.0,19842.05,1831800
1696999500000,19842.0,19874.9,19837.8,19847.1,566650
1697003100000,19845.0,19865.0,19838.5,19851.0,298100
1697006700000,19850.1,19864.6,19820.05,19857.0,683100
1697010300000,19858.0,19858.85,19825.0,19839.45,333400
1697013900000,19840.55,19869.2,19837.85,19846.8,608050
1697017500000,19846.85,19852.0,19846.6,19849.35,410150
1697082300000,19862.3,19884.0,19802.5,19826.5,1165100
1697085900000,19827.05,19860.5,19809.3,19853.0,527000
1697089500000,19853.0,19868.45,19840.05,19861.7,354850
1697093100000,19860.2,19864.9,19838.6,19843.6,391000
1697096700000,19843.85,19860.45,19841.5,19851.5,476350
1697100300000,19851.45,19865.0,19832.0,19849.25,901650
1697103900000,19849.0,19849.95,19841.25,19845.0,372500
1697168700000,19698.35,19749.5,19690.0,19706.55,2143950
1697172300000,19706.55,19715.55,19685.05,19696.8,676050
1697175900000,19696.8,19719.0,19693.0,19704.4,301450
1697179500000,19702.85,19760.0,19702.75,19759.0,490050
1697183100000,19759.0,19786.5,19746.6,19786.5,634150
1697186700000,19787.7,19816.9,19743.05,19751.3,1027450
1697190300000,19749.05,19751.35,19728.0,19731.7,457600
1697427900000,19731.65,19749.8,19693.05,19744.9,980950
1697431500000,19742.2,19779.0,19739.85,19751.3,730850
1697435100000,19750.0,19794.0,19738.75,19778.05,480100
1697438700000,19779.0,19788.2,19755.3,19759.0,275600
1697442300000,19757.0,19778.75,19745.0,19764.5,427350
1697445900000,19762.25,19776.6,19735.2,19739.4,463400
1697449500000,19740.25,19742.55,19730.45,19732.85,396800
1697514300000,19834.0,19845.35,19800.5,19831.1,1033400
1697517900000,19832.0,19851.9,19817.05,19845.0,405250
1697521500000,19845.0,19847.6,19827.3,19839.0,208300
1697525100000,19840.0,19852.95,19830.0,19846.0,242150
1697528700000,19846.5,19849.5,19764.95,19772.6,695550
1697532300000,19774.0,19819.75,19769.05,19805.0,607750
1697535900000,19805.0,19817.75,19800.9,19806.35,292900
1697600700000,19825.0,19845.0,19777.25,19835.5,797600
1697604300000,19839.0,19841.6,19737.2,19743.25,1009550
1697607900000,19743.0,19767.4,19710.0,19722.0,837300
1697611500000,19721.0,19735.0,19691.3,19732.8,769700
1697615100000,19730.0,19742.25,19705.0,19737.1,405450
1697618700000,19737.2,19737.55,19673.5,19684.9,697400
1697622300000,19684.8,19688.0,19665.6,19666.05,490950
1697687100000,19575.0,19597.9,19527.0,19575.0,1898550
1697690700000,19576.4,19586.6,19545.85,19562.65,551600
1697694300000,19565.0,19657.55,19562.05,19653.25,1173450
1697697900000,19654.4,19655.6,19622.7,19631.6,456150
1697701500000,19632.0,19669.95,19606.0,19645.1,575150
1697705100000,19645.1,19645.1,19614.6,19617.0,751650
1697708700000,19616.45,19621.9,19608.0,19620.8,396700
1697773500000,19549.6,19576.4,19530.9,19562.0,1000750
1697777100000,19560.4,19570.0,19533.15,19559.95,383050
1697780700000,19558.05,19567.85,19512.1,19532.0,517450
1697784300000,19532.0,19549.0,19515.5,19525.0,329050
1697787900000,19524.5,19558.5,19518.5,19530.0,438700
1697791500000,19530.0,19543.4,19508.3,19533.5,650650
1697795100000,19533.95,19533.95,19518.0,19523.3,474800
1698032700000,19520.0,19543.05,19468.0,19470.0,930250
1698036300000,19468.4,19475.75,19438.0,19456.0,617800
1698039900000,19456.0,19459.9,19415.1,19444.3,740350
1698043500000,19442.0,19448.5,19415.1,19418.0,505900
1698047100000,19417.0,19431.1,19386.95,19417.3,743550
1698050700000,19415.8,19416.7,19241.15,19256.5,1559750
1698054300000,19258.15,19278.0,19252.15,19262.9,707300
1698205500000,19306.0,19350.0,19272.5,19307.0,1684450
1698209100000,19307.3,19313.0,19255.55,19266.5,1410550
1698212700000,19266.3,19275.6,19203.0,19225.7,1233550
1698216300000,19227.0,19233.9,19068.7,19072.1,1609700
1698219900000,19073.0,19175.0,19068.95,19174.1,1432300
1698223500000,19173.75,19173.75,19101.0,19130.5,1066350
1698227100000,19131.6,19133.75,19105.45,19129.8,367600
1698291900000,19040.0,19064.4,18880.0,18886.75,2221750
1698295500000,18889.3,18894.65,18842.6,18850.0,1026700
1698299100000,18850.0,18891.85,18842.7,18853.6,811950
1698302700000,18853.6,18903.1,18853.6,18889.4,732600
1698306300000,18889.75,18898.9,18840.55,18863.6,655050
1698309900000,18863.6,18895.0,18842.1,18857.7,903750
1698313500000,18858.0,18861.5,18855.15,18859.0,354300
1698378300000,18999.6,19109.95,18990.75,19075.35,2229800
1698381900000,19073.8,19109.45,19056.4,19099.0,735500
1698385500000,19097.8,19140.0,19091.45,19134.9,882550
1698389100000,19131.2,19135.55,19095.1,19113.6,455800
1698392700000,19113.65,19154.2,19111.25,19141.4,599200
1698396300000,19142.1,19160.0,19120.1,19126.05,801600
1698399900000,19126.0,19147.0,19122.0,19146.0,370300
1698637500000,19069.5,19130.0,19014.6,19087.55,1811450
1698641100000,19089.5,19192.85,19077.55,19152.9,1271700
1698644700000,19153.25,19214.7,19146.3,19186.55,860900
1698648300000,19187.0,19208.75,19158.8,19204.05,479950
1698651900000,19204.0,19229.0,19182.0,19200.65,698600
1698655500000,19200.85,19229.0,19178.4,19221.35,650650
1698659100000,19220.65,19234.0,19208.6,19234.0,309100
1698723900000,19275.0,19279.0,19148.05,19155.35,1993950
1698727500000,19156.65,19172.2,19125.0,19156.0,904100
1698731100000,19157.0,19177.75,19120.0,19133.25,551050
1698734700000,19134.0,19174.95,19127.3,19160.95,375800
1698738300000,19161.35,19190.7,19135.4,19174.2,535650
1698741900000,19174.25,19227.5,19130.0,19164.2,1416100
1698745500000,19166.5,19175.05,19153.05,19165.0,473200
1698810300000,19144.05,19174.4,19090.9,19117.6,1582350
1698813900000,19118.0,19137.0,19102.35,19118.55,469600
1698817500000,19120.25,19133.55,19106.2,19130.9,280550
1698821100000,19130.9,19149.5,19063.0,19070.0,685800
1698824700000,19069.95,19107.0,19051.0,19082.0,815400
1698828300000,19081.1,19095.7,19057.9,19061.7,689550
1698831900000,19060.15,19062.45,19050.4,19055.0,500400
1698896700000,19200.2,19451.05,19184.5,19195.9,2392500
1698900300000,19198.45,19204.9,19170.95,19196.15,787650
1698903900000,19195.8,19197.5,19140.2,19160.7,1038950
1698907500000,19158.85,19194.0,19157.5,19194.0,639300
1698911100000,19194.0,19231.0,19174.2,19216.4,876100
1698914700000,19216.35,19240.0,19203.65,19228.45,1150550
1698918300000,19228.25,19256.7,19226.05,19248.2,690350
1698983100000,19340.0,19413.4,19322.1,19341.1,1953400
1698986700000,19341.3,19347.3,19320.0,19336.0,597800
1698990300000,19336.0,19341.0,19310.25,19323.95,394150
1698993900000,19322.55,19339.15,19316.2,19323.85,308550
1698997500000,19323.85,19340.45,19321.0,19327.45,344650
1699001100000,19328.0,19345.0,19280.0,19300.1,861950
1699004700000,19302.55,19309.2,19296.4,19300.0,526300
1699242300000,19429.0,19445.0,19402.25,19439.95,1713000
1699245900000,19440.0,19463.4,19385.0,19413.85,911300
1699249500000,19415.0,19443.1,19408.65,19435.3,330200
1699253100000,19438.65,19446.1,19428.5,19444.4,311800
1699256700000,19442.5,19462.0,19438.0,19462.0,372350
1699260300000,19462.0,19492.5,19461.05,19488.3,1059400
1699263900000,19488.2,19488.35,19482.7,19484.0,483600
1699328700000,19461.1,19475.0,19438.15,19460.0,984300
1699332300000,19458.0,19493.9,19456.0,19480.15,481750
1699335900000,19480.35,19487.25,19415.0,19434.25,762950
1699339500000,19434.25,19452.9,19430.0,19438.65,405850
1699343100000,19437.15,19489.9,19425.0,19481.0,624500
1699346700000,19480.9,19488.05,19462.5,19466.2,554700
1699350300000,19466.9,19483.7,19465.75,19482.0,455600
1699415100000,19512.6,19524.35,19485.0,19501.0,1008200
1699418700000,19501.0,19517.8,19474.45,19481.9,396050
1699422300000,19481.5,19510.0,19475.0,19503.4,363750
1699425900000,19503.55,19506.3,19481.45,19502.8,329600
1699429500000,19504.0,19522.3,19496.95,19497.3,463200
1699433100000,19497.1,19501.95,19467.0,19495.95,631050
1699436700000,19495.9,19496.55,19481.7,19487.0,350350
1699501500000,19503.6,19526.4,19479.15,19515.0,861950
1699505100000,19515.0,19519.7,19484.2,19501.0,506000
1699508700000,19499.15,19523.3,19493.2,19519.35,520500
1699512300000,19518.8,19524.0,19500.85,19505.45,531600
1699515900000,19505.45,19512.4,19489.5,19508.7,458000
1699519500000,19506.85,19509.0,19471.1,19487.0,960350
1699523100000,19488.0,19491.0,19473.95,19479.95,367550
1699587900000,19424.0,19424.0,19375.0,19405.3,1638750
1699591500000,19405.3,19444.8,19400.65,19425.85,566400
1699595100000,19425.85,19445.55,19420.0,19440.2,323200
1699598700000,19442.65,19478.5,19435.0,19462.15,569950
1699602300000,19462.85,19478.4,19444.0,19446.95,370000
1699605900000,19447.0,19474.0,19407.0,19465.65,822050
1699609500000,19465.05,19506.0,19465.05,19500.3,643700
1699793100000,19650.0,19650.0,19503.3,19536.5,1684050
1699847100000,19521.15,19535.1,19490.0,19527.3,953900
1699850700000,19526.6,19530.7,19469.65,19484.15,629150
1699854300000,19485.0,19505.35,19482.0,19493.8,303650
1699857900000,19494.05,19503.4,19485.45,19497.9,171400
1699861500000,19497.0,19518.0,19488.65,19513.0,235650
1699865100000,19512.5,19515.75,19492.05,19498.95,249750
1699868700000,19499.4,19503.05,19487.85,19488.0,285550
1700019900000,19700.2,19714.8,19637.0,19697.45,2961850
1700023500000,19697.15,19706.85,19688.7,19701.95,297150
1700027100000,19701.0,19704.9,19691.0,19704.3,151500
1700030700000,19704.5,19731.9,19700.0,19729.0,411300
1700034300000,19729.95,19754.0,19727.0,19742.5,736000
1700037900000,19742.75,19763.65,19715.15,19720.75,985800
1700041500000,19720.75,19728.9,19719.95,19723.1,563800
1700106300000,19738.0,19778.0,19695.85,19773.0,1304050
1700109900000,19773.5,19851.0,19763.95,19850.0,1012250
1700113500000,19852.0,19864.0,19835.75,19856.7,696650
1700117100000,19857.0,19872.6,19849.4,19859.85,457950
1700120700000,19860.0,19877.35,19847.75,19874.85,426400
1700124300000,19873.35,19934.0,19790.15,19801.15,2022400
1700127900000,19804.45,19843.9,19794.2,19831.0,730900
1700192700000,19871.1,19871.1,19750.55,19826.0,1432500
1700196300000,19825.05,19855.0,19800.05,19816.0,497200
1700199900000,19817.05,19837.0,19806.35,19819.7,325300
1700203500000,19820.0,19839.9,19803.15,19826.0,311750
1700207100000,19823.45,19839.95,19793.95,19821.95,417150
1700210700000,19823.7,19831.1,19796.2,19806.8,476550
1700214300000,19808.1,19818.25,19792.15,19798.0,472650
1700451900000,19798.9,19848.0,19755.0,19765.35,930500
1700455500000,19765.75,19813.0,19727.0,19729.05,676250
1700459100000,19728.1,19754.0,19718.0,19752.45,642750
1700462700000,19752.5,19777.25,19736.95,19768.25,327150
1700466300000,19769.6,19779.85,19734.6,19746.75,340000
1700469900000,19747.8,19777.65,19742.5,19750.0,442300
1700473500000,19750.0,19756.55,19747.7,19751.5,257750
1700538300000,19809.95,19844.4,19801.0,19827.0,902150
1700541900000,19826.95,19848.9,19825.9,19835.0,464950
1700545500000,19836.45,19864.35,19832.4,19861.25,391650
1700549100000,19863.4,19898.0,19825.1,19831.35,970950
1700552700000,19832.7,19877.15,19827.1,19850.05,298700
1700556300000,19850.0,19862.3,19836.3,19841.05,342750
1700559900000,19840.1,19848.0,19833.3,19842.0,360850
1700624700000,19839.95,19881.0,19826.8,19871.55,562600
1700628300000,19869.2,19878.2,19852.6,19862.2,316350
1700631900000,19862.1,19870.0,19815.6,19822.55,560000
1700635500000,19822.0,19830.85,19755.6,19806.0,830450
1700639100000,19805.45,19818.75,19790.05,19794.0,266450
1700642700000,19794.6,19894.4,19792.0,19882.0,1171000
1700646300000,19881.1,19892.0,19875.1,19890.0,385250
1700711100000,19903.05,19922.0,19869.7,19881.05,937250
1700714700000,19880.3,19885.0,19838.05,19856.1,756000
1700718300000,19855.1,19866.85,19841.6,19853.0,219750
1700721900000,19852.05,19882.7,19852.05,19863.0,458050
1700725500000,19863.0,19880.0,19856.95,19864.9,289600
1700729100000,19863.95,19870.3,19851.5,19863.0,769950
1700732700000,19864.45,19881.95,19863.0,19875.5,421250
1700797500000,19869.95,19885.5,19800.0,19822.7,1199900
1700801100000,19823.7,19868.0,19821.05,19848.45,388300
1700804700000,19848.0,19861.2,19840.0,19852.1,218800
1700808300000,19852.05,19854.0,19809.75,19814.3,405050
1700811900000,19813.35,19844.95,19811.45,19834.5,389550
1700815500000,19834.75,19840.0,19813.1,19821.95,318700
1700819100000,19822.55,19834.35,19822.55,19827.7,261700
1701143100000,19889.95,19890.1,19840.0,19844.4,943350
1701146700000,19844.4,19859.0,19827.9,19851.35,1102550
1701150300000,19852.6,19870.0,19838.0,19865.1,426000
1701153900000,19867.0,19869.45,19852.1,19857.7,381050
1701157500000,19856.05,19870.7,19852.0,19863.0,374250
1701161100000,19862.95,19949.0,19862.95,19937.95,1593400
1701164700000,19937.05,19955.0,19929.85,19953.0,478050
1701229500000,20000.7,20048.0,19980.2,20043.4,1426150
1701233100000,20044.9,20046.0,20015.3,20030.85,552450
1701236700000,20031.0,20069.8,20029.5,20068.7,765900
1701240300000,20069.1,20074.8,20050.45,20071.0,684900
1701243900000,20072.25,20105.9,20061.6,20092.55,963900
1701247500000,20092.6,20135.9,20090.05,20130.0,1073600
1701251100000,20131.15,20144.0,20126.45,20140.3,446450
1701315900000,20146.65,20146.65,20006.85,20037.2,1713150
1701319500000,20034.4,20112.0,20034.4,20060.7,731600
1701323100000,20058.85,20084.85,20054.1,20057.8,710900
1701326700000,20055.1,20080.0,20049.0,20076.0,609450
1701330300000,20076.0,20137.15,20062.7,20067.3,1143450
1701333900000,20066.55,20152.5,20060.1,20137.0,1601900
1701337500000,20133.7,20139.2,20127.35,20134.0,280450
1701402300000,20292.9,20402.9,20292.9,20381.45,1929400
1701405900000,20381.5,20387.95,20360.0,20376.55,790650
1701409500000,20376.2,20394.6,20372.85,20374.3,546150
1701413100000,20373.9,20399.0,20371.0,20387.0,346300
1701416700000,20387.0,20410.0,20376.05,20387.2,441750
1701420300000,20387.35,20397.0,20365.95,20375.0,756700
1701423900000,20375.0,20381.8,20360.0,20360.0,503250
1701661500000,20640.0,20690.0,20615.5,20656.15,2799850
1701665100000,20655.8,20697.9,20642.25,20697.9,658900
1701668700000,20697.05,20714.9,20690.2,20708.4,626800
1701672300000,20707.55,20718.65,20695.0,20714.1,427350
1701675900000,20714.0,20783.65,20713.6,20779.8,1025100
1701679500000,20780.9,20828.3,20776.35,20790.7,1275600
1701683100000,20790.7,20807.1,20785.0,20804.0,502300
1701747900000,20855.05,20902.5,20802.0,20899.0,1882000
1701751500000,20900.0,20939.9,20894.3,20913.0,968350
1701755100000,20914.55,20918.0,20815.55,20874.75,1499700
1701758700000,20874.0,20904.8,20865.6,20896.45,569950
1701762300000,20896.0,20930.0,20878.1,20903.25,510750
1701765900000,20903.25,20949.0,20883.05,20936.0,769100
1701769500000,20937.0,20954.95,20936.55,20953.0,391000
1701834300000,21038.8,21080.0,20976.65,20986.8,2175800
1701837900000,20987.95,21044.1,20980.65,21028.0,793100
1701841500000,21028.4,21035.85,21008.15,21027.7,411100
1701845100000,21027.7,21032.3,20953.55,20968.55,804450
1701848700000,20965.35,21026.0,20941.25,21019.15,715650
1701852300000,21021.55,21054.0,21015.65,21042.5,884950
1701855900000,21042.7,21050.3,21025.0,21042.0,382950
1701920700000,21019.9,21048.0,20956.25,20969.2,1424500
1701924300000,20970.0,21046.2,20960.0,21035.65,806550
1701927900000,21036.0,21039.95,21010.8,21024.3,404850
1701931500000,21024.05,21032.5,21001.05,21026.0,322850
1701935100000,21025.65,21036.5,21014.05,21019.0,308800
1701938700000,21019.3,21039.95,21011.2,21030.0,1256900
1701942300000,21030.0,21040.4,21029.25,21033.85,557900
1702007100000,21085.0,21107.45,21035.35,21088.9,1194900
1702010700000,21088.0,21106.55,21001.1,21035.6,1246750
1702014300000,21033.85,21075.0,21032.25,21061.15,473850
1702017900000,21058.65,21062.7,20977.0,21007.95,992900
1702021500000,21011.5,21019.95,20949.0,21004.55,909950
1702025100000,21005.0,21090.0,20986.1,21085.0,1309950
1702028700000,21086.45,21095.0,21070.05,21093.85,455350
1702266300000,21086.55,21110.65,21046.6,21098.95,1253900
1702269900000,21099.55,21119.4,21032.0,21098.05,1102000
1702273500000,21098.9,21103.0,21050.2,21071.1,398950
1702277100000,21070.8,21073.75,21041.5,21073.5,267600
1702280700000,21073.4,21089.0,21060.2,21085.45,300500
1702284300000,21085.95,21106.15,21076.45,21087.2,397100
1702287900000,21088.25,21088.4,21063.75,21077.3,216200
1702352700000,21112.2,21129.95,21093.0,21099.95,818700
1702356300000,21098.0,21114.0,21065.2,21110.0,538000
1702359900000,21108.0,21109.1,21080.0,21103.0,240800
1702363500000,21103.0,21108.85,21043.0,21062.0,564100
1702367100000,21063.1,21085.0,21050.2,21050.45,464500
1702370700000,21051.85,21064.4,20991.0,21016.35,1293850
1702374300000,21019.7,21033.5,21008.0,21008.1,539050
1702439100000,21039.95,21044.95,20942.8,20976.5,1430250
1702442700000,20975.9,20985.0,20931.2,20967.0,730450
1702446300000,20966.55,20966.55,20902.1,20916.0,766750
1702449900000,20916.5,20974.25,20900.1,20955.1,676950
1702453500000,20953.1,21020.0,20953.1,21004.0,1025300
1702457100000,21005.05,21040.0,20958.0,21034.65,1175050
1702460700000,21034.55,21048.95,21027.7,21035.45,674500
1702525500000,21212.6,21282.1,21177.25,21260.0,2667100
1702529100000,21260.0,21265.0,21228.55,21251.35,619050
1702532700000,21253.75,21268.0,21242.3,21252.0,328400
1702536300000,21252.35,21290.0,21244.45,21284.2,358900
1702539900000,21284.3,21324.4,21281.0,21316.25,1539950
1702543500000,21316.15,21332.15,21300.1,21310.5,1768950
1702547100000,21310.3,21355.0,21310.3,21353.0,877100
1702611900000,21400.0,21427.0,21354.05,21424.6,1884050
1702615500000,21422.9,21442.55,21356.05,21390.0,1179850
1702619100000,21389.05,21423.95,21389.0,21403.55,388100
1702622700000,21401.7,21433.95,21393.0,21422.1,351150
1702626300000,21424.95,21464.8,21421.95,21439.6,774000
1702629900000,21437.7,21565.0,21430.0,21564.0,1695150
1702633500000,21564.3,21589.9,21545.35,21558.2,1210450
1702871100000,21509.0,21544.0,21461.4,21518.6,1857000
1702874700000,21518.8,21539.6,21494.85,21529.1,842150
1702878300000,21529.85,21547.1,21498.5,21513.05,588750
1702881900000,21509.65,21520.25,21470.0,21476.55,467200
1702885500000,21478.85,21509.95,21474.95,21500.8,297450
1702889100000,21500.0,21524.95,21477.15,21486.6,465300
1702892700000,21487.5,21489.95,21458.3,21462.05,383250
1702957500000,21481.1,21515.35,21415.0,21422.0,1772450
1702961100000,21423.0,21491.75,21422.0,21482.0,660550
1702964700000,21482.0,21544.7,21466.0,21525.05,831650
1702968300000,21525.55,21569.8,21525.0,21547.05,738100
1702971900000,21547.05,21585.0,21533.6,21579.25,585600
1702975500000,21579.8,21594.7,21513.6,21529.95,1291300
1702979100000,21530.0,21536.75,21512.0,21529.2,381000
1703043900000,21595.1,21668.95,21595.1,21640.0,1340500
1703047500000,21641.95,21680.0,21641.95,21664.1,499750
1703051100000,21664.85,21670.35,21584.25,21611.55,893650
1703054700000,21611.6,21627.55,21552.0,21558.9,703600
1703058300000,21560.0,21562.95,21342.45,21376.9,3291000
1703061900000,21376.9,21413.45,21215.0,21218.6,2870950
1703065500000,21219.6,21220.75,21164.15,21169.5,1271350
1703130300000,21100.0,21220.0,21060.0,21203.85,3146150
1703133900000,21201.3,21258.55,21141.0,21234.0,1319550
1703137500000,21233.0,21275.0,21195.7,21260.75,783500
1703141100000,21260.05,21340.0,21252.0,21329.45,1380950
1703144700000,21326.9,21348.0,21252.2,21281.65,1162700
1703148300000,21280.1,21375.0,21275.15,21351.95,1512900
1703151900000,21352.05,21379.7,21344.55,21377.5,496700
1703216700000,21401.55,21414.0,21291.0,21413.4,1852550
1703220300000,21412.35,21474.0,21387.8,21447.55,1266250
1703223900000,21449.5,21459.3,21424.9,21427.3,776000
1703227500000,21427.4,21435.0,21344.75,21393.55,1171800
1703231100000,21394.0,21415.0,21285.0,21368.0,1434800
1703234700000,21368.4,21452.15,21357.35,21412.05,1334650
1703238300000,21412.45,21423.2,21376.0,21392.75,492650
1703562300000,21409.0,21468.9,21362.6,21453.1,1197550
1703565900000,21452.6,21531.9,21450.1,21508.95,2169050
1703569500000,21506.25,21515.0,21472.7,21498.25,606350
1703573100000,21501.6,21523.0,21440.0,21474.3,803400
1703576700000,21479.0,21499.85,21454.0,21463.8,499850
1703580300000,21461.75,21514.35,21439.9,21464.9,926250
1703583900000,21464.05,21499.9,21464.05,21499.15,358600
1703648700000,21510.0,21584.0,21507.65,21571.0,1263850
1703652300000,21571.0,21604.8,21566.0,21592.35,599650
1703655900000,21592.3,21619.95,21578.0,21601.0,596400
1703659500000,21601.0,21602.1,21530.1,21554.1,1520800
1703663100000,21554.0,21589.4,21526.0,21578.0,919200
1703666700000,21578.0,21708.35,21566.65,21688.45,1635950
1703670300000,21690.0,21691.55,21670.05,21687.3,537350
1703735100000,21722.1,21774.0,21687.7,21712.2,1382950
1703738700000,21711.25,21767.8,21696.0,21743.15,660800
1703742300000,21743.1,21765.05,21732.1,21747.65,843650
1703745900000,21750.0,21791.0,21746.45,21775.0,1078650
1703749500000,21775.0,21780.0,21745.1,21760.8,1143850
1703753100000,21759.85,21780.0,21734.45,21775.0,1258950
1703756700000,21776.45,21782.65,21770.45,21780.75,401850
1703821500000,21924.95,21939.9,21832.1,21834.8,2112250
1703825100000,21834.3,21908.95,21830.0,21888.8,959750
1703828700000,21888.8,21925.25,21886.65,21912.0,586150
1703832300000,21915.0,21934.75,21876.0,21907.3,521950
1703835900000,21908.0,21915.0,21856.1,21856.1,526400
1703839500000,21856.1,21930.0,21833.4,21880.35,1222350
1703843100000,21881.6,21893.0,21861.0,21861.3,424350
1704080700000,21849.8,21874.55,21811.2,21848.45,1012250
1704084300000,21845.3,21884.9,21826.1,21877.7,431750
1704087900000,21878.6,21897.0,21855.3,21891.6,343800
1704091500000,21891.6,21895.0,21855.0,21886.0,225800
1704095100000,21886.0,21965.0,21881.8,21963.3,728200
1704098700000,21962.2,22025.0,21876.65,21883.65,1750750
1704102300000,21886.2,21900.0,21827.95,21830.0,972900
1704167100000,21820.0,21869.95,21745.0,21777.55,2302300
1704170700000,21780.0,21786.65,21674.0,21705.05,1787800
1704174300000,21705.0,21728.0,21688.15,21719.3,798900
1704177900000,21723.0,21763.75,21708.0,21718.15,834650
1704181500000,21719.3,21804.35,21716.05,21794.25,656550
1704185100000,21793.7,21824.0,21725.8,21750.4,1592250
1704188700000,21750.2,21765.0,21743.0,21754.0,419900
1704253500000,21729.9,21729.9,21650.0,21676.5,1798300
1704257100000,21676.85,21688.9,21634.2,21661.75,1024350
1704260700000,21661.75,21704.1,21645.0,21668.55,633450
1704264300000,21668.55,21677.5,21610.0,21667.65,920900
1704267900000,21669.8,21680.0,21646.35,21658.7,527550
1704271500000,21656.85,21660.0,21586.75,21591.0,1318450
1704275100000,21592.0,21602.85,21579.0,21597.7,556300
1704339900000,21640.0,21730.0,21616.1,21728.35,1992350
1704343500000,21728.95,21757.8,21728.8,21753.0,1102850
1704347100000,21755.45,21766.5,21740.0,21755.25,466500
1704350700000,21755.8,21779.0,21752.55,21772.0,480400
1704354300000,21777.55,21785.5,21756.2,21762.0,709300
1704357900000,21761.9,21779.1,21742.0,21773.0,623500
1704361500000,21773.0,21810.0,21770.75,21807.05,712950
1704426300000,21779.8,21831.0,21773.8,21801.0,1153550
1704429900000,21803.35,21815.8,21730.5,21761.3,1083350
1704433500000,21764.6,21779.2,21725.0,21768.1,578950
1704437100000,21767.6,21793.0,21755.05,21772.1,426800
1704440700000,21772.7,21778.0,21700.6,21708.4,814750
1704444300000,21709.0,21816.55,21677.0,21802.65,2169350
1704447900000,21800.85,21800.85,21768.0,21788.0,524600
1704685500000,21789.5,21810.9,21700.1,21751.15,1564500
1704689100000,21750.0,21790.0,21651.0,21672.6,1408900
1704692700000,21670.0,21705.0,21608.35,21643.45,1267700
1704696300000,21642.05,21680.0,21628.0,21644.5,567950
1704699900000,21644.5,21678.55,21619.1,21665.45,476550
1704703500000,21665.7,21673.9,21567.35,21576.35,1349300
1704707100000,21576.45,21587.0,21562.75,21568.0,616550
1704771900000,21680.2,21740.0,21665.15,21721.45,2169450
1704775500000,21724.5,21790.0,21716.7,21769.5,1432200
1704779100000,21769.55,21798.0,21753.0,21773.0,575850
1704782700000,21771.1,21807.8,21769.85,21786.8,461450
1704786300000,21785.0,21790.0,21715.0,21726.0,588900
1704789900000,21723.9,21731.55,21600.0,21612.0,2020900
1704793500000,21612.0,21631.5,21592.4,21628.8,657400
1704858300000,21579.8,21622.25,21501.0,21593.4,2000050
1704861900000,21590.85,21632.4,21561.95,21590.6,687400
1704865500000,21590.6,21619.45,21559.75,21576.45,441000
1704869100000,21575.75,21590.85,21528.05,21573.9,671600
1704872700000,21572.7,21609.5,21535.0,21601.4,660700
1704876300000,21602.0,21737.0,21576.0,21693.65,1934000
1704879900000,21693.5,21724.2,21690.1,21722.95,594700
1704944700000,21758.1,21773.8,21700.0,21713.95,1468200
1704948300000,21713.45,21725.0,21666.0,21685.25,924050
1704951900000,21685.2,21703.7,21673.0,21689.0,459900
1704955500000,21690.0,21723.6,21681.65,21710.65,517550
1704959100000,21712.7,21715.05,21635.0,21647.5,754200
1704962700000,21646.5,21697.45,21627.0,21676.35,1157850
1704966300000,21676.9,21690.05,21675.0,21690.0,371400
1705031100000,21745.0,21860.4,21731.0,21848.55,2142100
1705034700000,21848.05,21897.0,21839.55,21863.0,1164050
1705038300000,21863.4,21893.8,21852.0,21866.85,477200
1705041900000,21868.95,21917.5,21860.95,21900.95,583150
1705045500000,21901.9,21957.0,21891.1,21935.0,886950
1705049100000,21933.9,21995.0,21904.8,21930.65,1553350
1705052700000,21932.0,21975.75,21928.95,21973.4,737800
1705290300000,22050.2,22104.65,21995.0,22034.35,2129700
1705293900000,22035.8,22071.35,22025.1,22062.0,380750
1705297500000,22063.0,22091.0,22044.2,22078.9,366800
1705301100000,22076.4,22096.0,22070.0,22090.45,237950
1705304700000,22090.85,22128.7,22058.05,22111.4,571800
1705308300000,22112.0,22144.8,22081.5,22126.5,954650
1705311900000,22126.7,22149.9,22123.3,22141.0,530850
1705376700000,22089.9,22122.1,22039.1,22108.15,1123250
1705380300000,22106.25,22138.0,22086.15,22126.7,516250
1705383900000,22126.65,22133.8,22066.0,22078.9,421350
1705387500000,22078.15,22094.1,22021.05,22027.25,802300
1705391100000,22030.45,22061.5,21964.7,22045.2,1225850
1705394700000,22045.55,22064.4,22002.35,22032.65,681050
1705398300000,22032.65,22032.65,22010.0,22023.15,390400
1705463100000,21743.7,21854.75,21711.1,21806.95,4060000
1705466700000,21805.5,21807.1,21745.15,21762.05,1047550
1705470300000,21758.5,21768.05,21640.05,21685.8,1624650
1705473900000,21691.9,21719.9,21652.75,21654.05,1015800
1705477500000,21654.05,21710.0,21627.05,21684.45,998200
1705481100000,21684.45,21688.75,21563.3,21606.0,2095250
1705484700000,21606.6,21610.25,21574.7,21587.0,640850
1705549500000,21461.95,21485.3,21316.8,21418.1,4180300
1705553100000,21416.55,21505.85,21388.0,21500.0,1548300
1705556700000,21499.4,21555.5,21460.5,21551.9,1011350
1705560300000,21553.1,21574.0,21461.75,21479.85,1460050
1705563900000,21479.4,21506.8,21455.05,21487.7,614400
1705567500000,21487.1,21536.9,21446.6,21524.15,1615350
1705571100000,21524.15,21549.9,21519.55,21549.9,961050
1705635900000,21627.0,21687.0,21595.5,21657.5,1998300
1705639500000,21658.9,21708.0,21580.9,21591.2,1282650
1705643100000,21591.2,21648.0,21579.3,21609.75,517650
1705646700000,21609.75,21670.0,21587.55,21669.95,505100
1705650300000,21668.0,21685.0,21622.5,21628.0,736900
1705653900000,21628.0,21698.0,21626.35,21666.9,925450
1705657500000,21666.15,21682.8,21665.8,21675.0,325450
1705722300000,21741.0,21759.6,21651.55,21696.45,1263800
1705725900000,21693.8,21714.7,21682.25,21700.6,278500
1705729500000,21701.0,21703.0,21676.15,21679.1,145750
1705733100000,21680.0,21686.7,21625.0,21672.4,542600
1705736700000,21672.4,21680.0,21640.0,21651.3,277250
1705740300000,21651.3,21671.95,21566.0,21614.3,851800
1705743900000,21617.0,21630.45,21598.05,21620.3,284250
1705981500000,21760.2,21783.0,21670.65,21701.0,2643800
1705985100000,21700.05,21714.6,21525.65,21566.45,1490350
1705988700000,21567.0,21572.0,21369.8,21394.4,2704250
1705992300000,21393.0,21437.95,21332.0,21357.3,1202800
1705995900000,21356.3,21370.0,21294.6,21307.05,894400
1705999500000,21306.35,21310.0,21153.2,21197.0,3082350
1706003100000,21195.9,21224.05,21189.55,21201.75,613850
1706067900000,21160.0,21438.2,21141.0,21349.8,2662300
1706071500000,21349.8,21444.0,21349.35,21398.0,1269400
1706075100000,21398.0,21419.95,21241.0,21272.95,1621100
1706078700000,21272.0,21367.2,21220.0,21323.35,1311800
1706082300000,21323.35,21388.45,21302.55,21372.2,1104150
1706085900000,21369.75,21500.0,21350.7,21475.6,2145600
1706089500000,21476.0,21505.0,21472.0,21495.05,555900
1706154300000,21455.0,21474.15,21352.0,21363.5,1242250
1706157900000,21362.9,21363.35,21243.0,21269.05,1350700
1706161500000,21268.9,21388.15,21260.0,21300.9,1415900
1706165100000,21301.9,21315.0,21260.0,21290.0,971500
1706168700000,21289.4,21304.0,21256.4,21274.5,845400
1706172300000,21273.0,21338.95,21255.1,21330.6,1115150
1706175900000,21330.4,21354.0,21329.25,21351.0,316800
1706499900000,21591.0,21760.0,21575.0,21738.25,3010250
1706503500000,21736.25,21775.0,21725.0,21764.8,1271050
1706507100000,21763.05,21797.55,21711.6,21786.95,1185300
1706510700000,21787.65,21845.1,21773.65,21829.5,832000
1706514300000,21831.1,21865.0,21797.95,21835.35,946300
1706517900000,21840.75,21870.0,21805.65,21844.0,1124000
1706521500000,21844.0,21885.0,21840.0,21878.35,690200
1706586300000,21900.2,21938.8,21815.0,21879.0,1925600
1706589900000,21877.15,21885.0,21770.0,21796.05,1096650
1706593500000,21796.15,21849.85,21780.0,21812.5,600700
1706597100000,21812.2,21825.0,21775.0,21788.0,546100
1706600700000,21787.1,21813.0,21745.9,21784.4,868900
1706604300000,21784.4,21786.35,21607.0,21638.1,2549800
1706607900000,21642.0,21650.05,21622.2,21624.0,587100
1706672700000,21614.95,21729.8,21570.0,21719.0,1931450
1706676300000,21718.0,21797.0,21711.0,21776.75,1149900
1706679900000,21778.85,21834.7,21761.0,21813.2,980500
1706683500000,21815.0,21822.1,21740.0,21797.0,845600
1706687100000,21796.85,21824.95,21757.0,21787.6,624200
1706690700000,21787.6,21840.0,21762.0,21806.45,1246500
1706694300000,21806.0,21815.0,21786.0,21787.0,552750
1706759100000,21800.15,21890.0,21771.9,21879.1,1776350
1706762700000,21877.05,21920.0,21843.2,21874.65,1077550
1706766300000,21877.5,21880.0,21752.1,21827.2,2152300
1706769900000,21826.95,21854.75,21786.9,21814.5,892550
1706773500000,21813.7,21825.0,21748.0,21795.9,1180400
1706777100000,21795.95,21802.0,21733.35,21735.4,1141050
1706780700000,21736.2,21757.25,21725.0,21742.1,827800
1706845500000,21880.2,22065.0,21877.05,22050.05,3425600
1706849100000,22051.7,22107.6,22023.5,22099.3,1056250
1706852700000,22099.25,22198.85,22099.25,22150.0,1912600
1706856300000,22149.95,22159.45,21952.45,21962.9,2458300
1706859900000,21963.4,22018.0,21921.0,22012.0,1201350
1706863500000,22012.0,22030.5,21928.0,21948.85,1237900
1706867100000,21949.2,21959.0,21940.0,21959.0,548350
1707104700000,21925.0,22036.3,21901.1,21988.0,2000550
1707108300000,21990.1,22000.65,21896.8,21984.1,898200
1707111900000,21980.4,22013.8,21959.8,21989.5,388350
1707115500000,21989.7,22032.65,21965.0,22012.8,440200
1707119100000,22013.65,22026.15,21940.0,21982.0,521000
1707122700000,21983.0,21993.85,21765.0,21796.05,3054250
1707126300000,21796.0,21808.25,21785.35,21789.0,611900
1707191100000,21836.6,21923.0,21790.05,21905.0,1783750
1707194700000,21905.5,21919.95,21830.2,21908.0,855100
1707198300000,21908.0,21975.0,21891.0,21969.0,932000
1707201900000,21964.0,21989.95,21937.6,21973.95,592200
1707205500000,21977.0,22005.0,21946.05,21982.75,726850
1707209100000,21983.1,22015.0,21945.05,21963.25,1000150
1707212700000,21963.25,22003.6,21956.0,22000.4,577750
1707277500000,22090.2,22109.85,22019.25,22061.65,1545950
1707281100000,22063.0,22077.95,21985.1,22016.7,795150
1707284700000,22018.0,22020.0,21901.3,21923.05,1503550
1707288300000,21925.5,21965.0,21915.0,21942.0,592150
1707291900000,21942.0,22026.9,21924.0,22016.5,894250
1707295500000,22015.5,22038.7,21960.0,21991.2,769250
1707299100000,21992.35,22029.0,21991.95,22019.3,544600
1707363900000,22055.0,22087.0,21986.2,22012.0,1872100
1707367500000,22014.9,22045.75,21810.0,21840.0,2824550
1707371100000,21839.95,21906.25,21829.95,21895.85,1610700
1707374700000,21895.6,21908.55,21861.5,21896.0,827300
1707378300000,21898.6,21905.15,21825.5,21829.0,845250
1707381900000,21829.3,21857.0,21768.0,21817.1,2283400
1707385500000,21817.9,21835.9,21809.9,21827.0,684750
1707450300000,21809.9,21844.45,21710.6,21808.0,2295400
1707453900000,21810.0,21814.95,21674.2,21728.5,1230100
1707457500000,21727.05,21810.0,21690.15,21785.1,1083400
1707461100000,21784.0,21830.95,21777.85,21818.5,749500
1707464700000,21816.6,21842.2,21763.25,21829.65,655700
1707468300000,21830.0,21867.4,21813.75,21841.0,1138400
1707471900000,21841.0,21850.0,21831.1,21848.9,412050
1707709500000,21905.6,22088.65,21759.05,21775.55,1609350
1707713100000,21775.0,21804.7,21725.3,21796.0,1003850
1707716700000,21796.95,21809.0,21683.55,21719.1,999000
1707720300000,21717.55,21762.25,21662.0,21698.25,1087100
1707723900000,21699.1,21778.9,21679.6,21775.0,666800
1707727500000,21776.95,21782.0,21673.0,21683.1,843850
1707731100000,21684.9,21712.1,21670.05,21700.5,511100
1707795900000,21720.2,21788.0,21626.55,21781.65,2142500
1707799500000,21784.7,21825.0,21747.65,21821.0,1016250
1707803100000,21819.75,21828.75,21702.0,21702.0,788000
1707806700000,21703.0,21790.0,21684.4,21752.8,855900
1707810300000,21755.0,21840.0,21743.9,21796.0,911800
1707813900000,21798.0,21844.25,21774.5,21837.7,809800
1707817500000,21835.15,21836.35,21806.5,21816.75,386850
1707882300000,21675.0,21687.95,21600.85,21676.7,2834550
1707885900000,21680.95,21712.25,21645.6,21667.2,858150
1707889500000,21666.4,21694.0,21638.3,21684.0,359300
1707893100000,21684.65,21769.95,21683.95,21754.0,934000
1707896700000,21754.5,21790.05,21690.25,21787.3,726250
1707900300000,21791.5,21951.0,21780.0,21894.7,2795700
1707903900000,21890.95,21926.95,21887.25,21925.0,786850
1707968700000,21970.2,21976.95,21846.0,21934.7,2658450
1707972300000,21934.95,21954.8,21888.75,21926.05,1048050
1707975900000,21928.75,21941.15,21901.55,21922.5,418400
1707979500000,21924.3,21937.05,21889.6,21934.0,396600
1707983100000,21934.05,22027.95,21916.0,21992.25,1719700
1707986700000,21990.55,22002.95,21960.05,21998.45,1418250
1707990300000,21998.4,22022.65,21998.0,22017.1,577350
1708055100000,22060.2,22116.1,22039.45,22114.95,1723100
1708058700000,22113.6,22119.9,22088.0,22100.6,499600
1708062300000,22100.8,22118.8,22070.25,22110.85,491200
1708065900000,22111.05,22126.0,22081.0,22119.35,756400
1708069500000,22117.9,22124.35,22086.0,22106.85,647150
1708073100000,22106.2,22139.95,22090.0,22096.05,841300
1708076700000,22096.05,22104.6,22078.0,22087.55,442500
1708314300000,22142.2,22149.0,22055.0,22112.2,1290400
1708317900000,22110.65,22184.7,22110.0,22182.0,758550
1708321500000,22182.85,22230.15,22168.3,22219.2,1099100
1708325100000,22220.2,22238.0,22205.05,22237.7,435600
1708328700000,22235.0,22248.0,22199.0,22224.0,485400
1708332300000,22224.6,22259.95,22142.0,22166.65,1058400
1708335900000,22166.4,22188.0,22160.0,22168.0,317950
1708400700000,22140.0,22158.55,22076.0,22116.1,1705700
1708404300000,22118.9,22165.0,22099.05,22125.0,798200
1708407900000,22125.2,22220.0,22123.0,22199.65,948300
1708411500000,22201.3,22205.3,22165.3,22170.0,349250
1708415100000,22170.0,22203.1,22096.05,22142.05,759600
1708418700000,22142.85,22229.2,22138.15,22216.75,830250
1708422300000,22216.75,22234.0,22215.2,22231.95,466600
1708487100000,22245.15,22272.0,22220.2,22237.5,1050600
1708490700000,22238.0,22248.95,22184.05,22226.9,941000
1708494300000,22227.0,22250.0,22195.6,22239.0,337000
1708497900000,22239.0,22270.2,22232.25,22251.05,321250
1708501500000,22246.0,22259.95,22141.7,22152.0,1142750
1708505100000,22152.0,22178.35,22022.85,22113.7,2201250
1708508700000,22110.5,22115.5,22030.0,22039.0,664550
1708573500000,22119.8,22119.8,21971.0,22000.0,2291800
1708577100000,22000.0,22009.0,21943.0,21986.65,1146650
1708580700000,21985.05,22038.9,21960.15,22024.65,716700
1708584300000,22024.65,22033.0,21988.15,22012.95,564500
1708587900000,22011.65,22172.0,22007.0,22126.0,2323100
1708591500000,22123.1,22248.5,22112.6,22237.75,2387250
1708595100000,22235.45,22269.9,22232.2,22269.8,896350
1708659900000,22285.1,22344.45,22235.1,22294.0,1508700
1708663500000,22294.55,22324.8,22232.85,22286.5,1322450
1708667100000,22285.0,22297.9,22253.3,22270.0,626450
1708670700000,22269.8,22300.0,22258.95,22278.95,461000
1708674300000,22276.55,22285.75,22223.0,22238.8,716150
1708677900000,22241.35,22280.0,22228.0,22234.0,686400
1708681500000,22233.65,22252.95,22207.0,22221.0,704250
1708919100000,22195.0,22230.6,22135.0,22171.4,1394100
1708922700000,22171.3,22171.3,22116.6,22140.0,949300
1708926300000,22139.05,22150.95,22098.0,22112.0,767550
1708929900000,22111.45,22177.55,22088.0,22167.0,759550
1708933500000,22167.6,22195.0,22145.0,22170.55,881000
1708937100000,22170.15,22205.7,22122.85,22148.85,849650
1708940700000,22149.55,22149.55,22128.4,22139.0,379150
1709005500000,22120.0,22159.9,22100.7,22107.0,1042850
1709009100000,22108.0,22157.0,22095.1,22142.2,1332250
1709012700000,22142.2,22174.55,22113.35,22134.85,647550
1709016300000,22135.5,22218.0,22122.0,22212.45,748650
1709019900000,22211.95,22222.55,22135.0,22180.3,1047150
1709023500000,22180.95,22229.3,22154.05,22204.0,1030050
1709027100000,22204.0,22206.1,22176.05,22195.1,320950
1709091900000,22196.85,22225.0,22166.0,22216.15,857200
1709095500000,22216.5,22220.05,22011.1,22049.5,1708500
1709099100000,22048.0,22076.2,21976.3,22030.0,1083600
1709102700000,22029.75,22040.75,21903.6,21920.3,1057750
1709106300000,21920.05,22040.65,21918.8,22025.55,1065000
1709109900000,22028.0,22029.35,21901.2,21913.0,1196950
1709113500000,21915.85,21918.45,21890.0,21897.1,390400
1709178300000,21902.0,22029.95,21851.0,21861.4,1882000
1709181900000,21859.8,21985.0,21843.0,21980.0,988250
1709185500000,21981.8,22016.1,21923.65,21959.1,799650
1709189100000,21957.8,21986.9,21882.6,21979.9,620600
1709192700000,21981.0,22001.7,21941.6,21977.0,935900
1709196300000,21974.15,22026.55,21900.8,21976.3,1583550
1709199900000,21976.75,21993.35,21972.0,21985.7,347250
1709264700000,22203.0,22305.0,22180.2,22297.75,2437100
1709268300000,22297.8,22344.0,22285.0,22331.65,1092850
1709271900000,22330.45,22419.0,22330.45,22394.2,1551300
1709275500000,22393.5,22427.35,22380.25,22393.1,813350
1709279100000,22393.1,22437.05,22385.0,22430.2,737650
1709282700000,22434.0,22453.45,22420.0,22437.0,1623300
1709286300000,22435.45,22452.1,22431.0,22448.3,769800
1709351100000,22502.45,22547.0,22443.5,22486.35,869950
1709358300000,22499.0,22500.0,22475.1,22496.15,288750
1709361900000,22496.1,22510.0,22495.5,22507.0,226200
1709523900000,22510.0,22535.05,22466.0,22504.9,1098650
1709527500000,22504.9,22544.95,22471.9,22506.5,729550
1709531100000,22510.95,22525.0,22480.5,22493.55,435100
1709534700000,22492.55,22520.1,22473.8,22495.0,409700
1709538300000,22495.0,22520.0,22475.0,22518.8,357600
1709541900000,22518.8,22527.05,22485.0,22498.95,484850
1709545500000,22496.0,22504.85,22482.0,22499.5,262150
1709610300000,22500.0,22500.0,22412.4,22422.5,1192550
1709613900000,22421.5,22424.95,22367.35,22374.15,1104150
1709617500000,22373.0,22446.0,22352.0,22420.0,998050
1709621100000,22418.0,22517.25,22387.0,22482.0,1154050
1709624700000,22480.2,22495.0,22425.0,22445.35,607300
1709628300000,22443.4,22470.0,22420.0,22427.65,675650
1709631900000,22429.4,22440.2,22423.1,22438.05,495350
1709696700000,22398.0,22463.15,22350.7,22405.55,2205700
1709700300000,22406.6,22440.0,22362.1,22377.1,757100
1709703900000,22377.15,22398.0,22322.0,22357.95,1026500
1709707500000,22357.9,22400.0,22335.55,22400.0,609200
1709711100000,22400.0,22539.9,22375.7,22525.0,1893600
1709714700000,22525.0,22605.0,22514.1,22592.85,2151700
1709718300000,22592.05,22603.0,22590.0,22602.0,737950
1709783100000,22602.05,22619.9,22542.5,22576.15,1243150
1709786700000,22575.0,22614.45,22526.3,22586.55,667800
1709790300000,22587.1,22608.85,22570.1,22582.95,345250
1709793900000,22582.85,22604.7,22570.5,22594.7,438600
1709797500000,22594.75,22600.45,22566.0,22571.0,788800
1709801100000,22571.1,22595.0,22553.4,22557.0,1212650
1709804700000,22559.2,22559.8,22535.25,22539.8,611900
1710128700000,22608.0,22608.0,22507.0,22513.0,1340200
1710132300000,22510.95,22540.5,22491.35,22504.7,744550
1710135900000,22503.0,22526.0,22450.05,22459.6,826800
1710139500000,22459.6,22505.5,22455.0,22477.0,507900
1710143100000,22475.5,22509.9,22464.6,22465.1,411400
1710146700000,22467.6,22502.9,22392.5,22408.7,1869150
1710150300000,22407.15,22423.0,22401.4,22405.05,500900
1710215100000,22447.9,22537.9,22416.6,22525.6,1668600
1710218700000,22528.7,22537.9,22378.0,22467.8,1844000
1710222300000,22467.95,22491.7,22432.3,22460.25,753050
1710225900000,22458.2,22478.9,22436.0,22474.95,362050
1710229500000,22474.95,22503.95,22465.0,22468.25,431650
1710233100000,22468.5,22480.05,22416.95,22442.4,774000
1710236700000,22441.5,22447.0,22438.0,22438.7,288550
1710301500000,22505.0,22515.0,22371.3,22432.0,1901150
1710305100000,22430.0,22438.4,22333.3,22350.3,1068200
1710308700000,22351.25,22362.0,22185.1,22190.2,2252000
1710312300000,22188.55,22232.15,22154.95,22213.05,1263700
1710315900000,22212.0,22224.1,22103.55,22112.85,1426550
1710319500000,22111.95,22153.0,22025.0,22068.9,2849300
1710323100000,22068.9,22108.05,22062.1,22076.45,690300
1710387900000,22080.0,22170.0,22034.8,22139.75,2321350
1710391500000,22138.15,22220.0,22130.55,22208.75,1091550
1710395100000,22210.9,22307.75,22191.15,22295.0,1686250
1710398700000,22294.2,22329.6,22241.6,22271.5,947300
1710402300000,22274.45,22288.15,22209.0,22228.4,849400
1710405900000,22228.4,22280.35,22219.2,22262.75,1555850
1710409500000,22262.65,22279.0,22237.8,22250.0,482450
1710474300000,22185.65,22192.75,22041.1,22079.7,2799900
1710477900000,22082.85,22092.0,22011.0,22033.7,1039400
1710481500000,22034.65,22068.9,22000.0,22013.45,661300
1710485100000,22017.0,22084.0,22006.25,22077.55,768900
1710488700000,22075.0,22140.55,22051.85,22095.25,1056550
1710492300000,22094.4,22151.2,22063.2,22122.1,1743000
1710495900000,22122.45,22158.7,22093.85,22121.25,919000
1710733500000,22143.95,22143.95,22021.4,22067.1,1517300
1710737100000,22067.1,22120.0,22044.5,22046.3,784200
1710740700000,22045.1,22123.7,22018.25,22109.95,779500
1710744300000,22110.0,22187.5,22106.35,22171.3,983950
1710747900000,22172.0,22179.55,22133.55,22154.15,381250
1710751500000,22154.05,22219.65,22112.35,22132.95,1184150
1710755100000,22133.0,22146.15,22116.55,22134.0,296350
1710819900000,22070.0,22094.0,21938.0,21967.65,2631600
1710823500000,21967.55,21972.9,21904.0,21935.05,1280100
1710827100000,21932.4,21960.0,21890.0,21912.2,920500
1710830700000,21912.3,21952.0,21908.0,21944.5,577450
1710834300000,21944.0,21957.65,21884.1,21894.0,646400
1710837900000,21895.65,21922.15,21868.0,21879.95,1117800
1710841500000,21878.05,21889.95,21878.05,21883.6,456050
1710906300000,21900.0,21963.0,21842.0,21849.95,1792050
1710909900000,21848.2,21887.75,21798.05,21872.0,1353400
1710913500000,21872.0,21950.0,21842.95,21912.9,1028550
1710917100000,21912.9,21977.85,21908.0,21971.65,776200
1710920700000,21975.0,21988.8,21905.0,21917.3,878350
1710924300000,21920.5,21946.65,21882.55,21914.9,810700
1710927900000,21915.55,21923.9,21910.5,21917.0,246600
1710992700000,22070.0,22144.0,22039.9,22134.95,2117300
1710996300000,22133.4,22149.0,22116.0,22140.25,850250
1710999900000,22140.7,22142.8,22021.0,22022.2,1057850
1711003500000,22023.05,22088.3,22020.0,22076.05,745950
1711007100000,22075.0,22100.0,22054.15,22070.65,483750
1711010700000,22074.45,22107.25,22070.45,22106.95,952700
1711014300000,22106.45,22122.45,22100.1,22119.0,443750
1711079100000,22060.0,22099.0,21953.85,22095.05,2571900
1711082700000,22095.0,22149.0,22084.25,22125.35,1504050
1711086300000,22121.1,22174.9,22121.0,22145.6,938250
1711089900000,22144.1,22185.0,22125.45,22172.45,581450
1711093500000,22172.0,22199.45,22143.0,22191.1,523400
1711097100000,22190.15,22258.0,22136.35,22145.0,1900850
1711100700000,22143.8,22167.4,22138.0,22155.0,456600
1711424700000,22026.25,22123.15,21850.0,22085.1,2179550
1711428300000,22085.05,22138.0,22072.85,22100.95,682950
1711431900000,22099.25,22127.4,22081.7,22090.95,658600
1711435500000,22091.65,22150.0,22090.0,22131.4,800050
1711439100000,22129.5,22139.55,22096.05,22117.0,738050
1711442700000,22115.6,22125.2,22070.1,22080.6,1130900
1711446300000,22080.85,22098.75,22079.8,22095.0,404700
1711511100000,22099.0,22210.0,22081.55,22198.0,1724550
1711514700000,22196.55,22209.0,22171.95,22192.95,548150
1711518300000,22193.55,22202.65,22163.25,22176.6,904900
1711521900000,22175.05,22189.35,22163.5,22173.0,602150
1711525500000,22173.0,22206.65,22169.0,22197.0,893900
1711529100000,22198.1,22199.8,22136.0,22156.65,897800
1711532700000,22155.15,22194.6,22155.15,22194.6,350250
1711597500000,22194.35,22349.5,22183.95,22334.3,1590700
1711601100000,22334.0,22405.0,22310.7,22391.25,1279800
1711604700000,22391.0,22391.0,22335.0,22353.35,705000
1711608300000,22350.0,22466.9,22340.6,22433.95,1082200
1711611900000,22433.95,22510.0,22419.6,22506.5,679650
1711615500000,22505.05,22528.8,22268.85,22285.65,2339900
1711619100000,22284.25,22331.2,22277.55,22328.5,490150
1711943100000,22539.95,22647.0,22515.1,22624.9,2177700
1711946700000,22628.15,22635.15,22582.6,22606.55,520150
1711950300000,22609.0,22624.15,22585.1,22596.95,291550
1711953900000,22595.0,22612.0,22558.2,22579.2,1399050
1711957500000,22583.45,22614.85,22578.4,22594.0,1050900
1711961100000,22593.65,22604.4,22567.0,22604.4,567400
1711964700000,22603.95,22614.0,22600.0,22610.0,367600
1712029500000,22580.0,22611.55,22532.0,22544.5,1591700
1712033100000,22546.0,22559.9,22507.1,22552.0,803900
1712036700000,22552.0,22568.9,22538.0,22554.0,364000
1712040300000,22553.0,22565.8,22539.0,22542.1,270200
1712043900000,22542.1,22561.9,22525.05,22549.0,305050
1712047500000,22549.05,22584.75,22545.0,22577.8,528200
1712051100000,22579.15,22581.0,22575.05,22575.35,326250
1712115900000,22486.0,22547.85,22450.0,22537.6,2014350
1712119500000,22537.1,22555.55,22516.6,22539.65,674300
1712123100000,22538.2,22584.0,22536.45,22580.3,676900
1712126700000,22583.35,22630.75,22574.95,22588.85,1158150
1712130300000,22588.2,22618.75,22552.0,22597.4,587400
1712133900000,22596.95,22604.5,22533.25,22535.45,758250
1712137500000,22535.65,22549.0,22532.75,22546.75,409900
1712202300000,22640.05,22662.25,22475.1,22475.15,3054800
1712205900000,22478.6,22547.0,22420.05,22531.8,1803400
1712209500000,22531.35,22535.75,22455.3,22496.4,935950
1712213100000,22496.65,22585.9,22487.0,22581.1,1468600
1712216700000,22578.45,22669.0,22571.45,22622.65,1883400
1712220300000,22624.85,22650.0,22588.9,22606.4,1312300
1712223900000,22609.15,22638.7,22606.0,22635.5,459500
1712288700000,22570.0,22573.1,22505.1,22540.95,1492900
1712292300000,22541.0,22588.0,22530.0,22585.85,515700
1712295900000,22585.8,22586.8,22536.15,22573.0,519350
1712299500000,22573.0,22585.0,22552.65,22557.35,279500
1712303100000,22557.0,22596.7,22550.0,22568.0,399650
1712306700000,22568.15,22600.0,22553.0,22591.3,613200
1712310300000,22593.95,22618.0,22584.4,22611.0,520500
1712547900000,22653.0,22705.0,22625.1,22698.75,1928450
1712551500000,22698.45,22708.9,22680.85,22697.3,478850
1712555100000,22697.3,22724.9,22693.0,22720.85,605950
1712558700000,22724.05,22769.1,22720.85,22768.0,637050
1712562300000,22768.0,22773.3,22711.0,22738.0,914150
1712565900000,22738.05,22769.6,22732.15,22750.95,570900
1712569500000,22751.9,22756.7,22740.0,22750.0,356050
1712634300000,22820.0,22840.0,22751.0,22830.0,1618100
1712637900000,22832.0,22845.0,22807.2,22809.1,560550
1712641500000,22812.55,22836.0,22788.7,22802.75,444100
1712645100000,22802.85,22814.3,22751.4,22771.05,824950
1712648700000,22774.0,22775.45,22708.15,22710.0,1146600
1712652300000,22708.05,22765.95,22702.15,22733.3,787550
1712655900000,22733.95,22740.9,22732.25,22733.65,340800
1712720700000,22785.9,22795.0,22753.35,22780.7,1015700
1712724300000,22784.95,22794.9,22768.45,22789.0,347800
1712727900000,22788.0,22788.0,22753.0,22778.4,320900
1712731500000,22778.85,22788.85,22766.6,22786.3,253450
1712735100000,22786.65,22813.55,22782.1,22797.2,696800
1712738700000,22797.45,22829.0,22796.9,22805.2,1032900
1712742300000,22809.2,22809.85,22800.0,22805.25,315750
1712893500000,22738.05,22767.4,22681.25,22700.3,2568350
1712897100000,22698.95,22725.0,22685.0,22711.0,538700
1712900700000,22710.1,22757.0,22710.1,22742.15,422500
1712904300000,22742.0,22743.0,22622.0,22639.45,1825250
1712907900000,22639.1,22658.8,22606.25,22610.4,700250
1712911500000,22606.25,22635.95,22590.0,22596.6,1674200
1712915100000,22599.25,22609.75,22595.9,22609.75,785200
1713152700000,22420.0,22488.55,22364.15,22459.5,3971350
1713156300000,22458.35,22517.7,22443.25,22458.8,1485700
1713159900000,22457.6,22482.9,22443.35,22481.1,434400
1713163500000,22481.75,22491.35,22385.25,22401.05,968250
1713167100000,22400.0,22423.6,22390.0,22399.0,433400
1713170700000,22400.8,22409.0,22342.0,22354.0,1203250
1713174300000,22357.9,22378.8,22352.55,22357.35,484800
1713239100000,22176.55,22249.8,22145.55,22230.0,2832600
1713242700000,22230.0,22244.7,22201.2,22230.0,885450
1713246300000,22232.0,22246.0,22176.8,22205.6,677450
1713249900000,22202.55,22206.0,22140.0,22140.65,989550
1713253500000,22140.0,22196.55,22113.85,22181.8,1098400
1713257100000,22181.8,22213.85,22146.0,22213.85,834450
1713260700000,22210.0,22220.0,22200.0,22211.0,533250
1713411900000,22229.9,22281.15,22181.0,22196.05,2163300
1713415500000,22196.0,22309.9,22170.0,22294.0,1522450
1713419100000,22294.1,22325.25,22275.35,22308.0,967900
1713422700000,22308.0,22342.9,22306.75,22317.1,766950
1713426300000,22317.1,22329.4,22132.35,22167.35,3407500
1713429900000,22164.95,22197.0,22027.9,22027.9,3736200
1713433500000,22027.8,22086.95,22027.55,22080.0,951300
1713498300000,21989.9,21989.9,21813.6,21902.9,3273200
1713501900000,21900.2,21904.95,21850.55,21875.6,985650
1713505500000,21875.15,21937.9,21872.0,21936.3,1006300
1713509100000,21936.3,22050.0,21931.0,22033.7,1953750
1713512700000,22034.3,22160.0,22001.05,22128.0,2332200
1713516300000,22130.0,22168.9,22081.6,22141.1,1999050
1713519900000,22139.7,22141.1,22110.15,22123.0,897850
1713757500000,22261.25,22272.15,22186.0,22220.25,1822600
1713761100000,22220.15,22289.4,22201.3,22270.75,831000
1713764700000,22272.55,22307.8,22260.55,22275.0,640650
1713768300000,22276.8,22292.0,22231.25,22253.25,390700
1713771900000,22253.2,22298.8,22237.7,22279.75,373450
1713775500000,22280.95,22359.8,22268.0,22358.35,1155500
1713779100000,22355.0,22397.95,22338.15,22393.3,660100
1713843900000,22448.0,22448.0,22352.95,22403.8,1075800
1713847500000,22405.85,22407.9,22345.0,22367.45,579300
1713851100000,22367.45,22417.9,22367.15,22412.35,745050
1713854700000,22412.3,22419.0,22365.0,22380.0,707450
1713858300000,22380.0,22410.0,22351.05,22399.05,555000
1713861900000,22399.8,22417.0,22360.0,22377.0,900800
1713865500000,22379.95,22380.5,22347.0,22354.9,309250
1713930300000,22440.0,22455.0,22397.25,22446.8,1313250
1713933900000,22446.3,22488.0,22446.05,22467.9,1134400
1713937500000,22465.0,22476.0,22448.0,22472.0,813100
1713941100000,22472.0,22474.0,22438.1,22460.0,562600
1713944700000,22460.0,22469.0,22441.0,22455.4,439600
1713948300000,22455.4,22460.0,22382.0,22408.8,962850
1713951900000,22409.1,22430.55,22406.15,22420.0,326250
1714016700000,22370.0,22480.0,22332.25,22474.0,1856400
1714020300000,22476.95,22495.0,22317.0,22452.8,1557150
1714023900000,22452.9,22454.1,22393.75,22414.5,728100
1714027500000,22418.25,22483.0,22385.35,22458.4,1019800
1714031100000,22458.4,22623.95,22441.35,22595.6,2053500
1714034700000,22595.55,22647.15,22582.15,22587.2,1523700
1714038300000,22587.5,22587.8,22571.65,22574.7,723100
1714103100000,22684.0,22705.0,22620.0,22637.9,1476375
1714106700000,22637.65,22663.2,22611.55,22620.0,582000
1714110300000,22621.4,22655.05,22616.0,22625.95,317650
1714113900000,22629.2,22644.0,22604.0,22625.0,512000
1714117500000,22624.0,22626.5,22544.75,22573.95,1481025
1714121100000,22573.75,22597.9,22530.0,22553.25,1387075
1714124700000,22553.45,22589.0,22553.3,22571.85,485850
1714362300000,22610.0,22649.0,22564.0,22606.1,1652100
1714365900000,22606.2,22672.5,22606.2,22661.9,789850
1714369500000,22662.0,22688.0,22646.05,22668.05,498050
1714373100000,22668.0,22699.0,22656.2,22693.8,467875
1714376700000,22693.85,22738.5,22682.6,22723.1,907075
1714380300000,22723.1,22764.8,22720.1,22760.25,1015900
1714383900000,22758.8,22758.8,22736.55,22745.15,433275
1714448700000,22773.45,22837.0,22750.05,22807.0,1395675
1714452300000,22807.9,22845.0,22785.65,22812.4,712400
1714455900000,22812.35,22827.1,22795.0,22820.0,346000
1714459500000,22820.0,22835.0,22788.0,22800.0,310725
1714463100000,22799.8,22850.0,22791.6,22830.15,537150
1714466700000,22833.0,22849.95,22710.0,22718.2,1500100
1714470300000,22719.0,22719.0,22698.0,22705.0,700850
1714621500000,22702.05,22767.8,22688.05,22756.05,1294225
1714625100000,22757.95,22783.2,22740.2,22756.05,520875
1714628700000,22756.05,22798.0,22725.0,22789.0,591625
1714632300000,22790.5,22795.0,22752.0,22774.8,311750
1714635900000,22775.0,22808.4,22770.05,22780.9,736825
1714639500000,22780.0,22795.35,22750.2,22765.8,900650
1714643100000,22767.0,22782.15,22760.75,22779.95,444650
1714707900000,22850.0,22888.35,22805.2,22807.25,1790900
1714711500000,22805.0,22817.3,22713.25,22736.8,1516975
1714715100000,22737.0,22738.75,22592.0,22606.35,2314975
1714718700000,22606.35,22668.9,22527.05,22542.1,1846900
1714722300000,22542.0,22569.8,22470.0,22531.75,1522450
1714725900000,22530.85,22593.0,22505.0,22593.0,1409100
1714729500000,22590.75,22595.9,22550.0,22559.75,554150
1714967100000,22648.7,22686.4,22535.0,22568.15,2614825
1714970700000,22568.2,22647.95,22538.65,22595.65,841300
1714974300000,22593.0,22629.65,22561.85,22628.0,436075
1714977900000,22628.0,22631.0,22543.0,22543.0,467500
1714981500000,22543.0,22574.0,22510.0,22535.0,620725
1714985100000,22536.0,22593.0,22511.1,22549.95,712875
1714988700000,22549.8,22562.0,22546.0,22559.0,297825
1715053500000,22545.0,22590.95,22467.0,22493.7,1203125
1715057100000,22491.0,22494.05,22393.1,22400.1,1487975
1715060700000,22401.0,22401.0,22322.25,22368.6,1408900
1715064300000,22368.0,22390.0,22315.5,22320.6,651775
1715067900000,22320.45,22417.5,22312.6,22408.0,777800
1715071500000,22408.0,22419.85,22330.0,22387.55,1050650
1715075100000,22384.55,22394.0,22375.0,22375.0,437800
1715139900000,22344.0,22405.65,22286.15,22393.95,1556375
1715143500000,22393.85,22393.85,22288.55,22338.1,813475
1715147100000,22343.6,22463.0,22339.0,22452.65,1253650
1715150700000,22453.0,22479.8,22414.2,22455.95,943125
1715154300000,22456.0,22490.0,22375.1,22386.25,1382850
1715157900000,22387.8,22420.0,22348.8,22391.2,1126550
1715161500000,22393.0,22401.8,22384.05,22392.85,412850
1715226300000,22342.0,22388.0,22300.0,22305.0,1949750
1715229900000,22303.0,22317.95,22222.15,22238.6,1816000
1715233500000,22238.15,22283.1,22213.9,22271.0,885575
1715237100000,22271.8,22294.65,22133.0,22164.0,1946000
1715240700000,22164.0,22189.0,22121.0,22165.4,1510575
1715244300000,22164.65,22178.4,22063.4,22066.0,2580200
1715247900000,22063.15,22075.15,22051.35,22072.8,960050
1715312700000,22100.2,22217.7,22068.15,22208.2,2404075
1715316300000,22207.75,22230.0,22110.0,22145.85,1205375
1715319900000,22143.9,22189.9,22108.0,22122.0,627750
1715323500000,22124.5,22131.55,22064.4,22070.35,660900
1715327100000,22070.35,22149.75,22050.85,22104.8,788850
1715330700000,22105.0,22165.05,22087.0,22131.15,988400
1715334300000,22130.25,22142.0,22120.0,22127.7,486450
1715571900000,22100.0,22140.0,21915.0,21971.25,2280975
1715575500000,21970.35,22016.05,21900.0,21999.0,1241775
1715579100000,21996.1,22080.8,21996.1,22069.0,1126050
1715582700000,22069.0,22134.0,22045.0,22124.85,1012675
1715586300000,22119.0,22215.0,22012.9,22196.95,1527125
1715589900000,22195.2,22222.0,22162.85,22186.75,902800
1715593500000,22187.35,22225.0,22182.3,22224.3,452750
1715658300000,22214.0,22260.0,22160.0,22177.15,1812925
1715661900000,22177.85,22270.0,22177.85,22259.0,721975
1715665500000,22260.95,22280.0,22234.4,22264.35,733725
1715669100000,22264.3,22330.0,22242.45,22303.25,1063075
1715672700000,22305.0,22364.55,22285.4,22333.0,1058175
1715676300000,22333.35,22349.0,22283.0,22313.2,942900
1715679900000,22313.0,22318.85,22306.45,22312.2,334875
1715744700000,22342.35,22375.45,22233.0,22254.15,1816075
1715748300000,22250.3,22332.85,22211.0,22306.6,1115275
1715751900000,22308.0,22320.0,22225.1,22270.0,621800
1715755500000,22272.0,22287.75,22238.75,22251.6,340150
1715759100000,22251.6,22290.0,22225.0,22274.1,524100
1715762700000,22270.0,22318.0,22244.2,22284.6,765925
1715766300000,22283.65,22286.0,22276.0,22276.75,244650
1715831100000,22384.1,22400.0,22322.3,22350.05,2048400
1715834700000,22352.0,22355.7,22232.5,22250.4,1451100
1715838300000,22252.65,22380.0,22203.0,22380.0,1382300
1715841900000,22380.8,22390.3,22209.0,22232.0,1803575
1715845500000,22231.75,22238.2,22154.05,22169.05,2303400
1715849100000,22168.95,22459.2,22165.2,22450.2,3962275
1715852700000,22450.15,22485.0,22449.95,22472.55,922900
1715917500000,22481.2,22481.2,22407.7,22453.75,1395950
1715921100000,22453.7,22529.65,22441.0,22517.9,906075
1715924700000,22517.6,22534.4,22483.0,22501.3,611400
1715928300000,22502.0,22529.0,22485.1,22512.9,394700
1715931900000,22512.3,22546.0,22497.2,22531.75,401300
1715935500000,22530.3,22535.0,22469.6,22509.6,783475
1715939100000,22506.9,22524.8,22495.8,22511.85,470600
1716003900000,22530.25,22543.75,22512.6,22530.0,343050
1716011100000,22538.0,22549.7,22502.1,22546.75,219800
1716014700000,22546.0,22548.9,22540.0,22540.5,207900
1716263100000,22510.25,22570.35,22510.2,22526.65,1199425
1716266700000,22526.95,22583.55,22518.0,22577.0,489550
1716270300000,22575.05,22631.9,22566.25,22623.5,710275
1716273900000,22623.05,22677.0,22597.0,22655.3,894400
1716277500000,22655.1,22662.95,22616.0,22624.9,454275
1716281100000,22623.85,22644.0,22591.0,22604.0,522450
1716284700000,22604.0,22613.95,22591.1,22591.1,374325
1716349500000,22625.0,22643.15,22548.8,22622.25,1099250
1716353100000,22624.2,22649.25,22595.05,22611.0,380675
1716356700000,22611.0,22635.05,22602.55,22623.3,161500
1716360300000,22623.95,22655.1,22618.0,22636.85,345025
1716363900000,22636.8,22683.0,22633.35,22649.95,495050
1716367500000,22650.0,22669.9,22611.0,22654.4,732950
1716371100000,22654.65,22675.0,22649.05,22667.4,411925
1716435900000,22650.0,22744.0,22650.0,22729.95,1429075
1716439500000,22729.0,22774.25,22699.65,22752.15,1147825
1716443100000,22750.55,22816.0,22750.05,22803.3,875975
1716446700000,22803.3,22894.9,22801.1,22870.0,2045050
1716450300000,22870.1,22941.0,22840.0,22940.75,1506050
1716453900000,22941.0,23023.0,22914.4,23009.9,2467000
1716457500000,23010.25,23021.45,22995.1,23010.0,845600
1716522300000,23000.0,23039.9,22953.0,22960.7,1406425
1716525900000,22960.05,23030.0,22956.5,22999.95,733600
1716529500000,22999.95,23024.8,22990.3,23007.15,462925
1716533100000,23008.4,23077.7,22997.65,23037.1,853225
1716536700000,23035.6,23071.05,23032.0,23063.8,626325
1716540300000,23063.0,23089.9,22984.1,23024.95,1016900
1716543900000,23024.4,23036.6,23007.75,23023.45,399075
1716781500000,23070.0,23070.0,22990.0,23008.25,1169350
1716785100000,23007.25,23065.0,22998.0,23049.2,472925
1716788700000,23050.0,23156.55,23046.45,23149.9,1039000
1716792300000,23150.0,23177.0,23133.0,23142.85,682000
1716795900000,23144.05,23174.85,23119.75,23147.15,361225
1716799500000,23147.15,23152.0,22921.0,22986.65,1786525
1716803100000,22985.0,23024.9,22981.0,23001.1,288475
1716867900000,23030.0,23030.0,22958.7,22986.1,899975
1716871500000,22988.0,23037.95,22987.65,23006.45,588100
1716875100000,23005.3,23014.9,22962.55,22975.0,659075
1716878700000,22975.0,22995.3,22915.25,22977.9,1017550
1716882300000,22978.2,23007.7,22943.35,22966.25,611425
1716885900000,22966.25,22978.05,22923.3,22946.6,802700
1716889500000,22946.65,22951.3,22922.05,22926.15,376500
1716954300000,22845.0,22874.0,22780.35,22786.9,1882925
1716957900000,22786.1,22800.0,22732.5,22745.45,1470825
1716961500000,22743.0,22778.0,22721.75,22772.5,955400
1716965100000,22769.15,22852.0,22752.0,22799.05,869675
1716968700000,22800.0,22834.0,22755.55,22788.2,639600
1716972300000,22787.25,22799.0,22725.6,22748.3,869000
1716975900000,22748.3,22754.55,22730.0,22731.0,331375
1717040700000,22679.95,22698.85,22540.1,22545.35,1769950
1717044300000,22545.35,22609.05,22542.0,22557.6,588700
1717047900000,22558.2,22585.55,22533.45,22563.9,692075
1717051500000,22561.1,22606.0,22546.0,22582.0,534225
1717055100000,22581.95,22583.0,22526.35,22532.4,793200
1717058700000,22530.9,22546.75,22414.15,22480.0,1257925
1717062300000,22479.3,22493.0,22478.05,22487.75,397975
1717127100000,22679.0,22760.0,22644.1,22664.9,3347475
1717130700000,22656.75,22711.6,22625.0,22662.9,1272200
1717134300000,22662.95,22685.0,22615.0,22630.0,915000
1717137900000,22627.5,22679.95,22610.0,22660.0,1158650
1717141500000,22660.0,22789.2,22659.85,22764.7,2215575
1717145100000,22764.8,22767.0,22630.0,22685.75,2673400
1717148700000,22686.25,22733.3,22683.65,22699.0,1541025
1717386300000,23501.65,23844.0,23161.3,23322.15,7251200
1717389900000,23320.7,23324.0,23245.35,23300.0,1354750
1717393500000,23300.0,23375.95,23292.05,23354.35,1320525
1717397100000,23358.7,23384.4,23341.1,23361.75,663200
1717400700000,23362.05,23399.0,23294.9,23378.2,961600
1717404300000,23381.95,23407.25,23343.05,23404.0,1508825
1717407900000,23404.0,23450.0,23403.65,23450.0,975825
1717472700000,23000.0,23169.0,22489.25,22933.65,11534025
1717476300000,22934.1,22934.1,22006.65,22162.7,6788275
1717479900000,22163.05,22381.65,21484.15,21620.0,6367425
1717483500000,21625.6,22078.3,21265.0,21990.15,6458675
1717487100000,21987.6,22299.35,21925.0,22108.95,3804200
1717490700000,22108.1,22154.4,21738.6,21986.1,4163800
1717494300000,21986.5,21997.05,21899.45,21972.55,1272375
1717559100000,21866.25,22150.65,21824.1,22117.85,5763450
1717562700000,22116.35,22418.0,22005.05,22407.6,3599250
1717566300000,22405.2,22499.0,22266.3,22349.8,2596600
1717569900000,22350.8,22456.85,22280.0,22403.4,1491200
1717573500000,22402.35,22580.0,22383.0,22500.4,2249000
1717577100000,22499.35,22710.0,22452.55,22670.0,2928925
1717580700000,22669.8,22671.55,22580.1,22586.0,1001700
1717645500000,22730.05,22845.0,22692.05,22842.0,3532800
1717649100000,22841.3,22974.0,22841.05,22965.0,1951575
1717652700000,22966.25,22973.6,22750.3,22781.3,2390000
1717656300000,22784.0,22869.0,22728.0,22777.5,1679900
1717659900000,22779.05,22928.65,22775.05,22850.25,1758175
1717663500000,22852.55,22900.05,22750.0,22896.85,2805150
1717667100000,22898.4,22935.4,22882.65,22930.7,1226425
1717731900000,22900.5,23020.15,22852.1,23005.5,2661600
1717735500000,23005.8,23105.0,22945.2,23099.55,1789275
1717739100000,23098.15,23247.75,23060.3,23195.0,2091775
1717742700000,23197.6,23260.0,23147.6,23218.0,1373900
1717746300000,23215.7,23285.0,23167.15,23271.55,1459950
1717749900000,23274.0,23341.5,23263.45,23323.45,2625000
1717753500000,23322.55,23339.85,23301.0,23339.85,923600
1717991100000,23301.0,23410.0,23230.05,23314.0,3326450
1717994700000,23317.6,23375.0,23301.8,23345.3,901925
1717998300000,23341.05,23375.0,23292.25,23308.0,512125
1718001900000,23304.7,23348.65,23300.0,23327.85,416550
1718005500000,23328.15,23389.65,23320.05,23363.9,611875
1718009100000,23363.4,23366.8,23223.25,23251.1,1468775
1718012700000,23251.1,23258.0,23223.0,23231.1,510850
1718077500000,23253.65,23350.0,23220.2,23338.8,1596125
1718081100000,23335.45,23380.0,23318.0,23357.05,735725
1718084700000,23357.25,23368.0,23324.6,23356.5,312350
1718088300000,23360.0,23397.6,23340.0,23367.0,517150
1718091900000,23368.0,23447.0,23352.95,23369.7,1130025
1718095500000,23366.65,23384.0,23291.7,23299.95,954100
1718099100000,23299.75,23313.5,23287.4,23310.0,538350
1718163900000,23321.65,23433.35,23303.3,23427.4,1566150
1718167500000,23427.0,23474.0,23395.6,23445.25,1042250
1718171100000,23445.0,23457.0,23390.0,23430.0,611525
1718174700000,23431.95,23442.05,23391.4,23416.6,481400
1718178300000,23416.6,23428.55,23338.0,23355.6,967125
1718181900000,23357.0,23409.75,23341.15,23355.25,909075
1718185500000,23355.25,23363.95,23350.4,23360.0,340400
1718250300000,23461.05,23482.0,23376.8,23422.0,1625475
1718253900000,23420.0,23423.5,23382.0,23385.05,365625
1718257500000,23383.1,23431.0,23371.35,23408.4,513150
1718261100000,23410.8,23432.85,23400.1,23419.05,355800
1718264700000,23418.85,23429.0,23395.8,23405.8,475975
1718268300000,23404.6,23409.85,23380.35,23397.5,1258900
1718271900000,23397.45,23407.65,23395.85,23396.9,546300
1718336700000,23421.7,23472.0,23350.8,23455.0,1632750
1718340300000,23457.35,23470.95,23442.0,23459.0,587450
1718343900000,23458.2,23463.15,23431.2,23443.0,313000
1718347500000,23442.8,23468.0,23426.0,23461.45,258950
1718351100000,23461.1,23461.95,23412.1,23436.45,479100
1718354700000,23436.7,23489.85,23429.5,23470.75,785625
1718358300000,23470.15,23470.65,23444.65,23462.0,478725
1718682300000,23511.15,23610.0,23511.15,23577.5,1866575
1718685900000,23578.25,23588.3,23540.85,23575.0,543475
1718689500000,23575.95,23589.85,23562.05,23564.85,293225
1718693100000,23567.65,23571.0,23543.4,23570.0,276600
1718696700000,23569.95,23577.95,23557.95,23565.8,304575
1718700300000,23565.5,23570.15,23551.55,23562.95,426825
1718703900000,23562.85,23576.15,23559.15,23570.0,310975
1718768700000,23611.25,23625.0,23531.0,23536.5,1496150
1718772300000,23537.8,23542.2,23432.65,23501.95,1775700
1718775900000,23500.2,23565.25,23481.0,23562.05,676925
1718779500000,23566.4,23579.0,23525.05,23547.05,477225
1718783100000,23547.05,23568.15,23509.9,23554.05,537375
1718786700000,23555.95,23669.75,23479.1,23493.95,2231425
1718790300000,23493.65,23513.0,23492.0,23497.95,626575
1718855100000,23526.0,23548.95,23445.9,23489.0,1868125
1718858700000,23484.8,23554.05,23477.35,23531.0,708050
1718862300000,23529.35,23574.05,23521.2,23561.0,420500
1718865900000,23561.0,23583.0,23534.1,23564.25,317850
1718869500000,23565.0,23629.8,23547.6,23573.1,1114200
1718873100000,23573.1,23609.45,23556.2,23579.95,795150
1718876700000,23578.9,23597.9,23575.55,23596.0,330425
1718941500000,23625.0,23633.15,23575.1,23592.75,1123300
1718945100000,23591.6,23619.2,23525.0,23549.25,779450
1718948700000,23548.0,23577.05,23530.0,23555.35,404675
1718952300000,23556.05,23562.6,23436.0,23459.75,1388500
1718955900000,23458.2,23594.0,23449.2,23568.45,1115875
1718959500000,23566.0,23577.55,23415.2,23465.2,2240275
1718963100000,23465.2,23481.6,23451.0,23460.2,475050
1719200700000,23375.0,23445.0,23335.0,23438.6,1916625
1719204300000,23438.75,23540.9,23423.0,23509.1,1268025
1719207900000,23510.0,23560.6,23494.4,23540.0,713925
1719211500000,23540.3,23565.35,23512.0,23553.4,659925
1719215100000,23553.0,23564.0,23518.0,23534.65,524000
1719218700000,23530.35,23554.3,23495.0,23548.2,817875
1719222300000,23548.0,23556.5,23535.0,23554.6,589075
1719287100000,23568.05,23624.0,23550.55,23604.95,1214300
1719290700000,23603.9,23625.0,23586.35,23591.45,602975
1719294300000,23590.0,23616.05,23571.15,23607.75,708575
1719297900000,23609.65,23695.0,23598.1,23682.0,1400050
1719301500000,23682.0,23735.0,23675.1,23714.15,1002700
1719305100000,23714.75,23746.1,23686.15,23737.0,894625
1719308700000,23735.0,23743.0,23720.7,23737.0,527500
1719373500000,23731.25,23735.25,23676.0,23686.95,1233300
1719377100000,23687.4,23806.1,23687.4,23792.4,931875
1719380700000,23789.1,23860.3,23785.0,23848.7,990925
1719384300000,23850.75,23870.0,23821.0,23843.0,743925
1719387900000,23843.0,23889.8,23836.95,23883.6,648375
1719391500000,23886.5,23906.8,23850.0,23876.95,868425
1719395100000,23873.2,23879.9,23856.0,23856.0,305650
1719459900000,23812.05,23980.0,23792.6,23955.05,1748325
1719463500000,23959.65,23990.0,23848.0,23937.2,1181350
1719467100000,23932.25,24028.05,23905.0,24028.05,857700
1719470700000,24031.1,24061.75,23950.3,23977.8,810875
1719474300000,23975.25,24010.15,23930.95,23955.0,673000
1719477900000,23955.0,24060.65,23912.0,24042.9,1755375
1719481500000,24040.95,24060.0,24038.0,24047.1,647575
1719546300000,24151.0,24240.0,24102.1,24196.75,2290025
1719549900000,24199.75,24235.0,24173.0,24234.0,579125
1719553500000,24231.15,24238.0,24185.4,24194.0,514475
1719557100000,24194.0,24201.9,24115.05,24157.65,1143300
1719560700000,24161.0,24229.0,24140.25,24212.35,664850
1719564300000,24213.55,24226.0,24111.05,24111.05,1241825
1719567900000,24109.05,24138.1,24109.0,24134.95,682150
1719805500000,24125.0,24179.0,24082.0,24130.4,1529000
1719809100000,24129.3,24174.7,24129.3,24150.45,416050
1719812700000,24150.6,24203.95,24145.0,24182.35,512925
1719816300000,24179.0,24210.0,24173.65,24195.0,334625
1719819900000,24194.25,24225.2,24180.95,24211.5,435500
1719823500000,24210.1,24224.55,24190.0,24203.2,512150
1719827100000,24201.15,24218.1,24198.0,24215.0,338550
1719891900000,24241.0,24256.0,24150.0,24196.0,1619250
1719895500000,24196.0,24274.0,24185.35,24270.0,649350
1719899100000,24268.15,24280.0,24210.5,24217.1,626350
1719902700000,24217.1,24237.65,24122.0,24163.8,1002875
1719906300000,24164.75,24204.45,24153.55,24179.5,506175
1719909900000,24182.1,24228.0,24177.35,24200.5,571225
1719913500000,24200.4,24211.3,24194.0,24211.3,320550
1719978300000,24301.0,24376.4,24276.25,24340.3,2207750
1719981900000,24340.3,24362.0,24328.6,24334.15,472725
1719985500000,24334.15,24337.9,24293.15,24317.3,441000
1719989100000,24317.35,24359.0,24313.8,24340.15,521500
1719992700000,24339.2,24363.25,24322.2,24332.6,391700
1719996300000,24331.05,24356.95,24311.0,24356.5,655200
1719999900000,24355.05,24369.6,24346.3,24365.1,560225
1720064700000,24422.2,24454.9,24388.0,24430.0,1486850
1720068300000,24430.0,24443.7,24362.45,24390.45,959325
1720071900000,24395.0,24406.9,24382.25,24393.0,281525
1720075500000,24393.0,24410.05,24387.65,24389.45,303375
1720079100000,24388.2,24397.0,24353.3,24391.0,531475
1720082700000,24391.05,24396.15,24335.0,24355.1,899050
1720086300000,24356.7,24379.0,24354.0,24377.55,463075
1720151100000,24306.9,24345.0,24240.0,24299.0,1813700
1720154700000,24299.0,24330.0,24289.2,24300.0,583925
1720158300000,24300.0,24367.9,24299.3,24356.15,715350
1720161900000,24352.35,24366.05,24320.0,24329.65,458325
1720165500000,24328.0,24348.15,24308.0,24318.75,468900
1720169100000,24318.2,24414.95,24275.0,24402.15,1226275
1720172700000,24404.7,24419.2,24376.0,24389.9,492650
1720410300000,24379.4,24383.3,24306.25,24351.45,1013175
1720413900000,24350.5,24378.2,24290.0,24315.55,551650
1720417500000,24315.0,24347.95,24286.5,24296.35,408150
1720421100000,24300.0,24360.0,24290.0,24351.35,323525
1720424700000,24350.0,24364.9,24322.25,24345.0,278250
1720428300000,24345.0,24399.0,24341.95,24370.55,395850
1720431900000,24370.55,24383.6,24358.0,24374.0,281775
1720496700000,24342.0,24447.6,24306.25,24418.0,861175
1720500300000,24415.5,24450.0,24405.0,24442.35,365500
1720503900000,24441.45,24458.95,24435.95,24443.0,480975
1720507500000,24442.95,24495.2,24439.05,24486.5,526775
1720511100000,24486.5,24510.45,24472.3,24500.0,520500
1720514700000,24498.65,24503.25,24477.0,24488.9,560700
1720518300000,24487.0,24493.8,24478.0,24484.95,355150
1720583100000,24498.95,24503.0,24390.0,24405.0,1463000
1720586700000,24404.75,24415.0,24212.0,24253.75,2807000
1720590300000,24255.8,24334.45,24241.5,24306.15,1141550
1720593900000,24307.75,24341.55,24292.7,24321.65,413675
1720597500000,24328.85,24330.0,24248.4,24279.65,582500
1720601100000,24279.6,24370.0,24266.2,24364.9,921200
1720604700000,24361.95,24365.95,24340.0,24340.0,420375
1720669500000,24385.0,24404.0,24315.65,24329.95,1112475
1720673100000,24331.8,24331.8,24270.2,24294.85,1024875
1720676700000,24292.7,24321.05,24241.0,24298.5,717800
1720680300000,24299.0,24344.45,24298.0,24336.1,504675
1720683900000,24332.0,24367.85,24316.7,24349.05,747075
1720687500000,24349.05,24383.95,24340.1,24373.0,1083475
1720691100000,24372.55,24419.55,24368.8,24402.25,593475
1720755900000,24422.2,24476.35,24383.0,24410.0,1759200
1720759500000,24409.2,24587.65,24401.0,24541.9,1758225
1720763100000,24541.35,24548.0,24486.95,24533.3,754950
1720766700000,24530.0,24540.0,24504.0,24534.0,284400
1720770300000,24536.25,24593.7,24530.55,24584.0,551600
1720773900000,24583.45,24592.1,24504.2,24506.0,860000
1720777500000,24507.2,24529.0,24502.55,24529.0,555075
1721015100000,24599.95,24602.0,24543.0,24575.05,1045225
1721018700000,24578.3,24618.5,24566.85,24605.0,401975
1721022300000,24604.7,24633.0,24564.1,24611.9,360600
1721025900000,24611.1,24629.0,24593.45,24622.0,232350
1721029500000,24625.0,24639.9,24610.0,24613.0,469450
1721033100000,24613.5,24637.7,24605.15,24620.7,520575
1721036700000,24617.15,24625.4,24616.0,24623.95,309650
1721101500000,24627.85,24655.75,24606.55,24648.0,742675
1721105100000,24649.5,24688.0,24644.2,24680.0,653450
1721108700000,24681.2,24682.0,24662.0,24665.55,349350
1721112300000,24665.95,24676.25,24645.75,24670.3,289975
1721115900000,24673.9,24673.9,24623.6,24641.4,368200
1721119500000,24645.0,24668.0,24615.0,24630.0,652750
1721123100000,24630.15,24648.15,24626.05,24640.0,214400
1721274300000,24565.3,24699.95,24542.7,24675.0,1754375
1721277900000,24676.0,24680.0,24552.1,24560.0,815825
1721281500000,24559.6,24632.0,24510.0,24632.0,1233550
1721285100000,24630.9,24723.15,24619.65,24722.0,1085550
1721288700000,24725.0,24838.0,24709.2,24825.4,1709650
1721292300000,24827.0,24834.8,24777.15,24804.45,1989175
1721295900000,24804.55,24819.5,24804.55,24808.0,850050
1721360700000,24761.0,24837.0,24692.0,24694.1,1767350
1721364300000,24691.25,24733.85,24645.0,24667.5,1171100
1721367900000,24666.0,24675.2,24612.0,24660.85,970200
1721371500000,24660.9,24670.0,24592.0,24607.45,911150
1721375100000,24603.95,24643.6,24552.0,24561.7,1092975
1721378700000,24560.0,24584.8,24504.0,24525.95,1387025
1721382300000,24526.35,24542.25,24517.65,24529.15,704775
1721619900000,24468.55,24563.5,24378.85,24560.5,2319325
1721623500000,24555.0,24607.4,24541.2,24541.85,832900
1721627100000,24542.0,24570.0,24518.0,24533.55,642825
1721630700000,24530.95,24535.0,24470.1,24494.0,626900
1721634300000,24495.85,24550.0,24488.45,24502.4,481975
1721637900000,24502.05,24526.15,24477.0,24509.8,561725
1721641500000,24509.85,24519.55,24499.0,24517.65,415150
1721706300000,24551.9,24561.0,24428.0,24434.0,1405350
1721709900000,24433.0,24557.8,24412.0,24543.0,1070625
1721713500000,24544.0,24549.2,24387.7,24453.2,1392900
1721717100000,24450.0,24455.45,24066.0,24255.8,5924100
1721720700000,24256.0,24503.1,24241.0,24442.35,1704500
1721724300000,24437.55,24553.6,24410.85,24441.35,1477100
1721727900000,24441.0,24474.45,24435.05,24453.0,412900
1721792700000,24418.0,24489.0,24350.1,24422.0,1488825
1721796300000,24421.5,24478.4,24386.7,24424.8,726950
1721799900000,24427.8,24440.0,24340.0,24361.2,1093375
1721803500000,24357.0,24361.85,24281.55,24334.85,1479650
1721807100000,24334.75,24342.55,24282.6,24302.15,1128000
1721810700000,24303.6,24444.5,24300.15,24378.25,1597550
1721814300000,24379.05,24427.95,24371.45,24421.45,370375
1721879100000,24220.0,24299.5,24198.0,24290.0,1909700
1721882700000,24288.45,24329.75,24261.25,24316.0,1398475
1721886300000,24315.2,24370.0,24283.0,24360.0,1147875
1721889900000,24362.0,24396.4,24351.2,24378.15,1106675
1721893500000,24379.75,24420.0,24365.5,24413.25,1135025
1721897100000,24413.25,24425.3,24384.1,24405.0,904025
1721900700000,24404.0,24409.65,24401.05,24408.0,453450
1721965500000,24475.0,24637.65,24415.0,24627.4,2607750
1721969100000,24629.0,24714.9,24625.0,24700.0,1163000
1721972700000,24699.95,24730.55,24689.55,24708.65,724125
1721976300000,24711.0,24849.9,24704.95,24844.9,1404050
1721979900000,24846.7,24900.0,24831.0,24866.45,1845300
1721983500000,24865.0,24939.5,24827.8,24939.0,1435525
1721987100000,24936.0,24939.9,24896.0,24924.0,1062650
1722224700000,24999.0,25033.5,24925.6,24928.0,1935300
1722228300000,24928.0,25022.0,24921.0,25002.0,726025
1722231900000,25005.35,25075.0,24966.0,24983.3,862400
1722235500000,24983.6,24986.7,24875.05,24912.0,1188875
1722239100000,24915.0,24947.0,24865.0,24871.4,592625
1722242700000,24873.0,24935.0,24833.95,24908.0,1259800
1722246300000,24908.0,24929.35,24905.2,24924.6,464100
1722311100000,24870.0,24948.8,24850.0,24921.9,1146850
1722314700000,24922.6,25008.5,24916.75,24980.15,691175
1722318300000,24980.0,25000.0,24953.0,24982.2,657550
1722321900000,24983.0,25013.5,24966.25,24977.85,570725
1722325500000,24977.0,24984.6,24924.0,24972.15,783500
1722329100000,24974.0,25016.05,24906.35,24925.0,828825
1722332700000,24923.1,24937.45,24915.5,24935.0,598450
1722397500000,24933.0,25000.0,24911.0,24997.1,1131250
1722401100000,24998.0,25019.7,24946.5,24971.0,876400
1722404700000,24969.0,24995.0,24952.6,24989.9,364025
1722408300000,24989.9,25003.0,24967.5,24991.0,265825
1722411900000,24987.7,25010.0,24971.1,24980.0,370450
1722415500000,24979.55,25029.0,24974.95,25004.35,660325
1722419100000,25002.35,25032.9,25002.35,25031.35,453625
1722483900000,25060.05,25132.85,25060.05,25079.0,1554000
1722487500000,25079.0,25094.7,25045.0,25071.0,742525
1722491100000,25069.5,25071.25,25015.5,25025.6,470275
1722494700000,25026.95,25037.0,24991.25,25028.3,587525
1722498300000,25028.3,25036.5,25004.1,25014.3,342500
1722501900000,25012.45,25038.95,24985.85,25038.3,1275350
1722505500000,25038.35,25043.2,25028.05,25038.0,752775
1722570300000,24824.95,24884.8,24752.0,24808.45,3507475
1722573900000,24810.1,24862.0,24780.0,24830.25,968200
1722577500000,24832.6,24863.85,24806.0,24816.4,483575
1722581100000,24815.0,24820.0,24760.6,24795.0,526425
1722584700000,24795.0,24829.0,24772.0,24778.45,533650
1722588300000,24780.0,24802.0,24670.0,24727.6,1656275
1722591900000,24728.9,24732.05,24700.0,24700.0,555700
1722829500000,24550.0,24550.0,24241.0,24313.4,5123800
1722833100000,24313.9,24314.95,24035.4,24044.75,3257100
1722836700000,24040.1,24076.35,23912.5,24066.0,3067050
1722840300000,24068.65,24088.55,23950.0,24068.0,1555300
1722843900000,24062.6,24177.0,24040.7,24118.7,2160675
1722847500000,24120.0,24159.9,24042.0,24100.0,2022200
1722851100000,24102.6,24110.0,24091.0,24096.0,651225
1722915900000,24230.2,24398.9,24230.2,24322.35,3406475
1722919500000,24322.25,24345.55,24173.45,24255.0,1702650
1722923100000,24262.0,24293.0,24244.05,24280.0,512400
1722926700000,24280.0,24280.0,24180.05,24191.7,778675
1722930300000,24190.0,24209.9,24050.1,24065.0,1467825
1722933900000,24063.0,24116.6,24001.0,24035.15,1700975
1722937500000,24034.7,24091.05,24026.25,24091.0,984800
1723002300000,24310.2,24359.0,24226.0,24253.0,2923300
1723005900000,24251.05,24397.95,24242.0,24298.9,1806225
1723009500000,24298.55,24299.9,24248.0,24260.0,586050
1723013100000,24257.65,24323.0,24232.5,24267.2,549950
1723016700000,24262.0,24294.95,24208.2,24294.9,606975
1723020300000,24290.1,24385.3,24288.0,24380.7,1293450
1723023900000,24380.4,24387.2,24360.0,24373.9,515375
1723088700000,24299.0,24299.0,24152.0,24194.6,2610300
1723092300000,24192.85,24292.6,24170.0,24214.05,1246725
1723095900000,24213.95,24326.0,24195.7,24326.0,854750
1723099500000,24328.0,24357.75,24169.8,24191.5,1482550
1723103100000,24187.9,24209.6,24123.3,24174.3,1077975
1723106700000,24176.95,24215.4,24141.45,24141.45,1253625
1723110300000,24141.25,24147.0,24111.0,24123.35,879500
1723175100000,24350.2,24444.0,24333.8,24365.75,2945350
1723178700000,24362.75,24390.3,24316.4,24369.95,936625
1723182300000,24369.15,24399.0,24360.1,24373.65,346825
1723185900000,24375.8,24393.0,24364.3,24383.65,295075
1723189500000,24382.5,24434.0,24380.25,24423.45,819125
1723193100000,24426.85,24428.85,24393.75,24407.65,697600
1723196700000,24408.95,24409.65,24390.0,24398.5,458500
1723434300000,24355.0,24383.95,24272.0,24310.0,1637250
1723437900000,24310.0,24499.9,24310.0,24499.9,1526300
1723441500000,24499.95,24530.0,24435.05,24436.4,939300
1723445100000,24437.1,24475.0,24415.0,24440.0,452525
1723448700000,24438.05,24490.1,24431.0,24473.05,339250
1723452300000,24473.3,24480.0,24311.8,24355.65,1316450
1723455900000,24355.6,24384.0,24355.6,24363.55,386775
1723520700000,24349.95,24390.0,24322.65,24361.1,1117600
1723524300000,24361.9,24366.0,24312.35,24343.0,509500
1723527900000,24343.0,24369.9,24291.1,24320.8,449550
1723531500000,24320.2,24320.8,24240.0,24263.0,868600
1723535100000,24260.7,24281.8,24125.35,24160.0,1290675
1723538700000,24160.55,24195.0,24135.7,24141.7,1072775
1723542300000,24144.35,24168.7,24141.95,24158.0,389050
1723607100000,24199.95,24221.0,24122.15,24165.0,1252925
1723610700000,24163.05,24197.5,24143.85,24164.45,570975
1723614300000,24164.65,24189.0,24153.0,24188.95,341125
1723617900000,24188.9,24228.65,24168.3,24205.5,695775
1723621500000,24206.75,24206.8,24163.25,24190.55,411950
1723625100000,24190.55,24201.95,24155.15,24170.0,878875
1723628700000,24169.95,24179.85,24165.25,24172.0,356775
1723779900000,24322.35,24435.0,24301.0,24313.45,2418375
1723783500000,24312.0,24324.8,24233.0,24260.0,1224550
1723787100000,24255.0,24468.1,24250.0,24444.95,1650325
1723790700000,24444.85,24489.0,24413.35,24470.45,957350
1723794300000,24474.0,24560.0,24463.45,24554.75,1323025
1723797900000,24556.35,24606.15,24514.35,24595.0,1259275
1723801500000,24593.45,24600.0,24578.0,24598.05,707375
1724039100000,24640.2,24661.75,24585.5,24594.3,1260125
1724042700000,24595.1,24605.0,24533.0,24560.0,846600
1724046300000,24563.0,24620.0,24556.0,24586.4,421525
1724049900000,24584.05,24623.9,24564.0,24616.95,242250
1724053500000,24616.6,24633.7,24554.15,24586.65,385850
1724057100000,24588.0,24628.0,24580.1,24592.7,378150
1724060700000,24591.9,24608.0,24590.05,24590.15,263025
1724125500000,24639.95,24759.3,24624.25,24755.0,1412750
1724129100000,24757.0,24765.0,24691.2,24729.95,667800
1724132700000,24730.0,24746.5,24700.5,24730.0,330875
1724136300000,24728.05,24756.0,24716.1,24747.0,273325
1724139900000,24747.0,24750.0,24715.1,24728.15,268850
1724143500000,24729.7,24742.0,24700.45,24710.0,526350
1724147100000,24708.0,24719.9,24706.05,24708.0,278325
1724211900000,24697.7,24755.5,24685.05,24745.0,841725
1724215500000,24742.55,24794.0,24711.0,24727.0,590875
1724219100000,24725.0,24771.85,24722.0,24755.1,266075
1724222700000,24755.0,24771.95,24750.0,24763.0,140975
1724226300000,24763.4,24784.0,24733.2,24775.7,293300
1724229900000,24781.1,24806.85,24750.5,24798.0,513600
1724233500000,24796.0,24804.25,24792.6,24795.55,331725
1724298300000,24849.95,24863.6,24805.2,24830.0,1087975
1724301900000,24830.0,24849.85,24820.0,24840.0,263650
1724305500000,24840.95,24873.45,24835.2,24852.35,326225
1724309100000,24852.35,24862.0,24826.15,24834.7,364925
1724312700000,24834.7,24855.0,24831.25,24850.5,281575
1724316300000,24850.5,24851.0,24825.65,24838.15,593725
1724319900000,24838.0,24845.0,24835.25,24840.0,381875
1724384700000,24840.4,24866.6,24790.95,24831.05,1026375
1724388300000,24826.6,24888.0,24821.0,24855.0,597525
1724391900000,24857.35,24874.05,24841.3,24861.0,348250
1724395500000,24861.0,24868.0,24846.45,24860.0,215850
1724399100000,24860.45,24863.35,24839.7,24863.35,296900
1724402700000,24862.95,24880.0,24825.9,24857.0,655675
1724406300000,24856.85,24865.0,24849.0,24861.0,419775
1724643900000,24901.65,25061.65,24885.0,25050.5,1766600
1724647500000,25050.6,25085.3,24992.35,25011.0,1034050
1724651100000,25007.0,25060.0,25006.3,25028.8,435650
1724654700000,25026.9,25074.7,25022.15,25065.2,507800
1724658300000,25061.9,25065.35,25024.6,25040.0,493800
1724661900000,25037.7,25065.85,25032.65,25041.0,550550
1724665500000,25040.05,25051.4,25040.0,25045.0,363850
1724730300000,25043.05,25052.2,24980.1,25023.15,1057500
1724733900000,25025.0,25065.75,25000.0,25055.0,558075
1724737500000,25052.2,25095.0,25036.15,25048.0,659575
1724741100000,25048.9,25065.0,25041.25,25062.0,510625
1724744700000,25062.0,25073.0,25051.0,25058.0,470525
1724748300000,25058.0,25063.7,25011.25,25017.0,668525
1724751900000,25016.7,25025.0,25002.65,25005.0,290150
1724816700000,25019.0,25048.95,24981.05,25024.2,857200
1724820300000,25024.2,25060.15,25002.55,25057.0,556275
1724823900000,25059.0,25145.0,25053.7,25109.9,1193175
1724827500000,25107.0,25128.5,25100.0,25113.9,496250
1724831100000,25113.95,25139.9,25101.0,25137.05,567225
1724834700000,25136.45,25140.0,25034.0,25040.7,1351525
1724838300000,25042.0,25056.85,25031.1,25055.0,343025
1724903100000,25014.95,25134.0,25014.95,25113.6,1236300
1724906700000,25115.0,25129.7,25091.05,25115.0,816925
1724910300000,25114.75,25120.0,25076.75,25097.2,776625
1724913900000,25097.15,25191.0,25094.4,25167.0,995150
1724917500000,25167.0,25180.0,24984.5,25074.15,1320575
1724921100000,25075.7,25220.75,24986.75,25150.05,1390600
1724924700000,25153.65,25162.2,25144.15,25155.65,271200
1724989500000,25325.0,25348.0,25281.7,25305.0,1580025
1724993100000,25306.0,25345.0,25288.1,25336.05,460475
1724996700000,25336.05,25345.0,25315.5,25338.9,274175
1725000300000,25338.0,25341.65,25314.0,25335.0,279450
1725003900000,25334.8,25353.75,25328.4,25345.0,573125
1725007500000,25344.55,25389.0,25331.9,25378.0,1428375
1725011100000,25378.25,25399.0,25371.0,25397.0,977750
1725248700000,25412.05,25420.0,25355.0,25379.35,1690575
1725252300000,25379.45,25402.8,25364.0,25399.95,514275
1725255900000,25399.8,25409.25,25355.05,25369.3,578975
1725259500000,25369.0,25370.0,25295.15,25313.2,954725
1725263100000,25313.25,25346.55,25306.0,25335.0,477500
1725266700000,25334.65,25356.35,25317.05,25341.65,593125
1725270300000,25341.85,25350.0,25333.5,25335.5,290900
1725335100000,25338.3,25358.25,25255.1,25350.2,738700
1725338700000,25352.0,25365.75,25337.0,25341.0,422675
1725342300000,25341.0,25355.9,25334.3,25354.85,287450
1725345900000,25355.9,25379.9,25345.0,25377.05,340350
1725349500000,25377.75,25398.0,25354.05,25370.6,379000
1725353100000,25370.5,25377.0,25348.0,25352.95,784350
1725356700000,25353.0,25362.15,25341.0,25341.0,286375
1725421500000,25210.15,25235.0,25142.35,25230.0,2639275
1725425100000,25228.0,25232.6,25170.0,25202.3,644425
1725428700000,25200.0,25213.45,25190.0,25208.15,277875
1725432300000,25208.5,25219.65,25190.1,25218.0,234150
1725435900000,25219.05,25275.0,25216.25,25227.55,699700
1725439500000,25226.55,25260.9,25206.05,25260.35,569750
1725443100000,25260.2,25262.4,25242.85,25250.0,479700
1725507900000,25350.0,25351.0,25260.1,25276.1,1214700
1725511500000,25276.05,25282.0,25225.0,25265.0,777800
1725515100000,25265.0,25268.95,25247.4,25258.8,205050
1725518700000,25263.25,25275.0,25250.0,25255.25,214400
1725522300000,25255.55,25267.95,25244.7,25264.95,183650
1725525900000,25263.35,25267.95,25229.1,25239.35,919700
1725529500000,25239.2,25242.25,25231.3,25234.0,406525
1725594300000,25189.8,25219.0,24935.05,24984.7,3751625
1725597900000,24982.0,25020.0,24912.0,24927.95,1729150
1725601500000,24927.95,25003.0,24925.0,24994.45,727375
1725605100000,24990.05,25020.0,24888.0,24913.0,945325
1725608700000,24914.3,24934.4,24881.05,24911.4,683650
1725612300000,24910.0,24916.4,24855.0,24909.9,2020175
1725615900000,24911.25,24922.8,24901.1,24902.0,548750
1725853500000,24865.35,24928.45,24816.0,24888.75,1666450
1725857100000,24885.0,24989.0,24881.75,24950.0,737000
1725860700000,24950.0,24953.5,24894.0,24902.25,575800
1725864300000,24901.35,24935.0,24881.35,24935.0,547225
1725867900000,24935.0,24995.95,24923.7,24937.6,560125
1725871500000,24938.8,24999.0,24915.5,24990.0,636425
1725875100000,24990.0,25000.8,24966.0,24993.3,625175
1725939900000,25034.0,25045.0,24919.5,24941.6,1489900
1725943500000,24943.3,25019.95,24932.35,25019.45,520000
1725947100000,25019.7,25079.95,25007.7,25062.3,785025
1725950700000,25062.8,25145.95,25053.75,25137.05,974650
1725954300000,25136.7,25174.0,25120.2,25150.0,896500
1725957900000,25150.15,25158.0,25050.5,25088.4,1036550
1725961500000,25088.05,25100.0,25083.6,25097.0,323400
1726026300000,25063.0,25096.6,25010.2,25074.0,1105525
1726029900000,25074.0,25108.0,25048.0,25094.1,529125
1726033500000,25094.6,25138.8,25062.15,25120.0,524500
1726037100000,25120.0,25145.0,25072.9,25090.05,323725
1726040700000,25093.5,25105.5,24956.6,24959.25,918900
1726044300000,24962.0,24994.0,24908.45,24925.95,1123100
1726047900000,24928.95,24956.95,24926.9,24945.0,374525
1726112700000,25060.0,25115.35,25032.0,25059.75,1717650
1726116300000,25059.95,25074.25,25025.0,25054.5,404400
1726119900000,25057.55,25084.45,24987.65,25050.05,507025
1726123500000,25051.0,25067.0,25011.0,25037.5,311000
1726127100000,25037.6,25250.0,25026.0,25221.5,2280175
1726130700000,25226.25,25415.95,25224.75,25388.25,4096225
1726134300000,25387.5,25388.75,25312.75,25334.9,1539450
1726199100000,25400.0,25409.9,25300.0,25335.6,1434025
1726202700000,25336.5,25433.0,25330.05,25418.0,825125
1726206300000,25419.0,25419.85,25373.2,25405.05,327000
1726209900000,25399.45,25422.9,25391.0,25412.3,323075
1726213500000,25412.25,25414.75,25362.25,25408.55,485750
1726217100000,25411.4,25414.0,25353.7,25375.05,581550
1726220700000,25374.8,25382.05,25363.5,25363.5,376700
1726458300000,25398.0,25487.85,25385.15,25454.4,1103725
1726461900000,25454.0,25464.95,25392.6,25413.0,530300
1726465500000,25413.35,25433.0,25367.0,25380.35,464550
1726469100000,25379.85,25425.0,25372.0,25418.3,301275
1726472700000,25417.05,25474.0,25415.15,25456.4,497050
1726476300000,25455.95,25460.0,25430.0,25440.8,485575
1726479900000,25441.05,25445.0,25435.0,25440.0,223675
1726544700000,25455.0,25455.0,25385.0,25405.05,1022400
1726548300000,25405.05,25445.0,25393.15,25433.0,247300
1726551900000,25433.0,25468.95,25431.0,25433.95,310325
1726555500000,25433.85,25462.75,25430.05,25452.0,192025
1726559100000,25452.05,25479.0,25441.5,25462.0,279725
1726562700000,25461.75,25465.85,25440.25,25448.65,425425
1726566300000,25448.6,25454.8,25446.0,25446.0,253750
1726631100000,25444.9,25475.0,25415.3,25445.25,747550
1726634700000,25445.45,25508.7,25436.95,25487.0,557525
1726638300000,25487.4,25497.05,25471.55,25486.1,215750
1726641900000,25490.6,25519.2,25395.0,25399.1,890225
1726645500000,25398.0,25415.0,25301.1,25364.2,1465200
1726649100000,25364.7,25434.1,25350.0,25397.05,732550
1726652700000,25395.0,25409.45,25368.85,25371.45,297525
1726717500000,25480.2,25640.0,25480.2,25540.0,2645875
1726721100000,25541.0,25565.45,25512.15,25534.7,798625
1726724700000,25535.45,25540.0,25420.0,25470.05,1487725
1726728300000,25470.0,25510.0,25436.65,25444.85,730350
1726731900000,25444.75,25470.45,25435.25,25460.8,464250
1726735500000,25460.7,25494.3,25446.0,25486.3,929625
1726739100000,25486.55,25509.0,25476.65,25509.0,533175
1726803900000,25552.2,25597.0,25447.0,25550.4,1969675
1726807500000,25552.75,25696.9,25534.5,25678.95,1414525
1726811100000,25683.8,25725.0,25660.0,25693.65,1003525
1726814700000,25696.75,25783.0,25675.0,25763.6,1125450
1726818300000,25762.55,25793.0,25541.0,25648.0,2850600
1726821900000,25647.55,25780.0,25614.05,25779.7,2306650
1726825500000,25776.35,25798.8,25757.55,25786.8,1536875
1727063100000,25850.2,25945.0,25850.2,25897.5,1731925
1727066700000,25899.4,25903.0,25860.0,25881.8,709175
1727070300000,25881.8,25891.6,25855.0,25878.0,881525
1727073900000,25879.4,25906.0,25860.2,25892.7,469425
1727077500000,25892.7,25924.3,25884.2,25909.9,718650
1727081100000,25909.2,25954.1,25903.0,25914.2,1129375
1727084700000,25913.9,25930.95,25910.0,25916.8,610825
1727149500000,25901.05,25996.0,25899.85,25971.5,1093900
1727153100000,25976.0,26000.0,25945.5,25957.1,781625
1727156700000,25955.0,25955.0,25925.0,25941.15,882125
1727160300000,25941.05,25970.9,25940.0,25962.95,750175
1727163900000,25963.4,25995.0,25960.4,25976.6,904150
1727167500000,25976.05,25996.0,25925.4,25942.0,892850
1727171100000,25941.7,25956.15,25941.0,25954.1,328875
1727235900000,25944.85,25954.1,25907.0,25915.7,854100
1727239500000,25917.9,25946.6,25902.1,25927.65,745975
1727243100000,25929.0,25946.35,25878.1,25896.0,635200
1727246700000,25896.65,25911.9,25890.0,25895.3,463600
1727250300000,25895.35,25962.9,25895.35,25951.5,727575
1727253900000,25951.5,26027.95,25932.05,26010.95,943350
1727257500000,26008.05,26014.1,25996.0,26003.0,375250
1727322300000,26024.05,26089.0,26016.5,26077.65,1328250
1727325900000,26075.0,26105.05,26062.05,26087.2,757700
1727329500000,26087.2,26111.6,26066.05,26106.8,618625
1727333100000,26106.8,26129.75,26069.05,26105.9,710750
1727336700000,26103.4,26142.4,26029.65,26081.1,1108275
1727340300000,26086.45,26260.1,26082.5,26219.95,1527225
1727343900000,26220.0,26226.35,26215.0,26220.1,320425
1727408700000,26308.8,26391.2,26304.1,26385.0,1480875
1727412300000,26387.3,26402.9,26344.25,26360.8,694350
1727415900000,26360.3,26369.15,26328.0,26364.05,432125
1727419500000,26364.6,26378.0,26319.6,26327.8,480050
1727423100000,26327.5,26395.0,26310.0,26339.95,747650
1727426700000,26338.15,26378.25,26320.0,26353.0,555675
1727430300000,26351.45,26358.1,26339.85,26347.6,405100
1727667900000,26280.0,26301.1,26120.0,26133.65,2682375
1727671500000,26136.3,26158.0,26082.0,26083.2,972200
1727675100000,26091.9,26093.4,26045.15,26060.0,1005250
1727678700000,26060.1,26079.35,26018.0,26031.1,589675
1727682300000,26031.6,26034.3,25976.0,25985.15,1063850
1727685900000,25980.15,26020.0,25951.25,25991.9,1325675
1727689500000,25993.25,26004.85,25981.2,25989.85,538600
1727754300000,25990.0,26059.95,25956.0,25979.95,1126625
1727757900000,25975.25,25985.0,25890.0,25910.85,923400
1727761500000,25910.55,26019.75,25903.0,25996.2,686650
1727765100000,25996.2,26015.6,25917.0,25970.75,481775
1727768700000,25967.0,25984.95,25947.6,25962.0,294300
1727772300000,25963.2,25986.95,25922.5,25956.9,594425
1727775900000,25955.0,25977.7,25955.0,25977.7,382525
1727927100000,25670.1,25818.15,25670.1,25703.9,3178775
1727930700000,25700.0,25719.9,25664.0,25676.0,1242450
1727934300000,25675.95,25676.95,25566.0,25575.0,1676975
1727937900000,25574.45,25607.55,25535.0,25543.1,1107625
1727941500000,25540.0,25544.05,25440.0,25487.0,1956025
1727945100000,25487.8,25491.8,25450.75,25490.0,1695725
1727948700000,25485.0,25490.0,25465.05,25478.15,890375
1728013500000,25400.0,25479.9,25325.0,25405.0,2788825
1728017100000,25400.05,25524.9,25370.0,25499.1,1114475
1728020700000,25501.3,25618.8,25453.55,25618.8,1099725
1728024300000,25619.8,25631.0,25286.7,25318.65,2527950
1728027900000,25318.25,25330.0,25215.0,25232.7,1438775
1728031500000,25234.15,25242.2,25129.65,25170.0,1964600
1728035100000,25169.5,25197.95,25168.25,25194.95,751525
1728272700000,25260.2,25299.0,25194.05,25235.7,1817625
1728276300000,25233.3,25242.25,24965.0,25049.0,1740875
1728279900000,25047.45,25174.0,25047.45,25110.35,1322225
1728283500000,25108.6,25145.5,24953.0,24973.4,991900
1728287100000,24975.4,25012.7,24886.5,24950.4,1535500
1728290700000,24948.5,25060.0,24895.0,24958.0,1758175
1728294300000,24958.05,25009.0,24955.65,25001.85,639625
1728359100000,24983.95,25071.45,24928.6,24994.45,2084100
1728362700000,24994.45,25120.0,24973.45,25100.0,1249900
1728366300000,25100.0,25163.0,25050.0,25085.0,877500
1728369900000,25085.0,25130.0,25010.25,25119.15,663050
1728373500000,25119.15,25198.25,25072.0,25189.0,890250
1728377100000,25190.0,25200.0,25040.1,25123.55,1211675
1728380700000,25120.3,25155.0,25120.3,25147.1,461925
1728445500000,25185.05,25309.0,25139.95,25304.45,2104100
1728449100000,25303.95,25338.8,25235.0,25336.0,1261450
1728452700000,25336.15,25357.0,25206.05,25226.6,1183950
1728456300000,25228.1,25279.95,25208.05,25222.2,521450
1728459900000,25222.25,25245.6,25168.8,25206.65,684750
1728463500000,25205.05,25205.05,25050.0,25080.0,1528150
1728467100000,25077.1,25119.75,25075.05,25119.75,384800
1728531900000,25180.2,25267.15,25127.1,25255.0,1336325
1728535500000,25255.0,25269.05,25152.15,25160.0,615775
1728539100000,25160.0,25179.25,25119.7,25160.1,591775
1728542700000,25160.15,25177.8,25131.55,25156.05,318825
1728546300000,25155.05,25175.0,25132.65,25144.6,400600
1728549900000,25143.3,25163.75,25113.6,25121.8,939650
1728553500000,25121.25,25128.0,25100.0,25127.0,424825
1728618300000,25115.0,25150.0,25053.65,25144.0,851550
1728621900000,25146.0,25147.65,25025.05,25053.85,613300
1728625500000,25050.7,25063.95,25001.1,25044.1,587650
1728629100000,25045.0,25065.95,25035.0,25057.8,201525
1728632700000,25057.6,25087.1,25042.0,25055.45,271825
1728636300000,25055.5,25068.6,25032.6,25043.6,362700
1728639900000,25043.75,25058.85,25043.75,25048.0,350525
1728877500000,25060.0,25248.8,25060.0,25208.0,1778325
1728881100000,25210.0,25226.9,25180.6,25208.0,329700
1728884700000,25209.0,25259.5,25208.0,25255.0,495225
1728888300000,25255.0,25259.5,25203.95,25203.95,246300
1728891900000,25203.0,25238.1,25191.1,25228.1,230925
1728895500000,25228.15,25249.85,25205.1,25212.45,405675
1728899100000,25211.9,25235.0,25211.7,25235.0,275300
1728963900000,25259.0,25287.95,25121.0,25132.0,1425850
1728967500000,25130.0,25180.65,25086.0,25145.45,860300
1728971100000,25144.9,25168.35,25105.65,25142.7,262975
1728974700000,25138.0,25145.95,25064.4,25090.1,356125
1728978300000,25092.1,25135.35,25085.0,25112.1,299625
1728981900000,25109.7,25134.9,25083.2,25115.85,464075
1728985500000,25111.5,25135.0,25110.0,25131.25,300550
1729050300000,25060.0,25182.8,25054.1,25141.0,987850
1729053900000,25141.05,25158.55,25083.3,25093.0,444450
1729057500000,25090.1,25093.0,24969.15,25007.8,1191050
1729061100000,25007.0,25054.95,24990.1,25050.0,350550
1729064700000,25050.1,25106.0,25020.3,25102.2,501875
1729068300000,25101.85,25153.8,25043.0,25047.05,782700
1729071900000,25050.0,25054.95,25032.4,25032.6,358200
1729136700000,25068.7,25074.9,24870.0,24906.5,1596225
1729140300000,24904.75,24929.0,24855.55,24857.95,619150
1729143900000,24856.25,24882.95,24837.0,24858.8,634200
1729147500000,24859.8,24873.25,24832.1,24856.25,438675
1729151100000,24856.1,24857.0,24815.1,24818.2,457625
1729154700000,24816.8,24860.0,24816.3,24854.25,668775
1729158300000,24851.3,24861.05,24831.0,24845.1,410475
1729223100000,24749.8,24777.0,24640.2,24760.0,2028950
1729226700000,24761.35,24848.0,24750.75,24812.0,908375
1729230300000,24806.95,24918.0,24777.0,24884.15,854525
1729233900000,24882.0,24968.85,24875.1,24921.7,825350
1729237500000,24913.95,24996.75,24913.4,24971.75,582100
1729241100000,24971.75,24992.0,24925.25,24930.15,557300
1729244700000,24930.1,24965.0,24930.0,24962.0,376850
1729482300000,24975.0,25030.0,24722.0,24853.0,2375125
1729485900000,24850.6,24879.95,24812.3,24840.0,413600
1729489500000,24840.0,24846.95,24745.4,24745.4,415100
1729493100000,24742.45,24782.25,24730.2,24766.5,317125
1729496700000,24772.0,24912.85,24770.6,24844.45,652875
1729500300000,24844.0,24900.8,24782.6,24803.0,521450
1729503900000,24803.0,24807.65,24752.3,24757.0,286875
1729568700000,24789.7,24939.0,24777.0,24806.65,1563700
1729572300000,24805.95,24820.0,24693.0,24784.9,1228750
1729575900000,24783.5,24785.0,24695.0,24717.4,538950
1729579500000,24715.5,24761.0,24647.0,24679.35,748275
1729583100000,24679.35,24681.0,24625.25,24674.9,553750
1729586700000,24675.0,24678.0,24507.1,24513.5,1156000
1729590300000,24508.9,24545.0,24508.4,24527.0,463675
1729655100000,24471.0,24616.0,24462.0,24591.0,1787650
1729658700000,24591.0,24674.95,24521.85,24624.05,898750
1729662300000,24627.65,24676.05,24577.5,24591.05,456225
1729665900000,24586.0,24634.75,24550.0,24593.2,483975
1729669500000,24596.0,24615.0,24521.0,24522.25,383800
1729673100000,24527.55,24530.0,24455.05,24474.95,910200
1729676700000,24475.55,24487.85,24469.75,24480.0,322300
1729741500000,24490.1,24538.95,24388.5,24495.85,1615575
1729745100000,24498.65,24504.75,24451.3,24454.1,416325
1729748700000,24454.15,24473.15,24450.0,24451.75,294300
1729752300000,24453.0,24459.25,24429.0,24438.45,303625
1729755900000,24435.0,24446.75,24426.3,24430.8,232275
1729759500000,24433.0,24456.45,24405.25,24445.1,663150
1729763100000,24445.05,24474.0,24445.0,24474.0,320375
1729827900000,24400.0,24457.6,24240.0,24249.35,1787000
1729831500000,24249.35,24278.95,24136.45,24182.45,1217025
1729835100000,24180.7,24223.15,24140.0,24152.05,898450
1729838700000,24149.35,24160.0,24100.0,24142.2,728825
1729842300000,24142.45,24150.0,24092.0,24102.5,616825
1729845900000,24102.8,24196.5,24068.0,24186.05,1347475
1729849500000,24186.1,24232.3,24186.1,24213.1,459675
1730087100000,24258.3,24314.0,24161.5,24304.6,1832000
1730090700000,24303.5,24436.1,24303.5,24390.05,1655650
1730094300000,24394.6,24484.2,24378.6,24480.7,545775
1730097900000,24475.3,24492.0,24390.9,24411.15,571775
1730101500000,24413.05,24466.45,24366.9,24384.95,542750
1730105100000,24384.85,24437.95,24312.05,24358.0,1065775
1730108700000,24357.4,24368.55,24335.7,24362.0,313825
1730173500000,24368.8,24385.35,24183.0,24250.3,1357725
1730177100000,24252.9,24274.9,24164.0,24219.35,971375
1730180700000,24219.35,24324.9,24200.0,24324.9,1044300
1730184300000,24324.7,24373.75,24291.6,24342.35,847075
1730187900000,24342.35,24447.5,24278.85,24447.5,910525
1730191500000,24448.0,24501.3,24407.7,24484.95,1093400
1730195100000,24484.0,24484.0,24455.0,24473.0,273100
1730259900000,24427.95,24448.15,24361.0,24440.8,1140975
1730263500000,24436.95,24479.0,24400.0,24463.9,542325
1730267100000,24464.15,24485.0,24433.0,24463.0,396850
1730270700000,24463.0,24520.0,24432.5,24446.05,725050
1730274300000,24446.05,24446.05,24332.4,24335.5,1136775
1730277900000,24335.65,24396.6,24314.95,24364.7,915400
1730281500000,24364.85,24386.0,24360.05,24366.9,292850
1730346300000,24324.95,24335.0,24241.0,24283.05,972825
1730349900000,24283.05,24285.05,24235.6,24243.0,824100
1730353500000,24243.9,24255.2,24227.45,24236.55,725175
1730357100000,24234.15,24236.95,24192.0,24208.7,684025
1730360700000,24209.0,24226.6,24191.65,24200.0,756050
1730364300000,24198.0,24219.95,24183.5,24206.0,925450
1730367900000,24208.05,24210.0,24199.55,24203.95,369850
1730464200000,24419.95,24419.95,24326.25,24383.05,1185275
1730691900000,24379.8,24379.8,24046.5,24073.0,2650175
1730695500000,24070.0,24089.0,23900.2,23930.25,1704000
1730699100000,23921.95,24043.9,23901.0,24006.05,1122175
1730702700000,24001.65,24024.0,23935.0,23993.45,436775
1730706300000,23996.0,24047.0,23960.0,24030.0,441150
1730709900000,24031.0,24126.35,24012.0,24124.95,1070075
1730713500000,24123.45,24137.6,24098.35,24100.0,522825
1730778300000,24074.5,24160.0,24049.25,24102.7,1357975
1730781900000,24097.0,24172.2,24077.95,24114.0,528150
1730785500000,24114.0,24125.0,23980.25,24009.6,948825
1730789100000,24009.85,24080.0,23981.15,24048.2,534125
1730792700000,24049.55,24281.0,24025.6,24263.75,1580675
1730796300000,24262.9,24320.0,24255.1,24290.0,996275
1730799900000,24289.0,24297.95,24274.6,24297.0,319125
1730864700000,24367.0,24529.45,24265.55,24500.0,2654300
1730868300000,24501.55,24514.95,24381.15,24466.05,922150
1730871900000,24469.6,24572.95,24451.0,24540.0,980250
1730875500000,24535.6,24586.8,24500.0,24574.2,663375
1730879100000,24574.2,24616.55,24551.0,24603.45,703800
1730882700000,24603.55,24665.0,24555.0,24571.6,1222400
1730886300000,24570.4,24598.0,24570.4,24590.75,522250
1730951100000,24549.0,24567.45,24308.45,24327.3,2648750
1730954700000,24326.1,24365.95,24288.5,24334.3,1037425
1730958300000,24334.3,24336.8,24291.25,24305.0,361325
1730961900000,24305.0,24347.0,24301.1,24332.0,337450
1730965500000,24330.65,24334.9,24283.4,24317.15,622125
1730969100000,24318.2,24320.75,24293.7,24295.75,545225
1730972700000,24297.95,24305.0,24280.2,24283.35,458250
1731037500000,24334.0,24415.0,24155.45,24302.7,2337000
1731041100000,24302.7,24318.0,24243.55,24257.7,455600
1731044700000,24258.25,24267.25,24177.15,24191.25,600150
1731048300000,24190.5,24265.15,24185.5,24264.0,372750
1731051900000,24265.35,24283.3,24223.0,24225.0,363375
1731055500000,24225.0,24262.95,24203.1,24239.0,454150
1731059100000,24234.8,24244.0,24194.8,24203.95,347400
1731296700000,24150.0,24250.0,24092.6,24191.95,1255050
1731300300000,24190.85,24402.6,24184.05,24392.65,1280425
1731303900000,24392.35,24434.0,24308.45,24336.8,917650
1731307500000,24337.3,24345.0,24271.6,24300.0,435025
1731311100000,24295.05,24307.3,24184.75,24190.0,957525
1731314700000,24184.55,24294.0,24150.0,24244.2,876500
1731318300000,24244.2,24248.0,24210.2,24223.0,219050
1731383100000,24266.85,24315.0,24190.0,24237.8,1157350
1731386700000,24231.8,24280.0,24181.4,24226.05,558450
1731390300000,24221.0,24237.65,24174.75,24185.0,264150
1731393900000,24179.9,24210.0,24057.45,24079.85,906975
1731397500000,24077.05,24078.0,23994.2,24026.5,947000
1731401100000,24026.25,24070.0,23945.0,23950.1,871400
1731404700000,23952.3,23969.0,23921.5,23933.9,544900
1731469500000,23889.0,23945.0,23761.0,23765.85,2003100
1731473100000,23769.05,23853.05,23752.0,23780.95,680850
1731476700000,23785.0,23807.0,23750.0,23756.15,414375
1731480300000,23750.0,23794.9,23703.0,23747.5,661175
1731483900000,23748.0,23803.0,23706.75,23736.9,735900
1731487500000,23737.5,23737.7,23605.0,23638.95,1569350
1731491100000,23639.1,23708.9,23639.1,23690.1,596125
1731555900000,23649.0,23756.9,23600.0,23709.7,1706675
1731559500000,23709.7,23710.0,23563.4,23574.5,846225
1731563100000,23574.95,23661.0,23570.0,23651.45,612025
1731566700000,23656.55,23656.65,23591.45,23625.1,680575
1731570300000,23629.0,23655.0,23592.5,23617.0,582150
1731573900000,23620.0,23624.0,23561.5,23607.9,797675
1731577500000,23608.95,23632.35,23596.25,23632.35,447175
1731901500000,23599.9,23619.9,23402.4,23506.1,1939000
1731905100000,23509.55,23523.45,23390.05,23427.0,763875
1731908700000,23429.3,23547.0,23427.3,23535.55,508475
1731912300000,23540.0,23644.95,23520.6,23561.45,1168875
1731915900000,23562.85,23569.45,23503.0,23539.85,560225
1731919500000,23543.75,23543.75,23458.85,23511.3,641775
1731923100000,23508.45,23540.55,23508.0,23517.9,254700
1731987900000,23600.2,23771.0,23567.15,23741.05,2204425
1731991500000,23741.0,23815.0,23731.7,23792.2,808850
1731995100000,23795.0,23844.0,23785.45,23814.95,675800
1731998700000,23814.65,23830.0,23777.7,23821.0,333025
1732002300000,23822.0,23825.0,23743.05,23752.7,412750
1732005900000,23752.6,23779.9,23492.0,23506.8,2208775
1732009500000,23501.65,23534.0,23485.1,23491.0,666425
1732160700000,23460.95,23507.15,23277.0,23329.7,2508025
1732164300000,23328.7,23375.6,23324.7,23372.15,635225
1732167900000,23367.65,23404.7,23360.25,23377.4,554925
1732171500000,23382.0,23396.0,23336.05,23369.0,323275
1732175100000,23364.05,23390.4,23363.0,23364.35,236750
1732178700000,23364.35,23378.0,23323.8,23352.0,914650
1732182300000,23353.8,23368.35,23349.0,23349.0,354525
1732247100000,23424.75,23639.9,23381.2,23603.05,2983150
1732250700000,23608.65,23624.75,23472.0,23544.65,874650
1732254300000,23546.9,23695.0,23515.65,23665.0,892000
1732257900000,23664.0,23746.9,23630.0,23722.0,892975
1732261500000,23724.95,23892.25,23681.5,23855.0,1419650
1732265100000,23850.55,23959.7,23806.8,23905.15,2456550
1732268700000,23905.15,23910.0,23836.05,23910.0,1032450
1732506300000,24268.0,24340.0,24243.0,24269.3,2546025
1732509900000,24268.0,24365.0,24265.0,24344.65,832200
1732513500000,24344.65,24365.0,24262.2,24317.3,528425
1732517100000,24312.85,24320.0,24120.0,24178.1,1160175
1732520700000,24182.85,24236.6,24155.55,24206.0,592250
1732524300000,24206.0,24288.0,24180.0,24260.95,1026250
1732527900000,24261.5,24301.7,24255.65,24300.6,914675
1732592700000,24349.0,24349.0,24209.6,24232.45,1198750
1732596300000,24232.25,24240.15,24160.0,24202.15,896250
1732599900000,24204.45,24242.8,24180.8,24192.25,388400
1732603500000,24192.55,24206.95,24141.65,24172.5,502100
1732607100000,24172.8,24221.45,24132.0,24200.65,740600
1732610700000,24199.15,24274.9,24194.0,24226.35,767475
1732614300000,24228.35,24232.0,24203.25,24207.0,168600
1732679100000,24214.9,24246.45,24157.0,24215.05,785350
1732682700000,24209.55,24216.0,24172.0,24197.0,487850
1732686300000,24196.0,24244.0,24178.0,24213.9,607125
1732689900000,24213.9,24353.85,24213.9,24347.05,1138600
1732693500000,24349.0,24380.0,24305.3,24309.0,1030625
1732697100000,24309.0,24340.3,24287.65,24300.0,937950
1732700700000,24298.9,24315.6,24295.0,24310.0,318625
1732765500000,24324.95,24354.0,24253.0,24336.2,1110575
1732769100000,24337.05,24343.4,24047.85,24080.55,2203700
1732772700000,24080.55,24126.0,24023.15,24067.75,862000
1732776300000,24067.75,24095.0,23964.2,23975.65,1189775
1732779900000,23975.65,24085.3,23837.95,23951.35,1115800
1732783500000,23954.35,24018.0,23880.0,23902.05,1641300
1732787100000,23901.7,23919.55,23900.75,23912.55,578675
1732851900000,24139.85,24247.0,24112.0,24145.0,1774800
1732855500000,24135.5,24292.9,24129.95,24271.25,1463725
1732859100000,24272.4,24295.0,24215.05,24265.3,637150
1732862700000,24268.0,24275.0,24230.05,24274.35,287500
1732866300000,24275.0,24335.0,24264.0,24265.0,877075
1732869900000,24265.0,24367.95,24251.8,24297.5,1153875
1732873500000,24296.0,24314.0,24295.8,24312.95,386700
1733111100000,24300.0,24310.15,24168.0,24285.0,1981175
1733114700000,24283.85,24350.0,24252.9,24294.0,673625
1733118300000,24294.0,24330.0,24277.75,24302.85,244950
1733121900000,24299.75,24359.7,24298.0,24323.9,446675
1733125500000,24323.9,24450.0,24297.85,24428.65,992375
1733129100000,24427.55,24474.9,24422.25,24431.65,1060900
1733132700000,24430.25,24435.4,24408.45,24425.0,341975
1733197500000,24451.05,24495.0,24390.0,24444.4,1101100
1733201100000,24448.0,24548.9,24445.9,24545.0,994975
1733204700000,24540.0,24564.85,24521.05,24535.5,608425
1733208300000,24535.0,24560.0,24502.25,24525.6,438300
1733211900000,24525.55,24589.0,24515.1,24575.0,884000
1733215500000,24574.0,24590.0,24550.0,24553.1,705325
1733219100000,24553.2,24557.85,24532.25,24534.0,379950
1733283900000,24549.85,24660.0,24522.05,24633.0,1346350
1733287500000,24633.1,24640.0,24594.5,24618.7,459900
1733291100000,24615.0,24635.0,24440.0,24531.0,1524650
1733294700000,24532.0,24576.35,24510.0,24562.05,609925
1733298300000,24562.05,24636.9,24542.1,24626.95,848475
1733301900000,24626.95,24628.95,24512.5,24562.9,884925
1733305500000,24563.45,24572.5,24558.0,24559.0,259025
1733370300000,24597.0,24615.0,24490.0,24494.2,1113375
1733373900000,24490.6,24540.1,24396.0,24463.0,1227525
1733377500000,24461.0,24695.0,24425.0,24686.65,1691650
1733381100000,24684.4,24745.0,24660.9,24732.0,1233175
1733384700000,24733.0,24848.65,24670.0,24827.15,1429125
1733388300000,24821.9,24930.0,24636.8,24799.3,5038025
1733391900000,24799.45,24809.65,24775.0,24779.35,733825
1733456700000,24760.0,24844.9,24700.0,24735.05,1521000
1733460300000,24733.45,24843.25,24704.0,24793.4,1161875
1733463900000,24792.45,24808.85,24743.1,24792.3,341600
1733467500000,24792.3,24825.0,24774.9,24819.9,274200
1733471100000,24820.0,24823.6,24774.15,24796.0,406300
1733474700000,24795.0,24807.7,24752.1,24790.05,439500
1733478300000,24792.2,24805.0,24775.0,24781.55,242425
1733715900000,24763.95,24776.0,24651.7,24657.0,1246275
1733719500000,24659.75,24737.3,24652.0,24727.3,501975
1733723100000,24721.15,24780.0,24717.05,24746.85,559300
1733726700000,24745.2,24758.95,24700.9,24740.05,392450
1733730300000,24741.0,24752.0,24685.6,24696.85,219125
1733733900000,24697.3,24727.75,24680.0,24687.0,492950
1733737500000,24687.0,24710.0,24687.0,24698.6,176950
1733802300000,24709.0,24769.0,24680.0,24744.0,737950
1733805900000,24744.45,24756.15,24701.0,24734.0,307925
1733809500000,24736.4,24746.6,24706.2,24711.0,288200
1733813100000,24710.0,24711.0,24610.0,24637.05,962050
1733816700000,24637.05,24655.0,24595.25,24632.3,715700
1733820300000,24631.2,24694.95,24618.0,24681.0,769400
1733823900000,24681.15,24691.4,24671.65,24690.85,245775
1733888700000,24679.9,24732.9,24666.35,24713.65,771225
1733892300000,24710.95,24775.0,24685.1,24752.95,982975
1733895900000,24751.75,24798.8,24748.3,24767.4,806375
1733899500000,24767.4,24771.25,24721.5,24754.0,437575
1733903100000,24752.5,24765.55,24740.0,24748.6,180400
1733906700000,24748.7,24753.25,24708.75,24739.5,545200
1733910300000,24736.0,24740.0,24731.65,24738.0,198200
1733975100000,24721.95,24797.9,24700.0,24705.0,728125
1733978700000,24701.2,24716.5,24675.0,24694.6,514875
1733982300000,24694.7,24698.55,24633.65,24647.0,701975
1733985900000,24645.0,24664.15,24635.0,24645.1,370350
1733989500000,24645.0,24663.7,24628.0,24654.15,418700
1733993100000,24657.55,24668.3,24635.5,24647.0,548925
1733996700000,24652.0,24655.0,24646.5,24647.0,258575
1734061500000,24593.9,24598.95,24391.0,24403.25,1995275
1734065100000,24403.05,24403.05,24231.0,24331.7,2313000
1734068700000,24331.45,24653.9,24315.75,24614.4,2815025
1734072300000,24615.5,24741.0,24560.2,24695.0,1630000
1734075900000,24698.5,24809.9,24641.95,24781.25,1413175
1734079500000,24777.5,24833.85,24760.0,24827.25,1013500
1734083100000,24826.1,24869.0,24815.25,24860.0,738100
1734320700000,24800.0,24833.0,24740.75,24772.0,1368575
1734324300000,24768.45,24774.6,24665.7,24686.75,978250
1734327900000,24683.3,24733.75,24660.15,24676.65,667350
1734331500000,24676.0,24739.95,24672.5,24733.9,368800
1734335100000,24730.05,24767.7,24701.15,24730.75,502300
1734338700000,24734.0,24775.0,24712.6,24733.0,478350
1734342300000,24734.0,24741.0,24718.35,24720.2,242700
1734407100000,24669.65,24695.0,24560.0,24581.9,1709750
1734410700000,24576.05,24585.0,24451.3,24527.85,1752375
1734414300000,24531.05,24548.9,24426.45,24449.4,992150
1734417900000,24449.4,24521.2,24430.0,24438.7,762050
1734421500000,24441.0,24470.0,24401.75,24413.9,1062575
1734425100000,24415.3,24438.45,24380.0,24415.0,1234825
1734428700000,24416.0,24426.05,24395.6,24401.95,429775
1734493500000,24369.85,24463.3,24305.0,24316.0,1626750
1734497100000,24310.0,24377.7,24281.15,24291.25,1071800
1734500700000,24296.0,24335.0,24270.35,24284.9,551750
1734504300000,24281.0,24310.7,24216.25,24275.25,997825
1734507900000,24279.0,24297.0,24240.0,24256.0,426325
1734511500000,24252.45,24273.0,24232.05,24247.0,555950
1734515100000,24248.4,24270.3,24247.25,24269.9,331575
1734579900000,24100.0,24100.0,23920.6,23983.0,2462650
1734583500000,23981.0,24016.45,23969.65,23980.0,459775
1734587100000,23980.75,24049.05,23980.75,24032.45,430625
1734590700000,24034.9,24040.05,24007.15,24015.05,264725
1734594300000,24015.0,24030.05,23990.9,24011.05,251150
1734597900000,24013.9,24029.9,24002.15,24018.5,636800
1734601500000,24019.0,24025.0,24004.0,24021.5,320675
1734666300000,23994.0,24097.95,23825.15,23865.95,2440250
1734669900000,23872.2,24028.45,23856.65,24000.0,1003150
1734673500000,24000.0,24005.55,23925.65,23929.0,400000
1734677100000,23921.2,23921.2,23755.0,23765.0,1095225
1734680700000,23765.0,23800.0,23700.45,23714.5,812050
1734684300000,23714.5,23752.0,23575.0,23575.0,1323625
1734687900000,23580.0,23668.0,23577.4,23642.3,662075
1734925500000,23725.05,23836.7,23725.0,23796.1,1766400
1734929100000,23800.0,23900.0,23768.5,23886.65,893475
1734932700000,23886.0,23901.8,23775.7,23800.05,779275
1734936300000,23796.45,23807.5,23681.95,23687.8,865200
1734939900000,23685.1,23730.0,23664.1,23715.1,554150
1734943500000,23716.0,23792.4,23710.5,23776.95,685825
1734947100000,23776.9,23780.0,23763.05,23768.0,241175
1735011900000,23765.95,23844.5,23716.0,23828.8,1080500
1735015500000,23824.25,23879.85,23822.5,23849.0,1128100
1735019100000,23849.0,23873.0,23804.05,23810.0,728525
1735022700000,23807.25,23844.95,23782.1,23806.95,898600
1735026300000,23806.9,23820.0,23745.55,23780.1,1099275
1735029900000,23778.4,23780.0,23732.3,23763.0,890150
1735033500000,23764.85,23779.6,23762.8,23772.1,363500
1735184700000,23806.4,23869.0,23728.0,23747.45,1314950
1735188300000,23747.45,23765.95,23690.25,23760.4,545475
1735191900000,23762.25,23769.0,23732.65,23739.0,564625
1735195500000,23734.3,23754.85,23733.3,23746.3,597425
1735199100000,23746.3,23760.0,23633.3,23742.55,1045000
1735202700000,23742.55,23755.5,23737.7,23749.15,951775
1735206300000,23749.65,23750.0,23748.05,23748.75,378150
1735271100000,23940.0,24119.0,23925.0,24115.0,2023175
1735274700000,24110.25,24127.95,24061.0,24089.7,800650
1735278300000,24088.9,24091.3,24020.0,24020.0,496775
1735281900000,24024.65,24048.6,24005.0,24035.0,404400
1735285500000,24035.4,24050.65,24018.15,24026.0,264850
1735289100000,24026.0,24033.75,23967.95,23984.1,643100
1735292700000,23981.0,24007.95,23980.55,24007.95,297600
1735530300000,23971.7,23980.9,23857.5,23930.0,1232400
1735533900000,23930.0,24010.0,23910.0,23939.0,559500
1735537500000,23936.05,24079.7,23930.0,24035.0,714025
1735541100000,24035.05,24044.3,23910.0,23934.2,719575
1735544700000,23932.0,23943.95,23782.0,23788.65,1306825
1735548300000,23785.0,23869.0,23771.5,23791.6,904175
1735551900000,23797.8,23841.5,23797.8,23828.0,312075
1735616700000,23700.0,23738.9,23602.0,23610.0,1672175
1735620300000,23612.75,23775.0,23612.75,23772.15,990725
1735623900000,23773.3,23777.0,23710.4,23736.0,394725
1735627500000,23738.05,23784.0,23720.0,23737.3,362950
1735631100000,23738.15,23857.75,23728.3,23833.0,803200
1735634700000,23833.85,23837.0,23765.0,23815.55,556125
1735638300000,23813.3,23819.25,23798.0,23819.25,372525
1735703100000,23500.0,23800.1,23500.0,23779.3,1078450
1735706700000,23779.3,23904.9,23762.55,23886.7,850950
1735710300000,23888.55,23921.5,23818.4,23862.95,561825
1735713900000,23862.0,23924.9,23846.05,23864.75,486175
1735717500000,23861.8,23964.0,23860.0,23925.65,651675
1735721100000,23927.5,23937.95,23875.4,23897.95,525025
1735724700000,23895.0,23916.75,23886.9,23914.0,237950
1735789500000,23911.0,23989.85,23863.1,23946.85,1421825
1735793100000,23946.0,24069.0,23946.0,24053.45,1149100
1735796700000,24054.7,24079.0,24021.1,24040.0,729500
1735800300000,24042.25,24190.0,24031.0,24178.25,1565125
1735803900000,24183.05,24240.0,24174.1,24229.4,1232100
1735807500000,24231.45,24314.0,24230.95,24284.95,1688625
1735811100000,24280.0,24289.4,24268.0,24269.8,688775
1735875900000,24240.0,24268.95,24110.0,24115.25,2113675
1735879500000,24121.0,24160.9,24090.0,24150.9,820800
1735883100000,24153.15,24239.9,24148.1,24212.1,972625
1735886700000,24211.0,24220.0,24140.0,24198.1,429050
1735890300000,24195.0,24210.0,24101.0,24114.0,574975
1735893900000,24115.0,24139.8,24076.25,24098.65,1071350
1735897500000,24099.25,24118.0,24071.4,24083.75,566725
1736135100000,24145.1,24150.0,23981.0,24119.95,1961300
1736138700000,24118.05,24147.95,23821.0,23845.0,1711350
1736142300000,23844.95,23883.05,23708.35,23815.0,2019675
1736145900000,23810.65,23864.6,23757.5,23795.45,1318275
1736149500000,23798.0,23798.0,23695.1,23714.95,925400
1736153100000,23719.0,23757.15,23660.0,23689.9,1124950
1736156700000,23692.0,23743.45,23689.95,23729.2,472125
1736221500000,23800.2,23890.0,23738.75,23853.2,2019275
1736225100000,23865.0,23876.95,23805.0,23831.4,495050
1736228700000,23832.15,23879.95,23803.0,23813.6,392350
1736232300000,23814.65,23837.35,23794.25,23823.0,172275
1736235900000,23825.0,23864.0,23782.15,23821.65,343075
1736239500000,23818.0,23835.0,23783.45,23792.45,502425
1736243100000,23796.4,23798.85,23785.4,23785.45,326375
1736307900000,23800.0,23800.0,23705.05,23754.2,1220925
1736311500000,23758.6,23772.95,23634.85,23661.0,932775
1736315100000,23654.4,23695.0,23612.45,23615.0,538150
1736318700000,23615.05,23646.0,23593.3,23631.15,505525
1736322300000,23631.9,23813.0,23616.0,23800.3,1357875
1736325900000,23798.0,23839.0,23760.1,23804.0,1154300
1736329500000,23799.0,23804.0,23775.2,23779.9,237575
1736394300000,23759.0,23759.0,23677.3,23724.0,1043600
1736397900000,23725.0,23744.95,23630.0,23655.0,693900
1736401500000,23657.75,23669.75,23636.0,23660.9,339525
1736405100000,23664.85,23717.35,23621.1,23645.75,518800
1736408700000,23642.0,23658.75,23621.0,23646.3,395650
1736412300000,23646.4,23656.0,23612.9,23645.5,1058200
1736415900000,23647.1,23670.45,23643.0,23666.05,523375
1736480700000,23625.05,23660.0,23430.0,23474.7,1993025
1736484300000,23475.9,23641.0,23461.0,23641.0,1244700
1736487900000,23644.0,23684.9,23550.0,23598.0,1198900
1736491500000,23596.4,23646.0,23571.65,23591.45,417725
1736495100000,23589.0,23611.9,23511.1,23512.0,458900
1736498700000,23511.0,23521.3,23464.0,23485.7,854775
1736502300000,23489.7,23524.0,23488.7,23518.95,373575
1736739900000,23400.0,23400.0,23250.0,23326.95,1907725
1736743500000,23344.75,23408.3,23320.0,23334.25,976600
1736747100000,23328.4,23353.8,23263.9,23272.25,652375
1736750700000,23272.25,23299.0,23215.0,23228.4,630950
1736754300000,23231.0,23250.0,23155.0,23176.0,1086775
1736757900000,23170.0,23190.3,23112.1,23157.3,1297000
1736761500000,23158.85,23179.0,23157.3,23169.9,417500
1736826300000,23248.0,23288.05,23206.05,23227.8,1350725
1736829900000,23227.0,23339.0,23198.45,23335.85,910900
1736833500000,23337.9,23338.0,23240.1,23256.25,441625
1736837100000,23256.0,23279.9,23225.0,23251.15,406000
1736840700000,23253.6,23267.55,23220.0,23262.8,311475
1736844300000,23262.0,23292.75,23245.05,23270.35,886525
1736847900000,23274.6,23294.9,23264.2,23279.9,558150
1736912700000,23302.05,23325.0,23214.05,23268.0,872250
1736916300000,23268.6,23345.0,23260.45,23305.1,767700
1736919900000,23304.6,23314.85,23258.2,23283.0,455675
1736923500000,23280.0,23312.3,23266.4,23272.0,254150
1736927100000,23268.0,23269.0,23201.0,23222.0,635350
1736930700000,23222.0,23272.75,23211.95,23266.15,417725
1736934300000,23266.45,23275.75,23252.5,23275.5,191650
1736999100000,23406.0,23419.4,23356.0,23372.0,1296950
1737002700000,23372.9,23390.85,23346.15,23366.0,374475
1737006300000,23363.0,23385.25,23353.5,23375.0,238800
1737009900000,23375.0,23410.0,23365.9,23392.95,418300
1737013500000,23392.95,23423.9,23389.0,23412.9,497575
1737017100000,23410.0,23411.0,23353.0,23361.2,853100
1737020700000,23361.0,23414.0,23360.7,23410.25,598750
1737085500000,23344.9,23353.8,23236.6,23271.0,1422500
1737089100000,23271.4,23330.0,23150.1,23183.95,1059750
1737092700000,23184.0,23290.0,23180.05,23273.85,897650
1737096300000,23274.0,23342.25,23257.0,23263.95,653850
1737099900000,23263.95,23270.15,23211.3,23252.0,528675
1737103500000,23255.0,23308.9,23246.5,23258.7,593150
1737107100000,23263.0,23275.0,23259.45,23265.6,303325
1737344700000,23339.95,23340.0,23220.0,23275.0,922375
1737348300000,23275.05,23332.2,23275.0,23320.0,476525
1737351900000,23320.0,23427.2,23316.75,23399.65,1221175
1737355500000,23399.6,23424.0,23380.0,23411.6,332400
1737359100000,23407.4,23449.0,23380.95,23415.35,423100
1737362700000,23415.35,23427.5,23386.45,23408.9,398650
1737366300000,23408.35,23410.0,23385.0,23387.4,318500
1737431100000,23424.95,23460.65,23290.0,23304.1,1509325
1737434700000,23301.3,23304.95,23172.7,23204.95,1539925
1737438300000,23202.65,23435.0,23182.75,23321.85,1718125
1737441900000,23320.1,23324.0,23174.2,23294.05,1429300
1737445500000,23294.8,23320.0,23160.6,23240.0,962600
1737449100000,23242.3,23255.0,23051.65,23100.0,1906700
1737452700000,23102.45,23117.75,23099.65,23109.45,643525
1737517500000,23164.0,23175.0,23090.5,23154.0,1335600
1737521100000,23155.75,23182.4,23102.35,23110.0,611350
1737524700000,23105.2,23125.85,23050.1,23067.95,604900
1737528300000,23067.95,23093.0,23029.3,23090.65,503400
1737531900000,23091.45,23120.5,23020.0,23104.1,562700
1737535500000,23105.0,23219.9,23092.2,23208.35,1348075
1737539100000,23210.0,23213.3,23192.2,23198.0,326925
1737603900000,23150.0,23288.15,23126.9,23270.8,1281625
1737607500000,23271.15,23298.1,23252.1,23271.0,744775
1737611100000,23270.05,23279.45,23241.65,23270.0,353525
1737614700000,23270.7,23319.85,23260.1,23292.65,520725
1737618300000,23291.1,23306.1,23275.15,23290.3,315475
1737621900000,23287.0,23292.95,23255.15,23259.45,523525
1737625500000,23259.95,23269.95,23257.8,23267.0,290900
1737690300000,23275.1,23321.0,23139.0,23176.0,1591325
1737693900000,23181.45,23330.75,23113.6,23312.65,1123900
1737697500000,23316.9,23375.0,23285.0,23335.35,973150
1737701100000,23335.35,23352.0,23176.7,23233.0,893250
1737704700000,23231.4,23239.0,23155.0,23157.05,687325
1737708300000,23157.0,23179.0,23071.45,23097.95,1125575
1737711900000,23100.0,23135.2,23100.0,23114.0,491350
1737949500000,22972.0,23028.9,22912.2,22973.05,1574550
1737953100000,22972.25,22974.2,22831.2,22866.6,1262650
1737956700000,22866.2,22967.2,22866.0,22885.55,767000
1737960300000,22890.0,22954.4,22846.25,22888.25,550450
1737963900000,22891.25,22897.0,22824.65,22840.8,637125
1737967500000,22841.3,22866.35,22809.0,22858.0,913800
1737971100000,22857.0,22859.95,22831.1,22831.9,342450
1738035900000,22948.0,22974.0,22871.0,22899.9,1424950
1738039500000,22902.5,23008.25,22876.0,22973.3,1151250
1738043100000,22974.4,23060.0,22960.1,23046.65,1255300
1738046700000,23048.3,23085.15,23020.25,23080.7,874150
1738050300000,23079.4,23088.0,23041.0,23061.25,824725
1738053900000,23060.0,23158.45,22934.75,22997.0,2146650
1738057500000,22992.0,22999.7,22976.6,22982.85,421225
1738122300000,23034.0,23115.0,23005.1,23077.6,1309450
1738125900000,23075.05,23145.0,23070.15,23091.4,1066350
1738129500000,23089.9,23142.6,22963.7,23118.2,1347975
1738133100000,23115.45,23185.5,23077.1,23115.0,1387500
1738136700000,23116.85,23179.95,23111.35,23169.95,986700
1738140300000,23174.75,23180.0,23105.65,23141.5,916525
1738143900000,23141.4,23177.0,23130.25,23177.0,438425
1738208700000,23150.0,23299.0,23127.15,23260.05,1458875
1738212300000,23258.25,23310.0,23220.0,23280.65,1068975
1738215900000,23280.0,23294.5,23212.6,23245.0,612400
1738219500000,23241.0,23289.0,23216.1,23261.6,657200
1738223100000,23259.9,23270.0,23120.0,23175.0,1279150
1738226700000,23163.9,23248.0,23136.0,23240.1,1291750
1738230300000,23240.0,23250.0,23234.45,23249.0,362475
1738295100000,23490.0,23510.85,23411.05,23485.0,1456650
1738298700000,23480.5,23558.0,23464.35,23528.0,1110600
1738302300000,23530.0,23579.85,23506.95,23577.0,752475
1738305900000,23578.95,23635.0,23560.0,23629.0,903150
1738309500000,23627.0,23643.0,23540.5,23566.25,1008150
1738313100000,23570.0,23633.05,23543.85,23614.8,944625
1738316700000,23611.0,23644.0,23603.0,23642.0,488550
1738381500000,23584.0,23687.9,23541.0,23633.0,1152825
1738385100000,23635.9,23694.95,23611.2,23671.35,767250
1738388700000,23677.0,23715.35,23471.4,23543.45,3530775
1738392300000,23554.65,23622.0,23422.95,23461.2,2745075
1738395900000,23468.15,23607.75,23447.0,23590.0,1392375
1738399500000,23589.35,23625.0,23544.15,23551.75,1284825
1738403100000,23551.55,23563.0,23541.25,23560.0,447075
1738554300000,23390.0,23445.0,23305.35,23343.65,2745825
1738557900000,23341.35,23409.0,23330.0,23405.0,689100
1738561500000,23406.0,23418.0,23325.25,23384.05,606225
1738565100000,23384.1,23448.0,23350.0,23441.0,606300
1738568700000,23439.6,23449.0,23369.0,23419.0,552075
1738572300000,23419.0,23463.25,23401.1,23451.4,678375
1738575900000,23448.0,23453.0,23433.0,23440.0,392175
1738640700000,23550.0,23645.0,23535.0,23586.0,2403525
1738644300000,23586.65,23609.65,23496.9,23573.25,1475700
1738647900000,23574.5,23666.0,23565.0,23629.35,1304025
1738651500000,23626.4,23695.0,23621.0,23694.0,1085025
1738655100000,23690.0,23757.4,23679.05,23700.4,1772025
1738658700000,23683.0,23796.75,23675.65,23793.35,1676175
1738662300000,23792.75,23793.0,23775.45,23791.7,557700
1738727100000,23825.0,23853.8,23796.05,23824.0,1215975
1738730700000,23825.0,23850.8,23803.0,23805.95,530475
1738734300000,23806.35,23832.0,23787.3,23800.8,348000
1738737900000,23797.5,23830.0,23795.45,23830.0,339450
1738741500000,23830.0,23849.0,23805.65,23815.45,341325
1738745100000,23816.0,23825.05,23766.25,23770.0,743025
1738748700000,23773.95,23777.7,23755.0,23757.0,315450
1738813500000,23822.4,23835.0,23700.05,23712.0,1139925
1738817100000,23712.35,23744.9,23688.0,23704.05,521550
1738820700000,23704.05,23715.0,23681.1,23704.1,404700
1738824300000,23708.6,23714.2,23675.05,23692.8,463125
1738827900000,23688.1,23705.25,23660.0,23673.9,514650
1738831500000,23673.65,23697.95,23660.0,23679.1,752925
1738835100000,23683.95,23707.75,23680.0,23702.5,350175
1738899900000,23712.0,23758.0,23648.3,23693.2,1225050
1738903500000,23693.2,23715.2,23580.4,23705.0,1376475
1738907100000,23705.0,23794.65,23635.0,23636.55,1332075
1738910700000,23636.0,23685.0,23625.7,23633.45,520500
1738914300000,23636.65,23680.9,23530.0,23540.0,1012575
1738917900000,23540.0,23626.9,23521.0,23626.0,1086000
1738921500000,23623.3,23645.0,23607.0,23614.0,559950
1739159100000,23589.95,23623.0,23429.25,23438.15,1921875
1739162700000,23436.65,23475.0,23428.0,23468.15,644625
1739166300000,23474.95,23474.95,23404.0,23420.0,489975
1739169900000,23419.95,23441.9,23406.5,23420.0,410325
1739173500000,23422.7,23460.0,23388.0,23409.4,549750
1739177100000,23407.6,23484.0,23391.9,23459.6,765675
1739180700000,23459.45,23464.95,23450.15,23454.95,320475
1739245500000,23421.0,23470.0,23330.0,23332.9,1422150
1739249100000,23332.0,23360.35,23318.0,23350.7,573375
1739252700000,23350.6,23371.0,23320.0,23325.05,289800
1739256300000,23325.0,23329.4,23087.3,23095.0,1340850
1739259900000,23095.0,23166.65,23060.0,23132.1,1435050
1739263500000,23133.0,23188.0,23084.55,23160.25,1163175
1739267100000,23161.4,23165.0,23135.55,23140.05,356250
1739331900000,23134.4,23158.0,22905.0,22935.0,2564775
1739335500000,22935.0,23042.65,22900.0,23016.65,2027250
1739339100000,23020.0,23184.0,22991.05,23149.95,1637850
1739342700000,23149.2,23220.0,23094.05,23198.85,987825
1739346300000,23200.0,23236.45,23056.7,23103.85,1402425
1739349900000,23100.0,23139.95,23066.6,23131.2,911325
1739353500000,23131.6,23139.9,23120.1,23132.0,372375
1739418300000,23119.0,23266.5,23066.0,23240.1,1850250
1739421900000,23243.95,23276.0,23202.0,23245.05,735300
1739425500000,23247.2,23310.0,23246.1,23270.35,636675
1739429100000,23270.4,23288.35,23230.3,23230.3,354825
1739432700000,23230.0,23254.85,23109.05,23141.4,1233300
1739436300000,23140.7,23154.05,23087.0,23111.9,1032975
1739439900000,23115.0,23118.85,23090.0,23091.2,351000
1739504700000,23169.0,23205.5,23092.7,23126.9,1827075
1739508300000,23122.0,23169.0,22917.0,22973.1,1602300
1739511900000,22962.3,22999.0,22889.9,22912.5,953175
1739515500000,22912.3,22943.05,22846.45,22886.95,866025
1739519100000,22885.0,22935.0,22855.0,22885.0,710400
1739522700000,22887.45,23054.0,22877.95,23002.65,1814250
1739526300000,23006.25,23006.9,22970.0,22976.95,423375
1739763900000,22945.4,22963.15,22826.25,22857.85,2233350
1739767500000,22856.0,23021.75,22849.05,22890.0,1484175
1739771100000,22889.0,22975.0,22876.9,22908.0,474975
1739774700000,22905.6,22971.35,22880.1,22923.0,441375
1739778300000,22921.65,23049.0,22915.6,22970.0,974475
1739781900000,22970.0,23037.7,22969.25,23036.5,844650
1739785500000,23035.7,23044.85,23015.1,23043.5,518325
1739850300000,23029.1,23029.1,22904.05,22925.15,1396050
1739853900000,22925.0,22941.85,22838.8,22854.35,1160400
1739857500000,22852.0,22940.0,22845.45,22900.85,543750
1739861100000,22904.7,22964.95,22887.2,22927.85,680850
1739864700000,22927.85,22988.0,22924.0,22963.0,550575
1739868300000,22962.95,23008.15,22951.8,22975.0,828075
1739871900000,22975.0,22978.2,22946.05,22950.0,322050
1739936700000,22900.2,23048.0,22881.15,23036.05,1638150
1739940300000,23043.0,23106.2,22969.6,23019.95,1808100
1739943900000,23019.0,23063.95,22993.45,23053.5,718875
1739947500000,23051.4,23077.75,22963.3,22998.9,716625
1739951100000,22994.9,23015.0,22975.0,23007.25,288750
1739954700000,23010.0,23011.5,22906.0,22972.1,848625
1739958300000,22972.1,22972.6,22954.3,22957.0,461925
1740023100000,22895.0,22939.0,22855.0,22912.75,1244850
1740026700000,22913.8,22949.95,22906.15,22946.45,556575
1740030300000,22945.0,22950.0,22911.0,22921.15,447525
1740033900000,22920.8,22946.0,22904.3,22915.35,418125
1740037500000,22921.4,22960.95,22914.0,22934.8,452850
1740041100000,22934.8,22955.0,22930.55,22945.0,530775
1740044700000,22945.0,22947.25,22934.9,22934.9,445800
1740109500000,22880.0,22940.25,22806.0,22810.0,1986225
1740113100000,22810.0,22846.0,22780.4,22815.0,1441575
1740116700000,22813.0,22868.9,22788.0,22832.5,715050
1740120300000,22827.8,22870.25,22790.0,22814.0,521625
1740123900000,22814.0,22825.6,22757.75,22821.1,939675
1740127500000,22824.95,22845.0,22805.05,22835.0,1081350
1740131100000,22835.0,22835.0,22799.0,22799.0,526575
1740368700000,22674.7,22720.15,22600.0,22619.0,2086725
1740372300000,22620.0,22634.0,22591.1,22615.0,1200225
1740375900000,22615.0,22671.8,22605.55,22608.05,1173675
1740379500000,22607.6,22641.9,22605.5,22628.5,870375
1740383100000,22627.0,22633.0,22572.15,22595.75,909750
1740386700000,22595.75,22649.95,22588.05,22616.6,1146000
1740390300000,22615.0,22619.8,22601.35,22604.25,583125
1740455100000,22582.2,22646.0,22566.0,22618.4,1701450
1740458700000,22618.0,22624.2,22570.1,22584.55,1272150
1740462300000,22585.5,22603.0,22563.55,22596.0,907050
1740465900000,22596.0,22620.0,22595.25,22613.9,854325
1740469500000,22612.85,22625.2,22599.4,22606.75,911550
1740473100000,22604.25,22612.6,22584.0,22587.4,969525
1740476700000,22587.4,22591.6,22561.3,22567.0,497625
1740627900000,22580.0,22605.05,22539.25,22550.0,1921725
1740631500000,22550.05,22572.0,22534.4,22558.35,886500
1740635100000,22560.3,22567.35,22533.05,22542.0,1082175
1740638700000,22541.1,22553.75,22530.2,22543.95,842625
1740642300000,22544.05,22555.0,22543.65,22551.05,856200
1740645900000,22552.0,22559.1,22545.3,22548.35,1070625
1740649500000,22548.0,22550.0,22543.3,22543.45,590175
1740714300000,22532.4,22574.75,22373.55,22419.25,3152100
1740717900000,22420.0,22455.65,22384.45,22389.95,849225
1740721500000,22386.55,22417.0,22358.1,22365.0,658050
1740725100000,22365.0,22388.6,22233.35,22258.15,1408500
1740728700000,22259.9,22282.3,22241.7,22265.55,718050
1740732300000,22265.95,22324.3,22253.0,22282.6,1446975
1740735900000,22282.55,22286.95,22269.8,22273.0,949575
1740973500000,22341.0,22376.0,22158.0,22177.2,2423250
1740977100000,22177.2,22250.5,22147.95,22175.0,1116525
1740980700000,22172.0,22204.3,22140.05,22203.65,575100
1740984300000,22203.65,22290.0,22183.75,22290.0,1006875
1740987900000,22287.3,22310.0,22212.0,22260.0,733125
1740991500000,22259.95,22282.95,22235.1,22257.05,543000
1740995100000,22259.0,22271.75,22255.1,22267.0,296700
1741059900000,22115.6,22230.0,22101.0,22189.2,2134875
1741063500000,22189.8,22237.0,22184.9,22211.2,512850
1741067100000,22211.15,22216.25,22168.9,22175.35,349350
1741070700000,22173.75,22195.75,22151.0,22168.0,330825
1741074300000,22169.95,22220.0,22151.0,22208.55,443175
1741077900000,22205.05,22212.75,22184.5,22190.0,627225
1741081500000,22186.0,22196.85,22180.85,22184.8,337875
1741146300000,22200.0,22370.0,22168.3,22338.95,2022300
1741149900000,22335.2,22395.0,22311.25,22383.7,792975
1741153500000,22385.0,22483.0,22375.0,22468.1,1118250
1741157100000,22468.1,22498.0,22427.2,22447.45,744225
1741160700000,22451.0,22459.15,22393.6,22419.0,563625
1741164300000,22423.7,22455.0,22391.7,22438.15,546675
1741167900000,22439.55,22450.0,22435.0,22446.0,400050
1741232700000,22541.0,22554.0,22359.0,22444.6,2493225
1741236300000,22445.65,22564.0,22435.3,22541.85,1022850
1741239900000,22543.85,22549.75,22435.0,22522.0,900750
1741243500000,22522.0,22593.1,22520.0,22566.8,898200
1741247100000,22565.35,22608.0,22549.55,22595.0,810600
1741250700000,22595.0,22629.95,22568.25,22628.95,1919850
1741254300000,22628.05,22638.15,22615.6,22620.2,731100
1741319100000,22598.9,22706.0,22572.2,22704.65,1871775
1741322700000,22709.55,22724.5,22660.15,22719.35,860625
1741326300000,22711.65,22738.0,22610.1,22624.0,861675
1741329900000,22624.0,22684.0,22600.15,22621.05,549225
1741333500000,22621.05,22669.0,22603.05,22642.5,337725
1741337100000,22643.0,22704.1,22636.1,22652.9,715800
1741340700000,22652.65,22652.9,22634.25,22642.0,473625
1741578300000,22599.9,22728.15,22582.1,22687.0,1412325
1741581900000,22682.7,22722.0,22664.95,22684.85,392250
1741585500000,22682.4,22712.0,22651.0,22657.35,340350
1741589100000,22656.4,22678.95,22635.0,22662.65,343350
1741592700000,22660.0,22664.1,22591.5,22605.85,599250
1741596300000,22605.85,22610.0,22486.85,22525.3,1523925
1741599900000,22525.3,22529.95,22497.05,22500.1,573225
1741664700000,22419.95,22489.0,22361.55,22482.45,1986525
1741668300000,22480.05,22573.0,22457.85,22519.3,1054725
1741671900000,22518.75,22524.95,22480.85,22511.0,441225
1741675500000,22511.0,22541.0,22500.0,22505.25,361875
1741679100000,22505.0,22571.0,22500.25,22566.0,601350
1741682700000,22569.0,22592.05,22537.8,22551.0,727050
1741686300000,22555.05,22590.0,22550.2,22590.0,463725
1741751100000,22580.0,22618.8,22461.0,22468.5,1922625
1741754700000,22468.0,22507.0,22440.6,22463.0,775425
1741758300000,22464.2,22474.05,22381.0,22413.95,871725
1741761900000,22413.95,22447.0,22380.2,22445.0,571350
1741765500000,22442.0,22488.0,22439.0,22482.0,573900
1741769100000,22482.95,22549.0,22477.0,22532.1,842400
1741772700000,22530.0,22536.3,22517.0,22525.95,300675
1741837500000,22550.0,22599.0,22505.1,22591.0,1462425
1741841100000,22591.0,22615.8,22525.05,22566.4,636600
1741844700000,22566.4,22568.9,22452.0,22489.4,813225
1741848300000,22483.8,22505.0,22470.0,22471.0,269475
1741851900000,22470.95,22493.75,22462.3,22470.45,286875
1741855500000,22470.9,22475.0,22430.1,22447.25,1041225
1741859100000,22448.2,22454.95,22432.5,22435.05,423600
1742183100000,22510.2,22670.0,22502.3,22576.2,2279025
1742186700000,22576.2,22584.95,22531.0,22550.0,749700
1742190300000,22546.15,22608.0,22540.0,22584.0,394725
1742193900000,22582.3,22582.8,22503.1,22528.5,495000
1742197500000,22528.0,22604.25,22527.0,22590.95,485700
1742201100000,22592.8,22598.25,22550.0,22582.65,404325
1742204700000,22581.7,22594.95,22578.7,22592.8,257550
1742269500000,22705.0,22810.0,22672.8,22802.0,2594925
1742273100000,22803.0,22830.0,22790.3,22815.0,943575
1742276700000,22820.0,22838.0,22801.0,22826.0,457800
1742280300000,22826.0,22828.0,22764.0,22823.95,689400
1742283900000,22824.0,22863.45,22818.0,22835.2,717900
1742287500000,22839.1,22902.15,22831.2,22900.6,834000
1742291100000,22900.0,22912.7,22898.05,22905.0,487350
1742355900000,22934.0,22954.5,22872.0,22923.05,1307700
1742359500000,22925.4,22973.0,22920.2,22955.6,658425
1742363100000,22958.95,22963.0,22927.25,22937.55,386025
1742366700000,22942.05,22993.0,22933.6,22951.0,657300
1742370300000,22950.55,22977.85,22945.6,22955.65,394875
1742373900000,22957.25,22986.5,22950.45,22974.4,638625
1742377500000,22975.0,22978.35,22965.7,22972.95,382500
1742442300000,23069.9,23106.0,23015.0,23025.0,2308725
1742445900000,23028.0,23103.2,23022.0,23099.0,754125
1742449500000,23099.0,23110.0,23081.0,23102.35,479925
1742453100000,23102.95,23180.0,23102.05,23175.0,977100
1742456700000,23175.2,23230.0,23170.0,23211.75,1202175
1742460300000,23208.05,23232.6,23192.0,23196.0,1350150
1742463900000,23195.0,23200.0,23190.0,23191.0,724650
1742528700000,23195.05,23298.0,23172.0,23273.45,1558725
1742532300000,23274.95,23384.0,23262.5,23350.0,1158750
1742535900000,23350.0,23395.6,23340.6,23375.0,698325
1742539500000,23375.5,23438.0,23371.65,23396.85,846750
1742543100000,23390.0,23422.0,23294.9,23365.0,1112025
1742546700000,23365.0,23411.0,23362.0,23379.9,805800
1742550300000,23376.05,23391.0,23371.0,23385.65,497925
1742787900000,23482.3,23584.9,23441.5,23564.4,1910250
1742791500000,23564.4,23670.1,23558.25,23637.6,1214250
1742795100000,23641.9,23653.9,23586.3,23642.95,702900
1742798700000,23646.0,23669.0,23624.95,23662.1,699075
1742802300000,23662.1,23716.4,23631.15,23711.1,900975
1742805900000,23707.75,23729.8,23666.0,23686.85,992250
1742809500000,23683.4,23721.55,23683.4,23720.0,688200
1742874300000,23767.1,23893.9,23682.3,23796.3,3046050
1742877900000,23790.1,23856.35,23677.1,23740.0,1640775
1742881500000,23741.2,23765.0,23663.9,23726.05,1011225
1742885100000,23726.05,23748.95,23685.0,23722.15,709125
1742888700000,23722.05,23785.0,23687.95,23770.9,807675
1742892300000,23772.0,23778.5,23711.95,23715.0,780825
1742895900000,23712.85,23723.1,23660.0,23667.0,446700
1742960700000,23735.0,23748.2,23640.0,23709.7,1188225
1742964300000,23706.3,23761.4,23650.0,23680.0,893850
1742967900000,23675.85,23705.0,23604.05,23638.0,1018050
1742971500000,23637.3,23665.45,23593.25,23606.15,1279725
1742975100000,23608.0,23609.95,23546.3,23599.45,1439775
1742978700000,23598.85,23604.95,23494.9,23539.95,1844625
1742982300000,23540.0,23541.15,23506.7,23512.55,641700
1743047100000,23470.0,23634.8,23455.05,23620.5,1466700
1743050700000,23620.35,23643.1,23570.4,23611.55,695925
1743054300000,23611.8,23628.95,23591.05,23614.8,661050
1743057900000,23614.8,23616.15,23587.75,23595.0,531825
1743061500000,23588.95,23615.0,23586.25,23607.6,615675
1743065100000,23607.2,23614.0,23586.0,23594.85,1097925
1743068700000,23592.0,23597.15,23588.0,23595.8,331275
1743133500000,23775.05,23801.6,23640.0,23675.6,2099400
1743137100000,23673.3,23795.0,23670.0,23725.0,853950
1743140700000,23725.0,23743.9,23692.5,23726.65,408300
1743144300000,23723.65,23724.15,23605.1,23620.45,938250
1743147900000,23620.45,23647.0,23560.0,23599.0,1053600
1743151500000,23599.75,23691.85,23592.0,23657.45,1369200
1743155100000,23658.35,23659.0,23620.0,23644.0,589800
1743479100000,23530.0,23668.0,23491.45,23575.0,2211675
1743482700000,23575.0,23613.95,23370.05,23378.9,2777025
1743486300000,23377.1,23412.4,23321.6,23361.35,1345575
1743489900000,23363.9,23404.0,23328.15,23345.0,696525
1743493500000,23345.2,23348.95,23290.0,23314.0,828225
1743497100000,23314.0,23339.65,23290.0,23328.6,771450
1743500700000,23325.9,23329.5,23307.6,23315.0,565425
1743565500000,23326.95,23424.0,23300.0,23367.9,1703550
1743569100000,23367.9,23442.15,23347.05,23417.0,830550
1743572700000,23415.15,23420.0,23361.9,23405.55,454575
1743576300000,23410.55,23427.15,23375.0,23403.75,399600
1743579900000,23404.4,23420.0,23382.7,23393.0,332325
1743583500000,23393.0,23459.6,23392.05,23443.7,723825
1743587100000,23442.0,23445.4,23430.0,23435.0,370875
1743651900000,23215.0,23382.1,23215.0,23378.0,2183625
1743655500000,23375.15,23411.1,23355.0,23369.0,627600
1743659100000,23368.9,23389.95,23355.55,23373.35,337350
1743662700000,23373.35,23378.95,23345.0,23347.7,344250
1743666300000,23347.7,23367.0,23343.55,23352.15,361950
1743669900000,23353.2,23362.8,23330.3,23331.0,835950
1743673500000,23331.05,23331.4,23310.0,23328.1,448125
1743738300000,23229.7,23250.0,23011.0,23016.6,3390000
1743741900000,23011.0,23099.0,22992.0,23089.0,1298100
1743745500000,23089.35,23094.8,23012.0,23030.8,600525
1743749100000,23031.3,23053.0,23001.0,23004.9,388650
1743752700000,23007.0,23027.15,22934.15,22956.7,981000
1743756300000,22956.5,22968.65,22920.05,22958.1,857250
1743759900000,22958.6,22972.1,22951.5,22971.6,592575
1743997500000,22201.5,22285.8,21905.0,22005.65,10037025
1744001100000,22010.05,22174.9,21990.35,22070.0,1838700
1744004700000,22067.05,22152.1,21951.55,21962.05,1152000
1744008300000,21962.0,21997.0,21860.0,21908.85,1583775
1744011900000,21913.95,22119.95,21874.6,22050.0,1558500
1744015500000,22050.0,22318.0,22026.9,22282.9,2577075
1744019100000,22286.0,22347.0,22228.0,22320.0,921900
1744083900000,22511.6,22650.0,22438.0,22442.05,2868150
1744087500000,22444.45,22582.05,22341.0,22525.4,2130900
1744091100000,22522.55,22615.0,22399.5,22615.0,1502025
1744094700000,22619.0,22733.55,22570.0,22708.9,1712250
1744098300000,22711.4,22744.9,22552.1,22683.65,1721175
1744101900000,22686.5,22737.95,22608.0,22610.05,1299825
1744105500000,22610.05,22654.9,22606.0,22653.45,470250
1744170300000,22544.0,22544.0,22417.1,22430.05,2334675
1744173900000,22426.1,22480.0,22405.05,22428.4,900675
1744177500000,22431.0,22496.35,22425.0,22492.75,545400
1744181100000,22492.2,22533.25,22474.45,22508.0,1065825
1744184700000,22505.4,22509.6,22459.05,22463.95,619500
1744188300000,22463.85,22476.3,22455.5,22473.0,732600
1744191900000,22474.95,22510.0,22465.0,22501.5,597300
1744343100000,22746.0,22970.0,22746.0,22904.1,3536775
1744346700000,22905.65,22938.65,22812.0,22921.1,1105800
1744350300000,22921.6,22996.0,22902.0,22994.2,853050
1744353900000,22991.85,23017.0,22942.0,22989.0,680475
1744357500000,22989.4,22989.4,22836.4,22858.9,1139400
1744361100000,22854.95,22933.9,22825.0,22917.65,1205925
1744364700000,22917.65,22949.0,22900.0,22945.0,529275
1744688700000,23295.0,23385.2,23252.0,23363.0,3286950
1744692300000,23360.0,23373.0,23349.1,23356.5,464775
1744695900000,23356.5,23384.9,23350.1,23381.0,352425
1744699500000,23381.0,23399.9,23377.0,23380.1,476100
1744703100000,23383.4,23385.9,23355.0,23361.8,387075
1744706700000,23361.9,23370.0,23323.3,23327.8,1202775
1744710300000,23329.0,23368.5,23324.5,23368.5,521625
1744775100000,23338.0,23390.0,23287.7,23365.9,1305975
1744778700000,23369.0,23370.0,23277.2,23338.1,915075
1744782300000,23340.5,23356.0,23323.1,23341.4,402375
1744785900000,23341.0,23373.8,23336.7,23357.7,316650
1744789500000,23358.0,23450.0,23296.1,23448.0,1219950
1744793100000,23450.0,23450.0,23406.5,23418.0,811800
1744796700000,23415.5,23447.6,23415.0,23439.0,377550
1744861500000,23399.9,23450.0,23330.0,23373.2,2175900
1744865100000,23374.8,23463.8,23360.2,23460.0,841425
1744868700000,23459.5,23644.0,23453.5,23626.9,1821525
1744872300000,23626.9,23798.0,23616.7,23798.0,1720350
1744875900000,23798.9,23864.8,23768.4,23815.1,1601475
1744879500000,23815.2,23858.0,23776.1,23842.8,1313550
1744883100000,23843.9,23872.7,23837.3,23846.0,681825
1745207100000,23875.9,24071.0,23875.6,24033.8,1908150
1745210700000,24028.0,24128.0,24001.0,24127.9,802200
1745214300000,24126.5,24145.0,24091.0,24139.5,732525
1745217900000,24137.0,24194.5,24133.7,24174.0,735450
1745221500000,24175.0,24182.8,24102.4,24149.8,601425
1745225100000,24145.2,24164.8,24113.0,24120.0,678225
1745228700000,24118.0,24150.0,24117.2,24135.0,342075
1745293500000,24150.0,24194.8,24077.0,24184.8,1850775
1745297100000,24187.9,24239.8,24173.2,24221.0,949875
1745300700000,24222.0,24224.7,24157.0,24199.9,692550
1745304300000,24199.2,24201.5,24170.0,24188.0,712650
1745307900000,24188.0,24201.9,24173.8,24186.9,713250
1745311500000,24186.9,24189.7,24144.9,24165.0,1065825
1745315100000,24165.0,24180.0,24161.0,24165.0,554850
1745379900000,24310.0,24351.8,24187.0,24187.0,1922325
1745383500000,24190.0,24248.8,24121.1,24196.0,1151550
1745387100000,24198.0,24268.3,24182.0,24230.6,910575
1745390700000,24230.6,24275.0,24210.5,24250.0,899925
1745394300000,24250.0,24320.0,24239.0,24311.7,1005000
1745397900000,24311.7,24333.0,24291.0,24316.8,1100850
1745401500000,24316.1,24316.5,24298.2,24306.9,445125
1745466300000,24288.0,24360.0,24244.0,24285.6,1260150
1745469900000,24282.2,24306.4,24263.8,24273.0,586425
1745473500000,24274.1,24274.9,24241.4,24250.6,493950
1745477100000,24250.6,24261.8,24240.5,24251.0,403050
1745480700000,24250.6,24261.0,24239.0,24252.0,422775
1745484300000,24250.5,24260.0,24225.0,24246.6,744750
1745487900000,24246.1,24250.0,24244.1,24248.0,228900
1745552700000,24465.0,24511.0,24080.0,24160.0,4438350
1745556300000,24160.0,24175.8,24028.3,24056.8,1752075
1745559900000,24055.2,24072.7,23975.0,24059.9,1348575
1745563500000,24058.8,24183.5,24035.9,24165.2,1358925
1745567100000,24163.8,24279.4,24140.1,24204.6,1820025
1745570700000,24208.8,24248.5,24150.0,24169.9,1179975
1745574300000,24169.1,24170.6,24090.0,24111.0,716550
1745811900000,24200.2,24410.0,24140.0,24407.0,3004800
1745815500000,24401.1,24425.0,24357.8,24369.8,916875
1745819100000,24371.0,24425.0,24336.1,24414.2,755925
1745822700000,24416.0,24489.0,24413.8,24460.0,1000425
1745826300000,24458.2,24480.9,24445.0,24474.9,367575
1745829900000,24475.1,24475.1,24383.0,24446.7,1399875
1745833500000,24445.8,24462.8,24445.8,24452.0,371700
1745898300000,24484.0,24567.9,24416.2,24465.0,2536050
1745901900000,24464.0,24482.6,24418.0,24462.1,882225
1745905500000,24457.0,24468.0,24396.1,24424.0,812775
1745909100000,24422.9,24466.0,24408.3,24450.2,486750
1745912700000,24450.1,24478.0,24444.5,24462.0,290850
1745916300000,24460.7,24466.4,24415.7,24420.3,523875
1745919900000,24420.5,24434.7,24410.0,24423.5,392775
1745984700000,24369.9,24486.0,24348.7,24441.1,1837350
1745988300000,24441.1,24453.3,24380.0,24416.9,618075
1745991900000,24418.1,24459.0,24400.0,24435.0,332025
1745995500000,24435.0,24449.5,24420.0,24429.0,369000
1745999100000,24429.0,24438.9,24421.0,24430.0,343425
1746002700000,24431.5,24475.0,24415.0,24451.1,787200
1746006300000,24451.0,24454.7,24354.0,24376.0,916275
1746157500000,24399.9,24718.3,24399.9,24709.3,3479625
1746161100000,24710.0,24714.0,24503.0,24531.4,2020800
1746164700000,24535.4,24550.0,24382.9,24405.0,1862100
1746168300000,24400.0,24401.7,24310.0,24369.9,1525575
1746171900000,24369.4,24517.4,24369.4,24447.5,1293975
1746175500000,24447.4,24466.0,24347.9,24432.0,1236375
1746179100000,24429.9,24429.9,24378.4,24396.8,563550
1746416700000,24481.1,24605.9,24471.0,24570.2,2326725
1746420300000,24572.1,24630.0,24551.0,24573.0,941100
1746423900000,24573.0,24594.9,24510.0,24542.1,667425
1746427500000,24535.7,24562.9,24519.6,24535.0,425700
1746431100000,24535.0,24583.6,24521.0,24552.0,361200
1746434700000,24557.0,24575.0,24530.6,24537.5,528675
1746438300000,24537.0,24569.0,24536.8,24567.1,464925
1746503100000,24574.8,24576.8,24467.2,24473.7,1356975
1746506700000,24474.8,24499.0,24460.1,24478.0,495000
1746510300000,24480.0,24482.2,24441.4,24481.0,653100
1746513900000,24480.0,24489.5,24458.2,24461.0,293025
1746517500000,24461.0,24488.3,24458.0,24474.8,369900
1746521100000,24475.4,24478.0,24434.1,24447.5,979725
1746524700000,24447.1,24448.0,24411.0,24412.3,738375
1746589500000,24343.9,24538.5,24311.0,24401.1,3466575
1746593100000,24400.1,24461.0,24382.0,24450.2,1117725
1746596700000,24450.1,24510.0,24432.9,24452.7,1051575
1746600300000,24450.7,24484.8,24437.0,24447.5,316875
1746603900000,24449.8,24497.5,24427.0,24476.6,426900
1746607500000,24474.3,24485.0,24435.7,24450.1,604875
1746611100000,24448.9,24472.1,24448.9,24467.5,500475
1746675900000,24489.0,24523.9,24450.0,24465.0,1058700
1746679500000,24465.7,24491.0,24461.4,24474.5,300300
1746683100000,24474.5,24490.2,24472.5,24481.9,234750
1746686700000,24482.0,24490.0,24458.4,24462.8,328500
1746690300000,24463.0,24463.0,24355.1,24356.7,2027700
1746693900000,24356.7,24395.0,24254.4,24322.3,2942100
1746697500000,24324.5,24325.0,24194.1,24208.2,1620375
1746762300000,24063.4,24215.0,23984.0,24119.5,5267775
1746765900000,24119.5,24150.0,24025.0,24073.0,1102275
1746769500000,24073.4,24185.0,24058.0,24106.6,1220850
1746773100000,24110.0,24114.8,24036.4,24047.4,503100
1746776700000,24050.0,24071.7,24002.2,24046.1,882000
1746780300000,24048.0,24086.6,24005.9,24056.5,1401000
1746783900000,24056.2,24109.9,24053.1,24090.0,930900
1747021500000,24476.0,24830.0,24410.0,24775.0,5713425
1747025100000,24779.9,24823.5,24760.3,24800.0,883875
1747028700000,24800.0,24850.0,24790.0,24813.0,678825
1747032300000,24816.0,24914.6,24779.8,24880.3,1234425
1747035900000,24877.0,24975.1,24877.0,24975.1,902100
1747039500000,24978.0,25055.0,24965.0,25020.0,1606800
1747043100000,25019.1,25069.9,25018.0,25045.6,716400
1747107900000,24960.0,25044.0,24762.5,24860.8,4272075
1747111500000,24856.9,24898.0,24712.0,24784.9,2051475
1747115100000,24784.9,24860.3,24765.0,24841.0,1008225
1747118700000,24835.8,24848.1,24676.5,24713.0,1720500
1747122300000,24711.5,24723.8,24657.0,24664.6,1138500
1747125900000,24660.0,24718.0,24613.5,24620.0,1478625
1747129500000,24623.3,24661.8,24615.3,24646.9,583800
1747194300000,24670.0,24819.0,24645.0,24816.5,2286300
1747197900000,24818.2,24834.4,24740.0,24757.9,689025
1747201500000,24754.0,24782.9,24683.1,24740.0,639150
1747205100000,24739.7,24744.0,24572.3,24685.5,1358400
1747208700000,24685.0,24719.8,24641.5,24660.1,493050
1747212300000,24660.1,24720.0,24624.9,24711.0,755925
1747215900000,24709.0,24740.0,24691.9,24733.0,359550
1747280700000,24733.9,24750.0,24600.0,24648.9,2044650
1747284300000,24649.7,24884.4,24622.9,24705.6,2662500
1747287900000,24705.6,24780.0,24689.0,24740.7,882825
1747291500000,24744.9,24921.0,24708.0,24920.8,1649775
1747295100000,24921.0,25132.9,24888.0,25120.0,3726450
1747298700000,25114.9,25144.9,25075.6,25075.6,2235000
1747302300000,25074.3,25081.7,25057.3,25075.0,764325
1747367100000,25126.1,25149.0,25016.0,25057.1,2016375
1747370700000,25055.2,25099.0,25006.0,25033.5,575475
1747374300000,25040.2,25058.8,25010.0,25027.2,368100
1747377900000,25025.0,25089.0,25015.8,25075.0,467250
1747381500000,25074.5,25100.0,25052.0,25079.4,428625
1747385100000,25075.0,25089.9,25055.0,25079.8,444975
1747388700000,25077.8,25081.4,25068.0,25080.0,363525
1747626300000,25060.1,25109.3,25017.4,25087.8,1122000
1747629900000,25095.0,25117.2,25063.0,25081.4,513600
1747633500000,25081.4,25098.0,25033.2,25044.0,377625
1747637100000,25040.0,25074.9,25025.1,25042.0,270675
1747640700000,25042.0,25060.7,24952.7,24972.3,811725
1747644300000,24973.1,24999.3,24957.0,24973.0,599400
1747647900000,24975.0,24981.6,24963.0,24965.0,276150
1747712700000,25040.2,25059.9,24925.0,24964.9,1478175
1747716300000,24963.8,25038.9,24940.0,24993.7,676875
1747719900000,24990.0,24990.0,24911.2,24930.0,496575
1747723500000,24928.8,24950.3,24855.0,24865.6,986175
1747727100000,24865.6,24865.6,24795.6,24809.4,1275975
1747730700000,24806.1,24817.9,24745.0,24779.0,1817700
1747734300000,24779.3,24784.3,24761.8,24782.0,507000
1747799100000,24755.3,24938.4,24720.0,24936.3,2165475
1747802700000,24935.0,25019.0,24915.1,24952.0,1511175
1747806300000,24952.0,24972.0,24772.0,24777.2,1219275
1747809900000,24782.3,24865.0,24722.6,24848.1,1325700
1747813500000,24842.6,24899.9,24775.1,24836.2,781500
1747817100000,24839.0,24863.6,24813.1,24826.4,525900
1747820700000,24826.0,24840.0,24810.0,24818.0,283575
1747885500000,24778.0,24792.9,24581.5,24649.0,2821875
1747889100000,24648.1,24668.8,24615.0,24639.0,553500
1747892700000,24637.0,24655.7,24592.0,24623.8,699075
1747896300000,24622.0,24623.9,24555.1,24594.4,915750
1747899900000,24594.7,24608.2,24563.0,24577.4,443700
1747903500000,24576.0,24670.0,24515.0,24647.5,2496825
1747907100000,24647.4,24675.0,24640.0,24665.1,607875
1747971900000,24656.5,24869.0,24634.9,24859.8,2481975
1747975500000,24862.5,24961.7,24781.1,24936.4,1704600
1747979100000,24936.6,24952.8,24842.9,24871.0,726450
1747982700000,24868.0,24950.4,24861.0,24929.1,555750
1747986300000,24927.0,24942.0,24869.9,24909.0,607050
1747989900000,24910.7,24934.4,24857.0,24872.0,728700
1747993500000,24872.1,24890.0,24870.1,24885.2,388800
1748231100000,24950.0,25123.9,24935.2,25084.0,1758225
1748234700000,25085.0,25090.6,24940.2,25000.5,1228725
1748238300000,25005.0,25066.0,24975.6,25020.0,730350
1748241900000,25020.0,25046.7,24964.6,25002.5,668250
1748245500000,25002.5,25040.0,24992.0,25027.6,359925
1748249100000,25023.7,25054.9,25000.0,25036.0,579300
1748252700000,25035.1,25041.2,25025.2,25035.0,325575
1748317500000,25000.0,25030.0,24761.1,24800.6,3038175
1748321100000,24800.0,24983.8,24774.0,24915.0,1693725
1748324700000,24917.3,25108.8,24917.3,25004.7,2114625
1748328300000,25008.3,25009.6,24853.8,24884.1,1025925
1748331900000,24889.4,24915.0,24791.7,24809.1,1156050
1748335500000,24809.1,24876.5,24739.0,24868.9,1600050
1748339100000,24865.5,24870.0,24856.2,24860.0,349650
1748403900000,24772.6,24896.0,24750.0,24774.0,1605075
1748407500000,24774.0,24830.0,24742.5,24785.0,786075
1748411100000,24788.3,24809.0,24762.2,24786.7,617025
1748414700000,24786.7,24858.0,24778.1,24809.3,835200
1748418300000,24808.6,24820.0,24775.0,24807.2,948300
1748421900000,24806.2,24825.0,24751.0,24756.0,750225
1748425500000,24754.4,24770.0,24746.3,24749.9,353700
1748490300000,24828.6,24900.0,24783.4,24820.0,1636200
1748493900000,24820.0,24820.0,24708.3,24720.0,1047600
1748497500000,24720.0,24745.8,24703.6,24732.9,656025
1748501100000,24730.2,24774.9,24661.0,24748.0,761250
1748504700000,24745.9,24769.0,24706.8,24712.7,581250
1748508300000,24715.0,24839.9,24712.7,24834.0,1094025
1748511900000,24836.9,24839.4,24822.5,24831.8,305625
1748576700000,24940.2,24987.7,24900.0,24907.0,1604925
1748580300000,24908.5,24908.5,24840.0,24877.0,1049250
1748583900000,24875.2,24915.0,24846.5,24865.7,483225
1748587500000,24866.5,24890.0,24851.0,24883.0,398700
1748591100000,24880.0,24925.0,24869.0,24872.0,510150
1748594700000,24872.0,24909.3,24860.0,24871.8,635700
1748598300000,24873.4,24884.9,24855.1,24857.5,532500
1748835900000,24799.0,24810.0,24610.0,24688.5,2591850
1748839500000,24687.6,24749.0,24660.2,24731.7,783150
1748843100000,24737.0,24789.0,24717.3,24785.1,898950
1748846700000,24786.0,24862.0,24774.5,24820.6,1152975
1748850300000,24826.3,24856.7,24792.1,24804.1,397950
1748853900000,24804.7,24869.0,24762.5,24820.0,801000
1748857500000,24817.0,24822.0,24788.0,24800.0,355050
1748922300000,24835.0,24929.0,24715.2,24781.4,2012025
1748925900000,24781.5,24886.5,24717.5,24720.0,1430325
1748929500000,24717.2,24795.0,24700.0,24738.9,927825
1748933100000,24735.7,24780.0,24631.0,24678.0,1371150
1748936700000,24677.8,24714.9,24651.6,24713.8,702525
1748940300000,24713.7,24732.9,24670.1,24670.1,732075
1748943900000,24673.4,24690.0,24646.3,24646.8,735300
1749008700000,24710.0,24731.0,24637.6,24690.6,1407600
1749012300000,24690.0,24722.9,24680.0,24697.6,470250
1749015900000,24699.0,24728.0,24685.0,24722.8,345750
1749019500000,24725.8,24745.0,24701.2,24722.0,423675
1749023100000,24720.5,24761.0,24710.7,24735.0,386475
1749026700000,24738.5,24750.0,24723.0,24728.9,491100
1749030300000,24724.5,24730.0,24720.0,24720.0,296925
1749095100000,24752.3,24864.8,24716.1,24833.1,2009100
1749098700000,24831.5,24839.9,24792.4,24810.6,468825
1749102300000,24813.0,24985.0,24812.0,24972.7,1638600
1749105900000,24980.0,25008.8,24901.0,24908.7,1516275
1749109500000,24908.9,24919.5,24815.5,24840.1,1144275
1749113100000,24839.9,24896.0,24820.1,24858.0,830250
1749116700000,24856.9,24875.0,24852.0,24870.6,375450
1749181500000,24854.9,24911.0,24750.0,24848.0,2374875
1749185100000,24848.0,25087.1,24820.9,25075.0,2654475
1749188700000,25077.0,25139.0,25050.5,25102.0,1233900
1749192300000,25100.0,25100.0,25055.6,25060.4,547575
1749195900000,25055.1,25090.0,25050.3,25082.4,348975
1749199500000,25082.4,25124.8,25080.6,25097.5,668025
1749203100000,25096.2,25106.0,25087.0,25090.7,412200
1749440700000,25205.0,25234.0,25147.4,25188.0,1434375
1749444300000,25190.0,25214.9,25175.0,25195.0,446025
1749447900000,25194.0,25199.0,25168.1,25190.0,363525
1749451500000,25189.8,25208.6,25180.0,25190.5,220200
1749455100000,25190.0,25194.0,25170.0,25170.0,384525
1749458700000,25171.9,25188.7,25161.2,25181.1,328350
1749462300000,25181.1,25187.0,25178.0,25180.0,260175
1749527100000,25222.0,25249.2,25130.0,25230.3,1328025
1749530700000,25230.1,25247.0,25180.0,25202.4,498300
1749534300000,25202.3,25227.8,25190.0,25207.8,253050
1749537900000,25214.0,25224.0,25199.0,25208.0,193425
1749541500000,25207.8,25214.9,25196.8,25199.0,204075
1749545100000,25199.0,25201.5,25146.3,25163.0,731850
1749548700000,25160.2,25169.0,25150.2,25154.9,324825
1749613500000,25179.9,25221.9,25140.0,25208.8,1021125
1749617100000,25209.0,25265.0,25197.9,25252.0,657525
1749620700000,25252.0,25293.3,25252.0,25285.0,638025
1749624300000,25285.0,25307.0,25261.0,25287.6,508050
1749627900000,25287.6,25289.7,25195.0,25212.0,1154475
1749631500000,25210.0,25235.1,25205.0,25224.0,407400
1749635100000,25224.7,25225.0,25196.0,25200.0,288075
1749699900000,25210.5,25260.0,25141.7,25168.0,1614825
1749703500000,25174.5,25190.0,25111.4,25120.0,928125
1749707100000,25122.0,25165.0,25088.5,25116.0,912300
1749710700000,25116.0,25154.9,25105.6,25121.8,449775
1749714300000,25121.0,25125.0,24901.3,24923.5,2831925
1749717900000,24924.0,24980.0,24919.8,24942.0,1636350
1749721500000,24942.0,24943.5,24903.8,24907.1,582525
1749786300000,24588.0,24708.4,24575.3,24686.9,3101250
1749789900000,24685.9,24735.0,24662.0,24686.0,976500
1749793500000,24683.0,24742.3,24673.1,24733.4,414300
1749797100000,24733.8,24770.1,24710.4,24725.1,435750
1749800700000,24727.6,24790.0,24715.0,24745.0,630075
1749804300000,24747.0,24758.0,24677.0,24729.9,781200
1749807900000,24731.9,24753.5,24713.2,24740.0,410325
1750045500000,24755.5,24863.1,24735.0,24808.0,1817475
1750049100000,24810.5,24994.8,24810.2,24969.0,1790100
1750052700000,24969.0,24986.5,24938.3,24974.0,847950
1750056300000,24975.8,25013.0,24941.6,24987.0,705450
1750059900000,24986.5,25024.8,24974.9,25010.5,469050
1750063500000,25010.4,25017.0,24975.2,24997.0,565500
1750067100000,24994.1,25005.0,24986.4,24998.0,476925
1750131900000,24996.1,25003.5,24875.0,24890.3,1796175
1750135500000,24889.9,24939.9,24883.6,24910.7,506100
1750139100000,24913.1,24928.4,24886.8,24887.7,387525
1750142700000,24888.1,24904.3,24839.1,24874.0,692700
1750146300000,24874.0,24900.0,24861.0,24895.8,382050
1750149900000,24896.0,24899.9,24862.0,24875.0,411750
1750153500000,24872.0,24878.0,24857.3,24859.0,395175
1750218300000,24840.1,24978.8,24815.0,24945.0,1761975
1750221900000,24945.0,24960.0,24851.0,24870.0,906600
1750225500000,24866.7,24868.7,24790.0,24847.8,1015875
1750229100000,24848.0,24848.9,24786.0,24833.0,476325
1750232700000,24830.0,24848.0,24800.0,24815.0,310575
1750236300000,24815.4,24852.6,24788.0,24823.2,688650
1750239900000,24823.5,24835.0,24812.4,24818.0,351300
1750304700000,24813.0,24891.4,24751.0,24860.0,1348275
1750308300000,24858.5,24864.9,24822.1,24841.5,393525
1750311900000,24841.5,24849.4,24813.9,24839.5,357225
1750315500000,24839.5,24840.0,24797.5,24817.9,398925
1750319100000,24817.9,24860.0,24800.0,24847.3,537525
1750322700000,24851.7,24867.3,24807.2,24812.0,649875
1750326300000,24809.6,24820.0,24775.0,24775.0,489450
1750391100000,24825.0,24949.9,24806.5,24946.6,2536950
1750394700000,24949.9,25087.5,24949.9,25062.7,1945125
1750398300000,25065.0,25098.9,25041.4,25090.0,565125
1750401900000,25089.8,25095.0,25003.3,25085.5,651600
1750405500000,25081.1,25129.8,25080.0,25099.0,520800
1750409100000,25098.0,25137.0,25080.4,25113.9,950850
1750412700000,25113.0,25119.0,25094.0,25098.0,706125
1750650300000,24975.0,25021.2,24825.0,24866.2,3187500
1750653900000,24865.0,24939.3,24853.3,24930.4,856275
1750657500000,24933.9,24968.0,24920.0,24938.4,775275
1750661100000,24942.0,24970.0,24940.0,24965.1,536100
1750664700000,24965.1,25090.0,24961.7,25038.3,1501350
1750668300000,25038.3,25042.3,24991.1,24995.1,1060350
1750671900000,24993.0,25003.7,24975.0,24993.0,395850
1750736700000,25180.2,25273.3,25131.1,25258.8,2563650
1750740300000,25255.0,25302.1,25187.0,25286.0,1239750
1750743900000,25284.0,25349.0,25266.6,25343.5,1139400
1750747500000,25343.8,25346.9,25189.3,25225.7,1616100
1750751100000,25224.0,25239.9,25050.2,25093.0,2584950
1750754700000,25093.0,25114.3,25036.2,25048.2,1019550
1750758300000,25050.9,25098.0,25050.9,25086.0,462150
1750823100000,25152.1,25224.0,25130.2,25191.9,1354125
1750826700000,25192.3,25243.8,25191.0,25213.4,621375
1750830300000,25213.3,25243.6,25201.0,25205.0,474525
1750833900000,25205.0,25275.0,25187.6,25268.1,663900
1750837500000,25268.0,25290.0,25238.6,25266.9,655725
1750841100000,25263.6,25282.5,25240.0,25257.8,1155975
1750844700000,25256.3,25256.3,25242.2,25250.0,495000
1750909500000,25302.0,25455.0,25272.3,25395.0,1746375
1750913100000,25394.5,25413.0,25292.4,25350.0,809025
1750916700000,25343.8,25427.1,25311.9,25410.0,644175
1750920300000,25410.0,25434.9,25360.7,25401.0,525225
1750923900000,25397.7,25546.0,25397.6,25514.6,925500
1750927500000,25517.3,25564.0,25480.0,25549.0,768900
1750931100000,25545.0,25558.1,25543.9,25552.0,276525
1750995900000,25695.0,25725.0,25635.0,25686.0,1665750
1750999500000,25688.0,25718.6,25645.0,25717.0,624450
1751003100000,25715.9,25740.0,25706.0,25732.1,462750
1751006700000,25735.0,25772.3,25730.0,25734.4,611850
1751010300000,25734.0,25766.0,25726.0,25761.2,283050
1751013900000,25758.0,25765.0,25732.0,25740.7,533325
1751017500000,25741.8,25759.1,25740.1,25757.0,393900
1751255100000,25765.0,25792.4,25681.0,25711.1,1444875
1751258700000,25710.0,25723.8,25671.7,25676.5,577050
1751262300000,25674.6,25700.0,25666.4,25694.0,444525
1751265900000,25694.0,25708.7,25605.0,25610.0,1302000
1751269500000,25606.5,25625.0,25575.0,25595.1,988575
1751273100000,25595.0,25623.8,25580.0,25618.7,1381725
1751276700000,25619.0,25623.0,25600.0,25617.0,993300
1751341500000,25636.0,25691.4,25596.1,25640.0,1176225
1751345100000,25644.9,25667.3,25622.0,25638.3,399750
1751348700000,25633.0,25646.5,25605.0,25629.9,387450
1751352300000,25629.0,25659.4,25624.7,25641.5,341100
1751355900000,25638.8,25663.0,25626.5,25663.0,331650
1751359500000,25664.6,25666.0,25633.5,25637.3,443250
1751363100000,25638.7,25648.7,25638.0,25638.0,320625
1751427900000,25659.0,25695.1,25617.2,25625.0,1051950
1751431500000,25625.1,25632.0,25560.0,25566.2,855825
1751435100000,25566.1,25605.0,25560.0,25597.0,611775
1751438700000,25596.5,25598.9,25556.4,25561.1,390525
1751442300000,25560.0,25562.5,25480.0,25520.0,1562250
1751445900000,25521.0,25559.0,25492.7,25545.7,897525
1751449500000,25546.6,25551.0,25530.7,25540.0,347625
1751514300000,25551.1,25649.5,25515.6,25627.0,1852575
1751517900000,25625.2,25658.0,25610.0,25643.7,647700
1751521500000,25645.0,25666.7,25575.2,25599.4,611025
1751525100000,25593.0,25618.6,25574.7,25595.3,415875
1751528700000,25595.2,25670.0,25565.9,25590.0,828975
1751532300000,25588.9,25594.1,25485.1,25502.1,1843725
1751535900000,25502.0,25520.0,25495.0,25501.0,513525
1751600700000,25500.1,25526.9,25451.0,25499.9,964875
1751604300000,25497.5,25516.7,25486.0,25510.8,333675
1751607900000,25511.0,25513.0,25410.0,25435.0,1058175
1751611500000,25435.0,25458.9,25431.1,25451.1,302325
1751615100000,25451.1,25475.0,25440.6,25464.1,283200
1751618700000,25466.1,25558.6,25452.1,25540.0,1131525
1751622300000,25543.0,25553.0,25528.0,25545.6,373725
1751859900000,25528.9,25574.8,25475.7,25523.0,1065375
1751863500000,25523.0,25570.0,25510.0,25546.9,528900
1751867100000,25549.9,25550.0,25511.0,25513.0,238200
1751870700000,25513.0,25539.0,25500.1,25531.3,422250
1751874300000,25537.0,25555.0,25520.4,25536.5,310200
1751877900000,25536.5,25550.1,25511.5,25535.0,339300
1751881500000,25534.7,25545.3,25533.5,25541.1,223275
1751946300000,25530.0,25577.6,25499.4,25532.0,688950
1751949900000,25532.0,25549.3,25520.0,25528.0,298200
1751953500000,25525.0,25544.7,25523.3,25540.0,219900
1751957100000,25542.1,25572.8,25540.0,25561.0,463425
1751960700000,25565.0,25570.0,25550.0,25557.9,182475
1751964300000,25555.6,25631.5,25545.7,25626.7,760650
1751967900000,25629.9,25635.0,25613.3,25623.0,404550
1752032700000,25592.9,25625.0,25561.6,25624.4,805950
1752036300000,25624.5,25633.2,25610.0,25628.9,280950
1752039900000,25629.0,25646.0,25604.5,25628.0,349350
1752043500000,25629.0,25634.0,25594.3,25618.0,373275
1752047100000,25614.4,25628.3,25609.0,25618.5,252525
1752050700000,25619.8,25624.8,25522.8,25561.4,1162800
1752054300000,25563.4,25567.6,25547.0,25547.0,257775
1752119100000,25590.8,25595.2,25467.0,25478.3,1306350
1752122700000,25476.9,25496.0,25440.2,25458.5,824325
1752126300000,25460.9,25465.0,25425.2,25436.1,595725
1752129900000,25436.0,25478.0,25433.5,25451.0,384900
1752133500000,25455.0,25495.0,25420.2,25461.8,614625
1752137100000,25461.0,25482.4,25412.0,25425.0,722400
1752140700000,25429.5,25430.0,25411.2,25414.0,518175
1752205500000,25335.0,25384.0,25315.0,25324.9,1378350
1752209100000,25324.8,25327.6,25214.0,25240.0,1467450
1752212700000,25243.0,25250.7,25206.1,25235.1,679950
1752216300000,25237.9,25261.7,25212.0,25224.8,468825
1752219900000,25225.1,25250.0,25214.4,25238.0,387600
1752223500000,25238.0,25247.8,25220.0,25222.0,626175
1752227100000,25222.0,25230.0,25205.0,25208.0,535875
1752464700000,25234.8,25234.8,25100.0,25184.1,1821300
1752468300000,25189.0,25193.8,25127.0,25133.9,471000
1752471900000,25133.9,25137.1,25088.0,25113.5,622425
1752475500000,25113.9,25124.7,25076.3,25088.5,304200
1752479100000,25090.0,25129.0,25085.4,25113.0,420525
1752482700000,25113.0,25191.0,25106.8,25163.2,1030500
1752486300000,25164.0,25175.0,25160.7,25172.0,307800
1752551100000,25180.0,25220.0,25152.1,25190.0,852075
1752554700000,25188.0,25306.0,25168.0,25295.0,1218375
1752558300000,25295.0,25302.3,25268.0,25275.2,433050
1752561900000,25275.2,25293.9,25252.0,25265.6,287700
1752565500000,25269.6,25270.0,25222.6,25240.9,460200
1752569100000,25244.9,25263.9,25222.1,25260.4,460875
1752572700000,25260.0,25288.1,25255.7,25280.0,371175
1752637500000,25230.0,25249.8,25173.9,25187.6,1169700
1752641100000,25185.0,25200.3,25162.1,25189.5,394575
1752644700000,25188.3,25239.8,25171.0,25225.0,344325
1752648300000,25222.0,25268.0,25210.2,25258.5,371250
1752651900000,25259.0,25285.7,25225.0,25280.0,348150
1752655500000,25280.0,25289.9,25241.2,25241.3,500175
1752659100000,25244.5,25254.0,25234.5,25243.9,307800
1752723900000,25260.0,25275.0,25196.0,25197.9,1120950
1752727500000,25198.5,25233.2,25179.7,25224.0,547275
1752731100000,25223.6,25250.0,25211.0,25235.0,269175
1752734700000,25233.0,25254.6,25216.0,25220.0,282225
1752738300000,25221.4,25239.0,25195.4,25210.0,567900
1752741900000,25206.0,25214.4,25165.0,25181.0,817950
1752745500000,25184.0,25185.0,25165.0,25173.8,371175
1752810300000,25167.9,25170.0,25070.0,25077.4,1233225
1752813900000,25071.2,25076.1,24981.0,25014.6,1327950
1752817500000,25014.8,25035.0,24986.3,24994.2,416100
1752821100000,24995.1,25040.0,24982.3,25013.8,390825
1752824700000,25018.1,25042.5,24998.9,25030.0,545025
1752828300000,25029.0,25060.0,25015.1,25030.0,767325
1752831900000,25031.8,25040.0,25026.0,25027.0,559125
1753069500000,24969.2,25122.0,24920.6,25099.0,2051100
1753073100000,25094.8,25129.0,25078.5,25116.5,509700
1753076700000,25115.0,25118.0,25056.5,25094.3,378450
1753080300000,25094.3,25108.4,25067.3,25093.0,190125
1753083900000,25093.1,25100.0,25040.1,25070.0,295200
1753087500000,25067.6,25134.8,25056.0,25122.0,502200
1753091100000,25124.0,25139.7,25118.2,25139.7,346050
1753155900000,25149.9,25200.0,25115.0,25140.0,1090650
1753159500000,25138.4,25152.0,25080.0,25095.5,457500
1753163100000,25095.0,25117.9,25070.0,25100.9,364200
1753166700000,25105.0,25148.0,25101.0,25123.2,279900
1753170300000,25118.4,25137.6,25104.9,25116.6,206775
1753173900000,25116.6,25123.0,25079.9,25090.6,457725
1753177500000,25090.7,25105.0,25090.7,25095.0,241575
1753242300000,25170.2,25174.9,25112.3,25138.9,819975
1753245900000,25138.9,25180.5,25125.0,25167.0,462300
1753249500000,25167.4,25199.9,25150.0,25194.0,537225
1753253100000,25195.0,25229.0,25193.6,25201.0,565800
1753256700000,25205.5,25245.0,25191.1,25245.0,390225
1753260300000,25242.1,25260.0,25229.5,25255.2,688050
1753263900000,25255.1,25259.0,25247.1,25254.9,397650
1753328700000,25290.1,25290.1,25188.2,25192.0,952725
1753332300000,25191.5,25221.3,25178.2,25185.6,404175
1753335900000,25179.0,25184.9,25049.0,25082.5,1638375
1753339500000,25082.7,25115.0,25062.8,25096.7,538200
1753343100000,25097.7,25127.0,25076.8,25120.6,498450
1753346700000,25121.3,25129.0,25082.4,25100.7,408000
1753350300000,25100.3,25107.0,25081.8,25090.0,300825
1753415100000,25011.0,25024.0,24925.0,24931.4,1636350
1753418700000,24926.8,24926.8,24863.2,24884.1,1079025
1753422300000,24887.0,24920.1,24844.6,24868.4,518175
1753425900000,24863.1,24888.3,24831.0,24863.4,517500
1753429500000,24869.5,24894.0,24832.0,24854.8,351675
1753433100000,24854.4,24873.0,24835.9,24852.8,656625
1753436700000,24853.0,24858.2,24844.3,24846.5,469950
1753674300000,24799.9,24890.9,24751.0,24882.0,1397775
1753677900000,24883.9,24925.0,24806.0,24836.7,828975
1753681500000,24834.2,24859.8,24803.1,24812.0,247575
1753685100000,24805.5,24824.0,24715.0,24726.4,768600
1753688700000,24722.5,24730.0,24667.6,24703.2,928200
1753692300000,24703.2,24728.9,24692.3,24704.3,733500
1753695900000,24706.4,24714.2,24701.8,24706.5,438825
1753760700000,24636.0,24755.0,24630.0,24687.8,1464450
1753764300000,24687.9,24694.8,24637.0,24677.9,872625
1753767900000,24677.9,24729.0,24677.9,24719.0,763575
1753771500000,24719.0,24761.6,24706.9,24752.0,668925
1753775100000,24756.5,24838.2,24737.8,24820.0,1081125
1753778700000,24820.0,24847.0,24790.0,24828.3,1002675
1753782300000,24828.0,24859.0,24828.0,24843.3,484425
1753847100000,24845.0,24885.3,24813.1,24846.6,1130025
1753850700000,24839.3,24862.8,24786.0,24854.0,646050
1753854300000,24853.9,24910.6,24849.9,24860.0,856275
1753857900000,24858.4,24886.8,24851.3,24867.8,571650
1753861500000,24870.6,24886.6,24836.6,24870.0,690300
1753865100000,24872.0,24908.1,24861.0,24867.6,913275
1753868700000,24869.5,24876.5,24858.5,24859.0,392700
1753933500000,24693.0,24718.0,24625.1,24665.0,1481925
1753937100000,24660.4,24773.9,24651.5,24744.0,988275
1753940700000,24744.0,24830.0,24737.0,24820.7,802500
1753944300000,24823.0,24935.0,24816.8,24905.0,996450
1753947900000,24905.9,24970.0,24894.2,24929.7,709275
1753951500000,24933.3,24933.3,24752.3,24767.2,847875
1753955100000,24768.6,24771.0,24760.0,24766.8,264075
1754019900000,24800.0,24820.0,24743.1,24817.0,1722900
1754023500000,24818.0,24854.9,24775.6,24782.3,790500
1754027100000,24777.0,24794.0,24711.8,24722.0,868125
1754030700000,24715.8,24770.0,24690.0,24722.6,598950
1754034300000,24720.0,24754.0,24695.0,24711.8,448725
1754037900000,24707.4,24722.0,24601.4,24622.9,1050375
1754041500000,24620.3,24629.0,24605.2,24613.0,776700
1754279100000,24630.0,24745.0,24630.0,24703.4,1630800
1754282700000,24702.4,24750.9,24680.0,24744.9,429450
1754286300000,24743.2,24765.2,24716.3,24750.0,547500
1754289900000,24750.0,24793.0,24740.2,24768.6,480900
1754293500000,24768.6,24812.9,24729.4,24790.2,471075
1754297100000,24790.5,24808.8,24768.8,24781.8,407250
1754300700000,24782.0,24805.2,24782.0,24800.0,369450
1754365500000,24774.9,24783.7,24660.0,24683.9,1586100
1754369100000,24681.5,24709.0,24663.0,24690.8,403875
1754372700000,24691.6,24734.0,24680.0,24727.0,292200
1754376300000,24724.8,24733.4,24673.8,24688.0,283125
1754379900000,24685.0,24688.9,24650.0,24669.0,509100
1754383500000,24669.0,24723.6,24661.0,24722.0,642375
1754387100000,24722.9,24724.7,24708.3,24715.0,343050
1754451900000,24707.8,24738.9,24655.0,24683.0,1058475
1754455500000,24683.0,24719.0,24620.0,24632.9,861225
1754459100000,24634.0,24670.0,24621.2,24658.0,359625
1754462700000,24655.0,24708.2,24651.0,24686.8,472275
1754466300000,24680.7,24694.9,24644.2,24650.0,364650
1754469900000,24653.3,24658.8,24616.6,24640.1,590250
1754473500000,24640.4,24641.3,24628.0,24630.0,251550
1754538300000,24539.9,24614.0,24539.9,24556.9,1349850
1754541900000,24556.2,24563.1,24465.0,24476.0,1137150
1754545500000,24476.0,24515.4,24475.5,24510.5,348900
1754549100000,24510.4,24519.0,24464.7,24467.4,345300
1754552700000,24467.0,24501.5,24409.0,24490.0,1019400
1754556300000,24497.0,24680.0,24493.2,24670.0,2471475
1754559900000,24668.7,24721.0,24668.7,24710.8,671400
1754624700000,24669.0,24694.0,24515.0,24526.0,1660500
1754628300000,24528.0,24560.0,24490.0,24521.8,1235325
1754631900000,24521.7,24533.0,24480.0,24508.9,651750
1754635500000,24506.5,24564.9,24491.3,24512.5,493575
1754639100000,24512.7,24539.0,24466.6,24487.1,498675
1754642700000,24487.0,24506.3,24413.1,24426.5,782325
1754646300000,24426.5,24448.6,24426.5,24429.0,651825
1754883900000,24455.0,24495.0,24409.2,24488.9,995775
1754887500000,24485.4,24538.5,24480.0,24505.6,665850
1754891100000,24506.0,24544.0,24480.4,24519.9,532800
1754894700000,24519.9,24585.0,24505.7,24553.9,583200
1754898300000,24558.0,24604.5,24545.0,24595.0,525450
1754901900000,24595.7,24646.2,24588.6,24624.2,1096275
1754905500000,24624.5,24629.0,24605.1,24612.3,366150
1754970300000,24605.1,24764.0,24595.0,24734.9,1907325
1754973900000,24730.3,24748.6,24589.0,24602.9,1441950
1754977500000,24602.3,24659.0,24592.0,24636.8,510375
1754981100000,24636.1,24708.0,24630.9,24659.9,727950
1754984700000,24658.5,24673.4,24596.8,24607.0,447450
1754988300000,24605.0,24620.0,24541.6,24559.1,924975
1754991900000,24559.4,24565.9,24547.0,24547.0,294000
1755056700000,24625.0,24693.8,24610.0,24665.0,1412100
1755060300000,24667.0,24688.8,24635.0,24673.9,391500
1755063900000,24669.3,24684.0,24625.0,24661.8,385650
1755067500000,24661.8,24724.0,24652.7,24702.2,899475
1755071100000,24703.0,24748.0,24685.0,24734.8,489900
1755074700000,24738.6,24740.0,24702.0,24705.8,494775
1755078300000,24706.0,24720.0,24705.5,24714.7,299550
1755143100000,24708.9,24750.9,24681.1,24698.0,1437750
1755146700000,24692.8,24730.0,24687.6,24706.0,440850
1755150300000,24710.0,24719.9,24666.3,24681.9,313200
1755153900000,24683.1,24725.0,24681.8,24716.1,250800
1755157500000,24716.1,24725.0,24685.0,24695.7,322800
1755161100000,24691.3,24705.0,24657.4,24685.5,759000
1755164700000,24690.3,24690.3,24671.0,24671.0,278025
1755488700000,24906.3,25079.0,24906.3,25049.0,3560400
1755492300000,25049.0,25057.4,25007.0,25022.0,540525
1755495900000,25024.9,25034.0,24925.0,24931.4,791700
1755499500000,24932.0,25006.9,24916.5,24997.0,666075
1755503100000,25000.0,25007.9,24967.1,24998.0,377700
1755506700000,24998.8,25005.0,24955.4,24956.1,431325
1755510300000,24961.7,24975.0,24956.1,24973.1,316650
1755575100000,24958.0,24984.0,24922.3,24976.7,781875
1755578700000,24974.3,24995.0,24956.8,24994.0,388650
1755582300000,24995.0,25033.7,24977.6,25030.0,484275
1755585900000,25034.0,25060.9,25027.0,25030.0,654225
1755589500000,25036.9,25045.0,24983.9,24996.0,449025
1755593100000,24992.7,25048.0,24990.0,25030.8,528225
1755596700000,25025.6,25041.8,25025.6,25036.0,266550
1755661500000,24974.9,25026.5,24960.0,25021.5,1373250
1755665100000,25024.7,25067.8,25011.0,25066.0,738075
1755668700000,25066.0,25084.6,25046.2,25075.0,437775
1755672300000,25075.0,25095.1,25066.7,25082.5,342225
1755675900000,25082.5,25108.1,25057.1,25095.0,459975
1755679500000,25093.1,25105.0,25080.5,25085.5,477600
1755683100000,25085.1,25086.2,25075.2,25075.2,255000
1755747900000,25111.1,25170.0,25086.0,25152.0,1324725
1755751500000,25150.0,25174.9,25146.1,25151.8,505950
1755755100000,25155.0,25172.9,25133.0,25142.1,451800
1755758700000,25142.0,25161.0,25118.2,25148.1,380925
1755762300000,25148.1,25157.8,25106.4,25157.8,525975
1755765900000,25155.1,25179.0,25124.0,25133.5,590175
1755769500000,25133.8,25133.8,25111.0,25112.4,355350
1755834300000,25094.0,25099.0,24955.4,24975.1,2003325
1755837900000,24978.9,24980.2,24920.0,24940.1,891000
1755841500000,24935.0,24968.8,24915.7,24940.0,500475
1755845100000,24937.5,24952.4,24930.1,24939.9,238650
1755848700000,24939.9,24975.0,24933.0,24935.0,378525
1755852300000,24940.7,24940.7,24887.4,24900.0,937725
1755855900000,24900.0,24908.9,24890.5,24894.0,438225
1756093500000,24950.1,24992.5,24920.0,24925.9,1166700
1756097100000,24926.4,24980.0,24914.1,24969.9,1351200
1756100700000,24969.9,25002.8,24963.7,25001.0,1231800
1756104300000,25001.2,25025.0,24996.8,25021.8,1033650
1756107900000,25020.2,25030.0,24999.9,25013.6,1090950
1756111500000,25014.0,25025.0,24974.7,24980.0,1054650
1756115100000,24983.4,24998.4,24979.1,24992.2,348225
1756179900000,24903.0,24940.0,24765.0,24796.7,2152950
1756183500000,24797.4,24816.9,24770.4,24806.6,1083600
1756187100000,24806.0,24839.8,24791.3,24798.0,853800
1756190700000,24798.0,24815.9,24772.7,24802.1,680475
1756194300000,24804.0,24821.8,24785.0,24787.4,1204200
1756197900000,24787.6,24790.9,24710.0,24719.0,1732500
1756201500000,24719.1,24738.0,24719.1,24728.0,532200
1756352700000,24689.8,24709.6,24516.3,24586.0,2450400
1756356300000,24580.3,24693.0,24557.0,24662.8,968700
1756359900000,24657.3,24688.0,24619.1,24635.0,782700
1756363500000,24634.9,24645.0,24537.3,24564.0,714975
1756367100000,24565.1,24588.0,24532.6,24576.3,871500
1756370700000,24576.3,24600.3,24478.0,24495.0,873525
1756374300000,24495.0,24505.0,24491.8,24503.0,368175
1756439100000,24650.0,24702.1,24606.6,24613.5,1526475
1756442700000,24617.4,24708.5,24610.3,24697.5,676800
1756446300000,24699.0,24710.0,24666.1,24689.9,503625
1756449900000,24685.0,24691.9,24636.4,24637.3,407250
1756453500000,24636.0,24660.0,24611.0,24648.9,393750
1756457100000,24648.9,24685.0,24546.0,24550.0,1154175
1756460700000,24554.1,24579.8,24550.7,24574.6,492600
1756698300000,24581.1,24691.9,24581.0,24656.4,1189725
1756701900000,24656.0,24688.1,24641.0,24682.8,395175
1756705500000,24683.0,24693.0,24654.0,24679.1,424650
1756709100000,24683.8,24732.0,24678.0,24722.0,539325
1756712700000,24724.0,24745.6,24710.1,24745.0,412050
1756716300000,24745.0,24760.0,24722.4,24746.9,619125
1756719900000,24746.8,24759.0,24745.5,24759.0,327900
1756784700000,24750.0,24860.0,24745.0,24843.8,1724175
1756788300000,24844.0,24869.0,24828.0,24849.5,572775
1756791900000,24851.0,24860.0,24836.0,24845.1,246750
1756795500000,24845.4,24874.7,24833.0,24842.5,336000
1756799100000,24842.4,24847.0,24664.4,24684.4,1630275
1756802700000,24682.0,24729.9,24651.9,24697.0,847125
1756806300000,24701.0,24704.0,24682.0,24683.0,261000
1756871100000,24680.0,24718.0,24638.5,24713.1,955125
1756874700000,24713.1,24715.0,24655.8,24685.7,302625
1756878300000,24680.2,24749.7,24670.4,24744.8,436725
1756881900000,24745.0,24767.7,24701.2,24715.0,660450
1756885500000,24717.7,24786.4,24706.0,24764.6,456600
1756889100000,24763.3,24837.0,24750.4,24826.9,959325
1756892700000,24823.0,24830.3,24806.2,24820.0,464175
1756957500000,24926.3,25048.5,24926.3,24933.9,2469450
1756961100000,24932.7,24974.0,24904.6,24918.0,704850
1756964700000,24919.7,24949.0,24893.4,24910.0,525600
1756968300000,24910.0,24945.0,24867.4,24924.5,533175
1756971900000,24924.8,24938.2,24875.0,24879.8,324900
1756975500000,24877.6,24880.0,24809.7,24811.1,1165950
1756979100000,24810.0,24850.0,24810.0,24835.0,497325
1757043900000,24855.3,24927.0,24765.0,24770.0,1423950
1757047500000,24764.7,24824.4,24720.4,24794.3,1165125
1757051100000,24793.0,24808.6,24750.0,24751.0,383100
1757054700000,24750.0,24769.6,24724.0,24768.0,424425
1757058300000,24765.5,24899.0,24760.0,24856.6,1197900
1757061900000,24860.5,24873.7,24822.4,24848.0,541125
1757065500000,24844.2,24863.0,24842.3,24849.6,399525
1757303100000,24888.5,24942.9,24862.2,24896.0,1325850
1757306700000,24895.5,24918.3,24871.3,24910.0,367650
1757310300000,24912.9,24940.0,24896.2,24932.0,394575
1757313900000,24931.6,24978.9,24921.0,24974.0,675450
1757317500000,24971.4,24975.7,24923.5,24954.0,357750
1757321100000,24955.0,24979.0,24870.9,24891.0,972675
1757324700000,24887.0,24909.0,24883.6,24901.1,379275
1757389500000,24931.2,24968.0,24916.1,24921.0,910350
1757393100000,24918.9,24945.9,24910.0,24937.5,307050
1757396700000,24937.5,24955.8,24915.0,24935.0,197325
1757400300000,24935.0,24959.3,24927.1,24940.1,212400
1757403900000,24945.4,24965.0,24935.0,24963.0,281475
1757407500000,24963.0,24969.0,24922.7,24948.0,533775
1757411100000,24949.5,24960.0,24943.1,24960.0,337200
1757475900000,25021.6,25098.9,25001.1,25088.9,1736475
1757479500000,25089.0,25125.0,25080.2,25100.0,852225
1757483100000,25103.8,25104.1,25065.0,25083.0,411675
1757486700000,25085.0,25099.8,25055.0,25055.5,367200
1757490300000,25058.4,25079.8,25043.0,25067.6,675075
1757493900000,25063.1,25074.1,25039.8,25072.7,510000
1757497500000,25070.9,25084.0,25069.1,25078.6,406725
1757562300000,25049.0,25103.7,25048.1,25058.7,640575
1757565900000,25059.9,25087.8,25059.9,25078.5,149925
1757569500000,25085.2,25088.7,25055.9,25076.1,164775
1757573100000,25083.0,25111.8,25079.9,25103.0,363750
1757576700000,25101.0,25119.5,25088.6,25109.2,282075
1757580300000,25109.2,25115.0,25091.6,25102.0,295725
1757583900000,25105.0,25110.0,25100.0,25108.9,244725
1757648700000,25126.3,25170.0,25126.3,25169.8,856275
1757652300000,25168.0,25195.0,25157.5,25190.0,410475
1757655900000,25188.0,25222.8,25185.0,25208.6,655425
1757659500000,25208.6,25213.0,25194.9,25206.9,230775
1757663100000,25210.0,25220.0,25191.0,25215.5,336975
1757666700000,25215.2,25216.9,25192.0,25203.2,344100
1757670300000,25205.0,25212.5,25202.2,25210.1,284700
1757907900000,25200.6,25204.0,25152.0,25167.8,908400
1757911500000,25167.8,25178.9,25147.3,25155.1,281775
1757915100000,25154.3,25194.7,25151.0,25185.0,361800
1757918700000,25185.0,25192.7,25171.0,25182.0,195975
1757922300000,25184.5,25193.3,25153.8,25159.0,203475
1757925900000,25159.0,25184.0,25152.0,25161.3,326625
1757929500000,25160.3,25171.1,25160.3,25169.0,294075
1757994300000,25178.7,25269.0,25152.0,25255.0,1170150
1757997900000,25256.8,25266.8,25242.0,25258.6,537075
1758001500000,25260.0,25275.9,25256.4,25274.0,351450
1758005100000,25274.0,25299.9,25272.0,25280.3,513075
1758008700000,25284.8,25289.7,25265.0,25285.2,350400
1758012300000,25282.5,25334.0,25280.0,25329.3,1008375
1758015900000,25326.4,25354.0,25322.2,25348.0,577425
1758080700000,25365.0,25424.8,25362.8,25405.0,1124400
1758084300000,25403.1,25435.0,25394.0,25432.5,388875
1758087900000,25432.5,25439.9,25414.0,25424.9,224025
1758091500000,25418.5,25445.0,25415.0,25435.9,224850
1758095100000,25436.7,25446.7,25396.8,25408.0,428775
1758098700000,25405.0,25431.0,25385.0,25420.0,644400
1758102300000,25424.0,25426.9,25416.7,25424.3,309075
1758167100000,25480.2,25515.0,25480.0,25493.8,1033275
1758170700000,25497.7,25525.0,25492.0,25511.7,264450
1758174300000,25515.0,25523.9,25494.0,25504.1,265200
1758177900000,25505.6,25510.0,25435.1,25450.4,841500
1758181500000,25449.0,25475.3,25440.0,25460.7,401475
1758185100000,25460.7,25522.6,25442.0,25511.1,911925
1758188700000,25510.0,25520.0,25508.0,25509.6,330825
1758253500000,25474.0,25489.8,25360.0,25388.1,1901100
1758257100000,25386.3,25403.4,25365.2,25374.0,348600
1758260700000,25374.0,25388.0,25352.0,25375.6,391425
1758264300000,25373.1,25400.0,25360.1,25398.8,314400
1758267900000,25397.5,25428.0,25393.3,25427.0,513150
1758271500000,25428.1,25432.7,25391.5,25400.8,835350
1758275100000,25399.3,25429.0,25398.4,25427.8,419700
1758512700000,25350.0,25394.5,25293.0,25380.5,1104375
1758516300000,25382.1,25392.1,25365.2,25371.7,219975
1758519900000,25371.7,25375.0,25335.0,25360.8,458850
1758523500000,25355.0,25379.3,25351.1,25370.6,184725
1758527100000,25370.5,25374.0,25335.0,25357.6,333600
1758530700000,25356.8,25357.0,25248.6,25265.2,1271175
1758534300000,25267.0,25287.5,25265.0,25275.1,269775
1758599100000,25277.7,25298.0,25176.4,25210.1,1343850
1758602700000,25213.3,25215.4,25171.0,25172.7,405150
1758606300000,25173.0,25214.0,25158.0,25213.0,503775
1758609900000,25214.0,25288.4,25204.1,25263.5,925425
1758613500000,25270.5,25333.2,25263.1,25288.0,684300
1758617100000,25286.5,25309.4,25250.2,25258.6,601200
1758620700000,25258.5,25264.5,25250.0,25255.0,259050
1758685500000,25206.5,25206.5,25105.0,25146.0,1554825
1758689100000,25147.9,25170.0,25078.0,25105.0,716700
1758692700000,25104.0,25148.0,25102.0,25148.0,271125
1758696300000,25149.0,25190.0,25135.3,25190.0,556875
1758699900000,25191.8,25198.0,25161.0,25161.5,482625
1758703500000,25161.5,25172.0,25091.2,25108.0,835875
1758707100000,25111.7,25118.9,25108.6,25113.0,417300
1758771900000,25100.0,25133.0,25050.0,25073.9,950700
1758775500000,25072.0,25089.0,25040.0,25073.0,554625
1758779100000,25074.9,25085.0,25010.0,25024.0,882450
1758782700000,25027.6,25058.2,25002.1,25040.0,443175
1758786300000,25038.4,25059.7,25005.0,25021.0,628725
1758789900000,25021.9,25031.3,24954.1,24955.3,1904250
1758793500000,24959.8,24980.0,24958.8,24962.0,428325
1758858300000,24929.9,24929.9,24821.0,24837.0,1519725
1758861900000,24838.0,24863.4,24820.0,24826.5,510300
1758865500000,24823.6,24833.5,24801.1,24817.5,1102575
1758869100000,24816.3,24839.0,24801.6,24810.2,732450
1758872700000,24808.0,24808.8,24675.2,24699.3,1353600
1758876300000,24699.0,24708.0,24663.1,24680.4,1246425
1758879900000,24685.0,24701.5,24678.3,24696.8,803325
1759117500000,24755.0,24819.8,24721.0,24812.0,1549200
1759121100000,24814.2,24844.2,24777.7,24790.8,775125
1759124700000,24790.8,24795.5,24681.3,24687.4,1274625
1759128300000,24693.2,24729.0,24646.2,24729.0,1031400
1759131900000,24728.9,24767.0,24705.1,24750.0,1303200
1759135500000,24749.7,24774.0,24671.0,24687.2,836175
1759139100000,24694.7,24699.9,24671.0,24698.4,358425
1759203900000,24714.9,24749.0,24643.0,24645.9,972900
1759207500000,24645.6,24678.9,24593.9,24670.1,806025
1759211100000,24671.2,24697.9,24634.3,24658.7,449775
1759214700000,24658.7,24698.0,24646.8,24665.8,729675
1759218300000,24665.8,24682.5,24610.0,24626.7,657900
1759221900000,24626.7,24658.7,24580.0,24614.0,813300
1759225500000,24614.0,24615.0,24609.0,24609.7,407400
1759290300000,24751.8,24828.3,24725.0,24784.8,1363125
1759293900000,24784.6,24830.8,24764.7,24830.0,536775
1759297500000,24830.0,24958.0,24830.0,24945.0,1336050
1759301100000,24945.0,24952.4,24882.5,24907.0,595350
1759304700000,24909.9,24945.1,24892.3,24932.3,332850
1759308300000,24932.1,24982.0,24920.0,24955.0,1008600
1759311900000,24955.0,24986.5,24954.6,24982.9,566850
1759463100000,24950.4,24960.3,24878.6,24921.4,1647900
1759466700000,24920.2,24941.9,24895.0,24939.0,337725
1759470300000,24939.0,24972.2,24928.5,24963.0,323775
1759473900000,24964.5,24968.0,24916.0,24967.9,377700
1759477500000,24968.0,24968.0,24925.0,24925.0,232275
1759481100000,24925.0,25020.0,24921.7,25004.1,1084575
1759484700000,25003.8,25013.9,24995.1,25007.1,564675
1759722300000,24990.0,25069.9,24973.2,25068.0,1682475
1759725900000,25065.1,25099.0,25059.0,25096.8,539625
1759729500000,25099.0,25115.0,25080.1,25108.0,662550
1759733100000,25108.0,25160.0,25102.8,25156.1,596475
1759736700000,25156.1,25199.1,25148.3,25170.7,989550
1759740300000,25170.7,25194.2,25154.7,25184.0,682050
1759743900000,25183.9,25191.6,25181.0,25183.5,366225
1759808700000,25198.0,25294.0,25180.0,25279.9,1415175
1759812300000,25281.4,25290.4,25243.3,25249.2,447825
1759815900000,25252.0,25270.0,25194.9,25255.0,608925
1759819500000,25253.0,25290.0,25238.0,25284.0,374700
1759823100000,25285.0,25318.0,25265.0,25304.4,724275
1759826700000,25305.0,25310.0,25210.3,25215.0,806925
1759830300000,25210.7,25232.6,25210.6,25230.1,456675
1759895100000,25206.9,25289.8,25183.0,25240.0,1033500
1759898700000,25236.3,25240.0,25125.0,25125.0,910425
1759902300000,25125.0,25156.4,25102.0,25136.0,761025
1759905900000,25136.0,25194.4,25085.0,25182.0,964875
1759909500000,25185.0,25225.0,25151.0,25156.6,640425
1759913100000,25155.0,25164.7,25098.5,25110.1,962400
1759916700000,25106.0,25125.0,25105.8,25115.0,251700
1759981500000,25150.0,25210.0,25124.0,25147.9,1368900
1759985100000,25142.3,25272.0,25132.8,25267.9,974550
1759988700000,25269.9,25291.0,25237.0,25253.2,685275
1759992300000,25260.0,25275.0,25235.2,25245.0,287625
1759995900000,25243.5,25289.3,25242.7,25252.8,464250
1759999500000,25252.1,25288.0,25217.0,25266.0,835800
1760003100000,25265.7,25280.0,25261.7,25275.0,429525
1760067900000,25250.0,25392.0,25250.0,25379.0,1527900
1760071500000,25379.0,25439.8,25376.4,25439.8,779475
1760075100000,25439.7,25444.5,25403.0,25423.0,372375
1760078700000,25421.5,25447.9,25412.1,25432.0,438900
1760082300000,25432.6,25464.3,25422.6,25430.0,487275
1760085900000,25430.0,25440.0,25401.2,25407.0,540375
1760089500000,25407.0,25418.0,25406.0,25415.0,275550
1760327100000,25340.0,25345.1,25240.3,25284.0,2093700
1760330700000,25280.5,25300.0,25259.5,25266.0,402600
1760334300000,25266.0,25279.0,25230.3,25266.1,470550
1760337900000,25266.0,25292.0,25255.0,25283.7,444225
1760341500000,25281.7,25299.8,25260.7,25288.0,557175
1760345100000,25288.0,25335.0,25283.3,25300.0,1055550
1760348700000,25300.2,25324.4,25300.2,25322.0,379050
1760413500000,25378.1,25378.1,25257.4,25279.5,1792200
1760417100000,25270.5,25311.6,25230.9,25247.9,856050
1760420700000,25249.0,25249.0,25165.0,25181.8,1228725
1760424300000,25182.0,25190.8,25123.2,25146.1,896625
1760427900000,25139.3,25199.0,25130.0,25187.8,571275
1760431500000,25188.0,25252.0,25165.0,25211.0,1123200
1760435100000,25212.6,25217.7,25181.4,25190.0,387825
1760499900000,25261.0,25367.5,25250.0,25349.4,2055075
1760503500000,25348.7,25425.0,25346.7,25394.6,1252125
1760507100000,25394.7,25432.0,25391.0,25397.4,515325
1760510700000,25396.8,25435.5,25384.0,25425.2,487275
1760514300000,25425.0,25460.0,25409.6,25422.7,758175
1760517900000,25422.7,25435.0,25398.0,25428.0,405225
1760521500000,25422.1,25434.3,25421.0,25433.6,310500
1760586300000,25462.0,25533.6,25460.0,25502.0,1396350
1760589900000,25502.0,25553.3,25500.0,25546.0,606300
1760593500000,25546.5,25570.0,25527.1,25569.9,571350
1760597100000,25570.0,25615.0,25560.1,25615.0,752175
1760600700000,25615.0,25669.0,25599.1,25655.7,767475
1760604300000,25656.9,25699.4,25640.3,25647.9,1782075
1760607900000,25646.0,25658.1,25640.0,25651.2,397800
1760672700000,25621.8,25740.0,25592.0,25727.0,1782975
1760676300000,25727.0,25825.0,25717.6,25817.0,1190700
1760679900000,25817.0,25849.0,25776.0,25826.8,861675
1760683500000,25825.0,25833.8,25690.4,25714.3,1226625
1760687100000,25714.0,25748.8,25659.6,25735.0,1049325
1760690700000,25735.0,25798.9,25714.0,25753.0,1133475
1760694300000,25753.0,25770.0,25749.5,25751.2,447375
1760931900000,25880.2,25969.5,25833.0,25900.8,2265975
1760935500000,25902.9,25930.0,25856.0,25910.9,506625
1760939100000,25913.5,25918.9,25863.0,25899.8,278550
1760942700000,25900.0,25950.0,25881.3,25939.4,400500
1760946300000,25938.1,25944.1,25885.3,25908.5,546975
1760949900000,25906.7,25923.8,25865.0,25915.8,923325
1760953500000,25916.1,25934.5,25913.8,25932.0,563325
1761034500000,25960.0,25975.0,25866.0,25866.0,1228050
1761191100000,26161.1,26205.0,26031.1,26162.0,3636600
1761194700000,26163.4,26167.0,26110.0,26130.3,833325
1761198300000,26131.0,26165.0,26114.9,26156.7,663600
1761201900000,26156.6,26173.0,26115.5,26128.0,585675
1761205500000,26128.0,26141.9,26013.7,26035.0,917175
1761209100000,26033.2,26078.3,25944.0,25946.0,1326375
1761212700000,25942.0,25994.5,25940.0,25950.0,414975
1761277500000,25980.2,25999.0,25903.6,25930.0,1138875
1761281100000,25931.3,25934.6,25820.3,25869.9,1310325
1761284700000,25869.4,25913.8,25840.9,25907.2,806625
1761288300000,25909.6,25924.8,25841.2,25859.6,767700
1761291900000,25862.0,25862.0,25733.0,25785.0,1596375
1761295500000,25785.0,25835.0,25765.0,25815.5,809775
1761299100000,25819.0,25824.0,25800.2,25813.7,444600
1761536700000,25901.0,26049.0,25878.0,26031.2,1873500
1761540300000,26031.0,26051.8,26011.0,26035.5,873825
1761543900000,26036.5,26065.4,25994.6,26051.0,1098450
1761547500000,26056.2,26060.2,26002.5,26016.1,985500
1761551100000,26016.9,26018.3,25957.2,25983.0,1440075
1761554700000,25980.8,26035.0,25980.0,26010.0,1022325
1761558300000,26010.0,26036.0,26000.1,26036.0,358650
1761623100000,26009.7,26074.9,25901.8,25922.3,1449525
1761626700000,25921.0,25930.8,25853.1,25869.7,1019475
1761630300000,25869.7,25916.2,25835.0,25855.9,846750
1761633900000,25855.9,25972.0,25847.6,25939.9,852000
1761637500000,25939.1,25973.8,25850.0,25880.7,1217625
1761641100000,25877.0,25940.0,25820.0,25938.0,1564650
1761644700000,25937.1,25946.0,25934.2,25934.6,220125
1761709500000,26125.0,26196.8,26101.0,26170.7,1382850
1761713100000,26168.0,26248.9,26162.9,26203.1,1322550
1761716700000,26208.2,26249.0,26190.0,26243.9,409350
1761720300000,26244.4,26281.7,26238.2,26270.0,684600
1761723900000,26271.2,26284.9,26220.0,26237.9,924225
1761727500000,26236.8,26260.0,26207.3,26227.0,849150
1761731100000,26228.0,26261.7,26227.1,26260.0,548775
1761795900000,26199.9,26199.9,26021.7,26100.1,2421225
1761799500000,26098.2,26110.3,26046.7,26095.0,515100
1761803100000,26095.0,26124.9,26045.0,26061.2,570600
1761806700000,26059.9,26080.0,26031.3,26079.0,431400
1761810300000,26075.2,26089.0,26015.0,26044.0,675000
1761813900000,26041.1,26069.8,26010.0,26029.3,1305825
1761817500000,26030.0,26047.0,26028.9,26037.4,387225
1761882300000,26012.1,26116.1,25966.7,26044.0,1501350
1761885900000,26041.0,26041.4,25907.6,25928.9,1479600
1761889500000,25920.0,25980.0,25914.0,25939.0,830175
1761893100000,25940.0,25960.1,25926.0,25944.0,527475
1761896700000,25942.8,25958.0,25901.0,25927.9,522750
1761900300000,25930.6,25931.0,25890.0,25900.8,1034625
1761903900000,25900.0,25920.0,25900.0,25907.1,701775
1762141500000,25890.0,25918.0,25800.0,25868.0,2079375
1762145100000,25865.0,25942.6,25845.6,25910.6,877050
1762148700000,25911.1,25915.9,25847.4,25853.9,410700
1762152300000,25848.4,25904.5,25846.0,25895.0,368400
1762155900000,25894.0,25920.8,25874.0,25910.0,295200
1762159500000,25910.0,25933.0,25878.7,25900.0,528600
1762163100000,25899.8,25907.0,25897.5,25904.4,306750
1762227900000,25874.7,25911.0,25805.6,25811.1,1068000
1762231500000,25811.4,25835.0,25787.0,25794.8,650100
1762235100000,25794.0,25805.0,25763.6,25789.9,673800
1762238700000,25789.9,25805.3,25770.5,25775.4,365400
1762242300000,25777.2,25788.0,25719.0,25726.0,861450
1762245900000,25727.4,25746.0,25710.5,25712.0,1121700
1762249500000,25710.5,25715.1,25693.0,25695.3,976350
1762400700000,25740.1,25805.0,25660.0,25660.0,1438650
1762404300000,25660.0,25690.0,25631.0,25669.5,635175
1762407900000,25669.6,25680.0,25634.0,25654.0,330600
1762411500000,25652.1,25729.9,25640.1,25695.9,611550
1762415100000,25692.0,25706.9,25615.6,25645.0,597600
1762418700000,25644.0,25668.0,25605.0,25611.0,507375
1762422300000,25613.5,25637.8,25613.2,25637.8,399525
1762487100000,25545.0,25545.0,25428.1,25454.9,2309175
1762490700000,25453.9,25517.0,25445.0,25514.9,626925
1762494300000,25515.0,25579.0,25505.1,25555.0,962700
1762497900000,25554.0,25599.9,25543.6,25585.6,734250
1762501500000,25585.6,25656.4,25554.1,25569.0,1008825
1762505100000,25570.3,25645.0,25565.1,25580.4,832350
1762508700000,25579.8,25615.0,25579.8,25607.4,438525
1762746300000,25690.0,25694.0,25617.8,25677.9,1112250
1762749900000,25671.2,25729.0,25671.2,25729.0,713175
1762753500000,25729.2,25747.0,25710.0,25718.5,512325
1762757100000,25714.6,25744.0,25713.2,25718.3,188175
1762760700000,25717.1,25736.9,25681.5,25717.0,422025
1762764300000,25720.0,25739.0,25685.0,25689.0,435300
1762767900000,25685.0,25699.4,25685.0,25696.9,283275
1762832700000,25731.0,25742.7,25591.8,25612.1,1686075
1762836300000,25612.0,25627.8,25555.0,25587.0,835725
1762839900000,25586.5,25672.1,25575.0,25650.0,599925
1762843500000,25650.0,25699.9,25641.2,25699.9,587700
1762847100000,25700.0,25791.0,25700.0,25768.2,1373850
1762850700000,25768.8,25818.3,25764.2,25800.0,983325
1762854300000,25797.0,25835.0,25797.0,25831.9,499725
1762919100000,25925.6,25969.5,25902.2,25938.9,1973700
1762922700000,25932.6,25977.8,25920.0,25971.1,743925
1762926300000,25973.0,25995.2,25965.0,25972.1,534450
1762929900000,25975.0,26024.0,25969.9,26014.7,676950
1762933500000,26014.7,26018.6,25978.0,25985.0,450075
1762937100000,25984.3,26004.5,25972.0,25990.0,558825
1762940700000,25988.0,25990.0,25974.9,25979.1,339000
1763005500000,25952.0,25993.9,25896.2,25987.9,1063800
1763009100000,25994.0,26075.0,25981.3,26056.0,726825
1763012700000,26056.0,26079.0,26043.0,26070.0,414825
1763016300000,26065.0,26075.0,26013.1,26057.3,554250
1763019900000,26058.9,26092.5,25935.0,25970.0,1274400
1763023500000,25965.0,25998.3,25931.0,25953.0,759375
1763027100000,25950.5,25980.0,25936.0,25951.0,385875
1763091900000,25904.0,25983.0,25840.0,25859.7,2676300
1763095500000,25858.5,25968.6,25825.0,25956.2,1116750
1763099100000,25959.1,25969.0,25871.0,25922.0,638475
1763102700000,25924.0,25940.0,25875.0,25893.2,423150
1763106300000,25895.0,25920.0,25815.0,25858.1,848100
1763109900000,25857.2,25979.8,25835.0,25979.8,1727325
1763113500000,25973.1,25980.0,25952.0,25972.0,660075
1763351100000,26006.0,26050.2,25971.0,26025.0,1258950
1763354700000,26025.2,26041.7,25992.6,26022.8,477000
1763358300000,26020.0,26047.2,25980.0,26042.0,532275
1763361900000,26042.0,26069.0,26032.6,26045.0,453825
1763365500000,26049.9,26083.0,26038.5,26072.0,435525
1763369100000,26075.0,26075.0,26041.1,26059.0,496725
1763372700000,26058.3,26065.0,26054.8,26061.9,359100
1763437500000,26020.0,26038.8,25905.7,25931.6,1605975
1763441100000,25930.0,25977.0,25911.2,25967.4,615225
1763444700000,25970.0,26019.0,25952.7,25994.8,622125
1763448300000,25991.7,26001.8,25956.1,25995.3,541050
1763451900000,25995.5,26042.0,25995.3,26030.0,537825
1763455500000,26030.1,26038.2,25940.0,25945.0,828675
1763459100000,25946.0,25953.6,25931.0,25933.9,410400
1763523900000,25940.0,25990.0,25887.8,25989.3,1229325
1763527500000,25989.8,26005.0,25942.3,25942.3,744375
1763531100000,25941.6,26038.1,25931.0,26035.0,633450
1763534700000,26037.5,26075.0,26030.0,26054.3,761475
1763538300000,26059.5,26068.0,26020.0,26067.4,432225
1763541900000,26065.0,26090.0,26061.4,26070.0,872025
1763545500000,26070.6,26079.4,26062.0,26078.0,392100
1763610300000,26136.0,26147.0,26072.0,26120.8,1251300
1763613900000,26120.9,26172.0,26120.0,26150.8,799125
1763617500000,26150.8,26170.0,26141.5,26165.0,514575
1763621100000,26165.0,26199.0,26158.0,26185.7,807300
1763624700000,26186.9,26262.0,26183.2,26251.6,1367550
1763628300000,26250.3,26264.0,26202.4,26227.2,1483800
1763631900000,26223.2,26239.0,26219.2,26239.0,418050
1763696700000,26136.3,26188.9,26094.0,26104.8,1797675
1763700300000,26104.8,26124.0,26070.1,26124.0,1321950
1763703900000,26123.9,26143.8,26096.8,26139.7,872850
1763707500000,26141.9,26195.0,26136.7,26148.6,1112400
1763711100000,26147.4,26166.0,26108.0,26164.9,1048650
1763714700000,26164.9,26177.6,26071.9,26079.3,1694625
1763718300000,26081.5,26094.1,26061.3,26070.0,769950
1763955900000,26111.0,26148.8,26085.0,26148.7,1064850
1763959500000,26148.7,26168.8,26112.5,26115.0,704550
1763963100000,26120.0,26150.0,26080.3,26094.0,837600
1763966700000,26094.0,26113.4,26045.2,26098.0,1108050
1763970300000,26094.3,26114.3,26058.1,26074.0,972225
1763973900000,26073.8,26073.8,25982.8,25988.7,1901025
1763977500000,25993.0,25998.0,25955.0,25967.6,699375
1764042300000,25961.0,26034.0,25934.2,26030.0,1141875
1764045900000,26032.0,26035.0,25924.5,25943.6,902625
1764049500000,25944.0,26005.1,25933.8,25986.2,531450
1764053100000,25986.2,26009.0,25955.0,26000.9,520500
1764056700000,25997.3,26029.9,25980.8,26020.8,653850
1764060300000,26020.6,26025.8,25867.4,25883.5,1438500
1764063900000,25884.1,25891.6,25881.1,25884.0,323625
1764128700000,26105.0,26300.0,26085.0,26282.9,2556525
1764132300000,26287.0,26328.8,26265.0,26307.0,867000
1764135900000,26313.3,26345.3,26294.5,26339.4,662550
1764139500000,26339.5,26378.9,26327.0,26362.6,1035825
1764143100000,26362.6,26387.2,26337.8,26367.1,733800
1764146700000,26372.1,26390.0,26343.6,26389.2,722175
1764150300000,26385.0,26392.0,26372.0,26390.0,738825
1764215100000,26401.1,26479.9,26400.5,26460.0,1448400
1764218700000,26465.6,26495.6,26441.9,26474.0,471750
1764222300000,26475.0,26478.4,26400.0,26412.0,545625
1764225900000,26408.5,26435.0,26340.0,26340.3,742500
1764229500000,26344.2,26375.0,26317.5,26355.2,849825
1764233100000,26355.0,26399.0,26347.5,26386.0,524325
1764236700000,26388.0,26405.6,26381.9,26395.0,304200
1764301500000,26341.0,26449.0,26336.3,26420.1,789375
1764305100000,26420.0,26459.9,26402.1,26447.0,435075
1764308700000,26447.0,26449.4,26400.8,26411.0,221025
1764312300000,26410.0,26420.7,26375.1,26392.0,389250
1764315900000,26392.0,26416.3,26364.4,26376.5,290625
1764319500000,26375.1,26400.2,26370.1,26382.0,602475
1764323100000,26378.6,26397.0,26377.1,26396.0,326175
1764560700000,26455.1,26493.8,26429.8,26454.0,1082700
1764564300000,26450.2,26462.2,26396.0,26419.5,518325
1764567900000,26415.0,26432.6,26327.1,26344.0,773400
1764571500000,26341.0,26353.8,26305.0,26348.0,623400
1764575100000,26345.9,26379.0,26323.0,26366.4,464700
1764578700000,26372.0,26377.9,26301.4,26339.0,1018800
1764582300000,26340.9,26343.0,26328.0,26335.0,399825
1764647100000,26278.8,26315.0,26222.0,26226.0,1375125
1764650700000,26225.1,26267.2,26213.4,26243.6,594600
1764654300000,26241.2,26257.0,26216.9,26229.7,429375
1764657900000,26223.0,26259.0,26203.0,26208.4,506400
1764661500000,26209.0,26234.1,26205.0,26221.7,363225
1764665100000,26217.0,26225.9,26181.0,26214.4,1359225
1764668700000,26214.5,26231.0,26208.1,26228.0,454125
1764733500000,26225.0,26225.0,26053.7,26078.0,2035500
1764737100000,26080.0,26089.0,26049.0,26075.0,667800
1764740700000,26075.1,26115.0,26050.1,26108.3,689550
1764744300000,26108.3,26118.9,26070.0,26087.0,383250
1764747900000,26082.6,26108.0,26055.0,26102.4,411225
1764751500000,26105.0,26150.5,26080.0,26146.0,945600
1764755100000,26146.3,26146.3,26126.0,26142.7,380700
1764819900000,26105.0,26182.0,26070.2,26180.0,932100
1764823500000,26180.0,26243.9,26170.0,26218.0,995850
1764827100000,26218.0,26222.0,26150.0,26165.6,561375
1764830700000,26171.7,26173.5,26120.1,26143.2,436500
1764834300000,26141.2,26165.4,26092.4,26143.3,757875
1764837900000,26144.7,26197.0,26126.0,26188.1,571050
1764841500000,26188.7,26190.0,26172.2,26185.1,310200
1764906300000,26151.9,26267.0,26151.9,26246.1,1251975
1764909900000,26250.0,26291.6,26158.0,26284.9,1567425
1764913500000,26285.0,26313.6,26275.0,26287.0,674775
1764917100000,26287.0,26366.3,26285.1,26343.6,875625
1764920700000,26345.0,26370.0,26310.0,26317.0,568275
1764924300000,26320.0,26343.7,26280.0,26330.1,625050
1764927900000,26331.9,26340.0,26325.5,26336.0,352350
1765165500000,26303.0,26322.1,26223.0,26247.6,1392075
1765169100000,26243.8,26260.0,26204.0,26224.3,679575
1765172700000,26220.0,26230.2,26181.3,26186.3,582825
1765176300000,26187.8,26195.8,26156.0,26180.0,830250
1765179900000,26180.0,26180.0,26035.2,26057.2,1736550
1765183500000,26056.7,26095.0,26030.0,26076.1,875100
1765187100000,26080.0,26083.0,26046.0,26050.0,511200
1765251900000,25976.7,25999.0,25875.0,25916.1,2714100
1765255500000,25922.9,25999.8,25914.0,25999.8,1214025
1765259100000,26000.0,26020.0,25938.4,26016.0,669900
1765262700000,26019.9,26039.0,25976.8,25997.3,658650
1765266300000,25996.7,26029.0,25985.0,26007.0,254175
1765269900000,26007.0,26007.0,25930.0,25959.7,952425
1765273500000,25959.0,25967.5,25955.0,25959.1,344250
1765338300000,25949.2,26035.5,25928.7,26035.5,1050375
1765341900000,26035.5,26061.0,25923.2,25975.0,993675
1765345500000,25973.4,25982.8,25917.0,25935.0,446100
1765349100000,25935.7,25945.3,25870.0,25907.6,673275
1765352700000,25906.0,25960.0,25860.0,25864.9,661800
1765356300000,25860.0,25885.0,25842.0,25863.2,724875
1765359900000,25862.8,25872.8,25855.0,25855.0,412350
1765424700000,25906.1,25934.0,25804.1,25934.0,1587150
1765428300000,25938.0,25971.8,25884.0,25920.2,1068525
1765431900000,25920.1,26014.9,25910.0,26000.7,669825
1765435500000,26000.7,26038.9,25959.0,25972.2,848475
1765439100000,25972.2,26012.0,25968.0,25974.6,292950
1765442700000,25979.0,26035.0,25975.0,26006.9,689475
1765446300000,26006.6,26017.9,26001.3,26008.4,400725
1765511100000,26080.2,26148.7,26071.0,26100.0,1663650
1765514700000,26105.0,26125.8,26040.1,26093.0,736875
1765518300000,26093.0,26138.9,26090.0,26113.3,570900
1765521900000,26113.7,26139.2,26101.7,26137.0,303825
1765525500000,26132.9,26158.5,26105.0,26145.0,556050
1765529100000,26145.0,26151.0,26117.0,26142.5,492825
1765532700000,26148.4,26151.9,26131.9,26148.0,463725
1765770300000,26059.9,26079.5,25987.8,26045.1,1719225
1765773900000,26045.1,26077.0,26026.5,26061.4,564975
1765777500000,26060.0,26124.0,26037.1,26110.0,842100
1765781100000,26106.0,26126.9,26090.0,26126.9,266550
1765784700000,26128.2,26128.7,26085.0,26099.0,419775
1765788300000,26096.0,26132.5,26092.5,26111.1,492075
1765791900000,26110.1,26113.1,26103.3,26103.3,209175
1765856700000,26045.0,26045.0,25965.1,25973.3,1731450
1765860300000,25972.0,26003.2,25966.7,25982.0,477975
1765863900000,25982.0,25990.0,25952.3,25969.0,569700
1765867500000,25967.0,25993.0,25955.9,25958.1,406950
1765871100000,25957.3,26008.0,25955.3,25965.0,447975
1765874700000,25969.0,25977.4,25939.4,25948.0,635025
1765878300000,25947.5,25949.9,25929.5,25932.1,573675
1765943100000,25940.7,26004.9,25892.0,25915.6,1273575
1765946700000,25913.8,25924.5,25878.0,25922.0,557025
1765950300000,25924.8,25927.6,25870.0,25875.0,394725
1765953900000,25875.0,25889.0,25857.1,25868.9,286650
1765957500000,25866.9,25896.0,25860.0,25884.8,249900
1765961100000,25881.0,25905.0,25860.0,25892.9,513675
1765964700000,25893.5,25912.9,25883.5,25912.9,330600
1766029500000,25877.0,25878.1,25801.0,25861.0,1085175
1766033100000,25864.0,25944.0,25852.5,25909.1,1076100
1766036700000,25909.0,25965.3,25898.5,25960.1,553125
1766040300000,25961.1,25980.0,25946.1,25959.0,681150
1766043900000,25959.2,25965.2,25875.0,25879.0,550050
1766047500000,25879.1,25894.7,25850.0,25884.0,768525
1766051100000,25884.0,25885.7,25874.5,25882.0,397650
1766115900000,25951.1,26034.5,25951.1,25995.0,1958925
1766119500000,25994.1,26038.8,25992.5,26011.1,569100
1766123100000,26017.9,26018.3,25960.2,25992.0,460125
1766126700000,25996.4,26014.9,25976.7,25982.0,187950
1766130300000,25981.0,26029.0,25980.0,26017.3,358575
1766133900000,26017.3,26043.8,26009.9,26032.1,747225
1766137500000,26032.8,26040.0,26025.0,26040.0,380925
1766375100000,26155.0,26193.0,26130.0,26177.3,1446375
1766378700000,26180.0,26195.6,26175.0,26184.9,440250
1766382300000,26183.2,26197.1,26175.1,26185.0,215625
1766385900000,26187.6,26196.0,26172.0,26187.0,230250
1766389500000,26188.1,26197.0,26177.1,26190.0,204450
1766393100000,26190.0,26206.5,26180.0,26200.0,590625
1766396700000,26199.9,26202.0,26190.5,26202.0,436650
1766461500000,26242.0,26242.0,26163.0,26222.1,930975
1766465100000,26225.3,26227.7,26201.0,26221.8,297900
1766468700000,26225.1,26228.0,26196.1,26221.0,195525
1766472300000,26219.1,26225.0,26210.2,26219.0,100425
1766475900000,26219.0,26235.0,26216.1,26233.0,232575
1766479500000,26234.0,26259.0,26198.8,26207.8,959250
1766483100000,26207.7,26209.0,26196.1,26196.1,359700
1766547900000,26206.9,26264.3,26166.7,26259.8,633225
1766551500000,26256.1,26269.7,26220.1,26239.5,344700
1766555100000,26234.5,26253.9,26205.4,26221.0,279675
1766558700000,26221.0,26242.0,26202.0,26209.0,269400
1766562300000,26209.0,26213.0,26170.0,26180.4,602325
1766565900000,26181.2,26187.0,26151.7,26175.0,752700
1766569500000,26174.9,26179.0,26164.1,26164.1,426825
1766720700000,26136.0,26149.0,26080.0,26104.2,1266225
1766724300000,26101.4,26114.4,26077.0,26089.0,522525
1766727900000,26085.0,26090.7,26073.1,26085.0,1198725
1766731500000,26083.0,26088.2,26051.3,26059.5,754350
1766735100000,26059.0,26069.6,26050.5,26062.0,752025
1766738700000,26061.5,26065.3,26041.0,26063.3,1019325
1766742300000,26059.1,26065.0,26053.7,26058.0,446850
1766979900000,26067.6,26100.2,26035.5,26040.6,1066350
1766983500000,26044.0,26044.0,25989.1,25999.2,1070700
1766987100000,25999.1,26007.8,25982.1,25998.7,849750
1766990700000,25998.0,25999.3,25965.0,25970.3,698550
1766994300000,25972.4,25974.2,25938.0,25955.9,1007550
1766997900000,25958.7,25975.0,25934.6,25959.0,1496700
1767001500000,25959.0,25967.1,25952.5,25955.6,282525
1767066300000,25935.0,25966.0,25880.1,25943.9,1421550
1767069900000,25953.5,25983.5,25913.3,25922.7,1112100
1767073500000,25924.2,25934.0,25890.1,25892.2,684000
1767077100000,25894.0,25916.0,25883.9,25897.0,609375
1767080700000,25896.2,25967.7,25892.0,25948.5,570525
1767084300000,25949.0,25965.0,25925.0,25938.0,625875
1767087900000,25938.0,25942.0,25935.9,25937.4,354300
1767152700000,26136.2,26187.2,26130.2,26169.0,1205360
1767156300000,26170.0,26223.3,26164.2,26218.0,812305
1767159900000,26220.0,26255.0,26200.0,26251.0,579865
1767163500000,26250.2,26315.0,26242.0,26306.4,790400
1767167100000,26309.7,26325.0,26286.5,26314.9,432965
1767170700000,26312.7,26319.0,26285.0,26293.9,656695
1767174300000,26294.9,26305.0,26290.0,26300.0,260650
1767239100000,26329.9,26339.6,26283.1,26295.4,613665
1767242700000,26287.3,26325.0,26261.0,26316.0,394550
1767246300000,26316.0,26322.0,26272.6,26276.3,261885
1767249900000,26276.3,26300.0,26270.0,26297.3,214305
1767253500000,26298.9,26309.6,26278.0,26307.2,143520
1767257100000,26305.6,26315.0,26284.6,26292.7,204425
1767260700000,26287.0,26295.8,26284.8,26294.0,200655
1767325500000,26315.0,26409.0,26312.6,26400.0,1402245
1767329100000,26399.9,26411.9,26385.7,26405.0,360035
1767332700000,26404.6,26439.0,26403.2,26431.7,438620
1767336300000,26434.0,26450.0,26423.4,26435.2,440635
1767339900000,26438.0,26445.5,26431.8,26436.1,255125
1767343500000,26440.4,26461.6,26414.9,26449.0,787020
1767347100000,26451.0,26480.0,26444.1,26478.0,475930
1767584700000,26510.0,26510.0,26390.6,26472.0,1450410
1767588300000,26471.6,26506.0,26460.0,26486.1,525980
1767591900000,26486.2,26486.2,26432.3,26455.0,303875
1767595500000,26452.7,26474.0,26423.4,26424.4,252525
1767599100000,26422.3,26429.7,26308.5,26325.0,1392885
1767602700000,26325.0,26369.0,26314.6,26331.0,839085
1767606300000,26331.0,26331.6,26318.0,26329.0,395525
1767671100000,26353.1,26399.0,26301.2,26374.3,1633320
1767674700000,26370.0,26388.0,26310.0,26313.3,406120
1767678300000,26313.3,26321.4,26270.0,26300.3,762710
1767681900000,26300.3,26321.0,26281.8,26303.0,254670
1767685500000,26303.0,26307.7,26255.0,26263.4,481390
1767689100000,26260.5,26295.0,26256.0,26280.3,541970
1767692700000,26280.3,26288.0,26278.1,26284.8,246740
1767757500000,26228.2,26279.9,26202.0,26279.9,990210
1767761100000,26283.0,26298.0,26240.0,26265.0,521950
1767764700000,26268.4,26284.0,26226.0,26239.3,293020
1767768300000,26239.6,26239.6,26190.1,26217.9,511550
1767771900000,26218.9,26220.6,26186.0,26213.9,341575
1767775500000,26213.9,26249.0,26200.0,26248.0,464815
1767779100000,26248.0,26249.0,26228.3,26235.1,442975
1767843900000,26185.0,26210.0,26145.0,26160.0,1174485
1767847500000,26162.8,26163.0,26104.4,26105.0,940225
1767851100000,26104.1,26109.6,25988.2,26034.2,1811810
1767854700000,26035.3,26050.0,26008.2,26039.2,675415
1767858300000,26038.5,26046.5,25993.0,26032.7,691470
1767861900000,26034.9,26053.8,25970.0,25987.0,987155
1767865500000,25987.9,25992.0,25965.0,25965.1,630565
1767930300000,25970.0,26031.6,25936.5,25973.0,1236105
1767933900000,25979.4,26010.5,25912.5,25914.1,498160
1767937500000,25916.0,25933.2,25846.7,25853.8,707525
1767941100000,25853.8,25868.8,25766.0,25799.5,986830
1767944700000,25799.5,25833.0,25761.6,25767.0,742365
1767948300000,25768.0,25801.0,25725.0,25794.9,1146925
1767951900000,25795.0,25815.0,25776.3,25814.0,507780
1768189500000,25770.2,25793.9,25641.0,25669.7,2069535
1768193100000,25666.0,25699.8,25628.3,25639.5,593580
1768196700000,25638.1,25677.9,25573.2,25677.9,932425
1768200300000,25679.7,25844.4,25658.2,25816.4,2145910
1768203900000,25818.0,25855.0,25781.0,25826.0,631150
1768207500000,25822.5,25899.0,25797.3,25865.7,1158365
1768211100000,25865.5,25888.9,25865.0,25878.0,383110
1768275900000,25925.8,25934.8,25758.3,25799.7,1886300
1768279500000,25793.3,25885.0,25785.0,25850.4,651820
1768283100000,25852.3,25877.0,25775.8,25777.8,408330
1768286700000,25777.7,25799.5,25681.0,25723.6,941915
1768290300000,25721.1,25749.0,25680.3,25693.9,440700
1768293900000,25693.0,25809.3,25661.1,25787.7,1122680
1768297500000,25793.0,25797.9,25775.5,25780.0,229905
1768362300000,25741.0,25825.0,25693.3,25761.0,984555
1768365900000,25760.0,25795.0,25716.0,25786.2,494000
1768369500000,25785.5,25850.0,25780.6,25803.0,612560
1768373100000,25802.0,25833.7,25790.0,25802.6,242970
1768376700000,25802.0,25815.5,25681.0,25715.0,834535
1768380300000,25715.0,25769.0,25670.0,25711.9,902200
1768383900000,25713.4,25729.6,25707.1,25725.3,520455
1768535100000,25785.0,25868.0,25752.0,25863.5,1464905
1768538700000,25862.5,25958.0,25862.5,25889.9,1590225
1768542300000,25889.3,25913.6,25837.1,25906.2,525525
1768545900000,25910.2,25913.3,25778.7,25787.0,724620
1768549500000,25787.0,25794.4,25722.0,25745.4,880815
1768553100000,25745.2,25779.9,25732.0,25739.0,547690
1768556700000,25746.0,25765.0,25741.0,25750.1,275600
1768794300000,25669.9,25669.9,25541.0,25562.0,1702220
1768797900000,25560.5,25609.0,25530.0,25570.5,632970
1768801500000,25573.2,25590.9,25550.0,25569.9,318825
1768805100000,25569.9,25604.2,25544.4,25566.6,319410
1768808700000,25566.4,25680.0,25562.0,25639.0,856115
1768812300000,25637.7,25668.2,25607.0,25612.8,607685
1768815900000,25617.9,25619.0,25567.3,25574.4,385580
1768880700000,25589.7,25604.8,25467.3,25500.1,1341145
1768884300000,25501.1,25540.0,25473.2,25476.0,458965
1768887900000,25477.0,25521.1,25451.9,25467.5,414115
1768891500000,25464.1,25473.5,25436.2,25450.0,519545
1768895100000,25445.3,25470.2,25378.9,25392.0,822380
1768898700000,25392.0,25425.0,25225.7,25233.9,1596920
1768902300000,25230.5,25267.6,25224.6,25267.6,1233960
1768967100000,25239.5,25328.8,25190.0,25208.4,2259920
1768970700000,25204.2,25212.9,24961.0,25106.9,2604290
1768974300000,25104.0,25190.0,25072.4,25190.0,1410435
1768977900000,25186.8,25340.0,25156.3,25280.0,1746745
1768981500000,25279.5,25285.5,25157.6,25166.7,946920
1768985100000,25166.7,25229.6,25141.0,25171.5,998985
1768988700000,25170.2,25189.9,25150.0,25188.0,391300
1769053500000,25312.0,25475.0,25312.0,25411.1,2913820
1769057100000,25412.0,25427.6,25222.2,25246.8,1493700
1769060700000,25248.9,25311.0,25201.3,25262.9,761345
1769064300000,25262.9,25307.6,25220.0,25220.0,1036360
1769067900000,25216.7,25279.0,25200.0,25217.0,1108965
1769071500000,25215.0,25359.6,25202.0,25343.9,2385370
1769075100000,25344.7,25397.7,25343.6,25373.5,752635
1769139900000,25370.0,25370.0,25282.0,25307.0,1024335
1769143500000,25305.0,25354.1,25268.2,25307.2,940225
1769147100000,25306.4,25315.0,25210.0,25215.0,914420
1769150700000,25213.1,25284.4,25213.1,25227.2,885560
1769154300000,25227.3,25227.3,25065.1,25101.8,1577095
1769157900000,25101.8,25148.0,25045.7,25075.6,1269385
1769161500000,25078.0,25104.9,25060.9,25080.0,442260
1769485500000,25116.3,25184.0,24957.0,25152.6,2026050
1769489100000,25150.0,25205.0,24983.1,25032.8,1267175
1769492700000,25035.0,25188.0,25025.0,25140.0,802295
1769496300000,25141.8,25159.0,25065.0,25105.1,541450
1769499900000,25105.1,25153.6,25000.0,25046.2,644345
1769503500000,25047.5,25187.5,25016.0,25167.8,1228825
1769507100000,25174.0,25178.2,25165.1,25174.0,378495
1769571900000,25445.0,25490.0,25340.8,25366.0,2479360
1769575500000,25361.1,25459.9,25343.1,25450.0,909805
1769579100000,25456.3,25484.6,25422.8,25442.0,531895
1769582700000,25440.0,25451.7,25375.0,25404.4,424580
1769586300000,25406.5,25417.0,25300.1,25326.3,928330
1769589900000,25325.5,25462.7,25316.6,25438.0,1363895
1769593500000,25440.0,25465.0,25436.9,25450.0,450905
1769658300000,25396.2,25415.6,25262.5,25318.0,1961570
1769661900000,25317.0,25364.8,25265.4,25362.9,1633060
1769665500000,25364.8,25410.5,25345.5,25381.2,688155
1769669100000,25381.9,25480.0,25361.6,25469.0,1335230
1769672700000,25470.0,25555.0,25440.0,25528.0,1720680
1769676300000,25520.0,25564.8,25503.8,25530.3,1279395
1769679900000,25529.8,25546.8,25528.0,25538.0,406965
1769744700000,25420.6,25425.0,25322.1,25409.9,2129205
1769748300000,25409.7,25415.0,25340.0,25352.7,528775
1769751900000,25345.0,25388.0,25330.0,25384.0,544310
1769755500000,25384.0,25410.0,25325.0,25331.0,615160
1769759100000,25333.0,25468.8,25298.0,25449.9,1545830
1769762700000,25450.8,25455.0,25372.1,25418.3,1015430
1769766300000,25419.0,25444.9,25401.0,25424.5,570505
1769917500000,25410.0,25424.9,25333.0,25421.0,881725
1769921100000,25424.9,25524.4,25415.0,25485.9,795080
1769924700000,25488.1,25493.9,25280.0,25314.9,1871155
1769928300000,25301.8,25319.0,24635.9,25180.0,6759155
1769931900000,25180.0,25209.0,25036.4,25062.6,1386710
1769935500000,25070.0,25159.0,24891.8,24895.0,1496170
1769939100000,24890.4,24890.5,24765.0,24800.0,1262040
1770003900000,24808.7,24992.0,24765.2,24893.0,3048175
1770007500000,24887.1,24940.0,24767.0,24805.6,1231295
1770011100000,24805.5,24994.9,24758.5,24981.9,1162135
1770014700000,24985.6,25048.9,24925.0,25017.7,987805
1770018300000,25020.4,25074.0,24927.5,25027.8,993330
1770021900000,25030.0,25148.2,25006.6,25135.0,1227720
1770025500000,25138.6,25159.0,25134.1,25149.2,578630
1770090300000,26221.0,26320.0,25725.0,25763.0,11089260
1770093900000,25768.0,25910.0,25764.2,25875.0,1973530
1770097500000,25874.0,25960.0,25856.1,25930.8,1133535
1770101100000,25928.5,25936.2,25864.3,25886.0,621010
1770104700000,25887.8,25905.6,25806.5,25859.6,1420120
1770108300000,25856.0,25882.0,25788.9,25811.6,1148810
1770111900000,25814.3,25834.8,25803.4,25823.1,535340
1770176700000,25757.0,25870.3,25710.0,25850.0,1809730
1770180300000,25853.5,25858.0,25781.6,25798.4,677235
1770183900000,25798.2,25825.0,25765.0,25825.0,450710
1770187500000,25823.9,25842.2,25790.1,25825.5,408070
1770191100000,25826.7,25886.0,25817.8,25885.0,567580
1770194700000,25886.5,25910.0,25853.8,25860.2,634855
1770198300000,25860.3,25870.0,25825.0,25831.9,379210
1770263100000,25792.2,25812.7,25690.0,25745.0,1582620
1770266700000,25745.3,25778.0,25700.0,25748.1,691080
1770270300000,25748.1,25755.0,25716.2,25720.7,270660
1770273900000,25719.0,25737.0,25695.0,25721.0,369850
1770277500000,25723.4,25739.5,25670.0,25681.1,517075
1770281100000,25680.3,25752.0,25675.0,25726.1,622115
1770284700000,25725.4,25729.0,25709.0,25717.9,302510
1770349500000,25667.0,25694.0,25577.0,25597.8,1236495
1770353100000,25592.4,25638.0,25567.2,25636.6,839150
1770356700000,25646.8,25725.0,25622.4,25685.0,1081210
1770360300000,25685.0,25687.0,25600.1,25631.3,520715
1770363900000,25630.5,25700.7,25610.4,25673.0,403910
1770367500000,25673.0,25745.0,25663.2,25739.8,987415
1770371100000,25744.8,25744.8,25726.1,25728.2,411450
1770608700000,25906.6,25906.7,25854.5,25874.0,1789970
1770612300000,25875.0,25940.9,25866.4,25930.0,718055
1770615900000,25925.0,25940.0,25900.7,25922.5,370695
1770619500000,25923.7,25932.1,25885.0,25914.9,232440
1770623100000,25913.0,25920.0,25895.5,25910.0,279045
1770626700000,25910.0,25928.0,25901.0,25917.0,378625
1770630300000,25916.7,25919.0,25901.0,25909.0,310245
1770695100000,25970.0,26019.0,25940.5,26002.2,1258725
1770698700000,26002.2,26034.0,26000.0,26015.8,466375
1770702300000,26016.5,26021.1,25997.0,26017.2,281255
1770705900000,26019.9,26044.0,26008.0,26029.8,261560
1770709500000,26028.0,26030.0,25952.6,25974.0,729300
1770713100000,25975.0,26008.6,25962.6,25992.0,567905
1770716700000,25990.0,25994.4,25965.8,25969.9,273780
1770781500000,26050.6,26068.0,25980.5,25986.8,1282385
1770785100000,25993.5,26043.0,25985.7,26010.1,632450
1770788700000,26011.4,26037.9,25987.6,26007.1,264810
1770792300000,26007.5,26009.3,25955.0,25975.8,375830
1770795900000,25975.0,26019.9,25970.7,26010.0,273065
1770799500000,26011.0,26019.5,25986.8,25994.8,351780
1770803100000,25997.7,26000.0,25986.2,25989.7,264550
1770867900000,25966.5,25966.5,25882.7,25935.0,1165970
1770871500000,25935.4,25938.3,25896.5,25908.8,510185
1770875100000,25904.0,25908.4,25867.4,25884.0,519610
1770878700000,25889.0,25913.5,25880.0,25886.9,258830
1770882300000,25885.0,25928.0,25871.1,25880.6,289120
1770885900000,25880.5,25893.0,25820.0,25860.4,787605
1770889500000,25863.6,25865.8,25848.7,25850.0,374270
1770954300000,25705.2,25719.1,25589.4,25601.1,1893970
1770957900000,25604.9,25635.0,25581.7,25610.0,978835
1770961500000,25610.0,25625.0,25586.6,25622.4,376805
1770965100000,25623.0,25652.0,25591.6,25616.8,480415
1770968700000,25622.7,25631.0,25555.0,25582.7,476840
1770972300000,25582.7,25586.2,25514.1,25525.5,933270
1770975900000,25523.2,25539.4,25476.5,25485.8,652535
1771213500000,25454.0,25599.0,25430.0,25594.0,1417325
1771217100000,25593.7,25599.0,25550.7,25577.0,424710
1771220700000,25579.9,25595.3,25545.1,25586.0,291915
1771224300000,25584.9,25620.8,25568.3,25608.0,359840
1771227900000,25607.8,25628.8,25590.9,25617.6,244725
1771231500000,25617.0,25725.0,25607.5,25720.0,1112995
1771235100000,25720.1,25728.0,25711.5,25728.0,358995
1771299900000,25631.0,25689.0,25582.5,25684.8,1396915
1771303500000,25687.6,25744.6,25652.9,25685.0,750100
1771307100000,25681.5,25762.9,25681.5,25743.8,449865
1771310700000,25743.8,25775.9,25728.3,25750.5,330395
1771314300000,25749.9,25777.0,25691.1,25699.8,364585
1771317900000,25694.5,25750.0,25692.0,25737.3,484640
1771321500000,25739.0,25743.0,25736.0,25736.5,297635
1771386300000,25762.0,25770.0,25666.0,25682.6,1024270
1771389900000,25680.9,25728.6,25660.0,25722.0,474175
1771393500000,25722.0,25738.0,25688.5,25730.0,284180
1771397100000,25727.9,25765.0,25723.7,25752.0,309075
1771400700000,25750.1,25786.1,25725.8,25784.3,394745
1771404300000,25784.8,25844.8,25772.2,25829.9,894985
1771407900000,25830.0,25832.7,25821.2,25825.0,393770
1771472700000,25855.0,25877.0,25759.2,25760.2,766935
1771476300000,25759.1,25777.6,25705.1,25726.5,635960
1771479900000,25726.5,25734.1,25606.0,25609.4,905125
1771483500000,25606.0,25649.4,25572.7,25635.0,943215
1771487100000,25635.0,25641.0,25552.8,25587.9,646360
1771490700000,25585.0,25610.0,25442.2,25458.0,1344135
1771494300000,25455.3,25460.6,25402.4,25410.0,933790
1771559100000,25423.6,25545.0,25389.7,25490.5,1265615
1771562700000,25490.0,25628.9,25490.0,25582.0,1201785
1771566300000,25586.1,25645.0,25581.2,25624.6,718250
1771569900000,25621.9,25688.0,25540.0,25566.6,1247935
1771573500000,25559.9,25630.0,25545.0,25615.6,763555
1771577100000,25615.6,25678.0,25575.0,25583.3,1160770
1771580700000,25582.5,25598.2,25545.0,25578.1,543660
1771818300000,25700.0,25779.9,25633.0,25723.2,1538745
1771821900000,25727.4,25748.0,25645.0,25700.0,709085
1771825500000,25705.9,25706.0,25620.3,25663.9,1060150
1771829100000,25661.6,25695.0,25626.0,25631.6,1249495
1771832700000,25629.4,25675.1,25593.3,25625.0,1577615
1771836300000,25624.8,25725.0,25616.6,25699.0,1418755
1771839900000,25699.7,25719.9,25694.0,25701.0,438555
1771904700000,25637.2,25640.4,25480.3,25486.2,1348555
1771908300000,25486.7,25520.0,25455.7,25509.9,767260
1771911900000,25509.9,25532.0,25450.0,25467.8,814255
1771915500000,25463.0,25465.9,25391.7,25425.3,778960
1771919100000,25425.1,25449.0,25341.0,25445.0,726635
1771922700000,25445.0,25460.0,25375.0,25422.8,865345
1771926300000,25425.0,25427.2,25415.6,25423.4,439790
1771991100000,25669.8,25792.0,25666.3,25792.0,2032745
1771994700000,25794.0,25817.8,25761.0,25771.0,855205
1771998300000,25771.0,25775.0,25735.0,25755.0,352820
1772001900000,25750.1,25763.5,25581.9,25603.9,1248455
1772005500000,25603.0,25629.2,25571.2,25604.0,525330
1772009100000,25600.6,25645.0,25585.0,25621.0,499785
1772012700000,25628.0,25632.0,25620.0,25625.7,238615
1772077500000,25665.0,25725.0,25636.0,25706.5,1084720
1772081100000,25706.0,25715.0,25626.0,25669.4,394485
1772084700000,25667.5,25718.0,25595.3,25602.3,544570
1772088300000,25600.0,25612.4,25550.0,25569.2,591825
1772091900000,25564.0,25594.1,25538.0,25591.0,343655
1772095500000,25590.3,25665.0,25565.0,25630.0,675350
1772099100000,25633.0,25641.9,25626.1,25635.0,265590
1772163900000,25580.0,25580.0,25450.0,25460.0,1637870
1772167500000,25459.3,25487.9,25418.0,25477.5,698750
1772171100000,25478.5,25485.0,25407.0,25423.5,555490
1772174700000,25423.4,25444.4,25401.0,25425.0,365625
1772178300000,25425.5,25487.0,25420.9,25456.5,597155
1772181900000,25457.8,25467.2,25286.1,25319.6,1476280
1772185500000,25320.3,25350.0,25320.1,25335.5,640120
1772423100000,25070.0,25151.0,24972.0,25030.1,3187470
1772426700000,25030.8,25040.4,24962.0,24990.0,714480
1772430300000,24987.4,24996.7,24882.4,24884.2,763360
1772433900000,24881.0,24895.3,24826.0,24837.3,864110
1772437500000,24840.6,24937.9,24743.4,24920.0,1175525
1772441100000,24927.9,25014.8,24857.3,25002.8,1701505
1772444700000,25002.9,25014.0,24952.0,24988.0,700440
1772595900000,24480.0,24557.2,24427.0,24537.0,4509440
1772599500000,24537.1,24577.0,24487.2,24551.0,1350505
1772603100000,24550.0,24557.0,24466.1,24491.0,595335
1772606700000,24498.0,24579.8,24470.0,24575.0,544765
1772610300000,24579.8,24666.0,24522.7,24660.0,1263340
1772613900000,24660.0,24700.0,24561.5,24573.9,1783665
1772617500000,24568.0,24584.8,24555.6,24578.3,448825
1772682300000,24661.0,24748.0,24625.0,24691.8,1812265
1772685900000,24684.0,24760.0,24634.0,24735.0,807690
1772689500000,24734.0,24755.0,24651.1,24705.0,543660
1772693100000,24705.0,24758.1,24682.1,24733.0,446095
1772696700000,24733.0,24755.0,24630.6,24641.1,605540
1772700300000,24641.1,24970.5,24631.0,24813.0,2909270
1772703900000,24813.0,24851.9,24805.0,24831.0,496860
1772768700000,24712.0,24777.0,24672.3,24749.3,1397370
1772772300000,24746.7,24767.1,24665.4,24716.0,611130
1772775900000,24717.2,24745.1,24685.3,24706.5,311155
1772779500000,24706.5,24722.5,24672.0,24701.0,299455
1772783100000,24697.0,24725.0,24642.0,24680.2,628680
1772786700000,24680.3,24720.0,24500.0,24535.8,1869400
1772790300000,24540.3,24569.8,24505.5,24560.2,725465
1773027900000,23920.0,24054.7,23804.0,23896.5,4530630
1773031500000,23891.2,23998.9,23835.0,23915.1,1557465
1773035100000,23919.8,24035.0,23884.0,23940.1,857480
1773038700000,23945.0,24004.2,23922.2,23959.7,534885
1773042300000,23958.0,24053.1,23948.0,23981.7,900055
1773045900000,23989.5,24204.7,23961.0,24155.0,2195570
1773049500000,24147.4,24166.7,24082.2,24092.0,815035
1773114300000,24275.0,24300.0,24158.9,24238.6,1954680
1773117900000,24234.0,24320.0,24232.2,24306.9,956410
1773121500000,24313.0,24342.9,24257.0,24257.0,658645
1773125100000,24257.0,24335.0,24222.0,24310.0,708565
1773128700000,24310.0,24393.0,24287.0,24379.8,815815
1773132300000,24379.8,24404.6,24303.0,24388.6,1308385
1773135900000,24391.3,24419.6,24390.0,24405.1,623025
1773200700000,24358.1,24375.0,24192.2,24205.0,2011880
1773204300000,24204.3,24227.1,24131.0,24155.0,1126515
1773207900000,24150.8,24154.7,24047.5,24097.3,1301625
1773211500000,24101.0,24110.5,23995.5,24010.2,912210
1773215100000,24007.0,24081.9,23983.0,24020.8,713050
1773218700000,24020.7,24055.0,23923.0,23932.0,1161940
1773222300000,23934.4,23954.4,23912.0,23918.0,718965
1773287100000,23748.0,23785.8,23640.0,23687.8,2544230
1773290700000,23688.8,23855.0,23668.4,23818.9,1318395
1773294300000,23818.9,23834.0,23735.7,23823.8,804505
1773297900000,23823.8,23840.0,23726.3,23790.0,578045
1773301500000,23784.3,23925.0,23772.5,23821.7,1388075
1773305100000,23830.0,23845.0,23682.0,23735.3,1355380
1773308700000,23735.0,23743.2,23712.4,23725.0,804765
1773373500000,23497.0,23570.1,23402.1,23420.0,2728245
1773377100000,23423.2,23467.2,23391.3,23407.0,1091935
1773380700000,23407.0,23496.1,23387.2,23407.4,1187095
1773384300000,23412.4,23415.0,23232.0,23232.8,1493830
1773387900000,23234.0,23265.9,23155.1,23255.4,1822860
1773391500000,23255.1,23319.3,23165.0,23198.0,2130895
1773395100000,23198.2,23229.0,23181.1,23225.0,1171625
1773632700000,23277.4,23365.0,23187.0,23215.7,2657005
1773636300000,23215.0,23215.0,23025.0,23171.0,1812785
1773639900000,23175.0,23299.9,23163.6,23232.2,1103700
1773643500000,23232.1,23275.0,23146.7,23185.0,719225
1773647100000,23184.1,23249.0,23160.0,23220.0,552370
1773650700000,23219.8,23534.1,23195.0,23450.5,3756090
1773654300000,23450.0,23455.2,23385.3,23390.0,661180
1773719100000,23485.1,23567.9,23372.6,23550.0,1865760
1773722700000,23555.0,23605.0,23462.2,23493.0,978380
1773726300000,23493.0,23499.2,23373.0,23455.2,844740
1773729900000,23456.2,23559.2,23398.5,23550.1,793715
1773733500000,23556.6,23628.2,23525.0,23616.0,1151865
1773737100000,23616.0,23670.0,23540.9,23630.4,1404195
1773740700000,23624.1,23629.2,23601.0,23613.5,489385
1773805500000,23670.0,23774.0,23648.8,23685.2,2149095
1773809100000,23687.4,23815.4,23683.1,23811.4,973635
1773812700000,23803.9,23850.0,23784.5,23791.4,753675
1773816300000,23791.4,23815.0,23771.1,23811.8,525070
1773819900000,23814.5,23869.0,23802.0,23822.0,870285
1773823500000,23822.0,23875.7,23777.0,23802.3,985140
1773827100000,23800.5,23801.5,23738.0,23775.0,571285
1773891900000,23350.0,23391.4,23225.0,23231.0,3621865
1773895500000,23230.8,23318.0,23201.0,23229.8,716625
1773899100000,23225.0,23276.6,23210.0,23274.0,448825
1773902700000,23273.9,23289.0,23202.0,23205.0,476450
1773906300000,23203.0,23218.7,23083.1,23101.8,1229085
1773909900000,23104.2,23137.9,22940.2,23028.2,1818765
1773913500000,23029.5,23124.9,23011.0,23124.9,1008930
1773978300000,23185.0,23349.9,23185.0,23266.9,2382315
1773981900000,23267.1,23346.5,23228.0,23320.0,725335
1773985500000,23318.9,23378.0,23225.0,23247.9,1151540
1773989100000,23247.5,23280.0,23130.0,23266.2,1475500
1773992700000,23269.1,23308.9,23206.0,23224.5,671385
1773996300000,23224.5,23230.9,23069.1,23135.5,1858545
1773999900000,23137.8,23179.9,23105.1,23143.0,624390
1774237500000,22830.0,22839.9,22581.0,22585.4,2769195
1774241100000,22588.0,22599.9,22515.0,22565.0,1074905
1774244700000,22567.1,22578.0,22513.0,22534.5,493350
1774248300000,22531.5,22560.2,22471.0,22500.0,848575
1774251900000,22501.2,22654.0,22495.0,22611.3,1264055
1774255500000,22610.8,22645.0,22486.3,22519.7,1587560
1774259100000,22525.9,22525.9,22493.0,22496.1,710580
1774323900000,22825.0,22899.0,22676.6,22710.6,2571335
1774327500000,22709.7,22769.6,22617.0,22684.2,1234870
1774331100000,22692.5,22828.1,22673.5,22750.2,1014455
1774334700000,22751.0,23040.0,22740.4,22992.8,2608060
1774338300000,22996.4,23061.0,22945.0,22984.5,1359280
1774341900000,22989.0,23037.9,22864.5,22915.3,1568905
1774345500000,22908.6,22982.7,22883.2,22976.7,479310
1774410300000,23079.0,23308.6,23064.0,23300.1,2417025
1774413900000,23301.7,23434.3,23279.6,23430.0,1663285
1774417500000,23431.9,23439.6,23336.4,23438.2,1159275
1774421100000,23437.4,23455.0,23355.0,23382.0,940680
1774424700000,23382.0,23460.5,23363.7,23392.9,920985
1774428300000,23394.0,23407.1,23292.6,23301.9,1650740
1774431900000,23304.5,23315.0,23271.1,23315.0,515060
1774583100000,23168.5,23168.5,22982.5,22987.3,2344615
1774586700000,22986.9,23045.4,22950.0,22996.6,1238315
1774590300000,22994.6,23002.0,22916.9,22939.6,1145885
1774593900000,22939.6,22977.5,22904.4,22950.0,1103245
1774597500000,22950.0,23011.1,22876.3,22906.0,1712620
1774601100000,22904.7,22910.5,22807.8,22818.1,1976455
1774604700000,22821.3,22822.4,22794.9,22801.7,1214070
1774842300000,22613.0,22709.9,22470.4,22589.7,2298530
1774845900000,22589.1,22594.0,22444.1,22466.0,1004185
1774849500000,22470.7,22603.3,22443.6,22568.0,963755
1774853100000,22567.0,22600.5,22475.4,22498.8,805935
1774856700000,22496.3,22523.4,22420.0,22422.0,845715
1774860300000,22421.9,22440.9,22285.8,22319.3,1437215
1774863900000,22322.0,22335.0,22317.4,22330.0,461045
1775015100000,22860.0,23035.0,22845.0,22964.0,3012750
1775018700000,22966.2,22985.0,22829.0,22868.7,1433445
1775022300000,22872.1,22985.0,22850.0,22980.0,1008930
1775025900000,22978.0,22999.9,22940.0,22999.0,545480
1775029500000,22999.0,23019.0,22752.0,22859.0,1507545
1775033100000,22860.0,22871.0,22732.0,22799.0,843635
1775036700000,22799.0,22828.0,22785.0,22828.0,397605
1775101500000,22480.0,22480.0,22276.7,22316.0,1794130
1775105100000,22316.0,22338.0,22281.0,22307.0,542100
1775108700000,22311.6,22385.0,22277.0,22348.0,687310
1775112300000,22349.0,22490.0,22312.0,22447.0,1064245
1775115900000,22447.0,22719.0,22433.3,22701.8,1504295
1775119500000,22700.0,22810.0,22638.0,22800.0,2316080
1775123100000,22800.0,22824.0,22716.1,22783.2,845390
1775447100000,22776.8,22826.5,22641.8,22740.0,1979510
1775450700000,22745.0,22762.0,22627.0,22649.0,722150
1775454300000,22642.0,22789.0,22635.0,22732.0,596765
1775457900000,22735.0,22965.0,22715.7,22954.0,1414205
1775461500000,22955.0,22999.7,22924.9,22993.6,1158300
1775465100000,22998.9,23089.0,22970.0,23074.3,1184105
1775468700000,23082.0,23085.0,23038.1,23050.2,652210
1775533500000,22900.0,23006.2,22806.0,22984.1,1979055
1775537100000,22986.9,23031.0,22885.0,22910.0,855400
1775540700000,22908.0,23048.9,22902.4,22988.0,861445
1775544300000,22980.0,22999.0,22950.0,22981.6,495495
1775547900000,22986.1,23115.4,22975.0,23060.0,1140425
1775551500000,23060.0,23166.0,23035.0,23138.6,1203865
1775555100000,23138.1,23184.4,23124.8,23165.0,721175
1775619900000,23860.0,23995.0,23830.0,23924.0,3679390
1775623500000,23922.0,24050.0,23905.0,24025.1,1275040
1775627100000,24025.4,24059.6,23980.0,24013.2,693615
1775630700000,24016.1,24036.0,23949.0,24022.6,448045
1775634300000,24023.6,24069.8,24000.0,24008.6,484575
1775637900000,24003.0,24080.0,24003.0,24053.5,744835
1775641500000,24048.6,24090.0,24041.0,24085.0,603135
1775706300000,23955.9,24029.5,23830.0,23905.0,2477150
1775709900000,23904.9,23935.0,23873.8,23915.0,454350
1775713500000,23910.7,23969.3,23870.0,23942.9,452660
1775717100000,23948.0,23959.0,23865.0,23880.0,374270
1775720700000,23875.0,23883.6,23801.0,23820.0,697710
1775724300000,23828.7,23886.9,23750.0,23865.1,904735
1775727900000,23863.6,23872.0,23852.5,23860.3,358020
1775792700000,23934.0,24040.0,23914.1,24038.7,1324830
1775796300000,24046.0,24080.0,24013.3,24055.0,730080
1775799900000,24055.0,24063.0,24000.0,24060.8,488540
1775803500000,24055.1,24080.3,24038.7,24048.3,423345
1775807100000,24050.0,24099.0,24040.0,24062.0,513045
1775810700000,24062.0,24120.0,23985.0,24105.9,1374620
1775814300000,24105.9,24115.0,24092.0,24106.2,520065
1776051900000,23748.5,23749.0,23625.0,23700.0,2066545
1776055500000,23705.0,23789.8,23673.0,23771.8,663650
1776059100000,23772.0,23848.0,23761.3,23848.0,476515
1776062700000,23848.0,23885.0,23807.0,23852.0,551590
1776066300000,23852.2,23935.0,23835.9,23869.8,680290
1776069900000,23867.2,23923.0,23855.0,23877.1,588835
1776073500000,23875.0,23875.0,23839.3,23850.0,380120
1776224700000,24210.0,24315.5,24180.0,24275.0,1917500
1776228300000,24276.7,24299.0,24204.0,24218.1,526240
1776231900000,24212.0,24262.9,24200.4,24256.6,299065
1776235500000,24256.6,24264.2,24216.0,24252.0,259480
1776239100000,24246.6,24260.0,24205.3,24250.1,367250
1776242700000,24247.0,24279.0,24227.8,24239.0,581165
1776246300000,24233.0,24240.0,24220.0,24225.0,246155
1776311100000,24339.7,24390.0,24266.0,24316.0,1472445
1776314700000,24308.0,24330.0,24290.4,24312.0,266565
1776318300000,24312.0,24321.0,24152.5,24192.0,754650
1776321900000,24190.0,24194.4,24120.0,24141.1,491400
1776325500000,24138.0,24195.0,24114.0,24171.0,474175
1776329100000,24172.7,24250.0,24157.9,24186.4,718315
1776332700000,24187.1,24204.9,24176.4,24185.0,277160
1776397500000,24160.0,24279.0,24098.8,24279.0,939900
1776401100000,24280.0,24314.0,24242.0,24281.4,528710
1776404700000,24281.0,24331.4,24270.6,24290.9,357110
1776408300000,24286.5,24304.5,24265.8,24296.0,160355
1776411900000,24304.0,24330.0,24279.2,24311.9,266500
1776415500000,24316.0,24375.0,24310.9,24368.1,721890
1776419100000,24366.7,24390.0,24360.1,24390.0,376935
1776656700000,24427.0,24427.0,24260.4,24375.6,1508065
1776660300000,24376.0,24456.2,24376.0,24412.0,638560
1776663900000,24412.1,24471.4,24412.1,24432.4,360100
1776667500000,24432.4,24490.0,24384.0,24408.0,477880
1776671100000,24408.0,24415.9,24350.0,24373.7,517400
1776674700000,24373.5,24428.0,24355.0,24365.0,434915
1776678300000,24363.0,24363.0,24301.0,24312.0,479960
1776743100000,24366.2,24529.5,24350.0,24514.0,1234155
1776746700000,24515.0,24566.2,24488.0,24555.1,522080
1776750300000,24559.0,24569.0,24515.0,24568.0,260780
1776753900000,24568.0,24580.0,24529.0,24543.0,298285
1776757500000,24544.0,24575.0,24522.3,24545.1,300105
1776761100000,24545.1,24604.0,24537.8,24584.7,598520
1776764700000,24575.0,24591.8,24575.0,24585.2,391235
1776829500000,24470.0,24497.0,24338.0,24353.0,1509365
1776833100000,24350.1,24431.0,24325.0,24410.0,536575
1776836700000,24405.0,24439.7,24371.0,24415.0,241215
1776840300000,24415.0,24428.8,24383.8,24424.0,150280
1776843900000,24424.0,24445.7,24364.0,24398.0,290550
1776847500000,24395.0,24418.0,24362.0,24385.0,310180
1776851100000,24385.0,24394.2,24375.0,24385.0,241410
1776915900000,24155.0,24288.0,24125.0,24250.1,1574560
1776919500000,24247.0,24270.0,24155.0,24170.0,633880
1776923100000,24170.0,24209.0,24160.0,24200.0,506675
1776926700000,24200.0,24213.9,24146.1,24195.5,512590
1776930300000,24195.5,24280.0,24186.2,24190.4,754975
1776933900000,24193.0,24208.0,24140.0,24154.4,795405
1776937500000,24154.3,24168.9,24140.0,24166.0,304590
1777002300000,24195.0,24238.9,23961.0,24012.6,1437735
1777005900000,24006.0,24009.2,23930.5,23934.0,702650
1777009500000,23935.5,23975.0,23916.0,23964.0,621595
1777013100000,23964.0,23964.6,23870.1,23887.5,795730
1777016700000,23887.5,23902.0,23834.7,23869.4,732615
1777020300000,23869.4,23954.0,23860.0,23914.0,901680
1777023900000,23914.0,23947.0,23910.5,23930.0,450710
1777261500000,24052.6,24129.0,24015.0,24082.0,1303705
1777265100000,24083.0,24120.0,24030.0,24067.7,583115
1777268700000,24067.7,24099.0,23980.2,24050.1,825760
1777272300000,24052.6,24110.0,24041.0,24108.0,1002235
1777275900000,24110.1,24140.0,24100.0,24134.5,1159925
1777279500000,24134.5,24139.9,24085.0,24130.0,1252550
1777283100000,24125.0,24134.3,24111.5,24130.0,334425
1777347900000,24050.0,24169.9,23981.3,24141.8,1072955
1777351500000,24147.0,24179.0,24121.0,24144.8,634270
1777355100000,24150.0,24150.0,24025.1,24049.8,539695
1777358700000,24049.1,24059.3,23990.6,24020.0,322140
1777362300000,24020.0,24054.4,23965.0,23990.0,335270
1777365900000,23986.0,24046.5,23971.0,23979.9,514995
1777369500000,23977.1,23997.9,23976.0,23994.1,178425
1777434300000,24139.9,24350.0,24125.0,24350.0,1510080
1777437900000,24350.0,24415.0,24347.7,24396.1,1027845
1777441500000,24410.0,24432.9,24372.5,24415.0,535340
1777445100000,24412.0,24450.0,24410.4,24420.5,373425
1777448700000,24420.5,24437.4,24274.9,24300.0,1019785
1777452300000,24296.0,24315.0,24259.0,24260.0,680485
1777455900000,24260.0,24265.0,24225.0,24232.0,474045
1777520700000,24063.0,24087.2,23881.0,23885.0,2149550
1777524300000,23883.0,23920.0,23855.0,23864.2,672945
1777527900000,23860.5,23969.9,23851.0,23969.9,465595
1777531500000,23965.4,24025.9,23941.0,24023.0,514995
1777535100000,24018.0,24130.0,24002.5,24096.8,848705
1777538700000,24085.4,24149.5,24050.0,24084.7,1078090
1777542300000,24088.7,24140.9,24078.0,24136.0,451165
1777866300000,24234.9,24381.3,24230.0,24260.0,1603550
1777869900000,24255.8,24337.7,24223.2,24325.0,500305
1777873500000,24326.9,24337.7,24198.0,24198.7,403455
1777877100000,24196.8,24242.6,24160.1,24190.9,661310
1777880700000,24190.9,24200.0,24072.0,24185.0,802620
1777884300000,24197.0,24231.0,24154.0,24210.6,503815
1777887900000,24216.0,24225.0,24188.0,24190.0,290160
1777952700000,24088.0,24117.9,24005.0,24036.2,1177735
1777956300000,24035.0,24055.0,23975.0,23994.2,725790
1777959900000,23991.0,24019.0,23937.0,24006.3,647140
1777963500000,24006.9,24148.0,23986.2,24126.5,714675
1777967100000,24130.5,24145.0,24065.1,24077.4,286715
1777970700000,24075.4,24119.8,24064.1,24109.0,365690
1777974300000,24108.2,24133.9,24107.9,24129.4,235690
1778039100000,24280.0,24313.0,24172.0,24219.7,1091155
1778042700000,24221.0,24235.0,24141.0,24162.0,372905
1778046300000,24161.0,24199.1,24138.0,24148.0,313170
1778049900000,24145.0,24146.5,24056.0,24109.3,693680
1778053500000,24109.5,24228.1,24105.0,24228.0,696540
1778057100000,24228.2,24470.0,24228.2,24446.8,2821845
1778060700000,24448.8,24468.3,24430.0,24466.8,459940
1778125500000,24470.0,24470.0,24347.0,24369.8,1049555
1778129100000,24369.8,24425.0,24353.0,24363.4,334620
1778132700000,24360.0,24410.0,24318.0,24410.0,460395
1778136300000,24410.0,24535.0,24358.3,24426.2,1344655
1778139900000,24426.2,24444.0,24365.0,24409.0,399620
1778143500000,24404.2,24425.0,24342.0,24376.8,413790
1778147100000,24377.0,24410.5,24377.0,24405.0,334295
1778211900000,24275.0,24285.0,24181.0,24258.6,1583335
1778215500000,24259.0,24294.8,24214.1,24278.0,354965
1778219100000,24278.0,24289.9,24216.0,24225.0,197730
1778222700000,24225.0,24245.1,24185.0,24203.0,387725
1778226300000,24203.0,24254.0,24160.0,24190.0,468325
1778229900000,24190.0,24289.0,24185.0,24240.0,529165
1778233500000,24239.9,24263.8,24222.0,24228.7,349245
1778471100000,24029.6,24029.6,23891.0,23923.6,1936480
1778474700000,23916.0,23964.7,23871.0,23940.1,630110
1778478300000,23949.9,23990.0,23940.0,23975.0,297375
1778481900000,23977.0,23996.0,23925.1,23984.6,251550
1778485500000,23984.6,24043.0,23970.1,23975.2,470600
1778489100000,23975.0,23985.0,23850.7,23860.0,743600
1778492700000,23859.5,23875.0,23850.0,23860.0,385970
1778557500000,23750.0,23778.5,23644.0,23675.0,1230255
1778561100000,23676.2,23703.1,23610.0,23620.0,532675
1778564700000,23618.1,23652.9,23578.1,23586.0,471640
1778568300000,23586.0,23614.9,23541.0,23580.0,702455
1778571900000,23582.0,23606.0,23483.9,23491.6,836355
1778575500000,23492.0,23537.6,23393.4,23408.0,1325675
1778579100000,23405.0,23472.4,23405.0,23470.0,650585
1778643900000,23469.0,23525.0,23320.0,23448.0,1382485
1778647500000,23445.9,23530.1,23410.0,23450.0,581945
1778651100000,23450.0,23555.0,23440.0,23543.9,497055
1778654700000,23543.9,23629.6,23450.0,23565.0,853580
1778658300000,23572.4,23575.0,23500.3,23548.0,486070
1778661900000,23559.0,23559.9,23431.3,23482.3,571285
1778665500000,23475.0,23482.6,23445.8,23481.0,410150
1778730300000,23549.0,23615.5,23469.0,23520.0,1099085
1778733900000,23520.0,23560.0,23431.3,23475.0,494455
1778737500000,23478.9,23720.0,23475.0,23680.0,1708720
1778741100000,23683.0,23774.8,23682.5,23731.6,746785
1778744700000,23731.0,23796.9,23725.0,23765.9,576420
1778748300000,23765.0,23797.3,23672.0,23688.9,649025
1778751900000,23697.0,23739.0,23685.0,23739.0,263315
1778816700000,23780.0,23854.5,23680.5,23800.0,1464840
1778820300000,23800.0,23849.0,23723.0,23730.1,711360
1778823900000,23731.0,23774.0,23655.9,23745.0,763230
1778827500000,23745.0,23801.4,23712.0,23798.0,400205
1778831100000,23796.2,23798.0,23690.6,23721.1,440115
1778834700000,23717.1,23725.0,23585.3,23637.5,999115
1778838300000,23636.5,23675.0,23604.6,23658.0,363870
1779075900000,23525.7,23525.7,23342.1,23387.0,1408420
1779079500000,23390.0,23480.0,23364.6,23469.9,703560
1779083100000,23462.8,23570.0,23458.2,23519.8,769730
1779086700000,23525.0,23668.0,23511.6,23608.3,1082120
1779090300000,23616.5,23664.5,23585.6,23612.1,387595
1779093900000,23614.1,23712.7,23577.1,23635.0,843505
1779097500000,23631.0,23665.7,23615.0,23659.0,285480
1779162300000,23670.0,23761.0,23635.1,23745.7,1191450
1779165900000,23736.7,23777.0,23704.7,23704.7,468065
1779169500000,23701.6,23765.0,23682.5,23740.0,247975
1779173100000,23740.0,23749.1,23705.0,23710.0,140400
1779176700000,23710.0,23748.6,23670.9,23718.0,394615
1779180300000,23718.0,23736.6,23605.6,23620.0,488800
1779183900000,23618.0,23620.1,23576.5,23605.0,392990
1779248700000,23450.0,23536.0,23386.6,23485.0,975585
1779252300000,23490.5,23575.0,23455.1,23552.3,505830
1779255900000,23553.0,23647.6,23545.9,23567.0,619515
1779259500000,23568.5,23614.9,23563.1,23591.9,237510
1779263100000,23586.0,23664.9,23542.0,23653.3,455065
1779266700000,23654.2,23694.6,23639.3,23679.0,471185
1779270300000,23674.0,23700.0,23652.0,23695.0,274235
1779335100000,23800.0,23837.3,23715.0,23760.0,1356225
1779338700000,23763.0,23780.0,23678.0,23678.0,472810
1779342300000,23677.0,23734.0,23610.6,23672.6,581425
1779345900000,23672.6,23700.0,23550.0,23603.0,1000675
1779349500000,23603.0,23669.8,23581.8,23618.0,576420
1779353100000,23614.7,23675.5,23604.8,23625.0,613925
1779356700000,23626.0,23637.2,23615.0,23635.0,406900
1779421500000,23675.1,23810.0,23675.1,23799.5,1752140
1779425100000,23805.0,23818.8,23768.2,23780.0,574795
1779428700000,23780.0,23844.3,23750.8,23802.0,830830
1779432300000,23805.1,23849.0,23761.0,23820.3,625625
1779435900000,23824.0,23839.2,23746.4,23785.0,706745
1779439500000,23781.4,23785.6,23695.2,23739.7,969215
1779443100000,23734.0,23788.6,23734.0,23780.0,309400
1779680700000,23910.0,24000.0,23910.0,23970.0,1408875
1779684300000,23974.8,24007.6,23967.9,24000.0,715845
1779687900000,24000.0,24008.0,23970.0,23970.6,490100
1779691500000,23971.0,23999.0,23937.2,23985.0,555295
1779695100000,23981.0,24002.1,23970.0,23972.0,460720
1779698700000,23972.0,24064.8,23967.8,24060.1,844870
1779702300000,24062.8,24119.8,24046.0,24115.0,397670
1779767100000,24018.7,24084.3,23971.9,24061.6,796770
1779770700000,24063.9,24084.0,24044.0,24067.0,438425
1779774300000,24069.0,24071.0,24010.0,24025.0,311805
1779777900000,24019.0,24042.0,23972.0,23972.0,380835
1779781500000,23972.0,23996.0,23906.0,23924.0,552825
1779785100000,23924.0,23941.7,23880.0,23914.9,608530
1779788700000,23910.9,23919.9,23910.0,23911.2,190190
1779853500000,23900.0,24014.9,23900.0,24010.0,949130
1779857100000,24010.0,24044.0,23980.0,24019.0,376870
1779860700000,24024.0,24045.0,23967.2,23975.0,276640
1779864300000,23975.1,23998.9,23944.2,23944.6,220285
1779867900000,23950.0,23987.3,23937.0,23955.4,260130
1779871500000,23963.0,23981.5,23920.0,23971.8,421005
1779875100000,23973.9,24023.1,23973.7,24001.0,379795
1780026300000,23970.1,24055.6,23957.1,24044.6,1317095
1780029900000,24044.0,24065.1,23975.0,24000.0,966875
1780033500000,24000.0,24035.0,23922.0,23930.0,729950
1780037100000,23925.0,23957.0,23852.1,23852.1,694590
1780040700000,23851.2,23877.0,23805.7,23815.6,1515865
1780044300000,23812.2,23879.0,23711.1,23745.2,1605760
1780047900000,23745.8,23795.0,23716.1,23744.4,1883960
1780285500000,23737.7,23779.0,23601.7,23616.9,1336855
1780289100000,23616.0,23679.0,23581.0,23674.0,631085
1780292700000,23677.4,23692.5,23550.0,23585.2,627705
1780296300000,23590.0,23599.0,23510.0,23515.5,450125
1780299900000,23524.2,23568.0,23474.5,23477.6,610155
1780303500000,23477.2,23506.6,23436.0,23466.1,755950
1780307100000,23467.5,23484.0,23444.9,23459.9,452725
1780371900000,23286.0,23400.0,23286.0,23360.0,1374945
1780375500000,23358.6,23450.0,23348.0,23398.9,533975
1780379100000,23395.0,23445.0,23360.0,23360.0,368225
1780382700000,23359.2,23599.0,23358.7,23580.0,1499875
1780386300000,23588.0,23645.6,23568.8,23627.1,592345
1780389900000,23627.1,23650.0,23516.0,23609.0,1126190
1780393500000,23608.0,23628.0,23600.0,23605.8,244725
1780458300000,23511.0,23511.0,23283.0,23298.4,2357810
1780461900000,23298.2,23340.0,23257.0,23265.0,626405
1780465500000,23262.0,23308.0,23212.0,23246.0,501670
1780469100000,23249.0,23436.9,23232.6,23380.2,2016625
1780472700000,23387.0,23532.6,23382.5,23502.0,1295320
1780476300000,23500.0,23580.0,23486.0,23508.8,1342965
1780479900000,23508.7,23520.0,23488.5,23489.6,335270
1780544700000,23367.9,23509.0,23326.0,23490.0,1012115
1780548300000,23490.6,23515.0,23436.0,23463.5,348530
1780551900000,23463.4,23525.0,23412.6,23508.2,359580
1780555500000,23507.2,23509.0,23381.0,23381.0,488800
1780559100000,23380.0,23494.0,23359.2,23472.0,478465
1780562700000,23479.7,23543.8,23455.0,23505.0,1274650
1780566300000,23500.0,23540.0,23495.0,23527.0,299975
1780631100000,23554.9,23590.0,23490.0,23540.0,818350
1780634700000,23542.8,23576.4,23391.1,23530.0,1447940
1780638300000,23530.0,23532.0,23460.0,23503.5,495365
1780641900000,23503.3,23526.8,23409.0,23409.0,488410
1780645500000,23408.5,23434.9,23350.0,23397.7,657215
1780649100000,23390.0,23513.0,23370.0,23450.1,791505
1780652700000,23450.1,23473.3,23434.0,23440.0,355420
1780890300000,23212.0,23272.2,23166.0,23235.3,1572480
1780893900000,23240.0,23285.0,23225.0,23246.6,273390
1780897500000,23247.0,23295.5,23231.0,23272.7,358475
1780901100000,23272.8,23353.6,23265.0,23288.1,535145
1780904700000,23288.0,23309.0,23209.0,23210.0,550095
1780908300000,23210.0,23250.0,23160.0,23197.5,1019785
1780911900000,23197.5,23198.0,23142.9,23147.9,551070
1780976700000,23235.0,23290.0,23220.0,23229.0,911105
1780980300000,23226.0,23237.6,23162.3,23188.9,546780
1780983900000,23185.0,23245.0,23145.0,23232.0,673725
1780987500000,23233.0,23270.0,23212.4,23259.4,335140
1780991100000,23257.0,23269.9,23225.0,23259.0,229125
1780994700000,23259.9,23343.4,23241.0,23331.9,689910
1780998300000,23332.5,23349.0,23321.9,23347.0,422240
1781063100000,23287.7,23411.9,23236.1,23344.0,964665
1781066700000,23344.0,23419.9,23327.0,23401.0,336050
1781070300000,23403.0,23444.0,23385.0,23431.9,357305
1781073900000,23432.0,23456.0,23352.7,23435.0,341380
1781077500000,23439.0,23440.0,23330.0,23335.0,339820
1781081100000,23330.0,23350.0,23222.6,23235.4,815230
1781084700000,23225.0,23250.0,23221.0,23236.0,305695
1781149500000,23139.0,23189.0,23105.0,23171.5,928590
1781153100000,23174.6,23226.8,23162.0,23206.0,411320
1781156700000,23206.0,23318.0,23196.9,23299.0,565110
1781160300000,23299.8,23363.9,23290.0,23291.7,605150
1781163900000,23291.0,23303.0,23242.3,23259.0,422045
1781167500000,23259.0,23291.1,23166.3,23207.7,757055
1781171100000,23205.1,23230.0,23192.6,23227.9,296530
1781235900000,23452.0,23475.0,23370.0,23383.1,1677585
1781239500000,23383.1,23408.8,23361.6,23406.0,311610
1781243100000,23407.9,23420.0,23369.0,23373.0,290355
1781246700000,23370.0,23397.0,23335.0,23374.9,453505
1781250300000,23372.3,23588.9,23360.0,23587.6,1820130
1781253900000,23584.2,23716.0,23575.0,23687.0,1949480
1781257500000,23682.0,23719.0,23666.9,23714.9,626210
